3780  4  0
    0     164   167   172   159
    1    1177  1121  1119  1067
    2     742   796   797   752
    3     785   326   508   786
    4     285   229   293   286
    5    1009  1222  1224  1008
    6     732   940   955   954
    7     378   326   377   374
    8     661   415   647   424
    9     692   920   919   926
   10     939   729   940  1038
   11     143   150   144   246
   12      40    35   149   143
   13     202    99    36   269
   14    1212  1209  1172  1230
   15    1217  1116  1179  1177
   16     582   882   586   585
   17      48   105   206    49
   18      28   105   206    33
   19      32   202    75    72
   20     158   156   131   236
   21    1008  1222  1224  1184
   22     982   985   976   979
   23     860   586   872   866
   24    1204  1203  1205  1142
   25     484   471   367   710
   26    1087   956  1042  1043
   27     542   545   539   838
   28    1200  1188  1189  1192
   29     144   246   248   142
   30     655   637   635   653
   31    1036  1076   956   940
   32     610   608   840   326
   33     326   395   784   505
   34     598   595   572   597
   35     601   887   870   879
   36    1018  1026  1017   654
   37     281   115   224   268
   38     613  1006  1034   902
   39     845   842   846   586
   40     873   507   571   574
   41    1163  1107  1164  1161
   42     654   910   626   628
   43     821   832   759   823
   44     197    91    93   199
   45     571   873   574   871
   46       5     0    15     6
   47    1163  1168  1108  1107
   48    1088  1087  1043  1129
   49     253   153   151   187
   50    1032   662  1019  1030
   51     732   781   955   782
   52    1114  1120  1066  1026
   53     902  1006  1034  1032
   54     952   950   951  1085
   55     402   339   281   335
   56     571   568   382   381
   57     484   470   367   471
   58     145   142   248   135
   59     672   677   678   684
   60    1026  1114  1018  1066
   61     392   606   321   605
   62     368   292   364   291
   63    1104  1006  1007  1054
   64     231   287   300   247
   65    1023  1026  1018   654
   66     673   662   629  1019
   67     643   653   909   655
   68      31   105    33   207
   69     393   322   324   267
   70     214   339   281   402
   71     649   646   648   641
   72     410   412   411   414
   73     671   657   667   659
   74     264   267   268   324
   75     527   751   755   808
   76     899  1056  1007  1004
   77     288   367   486   365
   78       2    21    11     7
   79     635   641   643   652
   80      87    86   180   183
   81     649   916   651   660
   82     224   357   341   281
   83     416   647   415   646
   84     141   137    83   133
   85      53    44    51    92
   86     677   459   684   446
   87     321   263   266   265
   88     662   910   654   655
   89     264   322   324   335
   90      38    41   149   154
   91     652   655   909   653
   92    1225  1047   618   617
   93     508   326   507   386
   94    1180  1122  1066  1178
   95     460   457   449   463
   96      31   102    26   105
   97     635   646   650   633
   98     134   139   133    79
   99     732   729   940   731
  100     249   204   305   302
  101     696   685   719   686
  102     485   366   486   727
  103     960   875   958   326
  104      74    78    36   269
  105      25    98    30    99
  106     233   314   255   254
  107      98    42    11    12
  108     814   969   807   946
  109     894  1003   877   898
  110     586   557   850   553
  111     867   586   872   860
  112     650   634   342   653
  113     577   882   880   844
  114     246   150   179   178
  115     655   910   635   637
  116     729   731   732   936
  117     105   102    43    97
  118     655   662   350   653
  119     114   218   220   119
  120     652   653   909   643
  121     350   653   342   333
  122     650   653   342   350
  123     151   143   149   185
  124     659   644   657   642
  125     105   102    26    12
  126     650   222   342   220
  127     649   642   636   641
  128     583   587   544   552
  129    1042  1088  1041  1040
  130     836   326   784   505
  131     446   672   684   677
  132      49    28   206    56
  133     655   335   350   357
  134     627   653   634   633
  135      32   202    36    75
  136     671   657   665   667
  137     442   672   677   664
  138     196   157   158   236
  139     214   115   222   281
  140     339   634   334   627
  141     402   215   220   214
  142     281   324   224   357
  143      28    26    49   105
  144     364   292   284   291
  145     828   833   537   538
  146     562   586   560   559
  147     388   387   290   487
  148     732   712   940   729
  149     363   325   361   283
  150     556   552   551   589
  151     141   133    83   136
  152      98    31    30   203
  153      79   139   133   132
  154     297   242   294   295
  155     250   184   251   143
  156     382   308   309   326
  157      92    44    46    94
  158     207   308   205   326
  159     477   456   440   478
  160     661   657   656   642
  161    1046   615  1045   973
  162     207   308   250   205
  163    1114  1171  1066  1178
  164     441   443   447   430
  165     189   256   190   193
  166     586   589   551   587
  167     673   662   357   655
  168      74    37   302   204
  169      39    38   154    80
  170      83   137   159   132
  171     448   457   449   458
  172    1126  1044  1087  1186
  173     176   173   163   166
  174     199   200    93   197
  175     135    37   302    74
  176     869   559   558   871
  177     288   365   486   473
  178     466   480   464   700
  179    1128  1188  1196  1187
  180    1134  1139  1135  1196
  181     287   230   303   288
  182     872   887   874   586
  183     852   586   851   847
  184     204   269    36    99
  185    1145  1091  1090  1146
  186    1186  1127  1087  1126
  187     786   510   398   508
  188     557   555   553   586
  189     882   577   880   585
  190    1013   905   904  1015
  191    1046  1191  1045  1227
  192     832   818   823   821
  193     167   169   172   162
  194     911   910   628   637
  195     287   370   303   301
  196     205   203   250    35
  197     724   728   713   711
  198    1009   614  1224   615
  199     246   143   249   142
  200     782   610   840   955
  201     783   838   379   506
  202     586   847   846   849
  203     998   888   889   978
  204     431   442   677   446
  205     326   310   385   384
  206      87    86   147   180
  207     486   370   373   288
  208      83    82   160   141
  209     657   659   658   644
  210    1087  1076  1042   956
  211     939  1038   940  1076
  212     678   684   683   672
  213     559   586   570   563
  214     656   423   661   429
  215     460   449   464   463
  216     443   448   445   447
  217     649   642   647   636
  218     222   113   220   121
  219     460   449   458   448
  220     717   466   720   701
  221      68    17    22    59
  222    1185  1048  1225  1096
  223    1164  1109  1059  1163
  224     949  1083   948  1085
  225     712   610  1036   689
  226    1226   615  1227   616
  227     943  1037   690   714
  228     543   586   545   544
  229     548   586   850   549
  230     680   667   665   670
  231     375   325   503   363
  232     535   492   532   531
  233     179   145   248   245
  234     800   524   795   527
  235     937   744   742   748
  236     449   688   679   684
  237     780   941   954   953
  238    1085   950  1084  1086
  239     568   563   570   567
  240     841   839   856   836
  241     937   744   797   742
  242     954   732   734   781
  243     234   291   290   284
  244     617  1010  1226   616
  245     967   793   964   965
  246    1046  1092  1045  1191
  247    1129  1044  1045  1186
  248     739   738   737   944
  249     505   395   784   503
  250     845   554   542   557
  251     815   520   525   523
  252     845   582   586   850
  253    1087  1044  1043  1129
  254     689   608   712   610
  255     486   710   711   727
  256     687   670   682   669
  257     502   325   503   375
  258    1153  1200  1193  1194
  259    1081  1075  1074  1134
  260    1187  1188  1196  1199
  261    1200  1199  1196  1188
  262     567   586   570   566
  263    1089  1088  1041  1042
  264     948   949   951   775
  265    1143  1141  1137  1198
  266    1200  1201  1189  1197
  267     782   712   955   732
  268    1133  1080  1078  1132
  269     573   566   570   586
  270     576   580   543   546
  271    1191  1092  1045  1091
  272     581   880   577   585
  273     191   192   195   256
  274    1210  1230  1172  1220
  275    1132  1080  1078  1079
  276     492   758   824   773
  277    1113   904  1064  1063
  278     943   736   690   961
  279     908   907  1014   906
  280     894   586   895   861
  281     732   954   955   781
  282    1057  1106  1158  1103
  283    1103  1106  1160  1105
  284     188   192    87   191
  285    1018   654   911  1023
  286     345   355   349   352
  287    1009  1010  1226  1231
  288     693   928   663   676
  289    1214  1211  1228  1229
  290     185   150   151   143
  291     866   586   872   871
  292     415   421   411   410
  293    1169  1012  1221  1113
  294     568   563   558   571
  295    1130  1199  1195  1193
  296     829   826   822   823
  297     790   792   517   791
  298     904  1125  1123  1033
  299    1005  1006   901   902
  300     716   440   744   676
  301     790   738   391   794
  302     759   758   773   822
  303     772   822   819   773
  304     551   552   544   587
  305     346   433   417   349
  306     872   879   874   887
  307     374   326   376   270
  308      61   202    72   125
  309       7    21    10    16
  310     111    57   208   271
  311     509   571   507   380
  312      57    49   206    56
  313     830   818   819   760
  314     277   278   331   276
  315     382   381   507   571
  316     515   517   316   516
  317     597   600   572   598
  318     587   589   551   552
  319    1135  1138  1085  1136
  320     878   879   872   887
  321     588   552   583   547
  322      68    59    22    58
  323     561   591   593   592
  324     390   389   313   388
  325     374   302   305   204
  326      98   203    30   204
  327     969   814   807   816
  328     534   820   526   531
  329     828   827   833   826
  330     234   128   232   131
  331     368   391   315   514
  332     388   312   290   387
  333      10    14    18    62
  334    1071  1185  1077  1072
  335     233   254   234   289
  336     590   552   587   588
  337    1168  1209  1009  1159
  338    1194  1151  1208  1157
  339    1098   968  1101  1102
  340     206    34   274   271
  341     958   960   611   961
  342     690   787   611   961
  343     382   326   309   310
  344     144   142   248   145
  345     530   820   526   534
  346     599   601   597   600
  347     179   246   248   144
  348     770   822   819   772
  349     133   132    77    79
  350     140   136    40   142
  351     313   289   290   234
  352    1229  1211  1216  1218
  353     742   752   797   748
  354     756   456   694   752
  355     691   690   611  1035
  356       3     0    15     5
  357     716   926   693   743
  358      33    26    28   105
  359     800   795   753   798
  360      16     2    15     0
  361     439   453   440   451
  362     750   474   489   477
  363     127    78   269    75
  364      75   269    36    78
  365     307   205   250   308
  366    1222  1184  1008  1182
  367     425   435   433   437
  368     744   740   742   748
  369     225   126   223   275
  370     108   109   211   110
  371    1185  1048   618  1225
  372     823   826   822   821
  373     573   601   597   599
  374     280   329   279   332
  375    1165  1163  1166  1109
  376     944   968  1079  1039
  377      62    18    10    23
  378     107   106   109   103
  379     100    47    52    55
  380     915   432   674   434
  381     102    31    98   203
  382     154    80   232    39
  383      60   202    45    99
  384      37   135    77    79
  385     268   125   202   115
  386     117   343   282   217
  387      13    63    65    67
  388     236   156   235   157
  389     390   389   314   313
  390     257   320   258   315
  391     290   284   362   227
  392     128   311   232    76
  393     364   737   488   736
  394    1114  1178  1066  1120
  395    1158  1168  1107  1159
  396     348   349   356   355
  397     964   967  1098   968
  398    1064  1181  1123   904
  399     328   330   331   278
  400     326   381   507   382
  401    1008  1172  1009  1222
  402       4     1     8    16
  403     352   345   351   347
  404     386   510   396   387
  405     905  1015  1013   908
  406    1036   712   955   610
  407    1013  1112  1062  1063
  408     821   830   759   832
  409     960   326   612   995
  410    1098   967  1101   968
  411    1067  1174  1177  1116
  412     961   736   690   787
  413     362   510   396   398
  414    1104  1057  1008  1159
  415    1171  1178  1176  1218
  416     225   227   396   358
  417     217   343   282   344
  418     624   619   903   625
  419     531   534   532   526
  420    1162  1163  1165  1109
  421     809   801   810   804
  422     625  1027  1016   630
  423    1010  1209  1011  1231
  424     910   335   627   655
  425     433   417   426   437
  426     300   230   304   303
  427     900  1056   899  1004
  428     714   736   690   943
  429    1130  1199  1193  1190
  430    1191  1093  1047  1092
  431    1108  1010  1009  1168
  432    1122  1120  1066  1178
  433    1026  1120  1066  1122
  434    1212  1230  1172  1210
  435     722   933   699   698
  436     268   202   201   198
  437    1107  1158  1163  1168
  438    1005  1004   603   901
  439     655   653   350   335
  440     901  1004  1007  1005
  441     605   899   602   604
  442     628   637   626   627
  443    1032  1030  1019  1065
  444     901  1005  1007  1006
  445    1170  1178  1066  1171
  446    1216  1229  1228  1211
  447    1026  1118  1023  1114
  448    1164  1163  1108  1107
  449     708   713   711   724
  450    1126   614  1224  1184
  451    1226  1222  1224  1009
  452    1159  1057  1008  1107
  453    1218  1180  1170  1178
  454    1164  1161  1162  1163
  455     669   677   678   672
  456     616   617  1227  1226
  457    1186   615  1227  1226
  458    1164  1163  1162  1109
  459    1170  1218  1171  1211
  460     727   710   724   723
  461     687   931   697   930
  462    1122  1124  1065  1030
  463    1231  1230  1172  1209
  464    1178  1120  1114  1118
  465    1220  1230  1172  1222
  466     222   214   220   113
  467    1216  1211  1171  1218
  468    1048   995   618  1047
  469    1180  1178  1066  1170
  470    1068  1022  1119  1117
  471    1213  1214  1228  1229
  472     904  1013  1063  1112
  473     419   430   428   422
  474     661   657   668   656
  475    1219  1113  1179  1116
  476    1210  1218  1170  1211
  477    1010  1209  1009  1168
  478     201   263   197   200
  479    1222  1230  1172  1231
  480    1161  1158  1163  1107
  481    1169  1212  1173  1230
  482    1023  1114  1018  1026
  483    1218  1216  1176  1171
  484    1214  1229  1210  1211
  485    1212  1229  1210  1214
  486    1053  1004  1007  1056
  487    1178  1218  1171  1170
  488    1170  1180  1065  1066
  489    1230  1229  1210  1212
  490    1218  1230  1210  1220
  491    1180  1182  1065  1122
  492    1229  1230  1210  1218
  493    1218  1211  1210  1229
  494    1158  1106  1160  1103
  495    1220  1218  1170  1210
  496    1220  1180  1170  1218
  497    1017  1030  1019   662
  498    1053  1056  1055  1004
  499    1178  1118  1114  1176
  500    1176  1171  1114  1178
  501    1026  1118  1114  1120
  502     463   688   464   700
  503    1122  1030  1065  1066
  504    1182  1184  1008  1006
  505    1122  1030  1066  1026
  506    1106  1057  1007  1103
  507    1180  1122  1065  1066
  508    1161  1158  1107  1057
  509    1182  1124  1065  1122
  510    1182  1006  1065  1124
  511    1030  1124  1065  1032
  512    1032  1124  1065  1006
  513     603  1004   602   901
  514    1161  1106  1160  1158
  515    1158  1161  1163  1160
  516    1103  1053  1007  1056
  517    1158  1057  1161  1106
  518    1159  1057  1107  1158
  519    1172  1104  1008  1159
  520    1104  1006  1008  1057
  521     612  1048   618  1185
  522    1057  1103  1158  1159
  523     615   614  1224  1186
  524    1115  1006  1104  1054
  525    1057  1103  1159  1104
  526    1206  1149  1154  1150
  527    1105  1056  1103  1106
  528    1105  1055  1103  1056
  529    1053  1056  1103  1055
  530    1170  1210  1115  1220
  531    1172  1220  1115  1210
  532    1065  1182  1115  1006
  533    1065  1180  1115  1182
  534    1170  1180  1115  1065
  535    1170  1220  1115  1180
  536    1222  1182  1115  1180
  537    1065  1006  1115  1054
  538    1054  1004  1007  1053
  539    1172  1222  1115  1220
  540    1180  1220  1115  1222
  541    1166  1109  1060  1165
  542     340   407   353   338
  543     628   910   626   637
  544    1060  1166  1110  1111
  545    1172  1231  1009  1222
  546     612   326   618   995
  547    1168  1159  1009  1107
  548    1163  1161  1162  1160
  549     625  1015   903   624
  550     252    39   274   272
  551      80    41   154   152
  552      59    17    22     5
  553    1103  1054  1007  1053
  554    1055  1056   900  1004
  555     404   413   406   405
  556     398   353   396   358
  557    1029  1024  1025  1021
  558     477   937   440   456
  559    1012   612   618  1183
  560    1166  1167  1111  1058
  561    1035   690   611   961
  562    1054  1006  1007  1005
  563    1115  1006  1008  1104
  564    1115  1182  1008  1006
  565    1115  1222  1008  1182
  566    1115  1172  1008  1222
  567    1104  1172  1008  1115
  568    1108  1168  1009  1107
  569     201    95   197   198
  570     643   641   909   652
  571      35    31    38   207
  572     203    31   205   102
  573    1159  1172  1009  1008
  574    1182  1124  1069  1006
  575     375   486   503   501
  576    1008  1107  1009  1159
  577     207   102   205    31
  578    1076  1040  1042   940
  579    1159  1209  1009  1172
  580    1010  1231  1009  1209
  581    1172  1209  1009  1231
  582    1057  1006  1007  1104
  583     653   654   655   662
  584     660   659   658   657
  585     394   322   607   335
  586    1104  1054  1007  1103
  587    1103  1056  1007  1106
  588    1005  1004  1007  1054
  589    1103  1057  1007  1104
  590     603   606   602   322
  591     602   606   321   322
  592     215   113   220   214
  593     266   263   201   200
  594     643   655   909   910
  595     646   635   650   648
  596     902   607   603   629
  597     901  1004   602   899
  598     402   339   341   403
  599     899  1004  1007   901
  600      94    95    46    92
  601     655   662   626   629
  602     334   339   333   214
  603     635   910   643   637
  604    1184  1008   613   614
  605    1184  1006   613  1008
  606     415   636   647   642
  607     641   635   648   652
  608     629  1005   603   902
  609     654  1026  1017   662
  610     105   102   207    31
  611     651   649   648   641
  612     628  1018  1017   654
  613     635   637   627   653
  614     660   659   649   658
  615    1017   654   626   628
  616     607   902   603   606
  617    1085  1083  1084   950
  618     954   940   955   956
  619     550   586   545   553
  620     222   224   341   281
  621     603   901   602   606
  622    1126  1127  1087  1076
  623     448   444   447   450
  624     899   900   602   604
  625     333   335   350   653
  626     418   421   419   424
  627     215   218   220   114
  628     402   214   341   281
  629    1019   662   626  1017
  630     899  1004   602   900
  631    1088  1144  1043  1089
  632     342   403   341   339
  633     636   420   415   413
  634     441   445   444   447
  635     222   281   341   214
  636     651   641   648   645
  637     657   659   661   667
  638     722   933   721   725
  639     462   460   461   464
  640     466   704   469   701
  641     935   726   709   705
  642     607   335   603   629
  643     671   660   917   659
  644     665   677   678   669
  645     853   847   885   852
  646     241   244   296   295
  647     720   723   705   704
  648    1136  1197  1135  1138
  649     680   670   921   671
  650     659   671   666   917
  651     659   657   666   671
  652     657   671   665   666
  653     658   657   666   660
  654     659   660   666   657
  655     917   660   666   659
  656     917   916   666   660
  657     658   660   666   916
  658     643   645   909   641
  659     641   651   644   645
  660     652   641   909   645
  661     662   650   350   653
  662     658   644   651   645
  663     655   653   627   637
  664     659   644   649   658
  665     402   335   341   339
  666     635   655   643   910
  667     909   645   913   652
  668     635   653   643   655
  669     649   658   651   916
  670     646   409   650   633
  671     651   641   644   649
  672     649   644   651   658
  673     658   645   651   913
  674     916   658   651   913
  675     641   644   649   642
  676     409   403   406   402
  677     222   402   341   220
  678     916   660   649   658
  679     415   413   416   646
  680     652   645   648   641
  681     635   652   653   648
  682     652   635   653   643
  683     913   652   648   651
  684     913   645   648   652
  685     651   645   648   913
  686     655   637   627   910
  687     606   901   602   605
  688    1065  1030  1017  1066
  689    1066  1026  1017  1018
  690    1066  1030  1017  1026
  691     901   899   602   605
  692     911  1018   628   654
  693     627   910   626   629
  694     405   415   414   416
  695     629   910   626   655
  696     654   662   626   910
  697    1017  1065  1019  1030
  698     655   910   626   662
  699     627   637   626   910
  700     654   910   628   911
  701    1030   662  1017  1026
  702    1017   662   626   654
  703    1054  1006  1019  1065
  704    1005  1006  1019  1054
  705     673   662  1019  1032
  706     606   322   603   607
  707     629   662   626  1019
  708     902  1006  1019  1005
  709     673  1032  1019   902
  710     902  1032  1019  1006
  711    1065  1006  1019  1032
  712    1019  1005   629   902
  713     673   655   629   662
  714     902   673   629  1019
  715     902   607   629   673
  716     655   335   629   910
  717     418   424   419   422
  718     114   119   220   121
  719     392   606   393   321
  720     910   335   629   627
  721     607   322   603   335
  722     902   901   603   606
  723     902  1005   603   901
  724     392   605   321   323
  725     627   653   633   635
  726     323   605   321   604
  727     604   605   321   602
  728     634   627   339   653
  729     268   115   224   125
  730     334   626   333   627
  731     668   661   423   424
  732     324   281   224   268
  733     657   642   661   659
  734     339   335   341   333
  735     339   333   341   342
  736     626   627   334   628
  737      61     6    27    60
  738     264   267   201   268
  739     263   200   266   265
  740     402   218   215   403
  741     416   413   414   408
  742     633   413   636   646
  743      56   271   206    57
  744     270   283   226   325
  745     405   413   416   408
  746       1     2    16     0
  747      32    61    27    60
  748     334   339   214   215
  749     402   214   220   222
  750     571   873   871   558
  751     403   402   214   215
  752      59   119   121    66
  753     339   403   214   215
  754      58    61    27    70
  755     222   214   341   402
  756     403   339   214   402
  757     264   268   201   198
  758     281   339   333   335
  759     214   339   333   281
  760     334   627   333   339
  761     629   627   333   626
  762     629   335   333   627
  763     339   627   333   653
  764     113   215   220   114
  765     627   655   333   653
  766     335   655   333   627
  767     335   653   333   655
  768     265   323   266   321
  769     321   263   267   266
  770     198   202   201    95
  771     605   606   321   602
  772     335   322   324   394
  773     393   394   324   322
  774     321   323   266   392
  775     267   322   324   264
  776     606   322   393   321
  777     607   322   393   606
  778     607   394   393   322
  779     263   322   267   264
  780      27    22    15     6
  781     393   321   267   392
  782     266   392   267   321
  783     321   322   267   263
  784     393   322   267   321
  785      46    91    90    93
  786     335   281   324   264
  787     363   325   503   395
  788     224   222   341   350
  789     201   264   197   263
  790     252   310   274   311
  791     952   949   951   950
  792      96    44    53    94
  793     140   142    40   143
  794      94    95    45    46
  795     592   590   561   591
  796     201   200   197    95
  797     708   713   724   709
  798      25    31    30    98
  799     135    79    74   134
  800      35   143    40   142
  801     263   265   199   200
  802     202   115   198   268
  803     415   414   421   424
  804     281   264   268   324
  805     197    95    93    88
  806     197   200    93    95
  807     199   200   197   263
  808      88    91    93   197
  809      92    95    46    93
  810      71    34    29   271
  811     281   264   198   268
  812     268   115   198   281
  813      93    95    46    88
  814     267   263   201   266
  815     264   263   201   267
  816     198   264   197   201
  817     112   213   117   122
  818      58   114   121    59
  819     202   125    61   115
  820     648   635   650   653
  821      60   202    61    89
  822      88    91    46    93
  823     363   608   712   361
  824      46    93    90    92
  825      94   202    45    95
  826     331   399   620   330
  827      94    99    45   202
  828     202   115    61    89
  829     375   367   503   486
  830      94    44    53    92
  831     202   115    89   198
  832      60   202    89    45
  833     198    95    89   202
  834      45   202    89    95
  835      95   197    89    88
  836      95   198    89   197
  837      95    46    89    45
  838      95    88    89    46
  839      51    53    50    44
  840     114   119   121    59
  841      27     6    20    60
  842      98    42    12    43
  843      11    60    20     2
  844      96    94    42    44
  845      96    98    42    99
  846      96    99    42    94
  847      45    94    42    99
  848      46    94    42    45
  849      46    44    42    94
  850      12     7    11    21
  851      92    46    51    90
  852      92    44    51    46
  853      52   107   103   106
  854     113   114   220   121
  855      50    53    47    44
  856      54    53    47    50
  857       1     7    16     2
  858      97    96    47    54
  859      53    96    47    44
  860      54    96    47    53
  861      47    97    43    96
  862      97   102    43    98
  863      96    98    43    42
  864      97    98    43    96
  865      47    96    43    44
  866      42    44    43    96
  867     630   912   631   639
  868     105   102    12    43
  869     680   671   665   667
  870     128    73   274    76
  871      43   102    12    98
  872      42    98    11    99
  873      45    99    11    60
  874      42    99    11    45
  875       5    58    22    59
  876      25    21    26    11
  877      99    98    30   204
  878     353   674   336   432
  879     100    52   101   104
  880       9    16     8    18
  881      16     0    15     3
  882      60     6    20     2
  883      58     6    27    61
  884     342   350   341   222
  885       5     6    15    22
  886     121    58   123   113
  887     121    70   123    58
  888      17     5    15    22
  889      58    70    68   121
  890      16    21    15     2
  891     234   254   232   311
  892      27     6    15    20
  893      99   202    32    60
  894     633   653   650   635
  895     113   114   121    58
  896     121    59    68    58
  897       0     2    15     6
  898     139   228   161   130
  899      68    58    27    70
  900     154   151   149   253
  901       5     6    22    58
  902     121    66    68    59
  903     423   668   431   442
  904     214   113   222   115
  905       2    21    20    11
  906      22     6    27    58
  907      66    17    68    59
  908     102    31    26    98
  909      11    21    26    12
  910      22    58    27    68
  911     667   657   665   664
  912      61    58   123    70
  913      61   113   123    58
  914     115   113   123    61
  915      61   125   123   115
  916     342   333   341   335
  917     402   218   220   215
  918     224   115   222   125
  919     123   125   222   115
  920     422   421   419   411
  921     634   653   650   633
  922     333   653   342   339
  923       4     0    16     3
  924      20     2    15    21
  925     258   194   195   256
  926     341   402   406   404
  927      20     6    15     2
  928      60   202    32    61
  929     110   107   208    57
  930       4     1    16     0
  931      25    98    26    31
  932      12   102    26    98
  933     670   665   678   669
  934      21     2    16     7
  935      38   252   149   251
  936      17     3    15     5
  937      32   202    72    61
  938      20    21    25    11
  939      11    98    25    99
  940      20    11    25    60
  941     269   270   127   268
  942     136   135    77   142
  943     202   269    36    75
  944      32    60    25    99
  945      11    99    25    60
  946      27    60    25    32
  947      20    60    25    27
  948      25    11    26    98
  949      12    98    26    11
  950      27    61    72    70
  951      32    61    72    27
  952     123    61    72   125
  953      70    61    72   123
  954     123   115   222   113
  955     442   429   422   423
  956     335   394   357   607
  957     472   470   367   481
  958     367   710   486   727
  959     288   473   486   483
  960     579   580   586   548
  961     365   366   486   483
  962     650   646   416   409
  963     324   394   357   335
  964     341   409   406   402
  965     342   409   406   341
  966     342   409   341   403
  967     357   662   350   655
  968     350   357   341   224
  969     224   281   222   115
  970     420   413   414   415
  971     123   113   222   121
  972      79   134   135   133
  973     629   335   357   607
  974     629   607   357   673
  975     629   673   357   655
  976     629   655   357   335
  977     481   472   365   367
  978    1036   613  1034   610
  979     406   416   413   409
  980     402   403   341   409
  981     335   281   357   324
  982     415   413   414   416
  983     296   299   495   297
  984     342   341   406   404
  985     339   653   342   634
  986     350   333   342   335
  987     650   409   342   633
  988     650   633   342   634
  989     634   409   342   339
  990     634   409   633   342
  991     339   409   342   403
  992     342   335   341   350
  993     335   281   341   357
  994     335   402   341   281
  995     350   335   341   357
  996     405   342   406   404
  997     410   413   408   414
  998     646   635   636   633
  999     648   635   636   646
 1000     641   635   636   648
 1001     648   646   636   641
 1002     404   341   405   342
 1003     342   220   222   341
 1004     422   424   423   429
 1005     410   419   421   411
 1006     405   413   408   404
 1007     409   413   646   416
 1008     404   413   408   406
 1009     342   646   416   650
 1010     633   413   646   409
 1011     406   342   416   409
 1012     650   409   416   342
 1013     405   342   416   406
 1014     416   406   413   405
 1015     410   413   414   420
 1016     657   644   656   642
 1017     404   405   412   408
 1018     416   405   412   414
 1019     416   408   412   405
 1020     414   408   412   416
 1021     661   642   647   659
 1022     424   642   647   661
 1023     649   659   647   644
 1024     642   644   647   659
 1025     649   644   647   642
 1026     424   420   647   642
 1027     415   420   647   424
 1028     415   642   647   420
 1029     641   649   647   636
 1030     641   646   647   649
 1031     636   646   647   641
 1032     415   646   647   413
 1033     636   413   647   646
 1034     415   413   647   636
 1035     657   668   664   667
 1036     661   667   668   657
 1037     689   902  1034   673
 1038     668   423   664   442
 1039     421   424   420   415
 1040     685   695   681   696
 1041     444   449   457   459
 1042     414   408   410   412
 1043     429   421   420   418
 1044     429   421   418   424
 1045     415   420   410   414
 1046     465   462   479   461
 1047     410   419   418   421
 1048     422   424   419   421
 1049     415   414   411   421
 1050     410   414   411   415
 1051     424   642   429   420
 1052     421   420   418   410
 1053     883   847   885   848
 1054     661   642   429   424
 1055     656   642   429   661
 1056     668   657   664   656
 1057     607   394   361   608
 1058     668   656   664   423
 1059     683   685   681   697
 1060     422   429   418   424
 1061     429   421   424   420
 1062     445   460   458   448
 1063     580   586   543   544
 1064     429   424   423   661
 1065     127   202    75   269
 1066     449   700   464   688
 1067     695   480   700   463
 1068     423   656   661   668
 1069     656   442   423   429
 1070     797   804   799   801
 1071     680   671   921   917
 1072     427   429   422   442
 1073     422   421   423   424
 1074      78   269   304   129
 1075     446   672   677   431
 1076     446   427   441   430
 1077     427   429   418   422
 1078     449   684   679   459
 1079     246   150   144   179
 1080     665   670   678   680
 1081     463   460   462   480
 1082     442   422   427   423
 1083     418   428   422   419
 1084     418   428   427   422
 1085    1036   613  1069  1034
 1086     679   463   695   688
 1087     672   669   683   678
 1088     431   668   672   442
 1089     664   442   672   668
 1090     672   442   677   431
 1091     434   915   437   924
 1092     423   422   430   431
 1093     427   428   430   422
 1094     427   422   430   423
 1095     442   430   446   431
 1096     423   442   430   427
 1097     431   442   430   423
 1098     481   468   472   467
 1099     677   459   679   684
 1100     441   445   447   443
 1101     226   283   361   325
 1102     446   459   684   450
 1103     464   465   461   462
 1104     431   684   450   446
 1105     445   444   447   448
 1106     482   465   479   466
 1107     430   442   446   427
 1108     444   446   447   459
 1109     727   366   369   485
 1110     458   448   444   445
 1111     430   428   441   443
 1112     427   428   441   430
 1113     480   700   466   717
 1114     430   450   446   431
 1115     464   480   462   460
 1116     697   930   682   687
 1117     469   701   482   466
 1118     688   450   684   449
 1119     460   466   465   464
 1120     447   450   459   446
 1121     446   447   430   441
 1122     129   283   226   270
 1123     464   460   461   465
 1124     444   450   459   447
 1125     448   457   458   444
 1126     449   679   463   459
 1127     463   449   464   688
 1128     486   732   782   781
 1129     678   670   682   680
 1130     469   701   704   720
 1131     463   480   700   464
 1132     720   484   723   469
 1133     469   720   704   723
 1134     357   394   361   607
 1135     669   667   665   668
 1136     683   687   681   678
 1137     668   667   665   664
 1138     460   457   462   458
 1139      78   127   269   129
 1140     449   444   450   459
 1141     463   480   464   460
 1142     462   458   461   460
 1143     712   608   782   610
 1144     684   450   459   449
 1145     450   430   446   447
 1146     466   468   479   467
 1147     554   845   542   837
 1148     669   670   665   667
 1149     447   449   448   450
 1150     448   464   460   449
 1151     467   469   472   481
 1152     695   480   717   700
 1153     466   480   482   465
 1154     760   765   764   756
 1155     679   449   463   688
 1156     695   688   463   700
 1157     481   469   472   470
 1158     468   465   467   466
 1159     224   324   226   357
 1160     464   701   466   700
 1161     638   437   692   407
 1162     717   482   720   466
 1163     700   717   701   466
 1164     465   469   467   466
 1165     293   243   294   298
 1166     286   366   293   483
 1167     367   472   365   470
 1168     774   730   728   731
 1169     229   134   230   228
 1170     139   134   130    79
 1171     129   270   226   127
 1172     395   608   361   394
 1173     465   480   464   466
 1174     480   465   464   462
 1175     467   470   472   469
 1176     479   469   466   467
 1177     465   461   479   468
 1178     365   366   483   484
 1179     720   701   482   469
 1180     466   465   479   468
 1181     469   479   466   482
 1182     852   853   975   885
 1183     479   480   465   482
 1184     720   466   482   701
 1185     728   730   713   486
 1186     719   696   718   699
 1187     560   589   586   591
 1188     696   698   699   685
 1189     486   367   711   710
 1190     704   484   471   469
 1191     974   888   586   852
 1192     481   470   367   484
 1193     365   484   483   481
 1194     479   469   484   482
 1195     467   469   484   479
 1196     481   469   484   467
 1197     481   467   484   468
 1198     479   468   484   467
 1199     481   468   484   479
 1200     685   684   681   679
 1201     484   469   704   723
 1202     365   283   288   367
 1203     484   470   469   481
 1204     369   731   728   485
 1205     704   707   471   723
 1206     470   484   469   471
 1207     471   723   710   484
 1208     855   326   970   971
 1209     293   238   294   243
 1210     696   686   719   931
 1211     228   139   229   134
 1212     704   723   471   484
 1213     363   395   503   608
 1214     723   484   727   710
 1215      74   204    36    30
 1216     325   324   226   270
 1217     473   365   486   483
 1218     723   471   710   707
 1219     365   481   483   473
 1220    1189  1143  1138  1197
 1221     363   395   361   325
 1222     237   229   293   285
 1223     288   483   486   366
 1224     367   484   727   366
 1225     241   242   172   240
 1226     584   588   583   547
 1227     357   324   361   394
 1228     473   472   365   481
 1229     295   239   241   244
 1230     286   483   293   285
 1231     484   481   365   367
 1232     367   366   365   484
 1233     710   484   727   367
 1234     365   473   288   285
 1235     268   125   127   202
 1236     325   395   361   394
 1237     365   285   288   283
 1238     581   585   577   579
 1239     727   366   486   367
 1240     300   230   303   287
 1241     229   285   230   286
 1242     363   710   711   367
 1243     288   286   230   285
 1244      74   135   304   302
 1245     367   366   486   365
 1246     689   361   712   608
 1247     372   270   375   283
 1248     483   285   286   473
 1249     202   269   127   268
 1250     497   369   493   298
 1251     142   135    77    37
 1252     224   125   127   268
 1253     270   269   127   129
 1254     129   283   230   228
 1255     469   707   471   704
 1256     224   268   226   324
 1257     127   268   226   224
 1258     467   471   470   469
 1259     270   268   226   127
 1260     270   324   226   268
 1261     375   501   373   486
 1262     363   608   361   395
 1263     499   501   373   500
 1264     226   324   361   357
 1265     226   325   361   324
 1266     394   324   361   325
 1267     286   285   288   473
 1268     129   228   230   134
 1269     326   306   305   378
 1270     987   983   586   982
 1271     185   252   149   253
 1272     473   483   288   286
 1273     881   848   884   853
 1274     230   288   372   303
 1275     239   242   241   244
 1276     228   285   230   229
 1277     502   325   375   376
 1278     325   505   503   395
 1279     148    86   176   177
 1280     286   483   288   366
 1281     286   366   288   485
 1282     288   366   486   485
 1283     844   880   577   581
 1284     589   590   591   556
 1285     287   301   303   300
 1286     288   285   230   283
 1287     228   283   230   285
 1288      30   203    37   204
 1289      32    99    36   202
 1290     302   142   249    37
 1291     287   301   300   247
 1292     171   137   160   141
 1293     159   160   162   171
 1294     202   125    75    72
 1295     127   125    75   202
 1296     228   134   130   139
 1297     129   134   130   228
 1298      78   134   130   129
 1299     548   586   545   543
 1300     141    82   160    86
 1301      83   141   160   137
 1302      37   204    74    30
 1303     148   141   176    86
 1304     140   136    82    40
 1305      37    79    74   135
 1306     180   175   181   174
 1307      35   203    37    31
 1308     167   239   172   241
 1309     246   142   144   143
 1310      38    41   154    80
 1311      40   136    77   142
 1312      30    31    37   203
 1313     300   245   248   145
 1314     434   923   674   915
 1315     550   539   542   545
 1316     205    31    35   207
 1317     203    31    35   205
 1318     875   993   785   326
 1319      74   134   304   135
 1320      30   204    36    99
 1321      99    25    36    30
 1322      99    32    36    25
 1323      74   269    36   204
 1324     135   133    77    79
 1325     136   133    77   135
 1326      40   142    77    35
 1327      37    35    77   142
 1328     130   134    74    79
 1329      78   134    74   130
 1330     499   370   373   486
 1331      82   141    83   136
 1332      26   105    33    31
 1333     556   589   587   552
 1334     136   133    83    77
 1335      87   188   147   155
 1336      86    82   148   141
 1337      82   136   148   141
 1338     140   136   148    82
 1339     561   594   593   565
 1340      82   136    83    40
 1341     250   143   249   184
 1342     571   871   574   869
 1343     980   326   972   836
 1344      40   136    83    77
 1345      77   133    83   132
 1346     166   173   168   176
 1347     183   182   181   188
 1348     156    85   152   155
 1349     287   288   303   370
 1350     129   134   304    78
 1351     171   160   163   176
 1352     133   137    83   132
 1353     241   242   240   244
 1354     296   244   299   295
 1355     372   288   373   303
 1356      74   269   304    78
 1357     230   303   372   304
 1358     544   551   553   550
 1359      37   204   249   302
 1360     300   134   304   230
 1361     166   174   168   173
 1362     184   150   246   178
 1363     103   107   208   109
 1364     549   586   850   545
 1365     160   141   176   171
 1366     150   184   246   143
 1367     245   231   300   247
 1368     145   179   248   144
 1369     160    86   176   141
 1370     239   238   172   242
 1371     160    86   163   176
 1372     176    86   163   173
 1373     177   174   168   175
 1374     177    86   176   173
 1375     173   177   168   176
 1376     173   174   168   177
 1377     164   159   172   138
 1378     138   238   172   164
 1379     553   550   542   545
 1380     138   243   172   238
 1381     132   139   161    79
 1382     238   167   172   164
 1383     130    79   161   139
 1384     241   239   172   242
 1385     176   171   165   163
 1386     163   166   165   176
 1387     170   171   165   176
 1388     250    35   249   143
 1389      78   134   304    74
 1390     163   171   162   160
 1391     165   171   162   163
 1392     205   308   307   326
 1393     176   168   165   170
 1394     176   166   165   168
 1395     726   706   935   934
 1396     304   300   248   135
 1397     298   242   294   297
 1398     160   137   159    83
 1399     171   137   159   160
 1400     165   170   162   171
 1401     165   169   162   170
 1402     245   231   145   300
 1403     237   229   138   243
 1404     229   228   237   139
 1405     242   295   299   244
 1406     142   143   249    35
 1407     237   161   138   139
 1408     507   571   385   382
 1409     486   288   373   375
 1410     161   139   237   228
 1411     285   228   237   229
 1412     242   295   244   239
 1413     242   238   172   243
 1414     237   139   138   229
 1415     302   142   248   246
 1416      74   204   302   269
 1417      35   203   249    37
 1418     240   169   172   241
 1419     170   169   172   240
 1420     167   238   172   239
 1421     298   369   294   293
 1422    1038   712   940  1036
 1423     231   135   300   134
 1424     298   243   294   242
 1425     303   288   373   370
 1426     246   184   249   143
 1427     241   169   172   167
 1428     133   139   138   132
 1429     133   132   138   137
 1430     237   164   138   161
 1431     161   132   138   139
 1432     237   238   138   164
 1433     243   238   138   237
 1434     164   132   138   161
 1435     159   137   138   132
 1436     159   132   138   164
 1437     300   145   248   135
 1438     170   171   172   162
 1439     162   169   172   170
 1440     159   167   172   162
 1441     162   171   172   159
 1442     159   137   172   138
 1443     159   171   172   137
 1444     302   135   248   142
 1445     497   297   493   496
 1446     562   561   560   591
 1447     724   730   713   728
 1448     871   586   869   559
 1449     231   134   300   230
 1450     231   230   300   287
 1451     231   145   300   135
 1452     300   135   304   134
 1453     297   494   493   496
 1454     550   544   545   586
 1455      87   155   147    84
 1456     142    35   249    37
 1457     302   269   304    74
 1458     250   203   249    35
 1459     591   590   561   556
 1460      37   203   249   204
 1461     580   548   543   586
 1462     230   134   304   129
 1463     207   205   250    35
 1464     556   552   587   590
 1465     379   307   380   326
 1466     302   246   249   142
 1467     506   539   504   540
 1468      37   135   302   142
 1469     548   586   549   545
 1470     374   204   305   326
 1471     590   589   587   556
 1472     304   135   248   302
 1473     211   273   208   210
 1474     595   566   593   565
 1475     261   194   195   258
 1476     381   558   380   571
 1477     203   326   306   204
 1478     915   923  1029   927
 1479     250   203   306   249
 1480     326   205   306   307
 1481     326   203   306   205
 1482     250   205   306   203
 1483     307   205   306   250
 1484     306   204   249   203
 1485     589   560   586   555
 1486     567   566   570   573
 1487     570   559   869   586
 1488     586   870   597   599
 1489     575   580   546   578
 1490     544   586   553   551
 1491     837   379   838   542
 1492     502   326   504   506
 1493    1186  1044  1045   614
 1494    1009   615  1226  1010
 1495     882   582   586   842
 1496     557   553   542   850
 1497     571   563   558   559
 1498     587   552   583   588
 1499     584   547   583   580
 1500     562   559   563   586
 1501     377   378   506   326
 1502     379   838   539   506
 1503     855   326   840   841
 1504     369   485   728   727
 1505     934   933   725   703
 1506     850   553   542   545
 1507     782   608   840   610
 1508     594   561   593   592
 1509     832   818   821   830
 1510     500   501   781   499
 1511     379   554   837   380
 1512     990   980   785   326
 1513     580   584   546   578
 1514     580   547   546   584
 1515     554   871   558   557
 1516     595   565   593   594
 1517     377   539   504   506
 1518     709   713   724   726
 1519     546   578   576   575
 1520     546   575   576   580
 1521     579   580   576   575
 1522     882   586   883   843
 1523     579   548   586   585
 1524     595   586   593   566
 1525     807   969   812   946
 1526     848   847   885   853
 1527     548   582   586   585
 1528     576   548   577   582
 1529     585   582   577   548
 1530     579   548   577   576
 1531     579   585   577   548
 1532     575   579   577   576
 1533     575   581   577   579
 1534     885   888   975   852
 1535     551   589   555   556
 1536     545   586   850   553
 1537     568   563   571   570
 1538     564   568   567   563
 1539     839   856   846   854
 1540     551   586   555   589
 1541     562   591   560   586
 1542    1149  1150  1207  1155
 1543     892   994  1001  1000
 1544     548   582   850   586
 1545     204   306   249   305
 1546     546   580   543   547
 1547     381   326   380   307
 1548     858   977   586   974
 1549    1129  1091  1045  1044
 1550     306   326   379   378
 1551     583   552   544   547
 1552     586   587   544   583
 1553     551   587   544   586
 1554     580   586   544   583
 1555     550   586   553   544
 1556     307   308   381   326
 1557     544   580   547   543
 1558     580   544   547   583
 1559     580   548   576   543
 1560     548   580   576   579
 1561     593   566   562   565
 1562     593   565   562   561
 1563     561   591   562   593
 1564     593   586   562   566
 1565     591   586   562   593
 1566     555   559   560   586
 1567     882   582   577   585
 1568     894   996   861   877
 1569     589   561   556   591
 1570     559   557   558   871
 1571     555   586   557   559
 1572     855   836   970   326
 1573     304   129   372   230
 1574     380   326   507   509
 1575     551   586   553   555
 1576     554   379   837   542
 1577     381   564   568   382
 1578     378   539   379   541
 1579     306   326   305   204
 1580     568   564   558   563
 1581     486   501   373   499
 1582     570   563   571   559
 1583     838   539   540   545
 1584     823   821   822   829
 1585     567   563   570   586
 1586     375   363   503   367
 1587     845   557   850   586
 1588     845   557   542   850
 1589     586   562   567   563
 1590     586   566   567   562
 1591     586   859   861   865
 1592     983   586   982   977
 1593     557   586   871   559
 1594     570   559   571   869
 1595     979   982   846   976
 1596     963   942  1050   962
 1597     875   862   785   993
 1598     896   895   886   878
 1599     992   860   986   863
 1600     882   842   843   844
 1601     970   326   972   973
 1602     975   885   884   888
 1603     326   270   374   269
 1604     582   845   586   842
 1605     564   381   568   558
 1606     554   873   558   871
 1607     381   308   382   326
 1608     973   326   972   981
 1609     784   841   840   326
 1610     614   613   957   326
 1611     850   545   540   549
 1612     502   326   506   505
 1613     326   325   502   376
 1614     297   295   493   494
 1615     505   325   503   502
 1616     571   559   558   869
 1617     505   325   502   326
 1618     554   557   558   559
 1619     375   288   373   372
 1620     687   697   681   682
 1621     306   307   379   326
 1622     838   850   837   542
 1623     838   545   540   850
 1624     571   568   381   558
 1625     325   270   376   326
 1626     860   986   987   871
 1627     549   850   838   540
 1628     957   326   840   855
 1629     560   565   561   562
 1630     542   850   837   845
 1631     847   586   885   852
 1632     586   865   893   988
 1633     379   326   506   378
 1634     299   242   297   295
 1635     486   367   503   363
 1636     502   376   504   326
 1637    1207  1149  1152  1154
 1638     539   378   506   377
 1639     304   302   374   269
 1640     326   378   305   374
 1641     204   326   374   269
 1642     376   374   377   326
 1643     204   269   374   302
 1644     486   288   375   367
 1645     407   915   437   434
 1646    1083   950  1085   949
 1647     325   283   375   270
 1648     372   283   375   288
 1649     704   701   705   720
 1650     288   283   375   367
 1651    1129  1144  1043  1088
 1652     326   395   505   325
 1653     506   326   504   377
 1654     379   783   506   326
 1655     379   783   326   380
 1656    1126  1044  1186   614
 1657     503   608   784   782
 1658     377   326   504   376
 1659     230   283   372   288
 1660     783   505   506   326
 1661     615   614   971   326
 1662    1129  1091  1043  1144
 1663     883   843   848   844
 1664     378   539   506   379
 1665     838   783   379   837
 1666     380   837   379   783
 1667     539   506   838   540
 1668     539   542   379   541
 1669     539   542   838   379
 1670     230   129   372   283
 1671     376   270   372   374
 1672    1089  1088  1042  1043
 1673     270   283   372   129
 1674     269   129   372   304
 1675     269   270   372   129
 1676     374   270   372   269
 1677     374   269   372   304
 1678     363   283   375   325
 1679     367   283   375   363
 1680     372   376   375   270
 1681     325   270   375   376
 1682     729   774   939   731
 1683    1076  1038   940  1036
 1684    1036  1073  1076  1038
 1685     613   902  1034   610
 1686     613  1006  1069  1034
 1687     294   295   493   297
 1688     298   369   493   294
 1689     294   297   493   298
 1690     369   298   497   485
 1691     239   295   294   242
 1692     242   238   294   239
 1693    1198  1143  1138  1137
 1694     303   370   371   301
 1695     373   499   371   370
 1696     726   730   713   724
 1697     500   499   371   373
 1698     373   370   371   303
 1699     683   697   681   687
 1700     683   678   681   679
 1701     296   295   297   494
 1702     299   295   297   296
 1703     286   485   369   366
 1704     298   485   369   286
 1705     497   298   493   297
 1706     243   229   293   237
 1707     243   286   293   229
 1708     298   286   293   243
 1709     238   243   293   237
 1710    1128  1076  1087  1127
 1711     286   298   293   369
 1712     369   366   293   286
 1713     238   242   294   243
 1714     776   951   779   952
 1715     297   494   495   296
 1716     297   299   495   498
 1717     297   498   495   496
 1718     297   496   495   494
 1719     951   775   733   938
 1720     733   493   778   497
 1721     705   720   721   723
 1722     727   485   728   486
 1723     680   666   665   671
 1724     672   665   677   664
 1725     666   671   680   917
 1726     667   670   680   671
 1727     724   709   705   708
 1728     688   684   685   679
 1729     680   670   682   921
 1730    1189  1197  1138  1139
 1731     957   614   971  1044
 1732     921   670   682   930
 1733     665   672   677   669
 1734     668   672   665   669
 1735     668   664   665   672
 1736     938   775   733   774
 1737     669   678   682   687
 1738     678   679   683   684
 1739     678   669   683   687
 1740     686   685   683   697
 1741     687   930   682   670
 1742     669   670   682   678
 1743     719   686   932   931
 1744     718   720   721   702
 1745     682   678   681   687
 1746     705   723   724   704
 1747     697   687   683   686
 1748     683   679   681   684
 1749     683   684   681   685
 1750     699   722   932   933
 1751     732   712   955   940
 1752     684   677   678   679
 1753     774   731   728   369
 1754     934   703   702   706
 1755     702   703   721   718
 1756     931   687   697   686
 1757     679   685   695   681
 1758     710   707   724   723
 1759    1201  1192  1189  1143
 1760    1182  1006  1069  1184
 1761    1089  1144  1043  1090
 1762     696   931   719   697
 1763     696   685   699   719
 1764     706   934   724   725
 1765     686   931   696   697
 1766     948  1085   951   949
 1767     774   731   729   730
 1768     697   685   681   696
 1769     781   486   734   499
 1770     933   698   722   703
 1771     706   721   724   705
 1772     721   723   724   705
 1773    1009   615  1224  1226
 1774     703   722   721   718
 1775     703   933   721   722
 1776     726   725   724   934
 1777    1036   610  1034   689
 1778     701   700   702   717
 1779     701   717   702   720
 1780     703   718   698   722
 1781     703   698   699   933
 1782     697   685   696   686
 1783    1076  1127  1075  1073
 1784     698   700   696   717
 1785     695   717   696   700
 1786     702   717   718   720
 1787     698   688   696   700
 1788     695   700   696   688
 1789     698   685   696   688
 1790     695   688   696   685
 1791     698   722   718   699
 1792     932   699   718   722
 1793     685   679   695   688
 1794     699   686   932   685
 1795     719   685   932   686
 1796     699   685   932   719
 1797     719   699   718   932
 1798     932   722   718   719
 1799     696   698   718   699
 1800     696   717   718   698
 1801     718   703   698   702
 1802     726   936   935   713
 1803     726   706   724   705
 1804     702   700   718   717
 1805     698   700   718   702
 1806     698   717   718   700
 1807     934   703   725   702
 1808     706   934   725   702
 1809     673   902  1034  1032
 1810     725   933   721   703
 1811     721   706   724   725
 1812     702   706   721   725
 1813     702   705   721   706
 1814     701   705   721   702
 1815     701   720   721   705
 1816     702   720   721   701
 1817     725   703   721   702
 1818     610   902  1034   689
 1819    1085  1086  1084  1136
 1820     486   727   711   728
 1821    1070  1184  1069   613
 1822     363   367   711   486
 1823     705   706   709   935
 1824     936   730   729   731
 1825     726   934   724   706
 1826     728   486   713   711
 1827     503   363   711   486
 1828     781   501   782   486
 1829     709   713   726   935
 1830     936   730   713   726
 1831     936   486   713   730
 1832     726   705   935   706
 1833    1135  1082  1074  1134
 1834     704   705   708   724
 1835     724   727   711   710
 1836     728   727   711   724
 1837    1082  1135  1074  1085
 1838     939   731   940   729
 1839    1036  1073  1070  1076
 1840     709   724   705   726
 1841     707   724   704   708
 1842     724   707   704   723
 1843     711   707   708   724
 1844    1076  1073  1126  1127
 1845    1226   615  1224  1186
 1846     729   713   732   712
 1847    1129  1044  1043  1091
 1848     729   936   732   713
 1849     607   608   689   610
 1850     902   607   689   610
 1851     673   607   689   902
 1852    1082   947   948  1074
 1853    1070   613  1069  1036
 1854    1038   729   940   712
 1855     612  1185   618  1183
 1856     361   608   689   607
 1857     613  1184  1069  1006
 1858     607   357   689   361
 1859     607   673   689   357
 1860    1086   950   952  1085
 1861     712   713   732   711
 1862     486   711   732   713
 1863     936   486   732   713
 1864     780   941   734   954
 1865     956   613   957  1044
 1866     936   731   732   730
 1867     936   730   732   486
 1868     951   949   776   775
 1869     950   949   776   952
 1870     728   730   732   731
 1871     486   730   732   728
 1872     728   731   732   485
 1873     728   485   732   486
 1874     615   981  1046   616
 1875     614   615  1045  1186
 1876     784   608   840   782
 1877     982   586   976   977
 1878    1032  1006  1069  1124
 1879    1034  1006  1069  1032
 1880    1070  1073  1126  1076
 1881    1128  1127  1075  1076
 1882    1009  1231  1226  1222
 1883    1070   613  1126  1184
 1884     614  1184  1126   613
 1885    1186   614  1224  1126
 1886     615   616  1226  1010
 1887     613  1044  1126   614
 1888     875   326   785   786
 1889    1087  1187  1129  1188
 1890    1087  1044  1129  1186
 1891     885   853   884   848
 1892     855   326   841   836
 1893    1087  1040  1042  1076
 1894    1135  1138  1074  1085
 1895    1134  1128  1074  1139
 1896    1008   614  1224  1009
 1897    1008  1184  1224   614
 1898    1196  1128  1189  1188
 1899    1192  1201  1189  1200
 1900    1196  1188  1189  1200
 1901     975   888   884   997
 1902     380   571   507   381
 1903     784   326   840   608
 1904    1186  1187  1129  1087
 1905    1038   939  1075  1076
 1906    1076  1073  1075  1038
 1907    1187  1127  1087  1186
 1908    1128  1127  1087  1187
 1909    1131  1194  1195  1132
 1910     984   977   890   891
 1911    1128  1187  1087  1188
 1912    1046  1227  1045   615
 1913    1075  1128  1074  1134
 1914    1196  1200  1189  1197
 1915    1186  1227  1129  1187
 1916    1199  1188  1129  1187
 1917    1199  1191  1129  1190
 1918    1190  1188  1129  1199
 1919    1191  1199  1129  1227
 1920    1187  1227  1129  1199
 1921    1145  1191  1144  1091
 1922    1139  1128  1189  1196
 1923    1137  1142  1138  1140
 1924    1196  1197  1189  1139
 1925     776   952   777   950
 1926    1090  1144  1043  1091
 1927    1098  1150  1155  1099
 1928    1154  1205  1152  1203
 1929    1146  1147  1145  1093
 1930    1146  1092  1145  1091
 1931    1191  1091  1145  1092
 1932    1092  1093  1145  1191
 1933    1146  1093  1145  1092
 1934     589   560   561   591
 1935     315   292   257   320
 1936    1075  1127  1081  1073
 1937    1137  1143  1138  1142
 1938    1075  1073  1081  1038
 1939     981   326   990   991
 1940    1048  1047  1225  1130
 1941    1199  1188  1200  1190
 1942    1152  1201  1208  1207
 1943    1192  1190  1200  1188
 1944    1143  1197  1189  1201
 1945    1144  1091  1090  1145
 1946    1138  1197  1135  1139
 1947     804   801   810   799
 1948    1128  1127  1134  1075
 1949    1137  1198  1136  1138
 1950    1198  1197  1138  1143
 1951    1138  1198  1136  1197
 1952    1129  1091  1144  1191
 1953    1201  1192  1143  1204
 1954    1198  1197  1143  1201
 1955    1202  1141  1143  1198
 1956    1141  1203  1143  1142
 1957    1204  1142  1143  1203
 1958    1202  1201  1143  1204
 1959    1198  1201  1143  1202
 1960    1141  1202  1143  1203
 1961    1204  1203  1143  1202
 1962    1134  1139  1074  1135
 1963     939   729   947   774
 1964    1196  1187  1134  1128
 1965     940   941   954   732
 1966    1142  1141  1137  1143
 1967    1186  1227  1045  1129
 1968     981   615  1046   973
 1969    1081  1075  1134  1127
 1970     616   617  1046  1227
 1971     862   993   986   990
 1972     890   974   889   586
 1973     956  1044  1043  1087
 1974    1196  1139  1135  1197
 1975     984   974   890   977
 1976     663   437   692   693
 1977     973   326   981   615
 1978    1135  1139  1074  1138
 1979    1085  1136  1084  1083
 1980     490   520   762   491
 1981     938  1085   951   948
 1982    1138  1140  1136  1137
 1983    1128  1187  1134  1127
 1984     955   613   957   956
 1985    1196  1128  1134  1139
 1986     616   615   981   326
 1987    1000   999   890   984
 1988     617   616   981   326
 1989    1129  1227  1045  1191
 1990    1086  1136  1085  1138
 1991    1085  1082   948  1074
 1992     952   949   776   951
 1993    1038  1075   947  1081
 1994    1133  1080  1071  1078
 1995     862   980   785   990
 1996     362   387   396   510
 1997    1191  1091  1045  1129
 1998    1156  1100  1101  1098
 1999     615   616  1046  1227
 2000     971   326   970   973
 2001     507   873   571   509
 2002     855   836   856   970
 2003     326   617   995   991
 2004    1186   615  1045  1227
 2005     326   505   836   783
 2006     615   973   971  1045
 2007    1085   950   951   949
 2008    1083  1082  1085  1135
 2009     956   940   955  1036
 2010     615   326   971   973
 2011    1085  1083   948  1082
 2012    1087  1126   956  1044
 2013    1076  1126   956  1087
 2014    1076  1036   956  1070
 2015    1036   613   956  1070
 2016    1076  1070   956  1126
 2017    1126   613   956  1044
 2018    1070   613   956  1126
 2019     992   862   986   860
 2020    1157  1151  1208  1149
 2021    1131  1193  1195  1194
 2022     617   981  1046   991
 2023     981   617  1046   616
 2024     326   617   991   981
 2025     509   326   508   785
 2026     613   326   840   957
 2027     980   326   990   981
 2028     954   956  1042   940
 2029    1076   940  1042   956
 2030     954   940  1042   941
 2031    1040   941  1042   940
 2032    1088  1087  1042  1043
 2033    1088  1040  1042  1087
 2034    1136  1138  1086  1140
 2035     779   952   777   776
 2036     948   775   951   938
 2037    1038   729   947   939
 2038    1040   953  1042   941
 2039    1038   939   947  1075
 2040     953  1040  1042  1041
 2041    1086  1140  1084  1136
 2042     780   954   734   781
 2043    1042   941   953   954
 2044    1136  1140  1084  1137
 2045    1135  1136  1085  1083
 2046    1081  1082  1074   947
 2047     947  1075  1074  1081
 2048    1134  1082  1074  1081
 2049     613   840   955   957
 2050     774   731   733   938
 2051     947  1074   938   948
 2052     781   499   734   780
 2053     774   731   938   939
 2054     883   844   848   880
 2055    1074  1085   938   948
 2056    1045  1044   971   614
 2057     947  1075   938  1074
 2058     947   939   938  1075
 2059     948   775   938   774
 2060     947   774   938   939
 2061     948   774   938   947
 2062     712  1036   955   940
 2063     956  1036   955   613
 2064     997   978   888   998
 2065     954   941   734   732
 2066     610   613   955  1036
 2067     979   857   851   849
 2068     774   369   733   731
 2069     774   775   733   369
 2070     493   369   733   775
 2071     497   369   733   493
 2072     485   369   733   497
 2073     485   731   733   369
 2074     500   499   781   780
 2075     503   395   784   608
 2076     990   985   862   980
 2077     486   501   782   503
 2078     893   988   994   892
 2079     782   610   955   712
 2080     779   776   778   951
 2081     781   732   734   486
 2082     499   501   781   486
 2083     496   497   778   493
 2084     498   495   778   779
 2085     498   496   778   495
 2086     951   775   778   733
 2087     776   775   778   951
 2088     733   775   778   493
 2089     496   494   778   495
 2090     493   494   778   496
 2091     776   494   778   493
 2092     776   779   778   777
 2093     777   494   778   776
 2094     776   493   778   775
 2095     777   495   778   494
 2096     779   495   778   777
 2097     712   363   782   608
 2098     503   608   782   363
 2099     732   711   782   712
 2100     486   711   782   732
 2101     486   503   782   711
 2102     888   974   586   889
 2103     841   326   784   836
 2104     957   326   971   614
 2105     712   711   782   363
 2106     503   363   782   711
 2107     840   613   955   610
 2108     987   871   982   586
 2109     639   332   625   923
 2110     613   610   840   326
 2111     326   608   784   395
 2112     831   826   829   823
 2113     975   974   888   978
 2114     614  1044   957   613
 2115    1045   614   971   615
 2116     985   862   871   986
 2117     855   326   971   957
 2118     857   836   979   972
 2119     987   586   988   863
 2120     990   326   785   993
 2121     857   856   979   836
 2122     586   847   885   883
 2123     980   981   972   326
 2124    1131  1132  1195  1133
 2125     993   991   990   326
 2126     972   970   857   856
 2127     970   836   972   326
 2128     970   836   856   972
 2129     866   871   860   586
 2130     839   837   979   836
 2131     836   783   980   326
 2132     380   326   980   783
 2133     871   873   985   554
 2134     972   836   979   980
 2135     380   783   980   837
 2136     862   864   859   860
 2137     859   860   863   586
 2138     865   863   988   586
 2139     871   862   860   986
 2140     846   856   979   849
 2141     849   976   846   586
 2142     104   107   208   103
 2143     841   836   856   855
 2144     837   845   985   554
 2145     586   988   893   892
 2146     760   830   759   819
 2147     891   977   890   586
 2148     979   837   846   845
 2149     859   864   863   860
 2150     986   860   987   863
 2151     992   959   862   864
 2152     862   993   992   986
 2153     838   545   850   542
 2154     992   860   863   864
 2155     856   836   857   972
 2156     985   868   873   871
 2157     979   837   985   980
 2158     856   836   839   979
 2159     839   841   856   854
 2160     980   836   979   783
 2161     837   783   979   836
 2162     980   783   979   837
 2163     155    84   146   147
 2164     858   977   976   586
 2165    1153  1190  1193  1200
 2166     849   979   846   976
 2167     845   985   979   837
 2168     959   993   875   326
 2169     857   856   851   849
 2170     985   845   979   982
 2171     871   873   866   868
 2172     861   586   893   894
 2173     983   987   586   988
 2174     867   861   895   586
 2175     866   868   860   871
 2176     871   862   868   860
 2177     586   860   861   859
 2178     959   992   862   993
 2179     984   999   889   978
 2180     839   856   979   846
 2181     860   586   987   863
 2182     860   871   987   586
 2183     586   859   865   863
 2184     861   586   867   860
 2185     895   586   886   872
 2186     895   867   886   878
 2187     380   381   507   326
 2188     872   586   886   887
 2189     872   878   886   867
 2190     861   865   893   586
 2191     872   887   886   878
 2192     979   858   851   857
 2193     979   839   846   837
 2194     586   557   982   845
 2195     871   557   982   586
 2196     987   986   982   871
 2197     985   871   982   986
 2198     554   845   982   557
 2199     985   845   982   554
 2200     554   871   982   985
 2201     554   557   982   871
 2202     849   847   851   586
 2203     852   974   851   586
 2204     976   586   851   858
 2205     586   974   851   858
 2206     857   856   849   979
 2207     984   978   889   974
 2208     979   845   846   982
 2209     976   982   846   586
 2210     845   586   846   982
 2211     849   586   851   976
 2212     976   979   851   849
 2213     976   858   851   979
 2214     842   882   843   586
 2215     844   882   883   843
 2216     586   847   843   846
 2217     846   842   843   586
 2218     846   847   843   849
 2219     883   847   848   843
 2220     586   988   892   891
 2221     586   977   890   974
 2222    1153  1151  1208  1194
 2223     883   884   848   885
 2224     848   880   881   883
 2225     974   975   888   852
 2226    1191  1227  1130  1199
 2227     989   891   890  1000
 2228     989   984   890   891
 2229    1000   984   890   989
 2230     984   977   891   989
 2231     989   983   891   988
 2232     586   988   891   983
 2233     983   977   891   586
 2234     989   977   891   983
 2235     988   893   994   865
 2236     989   988   892   994
 2237     891   988   892   989
 2238     852   586   885   888
 2239     867   866   860   872
 2240    1000   891   892   989
 2241    1000   989   892   994
 2242     586   847   883   843
 2243     880   882   883   844
 2244     885   975   884   853
 2245     984   974   889   890
 2246     890   999   889   984
 2247     978   999   889   998
 2248     865   861   893   996
 2249     994   865   893   996
 2250     992   862   860   864
 2251    1079   944  1098   968
 2252    1001   996   893  1002
 2253    1001  1002   893   892
 2254    1001   994   893   996
 2255     892   994   893  1001
 2256     748   752   797   937
 2257     895   867   878   876
 2258    1130  1227  1225  1195
 2259     996   894   861   893
 2260     996  1003  1002   877
 2261     964   966  1099   967
 2262     958   326   611   960
 2263     895   867   876   861
 2264     877   898   876   894
 2265     895   894   876   898
 2266     877   894   876   861
 2267     895   861   876   894
 2268     960   326   995   959
 2269    1155  1156  1207  1149
 2270     565   596   594   595
 2271     990   993   785   862
 2272     876   895   896   878
 2273     876   898   896   895
 2274     959   326   995   993
 2275     791   792   965   793
 2276     895   586   872   867
 2277     872   867   886   895
 2278     870   601   599   887
 2279     878   887   886   879
 2280     993   326   995   991
 2281     326   875   958   786
 2282    1096  1130  1195  1193
 2283     886   887   897   879
 2284    1098   968  1102  1079
 2285    1145  1093  1148  1191
 2286    1050   963  1051   942
 2287     923   674   619   922
 2288     787   736   788   961
 2289     315   368   488   291
 2290    1193  1199  1195  1194
 2291     326   959   960   875
 2292     959   993   862   875
 2293     888   974   889   978
 2294     272    33   206   105
 2295     963   942   962   735
 2296     793   792   965   966
 2297    1079   968  1102  1039
 2298     364   368   488   737
 2299     235   291   284   292
 2300     311   310   274   312
 2301    1037   945   714   943
 2302     272   310   274   252
 2303     748   796   742   752
 2304     391   738   514   368
 2305     791   790   516   517
 2306     518   792   517   790
 2307     965   966  1099   964
 2308     227   128   327   312
 2309    1195  1133  1225  1096
 2310     739   968   944  1039
 2311     794   793   391   790
 2312     968   739   944   794
 2313     793   792   790   791
 2314     368   794   391   738
 2315     612   960   611   326
 2316     569   595   572   598
 2317     794   738   964   790
 2318     965   966   964   967
 2319     715   716   475   740
 2320     739   945   737   714
 2321     511   513   487   388
 2322     212   111   208   271
 2323     943   736   737   714
 2324     487   736   362   364
 2325     617  1227  1047  1046
 2326     962   736   943   961
 2327    1094  1050  1095  1097
 2328    1190  1191  1130  1199
 2329     964   794   944   738
 2330    1193  1131  1195  1096
 2331     788   736   962   961
 2332     491   771   767   492
 2333     537   536   533   532
 2334     518   517   318   316
 2335     968   794   944   964
 2336    1049  1072  1035  1077
 2337     965   966   967   793
 2338    1096  1131  1195  1133
 2339     967   794   964   793
 2340     790   793   964   794
 2341     791   793   964   790
 2342     965   793   964   791
 2343     759   758   822   829
 2344     964   968  1098   944
 2345     967   794   968   964
 2346     738   794   944   739
 2347     963   735   962   789
 2348     788   789   962   735
 2349     735   736   962   788
 2350     942   736   962   735
 2351     829   758   822   826
 2352     617  1046  1047   991
 2353    1099   967  1098   964
 2354    1100   967  1098  1099
 2355    1046  1227  1047  1191
 2356    1200  1199  1193  1194
 2357    1145  1147  1148  1093
 2358    1050   942  1051  1052
 2359    1191  1092  1047  1046
 2360     995   617  1047   991
 2361    1039  1079  1080  1102
 2362    1100   967  1101  1098
 2363    1099   966  1100   967
 2364    1039   944   945  1079
 2365    1130  1227  1195  1199
 2366     813   969   816   817
 2367    1157  1080  1132  1079
 2368     617  1223  1225  1226
 2369    1152  1149  1208  1153
 2370     824   492   535   758
 2371    1052  1095  1051  1050
 2372    1207  1149  1154  1206
 2373     817   969   816   760
 2374     338   336   639   674
 2375     807   756   757   814
 2376     714   945   737   943
 2377    1098  1099  1155  1156
 2378    1151  1157  1194  1132
 2379    1153  1201  1152  1192
 2380    1079  1151  1132  1157
 2381    1156  1098  1149  1155
 2382    1096  1050  1077  1049
 2383     617  1226  1225  1227
 2384    1154  1206  1152  1207
 2385    1156  1099  1155  1100
 2386    1152  1153  1208  1201
 2387     360   425   433   356
 2388    1155  1098  1149  1150
 2389    1206  1155  1207  1150
 2390    1098  1099  1156  1100
 2391    1153  1200  1208  1201
 2392    1206  1150  1207  1149
 2393    1039  1079  1078  1080
 2394    1207  1149  1208  1152
 2395    1204  1203  1152  1205
 2396     830   817   760   969
 2397    1079  1102  1157  1080
 2398    1028  1067  1119  1121
 2399    1149  1098  1157  1151
 2400    1149  1156  1157  1098
 2401    1151  1098  1157  1079
 2402    1102  1079  1157  1098
 2403    1098  1156  1157  1101
 2404    1101  1102  1157  1098
 2405    1094  1093  1148  1147
 2406    1225   617   618  1223
 2407    1192  1190  1153  1200
 2408    1192  1201  1152  1204
 2409    1095  1094  1148  1147
 2410    1097  1094  1148  1095
 2411     923  1027   625  1029
 2412    1185  1096  1225  1133
 2413    1096  1052  1077  1050
 2414    1194  1200  1208  1153
 2415    1153  1149  1208  1151
 2416    1194  1151  1193  1153
 2417     942   962   943  1050
 2418    1201  1192  1153  1200
 2419    1200  1190  1193  1199
 2420    1154  1203  1152  1206
 2421    1207  1206  1152  1202
 2422    1207  1202  1152  1201
 2423    1204  1201  1152  1202
 2424    1202  1203  1152  1204
 2425    1206  1203  1152  1202
 2426    1149  1156  1208  1157
 2427    1207  1156  1208  1149
 2428     801   809   812   803
 2429     816   812   969   813
 2430    1227  1191  1130  1047
 2431    1096  1130  1225  1195
 2432    1096  1048  1225  1130
 2433    1191  1093  1130  1047
 2434    1148  1093  1130  1191
 2435    1047  1093  1130  1048
 2436    1148  1094  1130  1093
 2437    1048  1093  1130  1094
 2438    1130  1094  1096  1048
 2439     617  1227  1225  1047
 2440     747   803   802   800
 2441     764   766   760   694
 2442    1132  1133  1131  1078
 2443     760   819   759   772
 2444    1049  1048  1185  1096
 2445    1193  1194  1131  1151
 2446    1132  1151  1131  1194
 2447    1132  1079  1131  1151
 2448    1078  1079  1131  1132
 2449     332   330   619   397
 2450    1071  1078  1077  1133
 2451    1048  1094  1096  1049
 2452    1097  1052  1096  1050
 2453     612  1125   904  1033
 2454    1148  1094  1096  1130
 2455    1148  1097  1096  1094
 2456    1094  1050  1096  1049
 2457    1097  1050  1096  1094
 2458     945  1077   943  1037
 2459     694   761   760   946
 2460    1039   739   945   944
 2461    1024  1022  1025  1021
 2462    1039   739   714   945
 2463    1047  1227  1225  1130
 2464    1049  1077  1035   943
 2465     786   326   611   958
 2466    1033  1035   611   612
 2467     330   399   619   397
 2468     942   736   943   962
 2469    1185  1071  1077  1133
 2470    1096  1049  1077  1185
 2471    1072  1185  1077  1049
 2472     821   819   759   830
 2473    1072  1071  1035  1077
 2474    1185  1133  1077  1096
 2475    1052  1050   943  1077
 2476    1039  1079   945  1078
 2477    1039   945   714  1037
 2478     809   813   804   810
 2479     621   331   623   622
 2480     528   489   519   755
 2481    1049   962   943   961
 2482     571   871   869   558
 2483     511   388   487   387
 2484     716   453   676   693
 2485     739   944   737   945
 2486     715   521   745   476
 2487    1133  1131  1077  1096
 2488    1133  1078  1077  1131
 2489     384   326   327   386
 2490     915   407   638   432
 2491     945  1078  1037  1039
 2492     945  1077  1037  1078
 2493    1071  1078  1037  1077
 2494    1080  1078  1037  1071
 2495    1080  1039  1037  1078
 2496    1052   942   943  1050
 2497    1049  1050   943   962
 2498    1077  1050   943  1049
 2499     439   435   440   453
 2500     621   331   622   401
 2501     812   813   810   946
 2502     527   795   800   798
 2503     690   961  1035   943
 2504     943   961  1035  1049
 2505     764   456   694   756
 2506    1077  1037  1035   943
 2507    1037  1077  1035  1071
 2508     690   943  1035  1037
 2509     749   456   455   762
 2510     787   958   611   961
 2511      39    34   274   272
 2512     915   407   432   434
 2513     225   358   396   353
 2514     398   358   609   674
 2515      39    76   274    34
 2516     904  1031  1123  1064
 2517    1226  1231  1011  1223
 2518     638   923  1029   915
 2519     835   833   834   827
 2520     814   969   760   816
 2521     749   762   455   754
 2522     750   476   477   746
 2523     760   756   764   694
 2524     746   476   477   745
 2525     770   760   772   819
 2526     819   818   816   760
 2527     762   456   767   764
 2528     828   826   833   825
 2529     743   740   744   716
 2530     800   803   805   804
 2531     694   766   768   456
 2532     536   535   834   828
 2533     752   796   753   748
 2534     761   456   440   937
 2535     743   676   693   716
 2536     752   761   694   756
 2537     456   764   694   766
 2538     752   796   797   753
 2539     937   752   797   761
 2540     527   805   808   528
 2541     518   316   318   319
 2542     763   522   529   525
 2543     786   611   787   958
 2544     762   769   767   491
 2545     754   489   478   750
 2546     748   752   937   761
 2547     753   757   797   752
 2548     741   742   745   748
 2549     807   797   756   801
 2550     440   435   425   426
 2551     827   828   834   831
 2552     534   526   533   532
 2553     748   752   694   456
 2554     761   752   694   748
 2555     490   489   478   754
 2556     356   359   433   360
 2557     743   918   693   929
 2558     452   435   454   438
 2559     491   520   523   531
 2560     929   937   928   744
 2561     746   795   745   747
 2562     457   460   462   463
 2563     693   928   743   929
 2564     741   748   795   742
 2565     929   744   928   743
 2566     715   740   745   741
 2567     761   937   676   928
 2568     928   937   676   744
 2569     762   490   455   754
 2570     928   744   676   743
 2571     716   743   676   744
 2572     676   743   693   928
 2573     809   801   804   803
 2574     761   752   797   756
 2575     756   752   797   757
 2576     810   813   817   969
 2577     817   818   832   830
 2578     809   801   812   810
 2579     807   969   816   812
 2580     803   797   807   801
 2581     760   756   694   946
 2582     760   770   765   819
 2583     797   756   946   761
 2584     694   761   946   756
 2585     819   765   760   814
 2586     799   753   797   796
 2587     920   692   919   914
 2588     811   815   763   529
 2589     756   801   797   946
 2590     748   937   797   742
 2591     801   799   797   796
 2592     756   757   814   765
 2593     746   521   745   741
 2594     126   128   327   225
 2595     819   759   773   822
 2596     530   523   525   526
 2597     759   830   829   832
 2598     800   799   798   753
 2599     797   803   807   753
 2600     316   319   317   318
 2601     804   803   805   809
 2602     796   753   798   799
 2603     279   275   328   329
 2604    1229  1213  1217  1215
 2605     797   761   946   937
 2606     620   624   903   905
 2607     692   417   640   407
 2608     477   715   440   937
 2609     510   362   609   398
 2610     451   453   440   475
 2611     835   833   537   834
 2612     611   612   903  1033
 2613     820   531   534   492
 2614     807   801   756   946
 2615     919   692   918   914
 2616     407   434   433   346
 2617     760   765   756   814
 2618     807   756   814   946
 2619     830   818   760   817
 2620     217   338   340   337
 2621     801   812   810   946
 2622     946   801   969   810
 2623     538   535   533   536
 2624     830   818   821   819
 2625     313   254   234   311
 2626     810   813   969   946
 2627     814   946   760   969
 2628     946   813   969   812
 2629     817   818   816   813
 2630     258   257   262   320
 2631     819   818   821   816
 2632     759   832   829   823
 2633     760   770   764   765
 2634     766   764   767   456
 2635     771   820   824   492
 2636     750   476   474   477
 2637     630  1029   631   912
 2638     760   770   772   766
 2639     819   814   760   816
 2640     760   818   816   817
 2641     829   821   822   759
 2642    1173  1229  1217  1230
 2643     534   531   532   492
 2644     156   158    81    80
 2645     823   821   829   759
 2646    1029  1020  1025  1028
 2647     759   821   822   819
 2648     425   436   433   435
 2649     487   390   290   388
 2650     360   436   433   425
 2651     491   820   769   771
 2652     823   832   829   831
 2653     827   826   831   823
 2654     538   536   537   828
 2655     768   766   767   456
 2656     573   601   599   870
 2657     526   523   532   531
 2658     828   827   834   833
 2659     491   530   769   820
 2660     752   456   749   756
 2661     674   432   638   407
 2662     515   517   516   790
 2663      35   207    38   251
 2664     455   456   767   762
 2665     815   530   769   491
 2666     795   748   747   753
 2667     800   524   747   795
 2668     491   520   769   815
 2669     520   815   763   769
 2670     746   476   745   521
 2671     819   772   773   759
 2672     824   538   533   534
 2673     758   826   825   822
 2674     820   492   534   824
 2675     753   803   800   799
 2676     104   271   208    57
 2677      57   271   206   104
 2678     638   912  1029   923
 2679     530   491   815   523
 2680     523   491   815   520
 2681     773   825   758   824
 2682     748   740   745   744
 2683     768   492   767   771
 2684     514   368   488   315
 2685     337   336   639   338
 2686     748   796   795   742
 2687     799   803   800   804
 2688     750   754   455   478
 2689     760   766   768   694
 2690     820   491   492   771
 2691     820   531   492   491
 2692     773   825   822   758
 2693     492   773   824   771
 2694     772   825   822   773
 2695     827   826   828   831
 2696     825   758   828   826
 2697     612   961   611   960
 2698     715   744   440   937
 2699     824   535   533   538
 2700      40   143   149   140
 2701     829   826   828   758
 2702     831   826   828   829
 2703     477   478   440   439
 2704     359   354   360   356
 2705     824   758   535   825
 2706     536   535   532   531
 2707     834   536   537   835
 2708     440   451   474   439
 2709     359   436   439   438
 2710     487   364   290   488
 2711     525   815   763   520
 2712     183   188   181   180
 2713     526   523   533   532
 2714     905   908  1013   906
 2715     537   538   533   536
 2716      85    84   155   192
 2717     523   520   532   531
 2718     825   824   538   535
 2719     822   833   826   825
 2720     532   536   533   535
 2721     833   825   538   828
 2722     803   802   800   805
 2723     828   535   538   536
 2724     196   262   195   256
 2725     535   758   538   825
 2726     828   758   538   535
 2727     828   825   538   758
 2728     750   755   754   489
 2729      41    40   149   146
 2730     391   790   514   738
 2731     523   530   525   815
 2732     819   826   821   822
 2733     826   835   827   833
 2734     828   536   537   834
 2735     834   833   537   828
 2736     820   491   526   531
 2737     523   531   526   491
 2738     491   530   526   523
 2739     820   530   526   491
 2740     523   520   525   522
 2741     747   803   800   753
 2742     527   800   808   805
 2743     535   492   533   532
 2744     535   824   533   492
 2745     534   492   533   824
 2746     532   492   533   534
 2747     763   522   811   529
 2748     759   456   768   758
 2749      33    34   206    28
 2750     524   800   751   527
 2751     520   522   519   490
 2752     870   887   599   586
 2753     768   456   767   492
 2754     478   754   455   490
 2755     771   773   768   492
 2756     762   764   749   456
 2757     800   524   751   747
 2758     527   805   528   800
 2759     795   741   745   748
 2760     514   391   315   316
 2761     800   751   805   802
 2762     586   573   597   870
 2763     753   796   795   748
 2764     798   796   795   753
 2765     747   751   800   802
 2766     252   311   274    39
 2767     388   513   487   390
 2768     755   489   750   527
 2769     527   751   750   755
 2770     519   490   754   489
 2771     691   674   609   358
 2772     763   525   529   815
 2773     918   693   692   926
 2774     805   800   808   751
 2775     805   751   808   802
 2776     519   489   754   755
 2777     795   748   745   747
 2778     527   751   808   800
 2779     762   490   754   763
 2780     273   275   279   212
 2781     530   815   529   525
 2782     763   490   754   519
 2783     327   310   274   326
 2784     313   311   234   312
 2785     808   805   806   528
 2786     289   254   234   313
 2787     750   456   749   752
 2788     391   793   518   790
 2789     528   522   806   811
 2790     771   491   767   769
 2791     478   489   477   750
 2792     811   522   806   529
 2793     756   456   749   764
 2794     797   804   801   803
 2795     528   525   806   522
 2796     529   522   806   525
 2797     524   489   750   521
 2798     475   693   453   716
 2799     528   527   755   808
 2800     528   489   755   527
 2801     806   528   755   808
 2802     524   751   750   527
 2803     527   489   750   524
 2804     739   738   368   737
 2805     525   522   490   763
 2806     525   520   490   522
 2807     763   520   490   525
 2808     790   793   518   792
 2809     739   794   368   738
 2810     524   489   519   527
 2811     527   489   519   528
 2812     528   522   519   527
 2813     811   522   519   528
 2814     763   522   519   811
 2815     490   522   519   763
 2816     745   476   477   715
 2817     755   806   519   528
 2818     811   806   519   755
 2819     811   528   519   806
 2820     789   788   513   735
 2821     316   320   258   319
 2822     475   453   440   716
 2823     512   788   513   789
 2824     512   511   388   513
 2825     518   790   515   391
 2826     258   256   262   157
 2827     788   736   487   735
 2828     131   128   227   234
 2829     510   787   487   511
 2830     788   735   487   513
 2831     517   790   515   518
 2832     511   788   513   512
 2833     368   291   315   292
 2834     389   513   388   390
 2835     316   517   317   516
 2836     235   131   232   156
 2837     320   391   319   316
 2838     515   790   514   391
 2839     510   511   487   387
 2840     131   156   235   236
 2841     570   586   870   573
 2842     329   330   397   399
 2843     599   870   597   573
 2844     738   737   488   368
 2845     211   109   208   110
 2846     488   364   290   291
 2847     317   319   259   318
 2848     315   391   320   316
 2849     364   736   488   487
 2850     364   291   488   368
 2851     290   312   227   387
 2852      28    29   206    56
 2853     382   568   385   383
 2854      81   156   232   131
 2855     515   518   316   517
 2856     110    57   208   111
 2857     318   517   317   316
 2858     316   391   319   518
 2859     227   387   362   290
 2860     515   391   316   518
 2861     196   192   158   157
 2862     507   326   385   386
 2863     514   391   316   515
 2864     157   256   196   192
 2865     262   256   196   157
 2866     368   391   320   315
 2867     315   292   320   368
 2868     257   292   262   320
 2869     384   387   327   312
 2870     597   566   572   573
 2871     336   353   332   674
 2872     512   513   388   389
 2873     571   568   385   382
 2874     290   387   362   487
 2875     573   586   597   566
 2876     382   383   385   326
 2877     509   326   507   508
 2878     382   326   385   507
 2879     872   586   874   871
 2880     326   383   310   382
 2881     738   368   488   514
 2882     478   490   455   491
 2883     611   691   609   690
 2884    1028  1020  1025  1067
 2885     212   273   208   211
 2886     595   566   597   586
 2887     110   109   208   107
 2888     384   386   385   326
 2889     598   595   596   569
 2890     326   383   385   310
 2891     188   256   190   189
 2892     980   326   509   785
 2893     980   380   509   326
 2894     380   558   509   571
 2895     509   873   571   558
 2896     846   856   849   854
 2897     869   586   870   570
 2898     874   879   870   887
 2899     554   558   509   380
 2900     554   873   509   558
 2901     874   887   870   586
 2902     985   873   509   554
 2903     785   862   509   980
 2904     868   862   509   785
 2905     868   509   985   873
 2906     539   550   542   541
 2907     985   990   862   986
 2908     837   980   509   985
 2909     837   380   509   980
 2910     837   554   509   380
 2911     985   554   509   837
 2912     862   509   985   868
 2913     862   980   985   509
 2914     869   874   586   871
 2915     985   862   868   871
 2916     874   869   586   870
 2917     878   896   897   886
 2918     886   879   897   878
 2919     601   600   599   897
 2920     897   887   599   879
 2921     601   879   599   887
 2922     897   879   599   601
 2923     595   565   569   566
 2924     259   319   260   318
 2925      33   207    38    31
 2926     212   211   208   110
 2927     569   566   572   595
 2928     597   601   572   600
 2929     597   595   572   566
 2930     597   573   572   601
 2931     183   173   180   182
 2932     182   188   183   189
 2933     314   254   289   313
 2934      40   140   149   146
 2935     212   271   208   273
 2936     250   207   251   308
 2937     250   143   251    35
 2938     250    35   251   207
 2939     193   256   190   194
 2940     195   194   190   256
 2941     254   233   153   255
 2942     236   257   235   292
 2943     150   143   185   184
 2944     492   828   535   758
 2945     158   192    85   157
 2946     190   189   183   188
 2947     191   256   188   192
 2948     316   319   258   317
 2949     260   193   258   259
 2950     157   257   262   258
 2951     185   143   149   251
 2952      87    82   147    86
 2953      85    41   152    84
 2954     258   320   262   261
 2955     157   156    85   158
 2956     182   189   183   190
 2957     154   253   149   252
 2958      41    35   149    40
 2959     153   254   187   253
 2960     236   157   235   257
 2961     155   192   188   256
 2962     316   315   258   320
 2963     186   150   151   185
 2964     152    41   154   146
 2965     236   262   196   157
 2966      81   156   131   158
 2967     315   291   257   292
 2968     178   150   185   184
 2969     259   317   258   319
 2970     313   390   289   314
 2971     291   292   235   257
 2972      39   311   232   154
 2973     262   157   236   257
 2974     236   157   158   156
 2975     256   193   258   194
 2976      81    80   232   156
 2977      73   271   274    34
 2978     257   292   236   262
 2979     234   131   232   235
 2980      49   105   206    28
 2981     258   320   261   319
 2982     258   193   261   194
 2983     260   193   261   258
 2984     260   194   261   193
 2985     185   178   186   150
 2986     128    76   232    81
 2987     233   254   232   234
 2988     258   319   261   259
 2989     260   259   261   319
 2990     258   259   261   260
 2991     185   253   151   186
 2992     182   189   181   188
 2993     177    86   180   148
 2994     157   156   155    85
 2995      85   192   155   157
 2996      35    41   149    38
 2997     157   192   155   256
 2998      40    84   146    41
 2999     175   174   180   177
 3000     251   143   149    35
 3001     255   254   187   153
 3002     196   256   195   192
 3003     251   184   185   143
 3004     188   191   190   256
 3005     195   256   190   191
 3006      86    82   147   148
 3007     262   258   195   256
 3008     261   258   195   262
 3009      82   140   146   147
 3010      87   191   183   188
 3011     180    86   147   148
 3012     188   191   183   190
 3013     253   187   151   186
 3014     251    35   149    38
 3015     151   253   154   153
 3016     155   192    87   188
 3017     152    84   146   155
 3018     180   188   147    87
 3019     152    85    80    41
 3020     183   188   180    87
 3021     180   182   181   183
 3022      39   311   154   252
 3023      82   140   147   148
 3024     155    84    87   192
 3025      87    84   147    82
 3026      85    84   152   155
 3027      39   252   154    38
 3028     152    41   146    84
 3029      86   173   180   183
 3030      86   177   180   173
 3031     182   173   180   174
 3032     177   174   180   173
 3033     180   174   181   182
 3034     154   252   149    38
 3035     400   331   620   621
 3036     147    84   146    82
 3037     253   252   154   311
 3038     313   390   290   289
 3039     762   491   455   490
 3040      14    19    13    18
 3041      10    21    49    23
 3042     152   156    80    85
 3043     156   158    80    85
 3044     185   253   149   151
 3045     185   251   149   252
 3046     154    41   149   146
 3047      40   140   146    82
 3048      82    84   146    40
 3049     436   435   454   452
 3050     254   233   154   153
 3051     313   312   290   388
 3052     491   520   762   769
 3053     254   253   154   311
 3054     153   253   154   254
 3055     234   312   290   313
 3056    1021   630  1024   631
 3057     131   234   227   284
 3058      34   271    71    73
 3059     234   311   232   128
 3060     284   291   290   364
 3061     212   110   208   111
 3062     290   364   362   284
 3063     154   311   232   254
 3064     478   490   477   489
 3065     104    57   208   107
 3066     329   275   327   225
 3067     388   390   290   313
 3068     476   750   521   746
 3069     440   439   425   435
 3070     918   693   663   692
 3071     343   345   351   346
 3072     761   937   440   676
 3073     254   233   232   154
 3074     290   234   227   312
 3075     128   312   234   311
 3076     210   109   208   211
 3077      39    76   232   311
 3078      81    39   232    80
 3079     272    34   274   206
 3080     290   284   227   234
 3081      73    34   274    76
 3082     131   128   232    81
 3083      81    76   232    39
 3084    1035   961   611   612
 3085     343   347   351   345
 3086     152    80   232   154
 3087     152   156   232    80
 3088     387   510   362   487
 3089     716   453   440   676
 3090     368   737   364   739
 3091     714   739   364   737
 3092     737   736   364   714
 3093     417   437   433   407
 3094     358   362   396   398
 3095     511   788   487   513
 3096     787   788   487   511
 3097     787   736   487   788
 3098     128   312   227   234
 3099     762   491   767   455
 3100     235   234   284   291
 3101     131   234   284   235
 3102     235   292   284   236
 3103     235   236   284   131
 3104     715   744   745   740
 3105     290   487   362   364
 3106     353   346   351   345
 3107     487   510   362   787
 3108     487   787   362   736
 3109     690   736   362   787
 3110     714   736   362   690
 3111     364   736   362   714
 3112     453   692   437   693
 3113     355   352   354   348
 3114     356   349   433   355
 3115     746   741   745   795
 3116     763   769   762   520
 3117     759   758   768   773
 3118     694   456   768   759
 3119     763   520   762   490
 3120     491   492   767   455
 3121     922   674   619   691
 3122     492   456   767   455
 3123     452   439   435   438
 3124      73   271    71   124
 3125     740   716   475   744
 3126     521   524   746   750
 3127     741   524   746   521
 3128     755   763   754   519
 3129     715   521   741   745
 3130     747   751   746   524
 3131     748   456   746   752
 3132     750   524   746   751
 3133     741   524   795   746
 3134     747   524   746   795
 3135     750   752   746   456
 3136     808   811   755   806
 3137     740   742   745   741
 3138     740   748   745   742
 3139     746   748   745   456
 3140     715   937   745   744
 3141     748   744   745   937
 3142     761   748   745   937
 3143     937   456   745   761
 3144     694   761   745   456
 3145     748   761   745   694
 3146     694   456   745   748
 3147     426   435   425   437
 3148     760   694   768   759
 3149     772   759   768   773
 3150     772   760   768   759
 3151     347   349   348   352
 3152     773   758   768   492
 3153     475   476   474   451
 3154     492   758   768   456
 3155     476   489   750   474
 3156     478   750   477   746
 3157     746   745   477   478
 3158     439   436   425   435
 3159     440   716   744   475
 3160     676   453   440   693
 3161     745   456   477   478
 3162     745   937   477   456
 3163     715   937   477   745
 3164     749   750   455   456
 3165     754   750   455   749
 3166     746   750   455   478
 3167     746   456   455   750
 3168     745   746   455   478
 3169     745   456   455   746
 3170     478   456   455   745
 3171     435   438   439   436
 3172     437   407   434   433
 3173     346   432   434   355
 3174     692   927   920   925
 3175     440   453   426   693
 3176     787   690   609   362
 3177     455   438   439   478
 3178     435   453   439   451
 3179     477   491   490   478
 3180     478   438   439   477
 3181     478   492   491   455
 3182     421   420   410   415
 3183     477   438   454   478
 3184     451   440   474   475
 3185     477   438   439   474
 3186     436   438   454   435
 3187     474   438   439   452
 3188     439   452   435   451
 3189     474   452   439   451
 3190     359   438   454   436
 3191     452   477   438   454
 3192     676   937   440   744
 3193     694   761   440   676
 3194     694   456   440   761
 3195     715   476   440   475
 3196     740   715   440   475
 3197     455   456   440   439
 3198     455   478   440   456
 3199     439   478   440   455
 3200     474   477   440   439
 3201     477   476   474   440
 3202     715   740   440   744
 3203     474   475   440   476
 3204     630  1024  1029  1020
 3205     475   744   440   740
 3206     352   347   354   348
 3207     693   453   426   437
 3208     440   435   426   453
 3209     437   453   426   435
 3210     692   426   663   417
 3211     353   345   352   355
 3212     336   353   338   340
 3213     328   278   277   273
 3214     425   349   433   356
 3215     407   432   338   674
 3216     345   344   346   343
 3217     352   353   351   345
 3218     346   432   355   353
 3219     353   345   355   346
 3220     348   355   356   354
 3221     346   344   351   343
 3222     362   227   396   387
 3223     386   327   387   396
 3224     510   787   609   362
 3225     355   345   349   346
 3226     347   349   352   345
 3227     358   227   396   362
 3228     397   398   609   674
 3229     639   336   625   332
 3230     210   278   277   276
 3231     425   437   433   426
 3232     336   674   338   432
 3233     353   344   351   346
 3234    1029   639   630   625
 3235     279   278   328   273
 3236     609   691   619   674
 3237     345   349   348   347
 3238     352   349   348   355
 3239     346   434   433   355
 3240     355   352   356   354
 3241      14    10    18     8
 3242      12    21    49     7
 3243     439   438   360   359
 3244     360   359   433   436
 3245     354   348   360   425
 3246     356   354   360   425
 3247     426   349   433   425
 3248     425   348   356   354
 3249     425   349   356   348
 3250     407   353   338   432
 3251     439   436   360   425
 3252     439   359   360   436
 3253     356   436   433   359
 3254     211   278   210   209
 3255     101   105   206    48
 3256      73   271   124   126
 3257     508   386   396   326
 3258      43    97   101   105
 3259     221   223   124   351
 3260     223   126   124   275
 3261     434   924   437   675
 3262     225   128   327   227
 3263     271   275   124   126
 3264     271   213   124   275
 3265     351   223   124   275
 3266     351   275   124   213
 3267      69   124   112   122
 3268     112   271   111   213
 3269     279   273   328   275
 3270     221   343   122   219
 3271     209   109   210   211
 3272     351   221   122   124
 3273     351   213   122   221
 3274     124   213   122   351
 3275     332   353   340   351
 3276     122   343   120   219
 3277     327   227   396   225
 3278     108   109   209   211
 3279      19    14    63    62
 3280      55    50   100    47
 3281     122   343   117   120
 3282     100    47   101    52
 3283       4    16     8     9
 3284     128    76   274   311
 3285      10     7    49    21
 3286      69    19    64    24
 3287       1     7    10    16
 3288      12   105    49    26
 3289      14    18    13     9
 3290     103    52   104   107
 3291      47    50   100    54
 3292       9    18     8    14
 3293       1    16    10     8
 3294     112   122   117    64
 3295      18    23    62    24
 3296      12   105    48    49
 3297     217   344   340   216
 3298      48    49   206    57
 3299      13    14    63    19
 3300      12    43    48   105
 3301      19    18    62    24
 3302      19    14    62    18
 3303     100    52   104   103
 3304      18    21    10    23
 3305      18    16    10    21
 3306       8    16    10    18
 3307      23    21    49    28
 3308      26    21    49    12
 3309      28    21    49    26
 3310      13    19    63    67
 3311     272    34   206    33
 3312     275   329   279   280
 3313      52    48   101   104
 3314     312   310   327   384
 3315      52    55   103   100
 3316      57   271   111    56
 3317      34   271   206    29
 3318      43   105   101    48
 3319      28    29    56    24
 3320      23    24    56    62
 3321      23    10    56    49
 3322      23    62    56    10
 3323      23    28    56    24
 3324      49    28    56    23
 3325     106    55   103    52
 3326     101    48   206   104
 3327     211   273   210   278
 3328     107    48   104    57
 3329      52    48   104   107
 3330     104    48   206    57
 3331      43    48   101    52
 3332      43    47   101    97
 3333      52    47   101    43
 3334      47    54   101    97
 3335     100    54   101    47
 3336      28    34   206    29
 3337     109   107   110   108
 3338     327   386   387   384
 3339     336   432   338   353
 3340     508   326   398   786
 3341      64   120   117    63
 3342     397   674   619   332
 3343     327   275   274   126
 3344     112    56   111   271
 3345      56    29   206   271
 3346     109   107   108   106
 3347     122   120   117    64
 3348      24    62   112    56
 3349      29   271   112    71
 3350      56   271   112    29
 3351      24    71   112    69
 3352     271   124   112    71
 3353     271   213   112   124
 3354      29    24   112    56
 3355      29    71   112    24
 3356     122   124   112   213
 3357     124    69   112    71
 3358     210   273   277   278
 3359     112   122    64    69
 3360      24    62    64   112
 3361     112    69    64    24
 3362     120    67    64   122
 3363      63    67    64   120
 3364     122    67    64    69
 3365      63    19    64    67
 3366      62    19    64    63
 3367      24    19    64    62
 3368      19    69    64    67
 3369     116   120   118    63
 3370     221   343   117   122
 3371     211   273   279   212
 3372     122   213   117   221
 3373     117   120   116    63
 3374     343   219   217   117
 3375     111   271   212   213
 3376     275   213   212   271
 3377     273   275   212   271
 3378     219   343   217   344
 3379     219   344   217   216
 3380     384   310   327   326
 3381     128   312   274   327
 3382     396   508   510   386
 3383     128   311   274   312
 3384     217   216   116   219
 3385     219   117   116   217
 3386     117   219   116   343
 3387     120   343   116   219
 3388     117   343   116   120
 3389      63    67   118    65
 3390      63   120   118    67
 3391     219   120   118   116
 3392     116   216   118   219
 3393     105   207   272    33
 3394     227   312   327   387
 3395     327   312   274   310
 3396     340   407   346   353
 3397      34    33   272    39
 3398     508   396   510   398
 3399     399   330   331   328
 3400     609   674   619   397
 3401     126    73   274   128
 3402     126   275   274   271
 3403     225   275   327   126
 3404     126   128   274   327
 3405     508   326   396   398
 3406      38    39   272    33
 3407      38    33   272   207
 3408     327   326   396   386
 3409     326   310   272   309
 3410     674   432   398   358
 3411    1024   632   631   912
 3412     639   336   630   625
 3413     311    76   274    39
 3414     282   344   340   217
 3415     353   344   340   351
 3416      38   252   272    39
 3417     309   310   272   252
 3418     308   272   251   309
 3419     326   308   272   207
 3420     309   308   272   326
 3421      38   251   272   252
 3422     207   251   272    38
 3423     309   252   272   251
 3424     272   308   251   207
 3425     996   894  1003   877
 3426     279   329   328   330
 3427     223   353   329   351
 3428     351   275   329   223
 3429     280   212   279   275
 3430     223   225   329   353
 3431     223   275   329   225
 3432     332   329   279   330
 3433     329   330   399   328
 3434     211   278   279   273
 3435    1016   923   903  1031
 3436     611   691   903   619
 3437     225   353   396   329
 3438     327   387   396   227
 3439     327   225   396   329
 3440     271    73   274   126
 3441     272   326   274   310
 3442     338   340   337   336
 3443     358   432   398   353
 3444     340   282   337   336
 3445     210   278   276   209
 3446     330   278   328   279
 3447     221   213   280   351
 3448     351   343   280   221
 3449    1029   912   630   639
 3450     275   213   280   212
 3451     625   923  1016  1027
 3452     351   275   280   329
 3453     351   213   280   275
 3454     332   351   280   353
 3455     329   353   280   351
 3456     332   353   280   329
 3457     221   343   282   117
 3458     280   343   282   221
 3459     280   221   282   213
 3460     117   213   282   221
 3461     338   216   217   340
 3462     328   399   400   331
 3463    1167  1011  1169  1012
 3464     346   344   340   353
 3465     328   278   331   277
 3466     398   674   397   432
 3467     915   912  1029   638
 3468     786   510   609   398
 3469     332   353   397   674
 3470     329   332   397   330
 3471     329   353   397   332
 3472     353   432   397   674
 3473     398   432   397   353
 3474    1029  1027   630  1020
 3475    1110  1014  1062  1061
 3476     396   353   397   329
 3477     398   353   397   396
 3478     331   277   400   328
 3479     639   337   630   336
 3480     277   331   401   276
 3481     400   331   401   277
 3482     625  1027   630  1029
 3483     346   433   349   355
 3484     217   282   337   340
 3485     336   353   340   332
 3486     282   336   340   280
 3487     332   351   340   280
 3488     280   336   340   332
 3489     282   343   340   344
 3490     280   343   340   282
 3491     351   343   340   280
 3492     351   344   340   343
 3493     638   692   915   914
 3494     437   915   638   692
 3495     332   674   639   336
 3496     346   432   407   434
 3497     353   432   407   346
 3498     437   915   692   924
 3499     437   693   663   426
 3500     692   918   640   663
 3501     801   812   946   807
 3502     426   676   693   663
 3503    1064  1031  1123  1028
 3504     693   925   692   926
 3505     920   926   692   925
 3506     693   928   918   663
 3507     928   693   918   929
 3508     692   918   914   640
 3509     477   476   440   715
 3510    1068  1021  1025  1022
 3511     609   611   619   691
 3512     915   407   437   638
 3513     624   330   623   620
 3514     401   400   621   331
 3515     639   912   631   632
 3516     639   674   923   912
 3517     332   674   923   639
 3518    1012  1183   904   612
 3519     358   690   609   691
 3520     611   690   609   787
 3521     398   362   609   358
 3522     331   621   623   620
 3523    1060  1013  1111  1014
 3524    1166  1058  1060  1109
 3525    1049   961   612   960
 3526     904  1183  1123  1125
 3527    1024  1021  1029  1020
 3528     915   432   638   674
 3529     437   924   692   675
 3530     692   927   925   924
 3531     638   923   915   674
 3532     620   330   623   331
 3533     927   692   920   915
 3534     924   434   923   675
 3535     919   692   926   918
 3536     638   692   640   407
 3537     434   923   675   674
 3538     417   437   407   692
 3539     639   912   638   674
 3540     692   638   640   914
 3541     915   923   927   924
 3542    1028  1121  1123  1064
 3543     674   912   638   923
 3544     337   632   639   631
 3545     674   338   638   639
 3546     674   407   638   338
 3547     630   639   631   337
 3548     923   912  1029   639
 3549    1117  1068  1175  1177
 3550    1177  1067  1119  1068
 3551    1116  1173  1217  1219
 3552    1174  1116  1217  1177
 3553    1213  1229  1217  1173
 3554     923   922  1031  1027
 3555     619   330   620   399
 3556     630  1027  1016  1020
 3557     358   362   609   690
 3558    1033   691   611  1035
 3559     624  1015   903   905
 3560     620   619   903   624
 3561    1035   961   612  1049
 3562     611   786   609   326
 3563    1166  1058  1111  1060
 3564    1049   960   612  1048
 3565     786   787   609   510
 3566     400   399   620   331
 3567     908   906  1014  1013
 3568    1072  1125   612  1033
 3569    1072  1033   612  1035
 3570    1035  1049   612  1072
 3571     398   326   609   786
 3572     611   786   787   609
 3573    1049  1048   612  1185
 3574    1072  1183   612  1125
 3575    1049  1185   612  1072
 3576     612  1033   904   903
 3577    1072  1185   612  1183
 3578     908   624   905  1015
 3579     332   619   624   625
 3580     332   330   624   619
 3581    1016  1015   903   625
 3582    1225  1223   618  1185
 3583     623   621   905   620
 3584     619   674   625   332
 3585     923   674   625   619
 3586     923   332   625   674
 3587     639   923   625  1029
 3588    1047   995   618   617
 3589     620   619   624   330
 3590     631  1022   632  1024
 3591    1024   912   631  1029
 3592     630  1021  1024  1020
 3593     630  1024   631  1029
 3594     623   622   906   621
 3595    1226  1223  1011   617
 3596     907   622   906   623
 3597     617  1010  1011  1226
 3598    1010  1168  1011  1209
 3599     623   908   906   907
 3600     908   623   906   905
 3601     905   623   906   621
 3602    1108  1168  1011  1010
 3603    1013   908  1062  1014
 3604     908   623   905   624
 3605     620   624   905   623
 3606    1168  1209  1167  1011
 3607    1010  1231  1011  1226
 3608     612  1183   904  1125
 3609    1060  1165  1110  1166
 3610    1164  1163  1059  1108
 3611    1183  1223   618  1012
 3612     995   326   618   617
 3613    1012  1223  1221  1183
 3614    1185  1223   618  1183
 3615    1011  1012   618  1223
 3616    1011  1223   618   617
 3617     995   612  1048   618
 3618     612   995  1048   960
 3619     611  1033   903   691
 3620    1031   922   903  1033
 3621    1169  1231  1221  1011
 3622    1212  1230  1169  1209
 3623     625   923   903  1016
 3624     625   619   903   923
 3625     923   922   903  1031
 3626     619   922   903   923
 3627     922   691   903  1033
 3628     619   691   903   922
 3629    1048  1047   618  1225
 3630     903  1015   904   905
 3631     904  1112  1063  1113
 3632    1060  1111  1110  1014
 3633    1116  1213  1217  1173
 3634     903  1033   904  1031
 3635    1012  1181   904  1183
 3636    1177  1175  1217  1174
 3637    1173  1230  1217  1219
 3638     903  1016   904  1015
 3639    1031  1016   904   903
 3640    1013  1014  1062  1111
 3641    1012   904  1113  1112
 3642    1166  1109  1059  1058
 3643    1166  1163  1059  1109
 3644    1058  1167  1059  1166
 3645    1166  1167  1059  1163
 3646    1167  1011  1059  1168
 3647    1108  1168  1059  1011
 3648    1012  1011  1059  1167
 3649    1167  1058  1059  1012
 3650    1163  1168  1059  1108
 3651    1167  1168  1059  1163
 3652    1028  1067  1025  1119
 3653    1014   908  1062  1061
 3654    1058  1013  1111  1060
 3655    1014   908  1061   907
 3656    1174  1067  1177  1068
 3657    1215  1174  1217  1175
 3658    1113  1181  1064   904
 3659     904  1015  1063  1013
 3660     904  1181  1123  1183
 3661    1175  1068  1174  1177
 3662    1111  1167  1112  1058
 3663    1012  1058  1112  1167
 3664    1013  1058  1112   904
 3665    1111  1058  1112  1013
 3666     904  1058  1112  1012
 3667    1012  1181  1113   904
 3668    1212  1214  1173  1229
 3669    1013  1015  1062   908
 3670    1110  1111  1062  1014
 3671    1063  1015  1062  1013
 3672    1013  1111  1062  1112
 3673     904  1016  1063  1015
 3674    1063   904  1064  1016
 3675    1031  1016  1064   904
 3676    1174  1213  1217  1116
 3677     904  1033  1123  1031
 3678    1068  1020  1025  1021
 3679    1213  1228  1215  1229
 3680    1011  1231  1221  1223
 3681    1212  1229  1173  1230
 3682    1213  1229  1173  1214
 3683    1169  1011  1221  1012
 3684    1117  1177  1119  1068
 3685    1113  1112  1169  1012
 3686    1167  1012  1169  1112
 3687    1231  1209  1169  1230
 3688    1029  1021  1025  1020
 3689    1011  1223  1221  1012
 3690    1011  1209  1169  1231
 3691    1167  1209  1169  1011
 3692    1183  1181  1221  1012
 3693    1219  1230  1221  1169
 3694    1113  1012  1221  1181
 3695    1169  1113  1221  1219
 3696    1169  1230  1221  1231
 3697    1173  1230  1219  1169
 3698    1169  1113  1219  1173
 3699     743   918   926   693
 3700     711   707   724   710
 3701    1219  1116  1179  1217
 3702    1173  1113  1219  1116
 3703     444   449   450   448
 3704    1016  1027  1028  1020
 3705     755   763   519   811
 3706    1029  1020  1028  1027
 3707     914   692   915   920
 3708    1027  1024  1028  1029
 3709    1068  1022  1025  1119
 3710    1031  1016  1028  1064
 3711    1215  1213  1217  1174
 3712    1064  1016  1028  1020
 3713     814   756   760   946
 3714     448   457   444   449
 3715    1016  1031  1028   923
 3716    1027   923  1028  1031
 3717    1016   923  1028  1027
 3718    1067  1121  1028  1064
 3719    1064  1020  1028  1067
 3720    1067  1177  1179  1116
 3721    1067  1121  1179  1177
 3722    1221  1181  1179  1113
 3723    1221  1113  1179  1219
 3724    1064  1067  1179  1116
 3725    1064  1121  1179  1067
 3726    1116  1113  1179  1064
 3727    1113  1181  1179  1064
 3728    1064  1181  1179  1123
 3729    1123  1121  1179  1064
 3730     407   433   417   346
 3731     918   743   926   919
 3732    1028  1024  1025  1029
 3733    1068  1067  1025  1020
 3734    1119  1067  1025  1068
 3735     631  1022  1024  1021
 3736     692   426   437   663
 3737     883   884   881   848
 3738     457   449   463   459
 3739     636   420   642   415
 3740     662   650   653   654
 3741     417   433   426   349
 3742     800   795   747   753
 3743     423   672   431   668
 3744     809   813   810   812
 3745     743   918   929   919
 3746     997   978   975   888
 3747     717   482   466   480
 3748     766   772   760   768
 3749     750   476   521   489
 3750     589   560   555   561
 3751     589   561   555   556
 3752     444   446   441   447
 3753     632   337   639   338
 3754     233   314   254   289
 3755     882   582   842   577
 3756     882   577   842   844
 3757     915   692   924   927
 3758     452   477   474   438
 3759     815   820   769   530
 3760     720   484   469   482
 3761     565   596   595   569
 3762     462   465   479   480
 3763     437   417   426   692
 3764     760   770   766   764
 3765     460   457   458   449
 3766     426   676   440   693
 3767     797   803   753   799
 3768     807   797   757   756
 3769     663   692   417   640
 3770     431   684   446   672
 3771     656   442   664   423
 3772     434   924   923   915
 3773    1052  1095  1050  1097
 3774     650   222   350   342
 3775     996   894   893  1003
 3776     996  1003   893  1002
 3777     797   753   807   757
 3778     803   812   801   807
 3779     797   804   803   799
# Generated by ./tetgen /home/yuzhang/repos/Gaia/Data/mesh_models/UnitTest/Teapot/teapot.ply 
