$MeshFormat
2.2 0 8
$EndMeshFormat
$Nodes
1232
1 -0.16029399999999999 0.57572900000000005 0.166654
2 -3.8000000000000002e-05 0.59672899999999995 0.166654
3 -0.149894 0.53874500000000003 0.122654
4 -0.16819400000000001 0.60422900000000002 0.22120899999999999
5 -3.8000000000000002e-05 0.62632900000000002 0.22120899999999999
6 -0.30324899999999999 0.51634500000000005 0.166654
7 -0.28374899999999997 0.483045 0.122654
8 -3.8000000000000002e-05 0.55832899999999996 0.122654
9 0.160217 0.57572900000000005 0.166654
10 0.16821700000000001 0.60422900000000002 0.22120899999999999
11 0.14993999999999999 0.53874500000000003 0.122654
12 -0.139594 0.50164500000000001 0.088654999999999998
13 -3.8000000000000002e-05 0.51994499999999999 0.088654999999999998
14 0.31829499999999999 0.54184500000000002 0.22120899999999999
15 0.30329499999999998 0.51634500000000005 0.166654
16 -0.17139399999999999 0.61562899999999998 0.287163
17 -3.8000000000000002e-05 0.63812899999999995 0.287163
18 -0.318249 0.54184500000000002 0.22120899999999999
19 0.171317 0.61562899999999998 0.287163
20 0.324295 0.552145 0.287163
21 -0.16969400000000001 0.60962899999999998 0.36081800000000003
22 -3.8000000000000002e-05 0.63182899999999997 0.36081800000000003
23 -0.32424900000000001 0.552145 0.287163
24 0.16961699999999999 0.60962899999999998 0.36081800000000003
25 0.32109500000000002 0.54664500000000005 0.36081800000000003
26 -0.164994 0.59282900000000005 0.43787300000000001
27 -3.8000000000000002e-05 0.61452899999999999 0.43787300000000001
28 -0.32104899999999997 0.54664500000000005 0.36081800000000003
29 0.165017 0.59282900000000005 0.43787300000000001
30 0.31229499999999999 0.53164500000000003 0.43787300000000001
31 -0.157994 0.56752899999999995 0.51752699999999996
32 -3.8000000000000002e-05 0.588229 0.51752699999999996
33 -0.312249 0.53164500000000003 0.43787300000000001
34 0.157917 0.56752899999999995 0.51752699999999996
35 0.29889500000000002 0.50894499999999998 0.51752699999999996
36 -3.8000000000000002e-05 0.55542899999999995 0.59918199999999999
37 -0.29894900000000002 0.50894499999999998 0.51752699999999996
38 -0.149094 0.53584500000000002 0.59918199999999999
39 0.14913899999999999 0.53584500000000002 0.59918199999999999
40 0.28219499999999997 0.480545 0.59918199999999999
41 -3.8000000000000002e-05 0.51814499999999997 0.68213599999999996
42 0.13914000000000001 0.49984499999999998 0.68213599999999996
43 -0.13169400000000001 0.47314499999999998 0.063899999999999998
44 -3.8000000000000002e-05 0.49044500000000002 0.063899999999999998
45 -0.128494 0.46176099999999998 0.047899999999999998
46 -0.249172 0.424261 0.063899999999999998
47 -0.243172 0.41406100000000001 0.047899999999999998
48 -3.8000000000000002e-05 0.47864499999999999 0.047899999999999998
49 0.13163900000000001 0.47314499999999998 0.063899999999999998
50 0.13963900000000001 0.50164500000000001 0.088654999999999998
51 -3.8000000000000002e-05 0.47474499999999997 0.035999999999999997
52 -0.127494 0.458061 0.035999999999999997
53 0.12853999999999999 0.46176099999999998 0.047899999999999998
54 -0.122294 0.43956099999999998 0.024799999999999999
55 -3.8000000000000002e-05 0.45556099999999999 0.024799999999999999
56 0.127439 0.458061 0.035999999999999997
57 0.26419500000000001 0.44986100000000001 0.088654999999999998
58 0.249195 0.424261 0.063899999999999998
59 -0.39642699999999997 0.39646100000000001 0.122654
60 -0.42372700000000002 0.42366100000000001 0.166654
61 -0.26417200000000002 0.44986100000000001 0.088654999999999998
62 -0.36912699999999998 0.36917699999999998 0.088654999999999998
63 0.28369499999999997 0.483045 0.122654
64 0.42375099999999999 0.42366100000000001 0.166654
65 0.39647300000000002 0.39646100000000001 0.122654
66 0.44465100000000002 0.44466099999999997 0.22120899999999999
67 -0.44470500000000002 0.44466099999999997 0.22120899999999999
68 0.45305099999999998 0.45306099999999999 0.287163
69 -0.45310499999999998 0.45306099999999999 0.287163
70 0.44865100000000002 0.44866099999999998 0.36081800000000003
71 -0.44860499999999998 0.44866099999999998 0.36081800000000003
72 0.436251 0.43626100000000001 0.43787300000000001
73 -0.43632700000000002 0.43626100000000001 0.43787300000000001
74 0.41765099999999999 0.417661 0.51752699999999996
75 -0.28224900000000003 0.480545 0.59918199999999999
76 -0.41762700000000003 0.417661 0.51752699999999996
77 0.39437299999999997 0.39436100000000002 0.59918199999999999
78 -0.139094 0.49984499999999998 0.68213599999999996
79 -0.39432699999999998 0.39436100000000002 0.59918199999999999
80 -0.26327200000000001 0.44826100000000002 0.68213599999999996
81 0.263295 0.44826100000000002 0.68213599999999996
82 0.36787300000000001 0.36787700000000001 0.68213599999999996
83 -3.8000000000000002e-05 0.47864499999999999 0.765791
84 -0.128494 0.46176099999999998 0.765791
85 0.12853999999999999 0.46176099999999998 0.765791
86 0.24319499999999999 0.41406100000000001 0.765791
87 -3.8000000000000002e-05 0.46796100000000002 0.78319000000000005
88 0.125639 0.451461 0.78319000000000005
89 -0.33984900000000001 0.339777 0.047899999999999998
90 -0.34814899999999999 0.34817700000000001 0.063899999999999998
91 -0.24127199999999999 0.41076099999999999 0.035999999999999997
92 -0.33704899999999999 0.33707700000000002 0.035999999999999997
93 -0.23147200000000001 0.39416099999999998 0.024799999999999999
94 -0.32344899999999999 0.32347700000000001 0.024799999999999999
95 -0.20827200000000001 0.35457699999999998 0.014999999999999999
96 -0.29094900000000001 0.29099399999999997 0.014999999999999999
97 -0.10999399999999999 0.39536100000000002 0.014999999999999999
98 -3.8000000000000002e-05 0.40976099999999999 0.014999999999999999
99 -0.087615999999999999 0.31467699999999998 0.0071000000000000004
100 -0.16569400000000001 0.282194 0.0071000000000000004
101 0.12234 0.43956099999999998 0.024799999999999999
102 0.11004 0.39536100000000002 0.014999999999999999
103 -3.8000000000000002e-05 0.32617699999999999 0.0071000000000000004
104 0.231517 0.39416099999999998 0.024799999999999999
105 0.20821700000000001 0.35457699999999998 0.014999999999999999
106 0.087540000000000007 0.31467699999999998 0.0071000000000000004
107 0.24119499999999999 0.41076099999999999 0.035999999999999997
108 0.24319499999999999 0.41406100000000001 0.047899999999999998
109 0.33707300000000001 0.33707700000000002 0.035999999999999997
110 0.32339499999999999 0.32347700000000001 0.024799999999999999
111 0.33977299999999999 0.339777 0.047899999999999998
112 0.34817300000000001 0.34817700000000001 0.063899999999999998
113 0.36917299999999997 0.36917699999999998 0.088654999999999998
114 -0.48310500000000001 0.283694 0.122654
115 -0.51630500000000001 0.30327700000000002 0.166654
116 -0.449905 0.26419399999999998 0.088654999999999998
117 0.51632900000000004 0.30327700000000002 0.166654
118 0.48305100000000001 0.283694 0.122654
119 0.54182900000000001 0.31827699999999998 0.22120899999999999
120 -0.541883 0.31827699999999998 0.22120899999999999
121 0.55212899999999998 0.32427699999999998 0.287163
122 -0.55208299999999999 0.32427699999999998 0.287163
123 0.54662900000000003 0.321077 0.36081800000000003
124 -0.54668300000000003 0.321077 0.36081800000000003
125 0.53162900000000002 0.31227700000000003 0.43787300000000001
126 -0.53168300000000002 0.31227700000000003 0.43787300000000001
127 0.50892899999999996 0.29897699999999999 0.51752699999999996
128 -0.50900500000000004 0.29897699999999999 0.51752699999999996
129 0.48055100000000001 0.282194 0.59918199999999999
130 -0.48050500000000002 0.282194 0.59918199999999999
131 -0.36782700000000002 0.36787700000000001 0.68213599999999996
132 0.44825100000000001 0.26329399999999997 0.68213599999999996
133 -0.243172 0.41406100000000001 0.765791
134 -0.23017199999999999 0.391961 0.75003600000000004
135 -0.30534899999999998 0.30537700000000001 0.75083599999999995
136 -0.21857199999999999 0.37207699999999999 0.75083599999999995
137 -0.12159399999999999 0.43706099999999998 0.75003600000000004
138 -0.22697200000000001 0.386461 0.765791
139 -0.31714900000000001 0.31717699999999999 0.765791
140 -0.32164900000000002 0.32167699999999999 0.75003600000000004
141 -3.8000000000000002e-05 0.45306099999999999 0.75003600000000004
142 -0.119994 0.43096099999999998 0.765791
143 -0.115494 0.41496100000000002 0.75083599999999995
144 -3.8000000000000002e-05 0.43006100000000003 0.75083599999999995
145 -0.11139400000000001 0.40016099999999999 0.765791
146 -0.21077199999999999 0.358877 0.765791
147 0.121639 0.43706099999999998 0.75003600000000004
148 0.119939 0.43096099999999998 0.765791
149 -3.8000000000000002e-05 0.44666099999999997 0.765791
150 0.11544 0.41496100000000002 0.75083599999999995
151 -3.8000000000000002e-05 0.41476099999999999 0.765791
152 0.11133899999999999 0.40016099999999999 0.765791
153 0.230217 0.391961 0.75003600000000004
154 0.210817 0.358877 0.765791
155 0.21851699999999999 0.37207699999999999 0.75083599999999995
156 0.227017 0.386461 0.765791
157 0.32159500000000002 0.32167699999999999 0.75003600000000004
158 0.317195 0.31717699999999999 0.765791
159 0.33977299999999999 0.339777 0.765791
160 -0.23777200000000001 0.40486100000000003 0.78319000000000005
161 -0.125694 0.451461 0.78319000000000005
162 -0.33984900000000001 0.339777 0.765791
163 -0.23227200000000001 0.39546100000000001 0.79369100000000004
164 -0.122694 0.44096099999999999 0.79369100000000004
165 -0.33224900000000002 0.332177 0.78319000000000005
166 -0.22747200000000001 0.38736100000000001 0.79718999999999995
167 -0.120194 0.43196099999999998 0.79718999999999995
168 -0.32444899999999999 0.32447700000000002 0.79369100000000004
169 -0.118594 0.42616100000000001 0.79369100000000004
170 -0.31784899999999999 0.31787700000000002 0.79718999999999995
171 -0.224472 0.382077 0.79369100000000004
172 -0.223972 0.38127699999999998 0.78319000000000005
173 -0.31294899999999998 0.31297700000000001 0.78319000000000005
174 -3.8000000000000002e-05 0.457061 0.79369100000000004
175 -3.8000000000000002e-05 0.44766099999999998 0.79718999999999995
176 -3.8000000000000002e-05 0.44166100000000003 0.79369100000000004
177 -0.118394 0.425261 0.78319000000000005
178 -3.8000000000000002e-05 0.44076100000000001 0.78319000000000005
179 -3.8000000000000002e-05 0.39326100000000003 0.78608999999999996
180 -0.10559399999999999 0.37937700000000002 0.78608999999999996
181 0.118339 0.425261 0.78319000000000005
182 0.11863899999999999 0.42616100000000001 0.79369100000000004
183 0.120239 0.43196099999999998 0.79718999999999995
184 0.122739 0.44096099999999999 0.79369100000000004
185 -3.8000000000000002e-05 0.33797700000000003 0.80118999999999996
186 0.090740000000000001 0.32607700000000001 0.80118999999999996
187 0.10553999999999999 0.37937700000000002 0.78608999999999996
188 0.19981699999999999 0.34017700000000001 0.78608999999999996
189 0.223917 0.38127699999999998 0.78319000000000005
190 0.22441700000000001 0.382077 0.79369100000000004
191 0.227517 0.38736100000000001 0.79718999999999995
192 0.23221700000000001 0.39546100000000001 0.79369100000000004
193 0.237817 0.40486100000000003 0.78319000000000005
194 0.31359500000000001 0.31357699999999999 0.79369100000000004
195 0.31789499999999998 0.31787700000000002 0.79718999999999995
196 0.32449499999999998 0.32447700000000002 0.79369100000000004
197 0.33227299999999999 0.332177 0.78319000000000005
198 -0.41402699999999998 0.24319399999999999 0.047899999999999998
199 -0.42432700000000001 0.249194 0.063899999999999998
200 -0.41072700000000001 0.24119399999999999 0.035999999999999997
201 -0.39412700000000001 0.23149400000000001 0.024799999999999999
202 -0.354549 0.20821000000000001 0.014999999999999999
203 -0.231572 0.23159399999999999 0.0071000000000000004
204 -0.051915999999999997 0.18651000000000001 0.0019
205 -0.098215999999999998 0.16721 0.0019
206 -3.8000000000000002e-05 0.19331000000000001 0.0019
207 0.165717 0.282194 0.0071000000000000004
208 0.051861999999999998 0.18651000000000001 0.0019
209 0.290995 0.29099399999999997 0.014999999999999999
210 0.41075099999999998 0.24119399999999999 0.035999999999999997
211 0.394173 0.23149400000000001 0.024799999999999999
212 0.414051 0.24319399999999999 0.047899999999999998
213 0.42425099999999999 0.249194 0.063899999999999998
214 0.449851 0.26419399999999998 0.088654999999999998
215 -0.53868300000000002 0.14990999999999999 0.122654
216 -0.57578300000000004 0.16020999999999999 0.166654
217 0.60430600000000001 0.16821 0.22120899999999999
218 0.57572900000000005 0.16020999999999999 0.166654
219 -0.60428300000000001 0.16821 0.22120899999999999
220 0.61570599999999998 0.17130999999999999 0.287163
221 -0.61566100000000001 0.17130999999999999 0.287163
222 0.60960599999999998 0.16971 0.36081800000000003
223 -0.60958299999999999 0.16971 0.36081800000000003
224 0.59290600000000004 0.16500999999999999 0.43787300000000001
225 -0.59288300000000005 0.16500999999999999 0.43787300000000001
226 0.56752899999999995 0.15801000000000001 0.51752699999999996
227 -0.56758299999999995 0.15801000000000001 0.51752699999999996
228 0.535829 0.14910999999999999 0.59918199999999999
229 -0.44830500000000001 0.26329399999999997 0.68213599999999996
230 -0.39192700000000003 0.23019400000000001 0.75003600000000004
231 -0.37212699999999999 0.21859400000000001 0.75083599999999995
232 -0.29444900000000002 0.29449399999999998 0.765791
233 0.30539500000000003 0.30537700000000001 0.75083599999999995
234 0.29449500000000001 0.29449399999999998 0.765791
235 0.37207299999999999 0.21859400000000001 0.75083599999999995
236 0.39197300000000002 0.23019400000000001 0.75003600000000004
237 0.414051 0.24319399999999999 0.765791
238 -0.41402699999999998 0.24319399999999999 0.765791
239 -0.40482699999999999 0.23779400000000001 0.78319000000000005
240 -0.39542699999999997 0.23219400000000001 0.79369100000000004
241 -0.31354900000000002 0.31357699999999999 0.79369100000000004
242 -0.38732699999999998 0.227494 0.79718999999999995
243 -0.38132700000000003 0.223994 0.78319000000000005
244 -0.38642700000000002 0.226994 0.765791
245 -0.38212699999999999 0.22439400000000001 0.79369100000000004
246 -0.19977200000000001 0.34017700000000001 0.78608999999999996
247 -0.090716000000000005 0.32607700000000001 0.80118999999999996
248 -0.27914899999999998 0.279194 0.78608999999999996
249 -0.17169400000000001 0.29239399999999999 0.80118999999999996
250 -0.070716000000000001 0.253994 0.81359099999999995
251 -3.8000000000000002e-05 0.26319399999999998 0.81359099999999995
252 0.070638999999999993 0.253994 0.81359099999999995
253 0.13374 0.22769400000000001 0.81359099999999995
254 0.17171700000000001 0.29239399999999999 0.80118999999999996
255 0.23999500000000001 0.23999400000000001 0.80118999999999996
256 0.27919500000000003 0.279194 0.78608999999999996
257 0.31289499999999998 0.31297700000000001 0.78319000000000005
258 0.38647300000000001 0.226994 0.765791
259 0.38137300000000002 0.223994 0.78319000000000005
260 0.38217299999999998 0.22439400000000001 0.79369100000000004
261 0.38737300000000002 0.227494 0.79718999999999995
262 0.39537299999999997 0.23219400000000001 0.79369100000000004
263 0.40487299999999998 0.23779400000000001 0.78319000000000005
264 -0.46180500000000002 0.12851000000000001 0.047899999999999998
265 -0.47320499999999999 0.13170999999999999 0.063899999999999998
266 -0.458005 0.12742600000000001 0.035999999999999997
267 -0.439527 0.122326 0.024799999999999999
268 -0.39542699999999997 0.110026 0.014999999999999999
269 -0.28214899999999998 0.16571 0.0071000000000000004
270 -0.137294 0.13721 0.0019
271 -0.167294 0.098225999999999994 0.0019
272 0.23161699999999999 0.23159399999999999 0.0071000000000000004
273 0.098239999999999994 0.16721 0.0019
274 0.35457300000000003 0.20821000000000001 0.014999999999999999
275 0.13724 0.13721 0.0019
276 0.28219499999999997 0.16571 0.0071000000000000004
277 0.45805099999999999 0.12742600000000001 0.035999999999999997
278 0.43955100000000003 0.122326 0.024799999999999999
279 0.46175100000000002 0.12851000000000001 0.047899999999999998
280 0.47315099999999999 0.13170999999999999 0.063899999999999998
281 0.50162899999999999 0.13961000000000001 0.088654999999999998
282 -0.50170499999999996 0.13961000000000001 0.088654999999999998
283 0.53872900000000001 0.14990999999999999 0.122654
284 -0.535883 0.14910999999999999 0.59918199999999999
285 0.49992900000000001 0.13911000000000001 0.68213599999999996
286 -0.49990499999999999 0.13911000000000001 0.68213599999999996
287 -0.437027 0.121626 0.75003600000000004
288 -0.35882700000000001 0.21081 0.765791
289 -0.41492699999999999 0.115526 0.75083599999999995
290 0.358873 0.21081 0.765791
291 0.41495100000000001 0.115526 0.75083599999999995
292 0.43705100000000002 0.121626 0.75003600000000004
293 0.46175100000000002 0.12851000000000001 0.765791
294 -0.46180500000000002 0.12851000000000001 0.765791
295 -0.45150499999999999 0.12562599999999999 0.78319000000000005
296 -0.44092700000000001 0.122726 0.79369100000000004
297 -0.43192700000000001 0.120226 0.79718999999999995
298 -0.42522700000000002 0.118326 0.78319000000000005
299 -0.430927 0.119926 0.765791
300 -0.42612699999999998 0.118626 0.79369100000000004
301 -0.23997199999999999 0.23999400000000001 0.80118999999999996
302 -0.34024900000000002 0.19980999999999999 0.78608999999999996
303 -0.133794 0.22769400000000001 0.81359099999999995
304 -0.29244900000000001 0.17171 0.80118999999999996
305 -0.186894 0.18690999999999999 0.81359099999999995
306 -0.093116000000000004 0.15851000000000001 0.82599
307 -0.049216000000000003 0.17671000000000001 0.82599
308 -3.8000000000000002e-05 0.18321000000000001 0.82599
309 0.049161999999999997 0.17671000000000001 0.82599
310 0.093038999999999997 0.15851000000000001 0.82599
311 0.13003899999999999 0.13000999999999999 0.82599
312 0.186917 0.18690999999999999 0.81359099999999995
313 0.227717 0.13371 0.81359099999999995
314 0.29239500000000002 0.17171 0.80118999999999996
315 0.340173 0.19980999999999999 0.78608999999999996
316 0.43095099999999997 0.119926 0.765791
317 0.42525099999999999 0.118326 0.78319000000000005
318 0.426151 0.118626 0.79369100000000004
319 0.43195099999999997 0.120226 0.79718999999999995
320 0.44095099999999998 0.122726 0.79369100000000004
321 0.45145099999999999 0.12562599999999999 0.78319000000000005
322 -0.478605 4.1999999999999998e-05 0.047899999999999998
323 -0.49040499999999998 4.1999999999999998e-05 0.063899999999999998
324 -0.47470499999999999 4.1999999999999998e-05 0.035999999999999997
325 -0.31464900000000001 0.087625999999999996 0.0071000000000000004
326 -0.18649399999999999 0.051926 0.0019
327 -3.8000000000000002e-05 4.1999999999999998e-05 0
328 0.167217 0.098225999999999994 0.0019
329 0.39537299999999997 0.110026 0.014999999999999999
330 0.314695 0.087625999999999996 0.0071000000000000004
331 0.49045100000000003 4.1999999999999998e-05 0.063899999999999998
332 0.478551 4.1999999999999998e-05 0.047899999999999998
333 0.51992899999999997 4.1999999999999998e-05 0.088654999999999998
334 -0.55838299999999996 4.1999999999999998e-05 0.122654
335 -0.59678299999999995 4.1999999999999998e-05 0.166654
336 -0.52000500000000005 4.1999999999999998e-05 0.088654999999999998
337 0.55832899999999996 4.1999999999999998e-05 0.122654
338 0.59680599999999995 4.1999999999999998e-05 0.166654
339 0.625606 4.1999999999999998e-05 0.21990899999999999
340 -0.60888299999999995 0.039842000000000002 0.198709
341 0.61770599999999998 0.085926000000000002 0.23590900000000001
342 -0.624861 0.063825999999999994 0.25956400000000002
343 -0.63116099999999997 0.039842000000000002 0.27756399999999998
344 0.61330600000000002 0.15431 0.34171800000000002
345 0.61940600000000001 0.13721 0.283163
346 0.70018400000000003 0.13391 0.30776300000000001
347 0.71108400000000005 0.083725999999999995 0.26696399999999998
348 0.68618400000000002 0.15071000000000001 0.36081800000000003
349 0.787462 0.117826 0.389318
350 0.80316200000000004 0.073625999999999997 0.35811799999999999
351 -0.63186100000000001 4.1999999999999998e-05 0.36081800000000003
352 0.60510600000000003 0.13730999999999999 0.39971800000000002
353 0.67208400000000001 0.13391 0.41391800000000001
354 0.60100600000000004 0.085725999999999997 0.44477299999999997
355 0.76696200000000003 0.13250999999999999 0.42987300000000001
356 0.66120599999999996 0.083725999999999995 0.45477299999999998
357 0.74648400000000004 0.117826 0.47037299999999999
358 -0.614483 4.1999999999999998e-05 0.43787300000000001
359 0.588306 4.1999999999999998e-05 0.51752699999999996
360 0.80966199999999999 0.108926 0.51752699999999996
361 0.83266200000000001 0.096825999999999995 0.49007299999999998
362 -0.588283 4.1999999999999998e-05 0.51752699999999996
363 0.55542899999999995 4.1999999999999998e-05 0.59918199999999999
364 -0.55538299999999996 4.1999999999999998e-05 0.59918199999999999
365 0.51812899999999995 4.1999999999999998e-05 0.68213599999999996
366 -0.51760499999999998 0.063825999999999994 0.664682
367 -0.49850499999999998 0.039842000000000002 0.71253599999999995
368 -0.52670499999999998 0.039842000000000002 0.65138200000000002
369 0.478551 4.1999999999999998e-05 0.765791
370 -0.478605 4.1999999999999998e-05 0.765791
371 -0.400227 0.111426 0.765791
372 -0.37942700000000001 0.105626 0.78608999999999996
373 -0.227772 0.13371 0.81359099999999995
374 -0.32604899999999998 0.090726000000000001 0.80118999999999996
375 -0.13009399999999999 0.13000999999999999 0.82599
376 -0.25397199999999998 0.070725999999999997 0.81359099999999995
377 -0.158494 0.093126 0.82599
378 -0.079516000000000003 0.079525999999999999 0.84104500000000004
379 -0.056916000000000001 0.096825999999999995 0.84104500000000004
380 -0.030016000000000001 0.108026 0.84104500000000004
381 -3.8000000000000002e-05 0.111926 0.84104500000000004
382 0.030061999999999998 0.108026 0.84104500000000004
383 0.056862000000000003 0.096825999999999995 0.84104500000000004
384 0.07954 0.079525999999999999 0.84104500000000004
385 0.15851699999999999 0.093126 0.82599
386 0.096839999999999996 0.056925999999999997 0.84104500000000004
387 0.17671700000000001 0.049225999999999999 0.82599
388 0.25399500000000003 0.070725999999999997 0.81359099999999995
389 0.326073 0.090726000000000001 0.80118999999999996
390 0.37937300000000002 0.105626 0.78608999999999996
391 0.400173 0.111426 0.765791
392 0.46795100000000001 4.1999999999999998e-05 0.78319000000000005
393 -0.45550499999999999 4.1999999999999998e-05 0.024799999999999999
394 -0.409827 4.1999999999999998e-05 0.014999999999999999
395 -0.32614900000000002 4.1999999999999998e-05 0.0071000000000000004
396 -0.19337199999999999 4.1999999999999998e-05 0.0019
397 0.18651699999999999 0.051926 0.0019
398 0.32617299999999999 4.1999999999999998e-05 0.0071000000000000004
399 0.19331699999999999 4.1999999999999998e-05 0.0019
400 0.409773 4.1999999999999998e-05 0.014999999999999999
401 0.45555099999999998 4.1999999999999998e-05 0.024799999999999999
402 0.47475099999999998 4.1999999999999998e-05 0.035999999999999997
403 -0.61996099999999998 0.071826000000000001 0.23810899999999999
404 -0.61556100000000002 0.063825999999999994 0.216809
405 -0.71263799999999999 0.071826000000000001 0.28776400000000002
406 -0.71143800000000001 0.063825999999999994 0.30736400000000003
407 -0.71393799999999996 0.063825999999999994 0.26826299999999997
408 0.71538400000000002 4.1999999999999998e-05 0.25060900000000003
409 -0.79411600000000004 0.063825999999999994 0.32506299999999999
410 -0.71493799999999996 0.039842000000000002 0.25326399999999999
411 -0.85541599999999995 0.063825999999999994 0.38531799999999999
412 -0.84051600000000004 0.071826000000000001 0.40011799999999997
413 -0.78523799999999999 0.071826000000000001 0.34211799999999998
414 -0.80081599999999997 0.039842000000000002 0.311863
415 -0.77643799999999996 0.063825999999999994 0.35921799999999998
416 -0.76963800000000004 0.039842000000000002 0.37231799999999998
417 -0.71043800000000001 0.039842000000000002 0.32236300000000001
418 0.80946200000000001 4.1999999999999998e-05 0.34561799999999998
419 -0.898594 0.063825999999999994 0.44777299999999998
420 -0.87919400000000003 0.071826000000000001 0.45957300000000001
421 -0.86691600000000002 0.039842000000000002 0.37391799999999997
422 -0.82561600000000002 0.063825999999999994 0.41481800000000002
423 -0.85981600000000002 0.063825999999999994 0.471273
424 -0.84501599999999999 0.039842000000000002 0.48027300000000001
425 -0.81421600000000005 0.039842000000000002 0.42617300000000002
426 0.85043999999999997 0.060526000000000003 0.46907300000000002
427 0.85743999999999998 4.1999999999999998e-05 0.460673
428 -0.92399399999999998 0.063825999999999994 0.51122699999999999
429 -0.90189399999999997 0.071826000000000001 0.51832699999999998
430 -0.91339400000000004 0.039842000000000002 0.43877300000000002
431 -0.87979399999999996 0.063825999999999994 0.52542699999999998
432 -0.86281600000000003 0.039842000000000002 0.53092700000000004
433 0.60590599999999994 4.1999999999999998e-05 0.46377299999999999
434 0.730684 0.073625999999999997 0.50157200000000002
435 0.65690599999999999 4.1999999999999998e-05 0.47107300000000002
436 0.76886200000000005 0.060526000000000003 0.56592699999999996
437 0.78656199999999998 0.096825999999999995 0.54482699999999995
438 0.72438400000000003 4.1999999999999998e-05 0.51402700000000001
439 0.86463999999999996 0.075826000000000005 0.59598200000000001
440 0.88434000000000001 0.047326 0.58432700000000004
441 0.89224000000000003 4.1999999999999998e-05 0.579627
442 -0.93239399999999995 0.063825999999999994 0.57432700000000003
443 -0.940994 0.039842000000000002 0.50572700000000004
444 -0.90929400000000005 0.071826000000000001 0.57432700000000003
445 -0.919794 0.063825999999999994 0.62698200000000004
446 -0.89739400000000002 0.071826000000000001 0.61968199999999996
447 -0.95009399999999999 0.039842000000000002 0.57432700000000003
448 -0.88629400000000003 0.063825999999999994 0.57432700000000003
449 -0.87509400000000004 0.063825999999999994 0.61238199999999998
450 -0.85791600000000001 0.039842000000000002 0.60678200000000004
451 -0.86851599999999995 0.039842000000000002 0.57432700000000003
452 0.79376199999999997 0.047326 0.63788199999999995
453 0.81346200000000002 0.075826000000000005 0.62628200000000001
454 0.76176200000000005 4.1999999999999998e-05 0.57432700000000003
455 0.83904000000000001 0.085225999999999996 0.61108200000000001
456 0.93651700000000004 0.037241999999999997 0.68833599999999995
457 0.94641699999999995 4.1999999999999998e-05 0.68663600000000002
458 -0.88229400000000002 0.063825999999999994 0.66228200000000004
459 -0.862016 0.071826000000000001 0.65008200000000005
460 -0.93699399999999999 0.039842000000000002 0.63258199999999998
461 -0.841916 0.063825999999999994 0.63788199999999995
462 -0.803616 0.071826000000000001 0.66858200000000001
463 -0.82001599999999997 0.063825999999999994 0.68363600000000002
464 -0.89779399999999998 0.039842000000000002 0.67163600000000001
465 -0.82631600000000005 0.039842000000000002 0.62858199999999997
466 -0.78731600000000002 0.063825999999999994 0.65338200000000002
467 -0.77473800000000004 0.039842000000000002 0.64178199999999996
468 -0.71213800000000005 0.063825999999999994 0.66138200000000003
469 -0.722638 0.071826000000000001 0.67803599999999997
470 -0.70403800000000005 0.039842000000000002 0.64858199999999999
471 -0.61686099999999999 0.063825999999999994 0.66428200000000004
472 -0.61488299999999996 0.039842000000000002 0.65108200000000005
473 -0.61946100000000004 0.071826000000000001 0.68153600000000003
474 -0.50870499999999996 0.071725999999999998 0.68213599999999996
475 0.84794000000000003 0.059625999999999998 0.70353600000000005
476 0.78586199999999995 4.1999999999999998e-05 0.64258199999999999
477 0.82336200000000004 0.037241999999999997 0.70773600000000003
478 0.87994000000000006 0.067126000000000005 0.69803599999999999
479 0.91193999999999997 0.059625999999999998 0.69253600000000004
480 -0.73313799999999996 0.063825999999999994 0.69463600000000003
481 -0.83251600000000003 0.039842000000000002 0.69533599999999995
482 -0.62206099999999998 0.063825999999999994 0.69873600000000002
483 -0.74123799999999995 0.039842000000000002 0.70743599999999995
484 -0.50170499999999996 0.063825999999999994 0.69923599999999997
485 -0.62406099999999998 0.039842000000000002 0.71193600000000001
486 -0.45300499999999999 4.1999999999999998e-05 0.75003600000000004
487 -0.43012699999999998 4.1999999999999998e-05 0.75083599999999995
488 0.43005100000000002 4.1999999999999998e-05 0.75083599999999995
489 0.45305099999999998 4.1999999999999998e-05 0.75003600000000004
490 0.91113999999999995 0.053226000000000002 0.765791
491 0.95721699999999998 0.059825999999999997 0.765791
492 1.00332 0.053226000000000002 0.765791
493 1.0387 0.033242000000000001 0.765791
494 -0.46790500000000002 4.1999999999999998e-05 0.78319000000000005
495 -0.45700499999999999 4.1999999999999998e-05 0.79369100000000004
496 -0.44770500000000002 4.1999999999999998e-05 0.79718999999999995
497 -0.44072699999999998 4.1999999999999998e-05 0.78319000000000005
498 -0.44670500000000002 4.1999999999999998e-05 0.765791
499 -0.44162699999999999 4.1999999999999998e-05 0.79369100000000004
500 -0.414827 4.1999999999999998e-05 0.765791
501 -0.39322699999999999 4.1999999999999998e-05 0.78608999999999996
502 -0.337949 4.1999999999999998e-05 0.80118999999999996
503 -0.17669399999999999 0.049225999999999999 0.82599
504 -0.26327200000000001 4.1999999999999998e-05 0.81359099999999995
505 -0.096916000000000002 0.056925999999999997 0.84104500000000004
506 -0.183194 4.1999999999999998e-05 0.82599
507 -0.10799400000000001 0.030041999999999999 0.84104500000000004
508 0.108039 0.030041999999999999 0.84104500000000004
509 0.183117 4.1999999999999998e-05 0.82599
510 0.111939 4.1999999999999998e-05 0.84104500000000004
511 0.26319500000000001 4.1999999999999998e-05 0.81359099999999995
512 0.33797300000000002 4.1999999999999998e-05 0.80118999999999996
513 0.39317299999999999 4.1999999999999998e-05 0.78608999999999996
514 0.41475099999999998 4.1999999999999998e-05 0.765791
515 0.44665100000000002 4.1999999999999998e-05 0.765791
516 0.440751 4.1999999999999998e-05 0.78319000000000005
517 0.44165100000000002 4.1999999999999998e-05 0.79369100000000004
518 0.44765100000000002 4.1999999999999998e-05 0.79718999999999995
519 0.45705099999999999 4.1999999999999998e-05 0.79369100000000004
520 0.93001699999999998 0.051625999999999998 0.77649100000000004
521 0.97911700000000002 0.058026000000000001 0.77719099999999997
522 0.87563999999999997 0.033242000000000001 0.765791
523 0.94371700000000003 0.047626000000000002 0.78308999999999995
524 0.99261699999999997 0.053626 0.78439099999999995
525 0.89224000000000003 0.032242 0.77598999999999996
526 0.95121699999999998 0.042526000000000001 0.78549100000000005
527 0.99761699999999998 0.047826 0.78708999999999996
528 0.90603999999999996 0.029742000000000001 0.78208999999999995
529 0.91564000000000001 0.026542 0.78419000000000005
530 0.95161700000000005 0.037442000000000003 0.78339099999999995
531 0.99351699999999998 0.042141999999999999 0.78498999999999997
532 1.0282 0.051625999999999998 0.777891
533 1.0416000000000001 0.047626000000000002 0.78569
534 1.0439000000000001 0.042526000000000001 0.78869100000000003
535 1.0355000000000001 0.037442000000000003 0.78659100000000004
536 1.0659000000000001 0.032242 0.77839100000000006
537 1.0791999999999999 0.029742000000000001 0.78659100000000004
538 1.0794999999999999 0.026542 0.78989100000000001
539 1.0678000000000001 0.023342000000000002 0.78788999999999998
540 -0.045316000000000002 0.045325999999999998 0.86144500000000002
541 -0.055216000000000001 0.032441999999999999 0.86144500000000002
542 -0.032416 0.055225999999999997 0.86144500000000002
543 -0.017115999999999999 0.061525999999999997 0.86144500000000002
544 -0.053716 0.053726000000000003 0.91994500000000001
545 -0.038516000000000002 0.065425999999999998 0.91994500000000001
546 -0.038816000000000003 0.038842000000000002 0.88874500000000001
547 -0.073716000000000004 0.073726 0.95120000000000005
548 -0.052816000000000002 0.089726 0.95120000000000005
549 -0.065416000000000002 0.038542 0.91994500000000001
550 -0.047315999999999997 0.027841999999999999 0.88874500000000001
551 -0.027816 0.047326 0.88874500000000001
552 -0.020316000000000001 0.073025999999999994 0.91994500000000001
553 -0.027916 0.100026 0.95120000000000005
554 -0.014737999999999999 0.052726000000000002 0.88874500000000001
555 -3.8000000000000002e-05 0.063825999999999994 0.86144500000000002
556 -3.8000000000000002e-05 0.075625999999999999 0.91994500000000001
557 -3.8000000000000002e-05 0.103726 0.95120000000000005
558 -3.8000000000000002e-05 0.054626000000000001 0.88874500000000001
559 0.017162 0.061525999999999997 0.86144500000000002
560 0.014662 0.052726000000000002 0.88874500000000001
561 0.020362000000000002 0.073025999999999994 0.91994500000000001
562 0.027962000000000001 0.100026 0.95120000000000005
563 0.038462000000000003 0.065425999999999998 0.91994500000000001
564 0.027761999999999998 0.047326 0.88874500000000001
565 0.032461999999999998 0.055225999999999997 0.86144500000000002
566 0.052762000000000003 0.089726 0.95120000000000005
567 0.053761999999999997 0.053726000000000003 0.91994500000000001
568 0.038862000000000001 0.038842000000000002 0.88874500000000001
569 0.045261999999999997 0.045325999999999998 0.86144500000000002
570 0.073738999999999999 0.073726 0.95120000000000005
571 0.047261999999999998 0.027841999999999999 0.88874500000000001
572 0.055162000000000003 0.032441999999999999 0.86144500000000002
573 0.08974 0.052825999999999998 0.95120000000000005
574 0.065462000000000006 0.038542 0.91994500000000001
575 0.061561999999999999 0.017142000000000001 0.86144500000000002
576 -0.100216 0.058925999999999999 0.97850000000000004
577 -0.089815999999999993 0.052825999999999998 0.95120000000000005
578 -0.10001599999999999 0.027942000000000002 0.95120000000000005
579 -0.082316 0.082325999999999996 0.97850000000000004
580 -0.077016000000000001 0.045325999999999998 0.997699
581 -0.063215999999999994 0.063226000000000004 0.997699
582 -0.111794 0.031241999999999999 0.97850000000000004
583 -0.073015999999999998 0.020341999999999999 0.91994500000000001
584 -0.045316000000000002 0.077025999999999997 0.997699
585 -0.059015999999999999 0.100226 0.97850000000000004
586 -0.085816000000000003 0.023942000000000001 0.997699
587 -3.8000000000000002e-05 4.1999999999999998e-05 1.0051000000000001
588 -0.023916 0.085826 0.997699
589 -0.031216000000000001 0.11172600000000001 0.97850000000000004
590 -3.8000000000000002e-05 0.088926000000000005 0.997699
591 -3.8000000000000002e-05 0.115826 0.97850000000000004
592 0.023962000000000001 0.085826 0.997699
593 0.031161999999999999 0.11172600000000001 0.97850000000000004
594 0.045261999999999997 0.077025999999999997 0.997699
595 0.058962000000000001 0.100226 0.97850000000000004
596 0.063261999999999999 0.063226000000000004 0.997699
597 0.082339999999999997 0.082325999999999996 0.97850000000000004
598 0.076939999999999995 0.045325999999999998 0.997699
599 0.10024 0.058925999999999999 0.97850000000000004
600 0.08584 0.023942000000000001 0.997699
601 0.11174000000000001 0.031241999999999999 0.97850000000000004
602 0.100039 0.027942000000000002 0.95120000000000005
603 -0.46180500000000002 -0.128526 0.047899999999999998
604 -0.47320499999999999 -0.13172600000000001 0.063899999999999998
605 -0.458005 -0.127442 0.035999999999999997
606 -0.439527 -0.12234200000000001 0.024799999999999999
607 -0.39542699999999997 -0.110042 0.014999999999999999
608 -0.31464900000000001 -0.087541999999999995 0.0071000000000000004
609 -0.18649399999999999 -0.051942000000000002 0.0019
610 0.18651699999999999 -0.051942000000000002 0.0019
611 -0.167294 -0.098241999999999996 0.0019
612 0.167217 -0.098241999999999996 0.0019
613 0.13724 -0.13722599999999999 0.0019
614 -0.137294 -0.13722599999999999 0.0019
615 -0.098215999999999998 -0.16722600000000001 0.0019
616 -0.051915999999999997 -0.186526 0.0019
617 -3.8000000000000002e-05 -0.193326 0.0019
618 0.051861999999999998 -0.186526 0.0019
619 0.098239999999999994 -0.16722600000000001 0.0019
620 0.314695 -0.087541999999999995 0.0071000000000000004
621 0.39537299999999997 -0.110042 0.014999999999999999
622 0.43955100000000003 -0.12234200000000001 0.024799999999999999
623 0.45805099999999999 -0.127442 0.035999999999999997
624 0.46175100000000002 -0.128526 0.047899999999999998
625 0.47315099999999999 -0.13172600000000001 0.063899999999999998
626 0.50162899999999999 -0.139626 0.088653999999999997
627 -0.53868300000000002 -0.149926 0.122654
628 -0.60888299999999995 -0.039857999999999998 0.198709
629 -0.57578300000000004 -0.16022600000000001 0.166654
630 -0.50170499999999996 -0.139626 0.088653999999999997
631 0.53872900000000001 -0.149926 0.122654
632 0.57572900000000005 -0.16022600000000001 0.166654
633 0.60430600000000001 -0.16822599999999999 0.22120899999999999
634 -0.71533800000000003 4.1999999999999998e-05 0.24720900000000001
635 -0.61168299999999998 4.1999999999999998e-05 0.19420899999999999
636 -0.71493799999999996 -0.039857999999999998 0.25326399999999999
637 -0.803616 4.1999999999999998e-05 0.30666399999999999
638 -0.61546100000000004 -0.063542000000000001 0.216609
639 0.71108400000000005 -0.083741999999999997 0.26696399999999998
640 0.61770599999999998 -0.085942000000000005 0.23590900000000001
641 0.80316200000000004 -0.073641999999999999 0.35811799999999999
642 -0.80081599999999997 -0.039857999999999998 0.311863
643 -0.87141599999999997 4.1999999999999998e-05 0.36941800000000002
644 -0.71393799999999996 -0.063841999999999996 0.26826299999999997
645 -0.86691600000000002 -0.039857999999999998 0.37391799999999997
646 -0.79411600000000004 -0.063841999999999996 0.32506299999999999
647 -0.71003799999999995 4.1999999999999998e-05 0.32836399999999999
648 -0.76693800000000001 4.1999999999999998e-05 0.37751800000000002
649 -0.71043800000000001 -0.039857999999999998 0.32236300000000001
650 -0.76963800000000004 -0.039857999999999998 0.37231799999999998
651 -0.63816099999999998 4.1999999999999998e-05 0.287163
652 -0.77643799999999996 -0.063841999999999996 0.35921799999999998
653 -0.71143800000000001 -0.063841999999999996 0.30736400000000003
654 -0.63116099999999997 -0.039857999999999998 0.27756399999999998
655 -0.61566100000000001 -0.17132600000000001 0.287163
656 -0.624861 -0.063841999999999996 0.25956400000000002
657 -0.91939400000000004 4.1999999999999998e-05 0.43517299999999998
658 -0.91339400000000004 -0.039857999999999998 0.43877300000000002
659 -0.85541599999999995 -0.063841999999999996 0.38531799999999999
660 -0.81421600000000005 -0.039857999999999998 0.42617300000000002
661 -0.82561600000000002 -0.063841999999999996 0.41481800000000002
662 -0.809616 4.1999999999999998e-05 0.43077300000000002
663 -0.60958299999999999 -0.169626 0.36081800000000003
664 0.85043999999999997 -0.060442000000000003 0.46907300000000002
665 -0.94779400000000003 4.1999999999999998e-05 0.50362700000000005
666 -0.940994 -0.039857999999999998 0.50572700000000004
667 -0.898594 -0.063841999999999996 0.44777299999999998
668 -0.84501599999999999 -0.039857999999999998 0.48027300000000001
669 -0.83901599999999998 4.1999999999999998e-05 0.483873
670 -0.86281600000000003 -0.039857999999999998 0.53092700000000004
671 -0.87979399999999996 -0.063841999999999996 0.52542699999999998
672 -0.85981600000000002 -0.063841999999999996 0.471273
673 -0.856016 4.1999999999999998e-05 0.53312700000000002
674 -0.59288300000000005 -0.16502600000000001 0.43787300000000001
675 0.60100600000000004 -0.085741999999999999 0.44477299999999997
676 0.66120599999999996 -0.083741999999999997 0.45477299999999998
677 0.88434000000000001 -0.047342000000000002 0.58432700000000004
678 -0.95719399999999999 4.1999999999999998e-05 0.57432700000000003
679 -0.95009399999999999 -0.039857999999999998 0.57432700000000003
680 -0.94389400000000001 4.1999999999999998e-05 0.63478199999999996
681 -0.92399399999999998 -0.063841999999999996 0.51122699999999999
682 -0.93699399999999999 -0.039857999999999998 0.63258199999999998
683 -0.93239399999999995 -0.063841999999999996 0.57432700000000003
684 -0.86851599999999995 -0.039857999999999998 0.57432700000000003
685 -0.86151599999999995 4.1999999999999998e-05 0.57432700000000003
686 -0.85791600000000001 -0.039857999999999998 0.60678200000000004
687 -0.87509400000000004 -0.063841999999999996 0.61238199999999998
688 -0.88629400000000003 -0.063841999999999996 0.57432700000000003
689 -0.85101599999999999 4.1999999999999998e-05 0.60458199999999995
690 -0.56758299999999995 -0.15792600000000001 0.51752699999999996
691 0.535829 -0.14912600000000001 0.59918199999999999
692 0.56752899999999995 -0.15792600000000001 0.51752699999999996
693 0.730684 -0.073641999999999999 0.50157200000000002
694 0.76886200000000005 -0.060442000000000003 0.56592699999999996
695 0.93651700000000004 -0.037257999999999999 0.68833599999999995
696 -0.90399399999999996 4.1999999999999998e-05 0.67533600000000005
697 -0.89779399999999998 -0.039857999999999998 0.67163600000000001
698 -0.919794 -0.063841999999999996 0.62698200000000004
699 -0.82631600000000005 -0.039857999999999998 0.62858199999999997
700 -0.841916 -0.063841999999999996 0.63788199999999995
701 -0.82011599999999996 4.1999999999999998e-05 0.62488200000000005
702 -0.76973800000000003 4.1999999999999998e-05 0.63708200000000004
703 -0.77473800000000004 -0.039857999999999998 0.64178199999999996
704 -0.78731600000000002 -0.063841999999999996 0.65338200000000002
705 -0.70073799999999997 4.1999999999999998e-05 0.643482
706 -0.70403800000000005 -0.039857999999999998 0.64858199999999999
707 -0.71213800000000005 -0.063841999999999996 0.66138200000000003
708 -0.61408300000000005 4.1999999999999998e-05 0.64578199999999997
709 -0.61488299999999996 -0.039857999999999998 0.65108200000000005
710 -0.61686099999999999 -0.063841999999999996 0.66428200000000004
711 -0.53428299999999995 4.1999999999999998e-05 0.64598199999999995
712 -0.52670499999999998 -0.039857999999999998 0.65138200000000002
713 -0.535883 -0.14912600000000001 0.59918199999999999
714 -0.51760499999999998 -0.063841999999999996 0.664682
715 0.49992900000000001 -0.139126 0.68213599999999996
716 0.81346200000000002 4.1999999999999998e-05 0.70943599999999996
717 0.79376199999999997 -0.047342000000000002 0.63788199999999995
718 -0.83751600000000004 4.1999999999999998e-05 0.699936
719 -0.83251600000000003 -0.039857999999999998 0.69533599999999995
720 -0.88229400000000002 -0.063841999999999996 0.66228200000000004
721 -0.74443800000000004 4.1999999999999998e-05 0.71253599999999995
722 -0.74123799999999995 -0.039857999999999998 0.70743599999999995
723 -0.82001599999999997 -0.063841999999999996 0.68363600000000002
724 -0.624861 4.1999999999999998e-05 0.71723599999999998
725 -0.62406099999999998 -0.039857999999999998 0.71193600000000001
726 -0.73313799999999996 -0.063841999999999996 0.69463600000000003
727 -0.62206099999999998 -0.063841999999999996 0.69873600000000002
728 -0.50120500000000001 4.1999999999999998e-05 0.71783600000000003
729 -0.49850499999999998 -0.039857999999999998 0.71253599999999995
730 -0.49990499999999999 -0.139126 0.68213599999999996
731 -0.50170499999999996 -0.063841999999999996 0.69923599999999997
732 -0.437027 -0.121642 0.75003600000000004
733 -0.41492699999999999 -0.115442 0.75083599999999995
734 -0.430927 -0.11994199999999999 0.765791
735 -0.400227 -0.111342 0.765791
736 0.400173 -0.111342 0.765791
737 0.41495100000000001 -0.115442 0.75083599999999995
738 0.43705100000000002 -0.121642 0.75003600000000004
739 0.43095099999999997 -0.11994199999999999 0.765791
740 0.46175100000000002 -0.128526 0.765791
741 0.82336200000000004 -0.037257999999999999 0.70773600000000003
742 0.86143999999999998 4.1999999999999998e-05 0.765791
743 0.87563999999999997 -0.033258000000000003 0.765791
744 0.81346200000000002 -0.075742000000000004 0.62628200000000001
745 0.84794000000000003 -0.059642000000000001 0.70353600000000005
746 0.87763999999999998 0.00054199999999999995 0.75093600000000005
747 0.88644000000000001 0.019042 0.75093600000000005
748 0.89334000000000002 4.1999999999999998e-05 0.765791
749 0.88644000000000001 -0.014858 0.75093600000000005
750 0.93681700000000001 0.0073419999999999996 0.75093600000000005
751 0.90834000000000004 0.030141999999999999 0.75093600000000005
752 0.90283999999999998 0.019942000000000001 0.765791
753 0.90834000000000004 -0.019158000000000001 0.75093600000000005
754 0.90283999999999998 -0.016657999999999999 0.765791
755 0.93681700000000001 0.033841999999999997 0.75093600000000005
756 0.92651700000000003 0.031941999999999998 0.765791
757 0.93681700000000001 -0.016057999999999999 0.75093600000000005
758 0.92651700000000003 -0.021257999999999999 0.765791
759 1.0528999999999999 4.1999999999999998e-05 0.765791
760 1.0387 -0.033258000000000003 0.765791
761 1.00332 -0.053142000000000002 0.765791
762 0.91193999999999997 -0.059642000000000001 0.69253600000000004
763 0.96521699999999999 0.030141999999999999 0.75093600000000005
764 0.95721699999999998 0.035942000000000002 0.765791
765 0.96521699999999999 -0.009358 0.75093600000000005
766 0.95721699999999998 -0.017957999999999998 0.765791
767 0.98711700000000002 -0.0025579999999999999 0.75093600000000005
768 0.98711700000000002 0.019042 0.75093600000000005
769 0.99591700000000005 0.00054199999999999995 0.75093600000000005
770 0.98791700000000005 0.031941999999999998 0.765791
771 0.98791700000000005 -0.010658000000000001 0.765791
772 1.0116000000000001 0.019942000000000001 0.765791
773 1.0116000000000001 -0.0033579999999999999 0.765791
774 1.0209999999999999 4.1999999999999998e-05 0.765791
775 -0.46180500000000002 -0.128526 0.765791
776 -0.45150499999999999 -0.125642 0.78319000000000005
777 -0.44092700000000001 -0.122742 0.79369100000000004
778 -0.43192700000000001 -0.120242 0.79718999999999995
779 -0.42522700000000002 -0.118342 0.78319000000000005
780 -0.42612699999999998 -0.118642 0.79369100000000004
781 -0.37942700000000001 -0.105542 0.78608999999999996
782 -0.32604899999999998 -0.090742000000000003 0.80118999999999996
783 -0.25397199999999998 -0.070641999999999996 0.81359099999999995
784 -0.111994 4.1999999999999998e-05 0.84104500000000004
785 -0.17669399999999999 -0.049141999999999998 0.82599
786 0.108039 -0.030058000000000001 0.84104500000000004
787 0.17671700000000001 -0.049141999999999998 0.82599
788 0.25399500000000003 -0.070641999999999996 0.81359099999999995
789 0.326073 -0.090742000000000003 0.80118999999999996
790 0.37937300000000002 -0.105542 0.78608999999999996
791 0.42525099999999999 -0.118342 0.78319000000000005
792 0.426151 -0.118642 0.79369100000000004
793 0.43195099999999997 -0.120242 0.79718999999999995
794 0.44095099999999998 -0.122742 0.79369100000000004
795 0.45145099999999999 -0.125642 0.78319000000000005
796 0.87714000000000003 4.1999999999999998e-05 0.77568999999999999
797 0.89224000000000003 -0.032258000000000002 0.77598999999999996
798 0.91113999999999995 -0.053142000000000002 0.765791
799 0.89104000000000005 4.1999999999999998e-05 0.78169
800 0.90603999999999996 -0.029658 0.78208999999999995
801 0.90134000000000003 4.1999999999999998e-05 0.78369100000000003
802 0.93001699999999998 -0.051541999999999998 0.77649100000000004
803 0.90434000000000003 4.1999999999999998e-05 0.77568999999999999
804 0.91554000000000002 -0.018957999999999999 0.77609099999999998
805 0.91564000000000001 -0.026158000000000001 0.78419000000000005
806 0.90634000000000003 4.1999999999999998e-05 0.78169
807 0.91934000000000005 0.023342000000000002 0.78219099999999997
808 0.94361700000000004 -0.027358 0.776891
809 0.91554000000000002 0.020941999999999999 0.77609099999999998
810 0.91934000000000005 -0.022357999999999999 0.78219099999999997
811 0.94371700000000003 -0.047241999999999999 0.78308999999999995
812 0.94361700000000004 0.033442 0.776891
813 0.95161700000000005 -0.034257999999999997 0.78339099999999995
814 0.95121699999999998 -0.041258000000000003 0.78549100000000005
815 0.980217 -0.027258000000000001 0.77799099999999999
816 0.980217 0.037642000000000002 0.77799099999999999
817 0.99351699999999998 -0.036757999999999999 0.78498999999999997
818 0.99261699999999997 -0.052942000000000003 0.78439099999999995
819 0.99761699999999998 -0.045642000000000002 0.78708999999999996
820 1.0166999999999999 -0.021158 0.77909099999999998
821 1.0166999999999999 0.033442 0.77909099999999998
822 1.0355000000000001 -0.031158000000000002 0.78659100000000004
823 1.0448 -0.011358 0.77998999999999996
824 1.0439000000000001 -0.039857999999999998 0.78869100000000003
825 1.0448 0.020941999999999999 0.77998999999999996
826 1.0561 4.1999999999999998e-05 0.78029000000000004
827 1.0678000000000001 -0.018457999999999999 0.78788999999999998
828 1.0794999999999999 -0.024558 0.78989100000000001
829 1.081 4.1999999999999998e-05 0.77859100000000003
830 1.0659000000000001 -0.032157999999999999 0.77839100000000006
831 1.0282 -0.051541999999999998 0.777891
832 1.0791999999999999 -0.029158 0.78659100000000004
833 1.0416000000000001 -0.046842000000000002 0.78569
834 1.0807 4.1999999999999998e-05 0.78839099999999995
835 1.0943000000000001 4.1999999999999998e-05 0.786991
836 1.0938000000000001 4.1999999999999998e-05 0.79039000000000004
837 -0.10799400000000001 -0.030058000000000001 0.84104500000000004
838 -0.063815999999999998 4.1999999999999998e-05 0.86144500000000002
839 -0.061615999999999997 0.017142000000000001 0.86144500000000002
840 -0.061615999999999997 -0.017158 0.86144500000000002
841 -0.158494 -0.093042 0.82599
842 -0.096916000000000002 -0.056942 0.84104500000000004
843 -0.075616000000000003 4.1999999999999998e-05 0.91994500000000001
844 -0.073015999999999998 -0.020358000000000001 0.91994500000000001
845 -0.10369399999999999 4.1999999999999998e-05 0.95120000000000005
846 -0.054615999999999998 4.1999999999999998e-05 0.88874500000000001
847 -0.052715999999999999 -0.014657999999999999 0.88874500000000001
848 -0.065416000000000002 -0.038457999999999999 0.91994500000000001
849 -0.10001599999999999 -0.027958 0.95120000000000005
850 -0.047315999999999997 -0.027758000000000001 0.88874500000000001
851 -0.052715999999999999 0.014642000000000001 0.88874500000000001
852 -0.038816000000000003 -0.038857999999999997 0.88874500000000001
853 -0.053716 -0.053741999999999998 0.91994500000000001
854 -0.089815999999999993 -0.052842 0.95120000000000005
855 -0.055216000000000001 -0.032458000000000001 0.86144500000000002
856 -0.079516000000000003 -0.079542000000000002 0.84104500000000004
857 -0.045316000000000002 -0.045342 0.86144500000000002
858 -0.032416 -0.055241999999999999 0.86144500000000002
859 -0.027816 -0.047342000000000002 0.88874500000000001
860 0.038862000000000001 -0.038857999999999997 0.88874500000000001
861 0.047261999999999998 -0.027758000000000001 0.88874500000000001
862 0.053761999999999997 -0.053741999999999998 0.91994500000000001
863 0.055162000000000003 -0.032458000000000001 0.86144500000000002
864 0.027761999999999998 -0.047342000000000002 0.88874500000000001
865 0.045261999999999997 -0.045342 0.86144500000000002
866 0.038462000000000003 -0.065442 0.91994500000000001
867 0.052762000000000003 -0.014657999999999999 0.88874500000000001
868 0.065462000000000006 -0.038457999999999999 0.91994500000000001
869 0.061561999999999999 -0.017158 0.86144500000000002
870 0.052762000000000003 0.014642000000000001 0.88874500000000001
871 0.072940000000000005 0.020341999999999999 0.91994500000000001
872 0.054662000000000002 4.1999999999999998e-05 0.88874500000000001
873 0.072940000000000005 -0.020358000000000001 0.91994500000000001
874 0.063862000000000002 4.1999999999999998e-05 0.86144500000000002
875 0.075639999999999999 4.1999999999999998e-05 0.91994500000000001
876 0.096839999999999996 -0.056942 0.84104500000000004
877 0.08974 -0.052842 0.95120000000000005
878 0.073738999999999999 -0.073742000000000002 0.95120000000000005
879 0.100039 -0.027958 0.95120000000000005
880 0.10374 4.1999999999999998e-05 0.95120000000000005
881 -0.11579399999999999 4.1999999999999998e-05 0.97850000000000004
882 -0.111794 -0.031158000000000002 0.97850000000000004
883 -0.088915999999999995 4.1999999999999998e-05 0.997699
884 -0.085816000000000003 -0.023958 0.997699
885 -0.100216 -0.058942000000000001 0.97850000000000004
886 -0.077016000000000001 -0.045241999999999997 0.997699
887 0.08584 -0.023958 0.997699
888 0.088940000000000005 4.1999999999999998e-05 0.997699
889 -0.063215999999999994 -0.063242000000000007 0.997699
890 -0.045316000000000002 -0.076941999999999997 0.997699
891 -0.023916 -0.085842000000000002 0.997699
892 -3.8000000000000002e-05 -0.088941999999999993 0.997699
893 0.023962000000000001 -0.085842000000000002 0.997699
894 0.045261999999999997 -0.076941999999999997 0.997699
895 0.063261999999999999 -0.063242000000000007 0.997699
896 0.076939999999999995 -0.045241999999999997 0.997699
897 0.11174000000000001 -0.031158000000000002 0.97850000000000004
898 0.115839 4.1999999999999998e-05 0.97850000000000004
899 0.10024 -0.058942000000000001 0.97850000000000004
900 -0.39412700000000001 -0.23150999999999999 0.024799999999999999
901 -0.41072700000000001 -0.24121000000000001 0.035999999999999997
902 -0.354549 -0.20822599999999999 0.014999999999999999
903 -0.28214899999999998 -0.16572600000000001 0.0071000000000000004
904 0.28219499999999997 -0.16572600000000001 0.0071000000000000004
905 0.23161699999999999 -0.23161000000000001 0.0071000000000000004
906 0.35457300000000003 -0.20822599999999999 0.014999999999999999
907 0.394173 -0.23150999999999999 0.024799999999999999
908 0.41075099999999998 -0.24121000000000001 0.035999999999999997
909 0.414051 -0.24321000000000001 0.047899999999999998
910 -0.71263799999999999 -0.071742 0.28776400000000002
911 -0.61996099999999998 -0.071742 0.23810899999999999
912 -0.60428300000000001 -0.16822599999999999 0.22120899999999999
913 0.61940600000000001 -0.13722599999999999 0.283163
914 -0.78523799999999999 -0.071742 0.34211799999999998
915 0.787462 -0.117742 0.389318
916 0.70018400000000003 -0.13392599999999999 0.30776300000000001
917 -0.84051600000000004 -0.071742 0.40011799999999997
918 -0.87919400000000003 -0.071742 0.45957300000000001
919 0.83266200000000001 -0.096741999999999995 0.49007299999999998
920 0.80966199999999999 -0.10884199999999999 0.51752699999999996
921 0.76696200000000003 -0.132526 0.42987300000000001
922 -0.90189399999999997 -0.071742 0.51832699999999998
923 0.59290600000000004 -0.16502600000000001 0.43787300000000001
924 0.60510600000000003 -0.13722599999999999 0.39971800000000002
925 0.67208400000000001 -0.13392599999999999 0.41391800000000001
926 0.74648400000000004 -0.117742 0.47037299999999999
927 0.78656199999999998 -0.096741999999999995 0.54482699999999995
928 0.68618400000000002 -0.15062600000000001 0.36081800000000003
929 0.86463999999999996 -0.075742000000000004 0.59598200000000001
930 0.83904000000000001 -0.085241999999999998 0.61108200000000001
931 -0.90929400000000005 -0.071742 0.57432700000000003
932 -0.89739400000000002 -0.071742 0.61968199999999996
933 -0.862016 -0.071742 0.65008200000000005
934 -0.803616 -0.071742 0.66858200000000001
935 -0.722638 -0.071742 0.67803599999999997
936 -0.61946100000000004 -0.071742 0.68153600000000003
937 -0.50870499999999996 -0.071742 0.68213599999999996
938 0.87994000000000006 -0.067141999999999993 0.69803599999999999
939 -0.38642700000000002 -0.22700999999999999 0.765791
940 -0.39192700000000003 -0.23021 0.75003600000000004
941 -0.37212699999999999 -0.21851000000000001 0.75083599999999995
942 -0.35882700000000001 -0.210726 0.765791
943 0.358873 -0.210726 0.765791
944 0.37207299999999999 -0.21851000000000001 0.75083599999999995
945 0.38647300000000001 -0.22700999999999999 0.765791
946 0.39197300000000002 -0.23021 0.75003600000000004
947 0.95721699999999998 -0.059841999999999999 0.765791
948 -0.41402699999999998 -0.24321000000000001 0.765791
949 -0.40482699999999999 -0.23780999999999999 0.78319000000000005
950 -0.39542699999999997 -0.23221 0.79369100000000004
951 -0.38732699999999998 -0.22750999999999999 0.79718999999999995
952 -0.38132700000000003 -0.22400999999999999 0.78319000000000005
953 -0.38212699999999999 -0.22441 0.79369100000000004
954 -0.34024900000000002 -0.199826 0.78608999999999996
955 -0.29244900000000001 -0.17172599999999999 0.80118999999999996
956 -0.227772 -0.13372600000000001 0.81359099999999995
957 -0.186894 -0.18692600000000001 0.81359099999999995
958 -0.13009399999999999 -0.130026 0.82599
959 0.15851699999999999 -0.093042 0.82599
960 0.07954 -0.079542000000000002 0.84104500000000004
961 0.13003899999999999 -0.130026 0.82599
962 0.227717 -0.13372600000000001 0.81359099999999995
963 0.29239500000000002 -0.17172599999999999 0.80118999999999996
964 0.340173 -0.199826 0.78608999999999996
965 0.38137300000000002 -0.22400999999999999 0.78319000000000005
966 0.38217299999999998 -0.22441 0.79369100000000004
967 0.38737300000000002 -0.22750999999999999 0.79718999999999995
968 0.39537299999999997 -0.23221 0.79369100000000004
969 0.40487299999999998 -0.23780999999999999 0.78319000000000005
970 0.97911700000000002 -0.057942 0.77719099999999997
971 -0.056916000000000001 -0.096841999999999998 0.84104500000000004
972 -0.093116000000000004 -0.15842600000000001 0.82599
973 -0.030016000000000001 -0.108042 0.84104500000000004
974 -0.049216000000000003 -0.17672599999999999 0.82599
975 -0.038516000000000002 -0.065442 0.91994500000000001
976 -0.073716000000000004 -0.073742000000000002 0.95120000000000005
977 -0.014737999999999999 -0.052741999999999997 0.88874500000000001
978 -0.020316000000000001 -0.072942000000000007 0.91994500000000001
979 -0.052816000000000002 -0.089742000000000002 0.95120000000000005
980 -0.017115999999999999 -0.061541999999999999 0.86144500000000002
981 -3.8000000000000002e-05 -0.111942 0.84104500000000004
982 -3.8000000000000002e-05 -0.18312600000000001 0.82599
983 -3.8000000000000002e-05 -0.054642000000000003 0.88874500000000001
984 -3.8000000000000002e-05 -0.075642000000000001 0.91994500000000001
985 -0.027916 -0.10004200000000001 0.95120000000000005
986 -3.8000000000000002e-05 -0.063841999999999996 0.86144500000000002
987 0.017162 -0.061541999999999999 0.86144500000000002
988 0.014662 -0.052741999999999997 0.88874500000000001
989 0.020362000000000002 -0.072942000000000007 0.91994500000000001
990 -3.8000000000000002e-05 -0.103742 0.95120000000000005
991 0.030061999999999998 -0.108042 0.84104500000000004
992 0.049161999999999997 -0.17672599999999999 0.82599
993 0.032461999999999998 -0.055241999999999999 0.86144500000000002
994 0.056862000000000003 -0.096841999999999998 0.84104500000000004
995 0.027962000000000001 -0.10004200000000001 0.95120000000000005
996 0.093038999999999997 -0.15842600000000001 0.82599
997 0.052762000000000003 -0.089742000000000002 0.95120000000000005
998 -0.082316 -0.082341999999999999 0.97850000000000004
999 -0.059015999999999999 -0.100242 0.97850000000000004
1000 -0.031216000000000001 -0.11174199999999999 0.97850000000000004
1001 -3.8000000000000002e-05 -0.115842 0.97850000000000004
1002 0.031161999999999999 -0.11174199999999999 0.97850000000000004
1003 0.058962000000000001 -0.100242 0.97850000000000004
1004 0.082339999999999997 -0.082341999999999999 0.97850000000000004
1005 -0.41402699999999998 -0.24321000000000001 0.047899999999999998
1006 -0.42432700000000001 -0.24920999999999999 0.063899999999999998
1007 -0.231572 -0.23161000000000001 0.0071000000000000004
1008 -0.29094900000000001 -0.29091 0.014999999999999999
1009 -0.16569400000000001 -0.28221000000000002 0.0071000000000000004
1010 -0.087615999999999999 -0.31469399999999997 0.0071000000000000004
1011 -3.8000000000000002e-05 -0.32619399999999998 0.0071000000000000004
1012 0.087540000000000007 -0.31469399999999997 0.0071000000000000004
1013 0.165717 -0.28221000000000002 0.0071000000000000004
1014 0.290995 -0.29091 0.014999999999999999
1015 0.32339499999999999 -0.32339299999999999 0.024799999999999999
1016 0.42425099999999999 -0.24920999999999999 0.063899999999999998
1017 0.449851 -0.26421 0.088653999999999997
1018 -0.48310500000000001 -0.28371000000000002 0.122654
1019 -0.51630500000000001 -0.30329299999999998 0.166654
1020 -0.449905 -0.26421 0.088653999999999997
1021 0.48305100000000001 -0.28371000000000002 0.122654
1022 0.51632900000000004 -0.30329299999999998 0.166654
1023 0.54182900000000001 -0.31829400000000002 0.22120899999999999
1024 -0.541883 -0.31829400000000002 0.22120899999999999
1025 0.61570599999999998 -0.17132600000000001 0.287163
1026 0.55212899999999998 -0.324293 0.287163
1027 -0.55208299999999999 -0.324293 0.287163
1028 0.60960599999999998 -0.169626 0.36081800000000003
1029 0.54662900000000003 -0.32109300000000002 0.36081800000000003
1030 0.61330600000000002 -0.15432599999999999 0.34171800000000002
1031 -0.54668300000000003 -0.32109300000000002 0.36081800000000003
1032 0.53162900000000002 -0.31229299999999999 0.43787300000000001
1033 -0.53168300000000002 -0.31229299999999999 0.43787300000000001
1034 0.50892899999999996 -0.29889399999999999 0.51752699999999996
1035 -0.50900500000000004 -0.29889399999999999 0.51752699999999996
1036 0.48055100000000001 -0.28221000000000002 0.59918199999999999
1037 -0.48050500000000002 -0.28221000000000002 0.59918199999999999
1038 0.44825100000000001 -0.26330999999999999 0.68213599999999996
1039 -0.44830500000000001 -0.26330999999999999 0.68213599999999996
1040 0.414051 -0.24321000000000001 0.765791
1041 -0.29444900000000002 -0.29450999999999999 0.765791
1042 -0.27914899999999998 -0.27921000000000001 0.78608999999999996
1043 -0.23997199999999999 -0.24001 0.80118999999999996
1044 -0.17169400000000001 -0.29241 0.80118999999999996
1045 -0.133794 -0.22771 0.81359099999999995
1046 -0.070716000000000001 -0.25401000000000001 0.81359099999999995
1047 -3.8000000000000002e-05 -0.26321 0.81359099999999995
1048 0.070638999999999993 -0.25401000000000001 0.81359099999999995
1049 0.13374 -0.22771 0.81359099999999995
1050 0.186917 -0.18692600000000001 0.81359099999999995
1051 0.23999500000000001 -0.24001 0.80118999999999996
1052 0.27919500000000003 -0.27921000000000001 0.78608999999999996
1053 0.29449500000000001 -0.29450999999999999 0.765791
1054 -0.33984900000000001 -0.33979399999999998 0.047899999999999998
1055 -0.34814899999999999 -0.34819299999999997 0.063899999999999998
1056 -0.33704899999999999 -0.337094 0.035999999999999997
1057 -0.32344899999999999 -0.32339299999999999 0.024799999999999999
1058 -0.20827200000000001 -0.35459400000000002 0.014999999999999999
1059 0.20821700000000001 -0.35459400000000002 0.014999999999999999
1060 0.11004 -0.39537699999999998 0.014999999999999999
1061 0.231517 -0.394177 0.024799999999999999
1062 0.33707300000000001 -0.337094 0.035999999999999997
1063 0.33977299999999999 -0.33979399999999998 0.047899999999999998
1064 0.34817300000000001 -0.34819299999999997 0.063899999999999998
1065 0.36917299999999997 -0.36919299999999999 0.088653999999999997
1066 -0.36912699999999998 -0.36919299999999999 0.088653999999999997
1067 -0.39642699999999997 -0.39647700000000002 0.122654
1068 0.39647300000000002 -0.39647700000000002 0.122654
1069 0.42375099999999999 -0.42367700000000003 0.166654
1070 -0.41762700000000003 -0.41767700000000002 0.51752699999999996
1071 -0.39432699999999998 -0.39437699999999998 0.59918199999999999
1072 0.36787300000000001 -0.367894 0.68213599999999996
1073 0.39437299999999997 -0.39437699999999998 0.59918199999999999
1074 -0.36782700000000002 -0.367894 0.68213599999999996
1075 -0.31714900000000001 -0.31719399999999998 0.765791
1076 -0.32164900000000002 -0.32159300000000002 0.75003600000000004
1077 -0.30534899999999998 -0.305394 0.75083599999999995
1078 0.30539500000000003 -0.305394 0.75083599999999995
1079 0.32159500000000002 -0.32159300000000002 0.75003600000000004
1080 0.317195 -0.31719399999999998 0.765791
1081 0.33977299999999999 -0.33979399999999998 0.765791
1082 -0.33984900000000001 -0.33979399999999998 0.765791
1083 -0.33224900000000002 -0.33219300000000002 0.78319000000000005
1084 -0.32444899999999999 -0.32449299999999998 0.79369100000000004
1085 -0.31784899999999999 -0.31789400000000001 0.79718999999999995
1086 -0.31294899999999998 -0.31289400000000001 0.78319000000000005
1087 -0.31354900000000002 -0.31359399999999998 0.79369100000000004
1088 -0.21857199999999999 -0.37209300000000001 0.75083599999999995
1089 -0.21077199999999999 -0.35889399999999999 0.765791
1090 -0.19977200000000001 -0.340194 0.78608999999999996
1091 -0.10559399999999999 -0.37939400000000001 0.78608999999999996
1092 -0.090716000000000005 -0.32609300000000002 0.80118999999999996
1093 -3.8000000000000002e-05 -0.33799400000000002 0.80118999999999996
1094 0.090740000000000001 -0.32609300000000002 0.80118999999999996
1095 0.17171700000000001 -0.29241 0.80118999999999996
1096 0.19981699999999999 -0.340194 0.78608999999999996
1097 0.21851699999999999 -0.37209300000000001 0.75083599999999995
1098 0.210817 -0.35889399999999999 0.765791
1099 0.31289499999999998 -0.31289400000000001 0.78319000000000005
1100 0.31359500000000001 -0.31359399999999998 0.79369100000000004
1101 0.31789499999999998 -0.31789400000000001 0.79718999999999995
1102 0.32449499999999998 -0.32449299999999998 0.79369100000000004
1103 0.33227299999999999 -0.33219300000000002 0.78319000000000005
1104 -0.243172 -0.41407699999999997 0.047899999999999998
1105 -0.249172 -0.42427700000000002 0.063899999999999998
1106 -0.24127199999999999 -0.41067700000000001 0.035999999999999997
1107 -0.23147200000000001 -0.394177 0.024799999999999999
1108 -0.10999399999999999 -0.39537699999999998 0.014999999999999999
1109 -3.8000000000000002e-05 -0.409777 0.014999999999999999
1110 0.12234 -0.43947700000000001 0.024799999999999999
1111 0.24119499999999999 -0.41067700000000001 0.035999999999999997
1112 0.24319499999999999 -0.41407699999999997 0.047899999999999998
1113 0.249195 -0.42427700000000002 0.063899999999999998
1114 0.26419500000000001 -0.44987700000000003 0.088653999999999997
1115 -0.42372700000000002 -0.42367700000000003 0.166654
1116 -0.26417200000000002 -0.44987700000000003 0.088653999999999997
1117 0.28369499999999997 -0.48306100000000002 0.122654
1118 0.44465100000000002 -0.44467699999999999 0.22120899999999999
1119 -0.44470500000000002 -0.44467699999999999 0.22120899999999999
1120 0.45305099999999998 -0.45307700000000001 0.287163
1121 -0.45310499999999998 -0.45307700000000001 0.287163
1122 0.44865100000000002 -0.448577 0.36081800000000003
1123 -0.44860499999999998 -0.448577 0.36081800000000003
1124 0.436251 -0.43627700000000003 0.43787300000000001
1125 -0.43632700000000002 -0.43627700000000003 0.43787300000000001
1126 0.41765099999999999 -0.41767700000000002 0.51752699999999996
1127 -0.28224900000000003 -0.48056100000000002 0.59918199999999999
1128 -0.26327200000000001 -0.44827699999999998 0.68213599999999996
1129 -0.23017199999999999 -0.39197700000000002 0.75003600000000004
1130 -0.115494 -0.41497699999999998 0.75083599999999995
1131 0.11544 -0.41497699999999998 0.75083599999999995
1132 0.230217 -0.39197700000000002 0.75003600000000004
1133 0.24319499999999999 -0.41407699999999997 0.765791
1134 0.263295 -0.44827699999999998 0.68213599999999996
1135 -0.243172 -0.41407699999999997 0.765791
1136 -0.23777200000000001 -0.40487699999999999 0.78319000000000005
1137 -0.23227200000000001 -0.39537699999999998 0.79369100000000004
1138 -0.22747200000000001 -0.38737700000000003 0.79718999999999995
1139 -0.223972 -0.38129400000000002 0.78319000000000005
1140 -0.22697200000000001 -0.38647700000000001 0.765791
1141 -0.224472 -0.38209300000000002 0.79369100000000004
1142 -0.120194 -0.431977 0.79718999999999995
1143 -0.118594 -0.42607699999999998 0.79369100000000004
1144 -0.118394 -0.42527700000000002 0.78319000000000005
1145 -0.11139400000000001 -0.400177 0.765791
1146 -3.8000000000000002e-05 -0.41477700000000001 0.765791
1147 -3.8000000000000002e-05 -0.393177 0.78608999999999996
1148 0.10553999999999999 -0.37939400000000001 0.78608999999999996
1149 0.11133899999999999 -0.400177 0.765791
1150 0.223917 -0.38129400000000002 0.78319000000000005
1151 0.22441700000000001 -0.38209300000000002 0.79369100000000004
1152 0.227017 -0.38647700000000001 0.765791
1153 0.118339 -0.42527700000000002 0.78319000000000005
1154 0.119939 -0.430977 0.765791
1155 0.11863899999999999 -0.42607699999999998 0.79369100000000004
1156 0.227517 -0.38737700000000003 0.79718999999999995
1157 0.23221700000000001 -0.39537699999999998 0.79369100000000004
1158 0.237817 -0.40487699999999999 0.78319000000000005
1159 -0.128494 -0.46177699999999999 0.047899999999999998
1160 -0.13169400000000001 -0.473161 0.063899999999999998
1161 -0.127494 -0.45797700000000002 0.035999999999999997
1162 -0.122294 -0.43947700000000001 0.024799999999999999
1163 -3.8000000000000002e-05 -0.47476099999999999 0.035999999999999997
1164 -3.8000000000000002e-05 -0.47856100000000001 0.047899999999999998
1165 -3.8000000000000002e-05 -0.45557700000000001 0.024799999999999999
1166 0.127439 -0.45797700000000002 0.035999999999999997
1167 0.12853999999999999 -0.46177699999999999 0.047899999999999998
1168 0.13163900000000001 -0.473161 0.063899999999999998
1169 -3.8000000000000002e-05 -0.49046099999999998 0.063899999999999998
1170 0.13963900000000001 -0.50166100000000002 0.088653999999999997
1171 -0.28374899999999997 -0.48306100000000002 0.122654
1172 -0.30324899999999999 -0.51636099999999996 0.166654
1173 -0.139594 -0.50166100000000002 0.088653999999999997
1174 0.14993999999999999 -0.53876100000000005 0.122654
1175 0.30329499999999998 -0.51636099999999996 0.166654
1176 0.31829499999999999 -0.54186100000000004 0.22120899999999999
1177 -0.318249 -0.54186100000000004 0.22120899999999999
1178 0.324295 -0.55206100000000002 0.287163
1179 -0.32424900000000001 -0.55206100000000002 0.287163
1180 0.32109500000000002 -0.54666099999999995 0.36081800000000003
1181 -0.32104899999999997 -0.54666099999999995 0.36081800000000003
1182 0.31229499999999999 -0.53166100000000005 0.43787300000000001
1183 -0.312249 -0.53166100000000005 0.43787300000000001
1184 0.29889500000000002 -0.508961 0.51752699999999996
1185 -0.29894900000000002 -0.508961 0.51752699999999996
1186 0.28219499999999997 -0.48056100000000002 0.59918199999999999
1187 -0.149094 -0.53586100000000003 0.59918199999999999
1188 -0.139094 -0.499861 0.68213599999999996
1189 -0.12159399999999999 -0.43707699999999999 0.75003600000000004
1190 -0.119994 -0.430977 0.765791
1191 -3.8000000000000002e-05 -0.45297700000000002 0.75003600000000004
1192 -3.8000000000000002e-05 -0.43007699999999999 0.75083599999999995
1193 -3.8000000000000002e-05 -0.44667699999999999 0.765791
1194 0.121639 -0.43707699999999999 0.75003600000000004
1195 0.12853999999999999 -0.46177699999999999 0.765791
1196 0.13914000000000001 -0.499861 0.68213599999999996
1197 -0.128494 -0.46177699999999999 0.765791
1198 -0.125694 -0.45147700000000002 0.78319000000000005
1199 -0.122694 -0.44097700000000001 0.79369100000000004
1200 -3.8000000000000002e-05 -0.51806099999999999 0.68213599999999996
1201 -3.8000000000000002e-05 -0.47856100000000001 0.765791
1202 -3.8000000000000002e-05 -0.46787699999999999 0.78319000000000005
1203 -3.8000000000000002e-05 -0.45707700000000001 0.79369100000000004
1204 -3.8000000000000002e-05 -0.44767699999999999 0.79718999999999995
1205 -3.8000000000000002e-05 -0.44077699999999997 0.78319000000000005
1206 -3.8000000000000002e-05 -0.44167699999999999 0.79369100000000004
1207 0.120239 -0.431977 0.79718999999999995
1208 0.122739 -0.44097700000000001 0.79369100000000004
1209 0.125639 -0.45147700000000002 0.78319000000000005
1210 -3.8000000000000002e-05 -0.51996100000000001 0.088653999999999997
1211 -0.149894 -0.53876100000000005 0.122654
1212 -0.16029399999999999 -0.57574499999999995 0.166654
1213 -3.8000000000000002e-05 -0.55834499999999998 0.122654
1214 0.160217 -0.57574499999999995 0.166654
1215 -3.8000000000000002e-05 -0.59674499999999997 0.166654
1216 0.16821700000000001 -0.60424500000000003 0.22120899999999999
1217 -0.16819400000000001 -0.60424500000000003 0.22120899999999999
1218 0.171317 -0.615645 0.287163
1219 -0.17139399999999999 -0.615645 0.287163
1220 0.16961699999999999 -0.60964499999999999 0.36081800000000003
1221 -0.16969400000000001 -0.60964499999999999 0.36081800000000003
1222 0.165017 -0.59284499999999996 0.43787300000000001
1223 -0.164994 -0.59284499999999996 0.43787300000000001
1224 0.157917 -0.56754499999999997 0.51752699999999996
1225 -0.157994 -0.56754499999999997 0.51752699999999996
1226 0.14913899999999999 -0.53586100000000003 0.59918199999999999
1227 -3.8000000000000002e-05 -0.58824500000000002 0.51752699999999996
1228 -3.8000000000000002e-05 -0.55544499999999997 0.59918199999999999
1229 -3.8000000000000002e-05 -0.62634500000000004 0.22120899999999999
1230 -3.8000000000000002e-05 -0.63814499999999996 0.287163
1231 -3.8000000000000002e-05 -0.63184499999999999 0.36081800000000003
1232 -3.8000000000000002e-05 -0.61454500000000001 0.43787300000000001
$EndNodes
$Elements
3780
1 4 0 165 168 173 160
2 4 0 1178 1122 1120 1068
3 4 0 743 797 798 753
4 4 0 786 327 509 787
5 4 0 286 230 294 287
6 4 0 1010 1223 1225 1009
7 4 0 733 941 956 955
8 4 0 379 327 378 375
9 4 0 662 416 648 425
10 4 0 693 921 920 927
11 4 0 940 730 941 1039
12 4 0 144 151 145 247
13 4 0 41 36 150 144
14 4 0 203 100 37 270
15 4 0 1213 1210 1173 1231
16 4 0 1218 1117 1180 1178
17 4 0 583 883 587 586
18 4 0 49 106 207 50
19 4 0 29 106 207 34
20 4 0 33 203 76 73
21 4 0 159 157 132 237
22 4 0 1009 1223 1225 1185
23 4 0 983 986 977 980
24 4 0 861 587 873 867
25 4 0 1205 1204 1206 1143
26 4 0 485 472 368 711
27 4 0 1088 957 1043 1044
28 4 0 543 546 540 839
29 4 0 1201 1189 1190 1193
30 4 0 145 247 249 143
31 4 0 656 638 636 654
32 4 0 1037 1077 957 941
33 4 0 611 609 841 327
34 4 0 327 396 785 506
35 4 0 599 596 573 598
36 4 0 602 888 871 880
37 4 0 1019 1027 1018 655
38 4 0 282 116 225 269
39 4 0 614 1007 1035 903
40 4 0 846 843 847 587
41 4 0 874 508 572 575
42 4 0 1164 1108 1165 1162
43 4 0 655 911 627 629
44 4 0 822 833 760 824
45 4 0 198 92 94 200
46 4 0 572 874 575 872
47 4 0 6 1 16 7
48 4 0 1164 1169 1109 1108
49 4 0 1089 1088 1044 1130
50 4 0 254 154 152 188
51 4 0 1033 663 1020 1031
52 4 0 733 782 956 783
53 4 0 1115 1121 1067 1027
54 4 0 903 1007 1035 1033
55 4 0 953 951 952 1086
56 4 0 403 340 282 336
57 4 0 572 569 383 382
58 4 0 485 471 368 472
59 4 0 146 143 249 136
60 4 0 673 678 679 685
61 4 0 1027 1115 1019 1067
62 4 0 393 607 322 606
63 4 0 369 293 365 292
64 4 0 1105 1007 1008 1055
65 4 0 232 288 301 248
66 4 0 1024 1027 1019 655
67 4 0 674 663 630 1020
68 4 0 644 654 910 656
69 4 0 32 106 34 208
70 4 0 394 323 325 268
71 4 0 215 340 282 403
72 4 0 650 647 649 642
73 4 0 411 413 412 415
74 4 0 672 658 668 660
75 4 0 265 268 269 325
76 4 0 528 752 756 809
77 4 0 900 1057 1008 1005
78 4 0 289 368 487 366
79 4 0 3 22 12 8
80 4 0 636 642 644 653
81 4 0 88 87 181 184
82 4 0 650 917 652 661
83 4 0 225 358 342 282
84 4 0 417 648 416 647
85 4 0 142 138 84 134
86 4 0 54 45 52 93
87 4 0 678 460 685 447
88 4 0 322 264 267 266
89 4 0 663 911 655 656
90 4 0 265 323 325 336
91 4 0 39 42 150 155
92 4 0 653 656 910 654
93 4 0 1226 1048 619 618
94 4 0 509 327 508 387
95 4 0 1181 1123 1067 1179
96 4 0 461 458 450 464
97 4 0 32 103 27 106
98 4 0 636 647 651 634
99 4 0 135 140 134 80
100 4 0 733 730 941 732
101 4 0 250 205 306 303
102 4 0 697 686 720 687
103 4 0 486 367 487 728
104 4 0 961 876 959 327
105 4 0 75 79 37 270
106 4 0 26 99 31 100
107 4 0 234 315 256 255
108 4 0 99 43 12 13
109 4 0 815 970 808 947
110 4 0 895 1004 878 899
111 4 0 587 558 851 554
112 4 0 868 587 873 861
113 4 0 651 635 343 654
114 4 0 578 883 881 845
115 4 0 247 151 180 179
116 4 0 656 911 636 638
117 4 0 730 732 733 937
118 4 0 106 103 44 98
119 4 0 656 663 351 654
120 4 0 115 219 221 120
121 4 0 653 654 910 644
122 4 0 351 654 343 334
123 4 0 651 654 343 351
124 4 0 152 144 150 186
125 4 0 660 645 658 643
126 4 0 106 103 27 13
127 4 0 651 223 343 221
128 4 0 650 643 637 642
129 4 0 584 588 545 553
130 4 0 1043 1089 1042 1041
131 4 0 837 327 785 506
132 4 0 447 673 685 678
133 4 0 50 29 207 57
134 4 0 656 336 351 358
135 4 0 628 654 635 634
136 4 0 33 203 37 76
137 4 0 672 658 666 668
138 4 0 443 673 678 665
139 4 0 197 158 159 237
140 4 0 215 116 223 282
141 4 0 340 635 335 628
142 4 0 403 216 221 215
143 4 0 282 325 225 358
144 4 0 29 27 50 106
145 4 0 365 293 285 292
146 4 0 829 834 538 539
147 4 0 563 587 561 560
148 4 0 389 388 291 488
149 4 0 733 713 941 730
150 4 0 364 326 362 284
151 4 0 557 553 552 590
152 4 0 142 134 84 137
153 4 0 99 32 31 204
154 4 0 80 140 134 133
155 4 0 298 243 295 296
156 4 0 251 185 252 144
157 4 0 383 309 310 327
158 4 0 93 45 47 95
159 4 0 208 309 206 327
160 4 0 478 457 441 479
161 4 0 662 658 657 643
162 4 0 1047 616 1046 974
163 4 0 208 309 251 206
164 4 0 1115 1172 1067 1179
165 4 0 442 444 448 431
166 4 0 190 257 191 194
167 4 0 587 590 552 588
168 4 0 674 663 358 656
169 4 0 75 38 303 205
170 4 0 40 39 155 81
171 4 0 84 138 160 133
172 4 0 449 458 450 459
173 4 0 1127 1045 1088 1187
174 4 0 177 174 164 167
175 4 0 200 201 94 198
176 4 0 136 38 303 75
177 4 0 870 560 559 872
178 4 0 289 366 487 474
179 4 0 467 481 465 701
180 4 0 1129 1189 1197 1188
181 4 0 1135 1140 1136 1197
182 4 0 288 231 304 289
183 4 0 873 888 875 587
184 4 0 853 587 852 848
185 4 0 205 270 37 100
186 4 0 1146 1092 1091 1147
187 4 0 1187 1128 1088 1127
188 4 0 787 511 399 509
189 4 0 558 556 554 587
190 4 0 883 578 881 586
191 4 0 1014 906 905 1016
192 4 0 1047 1192 1046 1228
193 4 0 833 819 824 822
194 4 0 168 170 173 163
195 4 0 912 911 629 638
196 4 0 288 371 304 302
197 4 0 206 204 251 36
198 4 0 725 729 714 712
199 4 0 1010 615 1225 616
200 4 0 247 144 250 143
201 4 0 783 611 841 956
202 4 0 784 839 380 507
203 4 0 587 848 847 850
204 4 0 999 889 890 979
205 4 0 432 443 678 447
206 4 0 327 311 386 385
207 4 0 88 87 148 181
208 4 0 487 371 374 289
209 4 0 84 83 161 142
210 4 0 658 660 659 645
211 4 0 1088 1077 1043 957
212 4 0 940 1039 941 1077
213 4 0 679 685 684 673
214 4 0 560 587 571 564
215 4 0 657 424 662 430
216 4 0 461 450 465 464
217 4 0 444 449 446 448
218 4 0 650 643 648 637
219 4 0 223 114 221 122
220 4 0 461 450 459 449
221 4 0 718 467 721 702
222 4 0 69 18 23 60
223 4 0 1186 1049 1226 1097
224 4 0 1165 1110 1060 1164
225 4 0 950 1084 949 1086
226 4 0 713 611 1037 690
227 4 0 1227 616 1228 617
228 4 0 944 1038 691 715
229 4 0 544 587 546 545
230 4 0 549 587 851 550
231 4 0 681 668 666 671
232 4 0 376 326 504 364
233 4 0 536 493 533 532
234 4 0 180 146 249 246
235 4 0 801 525 796 528
236 4 0 938 745 743 749
237 4 0 450 689 680 685
238 4 0 781 942 955 954
239 4 0 1086 951 1085 1087
240 4 0 569 564 571 568
241 4 0 842 840 857 837
242 4 0 938 745 798 743
243 4 0 955 733 735 782
244 4 0 235 292 291 285
245 4 0 618 1011 1227 617
246 4 0 968 794 965 966
247 4 0 1047 1093 1046 1192
248 4 0 1130 1045 1046 1187
249 4 0 740 739 738 945
250 4 0 506 396 785 504
251 4 0 846 555 543 558
252 4 0 816 521 526 524
253 4 0 846 583 587 851
254 4 0 1088 1045 1044 1130
255 4 0 690 609 713 611
256 4 0 487 711 712 728
257 4 0 688 671 683 670
258 4 0 503 326 504 376
259 4 0 1154 1201 1194 1195
260 4 0 1082 1076 1075 1135
261 4 0 1188 1189 1197 1200
262 4 0 1201 1200 1197 1189
263 4 0 568 587 571 567
264 4 0 1090 1089 1042 1043
265 4 0 949 950 952 776
266 4 0 1144 1142 1138 1199
267 4 0 1201 1202 1190 1198
268 4 0 783 713 956 733
269 4 0 1134 1081 1079 1133
270 4 0 574 567 571 587
271 4 0 577 581 544 547
272 4 0 1192 1093 1046 1092
273 4 0 582 881 578 586
274 4 0 192 193 196 257
275 4 0 1211 1231 1173 1221
276 4 0 1133 1081 1079 1080
277 4 0 493 759 825 774
278 4 0 1114 905 1065 1064
279 4 0 944 737 691 962
280 4 0 909 908 1015 907
281 4 0 895 587 896 862
282 4 0 733 955 956 782
283 4 0 1058 1107 1159 1104
284 4 0 1104 1107 1161 1106
285 4 0 189 193 88 192
286 4 0 1019 655 912 1024
287 4 0 346 356 350 353
288 4 0 1010 1011 1227 1232
289 4 0 694 929 664 677
290 4 0 1215 1212 1229 1230
291 4 0 186 151 152 144
292 4 0 867 587 873 872
293 4 0 416 422 412 411
294 4 0 1170 1013 1222 1114
295 4 0 569 564 559 572
296 4 0 1131 1200 1196 1194
297 4 0 830 827 823 824
298 4 0 791 793 518 792
299 4 0 905 1126 1124 1034
300 4 0 1006 1007 902 903
301 4 0 717 441 745 677
302 4 0 791 739 392 795
303 4 0 760 759 774 823
304 4 0 773 823 820 774
305 4 0 552 553 545 588
306 4 0 347 434 418 350
307 4 0 873 880 875 888
308 4 0 375 327 377 271
309 4 0 62 203 73 126
310 4 0 8 22 11 17
311 4 0 112 58 209 272
312 4 0 510 572 508 381
313 4 0 58 50 207 57
314 4 0 831 819 820 761
315 4 0 278 279 332 277
316 4 0 383 382 508 572
317 4 0 516 518 317 517
318 4 0 598 601 573 599
319 4 0 588 590 552 553
320 4 0 1136 1139 1086 1137
321 4 0 879 880 873 888
322 4 0 589 553 584 548
323 4 0 69 60 23 59
324 4 0 562 592 594 593
325 4 0 391 390 314 389
326 4 0 375 303 306 205
327 4 0 99 204 31 205
328 4 0 970 815 808 817
329 4 0 535 821 527 532
330 4 0 829 828 834 827
331 4 0 235 129 233 132
332 4 0 369 392 316 515
333 4 0 389 313 291 388
334 4 0 11 15 19 63
335 4 0 1072 1186 1078 1073
336 4 0 234 255 235 290
337 4 0 591 553 588 589
338 4 0 1169 1210 1010 1160
339 4 0 1195 1152 1209 1158
340 4 0 1099 969 1102 1103
341 4 0 207 35 275 272
342 4 0 959 961 612 962
343 4 0 691 788 612 962
344 4 0 383 327 310 311
345 4 0 145 143 249 146
346 4 0 531 821 527 535
347 4 0 600 602 598 601
348 4 0 180 247 249 145
349 4 0 771 823 820 773
350 4 0 134 133 78 80
351 4 0 141 137 41 143
352 4 0 314 290 291 235
353 4 0 1230 1212 1217 1219
354 4 0 743 753 798 749
355 4 0 757 457 695 753
356 4 0 692 691 612 1036
357 4 0 4 1 16 6
358 4 0 717 927 694 744
359 4 0 34 27 29 106
360 4 0 801 796 754 799
361 4 0 17 3 16 1
362 4 0 440 454 441 452
363 4 0 751 475 490 478
364 4 0 128 79 270 76
365 4 0 76 270 37 79
366 4 0 308 206 251 309
367 4 0 1223 1185 1009 1183
368 4 0 426 436 434 438
369 4 0 745 741 743 749
370 4 0 226 127 224 276
371 4 0 109 110 212 111
372 4 0 1186 1049 619 1226
373 4 0 824 827 823 822
374 4 0 574 602 598 600
375 4 0 281 330 280 333
376 4 0 1166 1164 1167 1110
377 4 0 945 969 1080 1040
378 4 0 63 19 11 24
379 4 0 108 107 110 104
380 4 0 101 48 53 56
381 4 0 916 433 675 435
382 4 0 103 32 99 204
383 4 0 155 81 233 40
384 4 0 61 203 46 100
385 4 0 38 136 78 80
386 4 0 269 126 203 116
387 4 0 118 344 283 218
388 4 0 14 64 66 68
389 4 0 237 157 236 158
390 4 0 391 390 315 314
391 4 0 258 321 259 316
392 4 0 291 285 363 228
393 4 0 129 312 233 77
394 4 0 365 738 489 737
395 4 0 1115 1179 1067 1121
396 4 0 1159 1169 1108 1160
397 4 0 349 350 357 356
398 4 0 965 968 1099 969
399 4 0 1065 1182 1124 905
400 4 0 329 331 332 279
401 4 0 327 382 508 383
402 4 0 1009 1173 1010 1223
403 4 0 5 2 9 17
404 4 0 353 346 352 348
405 4 0 387 511 397 388
406 4 0 906 1016 1014 909
407 4 0 1037 713 956 611
408 4 0 1014 1113 1063 1064
409 4 0 822 831 760 833
410 4 0 961 327 613 996
411 4 0 1099 968 1102 969
412 4 0 1068 1175 1178 1117
413 4 0 962 737 691 788
414 4 0 363 511 397 399
415 4 0 1105 1058 1009 1160
416 4 0 1172 1179 1177 1219
417 4 0 226 228 397 359
418 4 0 218 344 283 345
419 4 0 625 620 904 626
420 4 0 532 535 533 527
421 4 0 1163 1164 1166 1110
422 4 0 810 802 811 805
423 4 0 626 1028 1017 631
424 4 0 1011 1210 1012 1232
425 4 0 911 336 628 656
426 4 0 434 418 427 438
427 4 0 301 231 305 304
428 4 0 901 1057 900 1005
429 4 0 715 737 691 944
430 4 0 1131 1200 1194 1191
431 4 0 1192 1094 1048 1093
432 4 0 1109 1011 1010 1169
433 4 0 1123 1121 1067 1179
434 4 0 1027 1121 1067 1123
435 4 0 1213 1231 1173 1211
436 4 0 723 934 700 699
437 4 0 269 203 202 199
438 4 0 1108 1159 1164 1169
439 4 0 1006 1005 604 902
440 4 0 656 654 351 336
441 4 0 902 1005 1008 1006
442 4 0 606 900 603 605
443 4 0 629 638 627 628
444 4 0 1033 1031 1020 1066
445 4 0 902 1006 1008 1007
446 4 0 1171 1179 1067 1172
447 4 0 1217 1230 1229 1212
448 4 0 1027 1119 1024 1115
449 4 0 1165 1164 1109 1108
450 4 0 709 714 712 725
451 4 0 1127 615 1225 1185
452 4 0 1227 1223 1225 1010
453 4 0 1160 1058 1009 1108
454 4 0 1219 1181 1171 1179
455 4 0 1165 1162 1163 1164
456 4 0 670 678 679 673
457 4 0 617 618 1228 1227
458 4 0 1187 616 1228 1227
459 4 0 1165 1164 1163 1110
460 4 0 1171 1219 1172 1212
461 4 0 728 711 725 724
462 4 0 688 932 698 931
463 4 0 1123 1125 1066 1031
464 4 0 1232 1231 1173 1210
465 4 0 1179 1121 1115 1119
466 4 0 1221 1231 1173 1223
467 4 0 223 215 221 114
468 4 0 1217 1212 1172 1219
469 4 0 1049 996 619 1048
470 4 0 1181 1179 1067 1171
471 4 0 1069 1023 1120 1118
472 4 0 1214 1215 1229 1230
473 4 0 905 1014 1064 1113
474 4 0 420 431 429 423
475 4 0 662 658 669 657
476 4 0 1220 1114 1180 1117
477 4 0 1211 1219 1171 1212
478 4 0 1011 1210 1010 1169
479 4 0 202 264 198 201
480 4 0 1223 1231 1173 1232
481 4 0 1162 1159 1164 1108
482 4 0 1170 1213 1174 1231
483 4 0 1024 1115 1019 1027
484 4 0 1219 1217 1177 1172
485 4 0 1215 1230 1211 1212
486 4 0 1213 1230 1211 1215
487 4 0 1054 1005 1008 1057
488 4 0 1179 1219 1172 1171
489 4 0 1171 1181 1066 1067
490 4 0 1231 1230 1211 1213
491 4 0 1219 1231 1211 1221
492 4 0 1181 1183 1066 1123
493 4 0 1230 1231 1211 1219
494 4 0 1219 1212 1211 1230
495 4 0 1159 1107 1161 1104
496 4 0 1221 1219 1171 1211
497 4 0 1221 1181 1171 1219
498 4 0 1018 1031 1020 663
499 4 0 1054 1057 1056 1005
500 4 0 1179 1119 1115 1177
501 4 0 1177 1172 1115 1179
502 4 0 1027 1119 1115 1121
503 4 0 464 689 465 701
504 4 0 1123 1031 1066 1067
505 4 0 1183 1185 1009 1007
506 4 0 1123 1031 1067 1027
507 4 0 1107 1058 1008 1104
508 4 0 1181 1123 1066 1067
509 4 0 1162 1159 1108 1058
510 4 0 1183 1125 1066 1123
511 4 0 1183 1007 1066 1125
512 4 0 1031 1125 1066 1033
513 4 0 1033 1125 1066 1007
514 4 0 604 1005 603 902
515 4 0 1162 1107 1161 1159
516 4 0 1159 1162 1164 1161
517 4 0 1104 1054 1008 1057
518 4 0 1159 1058 1162 1107
519 4 0 1160 1058 1108 1159
520 4 0 1173 1105 1009 1160
521 4 0 1105 1007 1009 1058
522 4 0 613 1049 619 1186
523 4 0 1058 1104 1159 1160
524 4 0 616 615 1225 1187
525 4 0 1116 1007 1105 1055
526 4 0 1058 1104 1160 1105
527 4 0 1207 1150 1155 1151
528 4 0 1106 1057 1104 1107
529 4 0 1106 1056 1104 1057
530 4 0 1054 1057 1104 1056
531 4 0 1171 1211 1116 1221
532 4 0 1173 1221 1116 1211
533 4 0 1066 1183 1116 1007
534 4 0 1066 1181 1116 1183
535 4 0 1171 1181 1116 1066
536 4 0 1171 1221 1116 1181
537 4 0 1223 1183 1116 1181
538 4 0 1066 1007 1116 1055
539 4 0 1055 1005 1008 1054
540 4 0 1173 1223 1116 1221
541 4 0 1181 1221 1116 1223
542 4 0 1167 1110 1061 1166
543 4 0 341 408 354 339
544 4 0 629 911 627 638
545 4 0 1061 1167 1111 1112
546 4 0 1173 1232 1010 1223
547 4 0 613 327 619 996
548 4 0 1169 1160 1010 1108
549 4 0 1164 1162 1163 1161
550 4 0 626 1016 904 625
551 4 0 253 40 275 273
552 4 0 81 42 155 153
553 4 0 60 18 23 6
554 4 0 1104 1055 1008 1054
555 4 0 1056 1057 901 1005
556 4 0 405 414 407 406
557 4 0 399 354 397 359
558 4 0 1030 1025 1026 1022
559 4 0 478 938 441 457
560 4 0 1013 613 619 1184
561 4 0 1167 1168 1112 1059
562 4 0 1036 691 612 962
563 4 0 1055 1007 1008 1006
564 4 0 1116 1007 1009 1105
565 4 0 1116 1183 1009 1007
566 4 0 1116 1223 1009 1183
567 4 0 1116 1173 1009 1223
568 4 0 1105 1173 1009 1116
569 4 0 1109 1169 1010 1108
570 4 0 202 96 198 199
571 4 0 644 642 910 653
572 4 0 36 32 39 208
573 4 0 204 32 206 103
574 4 0 1160 1173 1010 1009
575 4 0 1183 1125 1070 1007
576 4 0 376 487 504 502
577 4 0 1009 1108 1010 1160
578 4 0 208 103 206 32
579 4 0 1077 1041 1043 941
580 4 0 1160 1210 1010 1173
581 4 0 1011 1232 1010 1210
582 4 0 1173 1210 1010 1232
583 4 0 1058 1007 1008 1105
584 4 0 654 655 656 663
585 4 0 661 660 659 658
586 4 0 395 323 608 336
587 4 0 1105 1055 1008 1104
588 4 0 1104 1057 1008 1107
589 4 0 1006 1005 1008 1055
590 4 0 1104 1058 1008 1105
591 4 0 604 607 603 323
592 4 0 603 607 322 323
593 4 0 216 114 221 215
594 4 0 267 264 202 201
595 4 0 644 656 910 911
596 4 0 647 636 651 649
597 4 0 903 608 604 630
598 4 0 902 1005 603 900
599 4 0 403 340 342 404
600 4 0 900 1005 1008 902
601 4 0 95 96 47 93
602 4 0 656 663 627 630
603 4 0 335 340 334 215
604 4 0 636 911 644 638
605 4 0 1185 1009 614 615
606 4 0 1185 1007 614 1009
607 4 0 416 637 648 643
608 4 0 642 636 649 653
609 4 0 630 1006 604 903
610 4 0 655 1027 1018 663
611 4 0 106 103 208 32
612 4 0 652 650 649 642
613 4 0 629 1019 1018 655
614 4 0 636 638 628 654
615 4 0 661 660 650 659
616 4 0 1018 655 627 629
617 4 0 608 903 604 607
618 4 0 1086 1084 1085 951
619 4 0 955 941 956 957
620 4 0 551 587 546 554
621 4 0 223 225 342 282
622 4 0 604 902 603 607
623 4 0 1127 1128 1088 1077
624 4 0 449 445 448 451
625 4 0 900 901 603 605
626 4 0 334 336 351 654
627 4 0 419 422 420 425
628 4 0 216 219 221 115
629 4 0 403 215 342 282
630 4 0 1020 663 627 1018
631 4 0 900 1005 603 901
632 4 0 1089 1145 1044 1090
633 4 0 343 404 342 340
634 4 0 637 421 416 414
635 4 0 442 446 445 448
636 4 0 223 282 342 215
637 4 0 652 642 649 646
638 4 0 658 660 662 668
639 4 0 723 934 722 726
640 4 0 463 461 462 465
641 4 0 467 705 470 702
642 4 0 936 727 710 706
643 4 0 608 336 604 630
644 4 0 672 661 918 660
645 4 0 666 678 679 670
646 4 0 854 848 886 853
647 4 0 242 245 297 296
648 4 0 721 724 706 705
649 4 0 1137 1198 1136 1139
650 4 0 681 671 922 672
651 4 0 660 672 667 918
652 4 0 660 658 667 672
653 4 0 658 672 666 667
654 4 0 659 658 667 661
655 4 0 660 661 667 658
656 4 0 918 661 667 660
657 4 0 918 917 667 661
658 4 0 659 661 667 917
659 4 0 644 646 910 642
660 4 0 642 652 645 646
661 4 0 653 642 910 646
662 4 0 663 651 351 654
663 4 0 659 645 652 646
664 4 0 656 654 628 638
665 4 0 660 645 650 659
666 4 0 403 336 342 340
667 4 0 636 656 644 911
668 4 0 910 646 914 653
669 4 0 636 654 644 656
670 4 0 650 659 652 917
671 4 0 647 410 651 634
672 4 0 652 642 645 650
673 4 0 650 645 652 659
674 4 0 659 646 652 914
675 4 0 917 659 652 914
676 4 0 642 645 650 643
677 4 0 410 404 407 403
678 4 0 223 403 342 221
679 4 0 917 661 650 659
680 4 0 416 414 417 647
681 4 0 653 646 649 642
682 4 0 636 653 654 649
683 4 0 653 636 654 644
684 4 0 914 653 649 652
685 4 0 914 646 649 653
686 4 0 652 646 649 914
687 4 0 656 638 628 911
688 4 0 607 902 603 606
689 4 0 1066 1031 1018 1067
690 4 0 1067 1027 1018 1019
691 4 0 1067 1031 1018 1027
692 4 0 902 900 603 606
693 4 0 912 1019 629 655
694 4 0 628 911 627 630
695 4 0 406 416 415 417
696 4 0 630 911 627 656
697 4 0 655 663 627 911
698 4 0 1018 1066 1020 1031
699 4 0 656 911 627 663
700 4 0 628 638 627 911
701 4 0 655 911 629 912
702 4 0 1031 663 1018 1027
703 4 0 1018 663 627 655
704 4 0 1055 1007 1020 1066
705 4 0 1006 1007 1020 1055
706 4 0 674 663 1020 1033
707 4 0 607 323 604 608
708 4 0 630 663 627 1020
709 4 0 903 1007 1020 1006
710 4 0 674 1033 1020 903
711 4 0 903 1033 1020 1007
712 4 0 1066 1007 1020 1033
713 4 0 1020 1006 630 903
714 4 0 674 656 630 663
715 4 0 903 674 630 1020
716 4 0 903 608 630 674
717 4 0 656 336 630 911
718 4 0 419 425 420 423
719 4 0 115 120 221 122
720 4 0 393 607 394 322
721 4 0 911 336 630 628
722 4 0 608 323 604 336
723 4 0 903 902 604 607
724 4 0 903 1006 604 902
725 4 0 393 606 322 324
726 4 0 628 654 634 636
727 4 0 324 606 322 605
728 4 0 605 606 322 603
729 4 0 635 628 340 654
730 4 0 269 116 225 126
731 4 0 335 627 334 628
732 4 0 669 662 424 425
733 4 0 325 282 225 269
734 4 0 658 643 662 660
735 4 0 340 336 342 334
736 4 0 340 334 342 343
737 4 0 627 628 335 629
738 4 0 62 7 28 61
739 4 0 265 268 202 269
740 4 0 264 201 267 266
741 4 0 403 219 216 404
742 4 0 417 414 415 409
743 4 0 634 414 637 647
744 4 0 57 272 207 58
745 4 0 271 284 227 326
746 4 0 406 414 417 409
747 4 0 2 3 17 1
748 4 0 33 62 28 61
749 4 0 335 340 215 216
750 4 0 403 215 221 223
751 4 0 572 874 872 559
752 4 0 404 403 215 216
753 4 0 60 120 122 67
754 4 0 340 404 215 216
755 4 0 59 62 28 71
756 4 0 223 215 342 403
757 4 0 404 340 215 403
758 4 0 265 269 202 199
759 4 0 282 340 334 336
760 4 0 215 340 334 282
761 4 0 335 628 334 340
762 4 0 630 628 334 627
763 4 0 630 336 334 628
764 4 0 340 628 334 654
765 4 0 114 216 221 115
766 4 0 628 656 334 654
767 4 0 336 656 334 628
768 4 0 336 654 334 656
769 4 0 266 324 267 322
770 4 0 322 264 268 267
771 4 0 199 203 202 96
772 4 0 606 607 322 603
773 4 0 336 323 325 395
774 4 0 394 395 325 323
775 4 0 322 324 267 393
776 4 0 268 323 325 265
777 4 0 607 323 394 322
778 4 0 608 323 394 607
779 4 0 608 395 394 323
780 4 0 264 323 268 265
781 4 0 28 23 16 7
782 4 0 394 322 268 393
783 4 0 267 393 268 322
784 4 0 322 323 268 264
785 4 0 394 323 268 322
786 4 0 47 92 91 94
787 4 0 336 282 325 265
788 4 0 364 326 504 396
789 4 0 225 223 342 351
790 4 0 202 265 198 264
791 4 0 253 311 275 312
792 4 0 953 950 952 951
793 4 0 97 45 54 95
794 4 0 141 143 41 144
795 4 0 95 96 46 47
796 4 0 593 591 562 592
797 4 0 202 201 198 96
798 4 0 709 714 725 710
799 4 0 26 32 31 99
800 4 0 136 80 75 135
801 4 0 36 144 41 143
802 4 0 264 266 200 201
803 4 0 203 116 199 269
804 4 0 416 415 422 425
805 4 0 282 265 269 325
806 4 0 198 96 94 89
807 4 0 198 201 94 96
808 4 0 200 201 198 264
809 4 0 89 92 94 198
810 4 0 93 96 47 94
811 4 0 72 35 30 272
812 4 0 282 265 199 269
813 4 0 269 116 199 282
814 4 0 94 96 47 89
815 4 0 268 264 202 267
816 4 0 265 264 202 268
817 4 0 199 265 198 202
818 4 0 113 214 118 123
819 4 0 59 115 122 60
820 4 0 203 126 62 116
821 4 0 649 636 651 654
822 4 0 61 203 62 90
823 4 0 89 92 47 94
824 4 0 364 609 713 362
825 4 0 47 94 91 93
826 4 0 95 203 46 96
827 4 0 332 400 621 331
828 4 0 95 100 46 203
829 4 0 203 116 62 90
830 4 0 376 368 504 487
831 4 0 95 45 54 93
832 4 0 203 116 90 199
833 4 0 61 203 90 46
834 4 0 199 96 90 203
835 4 0 46 203 90 96
836 4 0 96 198 90 89
837 4 0 96 199 90 198
838 4 0 96 47 90 46
839 4 0 96 89 90 47
840 4 0 52 54 51 45
841 4 0 115 120 122 60
842 4 0 28 7 21 61
843 4 0 99 43 13 44
844 4 0 12 61 21 3
845 4 0 97 95 43 45
846 4 0 97 99 43 100
847 4 0 97 100 43 95
848 4 0 46 95 43 100
849 4 0 47 95 43 46
850 4 0 47 45 43 95
851 4 0 13 8 12 22
852 4 0 93 47 52 91
853 4 0 93 45 52 47
854 4 0 53 108 104 107
855 4 0 114 115 221 122
856 4 0 51 54 48 45
857 4 0 55 54 48 51
858 4 0 2 8 17 3
859 4 0 98 97 48 55
860 4 0 54 97 48 45
861 4 0 55 97 48 54
862 4 0 48 98 44 97
863 4 0 98 103 44 99
864 4 0 97 99 44 43
865 4 0 98 99 44 97
866 4 0 48 97 44 45
867 4 0 43 45 44 97
868 4 0 631 913 632 640
869 4 0 106 103 13 44
870 4 0 681 672 666 668
871 4 0 129 74 275 77
872 4 0 44 103 13 99
873 4 0 43 99 12 100
874 4 0 46 100 12 61
875 4 0 43 100 12 46
876 4 0 6 59 23 60
877 4 0 26 22 27 12
878 4 0 100 99 31 205
879 4 0 354 675 337 433
880 4 0 101 53 102 105
881 4 0 10 17 9 19
882 4 0 17 1 16 4
883 4 0 61 7 21 3
884 4 0 59 7 28 62
885 4 0 343 351 342 223
886 4 0 6 7 16 23
887 4 0 122 59 124 114
888 4 0 122 71 124 59
889 4 0 18 6 16 23
890 4 0 59 71 69 122
891 4 0 17 22 16 3
892 4 0 235 255 233 312
893 4 0 28 7 16 21
894 4 0 100 203 33 61
895 4 0 634 654 651 636
896 4 0 114 115 122 59
897 4 0 122 60 69 59
898 4 0 1 3 16 7
899 4 0 140 229 162 131
900 4 0 69 59 28 71
901 4 0 155 152 150 254
902 4 0 6 7 23 59
903 4 0 122 67 69 60
904 4 0 424 669 432 443
905 4 0 215 114 223 116
906 4 0 3 22 21 12
907 4 0 23 7 28 59
908 4 0 67 18 69 60
909 4 0 103 32 27 99
910 4 0 12 22 27 13
911 4 0 23 59 28 69
912 4 0 668 658 666 665
913 4 0 62 59 124 71
914 4 0 62 114 124 59
915 4 0 116 114 124 62
916 4 0 62 126 124 116
917 4 0 343 334 342 336
918 4 0 403 219 221 216
919 4 0 225 116 223 126
920 4 0 124 126 223 116
921 4 0 423 422 420 412
922 4 0 635 654 651 634
923 4 0 334 654 343 340
924 4 0 5 1 17 4
925 4 0 21 3 16 22
926 4 0 259 195 196 257
927 4 0 342 403 407 405
928 4 0 21 7 16 3
929 4 0 61 203 33 62
930 4 0 111 108 209 58
931 4 0 5 2 17 1
932 4 0 26 99 27 32
933 4 0 13 103 27 99
934 4 0 671 666 679 670
935 4 0 22 3 17 8
936 4 0 39 253 150 252
937 4 0 18 4 16 6
938 4 0 33 203 73 62
939 4 0 21 22 26 12
940 4 0 12 99 26 100
941 4 0 21 12 26 61
942 4 0 270 271 128 269
943 4 0 137 136 78 143
944 4 0 203 270 37 76
945 4 0 33 61 26 100
946 4 0 12 100 26 61
947 4 0 28 61 26 33
948 4 0 21 61 26 28
949 4 0 26 12 27 99
950 4 0 13 99 27 12
951 4 0 28 62 73 71
952 4 0 33 62 73 28
953 4 0 124 62 73 126
954 4 0 71 62 73 124
955 4 0 124 116 223 114
956 4 0 443 430 423 424
957 4 0 336 395 358 608
958 4 0 473 471 368 482
959 4 0 368 711 487 728
960 4 0 289 474 487 484
961 4 0 580 581 587 549
962 4 0 366 367 487 484
963 4 0 651 647 417 410
964 4 0 325 395 358 336
965 4 0 342 410 407 403
966 4 0 343 410 407 342
967 4 0 343 410 342 404
968 4 0 358 663 351 656
969 4 0 351 358 342 225
970 4 0 225 282 223 116
971 4 0 421 414 415 416
972 4 0 124 114 223 122
973 4 0 80 135 136 134
974 4 0 630 336 358 608
975 4 0 630 608 358 674
976 4 0 630 674 358 656
977 4 0 630 656 358 336
978 4 0 482 473 366 368
979 4 0 1037 614 1035 611
980 4 0 407 417 414 410
981 4 0 403 404 342 410
982 4 0 336 282 358 325
983 4 0 416 414 415 417
984 4 0 297 300 496 298
985 4 0 343 342 407 405
986 4 0 340 654 343 635
987 4 0 351 334 343 336
988 4 0 651 410 343 634
989 4 0 651 634 343 635
990 4 0 635 410 343 340
991 4 0 635 410 634 343
992 4 0 340 410 343 404
993 4 0 343 336 342 351
994 4 0 336 282 342 358
995 4 0 336 403 342 282
996 4 0 351 336 342 358
997 4 0 406 343 407 405
998 4 0 411 414 409 415
999 4 0 647 636 637 634
1000 4 0 649 636 637 647
1001 4 0 642 636 637 649
1002 4 0 649 647 637 642
1003 4 0 405 342 406 343
1004 4 0 343 221 223 342
1005 4 0 423 425 424 430
1006 4 0 411 420 422 412
1007 4 0 406 414 409 405
1008 4 0 410 414 647 417
1009 4 0 405 414 409 407
1010 4 0 343 647 417 651
1011 4 0 634 414 647 410
1012 4 0 407 343 417 410
1013 4 0 651 410 417 343
1014 4 0 406 343 417 407
1015 4 0 417 407 414 406
1016 4 0 411 414 415 421
1017 4 0 658 645 657 643
1018 4 0 405 406 413 409
1019 4 0 417 406 413 415
1020 4 0 417 409 413 406
1021 4 0 415 409 413 417
1022 4 0 662 643 648 660
1023 4 0 425 643 648 662
1024 4 0 650 660 648 645
1025 4 0 643 645 648 660
1026 4 0 650 645 648 643
1027 4 0 425 421 648 643
1028 4 0 416 421 648 425
1029 4 0 416 643 648 421
1030 4 0 642 650 648 637
1031 4 0 642 647 648 650
1032 4 0 637 647 648 642
1033 4 0 416 647 648 414
1034 4 0 637 414 648 647
1035 4 0 416 414 648 637
1036 4 0 658 669 665 668
1037 4 0 662 668 669 658
1038 4 0 690 903 1035 674
1039 4 0 669 424 665 443
1040 4 0 422 425 421 416
1041 4 0 686 696 682 697
1042 4 0 445 450 458 460
1043 4 0 415 409 411 413
1044 4 0 430 422 421 419
1045 4 0 430 422 419 425
1046 4 0 416 421 411 415
1047 4 0 466 463 480 462
1048 4 0 411 420 419 422
1049 4 0 423 425 420 422
1050 4 0 416 415 412 422
1051 4 0 411 415 412 416
1052 4 0 425 643 430 421
1053 4 0 422 421 419 411
1054 4 0 884 848 886 849
1055 4 0 662 643 430 425
1056 4 0 657 643 430 662
1057 4 0 669 658 665 657
1058 4 0 608 395 362 609
1059 4 0 669 657 665 424
1060 4 0 684 686 682 698
1061 4 0 423 430 419 425
1062 4 0 430 422 425 421
1063 4 0 446 461 459 449
1064 4 0 581 587 544 545
1065 4 0 430 425 424 662
1066 4 0 128 203 76 270
1067 4 0 450 701 465 689
1068 4 0 696 481 701 464
1069 4 0 424 657 662 669
1070 4 0 657 443 424 430
1071 4 0 798 805 800 802
1072 4 0 681 672 922 918
1073 4 0 428 430 423 443
1074 4 0 423 422 424 425
1075 4 0 79 270 305 130
1076 4 0 447 673 678 432
1077 4 0 447 428 442 431
1078 4 0 428 430 419 423
1079 4 0 450 685 680 460
1080 4 0 247 151 145 180
1081 4 0 666 671 679 681
1082 4 0 464 461 463 481
1083 4 0 443 423 428 424
1084 4 0 419 429 423 420
1085 4 0 419 429 428 423
1086 4 0 1037 614 1070 1035
1087 4 0 680 464 696 689
1088 4 0 673 670 684 679
1089 4 0 432 669 673 443
1090 4 0 665 443 673 669
1091 4 0 673 443 678 432
1092 4 0 435 916 438 925
1093 4 0 424 423 431 432
1094 4 0 428 429 431 423
1095 4 0 428 423 431 424
1096 4 0 443 431 447 432
1097 4 0 424 443 431 428
1098 4 0 432 443 431 424
1099 4 0 482 469 473 468
1100 4 0 678 460 680 685
1101 4 0 442 446 448 444
1102 4 0 227 284 362 326
1103 4 0 447 460 685 451
1104 4 0 465 466 462 463
1105 4 0 432 685 451 447
1106 4 0 446 445 448 449
1107 4 0 483 466 480 467
1108 4 0 431 443 447 428
1109 4 0 445 447 448 460
1110 4 0 728 367 370 486
1111 4 0 459 449 445 446
1112 4 0 431 429 442 444
1113 4 0 428 429 442 431
1114 4 0 481 701 467 718
1115 4 0 431 451 447 432
1116 4 0 465 481 463 461
1117 4 0 698 931 683 688
1118 4 0 470 702 483 467
1119 4 0 689 451 685 450
1120 4 0 461 467 466 465
1121 4 0 448 451 460 447
1122 4 0 447 448 431 442
1123 4 0 130 284 227 271
1124 4 0 465 461 462 466
1125 4 0 445 451 460 448
1126 4 0 449 458 459 445
1127 4 0 450 680 464 460
1128 4 0 464 450 465 689
1129 4 0 487 733 783 782
1130 4 0 679 671 683 681
1131 4 0 470 702 705 721
1132 4 0 464 481 701 465
1133 4 0 721 485 724 470
1134 4 0 470 721 705 724
1135 4 0 358 395 362 608
1136 4 0 670 668 666 669
1137 4 0 684 688 682 679
1138 4 0 669 668 666 665
1139 4 0 461 458 463 459
1140 4 0 79 128 270 130
1141 4 0 450 445 451 460
1142 4 0 464 481 465 461
1143 4 0 463 459 462 461
1144 4 0 713 609 783 611
1145 4 0 685 451 460 450
1146 4 0 451 431 447 448
1147 4 0 467 469 480 468
1148 4 0 555 846 543 838
1149 4 0 670 671 666 668
1150 4 0 448 450 449 451
1151 4 0 449 465 461 450
1152 4 0 468 470 473 482
1153 4 0 696 481 718 701
1154 4 0 467 481 483 466
1155 4 0 761 766 765 757
1156 4 0 680 450 464 689
1157 4 0 696 689 464 701
1158 4 0 482 470 473 471
1159 4 0 469 466 468 467
1160 4 0 225 325 227 358
1161 4 0 465 702 467 701
1162 4 0 639 438 693 408
1163 4 0 718 483 721 467
1164 4 0 701 718 702 467
1165 4 0 466 470 468 467
1166 4 0 294 244 295 299
1167 4 0 287 367 294 484
1168 4 0 368 473 366 471
1169 4 0 775 731 729 732
1170 4 0 230 135 231 229
1171 4 0 140 135 131 80
1172 4 0 130 271 227 128
1173 4 0 396 609 362 395
1174 4 0 466 481 465 467
1175 4 0 481 466 465 463
1176 4 0 468 471 473 470
1177 4 0 480 470 467 468
1178 4 0 466 462 480 469
1179 4 0 366 367 484 485
1180 4 0 721 702 483 470
1181 4 0 467 466 480 469
1182 4 0 470 480 467 483
1183 4 0 853 854 976 886
1184 4 0 480 481 466 483
1185 4 0 721 467 483 702
1186 4 0 729 731 714 487
1187 4 0 720 697 719 700
1188 4 0 561 590 587 592
1189 4 0 697 699 700 686
1190 4 0 487 368 712 711
1191 4 0 705 485 472 470
1192 4 0 975 889 587 853
1193 4 0 482 471 368 485
1194 4 0 366 485 484 482
1195 4 0 480 470 485 483
1196 4 0 468 470 485 480
1197 4 0 482 470 485 468
1198 4 0 482 468 485 469
1199 4 0 480 469 485 468
1200 4 0 482 469 485 480
1201 4 0 686 685 682 680
1202 4 0 485 470 705 724
1203 4 0 366 284 289 368
1204 4 0 485 471 470 482
1205 4 0 370 732 729 486
1206 4 0 705 708 472 724
1207 4 0 471 485 470 472
1208 4 0 472 724 711 485
1209 4 0 856 327 971 972
1210 4 0 294 239 295 244
1211 4 0 697 687 720 932
1212 4 0 229 140 230 135
1213 4 0 705 724 472 485
1214 4 0 364 396 504 609
1215 4 0 724 485 728 711
1216 4 0 75 205 37 31
1217 4 0 326 325 227 271
1218 4 0 474 366 487 484
1219 4 0 724 472 711 708
1220 4 0 366 482 484 474
1221 4 0 1190 1144 1139 1198
1222 4 0 364 396 362 326
1223 4 0 238 230 294 286
1224 4 0 289 484 487 367
1225 4 0 368 485 728 367
1226 4 0 242 243 173 241
1227 4 0 585 589 584 548
1228 4 0 358 325 362 395
1229 4 0 474 473 366 482
1230 4 0 296 240 242 245
1231 4 0 287 484 294 286
1232 4 0 485 482 366 368
1233 4 0 368 367 366 485
1234 4 0 711 485 728 368
1235 4 0 366 474 289 286
1236 4 0 269 126 128 203
1237 4 0 326 396 362 395
1238 4 0 366 286 289 284
1239 4 0 582 586 578 580
1240 4 0 728 367 487 368
1241 4 0 301 231 304 288
1242 4 0 230 286 231 287
1243 4 0 364 711 712 368
1244 4 0 289 287 231 286
1245 4 0 75 136 305 303
1246 4 0 368 367 487 366
1247 4 0 690 362 713 609
1248 4 0 373 271 376 284
1249 4 0 484 286 287 474
1250 4 0 203 270 128 269
1251 4 0 498 370 494 299
1252 4 0 143 136 78 38
1253 4 0 225 126 128 269
1254 4 0 271 270 128 130
1255 4 0 130 284 231 229
1256 4 0 470 708 472 705
1257 4 0 225 269 227 325
1258 4 0 128 269 227 225
1259 4 0 468 472 471 470
1260 4 0 271 269 227 128
1261 4 0 271 325 227 269
1262 4 0 376 502 374 487
1263 4 0 364 609 362 396
1264 4 0 500 502 374 501
1265 4 0 227 325 362 358
1266 4 0 227 326 362 325
1267 4 0 395 325 362 326
1268 4 0 287 286 289 474
1269 4 0 130 229 231 135
1270 4 0 327 307 306 379
1271 4 0 988 984 587 983
1272 4 0 186 253 150 254
1273 4 0 474 484 289 287
1274 4 0 882 849 885 854
1275 4 0 231 289 373 304
1276 4 0 240 243 242 245
1277 4 0 229 286 231 230
1278 4 0 503 326 376 377
1279 4 0 326 506 504 396
1280 4 0 149 87 177 178
1281 4 0 287 484 289 367
1282 4 0 287 367 289 486
1283 4 0 289 367 487 486
1284 4 0 845 881 578 582
1285 4 0 590 591 592 557
1286 4 0 288 302 304 301
1287 4 0 289 286 231 284
1288 4 0 229 284 231 286
1289 4 0 31 204 38 205
1290 4 0 33 100 37 203
1291 4 0 303 143 250 38
1292 4 0 288 302 301 248
1293 4 0 172 138 161 142
1294 4 0 160 161 163 172
1295 4 0 203 126 76 73
1296 4 0 128 126 76 203
1297 4 0 229 135 131 140
1298 4 0 130 135 131 229
1299 4 0 79 135 131 130
1300 4 0 549 587 546 544
1301 4 0 142 83 161 87
1302 4 0 84 142 161 138
1303 4 0 38 205 75 31
1304 4 0 149 142 177 87
1305 4 0 141 137 83 41
1306 4 0 38 80 75 136
1307 4 0 181 176 182 175
1308 4 0 36 204 38 32
1309 4 0 168 240 173 242
1310 4 0 247 143 145 144
1311 4 0 39 42 155 81
1312 4 0 41 137 78 143
1313 4 0 31 32 38 204
1314 4 0 301 246 249 146
1315 4 0 435 924 675 916
1316 4 0 551 540 543 546
1317 4 0 206 32 36 208
1318 4 0 204 32 36 206
1319 4 0 876 994 786 327
1320 4 0 75 135 305 136
1321 4 0 31 205 37 100
1322 4 0 100 26 37 31
1323 4 0 100 33 37 26
1324 4 0 75 270 37 205
1325 4 0 136 134 78 80
1326 4 0 137 134 78 136
1327 4 0 41 143 78 36
1328 4 0 38 36 78 143
1329 4 0 131 135 75 80
1330 4 0 79 135 75 131
1331 4 0 500 371 374 487
1332 4 0 83 142 84 137
1333 4 0 27 106 34 32
1334 4 0 557 590 588 553
1335 4 0 137 134 84 78
1336 4 0 88 189 148 156
1337 4 0 87 83 149 142
1338 4 0 83 137 149 142
1339 4 0 141 137 149 83
1340 4 0 562 595 594 566
1341 4 0 83 137 84 41
1342 4 0 251 144 250 185
1343 4 0 572 872 575 870
1344 4 0 981 327 973 837
1345 4 0 41 137 84 78
1346 4 0 78 134 84 133
1347 4 0 167 174 169 177
1348 4 0 184 183 182 189
1349 4 0 157 86 153 156
1350 4 0 288 289 304 371
1351 4 0 130 135 305 79
1352 4 0 172 161 164 177
1353 4 0 134 138 84 133
1354 4 0 242 243 241 245
1355 4 0 297 245 300 296
1356 4 0 373 289 374 304
1357 4 0 75 270 305 79
1358 4 0 231 304 373 305
1359 4 0 545 552 554 551
1360 4 0 38 205 250 303
1361 4 0 301 135 305 231
1362 4 0 167 175 169 174
1363 4 0 185 151 247 179
1364 4 0 104 108 209 110
1365 4 0 550 587 851 546
1366 4 0 161 142 177 172
1367 4 0 151 185 247 144
1368 4 0 246 232 301 248
1369 4 0 146 180 249 145
1370 4 0 161 87 177 142
1371 4 0 240 239 173 243
1372 4 0 161 87 164 177
1373 4 0 177 87 164 174
1374 4 0 178 175 169 176
1375 4 0 178 87 177 174
1376 4 0 174 178 169 177
1377 4 0 174 175 169 178
1378 4 0 165 160 173 139
1379 4 0 139 239 173 165
1380 4 0 554 551 543 546
1381 4 0 139 244 173 239
1382 4 0 133 140 162 80
1383 4 0 239 168 173 165
1384 4 0 131 80 162 140
1385 4 0 242 240 173 243
1386 4 0 177 172 166 164
1387 4 0 164 167 166 177
1388 4 0 171 172 166 177
1389 4 0 251 36 250 144
1390 4 0 79 135 305 75
1391 4 0 164 172 163 161
1392 4 0 166 172 163 164
1393 4 0 206 309 308 327
1394 4 0 177 169 166 171
1395 4 0 177 167 166 169
1396 4 0 727 707 936 935
1397 4 0 305 301 249 136
1398 4 0 299 243 295 298
1399 4 0 161 138 160 84
1400 4 0 172 138 160 161
1401 4 0 166 171 163 172
1402 4 0 166 170 163 171
1403 4 0 246 232 146 301
1404 4 0 238 230 139 244
1405 4 0 230 229 238 140
1406 4 0 243 296 300 245
1407 4 0 143 144 250 36
1408 4 0 238 162 139 140
1409 4 0 508 572 386 383
1410 4 0 487 289 374 376
1411 4 0 162 140 238 229
1412 4 0 286 229 238 230
1413 4 0 243 296 245 240
1414 4 0 243 239 173 244
1415 4 0 238 140 139 230
1416 4 0 303 143 249 247
1417 4 0 75 205 303 270
1418 4 0 36 204 250 38
1419 4 0 241 170 173 242
1420 4 0 171 170 173 241
1421 4 0 168 239 173 240
1422 4 0 299 370 295 294
1423 4 0 1039 713 941 1037
1424 4 0 232 136 301 135
1425 4 0 299 244 295 243
1426 4 0 304 289 374 371
1427 4 0 247 185 250 144
1428 4 0 242 170 173 168
1429 4 0 134 140 139 133
1430 4 0 134 133 139 138
1431 4 0 238 165 139 162
1432 4 0 162 133 139 140
1433 4 0 238 239 139 165
1434 4 0 244 239 139 238
1435 4 0 165 133 139 162
1436 4 0 160 138 139 133
1437 4 0 160 133 139 165
1438 4 0 301 146 249 136
1439 4 0 171 172 173 163
1440 4 0 163 170 173 171
1441 4 0 160 168 173 163
1442 4 0 163 172 173 160
1443 4 0 160 138 173 139
1444 4 0 160 172 173 138
1445 4 0 303 136 249 143
1446 4 0 498 298 494 497
1447 4 0 563 562 561 592
1448 4 0 725 731 714 729
1449 4 0 872 587 870 560
1450 4 0 232 135 301 231
1451 4 0 232 231 301 288
1452 4 0 232 146 301 136
1453 4 0 301 136 305 135
1454 4 0 298 495 494 497
1455 4 0 551 545 546 587
1456 4 0 88 156 148 85
1457 4 0 143 36 250 38
1458 4 0 303 270 305 75
1459 4 0 251 204 250 36
1460 4 0 592 591 562 557
1461 4 0 38 204 250 205
1462 4 0 581 549 544 587
1463 4 0 231 135 305 130
1464 4 0 208 206 251 36
1465 4 0 557 553 588 591
1466 4 0 380 308 381 327
1467 4 0 303 247 250 143
1468 4 0 507 540 505 541
1469 4 0 38 136 303 143
1470 4 0 549 587 550 546
1471 4 0 375 205 306 327
1472 4 0 591 590 588 557
1473 4 0 305 136 249 303
1474 4 0 212 274 209 211
1475 4 0 596 567 594 566
1476 4 0 262 195 196 259
1477 4 0 382 559 381 572
1478 4 0 204 327 307 205
1479 4 0 916 924 1030 928
1480 4 0 251 204 307 250
1481 4 0 327 206 307 308
1482 4 0 327 204 307 206
1483 4 0 251 206 307 204
1484 4 0 308 206 307 251
1485 4 0 307 205 250 204
1486 4 0 590 561 587 556
1487 4 0 568 567 571 574
1488 4 0 571 560 870 587
1489 4 0 587 871 598 600
1490 4 0 576 581 547 579
1491 4 0 545 587 554 552
1492 4 0 838 380 839 543
1493 4 0 503 327 505 507
1494 4 0 1187 1045 1046 615
1495 4 0 1010 616 1227 1011
1496 4 0 883 583 587 843
1497 4 0 558 554 543 851
1498 4 0 572 564 559 560
1499 4 0 588 553 584 589
1500 4 0 585 548 584 581
1501 4 0 563 560 564 587
1502 4 0 378 379 507 327
1503 4 0 380 839 540 507
1504 4 0 856 327 841 842
1505 4 0 370 486 729 728
1506 4 0 935 934 726 704
1507 4 0 851 554 543 546
1508 4 0 783 609 841 611
1509 4 0 595 562 594 593
1510 4 0 833 819 822 831
1511 4 0 501 502 782 500
1512 4 0 380 555 838 381
1513 4 0 991 981 786 327
1514 4 0 581 585 547 579
1515 4 0 581 548 547 585
1516 4 0 555 872 559 558
1517 4 0 596 566 594 595
1518 4 0 378 540 505 507
1519 4 0 710 714 725 727
1520 4 0 547 579 577 576
1521 4 0 547 576 577 581
1522 4 0 580 581 577 576
1523 4 0 883 587 884 844
1524 4 0 580 549 587 586
1525 4 0 596 587 594 567
1526 4 0 808 970 813 947
1527 4 0 849 848 886 854
1528 4 0 549 583 587 586
1529 4 0 577 549 578 583
1530 4 0 586 583 578 549
1531 4 0 580 549 578 577
1532 4 0 580 586 578 549
1533 4 0 576 580 578 577
1534 4 0 576 582 578 580
1535 4 0 886 889 976 853
1536 4 0 552 590 556 557
1537 4 0 546 587 851 554
1538 4 0 569 564 572 571
1539 4 0 565 569 568 564
1540 4 0 840 857 847 855
1541 4 0 552 587 556 590
1542 4 0 563 592 561 587
1543 4 0 1150 1151 1208 1156
1544 4 0 893 995 1002 1001
1545 4 0 549 583 851 587
1546 4 0 205 307 250 306
1547 4 0 547 581 544 548
1548 4 0 382 327 381 308
1549 4 0 859 978 587 975
1550 4 0 1130 1092 1046 1045
1551 4 0 307 327 380 379
1552 4 0 584 553 545 548
1553 4 0 587 588 545 584
1554 4 0 552 588 545 587
1555 4 0 581 587 545 584
1556 4 0 551 587 554 545
1557 4 0 308 309 382 327
1558 4 0 545 581 548 544
1559 4 0 581 545 548 584
1560 4 0 581 549 577 544
1561 4 0 549 581 577 580
1562 4 0 594 567 563 566
1563 4 0 594 566 563 562
1564 4 0 562 592 563 594
1565 4 0 594 587 563 567
1566 4 0 592 587 563 594
1567 4 0 556 560 561 587
1568 4 0 883 583 578 586
1569 4 0 895 997 862 878
1570 4 0 590 562 557 592
1571 4 0 560 558 559 872
1572 4 0 556 587 558 560
1573 4 0 856 837 971 327
1574 4 0 305 130 373 231
1575 4 0 381 327 508 510
1576 4 0 552 587 554 556
1577 4 0 555 380 838 543
1578 4 0 382 565 569 383
1579 4 0 379 540 380 542
1580 4 0 307 327 306 205
1581 4 0 569 565 559 564
1582 4 0 487 502 374 500
1583 4 0 571 564 572 560
1584 4 0 839 540 541 546
1585 4 0 824 822 823 830
1586 4 0 568 564 571 587
1587 4 0 376 364 504 368
1588 4 0 846 558 851 587
1589 4 0 846 558 543 851
1590 4 0 587 563 568 564
1591 4 0 587 567 568 563
1592 4 0 587 860 862 866
1593 4 0 984 587 983 978
1594 4 0 558 587 872 560
1595 4 0 571 560 572 870
1596 4 0 980 983 847 977
1597 4 0 964 943 1051 963
1598 4 0 876 863 786 994
1599 4 0 897 896 887 879
1600 4 0 993 861 987 864
1601 4 0 883 843 844 845
1602 4 0 971 327 973 974
1603 4 0 976 886 885 889
1604 4 0 327 271 375 270
1605 4 0 583 846 587 843
1606 4 0 565 382 569 559
1607 4 0 555 874 559 872
1608 4 0 382 309 383 327
1609 4 0 974 327 973 982
1610 4 0 785 842 841 327
1611 4 0 615 614 958 327
1612 4 0 851 546 541 550
1613 4 0 503 327 507 506
1614 4 0 327 326 503 377
1615 4 0 298 296 494 495
1616 4 0 506 326 504 503
1617 4 0 572 560 559 870
1618 4 0 506 326 503 327
1619 4 0 555 558 559 560
1620 4 0 376 289 374 373
1621 4 0 688 698 682 683
1622 4 0 307 308 380 327
1623 4 0 839 851 838 543
1624 4 0 839 546 541 851
1625 4 0 572 569 382 559
1626 4 0 326 271 377 327
1627 4 0 861 987 988 872
1628 4 0 550 851 839 541
1629 4 0 958 327 841 856
1630 4 0 561 566 562 563
1631 4 0 543 851 838 846
1632 4 0 848 587 886 853
1633 4 0 587 866 894 989
1634 4 0 380 327 507 379
1635 4 0 300 243 298 296
1636 4 0 487 368 504 364
1637 4 0 503 377 505 327
1638 4 0 1208 1150 1153 1155
1639 4 0 540 379 507 378
1640 4 0 305 303 375 270
1641 4 0 327 379 306 375
1642 4 0 205 327 375 270
1643 4 0 377 375 378 327
1644 4 0 205 270 375 303
1645 4 0 487 289 376 368
1646 4 0 408 916 438 435
1647 4 0 1084 951 1086 950
1648 4 0 326 284 376 271
1649 4 0 373 284 376 289
1650 4 0 705 702 706 721
1651 4 0 289 284 376 368
1652 4 0 1130 1145 1044 1089
1653 4 0 327 396 506 326
1654 4 0 507 327 505 378
1655 4 0 380 784 507 327
1656 4 0 380 784 327 381
1657 4 0 1127 1045 1187 615
1658 4 0 504 609 785 783
1659 4 0 378 327 505 377
1660 4 0 231 284 373 289
1661 4 0 784 506 507 327
1662 4 0 616 615 972 327
1663 4 0 1130 1092 1044 1145
1664 4 0 884 844 849 845
1665 4 0 379 540 507 380
1666 4 0 839 784 380 838
1667 4 0 381 838 380 784
1668 4 0 540 507 839 541
1669 4 0 540 543 380 542
1670 4 0 540 543 839 380
1671 4 0 231 130 373 284
1672 4 0 377 271 373 375
1673 4 0 1090 1089 1043 1044
1674 4 0 271 284 373 130
1675 4 0 270 130 373 305
1676 4 0 270 271 373 130
1677 4 0 375 271 373 270
1678 4 0 375 270 373 305
1679 4 0 364 284 376 326
1680 4 0 368 284 376 364
1681 4 0 373 377 376 271
1682 4 0 326 271 376 377
1683 4 0 730 775 940 732
1684 4 0 1077 1039 941 1037
1685 4 0 1037 1074 1077 1039
1686 4 0 614 903 1035 611
1687 4 0 614 1007 1070 1035
1688 4 0 295 296 494 298
1689 4 0 299 370 494 295
1690 4 0 295 298 494 299
1691 4 0 370 299 498 486
1692 4 0 240 296 295 243
1693 4 0 243 239 295 240
1694 4 0 1199 1144 1139 1138
1695 4 0 304 371 372 302
1696 4 0 374 500 372 371
1697 4 0 727 731 714 725
1698 4 0 501 500 372 374
1699 4 0 374 371 372 304
1700 4 0 684 698 682 688
1701 4 0 684 679 682 680
1702 4 0 297 296 298 495
1703 4 0 300 296 298 297
1704 4 0 287 486 370 367
1705 4 0 299 486 370 287
1706 4 0 498 299 494 298
1707 4 0 244 230 294 238
1708 4 0 244 287 294 230
1709 4 0 299 287 294 244
1710 4 0 239 244 294 238
1711 4 0 1129 1077 1088 1128
1712 4 0 287 299 294 370
1713 4 0 370 367 294 287
1714 4 0 239 243 295 244
1715 4 0 777 952 780 953
1716 4 0 298 495 496 297
1717 4 0 298 300 496 499
1718 4 0 298 499 496 497
1719 4 0 298 497 496 495
1720 4 0 952 776 734 939
1721 4 0 734 494 779 498
1722 4 0 706 721 722 724
1723 4 0 728 486 729 487
1724 4 0 681 667 666 672
1725 4 0 673 666 678 665
1726 4 0 667 672 681 918
1727 4 0 668 671 681 672
1728 4 0 725 710 706 709
1729 4 0 689 685 686 680
1730 4 0 681 671 683 922
1731 4 0 1190 1198 1139 1140
1732 4 0 958 615 972 1045
1733 4 0 922 671 683 931
1734 4 0 666 673 678 670
1735 4 0 669 673 666 670
1736 4 0 669 665 666 673
1737 4 0 939 776 734 775
1738 4 0 670 679 683 688
1739 4 0 679 680 684 685
1740 4 0 679 670 684 688
1741 4 0 687 686 684 698
1742 4 0 688 931 683 671
1743 4 0 670 671 683 679
1744 4 0 720 687 933 932
1745 4 0 719 721 722 703
1746 4 0 683 679 682 688
1747 4 0 706 724 725 705
1748 4 0 698 688 684 687
1749 4 0 684 680 682 685
1750 4 0 684 685 682 686
1751 4 0 700 723 933 934
1752 4 0 733 713 956 941
1753 4 0 685 678 679 680
1754 4 0 775 732 729 370
1755 4 0 935 704 703 707
1756 4 0 703 704 722 719
1757 4 0 932 688 698 687
1758 4 0 680 686 696 682
1759 4 0 711 708 725 724
1760 4 0 1202 1193 1190 1144
1761 4 0 1183 1007 1070 1185
1762 4 0 1090 1145 1044 1091
1763 4 0 697 932 720 698
1764 4 0 697 686 700 720
1765 4 0 707 935 725 726
1766 4 0 687 932 697 698
1767 4 0 949 1086 952 950
1768 4 0 775 732 730 731
1769 4 0 698 686 682 697
1770 4 0 782 487 735 500
1771 4 0 934 699 723 704
1772 4 0 707 722 725 706
1773 4 0 722 724 725 706
1774 4 0 1010 616 1225 1227
1775 4 0 704 723 722 719
1776 4 0 704 934 722 723
1777 4 0 727 726 725 935
1778 4 0 1037 611 1035 690
1779 4 0 702 701 703 718
1780 4 0 702 718 703 721
1781 4 0 704 719 699 723
1782 4 0 704 699 700 934
1783 4 0 698 686 697 687
1784 4 0 1077 1128 1076 1074
1785 4 0 699 701 697 718
1786 4 0 696 718 697 701
1787 4 0 703 718 719 721
1788 4 0 699 689 697 701
1789 4 0 696 701 697 689
1790 4 0 699 686 697 689
1791 4 0 696 689 697 686
1792 4 0 699 723 719 700
1793 4 0 933 700 719 723
1794 4 0 686 680 696 689
1795 4 0 700 687 933 686
1796 4 0 720 686 933 687
1797 4 0 700 686 933 720
1798 4 0 720 700 719 933
1799 4 0 933 723 719 720
1800 4 0 697 699 719 700
1801 4 0 697 718 719 699
1802 4 0 719 704 699 703
1803 4 0 727 937 936 714
1804 4 0 727 707 725 706
1805 4 0 703 701 719 718
1806 4 0 699 701 719 703
1807 4 0 699 718 719 701
1808 4 0 935 704 726 703
1809 4 0 707 935 726 703
1810 4 0 674 903 1035 1033
1811 4 0 726 934 722 704
1812 4 0 722 707 725 726
1813 4 0 703 707 722 726
1814 4 0 703 706 722 707
1815 4 0 702 706 722 703
1816 4 0 702 721 722 706
1817 4 0 703 721 722 702
1818 4 0 726 704 722 703
1819 4 0 611 903 1035 690
1820 4 0 1086 1087 1085 1137
1821 4 0 487 728 712 729
1822 4 0 1071 1185 1070 614
1823 4 0 364 368 712 487
1824 4 0 706 707 710 936
1825 4 0 937 731 730 732
1826 4 0 727 935 725 707
1827 4 0 729 487 714 712
1828 4 0 504 364 712 487
1829 4 0 782 502 783 487
1830 4 0 710 714 727 936
1831 4 0 937 731 714 727
1832 4 0 937 487 714 731
1833 4 0 727 706 936 707
1834 4 0 1136 1083 1075 1135
1835 4 0 705 706 709 725
1836 4 0 725 728 712 711
1837 4 0 729 728 712 725
1838 4 0 1083 1136 1075 1086
1839 4 0 940 732 941 730
1840 4 0 1037 1074 1071 1077
1841 4 0 710 725 706 727
1842 4 0 708 725 705 709
1843 4 0 725 708 705 724
1844 4 0 712 708 709 725
1845 4 0 1077 1074 1127 1128
1846 4 0 1227 616 1225 1187
1847 4 0 730 714 733 713
1848 4 0 1130 1045 1044 1092
1849 4 0 730 937 733 714
1850 4 0 608 609 690 611
1851 4 0 903 608 690 611
1852 4 0 674 608 690 903
1853 4 0 1083 948 949 1075
1854 4 0 1071 614 1070 1037
1855 4 0 1039 730 941 713
1856 4 0 613 1186 619 1184
1857 4 0 362 609 690 608
1858 4 0 614 1185 1070 1007
1859 4 0 608 358 690 362
1860 4 0 608 674 690 358
1861 4 0 1087 951 953 1086
1862 4 0 713 714 733 712
1863 4 0 487 712 733 714
1864 4 0 937 487 733 714
1865 4 0 781 942 735 955
1866 4 0 957 614 958 1045
1867 4 0 937 732 733 731
1868 4 0 937 731 733 487
1869 4 0 952 950 777 776
1870 4 0 951 950 777 953
1871 4 0 729 731 733 732
1872 4 0 487 731 733 729
1873 4 0 729 732 733 486
1874 4 0 729 486 733 487
1875 4 0 616 982 1047 617
1876 4 0 615 616 1046 1187
1877 4 0 785 609 841 783
1878 4 0 983 587 977 978
1879 4 0 1033 1007 1070 1125
1880 4 0 1035 1007 1070 1033
1881 4 0 1071 1074 1127 1077
1882 4 0 1129 1128 1076 1077
1883 4 0 1010 1232 1227 1223
1884 4 0 1071 614 1127 1185
1885 4 0 615 1185 1127 614
1886 4 0 1187 615 1225 1127
1887 4 0 616 617 1227 1011
1888 4 0 614 1045 1127 615
1889 4 0 876 327 786 787
1890 4 0 1088 1188 1130 1189
1891 4 0 1088 1045 1130 1187
1892 4 0 886 854 885 849
1893 4 0 856 327 842 837
1894 4 0 1088 1041 1043 1077
1895 4 0 1136 1139 1075 1086
1896 4 0 1135 1129 1075 1140
1897 4 0 1009 615 1225 1010
1898 4 0 1009 1185 1225 615
1899 4 0 1197 1129 1190 1189
1900 4 0 1193 1202 1190 1201
1901 4 0 1197 1189 1190 1201
1902 4 0 976 889 885 998
1903 4 0 381 572 508 382
1904 4 0 785 327 841 609
1905 4 0 1187 1188 1130 1088
1906 4 0 1039 940 1076 1077
1907 4 0 1077 1074 1076 1039
1908 4 0 1188 1128 1088 1187
1909 4 0 1129 1128 1088 1188
1910 4 0 1132 1195 1196 1133
1911 4 0 985 978 891 892
1912 4 0 1129 1188 1088 1189
1913 4 0 1047 1228 1046 616
1914 4 0 1076 1129 1075 1135
1915 4 0 1197 1201 1190 1198
1916 4 0 1187 1228 1130 1188
1917 4 0 1200 1189 1130 1188
1918 4 0 1200 1192 1130 1191
1919 4 0 1191 1189 1130 1200
1920 4 0 1192 1200 1130 1228
1921 4 0 1188 1228 1130 1200
1922 4 0 1146 1192 1145 1092
1923 4 0 1140 1129 1190 1197
1924 4 0 1138 1143 1139 1141
1925 4 0 1197 1198 1190 1140
1926 4 0 777 953 778 951
1927 4 0 1091 1145 1044 1092
1928 4 0 1099 1151 1156 1100
1929 4 0 1155 1206 1153 1204
1930 4 0 1147 1148 1146 1094
1931 4 0 1147 1093 1146 1092
1932 4 0 1192 1092 1146 1093
1933 4 0 1093 1094 1146 1192
1934 4 0 1147 1094 1146 1093
1935 4 0 590 561 562 592
1936 4 0 316 293 258 321
1937 4 0 1076 1128 1082 1074
1938 4 0 1138 1144 1139 1143
1939 4 0 1076 1074 1082 1039
1940 4 0 982 327 991 992
1941 4 0 1049 1048 1226 1131
1942 4 0 1200 1189 1201 1191
1943 4 0 1153 1202 1209 1208
1944 4 0 1193 1191 1201 1189
1945 4 0 1144 1198 1190 1202
1946 4 0 1145 1092 1091 1146
1947 4 0 1139 1198 1136 1140
1948 4 0 805 802 811 800
1949 4 0 1129 1128 1135 1076
1950 4 0 1138 1199 1137 1139
1951 4 0 1199 1198 1139 1144
1952 4 0 1139 1199 1137 1198
1953 4 0 1130 1092 1145 1192
1954 4 0 1202 1193 1144 1205
1955 4 0 1199 1198 1144 1202
1956 4 0 1203 1142 1144 1199
1957 4 0 1142 1204 1144 1143
1958 4 0 1205 1143 1144 1204
1959 4 0 1203 1202 1144 1205
1960 4 0 1199 1202 1144 1203
1961 4 0 1142 1203 1144 1204
1962 4 0 1205 1204 1144 1203
1963 4 0 1135 1140 1075 1136
1964 4 0 940 730 948 775
1965 4 0 1197 1188 1135 1129
1966 4 0 941 942 955 733
1967 4 0 1143 1142 1138 1144
1968 4 0 1187 1228 1046 1130
1969 4 0 982 616 1047 974
1970 4 0 1082 1076 1135 1128
1971 4 0 617 618 1047 1228
1972 4 0 863 994 987 991
1973 4 0 891 975 890 587
1974 4 0 957 1045 1044 1088
1975 4 0 1197 1140 1136 1198
1976 4 0 985 975 891 978
1977 4 0 664 438 693 694
1978 4 0 974 327 982 616
1979 4 0 1136 1140 1075 1139
1980 4 0 1086 1137 1085 1084
1981 4 0 491 521 763 492
1982 4 0 939 1086 952 949
1983 4 0 1139 1141 1137 1138
1984 4 0 1129 1188 1135 1128
1985 4 0 956 614 958 957
1986 4 0 1197 1129 1135 1140
1987 4 0 617 616 982 327
1988 4 0 1001 1000 891 985
1989 4 0 618 617 982 327
1990 4 0 1130 1228 1046 1192
1991 4 0 1087 1137 1086 1139
1992 4 0 1086 1083 949 1075
1993 4 0 953 950 777 952
1994 4 0 1039 1076 948 1082
1995 4 0 1134 1081 1072 1079
1996 4 0 863 981 786 991
1997 4 0 363 388 397 511
1998 4 0 1192 1092 1046 1130
1999 4 0 1157 1101 1102 1099
2000 4 0 616 617 1047 1228
2001 4 0 972 327 971 974
2002 4 0 508 874 572 510
2003 4 0 856 837 857 971
2004 4 0 327 618 996 992
2005 4 0 1187 616 1046 1228
2006 4 0 327 506 837 784
2007 4 0 616 974 972 1046
2008 4 0 1086 951 952 950
2009 4 0 1084 1083 1086 1136
2010 4 0 957 941 956 1037
2011 4 0 616 327 972 974
2012 4 0 1086 1084 949 1083
2013 4 0 1088 1127 957 1045
2014 4 0 1077 1127 957 1088
2015 4 0 1077 1037 957 1071
2016 4 0 1037 614 957 1071
2017 4 0 1077 1071 957 1127
2018 4 0 1127 614 957 1045
2019 4 0 1071 614 957 1127
2020 4 0 993 863 987 861
2021 4 0 1158 1152 1209 1150
2022 4 0 1132 1194 1196 1195
2023 4 0 618 982 1047 992
2024 4 0 982 618 1047 617
2025 4 0 327 618 992 982
2026 4 0 510 327 509 786
2027 4 0 614 327 841 958
2028 4 0 981 327 991 982
2029 4 0 955 957 1043 941
2030 4 0 1077 941 1043 957
2031 4 0 955 941 1043 942
2032 4 0 1041 942 1043 941
2033 4 0 1089 1088 1043 1044
2034 4 0 1089 1041 1043 1088
2035 4 0 1137 1139 1087 1141
2036 4 0 780 953 778 777
2037 4 0 949 776 952 939
2038 4 0 1039 730 948 940
2039 4 0 1041 954 1043 942
2040 4 0 1039 940 948 1076
2041 4 0 954 1041 1043 1042
2042 4 0 1087 1141 1085 1137
2043 4 0 781 955 735 782
2044 4 0 1043 942 954 955
2045 4 0 1137 1141 1085 1138
2046 4 0 1136 1137 1086 1084
2047 4 0 1082 1083 1075 948
2048 4 0 948 1076 1075 1082
2049 4 0 1135 1083 1075 1082
2050 4 0 614 841 956 958
2051 4 0 775 732 734 939
2052 4 0 948 1075 939 949
2053 4 0 782 500 735 781
2054 4 0 775 732 939 940
2055 4 0 884 845 849 881
2056 4 0 1075 1086 939 949
2057 4 0 1046 1045 972 615
2058 4 0 948 1076 939 1075
2059 4 0 948 940 939 1076
2060 4 0 949 776 939 775
2061 4 0 948 775 939 940
2062 4 0 949 775 939 948
2063 4 0 713 1037 956 941
2064 4 0 957 1037 956 614
2065 4 0 998 979 889 999
2066 4 0 955 942 735 733
2067 4 0 611 614 956 1037
2068 4 0 980 858 852 850
2069 4 0 775 370 734 732
2070 4 0 775 776 734 370
2071 4 0 494 370 734 776
2072 4 0 498 370 734 494
2073 4 0 486 370 734 498
2074 4 0 486 732 734 370
2075 4 0 501 500 782 781
2076 4 0 504 396 785 609
2077 4 0 991 986 863 981
2078 4 0 487 502 783 504
2079 4 0 894 989 995 893
2080 4 0 783 611 956 713
2081 4 0 780 777 779 952
2082 4 0 782 733 735 487
2083 4 0 500 502 782 487
2084 4 0 497 498 779 494
2085 4 0 499 496 779 780
2086 4 0 499 497 779 496
2087 4 0 952 776 779 734
2088 4 0 777 776 779 952
2089 4 0 734 776 779 494
2090 4 0 497 495 779 496
2091 4 0 494 495 779 497
2092 4 0 777 495 779 494
2093 4 0 777 780 779 778
2094 4 0 778 495 779 777
2095 4 0 777 494 779 776
2096 4 0 778 496 779 495
2097 4 0 780 496 779 778
2098 4 0 713 364 783 609
2099 4 0 504 609 783 364
2100 4 0 733 712 783 713
2101 4 0 487 712 783 733
2102 4 0 487 504 783 712
2103 4 0 889 975 587 890
2104 4 0 842 327 785 837
2105 4 0 958 327 972 615
2106 4 0 713 712 783 364
2107 4 0 504 364 783 712
2108 4 0 841 614 956 611
2109 4 0 988 872 983 587
2110 4 0 640 333 626 924
2111 4 0 614 611 841 327
2112 4 0 327 609 785 396
2113 4 0 832 827 830 824
2114 4 0 976 975 889 979
2115 4 0 615 1045 958 614
2116 4 0 1046 615 972 616
2117 4 0 986 863 872 987
2118 4 0 856 327 972 958
2119 4 0 858 837 980 973
2120 4 0 988 587 989 864
2121 4 0 991 327 786 994
2122 4 0 858 857 980 837
2123 4 0 587 848 886 884
2124 4 0 981 982 973 327
2125 4 0 1132 1133 1196 1134
2126 4 0 994 992 991 327
2127 4 0 973 971 858 857
2128 4 0 971 837 973 327
2129 4 0 971 837 857 973
2130 4 0 867 872 861 587
2131 4 0 840 838 980 837
2132 4 0 837 784 981 327
2133 4 0 381 327 981 784
2134 4 0 872 874 986 555
2135 4 0 973 837 980 981
2136 4 0 381 784 981 838
2137 4 0 863 865 860 861
2138 4 0 860 861 864 587
2139 4 0 866 864 989 587
2140 4 0 872 863 861 987
2141 4 0 847 857 980 850
2142 4 0 850 977 847 587
2143 4 0 105 108 209 104
2144 4 0 842 837 857 856
2145 4 0 838 846 986 555
2146 4 0 587 989 894 893
2147 4 0 761 831 760 820
2148 4 0 892 978 891 587
2149 4 0 980 838 847 846
2150 4 0 860 865 864 861
2151 4 0 987 861 988 864
2152 4 0 993 960 863 865
2153 4 0 863 994 993 987
2154 4 0 839 546 851 543
2155 4 0 993 861 864 865
2156 4 0 857 837 858 973
2157 4 0 986 869 874 872
2158 4 0 980 838 986 981
2159 4 0 857 837 840 980
2160 4 0 840 842 857 855
2161 4 0 981 837 980 784
2162 4 0 838 784 980 837
2163 4 0 981 784 980 838
2164 4 0 156 85 147 148
2165 4 0 859 978 977 587
2166 4 0 1154 1191 1194 1201
2167 4 0 850 980 847 977
2168 4 0 846 986 980 838
2169 4 0 960 994 876 327
2170 4 0 858 857 852 850
2171 4 0 986 846 980 983
2172 4 0 872 874 867 869
2173 4 0 862 587 894 895
2174 4 0 984 988 587 989
2175 4 0 868 862 896 587
2176 4 0 867 869 861 872
2177 4 0 872 863 869 861
2178 4 0 587 861 862 860
2179 4 0 960 993 863 994
2180 4 0 985 1000 890 979
2181 4 0 840 857 980 847
2182 4 0 861 587 988 864
2183 4 0 861 872 988 587
2184 4 0 587 860 866 864
2185 4 0 862 587 868 861
2186 4 0 896 587 887 873
2187 4 0 896 868 887 879
2188 4 0 381 382 508 327
2189 4 0 873 587 887 888
2190 4 0 873 879 887 868
2191 4 0 862 866 894 587
2192 4 0 873 888 887 879
2193 4 0 980 859 852 858
2194 4 0 980 840 847 838
2195 4 0 587 558 983 846
2196 4 0 872 558 983 587
2197 4 0 988 987 983 872
2198 4 0 986 872 983 987
2199 4 0 555 846 983 558
2200 4 0 986 846 983 555
2201 4 0 555 872 983 986
2202 4 0 555 558 983 872
2203 4 0 850 848 852 587
2204 4 0 853 975 852 587
2205 4 0 977 587 852 859
2206 4 0 587 975 852 859
2207 4 0 858 857 850 980
2208 4 0 985 979 890 975
2209 4 0 980 846 847 983
2210 4 0 977 983 847 587
2211 4 0 846 587 847 983
2212 4 0 850 587 852 977
2213 4 0 977 980 852 850
2214 4 0 977 859 852 980
2215 4 0 843 883 844 587
2216 4 0 845 883 884 844
2217 4 0 587 848 844 847
2218 4 0 847 843 844 587
2219 4 0 847 848 844 850
2220 4 0 884 848 849 844
2221 4 0 587 989 893 892
2222 4 0 587 978 891 975
2223 4 0 1154 1152 1209 1195
2224 4 0 884 885 849 886
2225 4 0 849 881 882 884
2226 4 0 975 976 889 853
2227 4 0 1192 1228 1131 1200
2228 4 0 990 892 891 1001
2229 4 0 990 985 891 892
2230 4 0 1001 985 891 990
2231 4 0 985 978 892 990
2232 4 0 990 984 892 989
2233 4 0 587 989 892 984
2234 4 0 984 978 892 587
2235 4 0 990 978 892 984
2236 4 0 989 894 995 866
2237 4 0 990 989 893 995
2238 4 0 892 989 893 990
2239 4 0 853 587 886 889
2240 4 0 868 867 861 873
2241 4 0 1001 892 893 990
2242 4 0 1001 990 893 995
2243 4 0 587 848 884 844
2244 4 0 881 883 884 845
2245 4 0 886 976 885 854
2246 4 0 985 975 890 891
2247 4 0 891 1000 890 985
2248 4 0 979 1000 890 999
2249 4 0 866 862 894 997
2250 4 0 995 866 894 997
2251 4 0 993 863 861 865
2252 4 0 1080 945 1099 969
2253 4 0 1002 997 894 1003
2254 4 0 1002 1003 894 893
2255 4 0 1002 995 894 997
2256 4 0 893 995 894 1002
2257 4 0 749 753 798 938
2258 4 0 896 868 879 877
2259 4 0 1131 1228 1226 1196
2260 4 0 997 895 862 894
2261 4 0 997 1004 1003 878
2262 4 0 965 967 1100 968
2263 4 0 959 327 612 961
2264 4 0 896 868 877 862
2265 4 0 878 899 877 895
2266 4 0 896 895 877 899
2267 4 0 878 895 877 862
2268 4 0 896 862 877 895
2269 4 0 961 327 996 960
2270 4 0 1156 1157 1208 1150
2271 4 0 566 597 595 596
2272 4 0 991 994 786 863
2273 4 0 877 896 897 879
2274 4 0 877 899 897 896
2275 4 0 960 327 996 994
2276 4 0 792 793 966 794
2277 4 0 896 587 873 868
2278 4 0 873 868 887 896
2279 4 0 871 602 600 888
2280 4 0 879 888 887 880
2281 4 0 994 327 996 992
2282 4 0 327 876 959 787
2283 4 0 1097 1131 1196 1194
2284 4 0 887 888 898 880
2285 4 0 1099 969 1103 1080
2286 4 0 1146 1094 1149 1192
2287 4 0 1051 964 1052 943
2288 4 0 924 675 620 923
2289 4 0 788 737 789 962
2290 4 0 316 369 489 292
2291 4 0 1194 1200 1196 1195
2292 4 0 327 960 961 876
2293 4 0 960 994 863 876
2294 4 0 889 975 890 979
2295 4 0 273 34 207 106
2296 4 0 964 943 963 736
2297 4 0 794 793 966 967
2298 4 0 1080 969 1103 1040
2299 4 0 365 369 489 738
2300 4 0 236 292 285 293
2301 4 0 312 311 275 313
2302 4 0 1038 946 715 944
2303 4 0 273 311 275 253
2304 4 0 749 797 743 753
2305 4 0 392 739 515 369
2306 4 0 792 791 517 518
2307 4 0 519 793 518 791
2308 4 0 966 967 1100 965
2309 4 0 228 129 328 313
2310 4 0 1196 1134 1226 1097
2311 4 0 740 969 945 1040
2312 4 0 795 794 392 791
2313 4 0 969 740 945 795
2314 4 0 794 793 791 792
2315 4 0 369 795 392 739
2316 4 0 613 961 612 327
2317 4 0 570 596 573 599
2318 4 0 795 739 965 791
2319 4 0 966 967 965 968
2320 4 0 716 717 476 741
2321 4 0 740 946 738 715
2322 4 0 512 514 488 389
2323 4 0 213 112 209 272
2324 4 0 944 737 738 715
2325 4 0 488 737 363 365
2326 4 0 618 1228 1048 1047
2327 4 0 963 737 944 962
2328 4 0 1095 1051 1096 1098
2329 4 0 1191 1192 1131 1200
2330 4 0 965 795 945 739
2331 4 0 1194 1132 1196 1097
2332 4 0 789 737 963 962
2333 4 0 492 772 768 493
2334 4 0 538 537 534 533
2335 4 0 519 518 319 317
2336 4 0 969 795 945 965
2337 4 0 1050 1073 1036 1078
2338 4 0 966 967 968 794
2339 4 0 1097 1132 1196 1134
2340 4 0 968 795 965 794
2341 4 0 791 794 965 795
2342 4 0 792 794 965 791
2343 4 0 966 794 965 792
2344 4 0 760 759 823 830
2345 4 0 965 969 1099 945
2346 4 0 968 795 969 965
2347 4 0 739 795 945 740
2348 4 0 964 736 963 790
2349 4 0 789 790 963 736
2350 4 0 736 737 963 789
2351 4 0 943 737 963 736
2352 4 0 830 759 823 827
2353 4 0 618 1047 1048 992
2354 4 0 1100 968 1099 965
2355 4 0 1101 968 1099 1100
2356 4 0 1047 1228 1048 1192
2357 4 0 1201 1200 1194 1195
2358 4 0 1146 1148 1149 1094
2359 4 0 1051 943 1052 1053
2360 4 0 1192 1093 1048 1047
2361 4 0 996 618 1048 992
2362 4 0 1040 1080 1081 1103
2363 4 0 1101 968 1102 1099
2364 4 0 1100 967 1101 968
2365 4 0 1040 945 946 1080
2366 4 0 1131 1228 1196 1200
2367 4 0 814 970 817 818
2368 4 0 1158 1081 1133 1080
2369 4 0 618 1224 1226 1227
2370 4 0 1153 1150 1209 1154
2371 4 0 825 493 536 759
2372 4 0 1053 1096 1052 1051
2373 4 0 1208 1150 1155 1207
2374 4 0 818 970 817 761
2375 4 0 339 337 640 675
2376 4 0 808 757 758 815
2377 4 0 715 946 738 944
2378 4 0 1099 1100 1156 1157
2379 4 0 1152 1158 1195 1133
2380 4 0 1154 1202 1153 1193
2381 4 0 1080 1152 1133 1158
2382 4 0 1157 1099 1150 1156
2383 4 0 1097 1051 1078 1050
2384 4 0 618 1227 1226 1228
2385 4 0 1155 1207 1153 1208
2386 4 0 1157 1100 1156 1101
2387 4 0 1153 1154 1209 1202
2388 4 0 361 426 434 357
2389 4 0 1156 1099 1150 1151
2390 4 0 1207 1156 1208 1151
2391 4 0 1099 1100 1157 1101
2392 4 0 1154 1201 1209 1202
2393 4 0 1207 1151 1208 1150
2394 4 0 1040 1080 1079 1081
2395 4 0 1208 1150 1209 1153
2396 4 0 1205 1204 1153 1206
2397 4 0 831 818 761 970
2398 4 0 1080 1103 1158 1081
2399 4 0 1029 1068 1120 1122
2400 4 0 1150 1099 1158 1152
2401 4 0 1150 1157 1158 1099
2402 4 0 1152 1099 1158 1080
2403 4 0 1103 1080 1158 1099
2404 4 0 1099 1157 1158 1102
2405 4 0 1102 1103 1158 1099
2406 4 0 1095 1094 1149 1148
2407 4 0 1226 618 619 1224
2408 4 0 1193 1191 1154 1201
2409 4 0 1193 1202 1153 1205
2410 4 0 1096 1095 1149 1148
2411 4 0 1098 1095 1149 1096
2412 4 0 924 1028 626 1030
2413 4 0 1186 1097 1226 1134
2414 4 0 1097 1053 1078 1051
2415 4 0 1195 1201 1209 1154
2416 4 0 1154 1150 1209 1152
2417 4 0 1195 1152 1194 1154
2418 4 0 943 963 944 1051
2419 4 0 1202 1193 1154 1201
2420 4 0 1201 1191 1194 1200
2421 4 0 1155 1204 1153 1207
2422 4 0 1208 1207 1153 1203
2423 4 0 1208 1203 1153 1202
2424 4 0 1205 1202 1153 1203
2425 4 0 1203 1204 1153 1205
2426 4 0 1207 1204 1153 1203
2427 4 0 1150 1157 1209 1158
2428 4 0 1208 1157 1209 1150
2429 4 0 802 810 813 804
2430 4 0 817 813 970 814
2431 4 0 1228 1192 1131 1048
2432 4 0 1097 1131 1226 1196
2433 4 0 1097 1049 1226 1131
2434 4 0 1192 1094 1131 1048
2435 4 0 1149 1094 1131 1192
2436 4 0 1048 1094 1131 1049
2437 4 0 1149 1095 1131 1094
2438 4 0 1049 1094 1131 1095
2439 4 0 1131 1095 1097 1049
2440 4 0 618 1228 1226 1048
2441 4 0 748 804 803 801
2442 4 0 765 767 761 695
2443 4 0 1133 1134 1132 1079
2444 4 0 761 820 760 773
2445 4 0 1050 1049 1186 1097
2446 4 0 1194 1195 1132 1152
2447 4 0 1133 1152 1132 1195
2448 4 0 1133 1080 1132 1152
2449 4 0 1079 1080 1132 1133
2450 4 0 333 331 620 398
2451 4 0 1072 1079 1078 1134
2452 4 0 1049 1095 1097 1050
2453 4 0 1098 1053 1097 1051
2454 4 0 613 1126 905 1034
2455 4 0 1149 1095 1097 1131
2456 4 0 1149 1098 1097 1095
2457 4 0 1095 1051 1097 1050
2458 4 0 1098 1051 1097 1095
2459 4 0 946 1078 944 1038
2460 4 0 695 762 761 947
2461 4 0 1040 740 946 945
2462 4 0 1025 1023 1026 1022
2463 4 0 1040 740 715 946
2464 4 0 1048 1228 1226 1131
2465 4 0 1050 1078 1036 944
2466 4 0 787 327 612 959
2467 4 0 1034 1036 612 613
2468 4 0 331 400 620 398
2469 4 0 943 737 944 963
2470 4 0 1186 1072 1078 1134
2471 4 0 1097 1050 1078 1186
2472 4 0 1073 1186 1078 1050
2473 4 0 822 820 760 831
2474 4 0 1073 1072 1036 1078
2475 4 0 1186 1134 1078 1097
2476 4 0 1053 1051 944 1078
2477 4 0 1040 1080 946 1079
2478 4 0 1040 946 715 1038
2479 4 0 810 814 805 811
2480 4 0 622 332 624 623
2481 4 0 529 490 520 756
2482 4 0 1050 963 944 962
2483 4 0 572 872 870 559
2484 4 0 512 389 488 388
2485 4 0 717 454 677 694
2486 4 0 740 945 738 946
2487 4 0 716 522 746 477
2488 4 0 1134 1132 1078 1097
2489 4 0 1134 1079 1078 1132
2490 4 0 385 327 328 387
2491 4 0 916 408 639 433
2492 4 0 946 1079 1038 1040
2493 4 0 946 1078 1038 1079
2494 4 0 1072 1079 1038 1078
2495 4 0 1081 1079 1038 1072
2496 4 0 1081 1040 1038 1079
2497 4 0 1053 943 944 1051
2498 4 0 1050 1051 944 963
2499 4 0 1078 1051 944 1050
2500 4 0 440 436 441 454
2501 4 0 622 332 623 402
2502 4 0 813 814 811 947
2503 4 0 528 796 801 799
2504 4 0 691 962 1036 944
2505 4 0 944 962 1036 1050
2506 4 0 765 457 695 757
2507 4 0 1078 1038 1036 944
2508 4 0 1038 1078 1036 1072
2509 4 0 691 944 1036 1038
2510 4 0 750 457 456 763
2511 4 0 788 959 612 962
2512 4 0 40 35 275 273
2513 4 0 916 408 433 435
2514 4 0 226 359 397 354
2515 4 0 399 359 610 675
2516 4 0 40 77 275 35
2517 4 0 905 1032 1124 1065
2518 4 0 1227 1232 1012 1224
2519 4 0 639 924 1030 916
2520 4 0 836 834 835 828
2521 4 0 815 970 761 817
2522 4 0 750 763 456 755
2523 4 0 751 477 478 747
2524 4 0 761 757 765 695
2525 4 0 747 477 478 746
2526 4 0 771 761 773 820
2527 4 0 820 819 817 761
2528 4 0 763 457 768 765
2529 4 0 829 827 834 826
2530 4 0 744 741 745 717
2531 4 0 801 804 806 805
2532 4 0 695 767 769 457
2533 4 0 537 536 835 829
2534 4 0 753 797 754 749
2535 4 0 762 457 441 938
2536 4 0 744 677 694 717
2537 4 0 753 762 695 757
2538 4 0 457 765 695 767
2539 4 0 753 797 798 754
2540 4 0 938 753 798 762
2541 4 0 528 806 809 529
2542 4 0 519 317 319 320
2543 4 0 764 523 530 526
2544 4 0 787 612 788 959
2545 4 0 763 770 768 492
2546 4 0 755 490 479 751
2547 4 0 749 753 938 762
2548 4 0 754 758 798 753
2549 4 0 742 743 746 749
2550 4 0 808 798 757 802
2551 4 0 441 436 426 427
2552 4 0 828 829 835 832
2553 4 0 535 527 534 533
2554 4 0 749 753 695 457
2555 4 0 762 753 695 749
2556 4 0 491 490 479 755
2557 4 0 357 360 434 361
2558 4 0 744 919 694 930
2559 4 0 453 436 455 439
2560 4 0 492 521 524 532
2561 4 0 930 938 929 745
2562 4 0 747 796 746 748
2563 4 0 458 461 463 464
2564 4 0 694 929 744 930
2565 4 0 742 749 796 743
2566 4 0 930 745 929 744
2567 4 0 716 741 746 742
2568 4 0 762 938 677 929
2569 4 0 929 938 677 745
2570 4 0 763 491 456 755
2571 4 0 929 745 677 744
2572 4 0 717 744 677 745
2573 4 0 677 744 694 929
2574 4 0 810 802 805 804
2575 4 0 762 753 798 757
2576 4 0 757 753 798 758
2577 4 0 811 814 818 970
2578 4 0 818 819 833 831
2579 4 0 810 802 813 811
2580 4 0 808 970 817 813
2581 4 0 804 798 808 802
2582 4 0 761 757 695 947
2583 4 0 761 771 766 820
2584 4 0 798 757 947 762
2585 4 0 695 762 947 757
2586 4 0 820 766 761 815
2587 4 0 800 754 798 797
2588 4 0 921 693 920 915
2589 4 0 812 816 764 530
2590 4 0 757 802 798 947
2591 4 0 749 938 798 743
2592 4 0 802 800 798 797
2593 4 0 757 758 815 766
2594 4 0 747 522 746 742
2595 4 0 127 129 328 226
2596 4 0 820 760 774 823
2597 4 0 531 524 526 527
2598 4 0 760 831 830 833
2599 4 0 801 800 799 754
2600 4 0 798 804 808 754
2601 4 0 317 320 318 319
2602 4 0 805 804 806 810
2603 4 0 797 754 799 800
2604 4 0 280 276 329 330
2605 4 0 1230 1214 1218 1216
2606 4 0 798 762 947 938
2607 4 0 621 625 904 906
2608 4 0 693 418 641 408
2609 4 0 478 716 441 938
2610 4 0 511 363 610 399
2611 4 0 452 454 441 476
2612 4 0 836 834 538 835
2613 4 0 612 613 904 1034
2614 4 0 821 532 535 493
2615 4 0 808 802 757 947
2616 4 0 920 693 919 915
2617 4 0 408 435 434 347
2618 4 0 761 766 757 815
2619 4 0 808 757 815 947
2620 4 0 831 819 761 818
2621 4 0 218 339 341 338
2622 4 0 802 813 811 947
2623 4 0 947 802 970 811
2624 4 0 539 536 534 537
2625 4 0 831 819 822 820
2626 4 0 314 255 235 312
2627 4 0 811 814 970 947
2628 4 0 815 947 761 970
2629 4 0 947 814 970 813
2630 4 0 818 819 817 814
2631 4 0 259 258 263 321
2632 4 0 820 819 822 817
2633 4 0 760 833 830 824
2634 4 0 761 771 765 766
2635 4 0 767 765 768 457
2636 4 0 772 821 825 493
2637 4 0 751 477 475 478
2638 4 0 631 1030 632 913
2639 4 0 761 771 773 767
2640 4 0 820 815 761 817
2641 4 0 761 819 817 818
2642 4 0 830 822 823 760
2643 4 0 1174 1230 1218 1231
2644 4 0 535 532 533 493
2645 4 0 157 159 82 81
2646 4 0 824 822 830 760
2647 4 0 1030 1021 1026 1029
2648 4 0 760 822 823 820
2649 4 0 426 437 434 436
2650 4 0 488 391 291 389
2651 4 0 361 437 434 426
2652 4 0 492 821 770 772
2653 4 0 824 833 830 832
2654 4 0 828 827 832 824
2655 4 0 539 537 538 829
2656 4 0 769 767 768 457
2657 4 0 574 602 600 871
2658 4 0 527 524 533 532
2659 4 0 829 828 835 834
2660 4 0 492 531 770 821
2661 4 0 753 457 750 757
2662 4 0 675 433 639 408
2663 4 0 516 518 517 791
2664 4 0 36 208 39 252
2665 4 0 456 457 768 763
2666 4 0 816 531 770 492
2667 4 0 796 749 748 754
2668 4 0 801 525 748 796
2669 4 0 492 521 770 816
2670 4 0 521 816 764 770
2671 4 0 747 477 746 522
2672 4 0 820 773 774 760
2673 4 0 825 539 534 535
2674 4 0 759 827 826 823
2675 4 0 821 493 535 825
2676 4 0 754 804 801 800
2677 4 0 105 272 209 58
2678 4 0 58 272 207 105
2679 4 0 639 913 1030 924
2680 4 0 531 492 816 524
2681 4 0 524 492 816 521
2682 4 0 774 826 759 825
2683 4 0 749 741 746 745
2684 4 0 769 493 768 772
2685 4 0 515 369 489 316
2686 4 0 338 337 640 339
2687 4 0 749 797 796 743
2688 4 0 800 804 801 805
2689 4 0 751 755 456 479
2690 4 0 761 767 769 695
2691 4 0 821 492 493 772
2692 4 0 821 532 493 492
2693 4 0 774 826 823 759
2694 4 0 493 774 825 772
2695 4 0 773 826 823 774
2696 4 0 828 827 829 832
2697 4 0 826 759 829 827
2698 4 0 613 962 612 961
2699 4 0 716 745 441 938
2700 4 0 825 536 534 539
2701 4 0 41 144 150 141
2702 4 0 830 827 829 759
2703 4 0 832 827 829 830
2704 4 0 478 479 441 440
2705 4 0 360 355 361 357
2706 4 0 825 759 536 826
2707 4 0 537 536 533 532
2708 4 0 835 537 538 836
2709 4 0 441 452 475 440
2710 4 0 360 437 440 439
2711 4 0 488 365 291 489
2712 4 0 526 816 764 521
2713 4 0 184 189 182 181
2714 4 0 527 524 534 533
2715 4 0 906 909 1014 907
2716 4 0 538 539 534 537
2717 4 0 86 85 156 193
2718 4 0 524 521 533 532
2719 4 0 826 825 539 536
2720 4 0 823 834 827 826
2721 4 0 533 537 534 536
2722 4 0 834 826 539 829
2723 4 0 804 803 801 806
2724 4 0 829 536 539 537
2725 4 0 197 263 196 257
2726 4 0 536 759 539 826
2727 4 0 829 759 539 536
2728 4 0 829 826 539 759
2729 4 0 751 756 755 490
2730 4 0 42 41 150 147
2731 4 0 392 791 515 739
2732 4 0 524 531 526 816
2733 4 0 820 827 822 823
2734 4 0 827 836 828 834
2735 4 0 829 537 538 835
2736 4 0 835 834 538 829
2737 4 0 821 492 527 532
2738 4 0 524 532 527 492
2739 4 0 492 531 527 524
2740 4 0 821 531 527 492
2741 4 0 524 521 526 523
2742 4 0 748 804 801 754
2743 4 0 528 801 809 806
2744 4 0 536 493 534 533
2745 4 0 536 825 534 493
2746 4 0 535 493 534 825
2747 4 0 533 493 534 535
2748 4 0 764 523 812 530
2749 4 0 760 457 769 759
2750 4 0 34 35 207 29
2751 4 0 525 801 752 528
2752 4 0 521 523 520 491
2753 4 0 871 888 600 587
2754 4 0 769 457 768 493
2755 4 0 479 755 456 491
2756 4 0 772 774 769 493
2757 4 0 763 765 750 457
2758 4 0 801 525 752 748
2759 4 0 528 806 529 801
2760 4 0 796 742 746 749
2761 4 0 515 392 316 317
2762 4 0 801 752 806 803
2763 4 0 587 574 598 871
2764 4 0 754 797 796 749
2765 4 0 799 797 796 754
2766 4 0 748 752 801 803
2767 4 0 253 312 275 40
2768 4 0 389 514 488 391
2769 4 0 756 490 751 528
2770 4 0 528 752 751 756
2771 4 0 520 491 755 490
2772 4 0 692 675 610 359
2773 4 0 764 526 530 816
2774 4 0 919 694 693 927
2775 4 0 806 801 809 752
2776 4 0 806 752 809 803
2777 4 0 520 490 755 756
2778 4 0 796 749 746 748
2779 4 0 528 752 809 801
2780 4 0 763 491 755 764
2781 4 0 274 276 280 213
2782 4 0 531 816 530 526
2783 4 0 764 491 755 520
2784 4 0 328 311 275 327
2785 4 0 314 312 235 313
2786 4 0 809 806 807 529
2787 4 0 290 255 235 314
2788 4 0 751 457 750 753
2789 4 0 392 794 519 791
2790 4 0 529 523 807 812
2791 4 0 772 492 768 770
2792 4 0 479 490 478 751
2793 4 0 812 523 807 530
2794 4 0 757 457 750 765
2795 4 0 798 805 802 804
2796 4 0 529 526 807 523
2797 4 0 530 523 807 526
2798 4 0 525 490 751 522
2799 4 0 476 694 454 717
2800 4 0 529 528 756 809
2801 4 0 529 490 756 528
2802 4 0 807 529 756 809
2803 4 0 525 752 751 528
2804 4 0 528 490 751 525
2805 4 0 740 739 369 738
2806 4 0 526 523 491 764
2807 4 0 526 521 491 523
2808 4 0 764 521 491 526
2809 4 0 791 794 519 793
2810 4 0 740 795 369 739
2811 4 0 525 490 520 528
2812 4 0 528 490 520 529
2813 4 0 529 523 520 528
2814 4 0 812 523 520 529
2815 4 0 764 523 520 812
2816 4 0 491 523 520 764
2817 4 0 746 477 478 716
2818 4 0 756 807 520 529
2819 4 0 812 807 520 756
2820 4 0 812 529 520 807
2821 4 0 790 789 514 736
2822 4 0 317 321 259 320
2823 4 0 476 454 441 717
2824 4 0 513 789 514 790
2825 4 0 513 512 389 514
2826 4 0 519 791 516 392
2827 4 0 259 257 263 158
2828 4 0 789 737 488 736
2829 4 0 132 129 228 235
2830 4 0 511 788 488 512
2831 4 0 789 736 488 514
2832 4 0 518 791 516 519
2833 4 0 512 789 514 513
2834 4 0 369 292 316 293
2835 4 0 390 514 389 391
2836 4 0 317 518 318 517
2837 4 0 236 132 233 157
2838 4 0 321 392 320 317
2839 4 0 516 791 515 392
2840 4 0 511 512 488 388
2841 4 0 132 157 236 237
2842 4 0 571 587 871 574
2843 4 0 330 331 398 400
2844 4 0 600 871 598 574
2845 4 0 739 738 489 369
2846 4 0 212 110 209 111
2847 4 0 489 365 291 292
2848 4 0 318 320 260 319
2849 4 0 316 392 321 317
2850 4 0 365 737 489 488
2851 4 0 365 292 489 369
2852 4 0 291 313 228 388
2853 4 0 29 30 207 57
2854 4 0 383 569 386 384
2855 4 0 82 157 233 132
2856 4 0 516 519 317 518
2857 4 0 111 58 209 112
2858 4 0 319 518 318 317
2859 4 0 317 392 320 519
2860 4 0 228 388 363 291
2861 4 0 516 392 317 519
2862 4 0 197 193 159 158
2863 4 0 508 327 386 387
2864 4 0 515 392 317 516
2865 4 0 158 257 197 193
2866 4 0 263 257 197 158
2867 4 0 369 392 321 316
2868 4 0 316 293 321 369
2869 4 0 258 293 263 321
2870 4 0 385 388 328 313
2871 4 0 598 567 573 574
2872 4 0 337 354 333 675
2873 4 0 513 514 389 390
2874 4 0 572 569 386 383
2875 4 0 291 388 363 488
2876 4 0 574 587 598 567
2877 4 0 383 384 386 327
2878 4 0 510 327 508 509
2879 4 0 383 327 386 508
2880 4 0 873 587 875 872
2881 4 0 327 384 311 383
2882 4 0 739 369 489 515
2883 4 0 479 491 456 492
2884 4 0 612 692 610 691
2885 4 0 1029 1021 1026 1068
2886 4 0 213 274 209 212
2887 4 0 596 567 598 587
2888 4 0 111 110 209 108
2889 4 0 385 387 386 327
2890 4 0 599 596 597 570
2891 4 0 327 384 386 311
2892 4 0 189 257 191 190
2893 4 0 981 327 510 786
2894 4 0 981 381 510 327
2895 4 0 381 559 510 572
2896 4 0 510 874 572 559
2897 4 0 847 857 850 855
2898 4 0 870 587 871 571
2899 4 0 875 880 871 888
2900 4 0 555 559 510 381
2901 4 0 555 874 510 559
2902 4 0 875 888 871 587
2903 4 0 986 874 510 555
2904 4 0 786 863 510 981
2905 4 0 869 863 510 786
2906 4 0 869 510 986 874
2907 4 0 540 551 543 542
2908 4 0 986 991 863 987
2909 4 0 838 981 510 986
2910 4 0 838 381 510 981
2911 4 0 838 555 510 381
2912 4 0 986 555 510 838
2913 4 0 863 510 986 869
2914 4 0 863 981 986 510
2915 4 0 870 875 587 872
2916 4 0 986 863 869 872
2917 4 0 875 870 587 871
2918 4 0 879 897 898 887
2919 4 0 887 880 898 879
2920 4 0 602 601 600 898
2921 4 0 898 888 600 880
2922 4 0 602 880 600 888
2923 4 0 898 880 600 602
2924 4 0 596 566 570 567
2925 4 0 260 320 261 319
2926 4 0 34 208 39 32
2927 4 0 213 212 209 111
2928 4 0 570 567 573 596
2929 4 0 598 602 573 601
2930 4 0 598 596 573 567
2931 4 0 598 574 573 602
2932 4 0 184 174 181 183
2933 4 0 183 189 184 190
2934 4 0 315 255 290 314
2935 4 0 41 141 150 147
2936 4 0 213 272 209 274
2937 4 0 251 208 252 309
2938 4 0 251 144 252 36
2939 4 0 251 36 252 208
2940 4 0 194 257 191 195
2941 4 0 196 195 191 257
2942 4 0 255 234 154 256
2943 4 0 237 258 236 293
2944 4 0 151 144 186 185
2945 4 0 493 829 536 759
2946 4 0 159 193 86 158
2947 4 0 191 190 184 189
2948 4 0 192 257 189 193
2949 4 0 317 320 259 318
2950 4 0 261 194 259 260
2951 4 0 158 258 263 259
2952 4 0 186 144 150 252
2953 4 0 88 83 148 87
2954 4 0 86 42 153 85
2955 4 0 259 321 263 262
2956 4 0 158 157 86 159
2957 4 0 183 190 184 191
2958 4 0 155 254 150 253
2959 4 0 42 36 150 41
2960 4 0 154 255 188 254
2961 4 0 237 158 236 258
2962 4 0 156 193 189 257
2963 4 0 317 316 259 321
2964 4 0 187 151 152 186
2965 4 0 153 42 155 147
2966 4 0 237 263 197 158
2967 4 0 82 157 132 159
2968 4 0 316 292 258 293
2969 4 0 179 151 186 185
2970 4 0 260 318 259 320
2971 4 0 314 391 290 315
2972 4 0 292 293 236 258
2973 4 0 40 312 233 155
2974 4 0 263 158 237 258
2975 4 0 237 158 159 157
2976 4 0 257 194 259 195
2977 4 0 82 81 233 157
2978 4 0 74 272 275 35
2979 4 0 258 293 237 263
2980 4 0 235 132 233 236
2981 4 0 50 106 207 29
2982 4 0 259 321 262 320
2983 4 0 259 194 262 195
2984 4 0 261 194 262 259
2985 4 0 261 195 262 194
2986 4 0 186 179 187 151
2987 4 0 129 77 233 82
2988 4 0 234 255 233 235
2989 4 0 259 320 262 260
2990 4 0 261 260 262 320
2991 4 0 259 260 262 261
2992 4 0 186 254 152 187
2993 4 0 183 190 182 189
2994 4 0 178 87 181 149
2995 4 0 158 157 156 86
2996 4 0 86 193 156 158
2997 4 0 36 42 150 39
2998 4 0 158 193 156 257
2999 4 0 41 85 147 42
3000 4 0 176 175 181 178
3001 4 0 252 144 150 36
3002 4 0 256 255 188 154
3003 4 0 197 257 196 193
3004 4 0 252 185 186 144
3005 4 0 189 192 191 257
3006 4 0 196 257 191 192
3007 4 0 87 83 148 149
3008 4 0 263 259 196 257
3009 4 0 262 259 196 263
3010 4 0 83 141 147 148
3011 4 0 88 192 184 189
3012 4 0 181 87 148 149
3013 4 0 189 192 184 191
3014 4 0 254 188 152 187
3015 4 0 252 36 150 39
3016 4 0 152 254 155 154
3017 4 0 156 193 88 189
3018 4 0 153 85 147 156
3019 4 0 181 189 148 88
3020 4 0 153 86 81 42
3021 4 0 184 189 181 88
3022 4 0 181 183 182 184
3023 4 0 40 312 155 253
3024 4 0 83 141 148 149
3025 4 0 156 85 88 193
3026 4 0 88 85 148 83
3027 4 0 86 85 153 156
3028 4 0 40 253 155 39
3029 4 0 153 42 147 85
3030 4 0 87 174 181 184
3031 4 0 87 178 181 174
3032 4 0 183 174 181 175
3033 4 0 178 175 181 174
3034 4 0 181 175 182 183
3035 4 0 155 253 150 39
3036 4 0 401 332 621 622
3037 4 0 148 85 147 83
3038 4 0 254 253 155 312
3039 4 0 314 391 291 290
3040 4 0 763 492 456 491
3041 4 0 15 20 14 19
3042 4 0 11 22 50 24
3043 4 0 153 157 81 86
3044 4 0 157 159 81 86
3045 4 0 186 254 150 152
3046 4 0 186 252 150 253
3047 4 0 155 42 150 147
3048 4 0 41 141 147 83
3049 4 0 83 85 147 41
3050 4 0 437 436 455 453
3051 4 0 255 234 155 154
3052 4 0 314 313 291 389
3053 4 0 492 521 763 770
3054 4 0 255 254 155 312
3055 4 0 154 254 155 255
3056 4 0 235 313 291 314
3057 4 0 1022 631 1025 632
3058 4 0 132 235 228 285
3059 4 0 35 272 72 74
3060 4 0 235 312 233 129
3061 4 0 285 292 291 365
3062 4 0 213 111 209 112
3063 4 0 291 365 363 285
3064 4 0 155 312 233 255
3065 4 0 479 491 478 490
3066 4 0 105 58 209 108
3067 4 0 330 276 328 226
3068 4 0 389 391 291 314
3069 4 0 477 751 522 747
3070 4 0 441 440 426 436
3071 4 0 919 694 664 693
3072 4 0 344 346 352 347
3073 4 0 762 938 441 677
3074 4 0 255 234 233 155
3075 4 0 291 235 228 313
3076 4 0 129 313 235 312
3077 4 0 211 110 209 212
3078 4 0 40 77 233 312
3079 4 0 82 40 233 81
3080 4 0 273 35 275 207
3081 4 0 291 285 228 235
3082 4 0 74 35 275 77
3083 4 0 132 129 233 82
3084 4 0 82 77 233 40
3085 4 0 1036 962 612 613
3086 4 0 344 348 352 346
3087 4 0 153 81 233 155
3088 4 0 153 157 233 81
3089 4 0 388 511 363 488
3090 4 0 717 454 441 677
3091 4 0 369 738 365 740
3092 4 0 715 740 365 738
3093 4 0 738 737 365 715
3094 4 0 418 438 434 408
3095 4 0 359 363 397 399
3096 4 0 512 789 488 514
3097 4 0 788 789 488 512
3098 4 0 788 737 488 789
3099 4 0 129 313 228 235
3100 4 0 763 492 768 456
3101 4 0 236 235 285 292
3102 4 0 132 235 285 236
3103 4 0 236 293 285 237
3104 4 0 236 237 285 132
3105 4 0 716 745 746 741
3106 4 0 291 488 363 365
3107 4 0 354 347 352 346
3108 4 0 488 511 363 788
3109 4 0 488 788 363 737
3110 4 0 691 737 363 788
3111 4 0 715 737 363 691
3112 4 0 365 737 363 715
3113 4 0 454 693 438 694
3114 4 0 356 353 355 349
3115 4 0 357 350 434 356
3116 4 0 747 742 746 796
3117 4 0 764 770 763 521
3118 4 0 760 759 769 774
3119 4 0 695 457 769 760
3120 4 0 764 521 763 491
3121 4 0 492 493 768 456
3122 4 0 923 675 620 692
3123 4 0 493 457 768 456
3124 4 0 453 440 436 439
3125 4 0 74 272 72 125
3126 4 0 741 717 476 745
3127 4 0 522 525 747 751
3128 4 0 742 525 747 522
3129 4 0 756 764 755 520
3130 4 0 716 522 742 746
3131 4 0 748 752 747 525
3132 4 0 749 457 747 753
3133 4 0 751 525 747 752
3134 4 0 742 525 796 747
3135 4 0 748 525 747 796
3136 4 0 751 753 747 457
3137 4 0 809 812 756 807
3138 4 0 741 743 746 742
3139 4 0 741 749 746 743
3140 4 0 747 749 746 457
3141 4 0 716 938 746 745
3142 4 0 749 745 746 938
3143 4 0 762 749 746 938
3144 4 0 938 457 746 762
3145 4 0 695 762 746 457
3146 4 0 749 762 746 695
3147 4 0 695 457 746 749
3148 4 0 427 436 426 438
3149 4 0 761 695 769 760
3150 4 0 773 760 769 774
3151 4 0 773 761 769 760
3152 4 0 348 350 349 353
3153 4 0 774 759 769 493
3154 4 0 476 477 475 452
3155 4 0 493 759 769 457
3156 4 0 477 490 751 475
3157 4 0 479 751 478 747
3158 4 0 747 746 478 479
3159 4 0 440 437 426 436
3160 4 0 441 717 745 476
3161 4 0 677 454 441 694
3162 4 0 746 457 478 479
3163 4 0 746 938 478 457
3164 4 0 716 938 478 746
3165 4 0 750 751 456 457
3166 4 0 755 751 456 750
3167 4 0 747 751 456 479
3168 4 0 747 457 456 751
3169 4 0 746 747 456 479
3170 4 0 746 457 456 747
3171 4 0 479 457 456 746
3172 4 0 436 439 440 437
3173 4 0 438 408 435 434
3174 4 0 347 433 435 356
3175 4 0 693 928 921 926
3176 4 0 441 454 427 694
3177 4 0 788 691 610 363
3178 4 0 456 439 440 479
3179 4 0 436 454 440 452
3180 4 0 478 492 491 479
3181 4 0 479 439 440 478
3182 4 0 479 493 492 456
3183 4 0 422 421 411 416
3184 4 0 478 439 455 479
3185 4 0 452 441 475 476
3186 4 0 478 439 440 475
3187 4 0 437 439 455 436
3188 4 0 475 439 440 453
3189 4 0 440 453 436 452
3190 4 0 475 453 440 452
3191 4 0 360 439 455 437
3192 4 0 453 478 439 455
3193 4 0 677 938 441 745
3194 4 0 695 762 441 677
3195 4 0 695 457 441 762
3196 4 0 716 477 441 476
3197 4 0 741 716 441 476
3198 4 0 456 457 441 440
3199 4 0 456 479 441 457
3200 4 0 440 479 441 456
3201 4 0 475 478 441 440
3202 4 0 478 477 475 441
3203 4 0 716 741 441 745
3204 4 0 475 476 441 477
3205 4 0 631 1025 1030 1021
3206 4 0 476 745 441 741
3207 4 0 353 348 355 349
3208 4 0 694 454 427 438
3209 4 0 441 436 427 454
3210 4 0 438 454 427 436
3211 4 0 693 427 664 418
3212 4 0 354 346 353 356
3213 4 0 337 354 339 341
3214 4 0 329 279 278 274
3215 4 0 426 350 434 357
3216 4 0 408 433 339 675
3217 4 0 346 345 347 344
3218 4 0 353 354 352 346
3219 4 0 347 433 356 354
3220 4 0 354 346 356 347
3221 4 0 349 356 357 355
3222 4 0 347 345 352 344
3223 4 0 363 228 397 388
3224 4 0 387 328 388 397
3225 4 0 511 788 610 363
3226 4 0 356 346 350 347
3227 4 0 348 350 353 346
3228 4 0 359 228 397 363
3229 4 0 398 399 610 675
3230 4 0 640 337 626 333
3231 4 0 211 279 278 277
3232 4 0 426 438 434 427
3233 4 0 337 675 339 433
3234 4 0 354 345 352 347
3235 4 0 1030 640 631 626
3236 4 0 280 279 329 274
3237 4 0 610 692 620 675
3238 4 0 346 350 349 348
3239 4 0 353 350 349 356
3240 4 0 347 435 434 356
3241 4 0 356 353 357 355
3242 4 0 15 11 19 9
3243 4 0 13 22 50 8
3244 4 0 440 439 361 360
3245 4 0 361 360 434 437
3246 4 0 355 349 361 426
3247 4 0 357 355 361 426
3248 4 0 427 350 434 426
3249 4 0 426 349 357 355
3250 4 0 426 350 357 349
3251 4 0 408 354 339 433
3252 4 0 440 437 361 426
3253 4 0 440 360 361 437
3254 4 0 357 437 434 360
3255 4 0 212 279 211 210
3256 4 0 102 106 207 49
3257 4 0 74 272 125 127
3258 4 0 509 387 397 327
3259 4 0 44 98 102 106
3260 4 0 222 224 125 352
3261 4 0 224 127 125 276
3262 4 0 435 925 438 676
3263 4 0 226 129 328 228
3264 4 0 272 276 125 127
3265 4 0 272 214 125 276
3266 4 0 352 224 125 276
3267 4 0 352 276 125 214
3268 4 0 70 125 113 123
3269 4 0 113 272 112 214
3270 4 0 280 274 329 276
3271 4 0 222 344 123 220
3272 4 0 210 110 211 212
3273 4 0 352 222 123 125
3274 4 0 352 214 123 222
3275 4 0 125 214 123 352
3276 4 0 333 354 341 352
3277 4 0 123 344 121 220
3278 4 0 328 228 397 226
3279 4 0 109 110 210 212
3280 4 0 20 15 64 63
3281 4 0 56 51 101 48
3282 4 0 123 344 118 121
3283 4 0 101 48 102 53
3284 4 0 5 17 9 10
3285 4 0 129 77 275 312
3286 4 0 11 8 50 22
3287 4 0 70 20 65 25
3288 4 0 2 8 11 17
3289 4 0 13 106 50 27
3290 4 0 15 19 14 10
3291 4 0 104 53 105 108
3292 4 0 48 51 101 55
3293 4 0 10 19 9 15
3294 4 0 2 17 11 9
3295 4 0 113 123 118 65
3296 4 0 19 24 63 25
3297 4 0 13 106 49 50
3298 4 0 218 345 341 217
3299 4 0 49 50 207 58
3300 4 0 14 15 64 20
3301 4 0 13 44 49 106
3302 4 0 20 19 63 25
3303 4 0 20 15 63 19
3304 4 0 101 53 105 104
3305 4 0 19 22 11 24
3306 4 0 19 17 11 22
3307 4 0 9 17 11 19
3308 4 0 24 22 50 29
3309 4 0 27 22 50 13
3310 4 0 29 22 50 27
3311 4 0 14 20 64 68
3312 4 0 273 35 207 34
3313 4 0 276 330 280 281
3314 4 0 53 49 102 105
3315 4 0 313 311 328 385
3316 4 0 53 56 104 101
3317 4 0 58 272 112 57
3318 4 0 35 272 207 30
3319 4 0 44 106 102 49
3320 4 0 29 30 57 25
3321 4 0 24 25 57 63
3322 4 0 24 11 57 50
3323 4 0 24 63 57 11
3324 4 0 24 29 57 25
3325 4 0 50 29 57 24
3326 4 0 107 56 104 53
3327 4 0 102 49 207 105
3328 4 0 212 274 211 279
3329 4 0 108 49 105 58
3330 4 0 53 49 105 108
3331 4 0 105 49 207 58
3332 4 0 44 49 102 53
3333 4 0 44 48 102 98
3334 4 0 53 48 102 44
3335 4 0 48 55 102 98
3336 4 0 101 55 102 48
3337 4 0 29 35 207 30
3338 4 0 110 108 111 109
3339 4 0 328 387 388 385
3340 4 0 337 433 339 354
3341 4 0 509 327 399 787
3342 4 0 65 121 118 64
3343 4 0 398 675 620 333
3344 4 0 328 276 275 127
3345 4 0 113 57 112 272
3346 4 0 57 30 207 272
3347 4 0 110 108 109 107
3348 4 0 123 121 118 65
3349 4 0 25 63 113 57
3350 4 0 30 272 113 72
3351 4 0 57 272 113 30
3352 4 0 25 72 113 70
3353 4 0 272 125 113 72
3354 4 0 272 214 113 125
3355 4 0 30 25 113 57
3356 4 0 30 72 113 25
3357 4 0 123 125 113 214
3358 4 0 125 70 113 72
3359 4 0 211 274 278 279
3360 4 0 113 123 65 70
3361 4 0 25 63 65 113
3362 4 0 113 70 65 25
3363 4 0 121 68 65 123
3364 4 0 64 68 65 121
3365 4 0 123 68 65 70
3366 4 0 64 20 65 68
3367 4 0 63 20 65 64
3368 4 0 25 20 65 63
3369 4 0 20 70 65 68
3370 4 0 117 121 119 64
3371 4 0 222 344 118 123
3372 4 0 212 274 280 213
3373 4 0 123 214 118 222
3374 4 0 118 121 117 64
3375 4 0 344 220 218 118
3376 4 0 112 272 213 214
3377 4 0 276 214 213 272
3378 4 0 274 276 213 272
3379 4 0 220 344 218 345
3380 4 0 220 345 218 217
3381 4 0 385 311 328 327
3382 4 0 129 313 275 328
3383 4 0 397 509 511 387
3384 4 0 129 312 275 313
3385 4 0 218 217 117 220
3386 4 0 220 118 117 218
3387 4 0 118 220 117 344
3388 4 0 121 344 117 220
3389 4 0 118 344 117 121
3390 4 0 64 68 119 66
3391 4 0 64 121 119 68
3392 4 0 220 121 119 117
3393 4 0 117 217 119 220
3394 4 0 106 208 273 34
3395 4 0 228 313 328 388
3396 4 0 328 313 275 311
3397 4 0 341 408 347 354
3398 4 0 35 34 273 40
3399 4 0 509 397 511 399
3400 4 0 400 331 332 329
3401 4 0 610 675 620 398
3402 4 0 127 74 275 129
3403 4 0 127 276 275 272
3404 4 0 226 276 328 127
3405 4 0 127 129 275 328
3406 4 0 509 327 397 399
3407 4 0 39 40 273 34
3408 4 0 39 34 273 208
3409 4 0 328 327 397 387
3410 4 0 327 311 273 310
3411 4 0 675 433 399 359
3412 4 0 1025 633 632 913
3413 4 0 640 337 631 626
3414 4 0 312 77 275 40
3415 4 0 283 345 341 218
3416 4 0 354 345 341 352
3417 4 0 39 253 273 40
3418 4 0 310 311 273 253
3419 4 0 309 273 252 310
3420 4 0 327 309 273 208
3421 4 0 310 309 273 327
3422 4 0 39 252 273 253
3423 4 0 208 252 273 39
3424 4 0 310 253 273 252
3425 4 0 273 309 252 208
3426 4 0 997 895 1004 878
3427 4 0 280 330 329 331
3428 4 0 224 354 330 352
3429 4 0 352 276 330 224
3430 4 0 281 213 280 276
3431 4 0 224 226 330 354
3432 4 0 224 276 330 226
3433 4 0 333 330 280 331
3434 4 0 330 331 400 329
3435 4 0 212 279 280 274
3436 4 0 1017 924 904 1032
3437 4 0 612 692 904 620
3438 4 0 226 354 397 330
3439 4 0 328 388 397 228
3440 4 0 328 226 397 330
3441 4 0 272 74 275 127
3442 4 0 273 327 275 311
3443 4 0 339 341 338 337
3444 4 0 359 433 399 354
3445 4 0 341 283 338 337
3446 4 0 211 279 277 210
3447 4 0 331 279 329 280
3448 4 0 222 214 281 352
3449 4 0 352 344 281 222
3450 4 0 1030 913 631 640
3451 4 0 276 214 281 213
3452 4 0 626 924 1017 1028
3453 4 0 352 276 281 330
3454 4 0 352 214 281 276
3455 4 0 333 352 281 354
3456 4 0 330 354 281 352
3457 4 0 333 354 281 330
3458 4 0 222 344 283 118
3459 4 0 281 344 283 222
3460 4 0 281 222 283 214
3461 4 0 118 214 283 222
3462 4 0 339 217 218 341
3463 4 0 329 400 401 332
3464 4 0 1168 1012 1170 1013
3465 4 0 347 345 341 354
3466 4 0 329 279 332 278
3467 4 0 399 675 398 433
3468 4 0 916 913 1030 639
3469 4 0 787 511 610 399
3470 4 0 333 354 398 675
3471 4 0 330 333 398 331
3472 4 0 330 354 398 333
3473 4 0 354 433 398 675
3474 4 0 399 433 398 354
3475 4 0 1030 1028 631 1021
3476 4 0 1111 1015 1063 1062
3477 4 0 397 354 398 330
3478 4 0 399 354 398 397
3479 4 0 332 278 401 329
3480 4 0 640 338 631 337
3481 4 0 278 332 402 277
3482 4 0 401 332 402 278
3483 4 0 626 1028 631 1030
3484 4 0 347 434 350 356
3485 4 0 218 283 338 341
3486 4 0 337 354 341 333
3487 4 0 283 337 341 281
3488 4 0 333 352 341 281
3489 4 0 281 337 341 333
3490 4 0 283 344 341 345
3491 4 0 281 344 341 283
3492 4 0 352 344 341 281
3493 4 0 352 345 341 344
3494 4 0 639 693 916 915
3495 4 0 438 916 639 693
3496 4 0 333 675 640 337
3497 4 0 347 433 408 435
3498 4 0 354 433 408 347
3499 4 0 438 916 693 925
3500 4 0 438 694 664 427
3501 4 0 693 919 641 664
3502 4 0 802 813 947 808
3503 4 0 427 677 694 664
3504 4 0 1065 1032 1124 1029
3505 4 0 694 926 693 927
3506 4 0 921 927 693 926
3507 4 0 694 929 919 664
3508 4 0 929 694 919 930
3509 4 0 693 919 915 641
3510 4 0 478 477 441 716
3511 4 0 1069 1022 1026 1023
3512 4 0 610 612 620 692
3513 4 0 916 408 438 639
3514 4 0 625 331 624 621
3515 4 0 402 401 622 332
3516 4 0 640 913 632 633
3517 4 0 640 675 924 913
3518 4 0 333 675 924 640
3519 4 0 1013 1184 905 613
3520 4 0 359 691 610 692
3521 4 0 612 691 610 788
3522 4 0 399 363 610 359
3523 4 0 332 622 624 621
3524 4 0 1061 1014 1112 1015
3525 4 0 1167 1059 1061 1110
3526 4 0 1050 962 613 961
3527 4 0 905 1184 1124 1126
3528 4 0 1025 1022 1030 1021
3529 4 0 916 433 639 675
3530 4 0 438 925 693 676
3531 4 0 693 928 926 925
3532 4 0 639 924 916 675
3533 4 0 621 331 624 332
3534 4 0 928 693 921 916
3535 4 0 925 435 924 676
3536 4 0 920 693 927 919
3537 4 0 639 693 641 408
3538 4 0 435 924 676 675
3539 4 0 418 438 408 693
3540 4 0 640 913 639 675
3541 4 0 693 639 641 915
3542 4 0 916 924 928 925
3543 4 0 1029 1122 1124 1065
3544 4 0 675 913 639 924
3545 4 0 338 633 640 632
3546 4 0 675 339 639 640
3547 4 0 675 408 639 339
3548 4 0 631 640 632 338
3549 4 0 924 913 1030 640
3550 4 0 1118 1069 1176 1178
3551 4 0 1178 1068 1120 1069
3552 4 0 1117 1174 1218 1220
3553 4 0 1175 1117 1218 1178
3554 4 0 1214 1230 1218 1174
3555 4 0 924 923 1032 1028
3556 4 0 620 331 621 400
3557 4 0 631 1028 1017 1021
3558 4 0 359 363 610 691
3559 4 0 1034 692 612 1036
3560 4 0 625 1016 904 906
3561 4 0 621 620 904 625
3562 4 0 1036 962 613 1050
3563 4 0 612 787 610 327
3564 4 0 1167 1059 1112 1061
3565 4 0 1050 961 613 1049
3566 4 0 787 788 610 511
3567 4 0 401 400 621 332
3568 4 0 909 907 1015 1014
3569 4 0 1073 1126 613 1034
3570 4 0 1073 1034 613 1036
3571 4 0 1036 1050 613 1073
3572 4 0 399 327 610 787
3573 4 0 612 787 788 610
3574 4 0 1050 1049 613 1186
3575 4 0 1073 1184 613 1126
3576 4 0 1050 1186 613 1073
3577 4 0 613 1034 905 904
3578 4 0 1073 1186 613 1184
3579 4 0 909 625 906 1016
3580 4 0 333 620 625 626
3581 4 0 333 331 625 620
3582 4 0 1017 1016 904 626
3583 4 0 1226 1224 619 1186
3584 4 0 624 622 906 621
3585 4 0 620 675 626 333
3586 4 0 924 675 626 620
3587 4 0 924 333 626 675
3588 4 0 640 924 626 1030
3589 4 0 1048 996 619 618
3590 4 0 621 620 625 331
3591 4 0 632 1023 633 1025
3592 4 0 1025 913 632 1030
3593 4 0 631 1022 1025 1021
3594 4 0 631 1025 632 1030
3595 4 0 624 623 907 622
3596 4 0 1227 1224 1012 618
3597 4 0 908 623 907 624
3598 4 0 618 1011 1012 1227
3599 4 0 1011 1169 1012 1210
3600 4 0 624 909 907 908
3601 4 0 909 624 907 906
3602 4 0 906 624 907 622
3603 4 0 1109 1169 1012 1011
3604 4 0 1014 909 1063 1015
3605 4 0 909 624 906 625
3606 4 0 621 625 906 624
3607 4 0 1169 1210 1168 1012
3608 4 0 1011 1232 1012 1227
3609 4 0 613 1184 905 1126
3610 4 0 1061 1166 1111 1167
3611 4 0 1165 1164 1060 1109
3612 4 0 1184 1224 619 1013
3613 4 0 996 327 619 618
3614 4 0 1013 1224 1222 1184
3615 4 0 1186 1224 619 1184
3616 4 0 1012 1013 619 1224
3617 4 0 1012 1224 619 618
3618 4 0 996 613 1049 619
3619 4 0 613 996 1049 961
3620 4 0 612 1034 904 692
3621 4 0 1032 923 904 1034
3622 4 0 1170 1232 1222 1012
3623 4 0 1213 1231 1170 1210
3624 4 0 626 924 904 1017
3625 4 0 626 620 904 924
3626 4 0 924 923 904 1032
3627 4 0 620 923 904 924
3628 4 0 923 692 904 1034
3629 4 0 620 692 904 923
3630 4 0 1049 1048 619 1226
3631 4 0 904 1016 905 906
3632 4 0 905 1113 1064 1114
3633 4 0 1061 1112 1111 1015
3634 4 0 1117 1214 1218 1174
3635 4 0 904 1034 905 1032
3636 4 0 1013 1182 905 1184
3637 4 0 1178 1176 1218 1175
3638 4 0 1174 1231 1218 1220
3639 4 0 904 1017 905 1016
3640 4 0 1032 1017 905 904
3641 4 0 1014 1015 1063 1112
3642 4 0 1013 905 1114 1113
3643 4 0 1167 1110 1060 1059
3644 4 0 1167 1164 1060 1110
3645 4 0 1059 1168 1060 1167
3646 4 0 1167 1168 1060 1164
3647 4 0 1168 1012 1060 1169
3648 4 0 1109 1169 1060 1012
3649 4 0 1013 1012 1060 1168
3650 4 0 1168 1059 1060 1013
3651 4 0 1164 1169 1060 1109
3652 4 0 1168 1169 1060 1164
3653 4 0 1029 1068 1026 1120
3654 4 0 1015 909 1063 1062
3655 4 0 1059 1014 1112 1061
3656 4 0 1015 909 1062 908
3657 4 0 1175 1068 1178 1069
3658 4 0 1216 1175 1218 1176
3659 4 0 1114 1182 1065 905
3660 4 0 905 1016 1064 1014
3661 4 0 905 1182 1124 1184
3662 4 0 1176 1069 1175 1178
3663 4 0 1112 1168 1113 1059
3664 4 0 1013 1059 1113 1168
3665 4 0 1014 1059 1113 905
3666 4 0 1112 1059 1113 1014
3667 4 0 905 1059 1113 1013
3668 4 0 1013 1182 1114 905
3669 4 0 1213 1215 1174 1230
3670 4 0 1014 1016 1063 909
3671 4 0 1111 1112 1063 1015
3672 4 0 1064 1016 1063 1014
3673 4 0 1014 1112 1063 1113
3674 4 0 905 1017 1064 1016
3675 4 0 1064 905 1065 1017
3676 4 0 1032 1017 1065 905
3677 4 0 1175 1214 1218 1117
3678 4 0 905 1034 1124 1032
3679 4 0 1069 1021 1026 1022
3680 4 0 1214 1229 1216 1230
3681 4 0 1012 1232 1222 1224
3682 4 0 1213 1230 1174 1231
3683 4 0 1214 1230 1174 1215
3684 4 0 1170 1012 1222 1013
3685 4 0 1118 1178 1120 1069
3686 4 0 1114 1113 1170 1013
3687 4 0 1168 1013 1170 1113
3688 4 0 1232 1210 1170 1231
3689 4 0 1030 1022 1026 1021
3690 4 0 1012 1224 1222 1013
3691 4 0 1012 1210 1170 1232
3692 4 0 1168 1210 1170 1012
3693 4 0 1184 1182 1222 1013
3694 4 0 1220 1231 1222 1170
3695 4 0 1114 1013 1222 1182
3696 4 0 1170 1114 1222 1220
3697 4 0 1170 1231 1222 1232
3698 4 0 1174 1231 1220 1170
3699 4 0 1170 1114 1220 1174
3700 4 0 744 919 927 694
3701 4 0 712 708 725 711
3702 4 0 1220 1117 1180 1218
3703 4 0 1174 1114 1220 1117
3704 4 0 445 450 451 449
3705 4 0 1017 1028 1029 1021
3706 4 0 756 764 520 812
3707 4 0 1030 1021 1029 1028
3708 4 0 915 693 916 921
3709 4 0 1028 1025 1029 1030
3710 4 0 1069 1023 1026 1120
3711 4 0 1032 1017 1029 1065
3712 4 0 1216 1214 1218 1175
3713 4 0 1065 1017 1029 1021
3714 4 0 815 757 761 947
3715 4 0 449 458 445 450
3716 4 0 1017 1032 1029 924
3717 4 0 1028 924 1029 1032
3718 4 0 1017 924 1029 1028
3719 4 0 1068 1122 1029 1065
3720 4 0 1065 1021 1029 1068
3721 4 0 1068 1178 1180 1117
3722 4 0 1068 1122 1180 1178
3723 4 0 1222 1182 1180 1114
3724 4 0 1222 1114 1180 1220
3725 4 0 1065 1068 1180 1117
3726 4 0 1065 1122 1180 1068
3727 4 0 1117 1114 1180 1065
3728 4 0 1114 1182 1180 1065
3729 4 0 1065 1182 1180 1124
3730 4 0 1124 1122 1180 1065
3731 4 0 408 434 418 347
3732 4 0 919 744 927 920
3733 4 0 1029 1025 1026 1030
3734 4 0 1069 1068 1026 1021
3735 4 0 1120 1068 1026 1069
3736 4 0 632 1023 1025 1022
3737 4 0 693 427 438 664
3738 4 0 884 885 882 849
3739 4 0 458 450 464 460
3740 4 0 637 421 643 416
3741 4 0 663 651 654 655
3742 4 0 418 434 427 350
3743 4 0 801 796 748 754
3744 4 0 424 673 432 669
3745 4 0 810 814 811 813
3746 4 0 744 919 930 920
3747 4 0 998 979 976 889
3748 4 0 718 483 467 481
3749 4 0 767 773 761 769
3750 4 0 751 477 522 490
3751 4 0 590 561 556 562
3752 4 0 590 562 556 557
3753 4 0 445 447 442 448
3754 4 0 633 338 640 339
3755 4 0 234 315 255 290
3756 4 0 883 583 843 578
3757 4 0 883 578 843 845
3758 4 0 916 693 925 928
3759 4 0 453 478 475 439
3760 4 0 816 821 770 531
3761 4 0 721 485 470 483
3762 4 0 566 597 596 570
3763 4 0 463 466 480 481
3764 4 0 438 418 427 693
3765 4 0 761 771 767 765
3766 4 0 461 458 459 450
3767 4 0 427 677 441 694
3768 4 0 798 804 754 800
3769 4 0 808 798 758 757
3770 4 0 664 693 418 641
3771 4 0 432 685 447 673
3772 4 0 657 443 665 424
3773 4 0 435 925 924 916
3774 4 0 1053 1096 1051 1098
3775 4 0 651 223 351 343
3776 4 0 997 895 894 1004
3777 4 0 997 1004 894 1003
3778 4 0 798 754 808 758
3779 4 0 804 813 802 808
3780 4 0 798 805 804 800
$EndElements
