15644  1
    0      2     1     0    -1
    1      1     4     0    -1
    2      6     0     4    -1
    3      8    11     9    -1
    4      8    13    12    -1
    5     16    19    17    -1
    6     16    21    20    -1
    7      9    18    16    -1
    8      9    20    13    -1
    9     26    25    24    -1
   10     28    31    29    -1
   11     32    35    33    -1
   12     29    34    32    -1
   13     24     3     2    -1
   14      6    27    26    -1
   15      6    26     0    -1
   16     10    29    11    -1
   17     14    31    30    -1
   18     18    33    19    -1
   19     22    35    34    -1
   20     11    32    18    -1
   21     15    34    31    -1
   22      1    10     8    -1
   23      1    12     5    -1
   24     25    30    28    -1
   25      3    28    10    -1
   26      7    30    27    -1
   27     37    40    36    -1
   28     38    43    39    -1
   29     42    36    40    -1
   30     49    44    45    -1
   31     48    46    44    -1
   32     45    40    41    -1
   33     46    43    42    -1
   34     44    42    40    -1
   35     51    56    55    -1
   36     53    58    54    -1
   37     64    59    60    -1
   38     61    66    62    -1
   39     67    72    71    -1
   40     73    78    77    -1
   41     55    68    67    -1
   42     57    70    58    -1
   43     63    74    73    -1
   44     65    76    66    -1
   45     52    63    56    -1
   46     54    65    61    -1
   47     68    77    72    -1
   48     56    73    68    -1
   49     58    75    65    -1
   50     84    81    83    -1
   51     84    79    80    -1
   52     89    88    87    -1
   53     85    88    86    -1
   54     92    94    91    -1
   55     96    91    94    -1
   56     82    91    81    -1
   57     93    81    91    -1
   58     94    90    89    -1
   59    100   103   101    -1
   60     98   103   102    -1
   61    106   109   107    -1
   62    104   109   108    -1
   63    112   115   113    -1
   64    110   113   111    -1
   65    118   121   119    -1
   66    116   119   117    -1
   67    122   125   124    -1
   68    128   131   130    -1
   69    100   123   122    -1
   70    106   129   128    -1
   71    114   125   115    -1
   72    120   131   121    -1
   73    101   108   106    -1
   74     99   108   103    -1
   75    113   120   118    -1
   76    111   118   116    -1
   77    123   130   125    -1
   78    115   130   120    -1
   79    101   128   123    -1
   80    135   136   134    -1
   81    138   141   139    -1
   82    142   145   144    -1
   83    146   149   148    -1
   84    150   153   151    -1
   85    154   157   155    -1
   86    143   148   145    -1
   87    151   156   154    -1
   88    159   160   158    -1
   89    163   164   162    -1
   90    166   169   167    -1
   91    170   173   171    -1
   92    160   163   162    -1
   93    168   171   169    -1
   94    174   177   176    -1
   95    178   181   180    -1
   96    182   185   184    -1
   97    186   189   188    -1
   98    190   193   191    -1
   99    194   197   195    -1
  100    198   201   199    -1
  101    202   205   203    -1
  102    176   183   182    -1
  103    192   199   193    -1
  104    180   187   186    -1
  105    196   203   197    -1
  106    175   180   177    -1
  107    183   188   185    -1
  108    191   196   194    -1
  109    199   204   202    -1
  110    177   186   183    -1
  111    193   202   196    -1
  112    135    48    49    -1
  113    134    50    48    -1
  114     71   143   142    -1
  115     77   147   146    -1
  116     72   146   143    -1
  117    160    87   158    -1
  118     96   165    97    -1
  119    164    94   162    -1
  120    162    89   160    -1
  121    126   185   127    -1
  122    132   189   133    -1
  123    127   188   132    -1
  124     86    46    85    -1
  125     50    85    46    -1
  126    137   158   136    -1
  127    140   167   141    -1
  128     69   111    70    -1
  129     75   117    76    -1
  130     70   116    75    -1
  131    144   175   174    -1
  132    152   191   153    -1
  133    148   179   178    -1
  134    156   195   157    -1
  135    145   178   175    -1
  136    153   194   156    -1
  137     37    55    41    -1
  138     39    57    53    -1
  139     45    71    49    -1
  140     67    41    55    -1
  141     43    69    57    -1
  142     82   102   100    -1
  143     80   102    84    -1
  144     88   114   112    -1
  145     86   112   110    -1
  146     92   124    95    -1
  147     90   124   114    -1
  148     82   122    92    -1
  149    135   144   137    -1
  150    139   152   150    -1
  151    159   176   161    -1
  152    163   184   165    -1
  153    167   192   190    -1
  154    171   200   198    -1
  155    161   182   163    -1
  156    169   198   192    -1
  157     47   110    69    -1
  158    137   174   159    -1
  159    141   190   152    -1
  160     49   142   135    -1
  161     97   184   126    -1
  162    136    87    50    -1
  163      5    36     4    -1
  164     38     7     6    -1
  165     38     4    36    -1
  166     12    52    51    -1
  167     14    54    15    -1
  168     20    60    59    -1
  169     22    62    23    -1
  170     13    59    52    -1
  171     15    61    22    -1
  172      5    51    37    -1
  173      7    53    14    -1
  174    206   209   208    -1
  175    210   213   212    -1
  176    214   217   216    -1
  177    211   216   213    -1
  178    218   221   220    -1
  179    222   225   224    -1
  180    228   227   226    -1
  181    232   231   230    -1
  182    220   223   222    -1
  183    230   229   228    -1
  184    234   237   236    -1
  185    238   241   240    -1
  186    242   245   244    -1
  187    246   249   248    -1
  188    250   253   251    -1
  189    254   257   255    -1
  190    258   261   259    -1
  191    262   265   263    -1
  192    236   243   242    -1
  193    252   259   253    -1
  194    240   247   246    -1
  195    256   263   257    -1
  196    235   240   237    -1
  197    243   248   245    -1
  198    251   256   254    -1
  199    259   264   262    -1
  200    237   246   243    -1
  201    253   262   256    -1
  202    270   269   268    -1
  203    271   266   267    -1
  204    273   275   272    -1
  205    275   274   272    -1
  206    269   272   268    -1
  207    274   268   272    -1
  208    281   284   282    -1
  209    279   284   283    -1
  210    287   290   288    -1
  211    285   290   289    -1
  212    291   294   293    -1
  213    297   300   299    -1
  214    281   292   291    -1
  215    287   298   297    -1
  216    282   289   287    -1
  217    280   289   284    -1
  218    292   299   294    -1
  219    282   297   292    -1
  220    306   309   308    -1
  221    308   303   306    -1
  222    311   312   310    -1
  223    310   315   311    -1
  224    316   319   317    -1
  225    306   317   307    -1
  226    308   315   314    -1
  227    314   305   308    -1
  228    322   325   324    -1
  229    328   331   330    -1
  230    332   335   334    -1
  231    332   337   333    -1
  232    338   341   340    -1
  233    338   343   339    -1
  234    344   347   345    -1
  235    348   351   349    -1
  236    322   345   323    -1
  237    328   349   329    -1
  238    324   337   336    -1
  239    330   343   342    -1
  240    323   330   325    -1
  241    333   340   335    -1
  242    333   342   338    -1
  243    345   350   348    -1
  244    325   342   337    -1
  245    323   348   328    -1
  246    227   303   226    -1
  247    305   226   303    -1
  248    312   230   310    -1
  249    305   230   228    -1
  250    250   321   320    -1
  251    254   327   326    -1
  252    251   326   321    -1
  253    208   219   218    -1
  254    304   266   303    -1
  255    306   266   270    -1
  256    277   319   318    -1
  257    318   274   277    -1
  258    316   270   274    -1
  259    212   235   234    -1
  260    216   239   238    -1
  261    213   238   235    -1
  262    279   321   280    -1
  263    295   347   346    -1
  264    285   327   286    -1
  265    301   351   350    -1
  266    280   326   285    -1
  267    296   350   347    -1
  268    207   212   209    -1
  269    219   236   221    -1
  270    223   244   225    -1
  271    227   252   250    -1
  272    231   260   258    -1
  273    221   242   223    -1
  274    229   258   252    -1
  275    269   283   281    -1
  276    267   283   271    -1
  277    273   293   276    -1
  278    269   291   273    -1
  279    307   324   309    -1
  280    311   334   313    -1
  281    311   336   332    -1
  282    317   346   344    -1
  283    309   336   315    -1
  284    307   344   322    -1
  285    209   234   219    -1
  286    267   320   279    -1
  287    278   346   319    -1
  288    227   320   304    -1
  289    353   356   352    -1
  290    354   359   355    -1
  291    358   352   356    -1
  292    365   360   361    -1
  293    366   363   362    -1
  294    364   362   360    -1
  295    361   356   357    -1
  296    362   359   358    -1
  297    360   358   356    -1
  298    368   373   372    -1
  299    370   375   371    -1
  300    376   381   380    -1
  301    378   383   379    -1
  302    384   389   388    -1
  303    386   391   387    -1
  304    392   397   396    -1
  305    394   399   395    -1
  306    372   385   384    -1
  307    374   387   375    -1
  308    380   393   392    -1
  309    382   395   383    -1
  310    369   380   373    -1
  311    371   382   378    -1
  312    385   396   389    -1
  313    387   398   394    -1
  314    373   392   385    -1
  315    375   394   382    -1
  316    400   403   401    -1
  317    404   407   405    -1
  318    409   412   408    -1
  319    410   415   411    -1
  320    414   408   412    -1
  321    400   409   408    -1
  322    402   411   403    -1
  323    400   410   402    -1
  324    412   407   406    -1
  325    416   419   417    -1
  326    420   423   421    -1
  327    424   427   425    -1
  328    428   431   429    -1
  329    432   437   436    -1
  330    434   439   435    -1
  331    440   445   444    -1
  332    442   447   443    -1
  333    416   433   432    -1
  334    418   435   419    -1
  335    420   441   440    -1
  336    422   443   423    -1
  337    426   437   427    -1
  338    430   445   431    -1
  339    417   422   420    -1
  340    425   430   428    -1
  341    433   444   437    -1
  342    435   446   442    -1
  343    427   444   430    -1
  344    417   440   433    -1
  345    419   442   422    -1
  346    453   452   454    -1
  347    452   448   449    -1
  348    451   450   448    -1
  349    457   460   459    -1
  350    455   458   457    -1
  351    463   466   465    -1
  352    461   464   463    -1
  353    458   465   460    -1
  354    456   463   458    -1
  355    469   472   471    -1
  356    467   471   468    -1
  357    476   479   478    -1
  358    474   479   475    -1
  359    473   478   474    -1
  360    483   480   482    -1
  361    471   477   476    -1
  362    468   476   473    -1
  363    484   487   486    -1
  364    488   491   490    -1
  365    494   497   496    -1
  366    492   497   493    -1
  367    500   503   502    -1
  368    498   503   499    -1
  369    504   507   505    -1
  370    508   511   509    -1
  371    486   495   494    -1
  372    490   501   500    -1
  373    485   490   487    -1
  374    495   502   497    -1
  375    493   502   498    -1
  376    505   510   508    -1
  377    487   500   495    -1
  378    449   364   365    -1
  379    450   364   448    -1
  380    388   456   455    -1
  381    396   462   461    -1
  382    389   461   456    -1
  383    467   406   404    -1
  384    414   475   415    -1
  385    474   412   473    -1
  386    468   412   406    -1
  387    438   493   439    -1
  388    446   499   447    -1
  389    439   498   446    -1
  390    405   366   404    -1
  391    453   470   469    -1
  392    450   469   467    -1
  393    390   425   391    -1
  394    398   429   399    -1
  395    391   428   398    -1
  396    459   485   484    -1
  397    465   489   488    -1
  398    460   488   485    -1
  399    372   353   368    -1
  400    355   374   370    -1
  401    361   388   365    -1
  402    363   390   386    -1
  403    357   384   361    -1
  404    359   386   374    -1
  405    401   418   416    -1
  406    405   426   424    -1
  407    409   436   413    -1
  408    411   438   434    -1
  409    407   436   426    -1
  410    401   432   409    -1
  411    403   434   418    -1
  412    452   459   454    -1
  413    449   457   452    -1
  414    470   486   472    -1
  415    477   496   479    -1
  416    475   496   492    -1
  417    481   506   504    -1
  418    472   494   477    -1
  419    367   424   390    -1
  420    454   484   470    -1
  421    365   455   449    -1
  422    415   492   438    -1
  423    450   404   366    -1
  424    276   352   275    -1
  425    354   278   277    -1
  426    354   275   352    -1
  427    293   369   368    -1
  428    295   371   296    -1
  429    299   377   376    -1
  430    301   379   302    -1
  431    294   376   369    -1
  432    296   378   301    -1
  433    276   368   353    -1
  434    278   370   295    -1
  435    138   207   206    -1
  436    138   208   140    -1
  437    150   211   210    -1
  438    154   215   214    -1
  439    151   214   211    -1
  440    166   220   168    -1
  441    170   224   172    -1
  442    168   222   170    -1
  443    139   210   207    -1
  444    140   218   166    -1
  445    516   515   514    -1
  446    515   518   514    -1
  447    520   514   518    -1
  448    517   512   513    -1
  449    525   528   526    -1
  450    525   530   529    -1
  451    531   534   532    -1
  452    531   536   535    -1
  453    521   528   527    -1
  454    523   534   533    -1
  455    526   533   531    -1
  456    526   535   530    -1
  457    522   533   528    -1
  458    539   538   537    -1
  459    538   541   537    -1
  460    543   537   541    -1
  461    547   550   549    -1
  462    547   546   544    -1
  463    551   554   553    -1
  464    551   556   552    -1
  465    553   541   551    -1
  466    547   558   548    -1
  467    545   539   544    -1
  468    543   544   539    -1
  469    553   558   557    -1
  470    557   543   553    -1
  471    559   562   560    -1
  472    559   564   563    -1
  473    565   568   566    -1
  474    565   570   569    -1
  475    573   576   575    -1
  476    579   582   581    -1
  477    583   586   585    -1
  478    583   588   584    -1
  479    589   592   591    -1
  480    589   594   590    -1
  481    573   596   574    -1
  482    579   598   580    -1
  483    561   572   562    -1
  484    585   596   595    -1
  485    567   578   568    -1
  486    591   598   597    -1
  487    560   567   565    -1
  488    560   569   564    -1
  489    574   581   576    -1
  490    584   591   586    -1
  491    584   593   589    -1
  492    562   577   567    -1
  493    586   597   596    -1
  494    574   597   579    -1
  495    600   603   599    -1
  496    605   602   601    -1
  497    605   599   603    -1
  498    612   607   608    -1
  499    613   610   609    -1
  500    611   609   607    -1
  501    604   607   603    -1
  502    605   610   606    -1
  503    609   603   607    -1
  504    615   620   619    -1
  505    617   622   618    -1
  506    623   628   627    -1
  507    625   630   626    -1
  508    631   636   635    -1
  509    633   638   634    -1
  510    644   639   640    -1
  511    641   646   642    -1
  512    619   632   631    -1
  513    621   634   622    -1
  514    627   640   639    -1
  515    629   642   630    -1
  516    616   627   620    -1
  517    618   629   625    -1
  518    632   643   636    -1
  519    634   645   641    -1
  520    620   639   632    -1
  521    622   641   629    -1
  522    649   652   650    -1
  523    649   654   653    -1
  524    651   656   652    -1
  525    649   655   651    -1
  526    661   664   662    -1
  527    661   666   665    -1
  528    663   668   664    -1
  529    669   672   670    -1
  530    669   674   673    -1
  531    671   676   672    -1
  532    662   671   669    -1
  533    662   673   666    -1
  534    664   675   671    -1
  535    519   599   518    -1
  536    599   520   518    -1
  537    529   616   615    -1
  538    535   624   623    -1
  539    530   623   616    -1
  540    555   648   556    -1
  541    587   658   588    -1
  542    593   660   594    -1
  543    588   659   593    -1
  544    542   512   541    -1
  545    555   516   520    -1
  546    551   512   516    -1
  547    601   648   647    -1
  548    521   564   522    -1
  549    523   570   524    -1
  550    522   569   523    -1
  551    617   658   657    -1
  552    625   660   659    -1
  553    618   659   658    -1
  554    515   527   525    -1
  555    515   529   519    -1
  556    513   527   517    -1
  557    538   561   559    -1
  558    538   563   542    -1
  559    548   575   550    -1
  560    552   585   554    -1
  561    552   587   583    -1
  562    540   571   561    -1
  563    554   595   558    -1
  564    548   595   573    -1
  565    600   619   604    -1
  566    602   621   617    -1
  567    608   635   612    -1
  568    610   637   633    -1
  569    604   631   608    -1
  570    606   633   621    -1
  571    650   663   661    -1
  572    650   665   654    -1
  573    652   667   663    -1
  574    513   563   521    -1
  575    602   657   648    -1
  576    519   615   600    -1
  577    556   657   587    -1
  578    647   520   601    -1
  579    682   677   678    -1
  580    683   677   681    -1
  581    686   685   687    -1
  582    685   681   682    -1
  583    684   683   681    -1
  584    688   693   692    -1
  585    694   699   698    -1
  586    700   703   702    -1
  587    704   707   706    -1
  588    692   701   700    -1
  589    698   705   704    -1
  590    689   698   693    -1
  591    701   706   703    -1
  592    693   704   701    -1
  593    708   711   709    -1
  594    712   710   708    -1
  595    716   720   717    -1
  596    719   714   718    -1
  597    721   724   723    -1
  598    725   728   727    -1
  599    712   723   713    -1
  600    719   728   720    -1
  601    718   727   719    -1
  602    714   711   710    -1
  603    713   714   710    -1
  604    723   726   725    -1
  605    713   725   718    -1
  606    729   732   730    -1
  607    733   736   734    -1
  608    739   742   740    -1
  609    745   748   746    -1
  610    749   752   751    -1
  611    753   756   755    -1
  612    757   760   759    -1
  613    761   764   763    -1
  614    741   760   742    -1
  615    747   764   748    -1
  616    731   738   732    -1
  617    751   758   757    -1
  618    735   744   736    -1
  619    755   762   761    -1
  620    730   735   733    -1
  621    740   747   745    -1
  622    750   755   752    -1
  623    758   763   760    -1
  624    732   743   735    -1
  625    752   761   758    -1
  626    742   763   747    -1
  627    765   768   766    -1
  628    769   772   771    -1
  629    765   770   769    -1
  630    765   771   767    -1
  631    773   776   774    -1
  632    777   780   778    -1
  633    781   784   783    -1
  634    785   788   787    -1
  635    773   782   781    -1
  636    777   786   785    -1
  637    774   779   777    -1
  638    782   787   784    -1
  639    774   785   782    -1
  640    789   792   790    -1
  641    793   796   794    -1
  642    797   800   799    -1
  643    802   803   801    -1
  644    804   805   803    -1
  645    789   799   791    -1
  646    803   793   801    -1
  647    791   794   792    -1
  648    799   802   801    -1
  649    791   801   793    -1
  650    807   810   808    -1
  651    811   814   812    -1
  652    815   818   816    -1
  653    819   822   820    -1
  654    823   826   825    -1
  655    827   830   829    -1
  656    831   834   833    -1
  657    833   836   835    -1
  658    837   840   839    -1
  659    839   842   841    -1
  660    809   816   810    -1
  661    825   832   831    -1
  662    813   820   814    -1
  663    829   838   837    -1
  664    808   813   811    -1
  665    816   821   819    -1
  666    824   829   826    -1
  667    832   839   834    -1
  668    834   841   836    -1
  669    810   819   813    -1
  670    826   837   832    -1
  671    709   679   708    -1
  672    683   708   679    -1
  673    686   722   721    -1
  674    683   721   712    -1
  675    767   790   768    -1
  676    771   798   797    -1
  677    767   797   789    -1
  678    690   730   691    -1
  679    702   750   749    -1
  680    696   734   697    -1
  681    706   754   753    -1
  682    691   733   696    -1
  683    703   753   750    -1
  684    775   808   776    -1
  685    783   824   823    -1
  686    779   812   780    -1
  687    787   828   827    -1
  688    776   811   779    -1
  689    784   827   824    -1
  690    678   692   682    -1
  691    685   702   687    -1
  692    682   700   685    -1
  693    709   731   729    -1
  694    717   741   739    -1
  695    722   751   724    -1
  696    726   759   728    -1
  697    711   737   731    -1
  698    724   757   726    -1
  699    720   759   741    -1
  700    766   775   773    -1
  701    770   783   772    -1
  702    766   781   770    -1
  703    790   809   807    -1
  704    794   817   815    -1
  705    798   825   800    -1
  706    802   833   804    -1
  707    804   835   806    -1
  708    792   815   809    -1
  709    800   831   802    -1
  710    680   729   690    -1
  711    687   749   722    -1
  712    768   807   775    -1
  713    772   823   798    -1
  714    678   611   612    -1
  715    613   680   614    -1
  716    677   613   611    -1
  717    635   689   688    -1
  718    637   691   638    -1
  719    643   695   694    -1
  720    645   697   646    -1
  721    636   694   689    -1
  722    638   696   645    -1
  723    654   714   653    -1
  724    655   717   656    -1
  725    716   653   714    -1
  726    665   738   737    -1
  727    667   740   668    -1
  728    673   744   743    -1
  729    675   746   676    -1
  730    666   743   738    -1
  731    668   745   675    -1
  732    612   688   678    -1
  733    614   690   637    -1
  734    654   737   715    -1
  735    656   739   667    -1
  736    848   845   847    -1
  737    848   843   844    -1
  738    851   854   852    -1
  739    849   854   853    -1
  740    857   860   858    -1
  741    855   860   859    -1
  742    852   859   857    -1
  743    850   859   854    -1
  744    865   864   863    -1
  745    868   863   864    -1
  746    869   863   867    -1
  747    872   871   870    -1
  748    874   872   870    -1
  749    878   879   877    -1
  750    877   882   878    -1
  751    862   872   861    -1
  752    877   869   867    -1
  753    868   861   867    -1
  754    876   881   875    -1
  755    881   872   875    -1
  756    881   877   861    -1
  757    887   890   888    -1
  758    887   892   891    -1
  759    893   896   894    -1
  760    893   898   897    -1
  761    899   902   900    -1
  762    905   908   906    -1
  763    911   914   913    -1
  764    911   916   912    -1
  765    917   920   919    -1
  766    917   922   918    -1
  767    883   902   901    -1
  768    885   908   907    -1
  769    883   892   884    -1
  770    903   916   915    -1
  771    885   898   886    -1
  772    909   922   921    -1
  773    888   895   893    -1
  774    888   897   892    -1
  775    900   907   905    -1
  776    912   919   914    -1
  777    912   921   917    -1
  778    884   897   885    -1
  779    904   921   916    -1
  780    884   907   902    -1
  781    928   929   927    -1
  782    924   927   923    -1
  783    925   930   926    -1
  784    929   923   927    -1
  785    933   932   931    -1
  786    936   931   932    -1
  787    937   934   933    -1
  788    935   933   931    -1
  789    943   946   945    -1
  790    939   944   943    -1
  791    941   946   942    -1
  792    951   954   953    -1
  793    947   952   951    -1
  794    949   954   950    -1
  795    955   958   956    -1
  796    955   960   959    -1
  797    957   962   958    -1
  798    963   966   964    -1
  799    963   968   967    -1
  800    965   970   966    -1
  801    944   953   946    -1
  802    940   951   944    -1
  803    942   953   949    -1
  804    956   965   963    -1
  805    956   967   960    -1
  806    958   969   965    -1
  807    971   974   973    -1
  808    978   975   977    -1
  809    980   977   979    -1
  810    981   984   983    -1
  811    985   988   987    -1
  812    989   992   990    -1
  813    993   996   994    -1
  814    991   998   992    -1
  815    995  1000   996    -1
  816    982   987   984    -1
  817    990   995   993    -1
  818    992   999   995    -1
  819    846   923   845    -1
  820    929   925   845    -1
  821    851   940   939    -1
  822    857   948   947    -1
  823    852   947   940    -1
  824    875   974   876    -1
  825    973   874   971    -1
  826    903   984   904    -1
  827    909   988   910    -1
  828    904   987   909    -1
  829    870   844   843    -1
  830    874   843   847    -1
  831    925   972   971    -1
  832    975   938   937    -1
  833    849   900   850    -1
  834    855   906   856    -1
  835    850   905   855    -1
  836    941   982   981    -1
  837    961   990   962    -1
  838    949   986   985    -1
  839    969   994   970    -1
  840    942   985   982    -1
  841    962   993   969    -1
  842    846   853   851    -1
  843    844   853   848    -1
  844    864   889   887    -1
  845    864   891   868    -1
  846    871   901   899    -1
  847    878   913   880    -1
  848    878   915   911    -1
  849    862   891   883    -1
  850    876   915   882    -1
  851    862   901   873    -1
  852    928   945   930    -1
  853    924   943   928    -1
  854    926   945   941    -1
  855    932   957   955    -1
  856    932   959   936    -1
  857    934   961   957    -1
  858    972   983   974    -1
  859    976   991   989    -1
  860    978   997   991    -1
  861    844   899   849    -1
  862    926   981   972    -1
  863    938   989   961    -1
  864    846   939   924    -1
  865    876   983   903    -1
  866    971   847   925    -1
  867   1002  1003  1001    -1
  868   1005  1008  1007    -1
  869   1009  1012  1011    -1
  870   1006  1011  1008    -1
  871   1016  1019  1018    -1
  872   1017  1013  1014    -1
  873   1016  1015  1013    -1
  874   1023  1020  1022    -1
  875   1024  1022  1020    -1
  876   1026  1029  1028    -1
  877   1031  1035  1032    -1
  878   1034  1030  1033    -1
  879   1027  1018  1019    -1
  880   1031  1024  1030    -1
  881   1024  1015  1018    -1
  882   1026  1033  1030    -1
  883   1026  1024  1018    -1
  884   1038  1041  1040    -1
  885   1036  1039  1038    -1
  886   1044  1047  1046    -1
  887   1042  1045  1044    -1
  888   1048  1051  1049    -1
  889   1052  1055  1053    -1
  890   1056  1059  1058    -1
  891   1060  1063  1062    -1
  892   1064  1067  1065    -1
  893   1068  1071  1069    -1
  894   1040  1057  1056    -1
  895   1046  1061  1060    -1
  896   1039  1046  1041    -1
  897   1037  1044  1039    -1
  898   1049  1054  1052    -1
  899   1057  1062  1059    -1
  900   1065  1070  1068    -1
  901   1041  1060  1057    -1
  902   1074  1073  1072    -1
  903   1076  1079  1077    -1
  904   1080  1083  1081    -1
  905   1077  1082  1080    -1
  906   1084  1087  1086    -1
  907   1092  1090  1089    -1
  908   1091  1089  1088    -1
  909   1097  1094  1096    -1
  910   1095  1098  1094    -1
  911   1100  1094  1098    -1
  912   1103  1106  1105    -1
  913   1105  1101  1103    -1
  914   1097  1086  1087    -1
  915   1101  1092  1091    -1
  916   1084  1091  1088    -1
  917   1100  1101  1096    -1
  918   1096  1091  1086    -1
  919   1107  1110  1109    -1
  920   1111  1114  1113    -1
  921   1115  1118  1116    -1
  922   1119  1122  1120    -1
  923   1123  1126  1124    -1
  924   1123  1128  1127    -1
  925   1129  1132  1130    -1
  926   1129  1134  1133    -1
  927   1135  1138  1137    -1
  928   1139  1142  1141    -1
  929   1109  1126  1125    -1
  930   1113  1132  1131    -1
  931   1108  1113  1110    -1
  932   1116  1121  1119    -1
  933   1124  1131  1129    -1
  934   1124  1133  1128    -1
  935   1136  1141  1138    -1
  936   1110  1131  1126    -1
  937   1028  1085  1084    -1
  938   1034  1090  1035    -1
  939   1033  1089  1034    -1
  940   1028  1088  1033    -1
  941   1058  1108  1107    -1
  942   1062  1112  1111    -1
  943   1066  1116  1067    -1
  944   1070  1120  1071    -1
  945   1059  1111  1108    -1
  946   1067  1119  1070    -1
  947   1004  1013  1003    -1
  948   1098  1075  1074    -1
  949   1007  1037  1036    -1
  950   1011  1043  1042    -1
  951   1008  1042  1037    -1
  952   1078  1128  1079    -1
  953   1082  1134  1083    -1
  954   1079  1133  1082    -1
  955   1002  1007  1004    -1
  956   1017  1040  1019    -1
  957   1014  1038  1017    -1
  958   1021  1050  1048    -1
  959   1027  1058  1029    -1
  960   1032  1066  1064    -1
  961   1019  1056  1027    -1
  962   1073  1078  1076    -1
  963   1085  1109  1087    -1
  964   1090  1117  1115    -1
  965   1095  1125  1123    -1
  966   1095  1127  1099    -1
  967   1104  1137  1106    -1
  968   1087  1125  1097    -1
  969   1004  1036  1014    -1
  970   1075  1127  1078    -1
  971   1029  1107  1085    -1
  972   1035  1115  1066    -1
  973    936  1001   935    -1
  974   1003   935  1001    -1
  975    959  1006  1005    -1
  976    967  1010  1009    -1
  977    960  1009  1006    -1
  978   1015   975  1013    -1
  979   1020   980   979    -1
  980   1015   979   977    -1
  981    997  1049   998    -1
  982    999  1053  1000    -1
  983    998  1052   999    -1
  984    936  1005  1002    -1
  985    980  1048   997    -1
  986   1003   975   937    -1
  987    866   805   806    -1
  988    835   890   889    -1
  989    841   896   895    -1
  990    836   895   890    -1
  991    806   889   866    -1
  992    481   544   480    -1
  993    546   480   544    -1
  994    504   572   571    -1
  995    508   578   577    -1
  996    505   577   572    -1
  997    481   571   545    -1
  998   1143  1146  1144    -1
  999   1143  1148  1147    -1
 1000   1151  1154  1152    -1
 1001   1151  1156  1155    -1
 1002   1144  1153  1151    -1
 1003   1144  1155  1148    -1
 1004   1162  1159  1161    -1
 1005   1164  1159  1160    -1
 1006   1160  1166  1164    -1
 1007   1167  1170  1168    -1
 1008   1171  1174  1172    -1
 1009   1168  1173  1171    -1
 1010   1175  1178  1176    -1
 1011   1145  1168  1146    -1
 1012   1149  1170  1169    -1
 1013   1153  1172  1154    -1
 1014   1157  1174  1173    -1
 1015   1146  1171  1153    -1
 1016   1150  1173  1170    -1
 1017   1176  1161  1175    -1
 1018   1166  1177  1165    -1
 1019   1160  1162  1178    -1
 1020   1152  1161  1159    -1
 1021   1152  1163  1156    -1
 1022   1172  1177  1175    -1
 1023   1154  1175  1161    -1
 1024   1158  1177  1174    -1
 1025   1179  1184  1183    -1
 1026   1181  1186  1182    -1
 1027   1187  1192  1191    -1
 1028   1189  1194  1190    -1
 1029   1195  1200  1199    -1
 1030   1201  1206  1205    -1
 1031   1183  1196  1195    -1
 1032   1185  1198  1186    -1
 1033   1202  1191  1192    -1
 1034   1193  1204  1194    -1
 1035   1180  1191  1184    -1
 1036   1182  1193  1189    -1
 1037   1196  1205  1200    -1
 1038   1184  1201  1196    -1
 1039   1186  1203  1193    -1
 1040   1212  1207  1208    -1
 1041   1213  1210  1209    -1
 1042   1208  1214  1212    -1
 1043   1216  1219  1215    -1
 1044   1218  1220  1216    -1
 1045   1212  1215  1211    -1
 1046   1213  1218  1214    -1
 1047   1214  1216  1212    -1
 1048   1224  1227  1225    -1
 1049   1222  1227  1226    -1
 1050   1230  1233  1231    -1
 1051   1228  1233  1232    -1
 1052   1236  1239  1237    -1
 1053   1234  1237  1235    -1
 1054   1242  1245  1243    -1
 1055   1240  1243  1241    -1
 1056   1246  1249  1248    -1
 1057   1252  1255  1254    -1
 1058   1224  1247  1246    -1
 1059   1230  1253  1252    -1
 1060   1238  1249  1239    -1
 1061   1244  1255  1245    -1
 1062   1225  1232  1230    -1
 1063   1223  1232  1227    -1
 1064   1237  1244  1242    -1
 1065   1235  1242  1240    -1
 1066   1247  1254  1249    -1
 1067   1239  1254  1244    -1
 1068   1225  1252  1247    -1
 1069   1262  1261  1260    -1
 1070   1259  1262  1258    -1
 1071   1269  1266  1268    -1
 1072   1266  1265  1264    -1
 1073   1274  1270  1271    -1
 1074   1271  1276  1274    -1
 1075   1271  1260  1261    -1
 1076   1261  1272  1271    -1
 1077   1274  1268  1273    -1
 1078   1277  1280  1279    -1
 1079   1281  1284  1283    -1
 1080   1285  1288  1286    -1
 1081   1289  1292  1290    -1
 1082   1278  1283  1280    -1
 1083   1286  1291  1289    -1
 1084   1293  1296  1295    -1
 1085   1297  1300  1298    -1
 1086   1301  1304  1303    -1
 1087   1305  1308  1307    -1
 1088   1309  1312  1311    -1
 1089   1313  1316  1315    -1
 1090   1317  1320  1318    -1
 1091   1321  1324  1322    -1
 1092   1325  1328  1326    -1
 1093   1329  1332  1330    -1
 1094   1303  1310  1309    -1
 1095   1319  1326  1320    -1
 1096   1307  1314  1313    -1
 1097   1323  1330  1324    -1
 1098   1302  1307  1304    -1
 1099   1310  1315  1312    -1
 1100   1318  1323  1321    -1
 1101   1326  1331  1329    -1
 1102   1304  1313  1310    -1
 1103   1320  1329  1323    -1
 1104   1333  1336  1335    -1
 1105   1337  1340  1339    -1
 1106   1341  1344  1342    -1
 1107   1345  1348  1346    -1
 1108   1336  1337  1335    -1
 1109   1343  1346  1344    -1
 1110   1199  1278  1277    -1
 1111   1205  1282  1281    -1
 1112   1200  1281  1278    -1
 1113   1220  1293  1219    -1
 1114   1221  1294  1220    -1
 1115   1250  1312  1251    -1
 1116   1256  1316  1257    -1
 1117   1251  1315  1256    -1
 1118   1267  1336  1334    -1
 1119   1339  1276  1275    -1
 1120   1274  1340  1338    -1
 1121   1269  1338  1336    -1
 1122   1197  1235  1198    -1
 1123   1203  1241  1204    -1
 1124   1198  1240  1203    -1
 1125   1279  1302  1301    -1
 1126   1287  1318  1288    -1
 1127   1283  1306  1305    -1
 1128   1291  1322  1292    -1
 1129   1280  1305  1302    -1
 1130   1288  1321  1291    -1
 1131   1264  1218  1217    -1
 1132   1265  1221  1218    -1
 1133   1295  1334  1333    -1
 1134   1299  1342  1300    -1
 1135   1211  1188  1207    -1
 1136   1190  1213  1209    -1
 1137   1202  1219  1206    -1
 1138   1192  1215  1202    -1
 1139   1194  1217  1213    -1
 1140   1231  1262  1260    -1
 1141   1229  1262  1233    -1
 1142   1243  1268  1266    -1
 1143   1241  1266  1264    -1
 1144   1253  1273  1255    -1
 1145   1245  1273  1268    -1
 1146   1231  1270  1253    -1
 1147   1282  1295  1284    -1
 1148   1290  1299  1297    -1
 1149   1306  1335  1308    -1
 1150   1314  1339  1316    -1
 1151   1322  1343  1341    -1
 1152   1330  1347  1345    -1
 1153   1308  1337  1314    -1
 1154   1324  1345  1343    -1
 1155   1204  1264  1217    -1
 1156   1284  1333  1306    -1
 1157   1292  1341  1299    -1
 1158   1206  1293  1282    -1
 1159   1257  1339  1275    -1
 1160   1267  1296  1221    -1
 1161   1147  1180  1179    -1
 1162   1149  1182  1150    -1
 1163   1155  1188  1187    -1
 1164   1157  1190  1158    -1
 1165   1148  1187  1180    -1
 1166   1150  1189  1157    -1
 1167   1208  1163  1164    -1
 1168   1165  1210  1166    -1
 1169   1164  1210  1208    -1
 1170   1156  1207  1188    -1
 1171   1158  1209  1165    -1
 1172   1349  1352  1351    -1
 1173   1353  1356  1355    -1
 1174   1350  1355  1352    -1
 1175   1357  1360  1359    -1
 1176   1361  1364  1363    -1
 1177   1365  1368  1367    -1
 1178   1369  1372  1371    -1
 1179   1373  1376  1375    -1
 1180   1377  1380  1378    -1
 1181   1381  1384  1382    -1
 1182   1385  1388  1386    -1
 1183   1389  1392  1390    -1
 1184   1363  1370  1369    -1
 1185   1379  1386  1380    -1
 1186   1367  1374  1373    -1
 1187   1383  1390  1384    -1
 1188   1362  1367  1364    -1
 1189   1370  1375  1372    -1
 1190   1378  1383  1381    -1
 1191   1386  1391  1389    -1
 1192   1364  1373  1370    -1
 1193   1380  1389  1383    -1
 1194   1393  1396  1395    -1
 1195   1397  1400  1399    -1
 1196   1404  1401  1403    -1
 1197   1408  1405  1407    -1
 1198   1395  1398  1397    -1
 1199   1406  1403  1405    -1
 1200   1411  1414  1412    -1
 1201   1409  1414  1413    -1
 1202   1417  1420  1418    -1
 1203   1415  1420  1419    -1
 1204   1421  1424  1423    -1
 1205   1427  1430  1429    -1
 1206   1411  1422  1421    -1
 1207   1417  1428  1427    -1
 1208   1412  1419  1417    -1
 1209   1410  1419  1414    -1
 1210   1422  1429  1424    -1
 1211   1412  1427  1422    -1
 1212   1438  1435  1437    -1
 1213   1434  1437  1433    -1
 1214   1443  1439  1440    -1
 1215   1441  1443  1440    -1
 1216   1440  1435  1436    -1
 1217   1436  1441  1440    -1
 1218   1448  1451  1450    -1
 1219   1454  1457  1456    -1
 1220   1458  1461  1460    -1
 1221   1458  1463  1459    -1
 1222   1464  1467  1466    -1
 1223   1464  1469  1465    -1
 1224   1470  1473  1471    -1
 1225   1474  1477  1475    -1
 1226   1448  1471  1449    -1
 1227   1454  1475  1455    -1
 1228   1450  1463  1462    -1
 1229   1456  1469  1468    -1
 1230   1449  1456  1451    -1
 1231   1459  1466  1461    -1
 1232   1459  1468  1464    -1
 1233   1471  1476  1474    -1
 1234   1451  1468  1463    -1
 1235   1449  1474  1454    -1
 1236   1482  1483  1481    -1
 1237   1479  1484  1482    -1
 1238   1485  1488  1487    -1
 1239   1489  1486  1485    -1
 1240   1493  1492  1491    -1
 1241   1491  1482  1481    -1
 1242   1484  1489  1483    -1
 1243   1480  1490  1484    -1
 1244   1377  1447  1446    -1
 1245   1381  1453  1452    -1
 1246   1378  1452  1447    -1
 1247   1479  1401  1402    -1
 1248   1402  1480  1479    -1
 1249   1406  1488  1486    -1
 1250   1406  1480  1404    -1
 1251   1351  1362  1361    -1
 1252   1355  1366  1365    -1
 1253   1352  1365  1362    -1
 1254   1409  1447  1410    -1
 1255   1425  1473  1472    -1
 1256   1415  1453  1416    -1
 1257   1431  1477  1476    -1
 1258   1410  1452  1415    -1
 1259   1426  1476  1473    -1
 1260   1359  1394  1393    -1
 1261   1478  1434  1433    -1
 1262   1434  1482  1438    -1
 1263   1445  1493  1444    -1
 1264   1441  1494  1445    -1
 1265   1438  1492  1441    -1
 1266   1354  1359  1356    -1
 1267   1366  1395  1368    -1
 1268   1374  1399  1376    -1
 1269   1382  1403  1401    -1
 1270   1390  1407  1405    -1
 1271   1368  1397  1374    -1
 1272   1384  1405  1403    -1
 1273   1418  1437  1435    -1
 1274   1416  1437  1420    -1
 1275   1428  1442  1430    -1
 1276   1418  1439  1428    -1
 1277   1455  1483  1457    -1
 1278   1465  1487  1467    -1
 1279   1465  1489  1485    -1
 1280   1475  1493  1491    -1
 1281   1457  1489  1469    -1
 1282   1455  1491  1481    -1
 1283   1356  1393  1366    -1
 1284   1416  1478  1433    -1
 1285   1432  1493  1477    -1
 1286   1382  1478  1453    -1
 1287   1495  1500  1499    -1
 1288   1497  1502  1498    -1
 1289   1503  1508  1507    -1
 1290   1505  1510  1506    -1
 1291   1511  1516  1515    -1
 1292   1513  1518  1514    -1
 1293   1519  1524  1523    -1
 1294   1521  1526  1522    -1
 1295   1499  1512  1511    -1
 1296   1501  1514  1502    -1
 1297   1507  1520  1519    -1
 1298   1509  1522  1510    -1
 1299   1496  1507  1500    -1
 1300   1498  1509  1505    -1
 1301   1512  1523  1516    -1
 1302   1514  1525  1521    -1
 1303   1500  1519  1512    -1
 1304   1502  1521  1509    -1
 1305   1532  1527  1528    -1
 1306   1533  1530  1529    -1
 1307   1528  1534  1532    -1
 1308   1536  1539  1535    -1
 1309   1537  1542  1538    -1
 1310   1538  1540  1536    -1
 1311   1532  1535  1531    -1
 1312   1533  1538  1534    -1
 1313   1534  1536  1532    -1
 1314   1543  1546  1544    -1
 1315   1547  1550  1548    -1
 1316   1551  1554  1552    -1
 1317   1555  1558  1556    -1
 1318   1559  1564  1563    -1
 1319   1561  1566  1562    -1
 1320   1567  1572  1571    -1
 1321   1569  1574  1570    -1
 1322   1543  1560  1559    -1
 1323   1545  1562  1546    -1
 1324   1547  1568  1567    -1
 1325   1549  1570  1550    -1
 1326   1553  1564  1554    -1
 1327   1557  1572  1558    -1
 1328   1544  1549  1547    -1
 1329   1552  1557  1555    -1
 1330   1560  1571  1564    -1
 1331   1562  1573  1569    -1
 1332   1554  1571  1557    -1
 1333   1544  1567  1560    -1
 1334   1546  1569  1549    -1
 1335   1575  1578  1576    -1
 1336   1579  1582  1580    -1
 1337   1583  1588  1587    -1
 1338   1585  1590  1586    -1
 1339   1584  1590  1588    -1
 1340   1575  1584  1583    -1
 1341   1577  1586  1578    -1
 1342   1576  1586  1584    -1
 1343   1581  1588  1582    -1
 1344   1593  1596  1595    -1
 1345   1591  1594  1593    -1
 1346   1599  1602  1601    -1
 1347   1597  1600  1599    -1
 1348   1594  1601  1596    -1
 1349   1592  1599  1594    -1
 1350   1606  1609  1608    -1
 1351   1604  1606  1603    -1
 1352   1605  1607  1604    -1
 1353   1610  1613  1612    -1
 1354   1614  1617  1616    -1
 1355   1620  1623  1622    -1
 1356   1618  1623  1619    -1
 1357   1626  1629  1628    -1
 1358   1624  1629  1625    -1
 1359   1630  1633  1631    -1
 1360   1634  1637  1635    -1
 1361   1612  1621  1620    -1
 1362   1616  1627  1626    -1
 1363   1611  1616  1613    -1
 1364   1621  1628  1623    -1
 1365   1619  1628  1624    -1
 1366   1631  1636  1634    -1
 1367   1613  1626  1621    -1
 1368   1640  1643  1642    -1
 1369   1638  1643  1641    -1
 1370   1647  1650  1649    -1
 1371   1645  1650  1646    -1
 1372   1644  1650  1648    -1
 1373   1653  1652  1651    -1
 1374   1642  1648  1647    -1
 1375   1639  1648  1643    -1
 1376   1515  1592  1591    -1
 1377   1523  1598  1597    -1
 1378   1516  1597  1592    -1
 1379   1540  1603  1539    -1
 1380   1540  1605  1604    -1
 1381   1565  1619  1566    -1
 1382   1573  1625  1574    -1
 1383   1566  1624  1573    -1
 1384   1582  1638  1580    -1
 1385   1589  1646  1590    -1
 1386   1588  1646  1644    -1
 1387   1588  1639  1582    -1
 1388   1517  1552  1518    -1
 1389   1525  1556  1526    -1
 1390   1518  1555  1525    -1
 1391   1595  1611  1610    -1
 1392   1601  1615  1614    -1
 1393   1596  1614  1611    -1
 1394   1579  1542  1541    -1
 1395   1608  1641  1640    -1
 1396   1605  1641  1609    -1
 1397   1504  1531  1508    -1
 1398   1506  1533  1529    -1
 1399   1520  1539  1524    -1
 1400   1522  1541  1537    -1
 1401   1535  1508  1531    -1
 1402   1510  1537  1533    -1
 1403   1548  1577  1575    -1
 1404   1556  1581  1579    -1
 1405   1568  1587  1572    -1
 1406   1570  1589  1585    -1
 1407   1558  1587  1581    -1
 1408   1548  1583  1568    -1
 1409   1550  1585  1577    -1
 1410   1600  1608  1602    -1
 1411   1598  1606  1600    -1
 1412   1615  1642  1617    -1
 1413   1627  1649  1629    -1
 1414   1625  1649  1645    -1
 1415   1635  1653  1651    -1
 1416   1617  1647  1627    -1
 1417   1526  1579  1541    -1
 1418   1602  1640  1615    -1
 1419   1524  1603  1598    -1
 1420   1574  1645  1589    -1
 1421   1580  1605  1542    -1
 1422   1423  1496  1495    -1
 1423   1425  1498  1426    -1
 1424   1429  1504  1503    -1
 1425   1431  1506  1432    -1
 1426   1424  1503  1496    -1
 1427   1426  1505  1431    -1
 1428   1528  1442  1443    -1
 1429   1444  1530  1445    -1
 1430   1443  1530  1528    -1
 1431   1430  1527  1504    -1
 1432   1432  1529  1444    -1
 1433   1285  1350  1349    -1
 1434   1289  1354  1353    -1
 1435   1286  1353  1350    -1
 1436   1297  1358  1357    -1
 1437   1298  1360  1358    -1
 1438   1342  1396  1394    -1
 1439   1346  1400  1398    -1
 1440   1344  1398  1396    -1
 1441   1290  1357  1354    -1
 1442   1300  1394  1360    -1
 1443   1659  1662  1660    -1
 1444   1659  1664  1663    -1
 1445   1665  1668  1666    -1
 1446   1665  1670  1669    -1
 1447   1655  1662  1661    -1
 1448   1657  1668  1667    -1
 1449   1660  1667  1665    -1
 1450   1660  1669  1664    -1
 1451   1656  1667  1662    -1
 1452   1676  1673  1675    -1
 1453   1678  1673  1674    -1
 1454   1674  1679  1678    -1
 1455   1672  1675  1671    -1
 1456   1680  1683  1681    -1
 1457   1680  1685  1684    -1
 1458   1686  1689  1687    -1
 1459   1686  1691  1690    -1
 1460   1694  1697  1696    -1
 1461   1700  1703  1702    -1
 1462   1704  1707  1706    -1
 1463   1704  1709  1705    -1
 1464   1710  1713  1712    -1
 1465   1710  1715  1711    -1
 1466   1694  1717  1695    -1
 1467   1700  1719  1701    -1
 1468   1682  1693  1683    -1
 1469   1706  1717  1716    -1
 1470   1688  1699  1689    -1
 1471   1712  1719  1718    -1
 1472   1681  1688  1686    -1
 1473   1681  1690  1685    -1
 1474   1695  1702  1697    -1
 1475   1705  1712  1707    -1
 1476   1705  1714  1710    -1
 1477   1683  1698  1688    -1
 1478   1707  1718  1717    -1
 1479   1695  1718  1700    -1
 1480   1723  1720  1722    -1
 1481   1725  1720  1721    -1
 1482   1721  1726  1725    -1
 1483   1731  1732  1730    -1
 1484   1729  1731  1728    -1
 1485   1735  1736  1734    -1
 1486   1738  1735  1734    -1
 1487   1725  1737  1735    -1
 1488   1740  1731  1730    -1
 1489   1727  1723  1722    -1
 1490   1728  1726  1723    -1
 1491   1737  1740  1736    -1
 1492   1726  1741  1737    -1
 1493   1742  1747  1746    -1
 1494   1744  1749  1745    -1
 1495   1750  1755  1754    -1
 1496   1752  1757  1753    -1
 1497   1758  1763  1762    -1
 1498   1760  1765  1761    -1
 1499   1766  1771  1770    -1
 1500   1768  1773  1769    -1
 1501   1746  1759  1758    -1
 1502   1748  1761  1749    -1
 1503   1754  1767  1766    -1
 1504   1756  1769  1757    -1
 1505   1743  1754  1747    -1
 1506   1745  1756  1752    -1
 1507   1759  1770  1763    -1
 1508   1761  1772  1768    -1
 1509   1747  1766  1759    -1
 1510   1749  1768  1756    -1
 1511   1779  1774  1775    -1
 1512   1776  1781  1777    -1
 1513   1775  1781  1779    -1
 1514   1783  1786  1782    -1
 1515   1784  1789  1785    -1
 1516   1785  1787  1783    -1
 1517   1783  1778  1779    -1
 1518   1784  1781  1780    -1
 1519   1779  1785  1783    -1
 1520   1794  1797  1795    -1
 1521   1794  1799  1798    -1
 1522   1796  1801  1797    -1
 1523   1802  1805  1803    -1
 1524   1802  1807  1806    -1
 1525   1804  1809  1805    -1
 1526   1795  1804  1802    -1
 1527   1795  1806  1799    -1
 1528   1797  1808  1804    -1
 1529   1812  1815  1813    -1
 1530   1812  1817  1816    -1
 1531   1814  1819  1815    -1
 1532   1813  1819  1817    -1
 1533   1663  1743  1742    -1
 1534   1669  1751  1750    -1
 1535   1664  1750  1743    -1
 1536   1775  1677  1678    -1
 1537   1679  1775  1678    -1
 1538   1708  1791  1709    -1
 1539   1714  1793  1715    -1
 1540   1709  1792  1714    -1
 1541   1810  1739  1738    -1
 1542   1655  1685  1656    -1
 1543   1657  1691  1658    -1
 1544   1656  1690  1657    -1
 1545   1744  1791  1790    -1
 1546   1752  1793  1792    -1
 1547   1745  1792  1791    -1
 1548   1724  1672  1671    -1
 1549   1676  1739  1679    -1
 1550   1672  1735  1676    -1
 1551   1777  1810  1776    -1
 1552   1666  1675  1673    -1
 1553   1666  1677  1670    -1
 1554   1658  1675  1668    -1
 1555   1687  1722  1720    -1
 1556   1687  1724  1691    -1
 1557   1701  1732  1703    -1
 1558   1711  1736  1713    -1
 1559   1711  1738  1734    -1
 1560   1689  1727  1722    -1
 1561   1713  1740  1719    -1
 1562   1701  1740  1730    -1
 1563   1751  1778  1755    -1
 1564   1753  1780  1776    -1
 1565   1767  1786  1771    -1
 1566   1769  1788  1784    -1
 1567   1755  1782  1767    -1
 1568   1757  1784  1780    -1
 1569   1803  1814  1812    -1
 1570   1803  1816  1807    -1
 1571   1805  1818  1814    -1
 1572   1658  1724  1671    -1
 1573   1753  1810  1793    -1
 1574   1670  1774  1751    -1
 1575   1715  1810  1738    -1
 1576   1679  1811  1777    -1
 1577   1820  1825  1824    -1
 1578   1826  1831  1830    -1
 1579   1832  1835  1834    -1
 1580   1836  1839  1838    -1
 1581   1824  1833  1832    -1
 1582   1830  1837  1836    -1
 1583   1821  1830  1825    -1
 1584   1833  1838  1835    -1
 1585   1825  1836  1833    -1
 1586   1841  1844  1840    -1
 1587   1841  1846  1845    -1
 1588   1847  1850  1849    -1
 1589   1845  1847  1844    -1
 1590   1846  1848  1845    -1
 1591   1851  1854  1852    -1
 1592   1855  1858  1856    -1
 1593   1861  1864  1862    -1
 1594   1867  1870  1868    -1
 1595   1871  1874  1873    -1
 1596   1875  1878  1877    -1
 1597   1879  1882  1881    -1
 1598   1883  1886  1885    -1
 1599   1863  1882  1864    -1
 1600   1869  1886  1870    -1
 1601   1853  1860  1854    -1
 1602   1873  1880  1879    -1
 1603   1857  1866  1858    -1
 1604   1877  1884  1883    -1
 1605   1852  1857  1855    -1
 1606   1862  1869  1867    -1
 1607   1872  1877  1874    -1
 1608   1880  1885  1882    -1
 1609   1854  1865  1857    -1
 1610   1874  1883  1880    -1
 1611   1864  1885  1869    -1
 1612   1887  1890  1888    -1
 1613   1890  1891  1888    -1
 1614   1895  1899  1896    -1
 1615   1894  1899  1897    -1
 1616   1900  1903  1902    -1
 1617   1904  1907  1906    -1
 1618   1891  1903  1901    -1
 1619   1898  1907  1899    -1
 1620   1897  1907  1905    -1
 1621   1889  1894  1890    -1
 1622   1894  1892  1890    -1
 1623   1902  1905  1904    -1
 1624   1892  1905  1903    -1
 1625   1908  1911  1909    -1
 1626   1912  1915  1913    -1
 1627   1916  1919  1918    -1
 1628   1920  1923  1922    -1
 1629   1908  1917  1916    -1
 1630   1912  1921  1920    -1
 1631   1909  1914  1912    -1
 1632   1917  1922  1919    -1
 1633   1909  1920  1917    -1
 1634   1924  1927  1925    -1
 1635   1928  1931  1930    -1
 1636   1924  1929  1928    -1
 1637   1925  1931  1929    -1
 1638   1932  1935  1933    -1
 1639   1936  1939  1937    -1
 1640   1940  1943  1941    -1
 1641   1944  1947  1945    -1
 1642   1948  1951  1950    -1
 1643   1952  1955  1954    -1
 1644   1956  1959  1958    -1
 1645   1958  1961  1960    -1
 1646   1962  1965  1964    -1
 1647   1964  1967  1966    -1
 1648   1934  1941  1935    -1
 1649   1950  1957  1956    -1
 1650   1938  1945  1939    -1
 1651   1954  1963  1962    -1
 1652   1933  1938  1936    -1
 1653   1941  1946  1944    -1
 1654   1949  1954  1951    -1
 1655   1957  1964  1959    -1
 1656   1959  1966  1961    -1
 1657   1935  1944  1938    -1
 1658   1951  1962  1957    -1
 1659   1968  1971  1969    -1
 1660   1972  1975  1973    -1
 1661   1976  1979  1978    -1
 1662   1980  1983  1982    -1
 1663   1985  1982  1983    -1
 1664   1969  1979  1977    -1
 1665   1973  1983  1981    -1
 1666   1970  1973  1971    -1
 1667   1978  1981  1980    -1
 1668   1971  1981  1979    -1
 1669   1822  1852  1823    -1
 1670   1834  1872  1871    -1
 1671   1828  1856  1829    -1
 1672   1838  1876  1875    -1
 1673   1823  1855  1828    -1
 1674   1835  1875  1872    -1
 1675   1910  1933  1911    -1
 1676   1918  1949  1948    -1
 1677   1914  1937  1915    -1
 1678   1922  1953  1952    -1
 1679   1911  1936  1914    -1
 1680   1919  1952  1949    -1
 1681   1887  1843  1842    -1
 1682   1888  1846  1843    -1
 1683   1849  1901  1900    -1
 1684   1846  1901  1850    -1
 1685   1926  1969  1927    -1
 1686   1930  1977  1976    -1
 1687   1927  1977  1931    -1
 1688   1827  1844  1831    -1
 1689   1837  1849  1839    -1
 1690   1831  1847  1837    -1
 1691   1856  1889  1887    -1
 1692   1868  1898  1895    -1
 1693   1876  1902  1878    -1
 1694   1884  1906  1886    -1
 1695   1858  1893  1889    -1
 1696   1878  1904  1884    -1
 1697   1870  1906  1898    -1
 1698   1913  1926  1924    -1
 1699   1921  1930  1923    -1
 1700   1913  1928  1921    -1
 1701   1937  1970  1968    -1
 1702   1945  1974  1972    -1
 1703   1953  1978  1955    -1
 1704   1963  1982  1965    -1
 1705   1965  1984  1967    -1
 1706   1939  1972  1970    -1
 1707   1955  1980  1963    -1
 1708   1829  1887  1842    -1
 1709   1839  1900  1876    -1
 1710   1915  1968  1926    -1
 1711   1923  1976  1953    -1
 1712   1762  1821  1820    -1
 1713   1764  1823  1765    -1
 1714   1770  1827  1826    -1
 1715   1772  1829  1773    -1
 1716   1763  1826  1821    -1
 1717   1765  1828  1772    -1
 1718   1787  1840  1786    -1
 1719   1842  1789  1788    -1
 1720   1789  1841  1787    -1
 1721   1798  1860  1859    -1
 1722   1800  1862  1801    -1
 1723   1806  1866  1865    -1
 1724   1808  1868  1809    -1
 1725   1799  1865  1860    -1
 1726   1801  1867  1808    -1
 1727   1816  1894  1893    -1
 1728   1818  1896  1819    -1
 1729   1817  1896  1894    -1
 1730   1771  1840  1827    -1
 1731   1773  1842  1788    -1
 1732   1807  1893  1866    -1
 1733   1809  1895  1818    -1
 1734   1988  1991  1989    -1
 1735   1986  1991  1990    -1
 1736   1994  1997  1995    -1
 1737   1992  1997  1996    -1
 1738   1989  1996  1994    -1
 1739   1987  1996  1991    -1
 1740   2002  2001  2000    -1
 1741   1999  2002  1998    -1
 1742   2008  2011  2009    -1
 1743   2008  2013  2012    -1
 1744   2014  2017  2015    -1
 1745   2014  2019  2018    -1
 1746   2020  2023  2021    -1
 1747   2026  2029  2027    -1
 1748   2032  2035  2034    -1
 1749   2032  2037  2033    -1
 1750   2038  2041  2040    -1
 1751   2038  2043  2039    -1
 1752   2004  2023  2022    -1
 1753   2006  2029  2028    -1
 1754   2004  2013  2005    -1
 1755   2024  2037  2036    -1
 1756   2006  2019  2007    -1
 1757   2030  2043  2042    -1
 1758   2009  2016  2014    -1
 1759   2009  2018  2013    -1
 1760   2021  2028  2026    -1
 1761   2033  2040  2035    -1
 1762   2033  2042  2038    -1
 1763   2005  2018  2006    -1
 1764   2025  2042  2037    -1
 1765   2005  2028  2023    -1
 1766   2049  2046  2048    -1
 1767   2047  2050  2046    -1
 1768   2047  2052  2051    -1
 1769   2056  2053  2055    -1
 1770   2056  2057  2054    -1
 1771   2060  2063  2062    -1
 1772   2064  2061  2060    -1
 1773   2056  2044  2045    -1
 1774   2052  2061  2051    -1
 1775   2050  2045  2044    -1
 1776   2058  2065  2064    -1
 1777   2056  2065  2059    -1
 1778   2056  2045  2065    -1
 1779   2070  2073  2072    -1
 1780   2066  2071  2070    -1
 1781   2068  2073  2069    -1
 1782   2078  2081  2080    -1
 1783   2074  2079  2078    -1
 1784   2076  2081  2077    -1
 1785   2082  2085  2083    -1
 1786   2082  2087  2086    -1
 1787   2084  2089  2085    -1
 1788   2090  2093  2091    -1
 1789   2090  2095  2094    -1
 1790   2092  2097  2093    -1
 1791   2071  2080  2073    -1
 1792   2067  2078  2071    -1
 1793   2069  2080  2076    -1
 1794   2083  2092  2090    -1
 1795   2083  2094  2087    -1
 1796   2085  2096  2092    -1
 1797   2102  2105  2104    -1
 1798   2103  2098  2099    -1
 1799   2104  2101  2100    -1
 1800   2099  2105  2103    -1
 1801   2109  2106  2108    -1
 1802   2107  2110  2106    -1
 1803   2108  2113  2109    -1
 1804   2109  2111  2107    -1
 1805   2114  2117  2116    -1
 1806   2118  2121  2120    -1
 1807   2122  2125  2123    -1
 1808   2126  2129  2127    -1
 1809   2124  2131  2125    -1
 1810   2128  2133  2129    -1
 1811   2115  2120  2117    -1
 1812   2123  2128  2126    -1
 1813   2125  2132  2128    -1
 1814   2135  2136  2134    -1
 1815   2140  2139  2138    -1
 1816   2142  2141  2140    -1
 1817   1988  2067  2066    -1
 1818   1994  2075  2074    -1
 1819   1989  2074  2067    -1
 1820   2099  2000  2001    -1
 1821   2099  2001  2105    -1
 1822   2024  2117  2025    -1
 1823   2030  2121  2031    -1
 1824   2025  2120  2030    -1
 1825   2136  2059  2058    -1
 1826   2057  2137  2135    -1
 1827   1986  2021  1987    -1
 1828   1992  2027  1993    -1
 1829   1987  2026  1992    -1
 1830   2068  2115  2114    -1
 1831   2088  2123  2089    -1
 1832   2076  2119  2118    -1
 1833   2096  2127  2097    -1
 1834   2069  2118  2115    -1
 1835   2089  2126  2096    -1
 1836   2054  1998  2053    -1
 1837   1999  2057  2003    -1
 1838   2101  2134  2100    -1
 1839   2139  2112  2138    -1
 1840   1995  2002  2000    -1
 1841   1993  2002  1997    -1
 1842   2015  2048  2046    -1
 1843   2015  2050  2019    -1
 1844   2027  2055  2053    -1
 1845   2039  2062  2041    -1
 1846   2039  2064  2060    -1
 1847   2007  2050  2044    -1
 1848   2031  2064  2043    -1
 1849   2007  2055  2029    -1
 1850   2079  2104  2081    -1
 1851   2075  2102  2079    -1
 1852   2077  2104  2100    -1
 1853   2091  2108  2106    -1
 1854   2091  2110  2095    -1
 1855   2093  2112  2108    -1
 1856   2119  2136  2121    -1
 1857   2127  2140  2138    -1
 1858   2129  2142  2140    -1
 1859   1993  2053  1998    -1
 1860   2077  2134  2119    -1
 1861   2097  2138  2112    -1
 1862   1995  2098  2075    -1
 1863   2031  2136  2058    -1
 1864   2003  2135  2101    -1
 1865   2144  2147  2146    -1
 1866   2148  2151  2150    -1
 1867   2145  2150  2147    -1
 1868   2152  2155  2154    -1
 1869   2158  2161  2160    -1
 1870   2156  2159  2158    -1
 1871   2164  2167  2166    -1
 1872   2162  2165  2164    -1
 1873   2168  2171  2169    -1
 1874   2172  2175  2173    -1
 1875   2176  2179  2178    -1
 1876   2180  2183  2182    -1
 1877   2184  2187  2185    -1
 1878   2188  2191  2189    -1
 1879   2160  2177  2176    -1
 1880   2166  2181  2180    -1
 1881   2159  2166  2161    -1
 1882   2157  2164  2159    -1
 1883   2169  2174  2172    -1
 1884   2177  2182  2179    -1
 1885   2185  2190  2188    -1
 1886   2161  2180  2177    -1
 1887   2196  2197  2195    -1
 1888   2193  2195  2192    -1
 1889   2194  2196  2193    -1
 1890   2201  2200  2199    -1
 1891   2202  2203  2200    -1
 1892   2205  2208  2207    -1
 1893   2210  2214  2211    -1
 1894   2209  2214  2212    -1
 1895   2197  2206  2205    -1
 1896   2203  2211  2209    -1
 1897   2194  2203  2198    -1
 1898   2206  2212  2208    -1
 1899   2203  2206  2198    -1
 1900   2215  2218  2216    -1
 1901   2219  2222  2220    -1
 1902   2216  2221  2219    -1
 1903   2226  2223  2225    -1
 1904   2227  2230  2229    -1
 1905   2231  2234  2233    -1
 1906   2235  2238  2236    -1
 1907   2239  2242  2240    -1
 1908   2243  2246  2244    -1
 1909   2243  2248  2247    -1
 1910   2249  2252  2250    -1
 1911   2249  2254  2253    -1
 1912   2255  2258  2257    -1
 1913   2259  2262  2261    -1
 1914   2229  2246  2245    -1
 1915   2233  2252  2251    -1
 1916   2228  2233  2230    -1
 1917   2236  2241  2239    -1
 1918   2244  2251  2249    -1
 1919   2244  2253  2248    -1
 1920   2256  2261  2258    -1
 1921   2230  2251  2246    -1
 1922   2263  2266  2265    -1
 1923   2268  2272  2269    -1
 1924   2269  2270  2267    -1
 1925   2275  2274  2273    -1
 1926   2278  2273  2274    -1
 1927   2274  2279  2278    -1
 1928   2283  2284  2282    -1
 1929   2280  2285  2283    -1
 1930   2266  2275  2265    -1
 1931   2272  2280  2270    -1
 1932   2264  2270  2266    -1
 1933   2280  2279  2276    -1
 1934   2270  2276  2266    -1
 1935   2178  2228  2227    -1
 1936   2182  2232  2231    -1
 1937   2186  2236  2187    -1
 1938   2190  2240  2191    -1
 1939   2179  2231  2228    -1
 1940   2187  2239  2190    -1
 1941   2207  2264  2263    -1
 1942   2213  2269  2214    -1
 1943   2212  2269  2267    -1
 1944   2208  2267  2264    -1
 1945   2146  2157  2156    -1
 1946   2150  2163  2162    -1
 1947   2147  2162  2157    -1
 1948   2217  2248  2218    -1
 1949   2221  2254  2222    -1
 1950   2218  2253  2221    -1
 1951   2154  2193  2192    -1
 1952   2278  2225  2277    -1
 1953   2149  2154  2151    -1
 1954   2165  2197  2167    -1
 1955   2163  2195  2165    -1
 1956   2173  2201  2199    -1
 1957   2181  2207  2183    -1
 1958   2189  2213  2210    -1
 1959   2167  2205  2181    -1
 1960   2220  2225  2223    -1
 1961   2232  2265  2234    -1
 1962   2240  2271  2268    -1
 1963   2250  2275  2273    -1
 1964   2250  2277  2254    -1
 1965   2260  2284  2262    -1
 1966   2234  2275  2252    -1
 1967   2151  2192  2163    -1
 1968   2222  2277  2225    -1
 1969   2183  2263  2232    -1
 1970   2191  2268  2213    -1
 1971   2086  2145  2144    -1
 1972   2094  2149  2148    -1
 1973   2087  2148  2145    -1
 1974   2110  2153  2152    -1
 1975   2111  2155  2153    -1
 1976   2130  2169  2131    -1
 1977   2132  2173  2133    -1
 1978   2131  2172  2132    -1
 1979   2139  2194  2193    -1
 1980   2142  2200  2143    -1
 1981   2143  2194  2141    -1
 1982   2095  2152  2149    -1
 1983   2133  2199  2142    -1
 1984   2139  2155  2113    -1
 1985   1960  2011  2010    -1
 1986   1966  2017  2016    -1
 1987   1961  2016  2011    -1
 1988   1985  2048  1984    -1
 1989   1967  2048  2017    -1
 1990   1630  1693  1692    -1
 1991   1634  1699  1698    -1
 1992   1631  1698  1693    -1
 1993   1728  1651  1652    -1
 1994   1652  1729  1728    -1
 1995   1635  1727  1699    -1
 1996   2291  2288  2290    -1
 1997   2287  2290  2286    -1
 1998   2295  2292  2294    -1
 1999   2296  2299  2298    -1
 2000   2296  2294  2292    -1
 2001   2293  2286  2292    -1
 2002   2286  2354  2292    -1
 2003   2302  2305  2303    -1
 2004   2300  2305  2304    -1
 2005   2308  2311  2309    -1
 2006   2306  2311  2310    -1
 2007   2312  2315  2313    -1
 2008   2316  2319  2318    -1
 2009   2320  2323  2321    -1
 2010   2324  2327  2326    -1
 2011   2300  2313  2301    -1
 2012   2306  2321  2307    -1
 2013   2303  2310  2308    -1
 2014   2301  2310  2305    -1
 2015   2313  2322  2320    -1
 2016   2317  2326  2319    -1
 2017   2301  2320  2306    -1
 2018   2333  2330  2332    -1
 2019   2330  2329  2328    -1
 2020   2336  2339  2337    -1
 2021   2334  2337  2335    -1
 2022   2342  2345  2343    -1
 2023   2340  2343  2341    -1
 2024   2337  2344  2342    -1
 2025   2335  2342  2340    -1
 2026   2328  2295  2294    -1
 2027   2298  2328  2294    -1
 2028   2314  2335  2315    -1
 2029   2322  2341  2323    -1
 2030   2315  2340  2322    -1
 2031   2289  2304  2302    -1
 2032   2287  2304  2291    -1
 2033   2293  2314  2312    -1
 2034   2297  2318  2299    -1
 2035   2287  2312  2300    -1
 2036   2331  2338  2336    -1
 2037   2329  2336  2334    -1
 2038   2295  2334  2314    -1
 2039   2350  2353  2352    -1
 2040   2352  2349  2348    -1
 2041   2350  2352    79    -1
 2042   2358  2361  2359    -1
 2043   2350  2359  2351    -1
 2044   2348  2355  2354    -1
 2045   2368  2371  2370    -1
 2046   2366  2371  2367    -1
 2047   2376  2379  2378    -1
 2048   2374  2379  2375    -1
 2049   2388  2391  2389    -1
 2050   2392  2395  2393    -1
 2051   2368  2389  2369    -1
 2052   2376  2393  2377    -1
 2053   2366  2381  2380    -1
 2054   2374  2385  2384    -1
 2055   2369  2378  2371    -1
 2056   2367  2378  2374    -1
 2057   2389  2394  2392    -1
 2058   2367  2384  2381    -1
 2059   2369  2392  2376    -1
 2060   2405  2400  2401    -1
 2061   2406  2403  2402    -1
 2062   2404  2402  2400    -1
 2063   2413  2408  2409    -1
 2064   2410  2415  2411    -1
 2065   2414  2408  2412    -1
 2066   2409  2404  2405    -1
 2067   2406  2411  2407    -1
 2068   2410  2404  2408    -1
 2069   2416  2421  2420    -1
 2070   2418  2423  2419    -1
 2071   2424  2429  2428    -1
 2072   2426  2431  2427    -1
 2073   2432  2437  2436    -1
 2074   2434  2439  2435    -1
 2075   2440  2445  2444    -1
 2076   2442  2447  2443    -1
 2077   2420  2433  2432    -1
 2078   2422  2435  2423    -1
 2079   2428  2441  2440    -1
 2080   2430  2443  2431    -1
 2081   2417  2428  2421    -1
 2082   2419  2430  2426    -1
 2083   2433  2444  2437    -1
 2084   2435  2446  2442    -1
 2085   2421  2440  2433    -1
 2086   2423  2442  2430    -1
 2087   2450  2453  2451    -1
 2088   2454  2457  2455    -1
 2089   2452  2455  2453    -1
 2090   2462  2465  2463    -1
 2091   2466  2469  2467    -1
 2092   2470  2473  2471    -1
 2093   2474  2477  2475    -1
 2094   2464  2471  2465    -1
 2095   2468  2475  2469    -1
 2096   2463  2468  2466    -1
 2097   2471  2476  2474    -1
 2098   2465  2474  2468    -1
 2099   2478  2481  2480    -1
 2100   2482  2485  2483    -1
 2101   2486  2489  2488    -1
 2102   2490  2493  2492    -1
 2103   2494  2497  2495    -1
 2104   2498  2501  2499    -1
 2105   2487  2492  2489    -1
 2106   2495  2500  2498    -1
 2107   2449  2362  2363    -1
 2108   2396  2459  2458    -1
 2109   2398  2461  2460    -1
 2110   2397  2460  2459    -1
 2111   2414  2481  2415    -1
 2112   2480  2412  2478    -1
 2113   2438  2489  2439    -1
 2114   2446  2493  2447    -1
 2115   2439  2492  2446    -1
 2116   2357  2400  2356    -1
 2117   2412  2363  2362    -1
 2118   2448  2479  2478    -1
 2119   2456  2483  2457    -1
 2120   2382  2417  2416    -1
 2121   2396  2437  2397    -1
 2122   2386  2425  2424    -1
 2123   2398  2445  2399    -1
 2124   2383  2424  2417    -1
 2125   2397  2444  2398    -1
 2126   2458  2487  2486    -1
 2127   2472  2495  2473    -1
 2128   2460  2491  2490    -1
 2129   2476  2499  2477    -1
 2130   2459  2490  2487    -1
 2131   2473  2498  2476    -1
 2132   2351  2370  2353    -1
 2133   2349  2370  2366    -1
 2134   2359  2390  2388    -1
 2135   2349  2380  2355    -1
 2136   2351  2388  2368    -1
 2137   2401  2420  2405    -1
 2138   2403  2422  2418    -1
 2139   2409  2436  2413    -1
 2140   2411  2438  2434    -1
 2141   2405  2432  2409    -1
 2142   2407  2434  2422    -1
 2143   2451  2464  2462    -1
 2144   2455  2472  2470    -1
 2145   2453  2470  2464    -1
 2146   2479  2488  2481    -1
 2147   2483  2496  2494    -1
 2148   2357  2416  2401    -1
 2149   2363  2436  2396    -1
 2150   2449  2486  2479    -1
 2151   2457  2494  2472    -1
 2152   2363  2458  2449    -1
 2153   2415  2488  2438    -1
 2154   2478  2362  2448    -1
 2155   2347  2288  2289    -1
 2156   2348  2288  2346    -1
 2157   2296  2355  2297    -1
 2158   2357  2298  2299    -1
 2159   2354  2290  2348    -1
 2160   2302  2365  2364    -1
 2161   2308  2373  2372    -1
 2162   2316  2381  2317    -1
 2163   2318  2383  2382    -1
 2164   2324  2385  2325    -1
 2165   2326  2387  2386    -1
 2166   2303  2372  2365    -1
 2167   2317  2384  2324    -1
 2168   2319  2386  2383    -1
 2169   2402  2333  2332    -1
 2170   2400  2332  2330    -1
 2171   2338  2419  2339    -1
 2172   2344  2427  2345    -1
 2173   2339  2426  2344    -1
 2174   2289  2364  2347    -1
 2175   2297  2380  2316    -1
 2176   2299  2382  2357    -1
 2177   2333  2418  2338    -1
 2178   2298  2356  2328    -1
 2179   2502  2505  2504    -1
 2180   2506  2509  2508    -1
 2181   2513  2510  2512    -1
 2182   2517  2514  2516    -1
 2183   2504  2507  2506    -1
 2184   2515  2512  2514    -1
 2185   2518  2521  2520    -1
 2186   2522  2525  2524    -1
 2187   2526  2529  2528    -1
 2188   2530  2533  2532    -1
 2189   2534  2537  2535    -1
 2190   2538  2541  2539    -1
 2191   2542  2545  2543    -1
 2192   2546  2549  2547    -1
 2193   2520  2527  2526    -1
 2194   2536  2543  2537    -1
 2195   2524  2531  2530    -1
 2196   2540  2547  2541    -1
 2197   2519  2524  2521    -1
 2198   2527  2532  2529    -1
 2199   2535  2540  2538    -1
 2200   2543  2548  2546    -1
 2201   2521  2530  2527    -1
 2202   2537  2546  2540    -1
 2203   2550  2553  2552    -1
 2204   2554  2557  2556    -1
 2205   2558  2561  2560    -1
 2206   2555  2560  2557    -1
 2207   2562  2565  2564    -1
 2208   2567  2564  2565    -1
 2209   2572  2573  2571    -1
 2210   2571  2569  2568    -1
 2211   2578  2575  2576    -1
 2212   2576  2573  2574    -1
 2213   2567  2571  2566    -1
 2214   2566  2568  2564    -1
 2215   2579  2582  2581    -1
 2216   2581  2584  2583    -1
 2217   2585  2588  2587    -1
 2218   2587  2590  2589    -1
 2219   2593  2596  2595    -1
 2220   2599  2602  2601    -1
 2221   2603  2606  2605    -1
 2222   2607  2610  2609    -1
 2223   2595  2604  2603    -1
 2224   2601  2608  2607    -1
 2225   2583  2594  2593    -1
 2226   2589  2600  2599    -1
 2227   2580  2587  2582    -1
 2228   2582  2589  2584    -1
 2229   2594  2601  2596    -1
 2230   2604  2609  2606    -1
 2231   2584  2599  2594    -1
 2232   2596  2607  2604    -1
 2233   2616  2613  2615    -1
 2234   2611  2614  2612    -1
 2235   2622  2619  2618    -1
 2236   2622  2617  2620    -1
 2237   2618  2616  2615    -1
 2238   2617  2615  2613    -1
 2239   2626  2629  2627    -1
 2240   2624  2627  2625    -1
 2241   2632  2635  2633    -1
 2242   2630  2633  2631    -1
 2243   2636  2641  2637    -1
 2244   2642  2647  2643    -1
 2245   2628  2637  2629    -1
 2246   2634  2643  2635    -1
 2247   2627  2634  2632    -1
 2248   2625  2632  2630    -1
 2249   2637  2646  2642    -1
 2250   2629  2642  2634    -1
 2251   2562  2512  2510    -1
 2252   2569  2517  2516    -1
 2253   2568  2516  2514    -1
 2254   2568  2512  2564    -1
 2255   2544  2592  2545    -1
 2256   2548  2598  2549    -1
 2257   2545  2597  2548    -1
 2258   2508  2551  2550    -1
 2259   2612  2569  2611    -1
 2260   2573  2611  2569    -1
 2261   2578  2620  2577    -1
 2262   2577  2617  2575    -1
 2263   2575  2613  2573    -1
 2264   2528  2555  2554    -1
 2265   2532  2559  2558    -1
 2266   2529  2558  2555    -1
 2267   2591  2625  2592    -1
 2268   2605  2639  2638    -1
 2269   2597  2631  2598    -1
 2270   2609  2645  2644    -1
 2271   2592  2630  2597    -1
 2272   2606  2644  2639    -1
 2273   2503  2520  2505    -1
 2274   2507  2528  2509    -1
 2275   2511  2536  2534    -1
 2276   2515  2544  2542    -1
 2277   2505  2526  2507    -1
 2278   2513  2542  2536    -1
 2279   2551  2556  2553    -1
 2280   2563  2581  2565    -1
 2281   2565  2583  2567    -1
 2282   2572  2595  2574    -1
 2283   2576  2605  2578    -1
 2284   2567  2593  2572    -1
 2285   2574  2603  2576    -1
 2286   2614  2628  2626    -1
 2287   2612  2626  2624    -1
 2288   2619  2640  2636    -1
 2289   2616  2636  2628    -1
 2290   2509  2554  2551    -1
 2291   2570  2624  2591    -1
 2292   2578  2638  2621    -1
 2293   2517  2591  2544    -1
 2294   2659  2654  2655    -1
 2295   2660  2657  2656    -1
 2296   2658  2656  2654    -1
 2297   2663  2666  2662    -1
 2298   2664  2669  2665    -1
 2299   2668  2662  2666    -1
 2300   2659  2662  2658    -1
 2301   2660  2665  2661    -1
 2302   2664  2658  2662    -1
 2303   2670  2675  2674    -1
 2304   2672  2677  2673    -1
 2305   2678  2683  2682    -1
 2306   2680  2685  2681    -1
 2307   2686  2691  2690    -1
 2308   2688  2693  2689    -1
 2309   2694  2699  2698    -1
 2310   2696  2701  2697    -1
 2311   2674  2687  2686    -1
 2312   2676  2689  2677    -1
 2313   2682  2695  2694    -1
 2314   2684  2697  2685    -1
 2315   2671  2682  2675    -1
 2316   2673  2684  2680    -1
 2317   2687  2698  2691    -1
 2318   2689  2700  2696    -1
 2319   2675  2694  2687    -1
 2320   2677  2696  2684    -1
 2321   2703  2704  2702    -1
 2322   2708  2707  2706    -1
 2323   2710  2713  2712    -1
 2324   2714  2717  2716    -1
 2325   2718  2721  2719    -1
 2326   2722  2725  2723    -1
 2327   2711  2716  2713    -1
 2328   2719  2724  2722    -1
 2329   2729  2732  2731    -1
 2330   2727  2732  2728    -1
 2331   2731  2726  2729    -1
 2332   2735  2738  2737    -1
 2333   2733  2738  2734    -1
 2334   2741  2744  2743    -1
 2335   2739  2744  2740    -1
 2336   2736  2743  2738    -1
 2337   2734  2743  2739    -1
 2338   2649  2702  2648    -1
 2339   2650  2711  2710    -1
 2340   2652  2715  2714    -1
 2341   2651  2714  2711    -1
 2342   2668  2728  2669    -1
 2343   2726  2668  2666    -1
 2344   2692  2734  2693    -1
 2345   2700  2740  2701    -1
 2346   2693  2739  2700    -1
 2347   2666  2649  2648    -1
 2348   2704  2730  2729    -1
 2349   2704  2726  2702    -1
 2350   2650  2691  2651    -1
 2351   2652  2699  2653    -1
 2352   2651  2698  2652    -1
 2353   2712  2736  2735    -1
 2354   2716  2742  2741    -1
 2355   2713  2741  2736    -1
 2356   2655  2674  2659    -1
 2357   2657  2676  2672    -1
 2358   2663  2690  2667    -1
 2359   2665  2692  2688    -1
 2360   2659  2686  2663    -1
 2361   2661  2688  2676    -1
 2362   2703  2712  2705    -1
 2363   2707  2720  2718    -1
 2364   2730  2737  2732    -1
 2365   2728  2737  2733    -1
 2366   2649  2690  2650    -1
 2367   2705  2735  2730    -1
 2368   2649  2710  2703    -1
 2369   2669  2733  2692    -1
 2370   2726  2648  2702    -1
 2371   2655  2620  2621    -1
 2372   2656  2623  2622    -1
 2373   2654  2622  2620    -1
 2374   2638  2671  2670    -1
 2375   2640  2673  2641    -1
 2376   2644  2679  2678    -1
 2377   2646  2681  2647    -1
 2378   2639  2678  2671    -1
 2379   2641  2680  2646    -1
 2380   2621  2670  2655    -1
 2381   2623  2672  2640    -1
 2382   2450  2504  2452    -1
 2383   2454  2508  2456    -1
 2384   2452  2506  2454    -1
 2385   2484  2553  2485    -1
 2386   2482  2552  2484    -1
 2387   2496  2557  2497    -1
 2388   2500  2561  2501    -1
 2389   2497  2560  2500    -1
 2390   2485  2556  2496    -1
 2391   2456  2550  2482    -1
 2392   2749  2750  2748    -1
 2393   2750  2745  2748    -1
 2394   2755  2752  2754    -1
 2395   2757  2755  2754    -1
 2396   2756  2754  2752    -1
 2397   2762  2763  2761    -1
 2398   2766  2763  2764    -1
 2399   2760  2750  2751    -1
 2400   2761  2757  2756    -1
 2401   2753  2746  2752    -1
 2402   2756  2746  2750    -1
 2403   2760  2761  2759    -1
 2404   2759  2756  2750    -1
 2405   2769  2772  2771    -1
 2406   2775  2778  2777    -1
 2407   2779  2782  2780    -1
 2408   2781  2784  2782    -1
 2409   2785  2788  2786    -1
 2410   2787  2790  2788    -1
 2411   2795  2798  2797    -1
 2412   2797  2800  2799    -1
 2413   2801  2804  2803    -1
 2414   2803  2806  2805    -1
 2415   2771  2792  2791    -1
 2416   2777  2794  2793    -1
 2417   2767  2780  2768    -1
 2418   2791  2796  2795    -1
 2419   2773  2786  2774    -1
 2420   2793  2802  2801    -1
 2421   2770  2777  2772    -1
 2422   2780  2787  2785    -1
 2423   2782  2789  2787    -1
 2424   2796  2803  2798    -1
 2425   2798  2805  2800    -1
 2426   2768  2785  2773    -1
 2427   2792  2801  2796    -1
 2428   2772  2793  2792    -1
 2429   2812  2809  2811    -1
 2430   2814  2812  2811    -1
 2431   2813  2811  2809    -1
 2432   2807  2810  2808    -1
 2433   2820  2823  2821    -1
 2434   2822  2825  2823    -1
 2435   2826  2829  2827    -1
 2436   2828  2831  2829    -1
 2437   2816  2821  2817    -1
 2438   2818  2827  2819    -1
 2439   2821  2828  2826    -1
 2440   2823  2830  2828    -1
 2441   2817  2826  2818    -1
 2442   2843  2838  2839    -1
 2443   2844  2841  2840    -1
 2444   2842  2840  2838    -1
 2445   2847  2850  2846    -1
 2446   2848  2853  2849    -1
 2447   2852  2846  2850    -1
 2448   2847  2842  2843    -1
 2449   2848  2845  2844    -1
 2450   2846  2844  2842    -1
 2451   2854  2859  2858    -1
 2452   2856  2861  2857    -1
 2453   2862  2867  2866    -1
 2454   2864  2869  2865    -1
 2455   2870  2875  2874    -1
 2456   2872  2877  2873    -1
 2457   2878  2883  2882    -1
 2458   2880  2885  2881    -1
 2459   2858  2871  2870    -1
 2460   2860  2873  2861    -1
 2461   2866  2879  2878    -1
 2462   2868  2881  2869    -1
 2463   2855  2866  2859    -1
 2464   2857  2868  2864    -1
 2465   2871  2882  2875    -1
 2466   2873  2884  2880    -1
 2467   2859  2878  2871    -1
 2468   2861  2880  2868    -1
 2469   2833  2765  2766    -1
 2470   2799  2835  2834    -1
 2471   2805  2837  2836    -1
 2472   2800  2836  2835    -1
 2473   2840  2815  2814    -1
 2474   2840  2813  2838    -1
 2475   2824  2857  2825    -1
 2476   2830  2865  2831    -1
 2477   2825  2864  2830    -1
 2478   2807  2758  2757    -1
 2479   2765  2809  2763    -1
 2480   2763  2807  2757    -1
 2481   2833  2838  2832    -1
 2482   2783  2817  2784    -1
 2483   2789  2819  2790    -1
 2484   2784  2818  2789    -1
 2485   2834  2855  2854    -1
 2486   2836  2863  2862    -1
 2487   2835  2862  2855    -1
 2488   2749  2771  2751    -1
 2489   2753  2781  2779    -1
 2490   2755  2783  2781    -1
 2491   2762  2797  2764    -1
 2492   2764  2799  2766    -1
 2493   2747  2779  2767    -1
 2494   2760  2795  2762    -1
 2495   2751  2791  2760    -1
 2496   2810  2822  2820    -1
 2497   2812  2824  2822    -1
 2498   2808  2820  2816    -1
 2499   2839  2858  2843    -1
 2500   2841  2860  2856    -1
 2501   2847  2874  2851    -1
 2502   2849  2876  2872    -1
 2503   2843  2870  2847    -1
 2504   2845  2872  2860    -1
 2505   2758  2816  2783    -1
 2506   2833  2854  2839    -1
 2507   2766  2834  2833    -1
 2508   2815  2856  2824    -1
 2509   2832  2813  2765    -1
 2510   2887  2888  2886    -1
 2511   2889  2890  2888    -1
 2512   2892  2895  2894    -1
 2513   2896  2899  2898    -1
 2514   2894  2901  2900    -1
 2515   2898  2903  2902    -1
 2516   2893  2898  2895    -1
 2517   2895  2902  2901    -1
 2518   2906  2910  2907    -1
 2519   2908  2906  2904    -1
 2520   2911  2914  2913    -1
 2521   2909  2914  2910    -1
 2522   2913  2908  2911    -1
 2523   2917  2920  2918    -1
 2524   2923  2926  2924    -1
 2525   2927  2930  2929    -1
 2526   2931  2934  2933    -1
 2527   2919  2930  2920    -1
 2528   2925  2934  2926    -1
 2529   2918  2925  2923    -1
 2530   2928  2933  2930    -1
 2531   2920  2933  2925    -1
 2532   2935  2938  2936    -1
 2533   2939  2942  2940    -1
 2534   2943  2946  2945    -1
 2535   2947  2944  2943    -1
 2536   2949  2952  2951    -1
 2537   2943  2937  2935    -1
 2538   2939  2951  2941    -1
 2539   2937  2940  2938    -1
 2540   2945  2950  2949    -1
 2541   2937  2949  2939    -1
 2542   2953  2956  2954    -1
 2543   2957  2960  2958    -1
 2544   2961  2964  2962    -1
 2545   2965  2968  2966    -1
 2546   2969  2972  2971    -1
 2547   2969  2974  2970    -1
 2548   2975  2978  2977    -1
 2549   2975  2980  2976    -1
 2550   2981  2984  2983    -1
 2551   2985  2988  2987    -1
 2552   2955  2962  2956    -1
 2553   2971  2982  2981    -1
 2554   2959  2966  2960    -1
 2555   2977  2986  2985    -1
 2556   2954  2959  2957    -1
 2557   2962  2967  2965    -1
 2558   2970  2977  2972    -1
 2559   2970  2979  2975    -1
 2560   2982  2987  2984    -1
 2561   2956  2965  2959    -1
 2562   2972  2985  2982    -1
 2563   2989  2992  2990    -1
 2564   2994  2997  2993    -1
 2565   2995  3000  2996    -1
 2566   2999  2993  2997    -1
 2567   2991  2996  2992    -1
 2568   2995  2989  2993    -1
 2569   3001  3004  3002    -1
 2570   3005  3008  3006    -1
 2571   3009  3014  3013    -1
 2572   3011  3016  3012    -1
 2573   3017  3022  3021    -1
 2574   3019  3024  3020    -1
 2575   3003  3012  3004    -1
 2576   3007  3020  3008    -1
 2577   3002  3007  3005    -1
 2578   3010  3021  3014    -1
 2579   3012  3023  3019    -1
 2580   3004  3019  3007    -1
 2581   2904  2887  2886    -1
 2582   2908  2886  2888    -1
 2583   2890  2912  2911    -1
 2584   2890  2908  2888    -1
 2585   2941  2990  2942    -1
 2586   2952  2993  2951    -1
 2587   2993  2941  2951    -1
 2588   2892  2916  2893    -1
 2589   2900  2928  2927    -1
 2590   2896  2922  2897    -1
 2591   2902  2932  2931    -1
 2592   2893  2921  2896    -1
 2593   2901  2931  2928    -1
 2594   2963  3002  2964    -1
 2595   2983  3010  3009    -1
 2596   2967  3006  2968    -1
 2597   2987  3018  3017    -1
 2598   2964  3005  2967    -1
 2599   2984  3017  3010    -1
 2600   2887  2894  2889    -1
 2601   2889  2900  2891    -1
 2602   2907  2919  2917    -1
 2603   2912  2929  2914    -1
 2604   2910  2929  2919    -1
 2605   2936  2955  2953    -1
 2606   2940  2963  2961    -1
 2607   2944  2971  2946    -1
 2608   2944  2973  2969    -1
 2609   2950  2983  2952    -1
 2610   2938  2961  2955    -1
 2611   2946  2981  2950    -1
 2612   2990  3003  3001    -1
 2613   2994  3013  2998    -1
 2614   2996  3015  3011    -1
 2615   2992  3011  3003    -1
 2616   2887  2915  2892    -1
 2617   2891  2927  2912    -1
 2618   2942  3001  2963    -1
 2619   2952  3009  2994    -1
 2620   2905  2850  2851    -1
 2621   2852  2907  2853    -1
 2622   2906  2850  2904    -1
 2623   2874  2916  2915    -1
 2624   2876  2918  2877    -1
 2625   2882  2922  2921    -1
 2626   2884  2924  2885    -1
 2627   2875  2921  2916    -1
 2628   2877  2923  2884    -1
 2629   2851  2915  2905    -1
 2630   2853  2917  2876    -1
 2631   3030  3027  3029    -1
 2632   3027  3026  3025    -1
 2633   3037  3040  3039    -1
 2634   3038  3033  3034    -1
 2635   3033  3037  3029    -1
 2636   3044  3041  3043    -1
 2637   3045  3048  3047    -1
 2638   3047  3041  3045    -1
 2639   3035  3030  3029    -1
 2640    879  3033  3029    -1
 2641   3032  3043  3031    -1
 2642   3041  3036  3035    -1
 2643   3040  3045  3039    -1
 2644   3039  3041  3035    -1
 2645   3051  3054  3052    -1
 2646   3049  3052  3050    -1
 2647   3057  3060  3058    -1
 2648   3055  3058  3056    -1
 2649   3069  3072  3071    -1
 2650   3065  3070  3069    -1
 2651   3077  3080  3079    -1
 2652   3073  3078  3077    -1
 2653   3081  3084  3082    -1
 2654   3085  3088  3087    -1
 2655   3089  3092  3090    -1
 2656   3093  3096  3095    -1
 2657   3053  3068  3054    -1
 2658   3059  3076  3060    -1
 2659   3061  3084  3083    -1
 2660   3063  3092  3091    -1
 2661   3067  3082  3068    -1
 2662   3071  3086  3085    -1
 2663   3075  3090  3076    -1
 2664   3079  3094  3093    -1
 2665   3052  3059  3057    -1
 2666   3050  3057  3055    -1
 2667   3070  3079  3072    -1
 2668   3066  3077  3070    -1
 2669   3082  3091  3089    -1
 2670   3086  3095  3088    -1
 2671   3068  3089  3075    -1
 2672   3072  3093  3086    -1
 2673   3054  3075  3059    -1
 2674   3062  3091  3084    -1
 2675   3102  3097  3098    -1
 2676   3099  3104  3100    -1
 2677   3103  3097  3101    -1
 2678   3105  3108  3107    -1
 2679   3105  3110  3106    -1
 2680   3107  3104  3103    -1
 2681   3105  3107  3031    -1
 2682   3111  3116  3115    -1
 2683   3113  3118  3114    -1
 2684   3119  3124  3123    -1
 2685   3121  3126  3122    -1
 2686   3127  3130  3129    -1
 2687   3127  3132  3128    -1
 2688   3133  3136  3135    -1
 2689   3133  3138  3134    -1
 2690   3117  3130  3118    -1
 2691   3125  3136  3126    -1
 2692   3112  3123  3116    -1
 2693   3114  3125  3121    -1
 2694   3128  3135  3130    -1
 2695   3128  3137  3133    -1
 2696   3118  3135  3125    -1
 2697   3101  3032  3031    -1
 2698   3047  3110  3109    -1
 2699   3109  3043  3047    -1
 2700   3109  3105  3031    -1
 2701   3061  3116  3062    -1
 2702   3087  3132  3131    -1
 2703   3063  3124  3064    -1
 2704   3095  3138  3137    -1
 2705   3062  3123  3063    -1
 2706   3088  3137  3132    -1
 2707   3028  3053  3051    -1
 2708   3026  3051  3049    -1
 2709   3038  3071  3040    -1
 2710   3034  3069  3038    -1
 2711   3042  3083  3081    -1
 2712   3046  3087  3048    -1
 2713   3036  3081  3067    -1
 2714   3040  3085  3046    -1
 2715   3030  3067  3053    -1
 2716   3032  3083  3044    -1
 2717   3098  3115  3102    -1
 2718   3100  3117  3113    -1
 2719   3106  3129  3108    -1
 2720   3106  3131  3127    -1
 2721   3104  3129  3117    -1
 2722   3032  3115  3061    -1
 2723   3048  3131  3110    -1
 2724   3144  3141  3143    -1
 2725   3141  3140  3139    -1
 2726   3147  3150  3149    -1
 2727   3152  3149  3150    -1
 2728   3155  3154  3153    -1
 2729   3158  3159  3157    -1
 2730   3157  3155  3153    -1
 2731   3147  3143  3141    -1
 2732   3153  3146  3145    -1
 2733   3146  3143  3145    -1
 2734   3152  3157  3151    -1
 2735   3149  3151  3145    -1
 2736   3149  3145  3143    -1
 2737   3163  3166  3164    -1
 2738   3161  3164  3162    -1
 2739   3169  3172  3170    -1
 2740   3167  3170  3168    -1
 2741   3177  3180  3179    -1
 2742   3179  3182  3181    -1
 2743   3183  3186  3185    -1
 2744   3185  3188  3187    -1
 2745   3189  3192  3190    -1
 2746   3193  3196  3195    -1
 2747   3197  3200  3198    -1
 2748   3201  3204  3203    -1
 2749   3173  3190  3174    -1
 2750   3175  3198  3176    -1
 2751   3165  3174  3166    -1
 2752   3181  3194  3193    -1
 2753   3171  3176  3172    -1
 2754   3187  3202  3201    -1
 2755   3164  3171  3169    -1
 2756   3162  3169  3167    -1
 2757   3178  3185  3180    -1
 2758   3180  3187  3182    -1
 2759   3190  3199  3197    -1
 2760   3194  3203  3196    -1
 2761   3166  3175  3171    -1
 2762   3182  3201  3194    -1
 2763   3174  3197  3175    -1
 2764   3208  3205  3207    -1
 2765   3210  3208  3207    -1
 2766   3209  3207  3205    -1
 2767   3212  3215  3213    -1
 2768   3214  3217  3215    -1
 2769   3218  3221  3219    -1
 2770   3220  3223  3221    -1
 2771   3213  3220  3218    -1
 2772   3215  3222  3220    -1
 2773   3226  3225  3224    -1
 2774   3225  3228  3224    -1
 2775   3230  3224  3228    -1
 2776   3234  3231  3233    -1
 2777   3235  3238  3237    -1
 2778   3237  3231  3235    -1
 2779   3239  3242  3241    -1
 2780   3239  3244  3240    -1
 2781   3239  3230  3228    -1
 2782   3235  3246  3236    -1
 2783   3231  3227  3226    -1
 2784   3230  3231  3226    -1
 2785   3241  3246  3245    -1
 2786   3245  3230  3241    -1
 2787   3247  3250  3248    -1
 2788   3247  3252  3251    -1
 2789   3253  3256  3254    -1
 2790   3253  3258  3257    -1
 2791   3259  3262  3260    -1
 2792   3263  3266  3265    -1
 2793   3267  3270  3268    -1
 2794   3271  3274  3273    -1
 2795   3275  3278  3277    -1
 2796   3275  3280  3276    -1
 2797   3281  3284  3283    -1
 2798   3281  3286  3282    -1
 2799   3263  3288  3264    -1
 2800   3271  3290  3272    -1
 2801   3249  3260  3250    -1
 2802   3277  3288  3287    -1
 2803   3255  3268  3256    -1
 2804   3283  3290  3289    -1
 2805   3248  3255  3253    -1
 2806   3248  3257  3252    -1
 2807   3260  3269  3267    -1
 2808   3264  3273  3266    -1
 2809   3276  3283  3278    -1
 2810   3276  3285  3281    -1
 2811   3250  3267  3255    -1
 2812   3278  3289  3288    -1
 2813   3264  3289  3271    -1
 2814   3292  3293  3291    -1
 2815   3291  3296  3292    -1
 2816   3297  3300  3299    -1
 2817   3297  3302  3298    -1
 2818   3303  3306  3305    -1
 2819   3303  3308  3304    -1
 2820   3298  3305  3300    -1
 2821   3298  3307  3303    -1
 2822   3160  3233  3159    -1
 2823   3195  3262  3261    -1
 2824   3203  3270  3269    -1
 2825   3196  3269  3262    -1
 2826   3210  3294  3211    -1
 2827   3293  3209  3291    -1
 2828   3216  3300  3217    -1
 2829   3222  3306  3223    -1
 2830   3217  3305  3222    -1
 2831   3206  3155  3205    -1
 2832   3209  3155  3159    -1
 2833   3237  3296  3295    -1
 2834   3237  3159  3233    -1
 2835   3191  3213  3192    -1
 2836   3199  3219  3200    -1
 2837   3192  3218  3199    -1
 2838   3265  3302  3301    -1
 2839   3273  3308  3307    -1
 2840   3266  3307  3302    -1
 2841   3142  3165  3163    -1
 2842   3140  3163  3161    -1
 2843   3148  3179  3150    -1
 2844   3150  3181  3152    -1
 2845   3154  3191  3189    -1
 2846   3158  3195  3160    -1
 2847   3144  3173  3165    -1
 2848   3152  3193  3158    -1
 2849   3146  3189  3173    -1
 2850   3206  3214  3212    -1
 2851   3208  3216  3214    -1
 2852   3225  3249  3247    -1
 2853   3225  3251  3229    -1
 2854   3232  3261  3259    -1
 2855   3236  3265  3238    -1
 2856   3240  3277  3242    -1
 2857   3240  3279  3275    -1
 2858   3227  3259  3249    -1
 2859   3242  3287  3246    -1
 2860   3236  3287  3263    -1
 2861   3292  3299  3294    -1
 2862   3292  3301  3297    -1
 2863   3156  3212  3191    -1
 2864   3238  3301  3296    -1
 2865   3160  3261  3234    -1
 2866   3211  3299  3216    -1
 2867   3159  3295  3209    -1
 2868   3025  2948  2947    -1
 2869   2973  3050  2974    -1
 2870   2979  3056  2980    -1
 2871   2974  3055  2979    -1
 2872   2998  3097  2997    -1
 2873   2999  3100  3000    -1
 2874   3097  2999  2997    -1
 2875   3013  3112  3111    -1
 2876   3015  3114  3016    -1
 2877   3021  3120  3119    -1
 2878   3023  3122  3024    -1
 2879   3014  3119  3112    -1
 2880   3016  3121  3023    -1
 2881   2948  3049  2973    -1
 2882   2998  3111  3098    -1
 2883   3000  3113  3015    -1
 2884   2746  2709  2708    -1
 2885   2745  2708  2706    -1
 2886   2720  2768  2721    -1
 2887   2724  2774  2725    -1
 2888   2721  2773  2724    -1
 2889   2709  2767  2720    -1
 2890   3311  3314  3312    -1
 2891   3309  3314  3313    -1
 2892   3317  3320  3318    -1
 2893   3315  3320  3319    -1
 2894   3321  3324  3322    -1
 2895   3325  3328  3327    -1
 2896   3329  3332  3330    -1
 2897   3333  3336  3335    -1
 2898   3309  3322  3310    -1
 2899   3315  3330  3316    -1
 2900   3312  3319  3317    -1
 2901   3310  3319  3314    -1
 2902   3322  3331  3329    -1
 2903   3326  3335  3328    -1
 2904   3310  3329  3315    -1
 2905   3341  3340  3339    -1
 2906   3342  3337  3338    -1
 2907   3345  3344  3343    -1
 2908   3348  3349  3347    -1
 2909   3346  3348  3344    -1
 2910   3343  3338  3337    -1
 2911   3342  3338  3414    -1
 2912   3353  3356  3354    -1
 2913   3351  3354  3352    -1
 2914   3359  3362  3360    -1
 2915   3357  3360  3358    -1
 2916   3354  3361  3359    -1
 2917   3352  3359  3357    -1
 2918   3367  3366  3365    -1
 2919   3363  3366  3364    -1
 2920   3323  3352  3324    -1
 2921   3331  3358  3332    -1
 2922   3324  3357  3331    -1
 2923   3364  3345  3363    -1
 2924   3364  3350  3346    -1
 2925   3318  3341  3339    -1
 2926   3316  3341  3320    -1
 2927   3330  3345  3343    -1
 2928   3334  3349  3336    -1
 2929   3316  3343  3337    -1
 2930   3360  3367  3365    -1
 2931   3358  3365  3363    -1
 2932   3332  3363  3345    -1
 2933   3373  3376  3375    -1
 2934   3371  3376  3372    -1
 2935   3381  3384  3383    -1
 2936   3379  3384  3380    -1
 2937   3393  3396  3394    -1
 2938   3397  3400  3398    -1
 2939   3373  3394  3374    -1
 2940   3381  3398  3382    -1
 2941   3371  3386  3385    -1
 2942   3379  3390  3389    -1
 2943   3374  3383  3376    -1
 2944   3372  3383  3379    -1
 2945   3394  3399  3397    -1
 2946   3372  3389  3386    -1
 2947   3374  3397  3381    -1
 2948   3410  3411  3409    -1
 2949   3407  3412  3408    -1
 2950   1259  3406  3412    -1
 2951   3419  3418  3417    -1
 2952   3417  3410  3409    -1
 2953   3408  3413  3407    -1
 2954   3423  3428  3427    -1
 2955   3425  3430  3426    -1
 2956   3431  3436  3435    -1
 2957   3433  3438  3434    -1
 2958   3439  3444  3443    -1
 2959   3441  3446  3442    -1
 2960   3447  3452  3451    -1
 2961   3449  3454  3450    -1
 2962   3427  3440  3439    -1
 2963   3429  3442  3430    -1
 2964   3435  3448  3447    -1
 2965   3437  3450  3438    -1
 2966   3424  3435  3428    -1
 2967   3426  3437  3433    -1
 2968   3440  3451  3444    -1
 2969   3442  3453  3449    -1
 2970   3428  3447  3440    -1
 2971   3430  3449  3437    -1
 2972   3456  3459  3455    -1
 2973   3457  3462  3458    -1
 2974   3458  3460  3456    -1
 2975   3464  3467  3463    -1
 2976   3469  3466  3465    -1
 2977   3464  3470  3468    -1
 2978   3460  3463  3459    -1
 2979   3465  3462  3461    -1
 2980   3460  3466  3464    -1
 2981   3475  3478  3476    -1
 2982   3479  3482  3480    -1
 2983   3483  3486  3484    -1
 2984   3487  3490  3488    -1
 2985   3477  3484  3478    -1
 2986   3481  3488  3482    -1
 2987   3476  3481  3479    -1
 2988   3484  3489  3487    -1
 2989   3478  3487  3481    -1
 2990   3493  3496  3494    -1
 2991   3497  3500  3498    -1
 2992   3495  3498  3496    -1
 2993   3501  3504  3503    -1
 2994   3505  3508  3507    -1
 2995   3509  3512  3510    -1
 2996   3513  3516  3514    -1
 2997   3502  3507  3504    -1
 2998   3510  3515  3513    -1
 2999   3518  3519  3517    -1
 3000   3521  3524  3522    -1
 3001   3401  3472  3471    -1
 3002   3403  3474  3473    -1
 3003   3402  3473  3472    -1
 3004   3422  3491  3421    -1
 3005   3445  3504  3446    -1
 3006   3453  3508  3454    -1
 3007   3446  3507  3453    -1
 3008   3519  3470  3469    -1
 3009   3468  3520  3518    -1
 3010   3387  3424  3423    -1
 3011   3401  3444  3402    -1
 3012   3391  3432  3431    -1
 3013   3403  3452  3404    -1
 3014   3388  3431  3424    -1
 3015   3402  3451  3403    -1
 3016   3471  3502  3501    -1
 3017   3485  3510  3486    -1
 3018   3473  3506  3505    -1
 3019   3489  3514  3490    -1
 3020   3472  3505  3502    -1
 3021   3486  3513  3489    -1
 3022   3415  3456  3455    -1
 3023   3468  3421  3467    -1
 3024   3492  3517  3491    -1
 3025   3499  3522  3500    -1
 3026   3382  3411  3384    -1
 3027   3380  3411  3407    -1
 3028   3398  3419  3417    -1
 3029   3380  3413  3390    -1
 3030   3382  3417  3409    -1
 3031   3432  3459  3436    -1
 3032   3434  3461  3457    -1
 3033   3448  3467  3452    -1
 3034   3450  3469  3465    -1
 3035   3436  3463  3448    -1
 3036   3438  3465  3461    -1
 3037   3480  3495  3493    -1
 3038   3488  3499  3497    -1
 3039   3482  3497  3495    -1
 3040   3506  3519  3508    -1
 3041   3514  3523  3521    -1
 3042   3392  3455  3432    -1
 3043   3404  3467  3421    -1
 3044   3474  3517  3506    -1
 3045   3490  3521  3499    -1
 3046   3404  3491  3474    -1
 3047   3454  3519  3469    -1
 3048   3422  3518  3492    -1
 3049   3311  3370  3369    -1
 3050   3317  3378  3377    -1
 3051   3325  3386  3326    -1
 3052   3327  3388  3387    -1
 3053   3333  3390  3334    -1
 3054   3335  3392  3391    -1
 3055   3312  3377  3370    -1
 3056   3326  3389  3333    -1
 3057   3328  3391  3388    -1
 3058   3340  3405  3339    -1
 3059   3340  3408  3406    -1
 3060   3413  3348  3347    -1
 3061   3350  3415  3349    -1
 3062   3342  3414  3408    -1
 3063   3355  3426  3356    -1
 3064   3361  3434  3362    -1
 3065   3356  3433  3361    -1
 3066   3367  3458  3368    -1
 3067   3368  3456  3366    -1
 3068   3318  3405  3378    -1
 3069   3334  3413  3347    -1
 3070   3336  3415  3392    -1
 3071   3362  3457  3367    -1
 3072   3364  3366  3416    -1
 3073   3525  3528  3527    -1
 3074   3529  3532  3531    -1
 3075   3533  3536  3535    -1
 3076   3537  3540  3539    -1
 3077   3541  3544  3542    -1
 3078   3545  3548  3546    -1
 3079   3549  3552  3550    -1
 3080   3553  3556  3554    -1
 3081   3527  3534  3533    -1
 3082   3543  3550  3544    -1
 3083   3531  3538  3537    -1
 3084   3547  3554  3548    -1
 3085   3526  3531  3528    -1
 3086   3534  3539  3536    -1
 3087   3542  3547  3545    -1
 3088   3550  3555  3553    -1
 3089   3528  3537  3534    -1
 3090   3544  3553  3547    -1
 3091   3557  3560  3559    -1
 3092   3561  3564  3563    -1
 3093   3567  3566  3565    -1
 3094   3571  3570  3569    -1
 3095   3559  3562  3561    -1
 3096   3569  3568  3567    -1
 3097   3573  3576  3575    -1
 3098   3577  3580  3579    -1
 3099   3574  3579  3576    -1
 3100   3581  3584  3583    -1
 3101   3585  3588  3587    -1
 3102   3587  3590  3589    -1
 3103   3591  3594  3593    -1
 3104   3593  3596  3595    -1
 3105   3599  3602  3601    -1
 3106   3605  3608  3607    -1
 3107   3609  3612  3611    -1
 3108   3613  3616  3615    -1
 3109   3601  3610  3609    -1
 3110   3607  3614  3613    -1
 3111   3589  3600  3599    -1
 3112   3595  3606  3605    -1
 3113   3586  3593  3588    -1
 3114   3588  3595  3590    -1
 3115   3600  3607  3602    -1
 3116   3610  3615  3612    -1
 3117   3590  3605  3600    -1
 3118   3602  3613  3610    -1
 3119   3618  3619  3617    -1
 3120   3620  3621  3619    -1
 3121   3626  3629  3628    -1
 3122   3625  3627  3623    -1
 3123   3631  3632  3630    -1
 3124   3629  3630  3628    -1
 3125   3621  3627  3626    -1
 3126   3623  3622  3620    -1
 3127   3636  3639  3637    -1
 3128   3634  3637  3635    -1
 3129   3642  3645  3643    -1
 3130   3640  3643  3641    -1
 3131   3646  3651  3647    -1
 3132   3652  3657  3653    -1
 3133   3638  3647  3639    -1
 3134   3644  3653  3645    -1
 3135   3637  3644  3642    -1
 3136   3635  3642  3640    -1
 3137   3647  3656  3652    -1
 3138   3639  3652  3644    -1
 3139   3662  3661  3660    -1
 3140   3660  3659  3658    -1
 3141   3665  3670  3666    -1
 3142   3664  3670  3668    -1
 3143   3662  3666  3663    -1
 3144   3663  3664  3661    -1
 3145   3551  3598  3552    -1
 3146   3555  3604  3556    -1
 3147   3552  3603  3555    -1
 3148   3568  3618  3566    -1
 3149   3571  3625  3572    -1
 3150   3572  3623  3570    -1
 3151   3568  3623  3620    -1
 3152   3535  3574  3573    -1
 3153   3539  3578  3577    -1
 3154   3536  3577  3574    -1
 3155   3597  3635  3598    -1
 3156   3611  3649  3648    -1
 3157   3603  3641  3604    -1
 3158   3615  3655  3654    -1
 3159   3598  3640  3603    -1
 3160   3612  3654  3649    -1
 3161   3563  3582  3581    -1
 3162   3658  3625  3624    -1
 3163   3659  3629  3625    -1
 3164   3632  3668  3667    -1
 3165   3664  3633  3631    -1
 3166   3661  3631  3629    -1
 3167   3530  3559  3532    -1
 3168   3538  3563  3540    -1
 3169   3546  3567  3565    -1
 3170   3554  3571  3569    -1
 3171   3532  3561  3538    -1
 3172   3548  3569  3567    -1
 3173   3578  3583  3580    -1
 3174   3592  3619  3594    -1
 3175   3594  3621  3596    -1
 3176   3606  3628  3608    -1
 3177   3614  3632  3616    -1
 3178   3596  3626  3606    -1
 3179   3608  3630  3614    -1
 3180   3643  3662  3660    -1
 3181   3641  3660  3658    -1
 3182   3653  3669  3665    -1
 3183   3645  3665  3662    -1
 3184   3540  3581  3578    -1
 3185   3604  3658  3624    -1
 3186   3616  3667  3655    -1
 3187   3556  3624  3571    -1
 3188   3677  3682  3681    -1
 3189   3679  3684  3680    -1
 3190   3685  3690  3689    -1
 3191   3687  3692  3688    -1
 3192   3693  3698  3697    -1
 3193   3695  3700  3696    -1
 3194   3701  3706  3705    -1
 3195   3703  3708  3704    -1
 3196   3681  3694  3693    -1
 3197   3683  3696  3684    -1
 3198   3689  3702  3701    -1
 3199   3691  3704  3692    -1
 3200   3678  3689  3682    -1
 3201   3680  3691  3687    -1
 3202   3694  3705  3698    -1
 3203   3696  3707  3703    -1
 3204   3682  3701  3694    -1
 3205   3684  3703  3691    -1
 3206   3710  3713  3709    -1
 3207   3711  3716  3712    -1
 3208   3712  3714  3710    -1
 3209   3722  3717  3718    -1
 3210   3723  3720  3719    -1
 3211   3718  3724  3722    -1
 3212   3718  3713  3714    -1
 3213   3719  3716  3715    -1
 3214   3714  3720  3718    -1
 3215   3725  3728  3727    -1
 3216   3729  3732  3731    -1
 3217   3733  3736  3734    -1
 3218   3737  3740  3738    -1
 3219   3726  3731  3728    -1
 3220   3734  3739  3737    -1
 3221   3744  3741  3742    -1
 3222   3748  3745  3747    -1
 3223   3751  3754  3753    -1
 3224   3749  3754  3750    -1
 3225   3757  3760  3759    -1
 3226   3755  3760  3756    -1
 3227   3752  3759  3754    -1
 3228   3750  3759  3755    -1
 3229   3765  3766  3764    -1
 3230   3766  3763  3762    -1
 3231   3761  3767  3765    -1
 3232   3671  3726  3725    -1
 3233   3673  3730  3729    -1
 3234   3672  3729  3726    -1
 3235   3742  3675  3676    -1
 3236   3699  3750  3700    -1
 3237   3707  3756  3708    -1
 3238   3700  3755  3707    -1
 3239   3762  3724  3723    -1
 3240   3724  3761  3722    -1
 3241   3671  3698  3672    -1
 3242   3673  3706  3674    -1
 3243   3672  3705  3673    -1
 3244   3727  3752  3751    -1
 3245   3731  3758  3757    -1
 3246   3728  3757  3752    -1
 3247   3722  3675  3721    -1
 3248   3764  3744  3765    -1
 3249   3761  3744  3742    -1
 3250   3686  3713  3690    -1
 3251   3688  3715  3711    -1
 3252   3702  3721  3706    -1
 3253   3704  3723  3719    -1
 3254   3690  3717  3702    -1
 3255   3692  3719  3715    -1
 3256   3730  3743  3732    -1
 3257   3738  3747  3745    -1
 3258   3758  3766  3760    -1
 3259   3756  3766  3762    -1
 3260   3674  3721  3675    -1
 3261   3732  3764  3758    -1
 3262   3674  3741  3730    -1
 3263   3708  3762  3723    -1
 3264   3676  3761  3742    -1
 3265   3648  3678  3677    -1
 3266   3650  3680  3651    -1
 3267   3654  3686  3685    -1
 3268   3656  3688  3657    -1
 3269   3649  3685  3678    -1
 3270   3651  3687  3656    -1
 3271   3668  3709  3667    -1
 3272   3669  3712  3670    -1
 3273   3670  3710  3668    -1
 3274   3655  3709  3686    -1
 3275   3657  3711  3669    -1
 3276   3494  3560  3558    -1
 3277   3498  3564  3562    -1
 3278   3496  3562  3560    -1
 3279   3511  3576  3512    -1
 3280   3515  3580  3516    -1
 3281   3512  3579  3515    -1
 3282   3523  3584  3524    -1
 3283   3522  3584  3582    -1
 3284   3516  3583  3523    -1
 3285   3500  3582  3564    -1
 3286   3770  3773  3772    -1
 3287   3776  3779  3778    -1
 3288   3780  3783  3781    -1
 3289   3782  3785  3783    -1
 3290   3786  3789  3787    -1
 3291   3788  3791  3789    -1
 3292   3796  3799  3798    -1
 3293   3798  3801  3800    -1
 3294   3802  3805  3804    -1
 3295   3804  3807  3806    -1
 3296   3772  3793  3792    -1
 3297   3778  3795  3794    -1
 3298   3768  3781  3769    -1
 3299   3792  3797  3796    -1
 3300   3774  3787  3775    -1
 3301   3794  3803  3802    -1
 3302   3771  3778  3773    -1
 3303   3781  3788  3786    -1
 3304   3783  3790  3788    -1
 3305   3797  3804  3799    -1
 3306   3799  3806  3801    -1
 3307   3769  3786  3774    -1
 3308   3793  3802  3797    -1
 3309   3773  3794  3793    -1
 3310   3811  3814  3813    -1
 3311   3808  3814  3812    -1
 3312   3817  3816  3815    -1
 3313   3817  3821  3818    -1
 3314   3818  3819  3816    -1
 3315   3824  3827  3826    -1
 3316   3827  3828  3826    -1
 3317   3814  3822  3813    -1
 3318   3821  3825  3819    -1
 3319   3815  3810  3809    -1
 3320   3810  3819  3814    -1
 3321   3822  3825  3824    -1
 3322   3819  3823  3814    -1
 3323   3834  3837  3835    -1
 3324   3836  3839  3837    -1
 3325   3840  3843  3841    -1
 3326   3842  3845  3843    -1
 3327   3830  3835  3831    -1
 3328   3832  3841  3833    -1
 3329   3835  3842  3840    -1
 3330   3837  3844  3842    -1
 3331   3831  3840  3832    -1
 3332   3850  3849  3848    -1
 3333   3850  3854  3851    -1
 3334   3851  3852  3849    -1
 3335   3848  3847  3846    -1
 3336   3861  3866  3865    -1
 3337   3863  3868  3864    -1
 3338   3869  3874  3873    -1
 3339   3871  3876  3872    -1
 3340   3877  3882  3881    -1
 3341   3879  3884  3880    -1
 3342   3885  3890  3889    -1
 3343   3887  3892  3888    -1
 3344   3865  3878  3877    -1
 3345   3867  3880  3868    -1
 3346   3873  3886  3885    -1
 3347   3875  3888  3876    -1
 3348   3862  3873  3866    -1
 3349   3864  3875  3871    -1
 3350   3878  3889  3882    -1
 3351   3880  3891  3887    -1
 3352   3866  3885  3878    -1
 3353   3868  3887  3875    -1
 3354   3894  3897  3893    -1
 3355   3895  3900  3896    -1
 3356   3896  3898  3894    -1
 3357   3906  3901  3902    -1
 3358   3907  3904  3903    -1
 3359   3902  3908  3906    -1
 3360   3898  3901  3897    -1
 3361   3899  3904  3900    -1
 3362   3900  3902  3898    -1
 3363   3800  3856  3855    -1
 3364   3806  3858  3857    -1
 3365   3801  3857  3856    -1
 3366   3829  3859  3828    -1
 3367   3838  3864  3839    -1
 3368   3844  3872  3845    -1
 3369   3839  3871  3844    -1
 3370   3853  3896  3854    -1
 3371   3852  3896  3894    -1
 3372   3784  3831  3785    -1
 3373   3790  3833  3791    -1
 3374   3785  3832  3790    -1
 3375   3855  3862  3861    -1
 3376   3857  3870  3869    -1
 3377   3856  3869  3862    -1
 3378   3847  3820  3846    -1
 3379   3849  3829  3827    -1
 3380   3847  3827  3821    -1
 3381   3859  3894  3893    -1
 3382   3777  3813  3779    -1
 3383   3787  3817  3815    -1
 3384   3789  3820  3817    -1
 3385   3803  3826  3805    -1
 3386   3805  3828  3807    -1
 3387   3775  3815  3809    -1
 3388   3795  3824  3803    -1
 3389   3779  3822  3795    -1
 3390   3841  3850  3848    -1
 3391   3843  3853  3850    -1
 3392   3833  3848  3846    -1
 3393   3870  3897  3874    -1
 3394   3872  3899  3895    -1
 3395   3886  3905  3890    -1
 3396   3888  3907  3903    -1
 3397   3874  3901  3886    -1
 3398   3876  3903  3899    -1
 3399   3791  3846  3820    -1
 3400   3858  3893  3870    -1
 3401   3807  3859  3858    -1
 3402   3845  3895  3853    -1
 3403   3852  3860  3829    -1
 3404   3909  3912  3911    -1
 3405   3913  3916  3915    -1
 3406   3911  3918  3917    -1
 3407   3915  3920  3919    -1
 3408   3910  3915  3912    -1
 3409   3912  3919  3918    -1
 3410   3924  3921  3922    -1
 3411   3926  3923  3924    -1
 3412   3929  3932  3930    -1
 3413   3935  3938  3936    -1
 3414   3939  3942  3941    -1
 3415   3943  3946  3945    -1
 3416   3931  3942  3932    -1
 3417   3937  3946  3938    -1
 3418   3930  3937  3935    -1
 3419   3940  3945  3942    -1
 3420   3932  3945  3937    -1
 3421   3952  3950  3949    -1
 3422   3950  3951  3948    -1
 3423   3955  3956  3954    -1
 3424   3956  3953  3952    -1
 3425   3951  3957  3955    -1
 3426   3958  3961  3959    -1
 3427   3962  3965  3963    -1
 3428   3966  3969  3967    -1
 3429   3970  3973  3971    -1
 3430   3974  3977  3976    -1
 3431   3974  3979  3975    -1
 3432   3980  3983  3982    -1
 3433   3980  3985  3981    -1
 3434   3986  3989  3988    -1
 3435   3990  3993  3992    -1
 3436   3960  3967  3961    -1
 3437   3976  3987  3986    -1
 3438   3964  3971  3965    -1
 3439   3982  3991  3990    -1
 3440   3959  3964  3962    -1
 3441   3967  3972  3970    -1
 3442   3975  3982  3977    -1
 3443   3975  3984  3980    -1
 3444   3987  3992  3989    -1
 3445   3961  3970  3964    -1
 3446   3977  3990  3987    -1
 3447   3994  3997  3995    -1
 3448   3998  4001  3999    -1
 3449   4002  4005  4004    -1
 3450   4002  4007  4003    -1
 3451   4008  4011  4010    -1
 3452   3997  4003  3995    -1
 3453   3999  4011  4009    -1
 3454   3996  3999  3997    -1
 3455   4004  4009  4008    -1
 3456   3997  4009  4005    -1
 3457   4012  4015  4013    -1
 3458   4016  4019  4017    -1
 3459   4020  4025  4024    -1
 3460   4022  4027  4023    -1
 3461   4028  4033  4032    -1
 3462   4030  4035  4031    -1
 3463   4014  4023  4015    -1
 3464   4018  4031  4019    -1
 3465   4013  4018  4016    -1
 3466   4021  4032  4025    -1
 3467   4023  4034  4030    -1
 3468   4015  4030  4018    -1
 3469   4036  4039  4037    -1
 3470   4045  4040  4041    -1
 3471   4042  4047  4043    -1
 3472   4041  4047  4045    -1
 3473   4038  4043  4039    -1
 3474   4037  4043  4041    -1
 3475   3909  3928  3910    -1
 3476   3917  3940  3939    -1
 3477   3913  3934  3914    -1
 3478   3919  3944  3943    -1
 3479   3910  3933  3913    -1
 3480   3918  3943  3940    -1
 3481   3968  4013  3969    -1
 3482   3988  4021  4020    -1
 3483   3972  4017  3973    -1
 3484   3992  4029  4028    -1
 3485   3969  4016  3972    -1
 3486   3989  4028  4021    -1
 3487   3948  3921  3947    -1
 3488   3922  3951  3924    -1
 3489   3926  3954  3925    -1
 3490   3951  3926  3924    -1
 3491   4000  4037  4001    -1
 3492   4010  4041  4040    -1
 3493   4001  4041  4011    -1
 3494   3914  3923  3916    -1
 3495   3916  3925  3920    -1
 3496   3936  3952  3949    -1
 3497   3944  3956  3946    -1
 3498   3938  3956  3952    -1
 3499   3963  3996  3994    -1
 3500   3971  4000  3998    -1
 3501   3981  4004  3983    -1
 3502   3981  4006  4002    -1
 3503   3991  4010  3993    -1
 3504   3965  3998  3996    -1
 3505   3983  4008  3991    -1
 3506   4017  4038  4036    -1
 3507   4029  4044  4033    -1
 3508   4031  4046  4042    -1
 3509   4019  4042  4038    -1
 3510   3914  3947  3921    -1
 3511   3920  3954  3944    -1
 3512   3973  4036  4000    -1
 3513   3993  4040  4029    -1
 3514   3881  3928  3927    -1
 3515   3883  3930  3884    -1
 3516   3889  3934  3933    -1
 3517   3891  3936  3892    -1
 3518   3882  3933  3928    -1
 3519   3884  3935  3891    -1
 3520   3906  3947  3905    -1
 3521   3949  3908  3907    -1
 3522   3906  3950  3948    -1
 3523   3890  3947  3934    -1
 3524   3892  3949  3907    -1
 3525   4050  4053  4051    -1
 3526   4048  4051  4049    -1
 3527   4056  4059  4057    -1
 3528   4054  4057  4055    -1
 3529   4068  4071  4070    -1
 3530   4064  4069  4068    -1
 3531   4076  4079  4078    -1
 3532   4072  4077  4076    -1
 3533   4080  4083  4081    -1
 3534   4084  4087  4086    -1
 3535   4088  4091  4089    -1
 3536   4092  4095  4094    -1
 3537   4052  4067  4053    -1
 3538   4058  4075  4059    -1
 3539   4060  4083  4082    -1
 3540   4062  4091  4090    -1
 3541   4066  4081  4067    -1
 3542   4070  4085  4084    -1
 3543   4074  4089  4075    -1
 3544   4078  4093  4092    -1
 3545   4051  4058  4056    -1
 3546   4049  4056  4054    -1
 3547   4069  4078  4071    -1
 3548   4065  4076  4069    -1
 3549   4081  4090  4088    -1
 3550   4085  4094  4087    -1
 3551   4067  4088  4074    -1
 3552   4071  4092  4085    -1
 3553   4053  4074  4058    -1
 3554   4061  4090  4083    -1
 3555   4100  4099  4098    -1
 3556   4096  4099  4097    -1
 3557   4109  4110  4108    -1
 3558   4105  4108  4104    -1
 3559   4101  4107  4109    -1
 3560   4114  4113  4112    -1
 3561   4117  4118  4116    -1
 3562   4113  4119  4117    -1
 3563   4100  4107  4101    -1
 3564   4099  4101  2063    -1
 3565   4115  4102  4103    -1
 3566   4113  4106  4112    -1
 3567   4110  4117  4116    -1
 3568   4113  4111  4107    -1
 3569   4120  4125  4124    -1
 3570   4122  4127  4123    -1
 3571   4128  4133  4132    -1
 3572   4130  4135  4131    -1
 3573   4136  4139  4138    -1
 3574   4136  4141  4137    -1
 3575   4142  4145  4144    -1
 3576   4142  4147  4143    -1
 3577   4126  4139  4127    -1
 3578   4134  4145  4135    -1
 3579   4121  4132  4125    -1
 3580   4123  4134  4130    -1
 3581   4137  4144  4139    -1
 3582   4137  4146  4142    -1
 3583   4127  4144  4134    -1
 3584   4149  4152  4148    -1
 3585   4154  4151  4150    -1
 3586   4149  4155  4153    -1
 3587   4157  4158  4156    -1
 3588   4160  4157  4156    -1
 3589   4154  4159  4155    -1
 3590   4103  4153  4159    -1
 3591   4060  4125  4061    -1
 3592   4086  4141  4140    -1
 3593   4062  4133  4063    -1
 3594   4094  4147  4146    -1
 3595   4061  4132  4062    -1
 3596   4087  4146  4141    -1
 3597   4153  4102  4152    -1
 3598   4119  4160  4118    -1
 3599   4115  4161  4119    -1
 3600   4115  4103  4161    -1
 3601   4057  4100  4098    -1
 3602   4055  4098  4096    -1
 3603   4077  4110  4079    -1
 3604   4073  4108  4077    -1
 3605   4089  4114  4112    -1
 3606   4093  4118  4095    -1
 3607   4075  4112  4106    -1
 3608   4079  4116  4093    -1
 3609   4059  4106  4100    -1
 3610   4063  4114  4091    -1
 3611   4129  4152  4133    -1
 3612   4131  4154  4150    -1
 3613   4143  4158  4145    -1
 3614   4143  4160  4156    -1
 3615   4135  4158  4154    -1
 3616   4063  4152  4102    -1
 3617   4095  4160  4147    -1
 3618   4164  4167  4165    -1
 3619   4162  4165  4163    -1
 3620   4170  4173  4171    -1
 3621   4168  4171  4169    -1
 3622   4178  4181  4180    -1
 3623   4180  4183  4182    -1
 3624   4184  4187  4186    -1
 3625   4186  4189  4188    -1
 3626   4190  4193  4191    -1
 3627   4194  4197  4196    -1
 3628   4198  4201  4199    -1
 3629   4202  4205  4204    -1
 3630   4174  4191  4175    -1
 3631   4176  4199  4177    -1
 3632   4166  4175  4167    -1
 3633   4182  4195  4194    -1
 3634   4172  4177  4173    -1
 3635   4188  4203  4202    -1
 3636   4165  4172  4170    -1
 3637   4163  4170  4168    -1
 3638   4179  4186  4181    -1
 3639   4181  4188  4183    -1
 3640   4191  4200  4198    -1
 3641   4195  4204  4197    -1
 3642   4167  4176  4172    -1
 3643   4183  4202  4195    -1
 3644   4175  4198  4176    -1
 3645   4210  4209  4208    -1
 3646   4206  4209  4207    -1
 3647   4215  4216  4214    -1
 3648   4217  4218  4216    -1
 3649   4223  4220  4222    -1
 3650   4224  4227  4226    -1
 3651   4223  4225  4221    -1
 3652   4211  4215  4209    -1
 3653   4212  4221  4213    -1
 3654   4212  4211  4210    -1
 3655   4218  4225  4224    -1
 3656   4213  4221  4219    -1
 3657   4213  4217  4211    -1
 3658   4231  4228  4230    -1
 3659   4230  4233  4231    -1
 3660   4237  4234  4236    -1
 3661   4236  4239  4237    -1
 3662   4229  4236  4234    -1
 3663   4231  4238  4236    -1
 3664   4242  4241  4240    -1
 3665   4242  4246  4243    -1
 3666   4243  4244  4241    -1
 3667   4247  4250  4248    -1
 3668   4247  4252  4251    -1
 3669   4253  4256  4254    -1
 3670   4253  4258  4257    -1
 3671   4259  4262  4260    -1
 3672   4263  4266  4265    -1
 3673   4267  4270  4268    -1
 3674   4271  4274  4273    -1
 3675   4275  4278  4277    -1
 3676   4275  4280  4276    -1
 3677   4281  4284  4283    -1
 3678   4281  4286  4282    -1
 3679   4263  4288  4264    -1
 3680   4271  4290  4272    -1
 3681   4249  4260  4250    -1
 3682   4277  4288  4287    -1
 3683   4255  4268  4256    -1
 3684   4283  4290  4289    -1
 3685   4248  4255  4253    -1
 3686   4248  4257  4252    -1
 3687   4260  4269  4267    -1
 3688   4264  4273  4266    -1
 3689   4276  4283  4278    -1
 3690   4276  4285  4281    -1
 3691   4250  4267  4255    -1
 3692   4278  4289  4288    -1
 3693   4264  4289  4271    -1
 3694   4294  4291  4293    -1
 3695   4296  4291  4292    -1
 3696   4292  4297  4296    -1
 3697   4300  4299  4298    -1
 3698   4303  4304  4302    -1
 3699   4299  4305  4303    -1
 3700   4307  4308  4306    -1
 3701   4310  4307  4306    -1
 3702   4297  4307  4296    -1
 3703   4312  4303  4302    -1
 3704   4299  4293  4298    -1
 3705   4299  4297  4294    -1
 3706   4309  4312  4308    -1
 3707   4297  4313  4309    -1
 3708   4314  4317  4316    -1
 3709   4314  4319  4315    -1
 3710   4320  4323  4322    -1
 3711   4320  4325  4321    -1
 3712   4315  4322  4317    -1
 3713   4315  4324  4320    -1
 3714   4326  4329  4328    -1
 3715   4330  4327  4326    -1
 3716   4196  4262  4261    -1
 3717   4204  4270  4269    -1
 3718   4197  4269  4262    -1
 3719   4301  4226  4227    -1
 3720   4232  4317  4233    -1
 3721   4238  4323  4239    -1
 3722   4233  4322  4238    -1
 3723   4328  4246  4245    -1
 3724   4244  4329  4327    -1
 3725   4192  4229  4193    -1
 3726   4200  4235  4201    -1
 3727   4193  4234  4200    -1
 3728   4265  4319  4318    -1
 3729   4273  4325  4324    -1
 3730   4266  4324  4319    -1
 3731   4240  4223  4222    -1
 3732   4223  4244  4227    -1
 3733   4305  4330  4304    -1
 3734   4305  4227  4331    -1
 3735   4171  4210  4208    -1
 3736   4169  4208  4206    -1
 3737   4185  4216  4187    -1
 3738   4187  4218  4189    -1
 3739   4199  4222  4220    -1
 3740   4203  4226  4205    -1
 3741   4173  4212  4210    -1
 3742   4189  4224  4203    -1
 3743   4177  4220  4212    -1
 3744   4235  4242  4240    -1
 3745   4237  4245  4242    -1
 3746   4254  4293  4291    -1
 3747   4254  4295  4258    -1
 3748   4268  4300  4298    -1
 3749   4272  4304  4274    -1
 3750   4282  4308  4284    -1
 3751   4282  4310  4306    -1
 3752   4256  4298  4293    -1
 3753   4284  4312  4290    -1
 3754   4272  4312  4302    -1
 3755   4321  4328  4323    -1
 3756   4321  4330  4326    -1
 3757   4201  4240  4222    -1
 3758   4274  4330  4325    -1
 3759   4205  4300  4270    -1
 3760   4239  4328  4245    -1
 3761   4305  4301  4227    -1
 3762   3978  4049  3979    -1
 3763   3984  4055  3985    -1
 3764   3979  4054  3984    -1
 3765   4006  4097  4007    -1
 3766   4024  4121  4120    -1
 3767   4026  4123  4027    -1
 3768   4032  4129  4128    -1
 3769   4034  4131  4035    -1
 3770   4025  4128  4121    -1
 3771   4027  4130  4034    -1
 3772   4149  4044  4045    -1
 3773   4150  4047  4046    -1
 3774   4047  4149  4045    -1
 3775   3985  4096  4006    -1
 3776   4033  4148  4129    -1
 3777   4035  4150  4046    -1
 3778   3735  3769  3736    -1
 3779   3739  3775  3740    -1
 3780   3736  3774  3739    -1
 3781   3747  3810  3748    -1
 3782   3748  3808  3746    -1
 3783   3740  3809  3747    -1
 3784   4337  4338  4336    -1
 3785   4332  4337  4336    -1
 3786   4334  4339  4335    -1
 3787   4338  4332  4336    -1
 3788   4340  4343  4341    -1
 3789   4348  4351  4350    -1
 3790   4344  4349  4348    -1
 3791   4346  4351  4347    -1
 3792   4356  4359  4358    -1
 3793   4352  4357  4356    -1
 3794   4354  4359  4355    -1
 3795   4360  4363  4361    -1
 3796   4364  4367  4365    -1
 3797   4349  4358  4351    -1
 3798   4345  4356  4349    -1
 3799   4347  4358  4354    -1
 3800   4361  4366  4364    -1
 3801   4368  4371  4370    -1
 3802   4374  4377  4375    -1
 3803   4378  4381  4379    -1
 3804   4370  4373  4372    -1
 3805   4376  4379  4377    -1
 3806   4382  4385  4384    -1
 3807   4386  4389  4388    -1
 3808   4394  4397  4395    -1
 3809   4398  4401  4399    -1
 3810   4402  4405  4403    -1
 3811   4406  4409  4407    -1
 3812   4384  4391  4390    -1
 3813   4396  4403  4397    -1
 3814   4388  4393  4392    -1
 3815   4400  4407  4401    -1
 3816   4383  4388  4385    -1
 3817   4395  4400  4398    -1
 3818   4403  4408  4406    -1
 3819   4385  4392  4391    -1
 3820   4397  4406  4400    -1
 3821   4410  4413  4412    -1
 3822   4414  4417  4416    -1
 3823   4418  4421  4420    -1
 3824   4415  4420  4417    -1
 3825   4422  4425  4424    -1
 3826   4427  4428  4426    -1
 3827   4431  4428  4429    -1
 3828   4435  4432  4433    -1
 3829   4433  4430  4431    -1
 3830   4424  4427  4426    -1
 3831   4436  4439  4438    -1
 3832   4440  4443  4442    -1
 3833   4444  4447  4446    -1
 3834   4446  4449  4448    -1
 3835   4450  4453  4452    -1
 3836   4452  4455  4454    -1
 3837   4456  4459  4458    -1
 3838   4460  4463  4462    -1
 3839   4448  4457  4456    -1
 3840   4454  4461  4460    -1
 3841   4438  4445  4444    -1
 3842   4442  4451  4450    -1
 3843   4437  4442  4439    -1
 3844   4445  4452  4447    -1
 3845   4447  4454  4449    -1
 3846   4457  4462  4459    -1
 3847   4439  4450  4445    -1
 3848   4449  4460  4457    -1
 3849   4340  4411  4410    -1
 3850   4340  4412  4342    -1
 3851   4360  4415  4414    -1
 3852   4364  4419  4418    -1
 3853   4361  4418  4415    -1
 3854   4374  4424  4376    -1
 3855   4428  4378  4426    -1
 3856   4376  4426  4378    -1
 3857   4335  4368  4334    -1
 3858   4342  4375  4343    -1
 3859   4412  4423  4422    -1
 3860   4346  4383  4382    -1
 3861   4362  4395  4363    -1
 3862   4354  4387  4386    -1
 3863   4366  4399  4367    -1
 3864   4347  4386  4383    -1
 3865   4363  4398  4366    -1
 3866   4416  4437  4436    -1
 3867   4420  4441  4440    -1
 3868   4417  4440  4437    -1
 3869   4337  4350  4339    -1
 3870   4333  4348  4337    -1
 3871   4335  4350  4346    -1
 3872   4341  4362  4360    -1
 3873   4369  4384  4371    -1
 3874   4375  4396  4394    -1
 3875   4379  4404  4402    -1
 3876   4371  4390  4373    -1
 3877   4377  4402  4396    -1
 3878   4411  4416  4413    -1
 3879   4423  4438  4425    -1
 3880   4427  4446  4429    -1
 3881   4429  4448  4431    -1
 3882   4433  4458  4435    -1
 3883   4425  4444  4427    -1
 3884   4431  4456  4433    -1
 3885   4335  4382  4369    -1
 3886   4343  4394  4362    -1
 3887   4413  4436  4423    -1
 3888   4341  4414  4411    -1
 3889   4342  4422  4374    -1
 3890   4467  4464  4465    -1
 3891   4468  4471  4470    -1
 3892   4472  4475  4474    -1
 3893   4469  4474  4471    -1
 3894   4476  4479  4477    -1
 3895   4480  4483  4482    -1
 3896   4476  4481  4480    -1
 3897   4476  4482  4478    -1
 3898   4484  4487  4485    -1
 3899   4488  4491  4490    -1
 3900   4484  4489  4488    -1
 3901   4492  4495  4493    -1
 3902   4496  4499  4498    -1
 3903   4492  4497  4496    -1
 3904   4485  4494  4492    -1
 3905   4489  4498  4491    -1
 3906   4485  4496  4489    -1
 3907   4500  4503  4501    -1
 3908   4504  4507  4506    -1
 3909   4500  4506  4502    -1
 3910   4508  4511  4509    -1
 3911   4513  4514  4512    -1
 3912   4514  4508  4512    -1
 3913   4516  4519  4518    -1
 3914   4517  4514  4515    -1
 3915   4502  4509  4503    -1
 3916   4506  4513  4512    -1
 3917   4502  4512  4508    -1
 3918   4520  4523  4521    -1
 3919   4524  4527  4526    -1
 3920   4528  4531  4529    -1
 3921   4532  4535  4534    -1
 3922   4536  4539  4537    -1
 3923   4540  4543  4542    -1
 3924   4544  4547  4545    -1
 3925   4548  4551  4550    -1
 3926   4552  4555  4554    -1
 3927   4556  4559  4558    -1
 3928   4542  4553  4552    -1
 3929   4550  4557  4556    -1
 3930   4522  4537  4523    -1
 3931   4526  4541  4540    -1
 3932   4530  4545  4531    -1
 3933   4534  4549  4548    -1
 3934   4521  4530  4528    -1
 3935   4525  4534  4527    -1
 3936   4537  4546  4544    -1
 3937   4541  4550  4543    -1
 3938   4553  4558  4555    -1
 3939   4523  4544  4530    -1
 3940   4527  4548  4541    -1
 3941   4543  4556  4553    -1
 3942   4478  4501  4479    -1
 3943   4482  4505  4504    -1
 3944   4478  4504  4500    -1
 3945   4486  4521  4487    -1
 3946   4490  4525  4524    -1
 3947   4494  4529  4495    -1
 3948   4498  4533  4532    -1
 3949   4487  4528  4494    -1
 3950   4491  4532  4525    -1
 3951   4465  4470  4467    -1
 3952   4477  4486  4484    -1
 3953   4481  4490  4483    -1
 3954   4477  4488  4481    -1
 3955   4501  4522  4520    -1
 3956   4505  4526  4507    -1
 3957   4509  4538  4536    -1
 3958   4513  4542  4515    -1
 3959   4517  4554  4519    -1
 3960   4503  4536  4522    -1
 3961   4507  4540  4513    -1
 3962   4515  4552  4517    -1
 3963   4479  4520  4486    -1
 3964   4483  4524  4505    -1
 3965   4465  4434  4435    -1
 3966   4458  4469  4468    -1
 3967   4462  4473  4472    -1
 3968   4459  4472  4469    -1
 3969   4435  4468  4465    -1
 3970   4560  4563  4562    -1
 3971   4564  4567  4566    -1
 3972   4562  4565  4564    -1
 3973   4568  4571  4570    -1
 3974   4572  4575  4574    -1
 3975   4576  4579  4578    -1
 3976   4580  4583  4582    -1
 3977   4570  4577  4576    -1
 3978   4574  4581  4580    -1
 3979   4569  4574  4571    -1
 3980   4577  4582  4579    -1
 3981   4571  4580  4577    -1
 3982   4584  4587  4585    -1
 3983   4588  4591  4590    -1
 3984   4584  4589  4588    -1
 3985   4584  4590  4586    -1
 3986   4592  4595  4593    -1
 3987   4596  4599  4598    -1
 3988   4592  4597  4596    -1
 3989   4600  4603  4601    -1
 3990   4604  4607  4606    -1
 3991   4600  4605  4604    -1
 3992   4593  4602  4600    -1
 3993   4597  4606  4599    -1
 3994   4593  4604  4597    -1
 3995   4608  4611  4609    -1
 3996   4612  4615  4614    -1
 3997   4608  4614  4610    -1
 3998   4618  4617  4616    -1
 3999   4620  4623  4622    -1
 4000   4620  4618  4616    -1
 4001   4610  4617  4611    -1
 4002   4614  4621  4620    -1
 4003   4610  4620  4616    -1
 4004   4624  4627  4625    -1
 4005   4628  4631  4630    -1
 4006   4632  4635  4633    -1
 4007   4636  4639  4638    -1
 4008   4640  4643  4641    -1
 4009   4644  4647  4646    -1
 4010   4648  4651  4649    -1
 4011   4652  4655  4654    -1
 4012   4626  4641  4627    -1
 4013   4630  4645  4644    -1
 4014   4634  4649  4635    -1
 4015   4638  4653  4652    -1
 4016   4625  4634  4632    -1
 4017   4629  4638  4631    -1
 4018   4641  4650  4648    -1
 4019   4645  4654  4647    -1
 4020   4627  4648  4634    -1
 4021   4631  4652  4645    -1
 4022   4567  4618  4566    -1
 4023   4578  4643  4642    -1
 4024   4582  4651  4650    -1
 4025   4579  4650  4643    -1
 4026   4586  4609  4587    -1
 4027   4590  4613  4612    -1
 4028   4586  4612  4608    -1
 4029   4594  4625  4595    -1
 4030   4598  4629  4628    -1
 4031   4602  4633  4603    -1
 4032   4606  4637  4636    -1
 4033   4595  4632  4602    -1
 4034   4599  4636  4629    -1
 4035   4561  4570  4563    -1
 4036   4565  4578  4567    -1
 4037   4563  4576  4565    -1
 4038   4585  4594  4592    -1
 4039   4589  4598  4591    -1
 4040   4585  4596  4589    -1
 4041   4609  4626  4624    -1
 4042   4613  4630  4615    -1
 4043   4617  4642  4640    -1
 4044   4621  4646  4623    -1
 4045   4611  4640  4626    -1
 4046   4615  4644  4621    -1
 4047   4587  4624  4594    -1
 4048   4591  4628  4613    -1
 4049   4567  4642  4619    -1
 4050   4658  4657  4656    -1
 4051   4656  4661  4660    -1
 4052   4662  4659  4658    -1
 4053   4660  4658  4656    -1
 4054   4665  4666  4664    -1
 4055   4661  4664  4660    -1
 4056   4666  4660  4664    -1
 4057   4668  4671  4669    -1
 4058   4668  4673  4672    -1
 4059   4670  4675  4671    -1
 4060   4676  4679  4677    -1
 4061   4676  4681  4680    -1
 4062   4678  4683  4679    -1
 4063   4684  4687  4686    -1
 4064   4688  4691  4690    -1
 4065   4672  4685  4684    -1
 4066   4680  4689  4688    -1
 4067   4669  4678  4676    -1
 4068   4669  4680  4673    -1
 4069   4671  4682  4678    -1
 4070   4685  4690  4687    -1
 4071   4673  4688  4685    -1
 4072   4695  4692  4694    -1
 4073   4701  4704  4703    -1
 4074   4702  4698  4699    -1
 4075   4701  4700  4698    -1
 4076   4708  4705  4707    -1
 4077   4709  4707  4705    -1
 4078   4700  4692  4698    -1
 4079   4705  4697  4696    -1
 4080   4697  4694  4696    -1
 4081   4709  4700  4703    -1
 4082   4700  4696  4694    -1
 4083   4711  4714  4712    -1
 4084   4715  4718  4716    -1
 4085   4725  4728  4727    -1
 4086   4723  4726  4725    -1
 4087   4731  4734  4733    -1
 4088   4729  4732  4731    -1
 4089   4735  4738  4736    -1
 4090   4739  4742  4740    -1
 4091   4719  4736  4720    -1
 4092   4721  4740  4722    -1
 4093   4713  4720  4714    -1
 4094   4717  4722  4718    -1
 4095   4712  4717  4715    -1
 4096   4726  4733  4728    -1
 4097   4724  4731  4726    -1
 4098   4736  4741  4739    -1
 4099   4714  4721  4717    -1
 4100   4720  4739  4721    -1
 4101   4692  4663  4662    -1
 4102   4667  4698  4666    -1
 4103   4666  4692  4662    -1
 4104   4674  4712  4675    -1
 4105   4686  4724  4723    -1
 4106   4682  4716  4683    -1
 4107   4690  4730  4729    -1
 4108   4675  4715  4682    -1
 4109   4687  4729  4724    -1
 4110   4657  4670  4668    -1
 4111   4657  4672  4661    -1
 4112   4659  4674  4670    -1
 4113   4665  4686  4667    -1
 4114   4661  4684  4665    -1
 4115   4693  4713  4711    -1
 4116   4702  4727  4704    -1
 4117   4699  4725  4702    -1
 4118   4706  4737  4735    -1
 4119   4695  4719  4713    -1
 4120   4697  4735  4719    -1
 4121   4663  4711  4674    -1
 4122   4667  4723  4699    -1
 4123   4518  4561  4560    -1
 4124   4554  4569  4568    -1
 4125   4558  4573  4572    -1
 4126   4555  4572  4569    -1
 4127   4519  4568  4561    -1
 4128   4743  4746  4745    -1
 4129   4748  4752  4749    -1
 4130   4751  4747  4750    -1
 4131   4753  4756  4755    -1
 4132   4761  4759  4758    -1
 4133   4760  4758  4757    -1
 4134   4745  4754  4753    -1
 4135   4751  4759  4752    -1
 4136   4750  4758  4751    -1
 4137   4743  4750  4747    -1
 4138   4753  4760  4757    -1
 4139   4745  4757  4750    -1
 4140   4763  4766  4765    -1
 4141   4767  4770  4769    -1
 4142   4771  4774  4772    -1
 4143   4775  4778  4776    -1
 4144   4779  4782  4781    -1
 4145   4783  4786  4785    -1
 4146   4787  4790  4788    -1
 4147   4791  4794  4792    -1
 4148   4765  4780  4779    -1
 4149   4769  4784  4783    -1
 4150   4773  4788  4774    -1
 4151   4777  4792  4778    -1
 4152   4764  4769  4766    -1
 4153   4772  4777  4775    -1
 4154   4780  4785  4782    -1
 4155   4788  4793  4791    -1
 4156   4766  4783  4780    -1
 4157   4774  4791  4777    -1
 4158   4797  4796  4795    -1
 4159   4804  4805  4803    -1
 4160   4800  4803  4799    -1
 4161   4801  4806  4802    -1
 4162   4805  4799  4803    -1
 4163   4796  4799  4795    -1
 4164   4805  4801  4795    -1
 4165   4807  4810  4808    -1
 4166   4811  4814  4812    -1
 4167   4819  4822  4821    -1
 4168   4815  4820  4819    -1
 4169   4817  4822  4818    -1
 4170   4827  4830  4829    -1
 4171   4823  4828  4827    -1
 4172   4825  4830  4826    -1
 4173   4807  4816  4815    -1
 4174   4811  4824  4823    -1
 4175   4808  4813  4811    -1
 4176   4820  4829  4822    -1
 4177   4816  4827  4820    -1
 4178   4818  4829  4825    -1
 4179   4808  4823  4816    -1
 4180   4834  4831  4833    -1
 4181   4832  4835  4831    -1
 4182   4837  4831  4835    -1
 4183   4840  4843  4842    -1
 4184   4842  4838  4840    -1
 4185   4844  4847  4846    -1
 4186   4844  4837  4835    -1
 4187   4840  4849  4841    -1
 4188   4837  4838  4833    -1
 4189   4846  4849  4848    -1
 4190   4848  4837  4846    -1
 4191   4850  4853  4851    -1
 4192   4850  4855  4854    -1
 4193   4856  4859  4857    -1
 4194   4856  4861  4860    -1
 4195   4862  4865  4864    -1
 4196   4866  4869  4868    -1
 4197   4870  4873  4872    -1
 4198   4874  4877  4876    -1
 4199   4862  4879  4863    -1
 4200   4866  4881  4867    -1
 4201   4872  4879  4878    -1
 4202   4876  4881  4880    -1
 4203   4851  4858  4856    -1
 4204   4851  4860  4855    -1
 4205   4863  4868  4865    -1
 4206   4871  4876  4873    -1
 4207   4873  4880  4879    -1
 4208   4863  4880  4866    -1
 4209   4834  4755  4756    -1
 4210   4838  4761  4760    -1
 4211   4833  4760  4755    -1
 4212   4781  4853  4852    -1
 4213   4785  4859  4858    -1
 4214   4782  4858  4853    -1
 4215   4835  4798  4797    -1
 4216   4802  4844  4801    -1
 4217   4844  4797  4801    -1
 4218   4809  4855  4810    -1
 4219   4817  4871  4870    -1
 4220   4813  4861  4814    -1
 4221   4825  4875  4874    -1
 4222   4810  4860  4813    -1
 4223   4818  4874  4871    -1
 4224   4744  4765  4746    -1
 4225   4749  4773  4771    -1
 4226   4754  4781  4756    -1
 4227   4759  4789  4787    -1
 4228   4746  4779  4754    -1
 4229   4752  4787  4773    -1
 4230   4796  4809  4807    -1
 4231   4804  4821  4806    -1
 4232   4800  4819  4804    -1
 4233   4802  4821  4817    -1
 4234   4796  4815  4800    -1
 4235   4832  4852  4850    -1
 4236   4832  4854  4836    -1
 4237   4841  4864  4843    -1
 4238   4845  4872  4847    -1
 4239   4847  4878  4849    -1
 4240   4841  4878  4862    -1
 4241   4798  4854  4809    -1
 4242   4802  4870  4845    -1
 4243   4756  4852  4834    -1
 4244   4884  4883  4882    -1
 4245   4883  4886  4882    -1
 4246   4888  4882  4886    -1
 4247   4891  4894  4890    -1
 4248   4896  4893  4892    -1
 4249   4896  4890  4894    -1
 4250   4887  4890  4886    -1
 4251   4892  4889  4888    -1
 4252   4892  4886  4890    -1
 4253   4898  4901  4899    -1
 4254   4898  4903  4902    -1
 4255   4906  4909  4907    -1
 4256   4906  4911  4910    -1
 4257   4914  4919  4918    -1
 4258   4916  4921  4917    -1
 4259   4922  4927  4926    -1
 4260   4924  4929  4925    -1
 4261   4902  4915  4914    -1
 4262   4904  4917  4905    -1
 4263   4910  4923  4922    -1
 4264   4912  4925  4913    -1
 4265   4899  4908  4906    -1
 4266   4899  4910  4903    -1
 4267   4926  4915  4922    -1
 4268   4917  4928  4924    -1
 4269   4903  4922  4915    -1
 4270   4905  4924  4912    -1
 4271   4932  4931  4930    -1
 4272   4939  4936  4938    -1
 4273   4937  4940  4936    -1
 4274   4942  4936  4940    -1
 4275   4948  4945  4947    -1
 4276   4944  4947  4943    -1
 4277   4952  4955  4954    -1
 4278   4954  4951  4950    -1
 4279   4954  4949  4952    -1
 4280   4935  4943  4934    -1
 4281   4949  4942  4940    -1
 4282   4941  4934  4940    -1
 4283   4952  4943  4947    -1
 4284   4949  4934  4943    -1
 4285   4956  4959  4957    -1
 4286   4962  4965  4963    -1
 4287   4968  4971  4969    -1
 4288   4968  4973  4972    -1
 4289   4974  4977  4975    -1
 4290   4974  4979  4978    -1
 4291   4982  4985  4983    -1
 4292   4980  4985  4984    -1
 4293   4988  4991  4989    -1
 4294   4986  4991  4990    -1
 4295   4994  4997  4996    -1
 4296   4992  4997  4993    -1
 4297   5000  5003  5002    -1
 4298   4998  5003  4999    -1
 4299   4960  4981  4980    -1
 4300   4966  4987  4986    -1
 4301   4960  4973  4961    -1
 4302   4966  4979  4967    -1
 4303   4957  4964  4962    -1
 4304   4969  4976  4974    -1
 4305   4969  4978  4973    -1
 4306   4983  4990  4988    -1
 4307   4981  4990  4985    -1
 4308   4995  5002  4997    -1
 4309   4993  5002  4998    -1
 4310   4961  4978  4966    -1
 4311   4961  4986  4981    -1
 4312   5008  5011  5010    -1
 4313   5009  5004  5005    -1
 4314   5008  5006  5004    -1
 4315   5012  5015  5013    -1
 4316   5020  5023  5022    -1
 4317   5016  5021  5020    -1
 4318   5028  5031  5030    -1
 4319   5024  5029  5028    -1
 4320   5032  5035  5033    -1
 4321   5036  5039  5037    -1
 4322   5021  5030  5023    -1
 4323   5017  5028  5021    -1
 4324   5033  5038  5036    -1
 4325   5045  5046  5044    -1
 4326   5046  5043  5042    -1
 4327   5046  5040  5044    -1
 4328   5050  5053  5051    -1
 4329   5054  5057  5055    -1
 4330   5042  5049  5048    -1
 4331   5052  5055  5053    -1
 4332   5062  5065  5064    -1
 4333   5060  5065  5061    -1
 4334   5070  5073  5072    -1
 4335   5068  5073  5069    -1
 4336   5078  5081  5079    -1
 4337   5082  5085  5083    -1
 4338   5086  5089  5087    -1
 4339   5090  5093  5091    -1
 4340   5060  5075  5074    -1
 4341   5080  5087  5081    -1
 4342   5068  5077  5076    -1
 4343   5084  5091  5085    -1
 4344   5063  5072  5065    -1
 4345   5061  5072  5068    -1
 4346   5079  5084  5082    -1
 4347   5087  5092  5090    -1
 4348   5061  5076  5075    -1
 4349   5081  5090  5084    -1
 4350   5005  4894  4895    -1
 4351   5006  4897  4896    -1
 4352   5004  4896  4894    -1
 4353   5017  4918  4919    -1
 4354   4920  5019  4921    -1
 4355   4926  5025  5024    -1
 4356   4928  5027  4929    -1
 4357   4919  5024  5017    -1
 4358   4921  5026  4928    -1
 4359   4946  5040  4945    -1
 4360   5046  5042  4945    -1
 4361   5048  4953  4952    -1
 4362   5042  5048  4945    -1
 4363   4982  5059  5058    -1
 4364   4988  5067  5066    -1
 4365   4994  5075  4995    -1
 4366   5000  5077  5001    -1
 4367   4983  5066  5059    -1
 4368   4995  5076  5000    -1
 4369   4930  4885  4884    -1
 4370   4888  4933  4932    -1
 4371   4932  4884  4888    -1
 4372   5041  5006  5040    -1
 4373   5010  5045  5044    -1
 4374   5010  5040  5006    -1
 4375   5014  5051  5015    -1
 4376   4900  4957  4901    -1
 4377   4904  4959  4958    -1
 4378   4908  4963  4909    -1
 4379   4912  4965  4964    -1
 4380   4901  4962  4908    -1
 4381   4905  4964  4959    -1
 4382   5018  5059  5019    -1
 4383   5022  5063  5062    -1
 4384   5034  5079  5035    -1
 4385   5026  5067  5027    -1
 4386   5030  5071  5070    -1
 4387   5038  5083  5039    -1
 4388   5019  5066  5026    -1
 4389   5023  5070  5063    -1
 4390   5035  5082  5038    -1
 4391   4883  4900  4898    -1
 4392   4883  4902  4887    -1
 4393   4891  4918  4895    -1
 4394   4893  4920  4916    -1
 4395   4887  4914  4891    -1
 4396   4889  4916  4904    -1
 4397   4931  4958  4956    -1
 4398   4937  4970  4968    -1
 4399   4937  4972  4941    -1
 4400   4946  4984  4982    -1
 4401   4944  4984  4948    -1
 4402   4953  4996  4955    -1
 4403   4951  4996  4992    -1
 4404   4935  4972  4960    -1
 4405   4935  4980  4944    -1
 4406   5009  5022  5011    -1
 4407   5005  5020  5009    -1
 4408   5013  5034  5032    -1
 4409   5045  5064  5047    -1
 4410   5043  5064  5060    -1
 4411   5051  5080  5078    -1
 4412   5055  5088  5086    -1
 4413   5043  5074  5049    -1
 4414   5053  5086  5080    -1
 4415   4885  4956  4900    -1
 4416   4889  4958  4933    -1
 4417   5007  5058  5018    -1
 4418   5011  5062  5045    -1
 4419   5015  5078  5034    -1
 4420   4895  5016  5005    -1
 4421   4897  5018  4920    -1
 4422   4946  5058  5041    -1
 4423   4953  5074  4994    -1
 4424   5097  5100  5099    -1
 4425   5094  5098  5097    -1
 4426   5094  5099  5096    -1
 4427   5103  5102  5101    -1
 4428   5107  5110  5109    -1
 4429   5105  5108  5107    -1
 4430   5113  5116  5115    -1
 4431   5111  5114  5113    -1
 4432   5117  5120  5118    -1
 4433   5121  5124  5122    -1
 4434   5108  5115  5110    -1
 4435   5106  5113  5108    -1
 4436   5118  5123  5121    -1
 4437   5127  5130  5129    -1
 4438   5125  5129  5126    -1
 4439   5133  5136  5135    -1
 4440   5131  5135  5132    -1
 4441   5140  5137  5139    -1
 4442   5129  5134  5133    -1
 4443   5126  5133  5131    -1
 4444   5141  5144  5143    -1
 4445   5145  5148  5147    -1
 4446   5149  5152  5151    -1
 4447   5153  5156  5155    -1
 4448   5157  5160  5158    -1
 4449   5161  5164  5162    -1
 4450   5143  5150  5149    -1
 4451   5147  5154  5153    -1
 4452   5142  5147  5144    -1
 4453   5150  5155  5152    -1
 4454   5158  5163  5161    -1
 4455   5144  5153  5150    -1
 4456   5170  5165  5166    -1
 4457   5167  5172  5168    -1
 4458   5171  5165  5169    -1
 4459   5174  5177  5173    -1
 4460   5268  5179  5173    -1
 4461   5174  5169  5170    -1
 4462   5175  5172  5171    -1
 4463   5173  5171  5169    -1
 4464   5180  5185  5184    -1
 4465   5182  5187  5183    -1
 4466   5188  5193  5192    -1
 4467   5190  5195  5191    -1
 4468   5196  5201  5200    -1
 4469   5202  5207  5206    -1
 4470   5184  5197  5196    -1
 4471   5186  5199  5187    -1
 4472   5192  5203  5202    -1
 4473   5194  5205  5195    -1
 4474   5181  5192  5185    -1
 4475   5183  5194  5190    -1
 4476   5197  5206  5201    -1
 4477   5185  5202  5197    -1
 4478   5187  5204  5194    -1
 4479   5209  5210  5208    -1
 4480   5213  5210  5211    -1
 4481   5216  5215  5214    -1
 4482   5220  5219  5218    -1
 4483   5223  5218  5222    -1
 4484   5226  5225  5224    -1
 4485   5229  5224  5228    -1
 4486   5221  5212  5213    -1
 4487   5224  5217  5216    -1
 4488   5215  5210  5214    -1
 4489   5212  5214  5210    -1
 4490   5228  5220  5223    -1
 4491   5220  5216  5212    -1
 4492   5230  5233  5232    -1
 4493   5232  5235  5234    -1
 4494   5236  5239  5238    -1
 4495   5238  5241  5240    -1
 4496   5242  5245  5243    -1
 4497   5246  5249  5247    -1
 4498   5250  5253  5251    -1
 4499   5254  5257  5255    -1
 4500   5258  5261  5259    -1
 4501   5262  5265  5263    -1
 4502   5234  5253  5252    -1
 4503   5240  5257  5256    -1
 4504   5244  5259  5245    -1
 4505   5248  5263  5249    -1
 4506   5232  5243  5233    -1
 4507   5238  5247  5239    -1
 4508   5231  5238  5233    -1
 4509   5233  5240  5235    -1
 4510   5243  5248  5246    -1
 4511   5251  5256  5254    -1
 4512   5259  5264  5262    -1
 4513   5233  5246  5238    -1
 4514   5235  5256  5253    -1
 4515   5245  5262  5248    -1
 4516   5166  5101  5102    -1
 4517   5167  5101  5165    -1
 4518   5117  5181  5180    -1
 4519   5121  5189  5188    -1
 4520   5118  5188  5181    -1
 4521   5139  5211  5140    -1
 4522   5208  5139  5137    -1
 4523   5159  5233  5160    -1
 4524   5163  5239  5164    -1
 4525   5160  5238  5163    -1
 4526   5099  5128  5127    -1
 4527   5096  5127  5125    -1
 4528   5137  5104  5103    -1
 4529   5168  5208  5167    -1
 4530   5219  5175  5218    -1
 4531   5179  5218  5175    -1
 4532   5109  5142  5141    -1
 4533   5119  5158  5120    -1
 4534   5115  5146  5145    -1
 4535   5123  5162  5124    -1
 4536   5110  5145  5142    -1
 4537   5120  5161  5123    -1
 4538   5182  5231  5230    -1
 4539   5198  5251  5199    -1
 4540   5190  5237  5236    -1
 4541   5204  5255  5205    -1
 4542   5183  5236  5231    -1
 4543   5199  5254  5204    -1
 4544   5098  5109  5100    -1
 4545   5095  5107  5098    -1
 4546   5102  5119  5117    -1
 4547   5128  5143  5130    -1
 4548   5134  5151  5136    -1
 4549   5138  5159  5157    -1
 4550   5130  5149  5134    -1
 4551   5166  5184  5170    -1
 4552   5168  5186  5182    -1
 4553   5174  5200  5178    -1
 4554   5170  5196  5174    -1
 4555   5172  5198  5186    -1
 4556   5209  5232  5211    -1
 4557   5211  5234  5213    -1
 4558   5215  5244  5242    -1
 4559   5219  5252  5250    -1
 4560   5225  5260  5258    -1
 4561   5211  5242  5232    -1
 4562   5213  5252  5221    -1
 4563   5217  5258  5244    -1
 4564   5100  5141  5128    -1
 4565   5104  5157  5119    -1
 4566   5168  5230  5209    -1
 4567   5176  5250  5198    -1
 4568   5102  5180  5166    -1
 4569   5140  5232  5159    -1
 4570   5208  5103  5167    -1
 4571   5272  5271  5273    -1
 4572   5271  5266  5267    -1
 4573   5272  5269  5268    -1
 4574   5270  5268  5266    -1
 4575   5278  5281  5280    -1
 4576   5274  5279  5278    -1
 4577   5276  5281  5277    -1
 4578   5286  5289  5288    -1
 4579   5282  5287  5286    -1
 4580   5284  5289  5285    -1
 4581   5279  5288  5281    -1
 4582   5275  5286  5279    -1
 4583   5277  5288  5284    -1
 4584   5290  5293  5292    -1
 4585   5294  5297  5296    -1
 4586   5292  5295  5294    -1
 4587   5298  5301  5300    -1
 4588   5302  5305  5304    -1
 4589   5306  5309  5308    -1
 4590   5310  5313  5312    -1
 4591   5300  5307  5306    -1
 4592   5304  5311  5310    -1
 4593   5299  5304  5301    -1
 4594   5307  5312  5309    -1
 4595   5301  5310  5307    -1
 4596   5268  5291  5290    -1
 4597   5276  5299  5298    -1
 4598   5284  5303  5302    -1
 4599   5277  5302  5299    -1
 4600   5271  5280  5273    -1
 4601   5267  5278  5271    -1
 4602   5269  5280  5276    -1
 4603   5291  5300  5293    -1
 4604   5295  5308  5297    -1
 4605   5293  5306  5295    -1
 4606   5269  5298  5291    -1
 4607   5178  5266  5177    -1
 4608   5268  5177  5266    -1
 4609   5200  5275  5274    -1
 4610   5206  5283  5282    -1
 4611   5201  5282  5275    -1
 4612   5222  5292  5223    -1
 4613   5294  5229  5228    -1
 4614   5223  5294  5228    -1
 4615   5178  5274  5267    -1
 4616   5290  5179  5268    -1
 4617   5012  5095  5094    -1
 4618   5012  5096  5014    -1
 4619   5032  5106  5105    -1
 4620   5036  5112  5111    -1
 4621   5033  5111  5106    -1
 4622   5050  5126  5052    -1
 4623   5054  5132  5056    -1
 4624   5052  5131  5054    -1
 4625   5013  5105  5095    -1
 4626   5014  5125  5050    -1
 4627   4704  4743  4703    -1
 4628   4748  4709  4747    -1
 4629   4747  4703  4743    -1
 4630   4727  4764  4763    -1
 4631   4733  4768  4767    -1
 4632   4728  4767  4764    -1
 4633   4704  4763  4744    -1
 4634   5318  5321  5320    -1
 4635   5314  5319  5318    -1
 4636   5316  5321  5317    -1
 4637   5326  5329  5328    -1
 4638   5322  5327  5326    -1
 4639   5324  5329  5325    -1
 4640   5330  5333  5331    -1
 4641   5334  5337  5335    -1
 4642   5319  5328  5321    -1
 4643   5315  5326  5319    -1
 4644   5317  5328  5324    -1
 4645   5331  5336  5334    -1
 4646   5342  5345  5344    -1
 4647   5338  5343  5342    -1
 4648   5344  5341  5340    -1
 4649   5339  5345  5343    -1
 4650   5346  5349  5347    -1
 4651   5350  5353  5352    -1
 4652   5354  5357  5356    -1
 4653   5362  5365  5363    -1
 4654   5366  5369  5367    -1
 4655   5370  5373  5371    -1
 4656   5374  5377  5375    -1
 4657   5352  5359  5358    -1
 4658   5364  5371  5365    -1
 4659   5356  5361  5360    -1
 4660   5368  5375  5369    -1
 4661   5351  5356  5353    -1
 4662   5363  5368  5366    -1
 4663   5371  5376  5374    -1
 4664   5353  5360  5359    -1
 4665   5365  5374  5368    -1
 4666   5379  5380  5378    -1
 4667   5384  5387  5385    -1
 4668   5388  5391  5389    -1
 4669   5381  5382  5380    -1
 4670   5386  5389  5387    -1
 4671   5392  5395  5394    -1
 4672   5396  5399  5398    -1
 4673   5393  5398  5395    -1
 4674   5400  5403  5402    -1
 4675   5404  5407  5406    -1
 4676   5408  5411  5410    -1
 4677   5412  5415  5414    -1
 4678   5414  5417  5416    -1
 4679   5418  5421  5420    -1
 4680   5420  5423  5422    -1
 4681   5424  5427  5426    -1
 4682   5428  5431  5430    -1
 4683   5416  5425  5424    -1
 4684   5422  5429  5428    -1
 4685   5406  5413  5412    -1
 4686   5410  5419  5418    -1
 4687   5405  5410  5407    -1
 4688   5413  5420  5415    -1
 4689   5415  5422  5417    -1
 4690   5425  5430  5427    -1
 4691   5407  5418  5413    -1
 4692   5417  5428  5425    -1
 4693   5432  5435  5434    -1
 4694   5436  5439  5438    -1
 4695   5438  5441  5440    -1
 4696   5443  5444  5442    -1
 4697   5441  5442  5440    -1
 4698   5434  5437  5436    -1
 4699   5330  5393  5392    -1
 4700   5334  5397  5396    -1
 4701   5331  5396  5393    -1
 4702   5346  5401  5400    -1
 4703   5347  5403  5401    -1
 4704   5385  5435  5433    -1
 4705   5389  5439  5437    -1
 4706   5387  5437  5435    -1
 4707   5316  5351  5350    -1
 4708   5332  5363  5333    -1
 4709   5324  5355  5354    -1
 4710   5336  5367  5337    -1
 4711   5317  5354  5351    -1
 4712   5333  5366  5336    -1
 4713   5394  5405  5404    -1
 4714   5398  5409  5408    -1
 4715   5395  5408  5405    -1
 4716   5340  5379  5378    -1
 4717   5348  5385  5349    -1
 4718   5402  5433  5432    -1
 4719   5327  5344  5329    -1
 4720   5323  5342  5327    -1
 4721   5325  5344  5340    -1
 4722   5335  5348  5346    -1
 4723   5355  5380  5357    -1
 4724   5367  5386  5384    -1
 4725   5375  5390  5388    -1
 4726   5357  5382  5361    -1
 4727   5369  5388  5386    -1
 4728   5397  5402  5399    -1
 4729   5409  5434  5411    -1
 4730   5419  5438  5421    -1
 4731   5421  5440  5423    -1
 4732   5429  5444  5431    -1
 4733   5411  5436  5419    -1
 4734   5423  5442  5429    -1
 4735   5325  5378  5355    -1
 4736   5337  5384  5348    -1
 4737   5399  5432  5409    -1
 4738   5335  5400  5397    -1
 4739   5349  5433  5403    -1
 4740   5446  5449  5448    -1
 4741   5450  5453  5452    -1
 4742   5447  5452  5449    -1
 4743   5455  5456  5454    -1
 4744   5458  5461  5459    -1
 4745   5462  5465  5464    -1
 4746   5458  5463  5462    -1
 4747   5466  5469  5467    -1
 4748   5470  5473  5472    -1
 4749   5466  5471  5470    -1
 4750   5459  5468  5466    -1
 4751   5463  5472  5465    -1
 4752   5459  5470  5463    -1
 4753   5474  5477  5475    -1
 4754   5478  5481  5480    -1
 4755   5474  5479  5478    -1
 4756   5475  5481  5479    -1
 4757   5482  5485  5483    -1
 4758   5486  5489  5488    -1
 4759   5490  5493  5491    -1
 4760   5494  5497  5496    -1
 4761   5498  5501  5499    -1
 4762   5502  5505  5504    -1
 4763   5506  5509  5507    -1
 4764   5510  5513  5512    -1
 4765   5514  5517  5516    -1
 4766   5518  5521  5520    -1
 4767   5504  5515  5514    -1
 4768   5512  5519  5518    -1
 4769   5484  5499  5485    -1
 4770   5488  5503  5502    -1
 4771   5492  5507  5493    -1
 4772   5496  5511  5510    -1
 4773   5483  5492  5490    -1
 4774   5487  5496  5489    -1
 4775   5499  5508  5506    -1
 4776   5503  5512  5505    -1
 4777   5515  5520  5517    -1
 4778   5485  5506  5492    -1
 4779   5489  5510  5503    -1
 4780   5505  5518  5515    -1
 4781   5522  5525  5523    -1
 4782   5526  5529  5528    -1
 4783   5523  5529  5527    -1
 4784   5530  5533  5531    -1
 4785   5534  5537  5536    -1
 4786   5531  5537  5535    -1
 4787   5538  5541  5540    -1
 4788   5536  5539  5538    -1
 4789   5524  5531  5525    -1
 4790   5528  5535  5534    -1
 4791   5525  5535  5529    -1
 4792   5460  5483  5461    -1
 4793   5464  5487  5486    -1
 4794   5468  5491  5469    -1
 4795   5472  5495  5494    -1
 4796   5461  5490  5468    -1
 4797   5465  5494  5487    -1
 4798   5476  5523  5477    -1
 4799   5480  5527  5526    -1
 4800   5477  5527  5481    -1
 4801   5451  5456  5453    -1
 4802   5467  5476  5474    -1
 4803   5471  5480  5473    -1
 4804   5467  5478  5471    -1
 4805   5491  5524  5522    -1
 4806   5495  5528  5497    -1
 4807   5507  5532  5530    -1
 4808   5511  5536  5513    -1
 4809   5519  5540  5521    -1
 4810   5493  5530  5524    -1
 4811   5497  5534  5511    -1
 4812   5513  5538  5519    -1
 4813   5469  5522  5476    -1
 4814   5473  5526  5495    -1
 4815   5426  5447  5446    -1
 4816   5430  5451  5450    -1
 4817   5427  5450  5447    -1
 4818   5445  5454  5444    -1
 4819   5431  5454  5451    -1
 4820   5542  5545  5544    -1
 4821   5546  5549  5548    -1
 4822   5550  5553  5552    -1
 4823   5554  5557  5556    -1
 4824   5544  5551  5550    -1
 4825   5548  5555  5554    -1
 4826   5543  5548  5545    -1
 4827   5551  5556  5553    -1
 4828   5545  5554  5551    -1
 4829   5558  5561  5560    -1
 4830   5562  5565  5564    -1
 4831   5560  5563  5562    -1
 4832   5566  5569  5567    -1
 4833   5570  5573  5572    -1
 4834   5566  5571  5570    -1
 4835   5574  5577  5575    -1
 4836   5578  5581  5580    -1
 4837   5574  5579  5578    -1
 4838   5567  5576  5574    -1
 4839   5571  5580  5573    -1
 4840   5567  5578  5571    -1
 4841   5582  5585  5583    -1
 4842   5586  5589  5588    -1
 4843   5582  5587  5586    -1
 4844   5583  5589  5587    -1
 4845   5590  5593  5591    -1
 4846   5594  5597  5596    -1
 4847   5598  5601  5599    -1
 4848   5602  5605  5604    -1
 4849   5606  5609  5607    -1
 4850   5610  5613  5612    -1
 4851   5614  5617  5615    -1
 4852   5618  5621  5620    -1
 4853   5592  5607  5593    -1
 4854   5596  5611  5610    -1
 4855   5600  5615  5601    -1
 4856   5604  5619  5618    -1
 4857   5591  5600  5598    -1
 4858   5595  5604  5597    -1
 4859   5607  5616  5614    -1
 4860   5611  5620  5613    -1
 4861   5593  5614  5600    -1
 4862   5597  5618  5611    -1
 4863   5622  5625  5623    -1
 4864   5626  5629  5628    -1
 4865   5623  5629  5627    -1
 4866   5630  5633  5631    -1
 4867   5634  5637  5636    -1
 4868   5633  5635  5631    -1
 4869   5624  5631  5625    -1
 4870   5628  5635  5634    -1
 4871   5625  5635  5629    -1
 4872   5552  5609  5608    -1
 4873   5556  5617  5616    -1
 4874   5553  5616  5609    -1
 4875   5564  5633  5632    -1
 4876   5568  5591  5569    -1
 4877   5572  5595  5594    -1
 4878   5576  5599  5577    -1
 4879   5580  5603  5602    -1
 4880   5569  5598  5576    -1
 4881   5573  5602  5595    -1
 4882   5584  5623  5585    -1
 4883   5588  5627  5626    -1
 4884   5585  5627  5589    -1
 4885   5547  5560  5549    -1
 4886   5555  5564  5557    -1
 4887   5549  5562  5555    -1
 4888   5575  5584  5582    -1
 4889   5579  5588  5581    -1
 4890   5575  5586  5579    -1
 4891   5599  5624  5622    -1
 4892   5603  5628  5605    -1
 4893   5615  5632  5630    -1
 4894   5619  5636  5621    -1
 4895   5601  5630  5624    -1
 4896   5605  5634  5619    -1
 4897   5577  5622  5584    -1
 4898   5581  5626  5603    -1
 4899   5557  5632  5617    -1
 4900   5638  5641  5639    -1
 4901   5638  5643  5642    -1
 4902   5640  5645  5641    -1
 4903   5646  5649  5647    -1
 4904   5646  5651  5650    -1
 4905   5648  5653  5649    -1
 4906   5654  5657  5656    -1
 4907   5658  5661  5660    -1
 4908   5642  5655  5654    -1
 4909   5650  5659  5658    -1
 4910   5639  5648  5646    -1
 4911   5639  5650  5643    -1
 4912   5641  5652  5648    -1
 4913   5655  5660  5657    -1
 4914   5643  5658  5655    -1
 4915   5665  5662  5664    -1
 4916   5662  5667  5666    -1
 4917   5664  5669  5665    -1
 4918   5665  5667  5663    -1
 4919   5670  5673  5672    -1
 4920   5666  5671  5670    -1
 4921   5667  5673  5671    -1
 4922   5674  5677  5675    -1
 4923   5678  5681  5679    -1
 4924   5688  5691  5690    -1
 4925   5686  5689  5688    -1
 4926   5694  5697  5696    -1
 4927   5692  5695  5694    -1
 4928   5698  5701  5699    -1
 4929   5702  5705  5703    -1
 4930   5682  5699  5683    -1
 4931   5684  5703  5685    -1
 4932   5676  5683  5677    -1
 4933   5680  5685  5681    -1
 4934   5675  5680  5678    -1
 4935   5689  5696  5691    -1
 4936   5687  5694  5689    -1
 4937   5699  5704  5702    -1
 4938   5677  5684  5680    -1
 4939   5683  5702  5684    -1
 4940   5708  5707  5706    -1
 4941   5716  5717  5715    -1
 4942   5713  5715  5712    -1
 4943   5714  5716  5713    -1
 4944   5721  5720  5719    -1
 4945   5722  5723  5720    -1
 4946   5707  5714  5713    -1
 4947   5710  5720  5711    -1
 4948   5710  5709  5708    -1
 4949   5714  5723  5718    -1
 4950   5711  5714  5709    -1
 4951   5644  5675  5645    -1
 4952   5656  5687  5686    -1
 4953   5652  5679  5653    -1
 4954   5660  5693  5692    -1
 4955   5645  5678  5652    -1
 4956   5657  5692  5687    -1
 4957   5707  5668  5706    -1
 4958   5672  5713  5712    -1
 4959   5707  5673  5669    -1
 4960   5647  5664  5662    -1
 4961   5647  5666  5651    -1
 4962   5649  5668  5664    -1
 4963   5659  5672  5661    -1
 4964   5651  5670  5659    -1
 4965   5679  5708  5706    -1
 4966   5695  5717  5697    -1
 4967   5693  5715  5695    -1
 4968   5703  5721  5719    -1
 4969   5681  5710  5708    -1
 4970   5685  5719  5710    -1
 4971   5653  5706  5668    -1
 4972   5661  5712  5693    -1
 4973   5516  5543  5542    -1
 4974   5520  5547  5546    -1
 4975   5517  5546  5543    -1
 4976   5540  5559  5558    -1
 4977   5521  5558  5547    -1
 4978   5725  5728  5727    -1
 4979   5729  5732  5731    -1
 4980   5733  5736  5734    -1
 4981   5737  5740  5738    -1
 4982   5741  5744  5743    -1
 4983   5745  5748  5747    -1
 4984   5749  5752  5750    -1
 4985   5753  5756  5754    -1
 4986   5727  5742  5741    -1
 4987   5731  5746  5745    -1
 4988   5735  5750  5736    -1
 4989   5739  5754  5740    -1
 4990   5726  5731  5728    -1
 4991   5734  5739  5737    -1
 4992   5742  5747  5744    -1
 4993   5750  5755  5753    -1
 4994   5728  5745  5742    -1
 4995   5736  5753  5739    -1
 4996   5757  5760  5759    -1
 4997   5762  5766  5763    -1
 4998   5761  5766  5764    -1
 4999   5767  5770  5769    -1
 5000   5772  5776  5773    -1
 5001   5773  5774  5771    -1
 5002   5759  5768  5767    -1
 5003   5765  5773  5766    -1
 5004   5764  5773  5771    -1
 5005   5758  5764  5760    -1
 5006   5768  5774  5770    -1
 5007   5760  5771  5768    -1
 5008   5777  5780  5778    -1
 5009   5781  5784  5782    -1
 5010   5789  5792  5791    -1
 5011   5785  5790  5789    -1
 5012   5787  5792  5788    -1
 5013   5797  5800  5799    -1
 5014   5793  5798  5797    -1
 5015   5795  5800  5796    -1
 5016   5777  5786  5785    -1
 5017   5781  5794  5793    -1
 5018   5778  5783  5781    -1
 5019   5790  5799  5792    -1
 5020   5786  5797  5790    -1
 5021   5788  5799  5795    -1
 5022   5778  5793  5786    -1
 5023   5804  5801  5803    -1
 5024   5809  5812  5811    -1
 5025   5810  5805  5806    -1
 5026   5811  5808  5807    -1
 5027   5806  5812  5810    -1
 5028   5806  5801  5802    -1
 5029   5806  5802  5812    -1
 5030   5813  5816  5814    -1
 5031   5813  5818  5817    -1
 5032   5819  5822  5820    -1
 5033   5819  5824  5823    -1
 5034   5825  5828  5827    -1
 5035   5829  5832  5831    -1
 5036   5833  5836  5835    -1
 5037   5837  5840  5839    -1
 5038   5825  5842  5826    -1
 5039   5829  5844  5830    -1
 5040   5835  5842  5841    -1
 5041   5839  5844  5843    -1
 5042   5814  5821  5819    -1
 5043   5814  5823  5818    -1
 5044   5826  5831  5828    -1
 5045   5834  5839  5836    -1
 5046   5836  5843  5842    -1
 5047   5826  5843  5829    -1
 5048   5847  5846  5845    -1
 5049   5850  5845  5846    -1
 5050   5846  5851  5850    -1
 5051   5855  5856  5854    -1
 5052   5852  5857  5855    -1
 5053   5859  5860  5858    -1
 5054   5851  5859  5850    -1
 5055   5862  5855  5854    -1
 5056   5852  5851  5848    -1
 5057   5861  5862  5860    -1
 5058   5851  5863  5861    -1
 5059   5743  5816  5815    -1
 5060   5747  5822  5821    -1
 5061   5744  5821  5816    -1
 5062   5770  5847  5769    -1
 5063   5776  5852  5774    -1
 5064   5774  5848  5770    -1
 5065   5779  5818  5780    -1
 5066   5787  5834  5833    -1
 5067   5783  5824  5784    -1
 5068   5795  5838  5837    -1
 5069   5780  5823  5783    -1
 5070   5788  5837  5834    -1
 5071   5850  5803  5849    -1
 5072   5807  5859  5858    -1
 5073   5804  5859  5808    -1
 5074   5730  5759  5732    -1
 5075   5738  5765  5762    -1
 5076   5746  5769  5748    -1
 5077   5754  5775  5772    -1
 5078   5732  5767  5746    -1
 5079   5740  5772  5765    -1
 5080   5782  5803  5801    -1
 5081   5798  5811  5800    -1
 5082   5794  5809  5798    -1
 5083   5796  5811  5807    -1
 5084   5782  5805  5794    -1
 5085   5820  5847  5845    -1
 5086   5820  5849  5824    -1
 5087   5830  5856  5832    -1
 5088   5838  5860  5840    -1
 5089   5840  5862  5844    -1
 5090   5830  5862  5854    -1
 5091   5784  5849  5803    -1
 5092   5796  5858  5838    -1
 5093   5748  5847  5822    -1
 5094   5864  5867  5865    -1
 5095   5864  5869  5868    -1
 5096   5872  5875  5873    -1
 5097   5872  5877  5876    -1
 5098   5880  5885  5884    -1
 5099   5882  5887  5883    -1
 5100   5888  5893  5892    -1
 5101   5890  5895  5891    -1
 5102   5868  5881  5880    -1
 5103   5870  5883  5871    -1
 5104   5876  5889  5888    -1
 5105   5878  5891  5879    -1
 5106   5865  5874  5872    -1
 5107   5865  5876  5869    -1
 5108   5881  5892  5885    -1
 5109   5883  5894  5890    -1
 5110   5869  5888  5881    -1
 5111   5871  5890  5878    -1
 5112   5896  5899  5897    -1
 5113   5901  5896  5897    -1
 5114   5897  5903  5901    -1
 5115   5909  5904  5905    -1
 5116   5906  5911  5907    -1
 5117   5905  5911  5909    -1
 5118   5905  5900  5901    -1
 5119   5902  5907  5903    -1
 5120   5901  5907  5905    -1
 5121   5912  5915  5913    -1
 5122   5918  5921  5919    -1
 5123   5924  5927  5925    -1
 5124   5924  5929  5928    -1
 5125   5930  5933  5931    -1
 5126   5930  5935  5934    -1
 5127   5938  5941  5939    -1
 5128   5936  5941  5940    -1
 5129   5944  5947  5945    -1
 5130   5942  5947  5946    -1
 5131   5950  5953  5952    -1
 5132   5948  5953  5949    -1
 5133   5956  5959  5958    -1
 5134   5954  5959  5955    -1
 5135   5916  5937  5936    -1
 5136   5922  5943  5942    -1
 5137   5916  5929  5917    -1
 5138   5922  5935  5923    -1
 5139   5913  5920  5918    -1
 5140   5925  5932  5930    -1
 5141   5925  5934  5929    -1
 5142   5939  5946  5944    -1
 5143   5937  5946  5941    -1
 5144   5951  5958  5953    -1
 5145   5949  5958  5954    -1
 5146   5917  5934  5922    -1
 5147   5917  5942  5937    -1
 5148   5960  5963  5961    -1
 5149   5968  5967  5966    -1
 5150   5971  5966  5967    -1
 5151   5967  5972  5971    -1
 5152   5977  5976  5975    -1
 5153   5978  5973  5974    -1
 5154   5983  5984  5982    -1
 5155   5980  5985  5981    -1
 5156   5979  5985  5983    -1
 5157   5974  5964  5965    -1
 5158   5972  5979  5971    -1
 5159   5970  5965  5964    -1
 5160   5974  5983  5978    -1
 5161   5965  5979  5974    -1
 5162   5990  5993  5992    -1
 5163   5986  5991  5990    -1
 5164   5998  6001  6000    -1
 5165   5994  5999  5998    -1
 5166   6002  6005  6003    -1
 5167   6006  6009  6007    -1
 5168   5991  6000  5993    -1
 5169   5987  5998  5991    -1
 5170   6003  6008  6006    -1
 5171   6015  6016  6014    -1
 5172   6011  6014  6010    -1
 5173   6013  6015  6011    -1
 5174   6018  6021  6019    -1
 5175   6026  6029  6028    -1
 5176   6024  6029  6025    -1
 5177   6034  6037  6036    -1
 5178   6032  6037  6033    -1
 5179   6042  6045  6043    -1
 5180   6046  6049  6047    -1
 5181   6050  6053  6051    -1
 5182   6054  6057  6055    -1
 5183   6024  6039  6038    -1
 5184   6044  6051  6045    -1
 5185   6032  6041  6040    -1
 5186   6048  6055  6049    -1
 5187   6027  6036  6029    -1
 5188   6025  6036  6032    -1
 5189   6043  6048  6046    -1
 5190   6051  6056  6054    -1
 5191   6025  6040  6039    -1
 5192   6045  6054  6048    -1
 5193   6062  6065  6064    -1
 5194   6060  6065  6061    -1
 5195   6059  6065  6063    -1
 5196   6068  6071  6069    -1
 5197   6072  6075  6073    -1
 5198   6061  6066  6060    -1
 5199   6070  6073  6071    -1
 5200   5884  5987  5986    -1
 5201   5886  5989  5887    -1
 5202   5892  5995  5994    -1
 5203   5894  5997  5895    -1
 5204   5885  5994  5987    -1
 5205   5887  5996  5894    -1
 5206   5909  6010  5908    -1
 5207   5910  6013  5911    -1
 5208   5911  6011  5909    -1
 5209   5938  6023  6022    -1
 5210   5944  6031  6030    -1
 5211   5950  6039  5951    -1
 5212   5956  6041  5957    -1
 5213   5939  6030  6023    -1
 5214   5951  6040  5956    -1
 5215   6059  5975  5976    -1
 5216   6059  5976  6065    -1
 5217   5982  6067  5983    -1
 5218   5976  5978  6067    -1
 5219   5866  5913  5867    -1
 5220   5870  5915  5914    -1
 5221   5874  5919  5875    -1
 5222   5878  5921  5920    -1
 5223   5867  5918  5874    -1
 5224   5871  5920  5915    -1
 5225   5988  6023  5989    -1
 5226   5992  6027  6026    -1
 5227   6004  6043  6005    -1
 5228   5996  6031  5997    -1
 5229   6000  6035  6034    -1
 5230   6008  6047  6009    -1
 5231   5989  6030  5996    -1
 5232   5993  6034  6027    -1
 5233   6005  6046  6008    -1
 5234   5961  5898  5960    -1
 5235   5903  5962  5902    -1
 5236   5899  5963  5903    -1
 5237   6058  6013  6012    -1
 5238   6017  6062  6016    -1
 5239   6059  6017  6013    -1
 5240   6020  6069  6021    -1
 5241   5873  5898  5896    -1
 5242   5873  5900  5877    -1
 5243   5889  5908  5893    -1
 5244   5891  5910  5906    -1
 5245   5877  5904  5889    -1
 5246   5879  5906  5902    -1
 5247   5919  5962  5960    -1
 5248   5931  5968  5966    -1
 5249   5931  5970  5935    -1
 5250   5945  5977  5975    -1
 5251   5943  5977  5947    -1
 5252   5957  5984  5959    -1
 5253   5955  5984  5980    -1
 5254   5923  5970  5964    -1
 5255   5923  5973  5943    -1
 5256   5999  6016  6001    -1
 5257   5995  6014  5999    -1
 5258   6007  6020  6018    -1
 5259   6035  6064  6037    -1
 5260   6033  6064  6060    -1
 5261   6047  6070  6068    -1
 5262   6055  6074  6072    -1
 5263   6033  6066  6041    -1
 5264   6049  6072  6070    -1
 5265   5875  5960  5898    -1
 5266   5879  5962  5921    -1
 5267   5997  6058  6012    -1
 5268   6001  6062  6035    -1
 5269   6009  6068  6020    -1
 5270   5893  6010  5995    -1
 5271   5895  6012  5910    -1
 5272   5945  6058  6031    -1
 5273   5957  6066  5982    -1
 5274   6078  6081  6080    -1
 5275   6076  6079  6078    -1
 5276   6084  6087  6086    -1
 5277   6082  6085  6084    -1
 5278   6088  6091  6089    -1
 5279   6092  6095  6093    -1
 5280   6079  6086  6081    -1
 5281   6077  6084  6079    -1
 5282   6089  6094  6092    -1
 5283   6099  6102  6101    -1
 5284   6096  6100  6099    -1
 5285   6097  6102  6100    -1
 5286   6106  6103  6105    -1
 5287   6107  6110  6109    -1
 5288   6111  6114  6113    -1
 5289   6115  6118  6117    -1
 5290   6119  6122  6121    -1
 5291   6123  6126  6124    -1
 5292   6127  6130  6128    -1
 5293   6109  6116  6115    -1
 5294   6113  6120  6119    -1
 5295   6108  6113  6110    -1
 5296   6116  6121  6118    -1
 5297   6124  6129  6127    -1
 5298   6110  6119  6116    -1
 5299   6133  6136  6135    -1
 5300   6131  6136  6134    -1
 5301   6139  6142  6141    -1
 5302   6137  6142  6140    -1
 5303   6145  6144  6143    -1
 5304   6135  6140  6139    -1
 5305   6132  6140  6136    -1
 5306   6147  6152  6151    -1
 5307   6149  6154  6150    -1
 5308   6155  6160  6159    -1
 5309   6157  6162  6158    -1
 5310   6163  6168  6167    -1
 5311   6169  6174  6173    -1
 5312   6151  6164  6163    -1
 5313   6153  6166  6154    -1
 5314   6159  6170  6169    -1
 5315   6161  6172  6162    -1
 5316   6148  6159  6152    -1
 5317   6150  6161  6157    -1
 5318   6164  6173  6168    -1
 5319   6152  6169  6164    -1
 5320   6154  6171  6161    -1
 5321   6176  6179  6175    -1
 5322   6178  6181  6182    -1
 5323   6176  6182  6180    -1
 5324   6188  6183  6184    -1
 5325   6188  6184  6267    -1
 5326   6180  6183  6179    -1
 5327   6181  6186  6182    -1
 5328   6182  6184  6180    -1
 5329   6190  6193  6192    -1
 5330   6192  6195  6194    -1
 5331   6196  6199  6198    -1
 5332   6198  6201  6200    -1
 5333   6202  6205  6203    -1
 5334   6206  6209  6207    -1
 5335   6210  6213  6211    -1
 5336   6214  6217  6215    -1
 5337   6218  6221  6219    -1
 5338   6222  6225  6223    -1
 5339   6194  6213  6212    -1
 5340   6200  6217  6216    -1
 5341   6204  6219  6205    -1
 5342   6208  6223  6209    -1
 5343   6192  6203  6193    -1
 5344   6198  6207  6199    -1
 5345   6191  6198  6193    -1
 5346   6193  6200  6195    -1
 5347   6203  6208  6206    -1
 5348   6211  6216  6214    -1
 5349   6219  6224  6222    -1
 5350   6193  6206  6198    -1
 5351   6195  6216  6213    -1
 5352   6205  6222  6208    -1
 5353   6226  6229  6228    -1
 5354   6229  6230  6228    -1
 5355   6232  6235  6233    -1
 5356   6236  6239  6237    -1
 5357   6237  6241  6240    -1
 5358   6245  6242  6244    -1
 5359   6243  6247  6246    -1
 5360   6231  6238  6230    -1
 5361   6234  6243  6235    -1
 5362   6232  6229  6228    -1
 5363   6233  6231  6229    -1
 5364   6239  6246  6241    -1
 5365   6235  6239  6231    -1
 5366   6088  6148  6147    -1
 5367   6092  6156  6155    -1
 5368   6089  6155  6148    -1
 5369   6104  6175  6103    -1
 5370   6104  6178  6176    -1
 5371   6125  6193  6126    -1
 5372   6129  6199  6130    -1
 5373   6126  6198  6129    -1
 5374   6228  6146  6145    -1
 5375   6146  6227  6144    -1
 5376   6080  6108  6107    -1
 5377   6090  6124  6091    -1
 5378   6086  6112  6111    -1
 5379   6094  6128  6095    -1
 5380   6081  6111  6108    -1
 5381   6091  6127  6094    -1
 5382   6149  6191  6190    -1
 5383   6165  6211  6166    -1
 5384   6157  6197  6196    -1
 5385   6171  6215  6172    -1
 5386   6150  6196  6191    -1
 5387   6166  6214  6171    -1
 5388   6101  6134  6133    -1
 5389   6098  6134  6102    -1
 5390   6144  6105  6143    -1
 5391   6177  6227  6226    -1
 5392   6185  6237  6186    -1
 5393   6237  6189  6186    -1
 5394   6085  6101  6087    -1
 5395   6083  6099  6085    -1
 5396   6093  6105  6103    -1
 5397   6112  6135  6114    -1
 5398   6120  6141  6122    -1
 5399   6128  6145  6143    -1
 5400   6114  6139  6120    -1
 5401   6156  6179  6160    -1
 5402   6158  6181  6177    -1
 5403   6170  6187  6174    -1
 5404   6160  6183  6170    -1
 5405   6162  6185  6181    -1
 5406   6197  6228  6199    -1
 5407   6199  6230  6201    -1
 5408   6207  6234  6232    -1
 5409   6215  6238  6236    -1
 5410   6223  6244  6242    -1
 5411   6199  6232  6228    -1
 5412   6201  6238  6217    -1
 5413   6209  6242  6234    -1
 5414   6087  6133  6112    -1
 5415   6095  6143  6105    -1
 5416   6158  6226  6197    -1
 5417   6172  6236  6185    -1
 5418   6093  6175  6156    -1
 5419   6130  6228  6145    -1
 5420   6106  6227  6178    -1
 5421   6252  6255  6254    -1
 5422   6248  6253  6252    -1
 5423   6250  6255  6251    -1
 5424   6260  6263  6262    -1
 5425   6256  6261  6260    -1
 5426   6258  6263  6259    -1
 5427   6253  6262  6255    -1
 5428   6249  6260  6253    -1
 5429   6251  6262  6258    -1
 5430   6268  6271  6270    -1
 5431   6269  6264  6265    -1
 5432   6266  6271  6267    -1
 5433   6267  6269  6265    -1
 5434   6272  6275  6274    -1
 5435   6276  6279  6278    -1
 5436   6280  6283  6282    -1
 5437   6284  6287  6286    -1
 5438   6274  6281  6280    -1
 5439   6278  6285  6284    -1
 5440   6273  6278  6275    -1
 5441   6281  6286  6283    -1
 5442   6275  6284  6281    -1
 5443   6288  6291  6290    -1
 5444   6293  6294  6292    -1
 5445   6290  6293  6292    -1
 5446   6250  6273  6272    -1
 5447   6258  6277  6276    -1
 5448   6251  6276  6273    -1
 5449   6266  6289  6288    -1
 5450   6261  6270  6263    -1
 5451   6257  6268  6261    -1
 5452   6259  6270  6266    -1
 5453   6277  6290  6279    -1
 5454   6285  6294  6287    -1
 5455   6279  6292  6285    -1
 5456   6259  6288  6277    -1
 5457   6167  6249  6248    -1
 5458   6173  6257  6256    -1
 5459   6168  6256  6249    -1
 5460   6265  6187  6188    -1
 5461   6188  6267  6265    -1
 5462   6240  6291  6289    -1
 5463   6247  6293  6246    -1
 5464   6241  6293  6291    -1
 5465   6174  6264  6257    -1
 5466   6189  6289  6267    -1
 5467   6002  6077  6076    -1
 5468   6006  6083  6082    -1
 5469   6003  6082  6077    -1
 5470   6018  6097  6096    -1
 5471   6019  6098  6097    -1
 5472   6069  6132  6131    -1
 5473   6073  6138  6137    -1
 5474   6071  6137  6132    -1
 5475   6007  6096  6083    -1
 5476   6021  6131  6098    -1
 5477   5690  5726  5725    -1
 5478   5696  5730  5729    -1
 5479   5691  5729  5726    -1
 5480   5717  5758  5757    -1
 5481   5723  5763  5761    -1
 5482   5718  5761  5758    -1
 5483   5697  5757  5730    -1
 5484   6296  6299  6297    -1
 5485   6300  6303  6301    -1
 5486   6298  6301  6299    -1
 5487   6304  6307  6305    -1
 5488   6308  6311  6309    -1
 5489   6312  6315  6313    -1
 5490   6316  6319  6317    -1
 5491   6306  6313  6307    -1
 5492   6310  6317  6311    -1
 5493   6305  6310  6308    -1
 5494   6313  6318  6316    -1
 5495   6307  6316  6310    -1
 5496   6320  6323  6321    -1
 5497   6324  6327  6325    -1
 5498   6328  6331  6329    -1
 5499   6325  6330  6328    -1
 5500   6332  6335  6334    -1
 5501   6332  6337  6333    -1
 5502   6338  6341  6340    -1
 5503   6346  6345  6344    -1
 5504   6344  6343  6342    -1
 5505   6342  6337  6336    -1
 5506   6334  6339  6338    -1
 5507   6350  6353  6352    -1
 5508   6350  6355  6351    -1
 5509   6356  6359  6358    -1
 5510   6356  6361  6357    -1
 5511   6362  6365  6364    -1
 5512   6366  6369  6368    -1
 5513   6372  6375  6373    -1
 5514   6370  6373  6371    -1
 5515   6378  6381  6379    -1
 5516   6376  6379  6377    -1
 5517   6354  6371  6355    -1
 5518   6360  6377  6361    -1
 5519   6352  6363  6362    -1
 5520   6358  6367  6366    -1
 5521   6351  6358  6353    -1
 5522   6351  6360  6356    -1
 5523   6363  6368  6365    -1
 5524   6373  6380  6378    -1
 5525   6371  6378  6376    -1
 5526   6353  6366  6363    -1
 5527   6355  6376  6360    -1
 5528   6391  6386  6387    -1
 5529   6388  6393  6389    -1
 5530   6392  6386  6390    -1
 5531   6395  6398  6394    -1
 5532   6396  6401  6397    -1
 5533   6400  6394  6398    -1
 5534   6391  6394  6390    -1
 5535   6392  6397  6393    -1
 5536   6394  6392  6390    -1
 5537   6402  6407  6406    -1
 5538   6404  6409  6405    -1
 5539   6410  6415  6414    -1
 5540   6412  6417  6413    -1
 5541   6418  6423  6422    -1
 5542   6420  6425  6421    -1
 5543   6426  6431  6430    -1
 5544   6428  6433  6429    -1
 5545   6406  6419  6418    -1
 5546   6408  6421  6409    -1
 5547   6414  6427  6426    -1
 5548   6416  6429  6417    -1
 5549   6403  6414  6407    -1
 5550   6405  6416  6412    -1
 5551   6419  6430  6423    -1
 5552   6421  6432  6428    -1
 5553   6407  6426  6419    -1
 5554   6409  6428  6416    -1
 5555   6332  6298  6296    -1
 5556   6300  6340  6302    -1
 5557   6298  6338  6300    -1
 5558   6322  6389  6323    -1
 5559   6388  6320  6386    -1
 5560   6326  6405  6327    -1
 5561   6330  6413  6331    -1
 5562   6327  6412  6330    -1
 5563   6302  6321  6303    -1
 5564   6341  6386  6340    -1
 5565   6398  6349  6348    -1
 5566   6314  6325  6315    -1
 5567   6318  6329  6319    -1
 5568   6315  6328  6318    -1
 5569   6364  6403  6402    -1
 5570   6382  6423  6383    -1
 5571   6368  6411  6410    -1
 5572   6384  6431  6385    -1
 5573   6365  6410  6403    -1
 5574   6383  6430  6384    -1
 5575   6297  6306  6304    -1
 5576   6301  6314  6312    -1
 5577   6299  6312  6306    -1
 5578   6321  6326  6324    -1
 5579   6333  6352  6335    -1
 5580   6333  6354  6350    -1
 5581   6339  6364  6341    -1
 5582   6345  6374  6372    -1
 5583   6343  6372  6370    -1
 5584   6335  6362  6339    -1
 5585   6337  6370  6354    -1
 5586   6387  6406  6391    -1
 5587   6389  6408  6404    -1
 5588   6395  6422  6399    -1
 5589   6397  6424  6420    -1
 5590   6391  6418  6395    -1
 5591   6393  6420  6408    -1
 5592   6303  6324  6314    -1
 5593   6341  6402  6387    -1
 5594   6349  6422  6382    -1
 5595   6323  6404  6326    -1
 5596   6386  6302  6340    -1
 5597   6439  6434  6437    -1
 5598   6442  6441  6440    -1
 5599   6445  6440  6444    -1
 5600   6447  6448  6446    -1
 5601   6450  6453  6452    -1
 5602   6447  6437  6438    -1
 5603   6446  6439  6437    -1
 5604   6452  6444  6450    -1
 5605   6440  6436  6435    -1
 5606   6439  6440  6435    -1
 5607   6449  6450  6448    -1
 5608   6448  6444  6439    -1
 5609   6462  6465  6463    -1
 5610   6466  6469  6467    -1
 5611   6470  6473  6472    -1
 5612   6474  6477  6476    -1
 5613   6478  6481  6480    -1
 5614   6482  6485  6484    -1
 5615   6456  6471  6470    -1
 5616   6460  6475  6474    -1
 5617   6454  6463  6455    -1
 5618   6472  6479  6478    -1
 5619   6458  6467  6459    -1
 5620   6476  6483  6482    -1
 5621   6463  6468  6466    -1
 5622   6476  6471  6474    -1
 5623   6479  6484  6481    -1
 5624   6455  6466  6458    -1
 5625   6473  6482  6479    -1
 5626   6457  6474  6471    -1
 5627   6489  6492  6491    -1
 5628   6487  6492  6488    -1
 5629   6491  6486  6489    -1
 5630   6489  6494  6490    -1
 5631   6497  6500  6499    -1
 5632   6495  6500  6496    -1
 5633   6503  6506  6505    -1
 5634   6501  6506  6502    -1
 5635   6497  6508  6498    -1
 5636   6503  6510  6504    -1
 5637   6498  6505  6500    -1
 5638   6496  6505  6501    -1
 5639   6498  6509  6503    -1
 5640   6511  6514  6512    -1
 5641   6515  6518  6517    -1
 5642   6515  6513  6511    -1
 5643   6519  6522  6520    -1
 5644   6523  6526  6525    -1
 5645   6519  6525  6521    -1
 5646   6527  6530  6528    -1
 5647   6515  6528  6516    -1
 5648   6513  6520  6514    -1
 5649   6517  6524  6523    -1
 5650   6513  6523  6519    -1
 5651   6531  6534  6532    -1
 5652   6535  6538  6537    -1
 5653   6539  6542  6540    -1
 5654   6543  6546  6545    -1
 5655   6547  6550  6548    -1
 5656   6551  6554  6553    -1
 5657   6555  6558  6556    -1
 5658   6559  6562  6561    -1
 5659   6563  6566  6564    -1
 5660   6567  6570  6568    -1
 5661   6535  6564  6536    -1
 5662   6543  6568  6544    -1
 5663   6533  6548  6534    -1
 5664   6537  6552  6551    -1
 5665   6541  6556  6542    -1
 5666   6545  6560  6559    -1
 5667   6532  6541  6539    -1
 5668   6536  6545  6538    -1
 5669   6548  6557  6555    -1
 5670   6552  6561  6554    -1
 5671   6564  6569  6567    -1
 5672   6534  6555  6541    -1
 5673   6538  6559  6552    -1
 5674   6536  6567  6543    -1
 5675   6571  6574  6572    -1
 5676   6575  6578  6577    -1
 5677   6573  6578  6574    -1
 5678   6571  6577  6573    -1
 5679   6579  6582  6580    -1
 5680   6583  6586  6585    -1
 5681   6581  6586  6582    -1
 5682   6587  6590  6588    -1
 5683   6591  6594  6593    -1
 5684   6589  6594  6590    -1
 5685   6580  6589  6587    -1
 5686   6584  6593  6586    -1
 5687   6582  6593  6589    -1
 5688   6445  6486  6442    -1
 5689   6452  6494  6493    -1
 5690   6493  6445  6452    -1
 5691   6521  6572  6522    -1
 5692   6525  6576  6575    -1
 5693   6521  6575  6571    -1
 5694   6480  6508  6507    -1
 5695   6484  6510  6509    -1
 5696   6481  6509  6508    -1
 5697   6549  6580  6550    -1
 5698   6553  6584  6583    -1
 5699   6557  6588  6558    -1
 5700   6561  6592  6591    -1
 5701   6550  6587  6557    -1
 5702   6554  6591  6584    -1
 5703   6441  6464  6462    -1
 5704   6447  6472  6449    -1
 5705   6451  6480  6453    -1
 5706   6436  6462  6454    -1
 5707   6449  6478  6451    -1
 5708   6438  6470  6447    -1
 5709   6490  6499  6492    -1
 5710   6488  6499  6495    -1
 5711   6490  6507  6497    -1
 5712   6512  6533  6531    -1
 5713   6516  6537  6518    -1
 5714   6520  6549  6547    -1
 5715   6524  6553  6526    -1
 5716   6528  6565  6563    -1
 5717   6514  6547  6533    -1
 5718   6518  6551  6524    -1
 5719   6516  6563  6535    -1
 5720   6572  6581  6579    -1
 5721   6576  6585  6578    -1
 5722   6574  6585  6581    -1
 5723   6453  6507  6494    -1
 5724   6522  6579  6549    -1
 5725   6526  6583  6576    -1
 5726   6346  6436  6347    -1
 5727   6434  6346  6344    -1
 5728   6443  6348  6349    -1
 5729   6374  6455  6375    -1
 5730   6380  6459  6381    -1
 5731   6382  6465  6464    -1
 5732   6384  6469  6468    -1
 5733   6375  6458  6380    -1
 5734   6383  6468  6465    -1
 5735   6400  6488  6401    -1
 5736   6486  6400  6398    -1
 5737   6424  6496  6425    -1
 5738   6432  6502  6433    -1
 5739   6425  6501  6432    -1
 5740   6347  6454  6374    -1
 5741   6349  6464  6443    -1
 5742   6401  6495  6424    -1
 5743   6486  6348  6442    -1
 5744   6595  6598  6596    -1
 5745   6599  6602  6600    -1
 5746   6597  6600  6598    -1
 5747   6603  6606  6604    -1
 5748   6607  6610  6608    -1
 5749   6611  6614  6612    -1
 5750   6615  6618  6616    -1
 5751   6605  6612  6606    -1
 5752   6609  6616  6610    -1
 5753   6604  6609  6607    -1
 5754   6612  6617  6615    -1
 5755   6606  6615  6609    -1
 5756   6622  6619  6621    -1
 5757   6623  6626  6625    -1
 5758   6625  6619  6623    -1
 5759   6627  6630  6628    -1
 5760   6631  6634  6633    -1
 5761   6627  6633  6629    -1
 5762   6621  6628  6622    -1
 5763   6625  6632  6631    -1
 5764   6621  6631  6627    -1
 5765   6635  6638  6636    -1
 5766   6639  6642  6641    -1
 5767   6643  6646  6644    -1
 5768   6647  6650  6649    -1
 5769   6651  6654  6652    -1
 5770   6655  6658  6657    -1
 5771   6659  6662  6660    -1
 5772   6663  6666  6665    -1
 5773   6637  6652  6638    -1
 5774   6641  6656  6655    -1
 5775   6645  6660  6646    -1
 5776   6649  6664  6663    -1
 5777   6636  6645  6643    -1
 5778   6640  6649  6642    -1
 5779   6652  6661  6659    -1
 5780   6656  6665  6658    -1
 5781   6638  6659  6645    -1
 5782   6642  6663  6656    -1
 5783   6667  6670  6668    -1
 5784   6671  6674  6673    -1
 5785   6669  6674  6670    -1
 5786   6667  6673  6669    -1
 5787   6675  6678  6676    -1
 5788   6679  6682  6681    -1
 5789   6677  6682  6678    -1
 5790   6683  6686  6684    -1
 5791   6687  6690  6689    -1
 5792   6685  6690  6686    -1
 5793   6676  6685  6683    -1
 5794   6680  6689  6682    -1
 5795   6678  6689  6685    -1
 5796   6619  6602  6601    -1
 5797   6613  6636  6614    -1
 5798   6617  6644  6618    -1
 5799   6614  6643  6617    -1
 5800   6629  6668  6630    -1
 5801   6633  6672  6671    -1
 5802   6629  6671  6667    -1
 5803   6653  6676  6654    -1
 5804   6657  6680  6679    -1
 5805   6661  6684  6662    -1
 5806   6665  6688  6687    -1
 5807   6654  6683  6661    -1
 5808   6658  6687  6680    -1
 5809   6596  6605  6603    -1
 5810   6600  6613  6611    -1
 5811   6598  6611  6605    -1
 5812   6620  6637  6635    -1
 5813   6624  6641  6626    -1
 5814   6628  6653  6651    -1
 5815   6632  6657  6634    -1
 5816   6622  6651  6637    -1
 5817   6626  6655  6632    -1
 5818   6668  6677  6675    -1
 5819   6672  6681  6674    -1
 5820   6670  6681  6677    -1
 5821   6630  6675  6653    -1
 5822   6634  6679  6672    -1
 5823   6602  6635  6613    -1
 5824   6696  6693  6695    -1
 5825   6693  6692  6691    -1
 5826   6698  6695  6697    -1
 5827   6701  6704  6702    -1
 5828   6699  6702  6700    -1
 5829   6707  6710  6708    -1
 5830   6705  6708  6706    -1
 5831   6703  6712  6704    -1
 5832   6709  6714  6710    -1
 5833   6702  6709  6707    -1
 5834   6700  6707  6705    -1
 5835   6704  6713  6709    -1
 5836   6694  6703  6701    -1
 5837   6692  6701  6699    -1
 5838   6696  6711  6703    -1
 5839   6529  6596  6530    -1
 5840   6565  6604  6566    -1
 5841   6569  6608  6570    -1
 5842   6566  6607  6569    -1
 5843   6530  6603  6565    -1
 5844   6715  6718  6717    -1
 5845   6720  6717  6718    -1
 5846   6723  6722  6721    -1
 5847   6726  6727  6725    -1
 5848   6725  6723  6721    -1
 5849   6731  6730  6729    -1
 5850   6730  6733  6729    -1
 5851   6735  6729  6733    -1
 5852   6739  6736  6738    -1
 5853   6740  6743  6742    -1
 5854   6742  6736  6740    -1
 5855   6728  6738  6727    -1
 5856   6719  6726  6725    -1
 5857   6717  6719  6697    -1
 5858   6736  6732  6731    -1
 5859   6735  6736  6731    -1
 5860   6744  6747  6746    -1
 5861   6746  6749  6748    -1
 5862   6750  6753  6752    -1
 5863   6752  6755  6754    -1
 5864   6756  6759  6757    -1
 5865   6760  6763  6762    -1
 5866   6764  6767  6765    -1
 5867   6768  6771  6770    -1
 5868   6772  6775  6773    -1
 5869   6772  6777  6776    -1
 5870   6778  6781  6779    -1
 5871   6778  6783  6782    -1
 5872   6784  6787  6785    -1
 5873   6788  6791  6790    -1
 5874   6792  6795  6793    -1
 5875   6796  6799  6798    -1
 5876   6762  6787  6786    -1
 5877   6770  6795  6794    -1
 5878   6748  6761  6760    -1
 5879   6774  6785  6775    -1
 5880   6754  6769  6768    -1
 5881   6780  6793  6781    -1
 5882   6745  6752  6747    -1
 5883   6747  6754  6749    -1
 5884   6757  6766  6764    -1
 5885   6761  6770  6763    -1
 5886   6773  6780  6778    -1
 5887   6773  6782  6777    -1
 5888   6785  6794  6792    -1
 5889   6789  6798  6791    -1
 5890   6749  6768  6761    -1
 5891   6775  6792  6780    -1
 5892   6763  6794  6787    -1
 5893   6803  6800  6802    -1
 5894   6805  6803  6802    -1
 5895   6804  6802  6800    -1
 5896   6808  6809  6807    -1
 5897   6807  6812  6808    -1
 5898   6805  6810  6806    -1
 5899   6809  6804  6807    -1
 5900   6813  6816  6814    -1
 5901   6815  6818  6816    -1
 5902   6819  6822  6820    -1
 5903   6821  6824  6822    -1
 5904   6825  6828  6827    -1
 5905   6825  6830  6826    -1
 5906   6831  6834  6833    -1
 5907   6831  6836  6832    -1
 5908   6817  6828  6818    -1
 5909   6823  6834  6824    -1
 5910   6814  6821  6819    -1
 5911   6816  6823  6821    -1
 5912   6826  6833  6828    -1
 5913   6826  6835  6831    -1
 5914   6818  6833  6823    -1
 5915   6837  6840  6839    -1
 5916   6837  6842  6838    -1
 5917   6839  6844  6843    -1
 5918   6845  6848  6847    -1
 5919   6845  6850  6846    -1
 5920   6851  6854  6853    -1
 5921   6851  6856  6852    -1
 5922   6847  6858  6857    -1
 5923   6853  6860  6859    -1
 5924   6846  6853  6848    -1
 5925   6846  6855  6851    -1
 5926   6848  6859  6858    -1
 5927   6837  6735  6733    -1
 5928   6740  6844  6741    -1
 5929   6843  6735  6839    -1
 5930   6788  6858  6789    -1
 5931   6796  6860  6797    -1
 5932   6789  6859  6796    -1
 5933   6801  6723  6800    -1
 5934   6804  6723  6727    -1
 5935   6742  6812  6811    -1
 5936   6742  6727  6738    -1
 5937   6727  6811  6804    -1
 5938   6758  6814  6759    -1
 5939   6790  6830  6829    -1
 5940   6766  6820  6767    -1
 5941   6798  6836  6835    -1
 5942   6759  6819  6766    -1
 5943   6791  6835  6830    -1
 5944   6716  6746  6718    -1
 5945   6718  6748  6720    -1
 5946   6722  6758  6756    -1
 5947   6726  6762  6728    -1
 5948   6730  6774  6772    -1
 5949   6730  6776  6734    -1
 5950   6737  6786  6784    -1
 5951   6741  6790  6743    -1
 5952   6720  6760  6726    -1
 5953   6732  6784  6774    -1
 5954   6728  6786  6739    -1
 5955   6801  6815  6813    -1
 5956   6803  6817  6815    -1
 5957   6808  6827  6810    -1
 5958   6808  6829  6825    -1
 5959   6806  6827  6817    -1
 5960   6838  6847  6840    -1
 5961   6838  6849  6845    -1
 5962   6840  6857  6844    -1
 5963   6724  6813  6758    -1
 5964   6743  6829  6812    -1
 5965   6741  6857  6788    -1
 5966   6864  6861  6863    -1
 5967   6866  6864  6863    -1
 5968   6865  6863  6861    -1
 5969   6873  6868  6869    -1
 5970   6874  6871  6870    -1
 5971   6872  6870  6868    -1
 5972   6870  6867  6866    -1
 5973   6868  6866  6865    -1
 5974   6876  6879  6877    -1
 5975   6878  6881  6879    -1
 5976   6882  6885  6883    -1
 5977   6884  6887  6885    -1
 5978   6888  6893  6892    -1
 5979   6890  6895  6891    -1
 5980   6896  6901  6900    -1
 5981   6898  6903  6899    -1
 5982   6880  6891  6881    -1
 5983   6886  6899  6887    -1
 5984   6877  6884  6882    -1
 5985   6879  6886  6884    -1
 5986   6889  6900  6893    -1
 5987   6891  6902  6898    -1
 5988   6881  6898  6886    -1
 5989   6908  6911  6910    -1
 5990   6905  6908  6904    -1
 5991   6906  6911  6907    -1
 5992   6910  6904  6908    -1
 5993   6912  6915  6913    -1
 5994   6922  6925  6924    -1
 5995   6918  6923  6922    -1
 5996   6920  6925  6921    -1
 5997   6930  6933  6932    -1
 5998   6926  6931  6930    -1
 5999   6928  6933  6929    -1
 6000   6934  6937  6935    -1
 6001   6938  6941  6939    -1
 6002   6923  6932  6925    -1
 6003   6919  6930  6923    -1
 6004   6921  6932  6928    -1
 6005   6935  6940  6938    -1
 6006   6873  6904  6872    -1
 6007   6874  6907  6875    -1
 6008   6906  6872  6904    -1
 6009   6892  6919  6918    -1
 6010   6894  6921  6895    -1
 6011   6900  6927  6926    -1
 6012   6902  6929  6903    -1
 6013   6893  6926  6919    -1
 6014   6895  6928  6902    -1
 6015   6946  6917  6916    -1
 6016   6942  6949  6943    -1
 6017   6944  6951  6945    -1
 6018   6943  6950  6944    -1
 6019   6862  6878  6876    -1
 6020   6864  6880  6878    -1
 6021   6869  6892  6873    -1
 6022   6871  6894  6890    -1
 6023   6867  6890  6880    -1
 6024   6909  6924  6911    -1
 6025   6905  6922  6909    -1
 6026   6907  6924  6920    -1
 6027   6913  6936  6934    -1
 6028   6917  6948  6942    -1
 6029   6873  6918  6905    -1
 6030   6875  6920  6894    -1
 6031   6955  6958  6957    -1
 6032   6953  6958  6954    -1
 6033   6952  6957  6953    -1
 6034   6960  6961  6959    -1
 6035   6966  6963  6965    -1
 6036   6969  6972  6971    -1
 6037   6967  6972  6968    -1
 6038   6975  6978  6977    -1
 6039   6973  6978  6974    -1
 6040   6979  6982  6981    -1
 6041   6983  6986  6985    -1
 6042   6987  6990  6988    -1
 6043   6991  6994  6992    -1
 6044   6970  6977  6972    -1
 6045   6968  6977  6973    -1
 6046   6985  6980  6983    -1
 6047   6988  6993  6991    -1
 6048   6997  6996  6995    -1
 6049   6999  7002  7000    -1
 6050   7003  7006  7004    -1
 6051   7000  7005  7003    -1
 6052   7012  7007  7008    -1
 6053   7013  7010  7009    -1
 6054   7011  7009  7007    -1
 6055   7017  7021  7018    -1
 6056   7020  7015  7019    -1
 6057   7016  7011  7012    -1
 6058   7013  7018  7014    -1
 6059   7017  7011  7015    -1
 6060   7022  7027  7026    -1
 6061   7024  7029  7025    -1
 6062   7030  7035  7034    -1
 6063   7032  7037  7033    -1
 6064   7040  7043  7041    -1
 6065   7046  7049  7047    -1
 6066   7026  7039  7038    -1
 6067   7028  7041  7029    -1
 6068   7034  7045  7044    -1
 6069   7036  7047  7037    -1
 6070   7023  7034  7027    -1
 6071   7025  7036  7032    -1
 6072   7041  7048  7046    -1
 6073   7027  7044  7039    -1
 6074   7029  7046  7036    -1
 6075   7008  6963  6964    -1
 6076   7009  6966  6965    -1
 6077   7007  6965  6963    -1
 6078   6987  7023  7022    -1
 6079   6989  7025  6990    -1
 6080   6991  7031  7030    -1
 6081   6993  7033  6994    -1
 6082   6988  7030  7023    -1
 6083   6990  7032  6993    -1
 6084   6962  6997  6961    -1
 6085   6959  6961  6916    -1
 6086   6981  7002  7001    -1
 6087   6985  7006  7005    -1
 6088   6982  7005  7002    -1
 6089   6956  6971  6958    -1
 6090   6954  6971  6967    -1
 6091   6960  6981  6962    -1
 6092   6964  6989  6987    -1
 6093   6996  7001  6999    -1
 6094   7008  7026  7012    -1
 6095   7010  7028  7024    -1
 6096   7018  7042  7040    -1
 6097   7012  7038  7016    -1
 6098   7014  7040  7028    -1
 6099   6962  7001  6998    -1
 6100   6964  7022  7008    -1
 6101   6966  7024  6989    -1
 6102   7051  7052  7050    -1
 6103   7054  7057  7056    -1
 6104   7058  7061  7060    -1
 6105   7055  7060  7057    -1
 6106   7051  7056  7053    -1
 6107   7020  7053  7021    -1
 6108   7052  7019  7050    -1
 6109   7042  7057  7043    -1
 6110   7048  7061  7049    -1
 6111   7043  7060  7048    -1
 6112   7021  7056  7042    -1
 6113   6914  6954  6915    -1
 6114   6912  6953  6914    -1
 6115   6917  6959  6916    -1
 6116   6936  6968  6937    -1
 6117   6940  6974  6941    -1
 6118   6942  6980  6979    -1
 6119   6944  6984  6983    -1
 6120   6937  6973  6940    -1
 6121   6943  6983  6980    -1
 6122   6946  6996  6947    -1
 6123   6948  7000  6949    -1
 6124   6950  7004  6951    -1
 6125   6949  7003  6950    -1
 6126   6915  6967  6936    -1
 6127   6979  6917  6942    -1
 6128   6947  6999  6948    -1
 6129   6961  6995  6916    -1
 6130   6715  6695  6693    -1
 6131   6721  6698  6697    -1
 6132   6717  6697  6695    -1
 6133   6711  6757  6712    -1
 6134   6713  6765  6714    -1
 6135   6712  6764  6713    -1
 6136   6698  6756  6711    -1
 6137   7062  7065  7063    -1
 6138   7066  7069  7067    -1
 6139   7070  7073  7071    -1
 6140   7074  7077  7075    -1
 6141   7064  7071  7065    -1
 6142   7068  7075  7069    -1
 6143   7063  7068  7066    -1
 6144   7071  7076  7074    -1
 6145   7065  7074  7068    -1
 6146   7078  7081  7079    -1
 6147   7082  7085  7083    -1
 6148   7080  7083  7081    -1
 6149   7086  7089  7087    -1
 6150   7090  7093  7091    -1
 6151   7087  7092  7090    -1
 6152   7094  7097  7095    -1
 6153   7098  7101  7100    -1
 6154   7098  7103  7099    -1
 6155   7104  7107  7106    -1
 6156   7104  7109  7105    -1
 6157   7110  7113  7112    -1
 6158   7114  7117  7116    -1
 6159   7120  7123  7121    -1
 6160   7118  7121  7119    -1
 6161   7126  7129  7127    -1
 6162   7124  7127  7125    -1
 6163   7102  7119  7103    -1
 6164   7108  7125  7109    -1
 6165   7100  7111  7110    -1
 6166   7106  7115  7114    -1
 6167   7099  7106  7101    -1
 6168   7099  7108  7104    -1
 6169   7111  7116  7113    -1
 6170   7121  7128  7126    -1
 6171   7119  7126  7124    -1
 6172   7101  7114  7111    -1
 6173   7103  7124  7108    -1
 6174   7134  7137  7136    -1
 6175   7134  7139  7135    -1
 6176   7140  7143  7142    -1
 6177   7149  7146  7148    -1
 6178   7144  7147  7145    -1
 6179   7138  7145  7139    -1
 6180   7136  7141  7140    -1
 6181   7152  7157  7156    -1
 6182   7154  7159  7155    -1
 6183   7160  7165  7164    -1
 6184   7162  7167  7163    -1
 6185   7168  7173  7172    -1
 6186   7170  7175  7171    -1
 6187   7176  7181  7180    -1
 6188   7178  7183  7179    -1
 6189   7156  7169  7168    -1
 6190   7158  7171  7159    -1
 6191   7164  7177  7176    -1
 6192   7166  7179  7167    -1
 6193   7153  7164  7157    -1
 6194   7155  7166  7162    -1
 6195   7169  7180  7173    -1
 6196   7171  7182  7178    -1
 6197   7157  7176  7169    -1
 6198   7159  7178  7166    -1
 6199   7184  7189  7188    -1
 6200   7186  7191  7187    -1
 6201   7185  7191  7189    -1
 6202   7197  7192  7193    -1
 6203   7198  7195  7194    -1
 6204   7193  7199  7197    -1
 6205   7193  7188  7189    -1
 6206   7194  7191  7190    -1
 6207   7191  7193  7189    -1
 6208   7081  7135  7079    -1
 6209   7083  7143  7141    -1
 6210   7081  7141  7137    -1
 6211   7088  7155  7089    -1
 6212   7092  7163  7093    -1
 6213   7089  7162  7092    -1
 6214   7096  7187  7097    -1
 6215   7095  7187  7185    -1
 6216   7072  7087  7073    -1
 6217   7076  7091  7077    -1
 6218   7073  7090  7076    -1
 6219   7112  7153  7152    -1
 6220   7130  7173  7131    -1
 6221   7116  7161  7160    -1
 6222   7132  7181  7133    -1
 6223   7113  7160  7153    -1
 6224   7131  7180  7132    -1
 6225   7084  7095  7085    -1
 6226   7142  7185  7184    -1
 6227   7197  7150  7196    -1
 6228   7067  7080  7078    -1
 6229   7075  7084  7082    -1
 6230   7069  7082  7080    -1
 6231   7091  7096  7094    -1
 6232   7105  7136  7107    -1
 6233   7105  7138  7134    -1
 6234   7115  7142  7117    -1
 6235   7127  7148  7146    -1
 6236   7125  7146  7144    -1
 6237   7107  7140  7115    -1
 6238   7109  7144  7138    -1
 6239   7161  7188  7165    -1
 6240   7163  7190  7186    -1
 6241   7177  7196  7181    -1
 6242   7179  7198  7194    -1
 6243   7165  7192  7177    -1
 6244   7167  7194  7190    -1
 6245   7077  7094  7084    -1
 6246   7117  7184  7161    -1
 6247   7133  7196  7150    -1
 6248   7093  7186  7096    -1
 6249   7085  7185  7143    -1
 6250   7208  7211  7209    -1
 6251   7212  7215  7213    -1
 6252   7216  7219  7218    -1
 6253   7220  7223  7222    -1
 6254   7224  7227  7226    -1
 6255   7228  7231  7230    -1
 6256   7202  7217  7216    -1
 6257   7206  7221  7220    -1
 6258   7200  7209  7201    -1
 6259   7218  7225  7224    -1
 6260   7204  7213  7205    -1
 6261   7222  7229  7228    -1
 6262   7209  7214  7212    -1
 6263   7217  7222  7219    -1
 6264   7225  7230  7227    -1
 6265   7201  7212  7204    -1
 6266   7219  7228  7225    -1
 6267   7203  7220  7217    -1
 6268   7232  7237  7236    -1
 6269   7240  7239  7238    -1
 6270   7239  7243  7242    -1
 6271   7244  7247  7246    -1
 6272   7249  7250  7248    -1
 6273   7236  7244  7235    -1
 6274   7237  7245  7236    -1
 6275   7242  7251  7249    -1
 6276   7239  7233  7238    -1
 6277   7239  7237  7234    -1
 6278   7246  7249  7248    -1
 6279   7242  7247  7237    -1
 6280   7254  7257  7256    -1
 6281   7252  7257  7253    -1
 6282   7260  7263  7262    -1
 6283   7258  7263  7259    -1
 6284   7254  7265  7255    -1
 6285   7260  7267  7261    -1
 6286   7255  7262  7257    -1
 6287   7253  7262  7258    -1
 6288   7255  7266  7260    -1
 6289   7272  7273  7271    -1
 6290   7273  7270  7269    -1
 6291   7268  7274  7272    -1
 6292   7275  7272  7271    -1
 6293   7277  7280  7278    -1
 6294   7281  7284  7283    -1
 6295   7285  7288  7286    -1
 6296   7289  7292  7291    -1
 6297   7293  7296  7294    -1
 6298   7297  7300  7299    -1
 6299   7301  7304  7302    -1
 6300   7305  7308  7307    -1
 6301   7309  7312  7310    -1
 6302   7313  7316  7314    -1
 6303   7281  7310  7282    -1
 6304   7289  7314  7290    -1
 6305   7279  7294  7280    -1
 6306   7283  7298  7297    -1
 6307   7287  7302  7288    -1
 6308   7291  7306  7305    -1
 6309   7278  7287  7285    -1
 6310   7282  7291  7284    -1
 6311   7294  7303  7301    -1
 6312   7298  7307  7300    -1
 6313   7310  7315  7313    -1
 6314   7280  7301  7287    -1
 6315   7284  7305  7298    -1
 6316   7282  7313  7289    -1
 6317   7317  7320  7318    -1
 6318   7321  7324  7323    -1
 6319   7320  7322  7318    -1
 6320   7325  7328  7326    -1
 6321   7329  7332  7331    -1
 6322   7326  7332  7330    -1
 6323   7333  7336  7334    -1
 6324   7321  7334  7322    -1
 6325   7319  7326  7320    -1
 6326   7323  7330  7329    -1
 6327   7320  7330  7324    -1
 6328   7337  7340  7338    -1
 6329   7341  7344  7343    -1
 6330   7339  7344  7340    -1
 6331   7345  7348  7346    -1
 6332   7349  7352  7351    -1
 6333   7347  7352  7348    -1
 6334   7338  7347  7345    -1
 6335   7342  7351  7344    -1
 6336   7340  7351  7347    -1
 6337   7353  7356  7354    -1
 6338   7357  7360  7359    -1
 6339   7355  7360  7356    -1
 6340   7354  7360  7358    -1
 6341   7226  7265  7264    -1
 6342   7230  7267  7266    -1
 6343   7227  7266  7265    -1
 6344   7295  7338  7296    -1
 6345   7299  7342  7341    -1
 6346   7303  7346  7304    -1
 6347   7307  7350  7349    -1
 6348   7296  7345  7303    -1
 6349   7300  7349  7342    -1
 6350   7268  7243  7241    -1
 6351   7251  7275  7250    -1
 6352   7243  7276  7251    -1
 6353   7327  7354  7328    -1
 6354   7331  7358  7357    -1
 6355   7328  7358  7332    -1
 6356   7213  7240  7238    -1
 6357   7221  7246  7223    -1
 6358   7229  7250  7231    -1
 6359   7205  7238  7233    -1
 6360   7223  7248  7229    -1
 6361   7207  7244  7221    -1
 6362   7261  7273  7263    -1
 6363   7259  7273  7269    -1
 6364   7261  7275  7271    -1
 6365   7286  7319  7317    -1
 6366   7290  7323  7292    -1
 6367   7302  7327  7325    -1
 6368   7306  7331  7308    -1
 6369   7314  7335  7333    -1
 6370   7288  7325  7319    -1
 6371   7292  7329  7306    -1
 6372   7290  7333  7321    -1
 6373   7346  7355  7353    -1
 6374   7350  7359  7352    -1
 6375   7348  7359  7355    -1
 6376   7231  7275  7267    -1
 6377   7304  7353  7327    -1
 6378   7308  7357  7350    -1
 6379   7122  7201  7123    -1
 6380   7128  7205  7129    -1
 6381   7130  7211  7210    -1
 6382   7132  7215  7214    -1
 6383   7123  7204  7128    -1
 6384   7131  7214  7211    -1
 6385   7233  7149  7148    -1
 6386   7149  7232  7147    -1
 6387   7151  7240  7150    -1
 6388   7174  7253  7175    -1
 6389   7182  7259  7183    -1
 6390   7175  7258  7182    -1
 6391   7269  7199  7198    -1
 6392   7199  7268  7197    -1
 6393   7129  7233  7148    -1
 6394   7133  7240  7215    -1
 6395   7183  7269  7198    -1
 6396   7151  7268  7241    -1
 6397   7361  7364  7362    -1
 6398   7365  7368  7366    -1
 6399   7369  7372  7370    -1
 6400   7373  7376  7374    -1
 6401   7363  7370  7364    -1
 6402   7367  7374  7368    -1
 6403   7362  7367  7365    -1
 6404   7370  7375  7373    -1
 6405   7364  7373  7367    -1
 6406   7377  7380  7378    -1
 6407   7381  7384  7382    -1
 6408   7379  7382  7380    -1
 6409   7385  7388  7386    -1
 6410   7392  7389  7390    -1
 6411   7393  7396  7394    -1
 6412   7400  7397  7398    -1
 6413   7401  7404  7402    -1
 6414   7405  7408  7407    -1
 6415   7409  7412  7410    -1
 6416   7413  7416  7415    -1
 6417   7387  7402  7388    -1
 6418   7391  7406  7405    -1
 6419   7395  7410  7396    -1
 6420   7399  7414  7413    -1
 6421   7386  7395  7393    -1
 6422   7399  7390  7397    -1
 6423   7402  7411  7409    -1
 6424   7406  7415  7408    -1
 6425   7388  7409  7395    -1
 6426   7392  7413  7406    -1
 6427   7417  7420  7418    -1
 6428   7421  7424  7423    -1
 6429   7418  7424  7422    -1
 6430   7425  7428  7426    -1
 6431   7429  7432  7431    -1
 6432   7426  7432  7430    -1
 6433   7419  7426  7420    -1
 6434   7423  7430  7429    -1
 6435   7420  7430  7424    -1
 6436   7433  7436  7434    -1
 6437   7437  7440  7439    -1
 6438   7435  7440  7436    -1
 6439   7441  7444  7442    -1
 6440   7445  7448  7447    -1
 6441   7443  7448  7444    -1
 6442   7434  7443  7441    -1
 6443   7438  7447  7440    -1
 6444   7436  7447  7443    -1
 6445   7449  7452  7450    -1
 6446   7453  7456  7455    -1
 6447   7451  7456  7452    -1
 6448   7450  7456  7454    -1
 6449   7371  7386  7372    -1
 6450   7375  7394  7376    -1
 6451   7372  7393  7375    -1
 6452   7383  7418  7384    -1
 6453   7403  7434  7404    -1
 6454   7407  7438  7437    -1
 6455   7411  7442  7412    -1
 6456   7415  7446  7445    -1
 6457   7404  7441  7411    -1
 6458   7408  7445  7438    -1
 6459   7427  7450  7428    -1
 6460   7431  7454  7453    -1
 6461   7428  7454  7432    -1
 6462   7366  7379  7377    -1
 6463   7374  7383  7381    -1
 6464   7368  7381  7379    -1
 6465   7394  7419  7417    -1
 6466   7423  7398  7421    -1
 6467   7410  7427  7425    -1
 6468   7414  7431  7416    -1
 6469   7396  7425  7419    -1
 6470   7400  7429  7414    -1
 6471   7442  7451  7449    -1
 6472   7446  7455  7448    -1
 6473   7444  7455  7451    -1
 6474   7412  7449  7427    -1
 6475   7416  7453  7446    -1
 6476   7376  7417  7383    -1
 6477   7459  7462  7460    -1
 6478   7457  7460  7458    -1
 6479   7465  7468  7466    -1
 6480   7463  7466  7464    -1
 6481   7461  7470  7462    -1
 6482   7467  7472  7468    -1
 6483   7460  7467  7465    -1
 6484   7458  7465  7463    -1
 6485   7462  7471  7467    -1
 6486   7477  7476  7475    -1
 6487   7473  7476  7474    -1
 6488   7479  7478  7477    -1
 6489   7466  7477  7475    -1
 6490   7464  7475  7473    -1
 6491   7468  7479  7477    -1
 6492   7311  7362  7312    -1
 6493   7315  7366  7316    -1
 6494   7312  7365  7315    -1
 6495   7335  7378  7336    -1
 6496   7316  7377  7335    -1
 6497   7481  7484  7483    -1
 6498   7483  7486  7485    -1
 6499   7487  7490  7489    -1
 6500   7489  7492  7491    -1
 6501   7493  7496  7494    -1
 6502   7497  7500  7499    -1
 6503   7501  7504  7502    -1
 6504   7505  7508  7507    -1
 6505   7509  7512  7510    -1
 6506   7509  7514  7513    -1
 6507   7515  7518  7516    -1
 6508   7515  7520  7519    -1
 6509   7521  7524  7522    -1
 6510   7525  7528  7527    -1
 6511   7529  7532  7530    -1
 6512   7533  7536  7535    -1
 6513   7499  7524  7523    -1
 6514   7507  7532  7531    -1
 6515   7485  7498  7497    -1
 6516   7511  7522  7512    -1
 6517   7491  7506  7505    -1
 6518   7517  7530  7518    -1
 6519   7482  7489  7484    -1
 6520   7484  7491  7486    -1
 6521   7494  7503  7501    -1
 6522   7498  7507  7500    -1
 6523   7510  7517  7515    -1
 6524   7510  7519  7514    -1
 6525   7522  7531  7529    -1
 6526   7526  7535  7528    -1
 6527   7486  7505  7498    -1
 6528   7512  7529  7517    -1
 6529   7500  7531  7524    -1
 6530   7538  7539  7537    -1
 6531   7540  7541  7539    -1
 6532   7546  7543  7545    -1
 6533   7547  7550  7549    -1
 6534   7546  7548  7544    -1
 6535   7554  7551  7553    -1
 6536   7556  7551  7552    -1
 6537   7552  7557  7556    -1
 6538   7560  7559  7558    -1
 6539   7563  7564  7562    -1
 6540   7559  7565  7563    -1
 6541   7561  7549  7550    -1
 6542   7542  7547  7541    -1
 6543   7480  7544  7542    -1
 6544   7559  7553  7558    -1
 6545   7559  7557  7554    -1
 6546   7566  7569  7567    -1
 6547   7568  7571  7569    -1
 6548   7575  7572  7574    -1
 6549   7574  7577  7575    -1
 6550   7578  7581  7580    -1
 6551   7578  7583  7579    -1
 6552   7584  7587  7586    -1
 6553   7584  7589  7585    -1
 6554   7570  7581  7571    -1
 6555   7576  7587  7577    -1
 6556   7567  7574  7572    -1
 6557   7569  7576  7574    -1
 6558   7579  7586  7581    -1
 6559   7579  7588  7584    -1
 6560   7571  7586  7576    -1
 6561   7592  7591  7590    -1
 6562   7592  7596  7593    -1
 6563   7593  7594  7591    -1
 6564   7597  7600  7599    -1
 6565   7601  7598  7597    -1
 6566   7595  7600  7596    -1
 6567   7594  7600  7598    -1
 6568   7603  7606  7605    -1
 6569   7603  7608  7604    -1
 6570   7609  7612  7611    -1
 6571   7609  7614  7610    -1
 6572   7605  7616  7615    -1
 6573   7611  7618  7617    -1
 6574   7604  7611  7606    -1
 6575   7604  7613  7609    -1
 6576   7606  7617  7616    -1
 6577   7620  7621  7619    -1
 6578   7623  7620  7619    -1
 6579   7622  7625  7621    -1
 6580   7525  7616  7526    -1
 6581   7533  7618  7534    -1
 6582   7526  7617  7533    -1
 6583   7557  7620  7556    -1
 6584   7625  7563  7562    -1
 6585   7557  7626  7622    -1
 6586   7495  7567  7496    -1
 6587   7527  7583  7582    -1
 6588   7503  7573  7504    -1
 6589   7535  7589  7588    -1
 6590   7496  7572  7503    -1
 6591   7528  7588  7583    -1
 6592   7590  7546  7545    -1
 6593   7546  7594  7550    -1
 6594   7565  7601  7564    -1
 6595   7565  7550  7602    -1
 6596   7565  7561  7550    -1
 6597   7488  7539  7490    -1
 6598   7490  7541  7492    -1
 6599   7502  7545  7543    -1
 6600   7506  7549  7508    -1
 6601   7516  7553  7551    -1
 6602   7516  7555  7520    -1
 6603   7530  7560  7558    -1
 6604   7534  7564  7536    -1
 6605   7492  7547  7506    -1
 6606   7518  7558  7553    -1
 6607   7508  7560  7532    -1
 6608   7573  7592  7590    -1
 6609   7575  7595  7592    -1
 6610   7585  7599  7587    -1
 6611   7585  7601  7597    -1
 6612   7577  7599  7595    -1
 6613   7610  7621  7612    -1
 6614   7610  7623  7619    -1
 6615   7612  7625  7618    -1
 6616   7504  7590  7545    -1
 6617   7536  7601  7589    -1
 6618   7534  7625  7562    -1
 6619   7627  7630  7628    -1
 6620   7629  7632  7630    -1
 6621   7633  7636  7634    -1
 6622   7635  7638  7636    -1
 6623   7639  7644  7643    -1
 6624   7641  7646  7642    -1
 6625   7647  7652  7651    -1
 6626   7649  7654  7650    -1
 6627   7631  7642  7632    -1
 6628   7637  7650  7638    -1
 6629   7628  7635  7633    -1
 6630   7630  7637  7635    -1
 6631   7640  7651  7644    -1
 6632   7642  7653  7649    -1
 6633   7632  7649  7637    -1
 6634   7657  7656  7655    -1
 6635   7657  7661  7658    -1
 6636   7658  7659  7656    -1
 6637   7663  7666  7662    -1
 6638   7664  7669  7665    -1
 6639   7665  7667  7663    -1
 6640   7660  7665  7661    -1
 6641   7661  7663  7659    -1
 6642   7674  7677  7676    -1
 6643   7670  7675  7674    -1
 6644   7672  7677  7673    -1
 6645   7682  7685  7684    -1
 6646   7678  7683  7682    -1
 6647   7680  7685  7681    -1
 6648   7686  7689  7687    -1
 6649   7690  7693  7691    -1
 6650   7675  7684  7677    -1
 6651   7671  7682  7675    -1
 6652   7673  7684  7680    -1
 6653   7687  7692  7690    -1
 6654   7703  7704  7702    -1
 6655   7703  7698  7699    -1
 6656   7704  7701  7700    -1
 6657   7699  7705  7703    -1
 6658   7706  7709  7707    -1
 6659   7643  7671  7670    -1
 6660   7645  7673  7646    -1
 6661   7651  7679  7678    -1
 6662   7653  7681  7654    -1
 6663   7644  7678  7671    -1
 6664   7646  7680  7653    -1
 6665   7699  7666  7667    -1
 6666   7700  7669  7668    -1
 6667   7667  7701  7699    -1
 6668   7694  7713  7695    -1
 6669   7696  7715  7697    -1
 6670   7695  7714  7696    -1
 6671   7710  7717  7711    -1
 6672   7634  7657  7655    -1
 6673   7636  7660  7657    -1
 6674   7648  7666  7652    -1
 6675   7650  7668  7664    -1
 6676   7638  7664  7660    -1
 6677   7683  7704  7685    -1
 6678   7679  7702  7683    -1
 6679   7681  7704  7700    -1
 6680   7691  7708  7706    -1
 6681   7697  7716  7710    -1
 6682   7652  7698  7679    -1
 6683   7654  7700  7668    -1
 6684   7720  7723  7722    -1
 6685   7718  7723  7719    -1
 6686   7726  7729  7728    -1
 6687   7724  7729  7725    -1
 6688   7730  7733  7732    -1
 6689   7734  7737  7736    -1
 6690   7738  7741  7739    -1
 6691   7742  7745  7743    -1
 6692   7721  7728  7723    -1
 6693   7719  7728  7724    -1
 6694   7736  7731  7734    -1
 6695   7739  7744  7742    -1
 6696   7749  7752  7751    -1
 6697   7747  7752  7748    -1
 6698   7746  7752  7750    -1
 6699   7756  7753  7754    -1
 6700   7759  7758  7757    -1
 6701   7761  7764  7762    -1
 6702   7765  7768  7766    -1
 6703   7762  7767  7765    -1
 6704   7769  7772  7770    -1
 6705   7773  7778  7777    -1
 6706   7775  7780  7776    -1
 6707   7781  7786  7785    -1
 6708   7783  7788  7784    -1
 6709   7791  7794  7792    -1
 6710   7797  7800  7798    -1
 6711   7777  7790  7789    -1
 6712   7779  7792  7780    -1
 6713   7785  7796  7795    -1
 6714   7787  7798  7788    -1
 6715   7774  7785  7778    -1
 6716   7776  7787  7783    -1
 6717   7792  7799  7797    -1
 6718   7778  7795  7790    -1
 6719   7780  7797  7787    -1
 6720   7802  7805  7801    -1
 6721   7803  7808  7804    -1
 6722   7804  7806  7802    -1
 6723   7814  7812  7811    -1
 6724   7810  7815  7813    -1
 6725   7806  7809  7805    -1
 6726   7811  7808  7807    -1
 6727   7806  7812  7810    -1
 6728   7738  7774  7773    -1
 6729   7740  7776  7741    -1
 6730   7742  7782  7781    -1
 6731   7744  7784  7745    -1
 6732   7739  7781  7774    -1
 6733   7741  7783  7744    -1
 6734   7758  7801  7757    -1
 6735   7759  7804  7760    -1
 6736   7760  7802  7758    -1
 6737   7732  7764  7763    -1
 6738   7736  7768  7767    -1
 6739   7733  7767  7764    -1
 6740   7755  7772  7771    -1
 6741   7711  7770  7756    -1
 6742   7727  7751  7729    -1
 6743   7725  7751  7747    -1
 6744   7735  7755  7737    -1
 6745   7743  7759  7757    -1
 6746   7766  7771  7769    -1
 6747   7782  7805  7786    -1
 6748   7784  7807  7803    -1
 6749   7798  7814  7811    -1
 6750   7786  7809  7796    -1
 6751   7788  7811  7807    -1
 6752   7737  7771  7768    -1
 6753   7743  7801  7782    -1
 6754   7745  7803  7759    -1
 6755   7816  7819  7818    -1
 6756   7820  7823  7822    -1
 6757   7817  7822  7819    -1
 6758   7824  7827  7826    -1
 6759   7821  7826  7823    -1
 6760   7793  7819  7794    -1
 6761   7799  7823  7800    -1
 6762   7794  7822  7799    -1
 6763   7826  7815  7814    -1
 6764   7813  7827  7825    -1
 6765   7800  7826  7814    -1
 6766   7688  7719  7689    -1
 6767   7692  7725  7693    -1
 6768   7694  7731  7730    -1
 6769   7696  7735  7734    -1
 6770   7689  7724  7692    -1
 6771   7695  7734  7731    -1
 6772   7708  7748  7709    -1
 6773   7707  7748  7746    -1
 6774   7754  7710  7711    -1
 6775   7712  7762  7713    -1
 6776   7714  7766  7715    -1
 6777   7713  7765  7714    -1
 6778   7769  7717  7716    -1
 6779   7693  7747  7708    -1
 6780   7697  7753  7735    -1
 6781   7715  7769  7716    -1
 6782   7754  7711  7756    -1
 6783   7469  7494  7470    -1
 6784   7471  7502  7472    -1
 6785   7470  7501  7471    -1
 6786   7478  7538  7476    -1
 6787   7479  7544  7480    -1
 6788   7480  7540  7478    -1
 6789   7472  7543  7479    -1
 6790   1072  4333  4332    -1
 6791   4332  1074  1072    -1
 6792   1076  4345  4344    -1
 6793   1080  4353  4352    -1
 6794   1077  4352  4345    -1
 6795   4368  1100  1098    -1
 6796   4372  1104  1103    -1
 6797   4372  1100  4370    -1
 6798   1135  4391  1136    -1
 6799   1139  4393  1140    -1
 6800   1136  4392  1139    -1
 6801   1073  4344  4333    -1
 6802   1104  4390  1135    -1
 6803   4368  1074  4334    -1
 6804   2215  5315  5314    -1
 6805   2219  5323  5322    -1
 6806   2216  5322  5315    -1
 6807   2223  5339  5338    -1
 6808   2226  5339  2224    -1
 6809   2255  5359  2256    -1
 6810   2259  5361  2260    -1
 6811   2256  5360  2259    -1
 6812   2279  5379  2278    -1
 6813   2282  5383  2283    -1
 6814   2279  5383  5381    -1
 6815   2220  5338  5323    -1
 6816   2260  5382  2282    -1
 6817   2226  5379  5341    -1
 6818   2346    80    79    -1
 6819   2350    79    83    -1
 6820     96  2361  2360    -1
 6821   2360    93    96    -1
 6822     93  2350    83    -1
 6823    172  2451   173    -1
 6824     98  2365    99    -1
 6825    126  2391  2390    -1
 6826    104  2373   105    -1
 6827    132  2395  2394    -1
 6828     99  2372   104    -1
 6829    127  2394  2391    -1
 6830    200  2463   201    -1
 6831    204  2467   205    -1
 6832    201  2466   204    -1
 6833     80  2364    98    -1
 6834     97  2390  2361    -1
 6835    173  2462   200    -1
 6836    224  2503  2502    -1
 6837   2511   232  2510    -1
 6838    313  2562   312    -1
 6839    244  2519  2518    -1
 6840    260  2535   261    -1
 6841    248  2523  2522    -1
 6842    264  2539   265    -1
 6843    245  2522  2519    -1
 6844    261  2538   264    -1
 6845    334  2580  2579    -1
 6846    340  2586  2585    -1
 6847    335  2585  2580    -1
 6848    225  2518  2503    -1
 6849    233  2534   260    -1
 6850    313  2579  2563    -1
 6851    312  2510   232    -1
 6852   2707   482  2706    -1
 6853    506  2719   507    -1
 6854    510  2723   511    -1
 6855    507  2722   510    -1
 6856    483  2718   506    -1
 6857    172  2502  2450    -1
 6858    550  2748   549    -1
 6859    549  2745   546    -1
 6860    575  2770  2769    -1
 6861    581  2776  2775    -1
 6862    576  2775  2770    -1
 6863    550  2769  2749    -1
 6864    795  2936   796    -1
 6865    805  2943   803    -1
 6866   2943   795   803    -1
 6867    817  2954   818    -1
 6868    821  2958   822    -1
 6869    818  2957   821    -1
 6870    796  2953   817    -1
 6871    869  3025   865    -1
 6872    880  3033   879    -1
 6873    879  3027   869    -1
 6874    913  3066  3065    -1
 6875    919  3074  3073    -1
 6876    914  3073  3066    -1
 6877    880  3065  3034    -1
 6878   3140  1022  3139    -1
 6879   1025  3139  1022    -1
 6880   1032  3147  1031    -1
 6881   3147  1025  1031    -1
 6882   3229  1092  3228    -1
 6883   1105  3244  3243    -1
 6884   3243  1102  1105    -1
 6885   1102  3228  1092    -1
 6886   1050  3162  1051    -1
 6887   1064  3178  3177    -1
 6888   1054  3168  1055    -1
 6889   1068  3184  3183    -1
 6890   1051  3167  1054    -1
 6891   1065  3183  3178    -1
 6892   1117  3252  1118    -1
 6893   1137  3280  3279    -1
 6894   1121  3258  1122    -1
 6895   1141  3286  3285    -1
 6896   1118  3257  1121    -1
 6897   1138  3285  3280    -1
 6898   1023  3161  1050    -1
 6899   1032  3177  3148    -1
 6900   1093  3251  1117    -1
 6901   1106  3279  3244    -1
 6902   3025   805   865    -1
 6903    546  2706   482    -1
 6904   4380  6297  4381    -1
 6905   4428  6336  6332    -1
 6906   4434  6342  4432    -1
 6907   6342  4430  4432    -1
 6908   4404  6305  4405    -1
 6909   4408  6309  4409    -1
 6910   4405  6308  4408    -1
 6911   4381  6304  4404    -1
 6912   6332  4380  4428    -1
 6913   4467  6437  4466    -1
 6914   4466  6434  4464    -1
 6915   4510  6512  4511    -1
 6916   6515  4510  4514    -1
 6917   4516  6529  6527    -1
 6918   4514  6527  6515    -1
 6919   4470  6457  6456    -1
 6920   4474  6461  6460    -1
 6921   4471  6460  6457    -1
 6922   4538  6532  4539    -1
 6923   4546  6540  4547    -1
 6924   4539  6539  4546    -1
 6925   4467  6456  6438    -1
 6926   4511  6531  4538    -1
 6927   6434  4434  4464    -1
 6928   4560  6597  6595    -1
 6929   4564  6601  6599    -1
 6930   4562  6599  6597    -1
 6931   4622  6624  6623    -1
 6932   4622  6619  4618    -1
 6933   4646  6640  6639    -1
 6934   4654  6648  6647    -1
 6935   4647  6647  6640    -1
 6936   4623  6639  6624    -1
 6937   4566  6619  6601    -1
 6938   6692  4707  6691    -1
 6939   4710  6691  4707    -1
 6940   4737  6700  4738    -1
 6941   4741  6706  4742    -1
 6942   4738  6705  4741    -1
 6943   4708  6699  4737    -1
 6944   4518  6595  6529    -1
 6945   4749  6715  4748    -1
 6946   6734  4761  6733    -1
 6947   4842  6842  6841    -1
 6948   6841  4839  4842    -1
 6949   4771  6745  6744    -1
 6950   4789  6777  4790    -1
 6951   4775  6751  6750    -1
 6952   4793  6783  4794    -1
 6953   4772  6750  6745    -1
 6954   4790  6782  4793    -1
 6955   4864  6850  6849    -1
 6956   4868  6856  6855    -1
 6957   4865  6855  6850    -1
 6958   4749  6744  6716    -1
 6959   4762  6776  4789    -1
 6960   4843  6849  6842    -1
 6961   4839  6733  4761    -1
 6962   6862  4938  6861    -1
 6963   6865  4938  4942    -1
 6964   4951  6868  4950    -1
 6965   4950  6865  4942    -1
 6966   5056  6913  5057    -1
 6967   4970  6877  4971    -1
 6968   4992  6889  6888    -1
 6969   4976  6883  4977    -1
 6970   4998  6897  6896    -1
 6971   4971  6882  4976    -1
 6972   4993  6896  6889    -1
 6973   5088  6935  5089    -1
 6974   5092  6939  5093    -1
 6975   5089  6938  5092    -1
 6976   4939  6876  4970    -1
 6977   4951  6888  6869    -1
 6978   5057  6934  5088    -1
 6979   5135  6956  6955    -1
 6980   5132  6955  6952    -1
 6981   7015  5227  5226    -1
 6982   7019  5226  5229    -1
 6983   5151  6970  6969    -1
 6984   5155  6976  6975    -1
 6985   5152  6975  6970    -1
 6986   5260  7039  5261    -1
 6987   5264  7045  5265    -1
 6988   5261  7044  5264    -1
 6989   5136  6969  6956    -1
 6990   5227  7038  5260    -1
 6991   5296  7051  7050    -1
 6992   5308  7055  7054    -1
 6993   5312  7059  7058    -1
 6994   5309  7058  7055    -1
 6995   5297  7054  7051    -1
 6996   5296  7019  5229    -1
 6997   5056  6952  6912    -1
 6998   6715  4710  4748    -1
 6999   1222  3370  1223    -1
 7000   1250  3396  3395    -1
 7001   1228  3378  1229    -1
 7002   1256  3400  3399    -1
 7003   1223  3377  1228    -1
 7004   1251  3399  3396    -1
 7005   1327  3476  1328    -1
 7006   1331  3480  1332    -1
 7007   1328  3479  1331    -1
 7008   3406  1258  3405    -1
 7009   1259  3410  1263    -1
 7010   1276  3419  1275    -1
 7011   1272  3420  1276    -1
 7012   3410  1272  1263    -1
 7013   1347  3494  1348    -1
 7014   1229  3405  1258    -1
 7015   1257  3419  3400    -1
 7016   1332  3493  1347    -1
 7017   1371  3526  3525    -1
 7018   1387  3542  1388    -1
 7019   1375  3530  3529    -1
 7020   1391  3546  1392    -1
 7021   1372  3529  3526    -1
 7022   1388  3545  1391    -1
 7023   1460  3586  3585    -1
 7024   1466  3592  3591    -1
 7025   1461  3591  3586    -1
 7026   1399  3558  3557    -1
 7027   3565  1408  1407    -1
 7028   1487  3618  3617    -1
 7029   1376  3557  3530    -1
 7030   1392  3565  1407    -1
 7031   1467  3617  3592    -1
 7032   3566  1488  1408    -1
 7033   1632  3734  1633    -1
 7034   1636  3738  1637    -1
 7035   1633  3737  1636    -1
 7036   3745  1654  1653    -1
 7037   1637  3745  1653    -1
 7038   1348  3558  1400    -1
 7039   1696  3771  3770    -1
 7040   1702  3777  3776    -1
 7041   1697  3776  3771    -1
 7042   1732  3812  3811    -1
 7043   3808  1733  1729    -1
 7044   1703  3811  3777    -1
 7045   1942  3959  1943    -1
 7046   1946  3963  1947    -1
 7047   1943  3962  1946    -1
 7048   1974  3995  1975    -1
 7049   4003  1985  1983    -1
 7050   1975  4003  1983    -1
 7051   1947  3994  1974    -1
 7052   2034  4065  4064    -1
 7053   2040  4073  4072    -1
 7054   2035  4072  4065    -1
 7055   4097  2052  2049    -1
 7056   2062  4105  4104    -1
 7057   4099  2063  2052    -1
 7058   2041  4104  4073    -1
 7059   2170  4163  2171    -1
 7060   2184  4179  4178    -1
 7061   2174  4169  2175    -1
 7062   2188  4185  4184    -1
 7063   2171  4168  2174    -1
 7064   2185  4184  4179    -1
 7065   2237  4252  2238    -1
 7066   2257  4280  4279    -1
 7067   2241  4258  2242    -1
 7068   2261  4286  4285    -1
 7069   2238  4257  2241    -1
 7070   2258  4285  4280    -1
 7071   4206  2202  2201    -1
 7072   4207  2204  2202    -1
 7073   2210  4215  4214    -1
 7074   2204  4215  2211    -1
 7075   4295  2272  2271    -1
 7076   2285  4310  2284    -1
 7077   2281  4311  2285    -1
 7078   4296  2281  2272    -1
 7079   2175  4206  2201    -1
 7080   2189  4214  4185    -1
 7081   2242  4295  2271    -1
 7082   2262  4310  4286    -1
 7083   1985  4097  2049    -1
 7084   3746  1729  1654    -1
 7085   5372  7063  5373    -1
 7086   5376  7067  5377    -1
 7087   5373  7066  5376    -1
 7088   5390  7079  5391    -1
 7089   5439  7139  5441    -1
 7090   7145  5445  5443    -1
 7091   5441  7145  5443    -1
 7092   5377  7078  5390    -1
 7093   5391  7135  5439    -1
 7094   5448  7203  7202    -1
 7095   5452  7207  7206    -1
 7096   5449  7206  7203    -1
 7097   5500  7278  5501    -1
 7098   5508  7286  5509    -1
 7099   5501  7285  5508    -1
 7100   5456  7236  7235    -1
 7101   7232  5457  5455    -1
 7102   5532  7318  5533    -1
 7103   5533  7322  5537    -1
 7104   5539  7336  5541    -1
 7105   5537  7334  5539    -1
 7106   5453  7235  7207    -1
 7107   5509  7317  5532    -1
 7108   5445  7232  5455    -1
 7109   5612  7390  7389    -1
 7110   5620  7398  7397    -1
 7111   5613  7397  7390    -1
 7112   5559  7380  5561    -1
 7113   5563  7384  5565    -1
 7114   5561  7382  5563    -1
 7115   5636  7422  7421    -1
 7116   7418  5637  5633    -1
 7117   5621  7421  7398    -1
 7118   5565  7418  5633    -1
 7119   5700  7458  5701    -1
 7120   5704  7464  5705    -1
 7121   5701  7463  5704    -1
 7122   7473  5722  5721    -1
 7123   7474  5724  5722    -1
 7124   5705  7473  5721    -1
 7125   5541  7378  5559    -1
 7126   5733  7482  7481    -1
 7127   5751  7514  5752    -1
 7128   5737  7488  7487    -1
 7129   5755  7520  5756    -1
 7130   5734  7487  7482    -1
 7131   5752  7519  5755    -1
 7132   5827  7608  7607    -1
 7133   5831  7614  7613    -1
 7134   5828  7613  7608    -1
 7135   5762  7538  7537    -1
 7136   7555  5776  5775    -1
 7137   5857  7623  5856    -1
 7138   5853  7624  5857    -1
 7139   5738  7537  7488    -1
 7140   5756  7555  5775    -1
 7141   5832  7623  7614    -1
 7142   7556  5853  5776    -1
 7143   5926  7628  5927    -1
 7144   5948  7640  7639    -1
 7145   5932  7634  5933    -1
 7146   5954  7648  7647    -1
 7147   5927  7633  5932    -1
 7148   5949  7647  7640    -1
 7149   6052  7687  6053    -1
 7150   6056  7691  6057    -1
 7151   6053  7690  6056    -1
 7152   7655  5969  5968    -1
 7153   5969  7659  5972    -1
 7154   5980  7663  7662    -1
 7155   7659  5981  5972    -1
 7156   6074  7707  6075    -1
 7157   5933  7655  5968    -1
 7158   5955  7662  7648    -1
 7159   6057  7706  6074    -1
 7160   6117  7721  7720    -1
 7161   6121  7727  7726    -1
 7162   6118  7726  7721    -1
 7163   6220  7790  6221    -1
 7164   6224  7796  6225    -1
 7165   6221  7795  6224    -1
 7166   6141  7750  7749    -1
 7167   6138  7750  6142    -1
 7168   7810  6244  7809    -1
 7169   6245  7813  6247    -1
 7170   6122  7749  7727    -1
 7171   6225  7809  6244    -1
 7172   6282  7817  7816    -1
 7173   6286  7821  7820    -1
 7174   6283  7820  7817    -1
 7175   6295  7824  6294    -1
 7176   6287  7824  7821    -1
 7177   7813  6295  6247    -1
 7178   6075  7746  6138    -1
 7179   5724  7538  5763    -1
 7180     17  1145  1143    -1
 7181     17  1147    21    -1
 7182     33  1169  1167    -1
 7183     19  1167  1145    -1
 7184     23  1169    35    -1
 7185     60  1183    64    -1
 7186     62  1185  1181    -1
 7187     74  1199    78    -1
 7188     64  1195    74    -1
 7189     66  1197  1185    -1
 7190    107  1226  1224    -1
 7191    105  1226   109    -1
 7192    119  1238  1236    -1
 7193    117  1236  1234    -1
 7194    129  1248   131    -1
 7195    121  1248  1238    -1
 7196    107  1246   129    -1
 7197    147  1279   149    -1
 7198    155  1287  1285    -1
 7199    179  1303   181    -1
 7200    187  1311   189    -1
 7201    195  1319  1317    -1
 7202    203  1327  1325    -1
 7203    181  1309   187    -1
 7204    197  1325  1319    -1
 7205     76  1234  1197    -1
 7206    149  1301   179    -1
 7207    157  1317  1287    -1
 7208     78  1277   147    -1
 7209    133  1311  1250    -1
 7210     21  1179    60    -1
 7211     23  1181  1149    -1
 7212    215  1351   217    -1
 7213    239  1363   241    -1
 7214    247  1371   249    -1
 7215    255  1379  1377    -1
 7216    263  1387  1385    -1
 7217    241  1369   247    -1
 7218    257  1385  1379    -1
 7219    288  1413  1411    -1
 7220    286  1413   290    -1
 7221    298  1423   300    -1
 7222    288  1421   298    -1
 7223    329  1450   331    -1
 7224    339  1460   341    -1
 7225    339  1462  1458    -1
 7226    349  1472  1470    -1
 7227    331  1462   343    -1
 7228    329  1470  1448    -1
 7229    217  1361   239    -1
 7230    286  1446  1409    -1
 7231    302  1472   351    -1
 7232    255  1446   327    -1
 7233    377  1499   381    -1
 7234    379  1501  1497    -1
 7235    393  1515   397    -1
 7236    395  1517  1513    -1
 7237    381  1511   393    -1
 7238    383  1513  1501    -1
 7239    421  1545  1543    -1
 7240    429  1553  1551    -1
 7241    441  1563   445    -1
 7242    443  1565  1561    -1
 7243    431  1563  1553    -1
 7244    421  1559   441    -1
 7245    423  1561  1545    -1
 7246    464  1595   466    -1
 7247    462  1593   464    -1
 7248    489  1612   491    -1
 7249    501  1622   503    -1
 7250    499  1622  1618    -1
 7251    509  1632  1630    -1
 7252    491  1620   501    -1
 7253    399  1551  1517    -1
 7254    466  1610   489    -1
 7255    397  1591   462    -1
 7256    447  1618  1565    -1
 7257    300  1495   377    -1
 7258    302  1497  1425    -1
 7259    155  1349   215    -1
 7260    532  1661  1659    -1
 7261    532  1663   536    -1
 7262    524  1661   534    -1
 7263    566  1682  1680    -1
 7264    566  1684   570    -1
 7265    580  1696   582    -1
 7266    590  1706   592    -1
 7267    590  1708  1704    -1
 7268    568  1692  1682    -1
 7269    592  1716   598    -1
 7270    580  1716  1694    -1
 7271    624  1746   628    -1
 7272    626  1748  1744    -1
 7273    640  1762   644    -1
 7274    642  1764  1760    -1
 7275    628  1758   640    -1
 7276    630  1760  1748    -1
 7277    670  1796  1794    -1
 7278    670  1798   674    -1
 7279    672  1800  1796    -1
 7280    524  1684  1655    -1
 7281    626  1790   660    -1
 7282    536  1742   624    -1
 7283    594  1790  1708    -1
 7284    695  1824   699    -1
 7285    705  1834   707    -1
 7286    699  1832   705    -1
 7287    734  1853  1851    -1
 7288    746  1863  1861    -1
 7289    754  1873   756    -1
 7290    762  1881   764    -1
 7291    736  1859  1853    -1
 7292    756  1879   762    -1
 7293    748  1881  1863    -1
 7294    778  1910  1908    -1
 7295    786  1918   788    -1
 7296    778  1916   786    -1
 7297    812  1934  1932    -1
 7298    820  1942  1940    -1
 7299    828  1950   830    -1
 7300    838  1958   840    -1
 7301    840  1960   842    -1
 7302    814  1940  1934    -1
 7303    830  1956   838    -1
 7304    697  1851  1822    -1
 7305    707  1871   754    -1
 7306    780  1932  1910    -1
 7307    788  1948   828    -1
 7308    644  1820   695    -1
 7309    646  1822  1764    -1
 7310    674  1859   744    -1
 7311    676  1861  1800    -1
 7312    858  1990  1988    -1
 7313    856  1990   860    -1
 7314    894  2010  2008    -1
 7315    894  2012   898    -1
 7316    906  2022  2020    -1
 7317    918  2034   920    -1
 7318    918  2036  2032    -1
 7319    886  2012  2004    -1
 7320    910  2036   922    -1
 7321    886  2022   908    -1
 7322    952  2072   954    -1
 7323    948  2070   952    -1
 7324    950  2072  2068    -1
 7325    964  2084  2082    -1
 7326    964  2086   968    -1
 7327    966  2088  2084    -1
 7328    986  2116   988    -1
 7329    994  2124  2122    -1
 7330    996  2130  2124    -1
 7331    856  2020  1986    -1
 7332    950  2114   986    -1
 7333    970  2122  2088    -1
 7334    858  2066   948    -1
 7335    910  2116  2024    -1
 7336   1010  2146  1012    -1
 7337   1045  2160  1047    -1
 7338   1043  2158  1045    -1
 7339   1053  2170  2168    -1
 7340   1061  2178  1063    -1
 7341   1069  2186  2184    -1
 7342   1047  2176  1061    -1
 7343   1081  2217  2215    -1
 7344   1112  2229  1114    -1
 7345   1120  2237  2235    -1
 7346   1130  2245  2243    -1
 7347   1130  2247  1134    -1
 7348   1140  2257  1142    -1
 7349   1114  2245  1132    -1
 7350   1012  2156  1043    -1
 7351   1083  2247  2217    -1
 7352   1063  2227  1112    -1
 7353   1071  2235  2186    -1
 7354    968  2144  1010    -1
 7355   1000  2168  2130    -1
 7356    842  2010   896    -1
 7357    509  1692   578    -1
 7358   2309  3313  3311    -1
 7359   2307  3313  2311    -1
 7360   2321  3323  3321    -1
 7361   2325  3327  2327    -1
 7362   2307  3321  3309    -1
 7363   2343  3355  3353    -1
 7364   2341  3353  3351    -1
 7365   2323  3351  3323    -1
 7366   2377  3375  2379    -1
 7367   2375  3375  3371    -1
 7368   2393  3395  3393    -1
 7369   2375  3385  2385    -1
 7370   2377  3393  3373    -1
 7371   2425  3427  2429    -1
 7372   2427  3429  3425    -1
 7373   2441  3443  2445    -1
 7374   2443  3445  3441    -1
 7375   2429  3439  2441    -1
 7376   2431  3441  3429    -1
 7377   2467  3477  3475    -1
 7378   2475  3485  3483    -1
 7379   2469  3483  3477    -1
 7380   2491  3503  2493    -1
 7381   2499  3511  3509    -1
 7382   2387  3423  2425    -1
 7383   2399  3443  3401    -1
 7384   2461  3501  2491    -1
 7385   2477  3509  3485    -1
 7386   2399  3471  2461    -1
 7387   2447  3503  3445    -1
 7388   2309  3369  2373    -1
 7389   2325  3385  3325    -1
 7390   2327  3387  2387    -1
 7391   2345  3425  3355    -1
 7392   2523  3527  2525    -1
 7393   2531  3535  2533    -1
 7394   2539  3543  3541    -1
 7395   2547  3551  3549    -1
 7396   2525  3533  2531    -1
 7397   2541  3549  3543    -1
 7398   2559  3575  2561    -1
 7399   2586  3587  2588    -1
 7400   2588  3589  2590    -1
 7401   2600  3601  2602    -1
 7402   2608  3611  2610    -1
 7403   2590  3599  2600    -1
 7404   2602  3609  2608    -1
 7405   2633  3638  3636    -1
 7406   2631  3636  3634    -1
 7407   2643  3650  3646    -1
 7408   2635  3646  3638    -1
 7409   2533  3573  2559    -1
 7410   2598  3634  3597    -1
 7411   2610  3648  2645    -1
 7412   2549  3597  3551    -1
 7413   2679  3681  2683    -1
 7414   2681  3683  3679    -1
 7415   2695  3697  2699    -1
 7416   2697  3699  3695    -1
 7417   2683  3693  2695    -1
 7418   2685  3695  3683    -1
 7419   2715  3727  2717    -1
 7420   2723  3735  3733    -1
 7421   2742  3753  2744    -1
 7422   2740  3753  3749    -1
 7423   2653  3697  3671    -1
 7424   2717  3751  2742    -1
 7425   2653  3725  2715    -1
 7426   2701  3749  3699    -1
 7427   2645  3677  2679    -1
 7428   2647  3679  3650    -1
 7429   2501  3575  3511    -1
 7430   2776  3772  2778    -1
 7431   2786  3782  3780    -1
 7432   2788  3784  3782    -1
 7433   2802  3798  2804    -1
 7434   2804  3800  2806    -1
 7435   2774  3780  3768    -1
 7436   2794  3796  2802    -1
 7437   2778  3792  2794    -1
 7438   2827  3836  3834    -1
 7439   2829  3838  3836    -1
 7440   2819  3834  3830    -1
 7441   2863  3865  2867    -1
 7442   2865  3867  3863    -1
 7443   2879  3881  2883    -1
 7444   2881  3883  3879    -1
 7445   2867  3877  2879    -1
 7446   2869  3879  3867    -1
 7447   2790  3830  3784    -1
 7448   2837  3861  2863    -1
 7449   2806  3855  2837    -1
 7450   2831  3863  3838    -1
 7451   2897  3911  2899    -1
 7452   2899  3917  2903    -1
 7453   2924  3931  3929    -1
 7454   2932  3941  2934    -1
 7455   2926  3941  3931    -1
 7456   2958  3960  3958    -1
 7457   2966  3968  3966    -1
 7458   2976  3976  2978    -1
 7459   2976  3978  3974    -1
 7460   2986  3988  2988    -1
 7461   2960  3966  3960    -1
 7462   2978  3986  2986    -1
 7463   3006  4014  4012    -1
 7464   3018  4024  3022    -1
 7465   3020  4026  4022    -1
 7466   3008  4022  4014    -1
 7467   2897  3927  3909    -1
 7468   2903  3939  2932    -1
 7469   2968  4012  3968    -1
 7470   2988  4020  3018    -1
 7471   2883  3927  2922    -1
 7472   2885  3929  3883    -1
 7473   3058  4052  4050    -1
 7474   3056  4050  4048    -1
 7475   3078  4070  3080    -1
 7476   3074  4068  3078    -1
 7477   3090  4082  4080    -1
 7478   3094  4086  3096    -1
 7479   3076  4080  4066    -1
 7480   3080  4084  3094    -1
 7481   3060  4066  4052    -1
 7482   3064  4082  3092    -1
 7483   3120  4124  3124    -1
 7484   3122  4126  4122    -1
 7485   3134  4138  3136    -1
 7486   3134  4140  4136    -1
 7487   3126  4138  4126    -1
 7488   3064  4124  4060    -1
 7489   3096  4140  3138    -1
 7490   3170  4166  4164    -1
 7491   3168  4164  4162    -1
 7492   3184  4180  3186    -1
 7493   3186  4182  3188    -1
 7494   3198  4192  4190    -1
 7495   3202  4196  3204    -1
 7496   3172  4174  4166    -1
 7497   3188  4194  3202    -1
 7498   3176  4190  4174    -1
 7499   4230  3219  3221    -1
 7500   3221  4232  4230    -1
 7501   3254  4249  4247    -1
 7502   3254  4251  3258    -1
 7503   3268  4261  4259    -1
 7504   3272  4265  3274    -1
 7505   3282  4277  3284    -1
 7506   3282  4279  4275    -1
 7507   3256  4259  4249    -1
 7508   3284  4287  3290    -1
 7509   3272  4287  4263    -1
 7510   3304  4316  3306    -1
 7511   3304  4318  4314    -1
 7512   3200  4228  4192    -1
 7513   3274  4318  3308    -1
 7514   3204  4261  3270    -1
 7515   3223  4316  4232    -1
 7516   2980  4048  3978    -1
 7517   3022  4120  3120    -1
 7518   3024  4122  4026    -1
 7519   2725  3768  3735    -1
 7520   4357  5320  4359    -1
 7521   4353  5318  4357    -1
 7522   4355  5320  5316    -1
 7523   4365  5332  5330    -1
 7524   4387  5352  4389    -1
 7525   4399  5364  5362    -1
 7526   4407  5372  5370    -1
 7527   4389  5358  4393    -1
 7528   4401  5370  5364    -1
 7529   4419  5394  4421    -1
 7530   4441  5406  4443    -1
 7531   4451  5414  4453    -1
 7532   4453  5416  4455    -1
 7533   4461  5426  4463    -1
 7534   4443  5412  4451    -1
 7535   4455  5424  4461    -1
 7536   4355  5350  4387    -1
 7537   4367  5362  5332    -1
 7538   4421  5404  4441    -1
 7539   4365  5392  4419    -1
 7540   4473  5448  4475    -1
 7541   4493  5460  5458    -1
 7542   4497  5464  4499    -1
 7543   4493  5462  4497    -1
 7544   4529  5484  5482    -1
 7545   4533  5488  4535    -1
 7546   4545  5500  5498    -1
 7547   4549  5504  4551    -1
 7548   4557  5516  4559    -1
 7549   4531  5498  5484    -1
 7550   4535  5502  4549    -1
 7551   4551  5514  4557    -1
 7552   4495  5482  5460    -1
 7553   4499  5486  4533    -1
 7554   4463  5446  4473    -1
 7555   4573  5544  4575    -1
 7556   4581  5552  4583    -1
 7557   4575  5550  4581    -1
 7558   4601  5568  5566    -1
 7559   4605  5572  4607    -1
 7560   4601  5570  4605    -1
 7561   4633  5592  5590    -1
 7562   4637  5596  4639    -1
 7563   4649  5608  5606    -1
 7564   4653  5612  4655    -1
 7565   4635  5606  5592    -1
 7566   4639  5610  4653    -1
 7567   4603  5590  5568    -1
 7568   4607  5594  4637    -1
 7569   4583  5608  4651    -1
 7570   4677  5640  5638    -1
 7571   4677  5642  4681    -1
 7572   4679  5644  5640    -1
 7573   4689  5656  4691    -1
 7574   4681  5654  4689    -1
 7575   4716  5676  5674    -1
 7576   4732  5690  4734    -1
 7577   4730  5688  4732    -1
 7578   4740  5700  5698    -1
 7579   4718  5682  5676    -1
 7580   4722  5698  5682    -1
 7581   4683  5674  5644    -1
 7582   4691  5686  4730    -1
 7583   4559  5542  4573    -1
 7584   4768  5727  4770    -1
 7585   4776  5735  5733    -1
 7586   4784  5743  4786    -1
 7587   4792  5751  5749    -1
 7588   4770  5741  4784    -1
 7589   4778  5749  5735    -1
 7590   4812  5779  5777    -1
 7591   4828  5791  4830    -1
 7592   4824  5789  4828    -1
 7593   4826  5791  5787    -1
 7594   4812  5785  4824    -1
 7595   4857  5815  5813    -1
 7596   4857  5817  4861    -1
 7597   4867  5827  4869    -1
 7598   4875  5835  4877    -1
 7599   4877  5841  4881    -1
 7600   4867  5841  5825    -1
 7601   4814  5817  5779    -1
 7602   4826  5833  4875    -1
 7603   4786  5815  4859    -1
 7604   4907  5866  5864    -1
 7605   4907  5868  4911    -1
 7606   4923  5884  4927    -1
 7607   4925  5886  5882    -1
 7608   4911  5880  4923    -1
 7609   4913  5882  5870    -1
 7610   4963  5914  5912    -1
 7611   4975  5926  5924    -1
 7612   4975  5928  4979    -1
 7613   4989  5940  5938    -1
 7614   4987  5940  4991    -1
 7615   5001  5952  5003    -1
 7616   4999  5952  5948    -1
 7617   4967  5928  5916    -1
 7618   4967  5936  4987    -1
 7619   5029  5992  5031    -1
 7620   5025  5990  5029    -1
 7621   5037  6004  6002    -1
 7622   6028  5071  6026    -1
 7623   5069  6028  6024    -1
 7624   5083  6044  6042    -1
 7625   5091  6052  6050    -1
 7626   5069  6038  5077    -1
 7627   5085  6050  6044    -1
 7628   4909  5912  5866    -1
 7629   4913  5914  4965    -1
 7630   5027  6022  5988    -1
 7631   5031  6026  5071    -1
 7632   5039  6042  6004    -1
 7633   4927  5986  5025    -1
 7634   4929  5988  5886    -1
 7635   4989  6022  5067    -1
 7636   5001  6038  5950    -1
 7637   5114  6080  5116    -1
 7638   5112  6078  5114    -1
 7639   5122  6090  6088    -1
 7640   5146  6109  5148    -1
 7641   5154  6117  5156    -1
 7642   5162  6125  6123    -1
 7643   5148  6115  5154    -1
 7644   5189  6151  5193    -1
 7645   5191  6153  6149    -1
 7646   5203  6167  5207    -1
 7647   5193  6163  5203    -1
 7648   5195  6165  6153    -1
 7649   5237  6192  5239    -1
 7650   5239  6194  5241    -1
 7651   5247  6204  6202    -1
 7652   5255  6212  6210    -1
 7653   5263  6220  6218    -1
 7654   5239  6202  6192    -1
 7655   5241  6212  5257    -1
 7656   5249  6218  6204    -1
 7657   5116  6107  5146    -1
 7658   5124  6123  6090    -1
 7659   5191  6190  5237    -1
 7660   5205  6210  6165    -1
 7661   5122  6147  5189    -1
 7662   5164  6192  6125    -1
 7663   5287  6254  5289    -1
 7664   5283  6252  5287    -1
 7665   5285  6254  6250    -1
 7666   5303  6274  5305    -1
 7667   5311  6282  5313    -1
 7668   5305  6280  5311    -1
 7669   5285  6272  5303    -1
 7670   5207  6248  5283    -1
 7671   5037  6076  5112    -1
 7672   4734  5725  4768    -1
 7673   6309  7064  7062    -1
 7674   6317  7072  7070    -1
 7675   6311  7070  7064    -1
 7676   6329  7088  7086    -1
 7677   6357  7100  6359    -1
 7678   6357  7102  7098    -1
 7679   6367  7112  6369    -1
 7680   6379  7122  7120    -1
 7681   6377  7120  7118    -1
 7682   6359  7110  6367    -1
 7683   6361  7118  7102    -1
 7684   6411  7156  6415    -1
 7685   6413  7158  7154    -1
 7686   6427  7172  6431    -1
 7687   6429  7174  7170    -1
 7688   6415  7168  6427    -1
 7689   6417  7170  7158    -1
 7690   6319  7086  7072    -1
 7691   6369  7152  6411    -1
 7692   6385  7172  7130    -1
 7693   6331  7154  7088    -1
 7694   6467  7210  7208    -1
 7695   6475  7218  6477    -1
 7696   6483  7226  6485    -1
 7697   6459  7208  7200    -1
 7698   6477  7224  6483    -1
 7699   6461  7216  6475    -1
 7700   6504  7256  6506    -1
 7701   6502  7256  7252    -1
 7702   6504  7264  7254    -1
 7703   6540  7279  7277    -1
 7704   6544  7283  6546    -1
 7705   6556  7295  7293    -1
 7706   6560  7299  6562    -1
 7707   6568  7311  7309    -1
 7708   6542  7293  7279    -1
 7709   6546  7297  6560    -1
 7710   6544  7309  7281    -1
 7711   6588  7339  7337    -1
 7712   6592  7343  6594    -1
 7713   6590  7343  7339    -1
 7714   6485  7264  6510    -1
 7715   6558  7337  7295    -1
 7716   6562  7341  6592    -1
 7717   6381  7200  7122    -1
 7718   6385  7210  6469    -1
 7719   6433  7252  7174    -1
 7720   6608  7363  7361    -1
 7721   6616  7371  7369    -1
 7722   6610  7369  7363    -1
 7723   6644  7387  7385    -1
 7724   6648  7391  6650    -1
 7725   6660  7403  7401    -1
 7726   6664  7407  6666    -1
 7727   6646  7401  7387    -1
 7728   6650  7405  6664    -1
 7729   6684  7435  7433    -1
 7730   6688  7439  6690    -1
 7731   6686  7439  7435    -1
 7732   6662  7433  7403    -1
 7733   6666  7437  6688    -1
 7734   6618  7385  7371    -1
 7735   6708  7461  7459    -1
 7736   6706  7459  7457    -1
 7737   6710  7469  7461    -1
 7738   6570  7361  7311    -1
 7739   6751  7483  6753    -1
 7740   6753  7485  6755    -1
 7741   6765  7495  7493    -1
 7742   6769  7499  6771    -1
 7743   6779  7511  7509    -1
 7744   6779  7513  6783    -1
 7745   6793  7523  7521    -1
 7746   6797  7527  6799    -1
 7747   6755  7497  6769    -1
 7748   6781  7521  7511    -1
 7749   6771  7523  6795    -1
 7750   6820  7568  7566    -1
 7751   6822  7570  7568    -1
 7752   6832  7580  6834    -1
 7753   6832  7582  7578    -1
 7754   6824  7580  7570    -1
 7755   6852  7605  6854    -1
 7756   6852  7607  7603    -1
 7757   6854  7615  6860    -1
 7758   6767  7566  7495    -1
 7759   6799  7582  6836    -1
 7760   6797  7615  7525    -1
 7761   6883  7629  7627    -1
 7762   6885  7631  7629    -1
 7763   6897  7643  6901    -1
 7764   6899  7645  7641    -1
 7765   6887  7641  7631    -1
 7766   6931  7676  6933    -1
 7767   6927  7674  6931    -1
 7768   6929  7676  7672    -1
 7769   6939  7688  7686    -1
 7770   6945  7712  7694    -1
 7771   6901  7670  6927    -1
 7772   6903  7672  7645    -1
 7773   6976  7722  6978    -1
 7774   6974  7722  7718    -1
 7775   6984  7732  6986    -1
 7776   6992  7740  7738    -1
 7777   7004  7763  7761    -1
 7778   7031  7777  7035    -1
 7779   7033  7779  7775    -1
 7780   7047  7793  7791    -1
 7781   7035  7789  7045    -1
 7782   7037  7791  7779    -1
 7783   6986  7763  7006    -1
 7784   6992  7773  7031    -1
 7785   6994  7775  7740    -1
 7786   7059  7818  7061    -1
 7787   7049  7818  7793    -1
 7788   6941  7718  7688    -1
 7789   6945  7730  6984    -1
 7790   6951  7761  7712    -1
 7791   6714  7493  7469    -1
 7792    105  3369  1222    -1
 7793    133  3395  2395    -1
 7794    205  3475  1327    -1
 7795    249  3525  2523    -1
 7796    265  3541  1387    -1
 7797    341  3585  2586    -1
 7798    511  3733  1632    -1
 7799    582  3770  2776    -1
 7800    822  3958  1942    -1
 7801    920  4064  3074    -1
 7802   1055  4162  2170    -1
 7803   1069  4178  3184    -1
 7804   1122  4251  2237    -1
 7805   1142  4279  3286    -1
 7806   4409  7062  5372    -1
 7807   4475  7202  6461    -1
 7808   4547  7277  5500    -1
 7809   4655  7389  6648    -1
 7810   4742  7457  5700    -1
 7811   4776  7481  6751    -1
 7812   4794  7513  5751    -1
 7813   4869  7607  6856    -1
 7814   4977  7627  5926    -1
 7815   4999  7639  6897    -1
 7816   5093  7686  6052    -1
 7817   5156  7720  6976    -1
 7818   5265  7789  6220    -1
 7819   5313  7816  7059    -1
 7820   1081  5314  4353    -1
 7821   1140  5358  2255    -1
 7822      3     1     2    -1
 7823      5     4     1    -1
 7824     26     2     0    -1
 7825     10    11     8    -1
 7826      9    13     8    -1
 7827     18    19    16    -1
 7828     17    21    16    -1
 7829     11    18     9    -1
 7830     16    20     9    -1
 7831     27    25    26    -1
 7832     30    31    28    -1
 7833     34    35    32    -1
 7834     31    34    29    -1
 7835     25     3    24    -1
 7836      7    27     6    -1
 7837     24     2    26    -1
 7838     28    29    10    -1
 7839     15    31    14    -1
 7840     32    33    18    -1
 7841     23    35    22    -1
 7842     29    32    11    -1
 7843     22    34    15    -1
 7844      3    10     1    -1
 7845      8    12     1    -1
 7846     27    30    25    -1
 7847     25    28     3    -1
 7848     14    30     7    -1
 7849     41    40    37    -1
 7850     42    43    38    -1
 7851     38    36    42    -1
 7852     48    44    49    -1
 7853     50    46    48    -1
 7854     44    40    45    -1
 7855     47    43    46    -1
 7856     46    42    44    -1
 7857     52    56    51    -1
 7858     57    58    53    -1
 7859     63    59    64    -1
 7860     65    66    61    -1
 7861     68    72    67    -1
 7862     74    78    73    -1
 7863     56    68    55    -1
 7864     69    70    57    -1
 7865     64    74    63    -1
 7866     75    76    65    -1
 7867     59    63    52    -1
 7868     58    65    54    -1
 7869     73    77    68    -1
 7870     63    73    56    -1
 7871     70    75    58    -1
 7872     82    81    84    -1
 7873     83    79    84    -1
 7874     90    88    89    -1
 7875     87    88    85    -1
 7876     95    94    92    -1
 7877     93    91    96    -1
 7878     92    91    82    -1
 7879     83    81    93    -1
 7880     95    90    94    -1
 7881    102   103   100    -1
 7882     99   103    98    -1
 7883    108   109   106    -1
 7884    105   109   104    -1
 7885    114   115   112    -1
 7886    112   113   110    -1
 7887    120   121   118    -1
 7888    118   119   116    -1
 7889    123   125   122    -1
 7890    129   131   128    -1
 7891    101   123   100    -1
 7892    107   129   106    -1
 7893    124   125   114    -1
 7894    130   131   120    -1
 7895    103   108   101    -1
 7896    104   108    99    -1
 7897    115   120   113    -1
 7898    113   118   111    -1
 7899    128   130   123    -1
 7900    125   130   115    -1
 7901    106   128   101    -1
 7902    137   136   135    -1
 7903    140   141   138    -1
 7904    143   145   142    -1
 7905    147   149   146    -1
 7906    152   153   150    -1
 7907    156   157   154    -1
 7908    146   148   143    -1
 7909    153   156   151    -1
 7910    161   160   159    -1
 7911    165   164   163    -1
 7912    168   169   166    -1
 7913    172   173   170    -1
 7914    161   163   160    -1
 7915    170   171   168    -1
 7916    175   177   174    -1
 7917    179   181   178    -1
 7918    183   185   182    -1
 7919    187   189   186    -1
 7920    192   193   190    -1
 7921    196   197   194    -1
 7922    200   201   198    -1
 7923    204   205   202    -1
 7924    177   183   176    -1
 7925    198   199   192    -1
 7926    181   187   180    -1
 7927    202   203   196    -1
 7928    178   180   175    -1
 7929    186   188   183    -1
 7930    193   196   191    -1
 7931    201   204   199    -1
 7932    180   186   177    -1
 7933    199   202   193    -1
 7934    134    48   135    -1
 7935    136    50   134    -1
 7936     72   143    71    -1
 7937     78   147    77    -1
 7938     77   146    72    -1
 7939     89    87   160    -1
 7940    164   165    96    -1
 7941     96    94   164    -1
 7942     94    89   162    -1
 7943    184   185   126    -1
 7944    188   189   132    -1
 7945    185   188   127    -1
 7946     47    46    86    -1
 7947     87    85    50    -1
 7948    159   158   137    -1
 7949    166   167   140    -1
 7950    110   111    69    -1
 7951    116   117    75    -1
 7952    111   116    70    -1
 7953    145   175   144    -1
 7954    190   191   152    -1
 7955    149   179   148    -1
 7956    194   195   156    -1
 7957    148   178   145    -1
 7958    191   194   153    -1
 7959     51    55    37    -1
 7960     43    57    39    -1
 7961     67    71    45    -1
 7962     45    41    67    -1
 7963     47    69    43    -1
 7964     84   102    82    -1
 7965     98   102    80    -1
 7966     90   114    88    -1
 7967     88   112    86    -1
 7968    122   124    92    -1
 7969     95   124    90    -1
 7970    100   122    82    -1
 7971    142   144   135    -1
 7972    141   152   139    -1
 7973    174   176   159    -1
 7974    182   184   163    -1
 7975    169   192   167    -1
 7976    173   200   171    -1
 7977    176   182   161    -1
 7978    171   198   169    -1
 7979     86   110    47    -1
 7980    144   174   137    -1
 7981    167   190   141    -1
 7982     71   142    49    -1
 7983    165   184    97    -1
 7984    158    87   136    -1
 7985     37    36     5    -1
 7986     39     7    38    -1
 7987      6     4    38    -1
 7988     13    52    12    -1
 7989     53    54    14    -1
 7990     21    60    20    -1
 7991     61    62    22    -1
 7992     20    59    13    -1
 7993     54    61    15    -1
 7994     12    51     5    -1
 7995     39    53     7    -1
 7996    207   209   206    -1
 7997    211   213   210    -1
 7998    215   217   214    -1
 7999    214   216   211    -1
 8000    219   221   218    -1
 8001    223   225   222    -1
 8002    229   227   228    -1
 8003    233   231   232    -1
 8004    221   223   220    -1
 8005    231   229   230    -1
 8006    235   237   234    -1
 8007    239   241   238    -1
 8008    243   245   242    -1
 8009    247   249   246    -1
 8010    252   253   250    -1
 8011    256   257   254    -1
 8012    260   261   258    -1
 8013    264   265   262    -1
 8014    237   243   236    -1
 8015    258   259   252    -1
 8016    241   247   240    -1
 8017    262   263   256    -1
 8018    238   240   235    -1
 8019    246   248   243    -1
 8020    253   256   251    -1
 8021    261   264   259    -1
 8022    240   246   237    -1
 8023    259   262   253    -1
 8024    271   269   270    -1
 8025    270   266   271    -1
 8026    276   275   273    -1
 8027    277   274   275    -1
 8028    273   272   269    -1
 8029    270   268   274    -1
 8030    283   284   281    -1
 8031    280   284   279    -1
 8032    289   290   287    -1
 8033    286   290   285    -1
 8034    292   294   291    -1
 8035    298   300   297    -1
 8036    282   292   281    -1
 8037    288   298   287    -1
 8038    284   289   282    -1
 8039    285   289   280    -1
 8040    297   299   292    -1
 8041    287   297   282    -1
 8042    307   309   306    -1
 8043    305   303   308    -1
 8044    313   312   311    -1
 8045    314   315   310    -1
 8046    318   319   316    -1
 8047    316   317   306    -1
 8048    309   315   308    -1
 8049    310   305   314    -1
 8050    323   325   322    -1
 8051    329   331   328    -1
 8052    333   335   332    -1
 8053    336   337   332    -1
 8054    339   341   338    -1
 8055    342   343   338    -1
 8056    346   347   344    -1
 8057    350   351   348    -1
 8058    344   345   322    -1
 8059    348   349   328    -1
 8060    325   337   324    -1
 8061    331   343   330    -1
 8062    328   330   323    -1
 8063    338   340   333    -1
 8064    337   342   333    -1
 8065    347   350   345    -1
 8066    330   342   325    -1
 8067    345   348   323    -1
 8068    304   303   227    -1
 8069    228   226   305    -1
 8070    232   230   312    -1
 8071    310   230   305    -1
 8072    251   321   250    -1
 8073    255   327   254    -1
 8074    254   326   251    -1
 8075    209   219   208    -1
 8076    267   266   304    -1
 8077    303   266   306    -1
 8078    278   319   277    -1
 8079    316   274   318    -1
 8080    306   270   316    -1
 8081    213   235   212    -1
 8082    217   239   216    -1
 8083    216   238   213    -1
 8084    320   321   279    -1
 8085    296   347   295    -1
 8086    326   327   285    -1
 8087    302   351   301    -1
 8088    321   326   280    -1
 8089    301   350   296    -1
 8090    210   212   207    -1
 8091    234   236   219    -1
 8092    242   244   223    -1
 8093    229   252   227    -1
 8094    233   260   231    -1
 8095    236   242   221    -1
 8096    231   258   229    -1
 8097    271   283   269    -1
 8098    279   283   267    -1
 8099    291   293   273    -1
 8100    281   291   269    -1
 8101    322   324   307    -1
 8102    332   334   311    -1
 8103    315   336   311    -1
 8104    319   346   317    -1
 8105    324   336   309    -1
 8106    317   344   307    -1
 8107    212   234   209    -1
 8108    304   320   267    -1
 8109    295   346   278    -1
 8110    250   320   227    -1
 8111    357   356   353    -1
 8112    358   359   354    -1
 8113    354   352   358    -1
 8114    364   360   365    -1
 8115    367   363   366    -1
 8116    366   362   364    -1
 8117    360   356   361    -1
 8118    363   359   362    -1
 8119    362   358   360    -1
 8120    369   373   368    -1
 8121    374   375   370    -1
 8122    377   381   376    -1
 8123    382   383   378    -1
 8124    385   389   384    -1
 8125    390   391   386    -1
 8126    393   397   392    -1
 8127    398   399   394    -1
 8128    373   385   372    -1
 8129    386   387   374    -1
 8130    381   393   380    -1
 8131    394   395   382    -1
 8132    376   380   369    -1
 8133    375   382   371    -1
 8134    392   396   385    -1
 8135    391   398   387    -1
 8136    380   392   373    -1
 8137    387   394   375    -1
 8138    402   403   400    -1
 8139    406   407   404    -1
 8140    413   412   409    -1
 8141    414   415   410    -1
 8142    410   408   414    -1
 8143    401   409   400    -1
 8144    410   411   402    -1
 8145    408   410   400    -1
 8146    413   407   412    -1
 8147    418   419   416    -1
 8148    422   423   420    -1
 8149    426   427   424    -1
 8150    430   431   428    -1
 8151    433   437   432    -1
 8152    438   439   434    -1
 8153    441   445   440    -1
 8154    446   447   442    -1
 8155    417   433   416    -1
 8156    434   435   418    -1
 8157    421   441   420    -1
 8158    442   443   422    -1
 8159    436   437   426    -1
 8160    444   445   430    -1
 8161    419   422   417    -1
 8162    427   430   425    -1
 8163    440   444   433    -1
 8164    439   446   435    -1
 8165    437   444   427    -1
 8166    420   440   417    -1
 8167    435   442   419    -1
 8168    451   452   453    -1
 8169    451   448   452    -1
 8170    453   450   451    -1
 8171    458   460   457    -1
 8172    456   458   455    -1
 8173    464   466   463    -1
 8174    462   464   461    -1
 8175    463   465   458    -1
 8176    461   463   456    -1
 8177    470   472   469    -1
 8178    469   471   467    -1
 8179    477   479   476    -1
 8180    478   479   474    -1
 8181    476   478   473    -1
 8182    481   480   483    -1
 8183    472   477   471    -1
 8184    471   476   468    -1
 8185    485   487   484    -1
 8186    489   491   488    -1
 8187    495   497   494    -1
 8188    496   497   492    -1
 8189    501   503   500    -1
 8190    502   503   498    -1
 8191    506   507   504    -1
 8192    510   511   508    -1
 8193    487   495   486    -1
 8194    491   501   490    -1
 8195    488   490   485    -1
 8196    500   502   495    -1
 8197    497   502   493    -1
 8198    507   510   505    -1
 8199    490   500   487    -1
 8200    448   364   449    -1
 8201    366   364   450    -1
 8202    389   456   388    -1
 8203    397   462   396    -1
 8204    396   461   389    -1
 8205    468   406   467    -1
 8206    474   475   414    -1
 8207    414   412   474    -1
 8208    473   412   468    -1
 8209    492   493   438    -1
 8210    498   499   446    -1
 8211    493   498   439    -1
 8212    367   366   405    -1
 8213    454   470   453    -1
 8214    453   469   450    -1
 8215    424   425   390    -1
 8216    428   429   398    -1
 8217    425   428   391    -1
 8218    460   485   459    -1
 8219    466   489   465    -1
 8220    465   488   460    -1
 8221    357   353   372    -1
 8222    359   374   355    -1
 8223    384   388   361    -1
 8224    367   390   363    -1
 8225    372   384   357    -1
 8226    363   386   359    -1
 8227    403   418   401    -1
 8228    407   426   405    -1
 8229    432   436   409    -1
 8230    415   438   411    -1
 8231    413   436   407    -1
 8232    416   432   401    -1
 8233    411   434   403    -1
 8234    457   459   452    -1
 8235    455   457   449    -1
 8236    484   486   470    -1
 8237    494   496   477    -1
 8238    479   496   475    -1
 8239    483   506   481    -1
 8240    486   494   472    -1
 8241    405   424   367    -1
 8242    459   484   454    -1
 8243    388   455   365    -1
 8244    475   492   415    -1
 8245    467   404   450    -1
 8246    353   352   276    -1
 8247    355   278   354    -1
 8248    277   275   354    -1
 8249    294   369   293    -1
 8250    370   371   295    -1
 8251    300   377   299    -1
 8252    378   379   301    -1
 8253    299   376   294    -1
 8254    371   378   296    -1
 8255    293   368   276    -1
 8256    355   370   278    -1
 8257    139   207   138    -1
 8258    206   208   138    -1
 8259    151   211   150    -1
 8260    155   215   154    -1
 8261    154   214   151    -1
 8262    218   220   166    -1
 8263    222   224   170    -1
 8264    220   222   168    -1
 8265    150   210   139    -1
 8266    208   218   140    -1
 8267    517   515   516    -1
 8268    519   518   515    -1
 8269    516   514   520    -1
 8270    516   512   517    -1
 8271    527   528   525    -1
 8272    526   530   525    -1
 8273    533   534   531    -1
 8274    532   536   531    -1
 8275    522   528   521    -1
 8276    524   534   523    -1
 8277    528   533   526    -1
 8278    531   535   526    -1
 8279    523   533   522    -1
 8280    540   538   539    -1
 8281    542   541   538    -1
 8282    539   537   543    -1
 8283    548   550   547    -1
 8284    549   546   547    -1
 8285    552   554   551    -1
 8286    555   556   551    -1
 8287    543   541   553    -1
 8288    557   558   547    -1
 8289    540   539   545    -1
 8290    547   544   543    -1
 8291    554   558   553    -1
 8292    547   543   557    -1
 8293    561   562   559    -1
 8294    560   564   559    -1
 8295    567   568   565    -1
 8296    566   570   565    -1
 8297    574   576   573    -1
 8298    580   582   579    -1
 8299    584   586   583    -1
 8300    587   588   583    -1
 8301    590   592   589    -1
 8302    593   594   589    -1
 8303    595   596   573    -1
 8304    597   598   579    -1
 8305    571   572   561    -1
 8306    586   596   585    -1
 8307    577   578   567    -1
 8308    592   598   591    -1
 8309    562   567   560    -1
 8310    565   569   560    -1
 8311    579   581   574    -1
 8312    589   591   584    -1
 8313    588   593   584    -1
 8314    572   577   562    -1
 8315    591   597   586    -1
 8316    596   597   574    -1
 8317    604   603   600    -1
 8318    606   602   605    -1
 8319    601   599   605    -1
 8320    611   607   612    -1
 8321    614   610   613    -1
 8322    613   609   611    -1
 8323    608   607   604    -1
 8324    609   610   605    -1
 8325    605   603   609    -1
 8326    616   620   615    -1
 8327    621   622   617    -1
 8328    624   628   623    -1
 8329    629   630   625    -1
 8330    632   636   631    -1
 8331    637   638   633    -1
 8332    643   639   644    -1
 8333    645   646   641    -1
 8334    620   632   619    -1
 8335    633   634   621    -1
 8336    628   640   627    -1
 8337    641   642   629    -1
 8338    623   627   616    -1
 8339    622   629   618    -1
 8340    639   643   632    -1
 8341    638   645   634    -1
 8342    627   639   620    -1
 8343    634   641   622    -1
 8344    651   652   649    -1
 8345    650   654   649    -1
 8346    655   656   651    -1
 8347    653   655   649    -1
 8348    663   664   661    -1
 8349    662   666   661    -1
 8350    667   668   663    -1
 8351    671   672   669    -1
 8352    670   674   669    -1
 8353    675   676   671    -1
 8354    664   671   662    -1
 8355    669   673   662    -1
 8356    668   675   664    -1
 8357    600   599   519    -1
 8358    601   520   599    -1
 8359    530   616   529    -1
 8360    536   624   535    -1
 8361    535   623   530    -1
 8362    647   648   555    -1
 8363    657   658   587    -1
 8364    659   660   593    -1
 8365    658   659   588    -1
 8366    513   512   542    -1
 8367    551   516   555    -1
 8368    541   512   551    -1
 8369    602   648   601    -1
 8370    563   564   521    -1
 8371    569   570   523    -1
 8372    564   569   522    -1
 8373    618   658   617    -1
 8374    626   660   625    -1
 8375    625   659   618    -1
 8376    517   527   515    -1
 8377    525   529   515    -1
 8378    521   527   513    -1
 8379    540   561   538    -1
 8380    559   563   538    -1
 8381    573   575   548    -1
 8382    583   585   552    -1
 8383    556   587   552    -1
 8384    545   571   540    -1
 8385    585   595   554    -1
 8386    558   595   548    -1
 8387    615   619   600    -1
 8388    606   621   602    -1
 8389    631   635   608    -1
 8390    614   637   610    -1
 8391    619   631   604    -1
 8392    610   633   606    -1
 8393    652   663   650    -1
 8394    661   665   650    -1
 8395    656   667   652    -1
 8396    542   563   513    -1
 8397    617   657   602    -1
 8398    529   615   519    -1
 8399    648   657   556    -1
 8400    555   520   647    -1
 8401    681   677   682    -1
 8402    679   677   683    -1
 8403    684   685   686    -1
 8404    684   681   685    -1
 8405    686   683   684    -1
 8406    689   693   688    -1
 8407    695   699   694    -1
 8408    701   703   700    -1
 8409    705   707   704    -1
 8410    693   701   692    -1
 8411    699   705   698    -1
 8412    694   698   689    -1
 8413    704   706   701    -1
 8414    698   704   693    -1
 8415    710   711   708    -1
 8416    713   710   712    -1
 8417    719   720   716    -1
 8418    716   714   719    -1
 8419    722   724   721    -1
 8420    726   728   725    -1
 8421    721   723   712    -1
 8422    727   728   719    -1
 8423    725   727   718    -1
 8424    715   711   714    -1
 8425    718   714   713    -1
 8426    724   726   723    -1
 8427    723   725   713    -1
 8428    731   732   729    -1
 8429    735   736   733    -1
 8430    741   742   739    -1
 8431    747   748   745    -1
 8432    750   752   749    -1
 8433    754   756   753    -1
 8434    758   760   757    -1
 8435    762   764   761    -1
 8436    759   760   741    -1
 8437    763   764   747    -1
 8438    737   738   731    -1
 8439    752   758   751    -1
 8440    743   744   735    -1
 8441    756   762   755    -1
 8442    732   735   730    -1
 8443    742   747   740    -1
 8444    753   755   750    -1
 8445    761   763   758    -1
 8446    738   743   732    -1
 8447    755   761   752    -1
 8448    760   763   742    -1
 8449    767   768   765    -1
 8450    770   772   769    -1
 8451    766   770   765    -1
 8452    769   771   765    -1
 8453    775   776   773    -1
 8454    779   780   777    -1
 8455    782   784   781    -1
 8456    786   788   785    -1
 8457    774   782   773    -1
 8458    778   786   777    -1
 8459    776   779   774    -1
 8460    785   787   782    -1
 8461    777   785   774    -1
 8462    791   792   789    -1
 8463    795   796   793    -1
 8464    798   800   797    -1
 8465    804   803   802    -1
 8466    806   805   804    -1
 8467    797   799   789    -1
 8468    795   793   803    -1
 8469    793   794   791    -1
 8470    800   802   799    -1
 8471    799   801   791    -1
 8472    809   810   807    -1
 8473    813   814   811    -1
 8474    817   818   815    -1
 8475    821   822   819    -1
 8476    824   826   823    -1
 8477    828   830   827    -1
 8478    832   834   831    -1
 8479    834   836   833    -1
 8480    838   840   837    -1
 8481    840   842   839    -1
 8482    815   816   809    -1
 8483    826   832   825    -1
 8484    819   820   813    -1
 8485    830   838   829    -1
 8486    810   813   808    -1
 8487    818   821   816    -1
 8488    827   829   824    -1
 8489    837   839   832    -1
 8490    839   841   834    -1
 8491    816   819   810    -1
 8492    829   837   826    -1
 8493    680   679   709    -1
 8494    712   708   683    -1
 8495    687   722   686    -1
 8496    686   721   683    -1
 8497    789   790   767    -1
 8498    772   798   771    -1
 8499    771   797   767    -1
 8500    729   730   690    -1
 8501    703   750   702    -1
 8502    733   734   696    -1
 8503    707   754   706    -1
 8504    730   733   691    -1
 8505    706   753   703    -1
 8506    807   808   775    -1
 8507    784   824   783    -1
 8508    811   812   779    -1
 8509    788   828   787    -1
 8510    808   811   776    -1
 8511    787   827   784    -1
 8512    688   692   678    -1
 8513    700   702   685    -1
 8514    692   700   682    -1
 8515    711   731   709    -1
 8516    720   741   717    -1
 8517    749   751   722    -1
 8518    757   759   726    -1
 8519    715   737   711    -1
 8520    751   757   724    -1
 8521    728   759   720    -1
 8522    768   775   766    -1
 8523    781   783   770    -1
 8524    773   781   766    -1
 8525    792   809   790    -1
 8526    796   817   794    -1
 8527    823   825   798    -1
 8528    831   833   802    -1
 8529    833   835   804    -1
 8530    794   815   792    -1
 8531    825   831   800    -1
 8532    709   729   680    -1
 8533    702   749   687    -1
 8534    790   807   768    -1
 8535    783   823   772    -1
 8536    677   611   678    -1
 8537    679   680   613    -1
 8538    679   613   677    -1
 8539    636   689   635    -1
 8540    690   691   637    -1
 8541    644   695   643    -1
 8542    696   697   645    -1
 8543    643   694   636    -1
 8544    691   696   638    -1
 8545    715   714   654    -1
 8546    716   717   655    -1
 8547    655   653   716    -1
 8548    666   738   665    -1
 8549    739   740   667    -1
 8550    674   744   673    -1
 8551    745   746   675    -1
 8552    673   743   666    -1
 8553    740   745   668    -1
 8554    635   688   612    -1
 8555    680   690   614    -1
 8556    665   737   654    -1
 8557    717   739   656    -1
 8558    846   845   848    -1
 8559    847   843   848    -1
 8560    853   854   851    -1
 8561    850   854   849    -1
 8562    859   860   857    -1
 8563    856   860   855    -1
 8564    854   859   852    -1
 8565    855   859   850    -1
 8566    866   864   865    -1
 8567    867   863   868    -1
 8568    865   863   869    -1
 8569    873   871   872    -1
 8570    875   872   874    -1
 8571    880   879   878    -1
 8572    881   882   877    -1
 8573    873   872   862    -1
 8574    879   869   877    -1
 8575    862   861   868    -1
 8576    882   881   876    -1
 8577    881   861   872    -1
 8578    867   861   877    -1
 8579    889   890   887    -1
 8580    888   892   887    -1
 8581    895   896   893    -1
 8582    894   898   893    -1
 8583    901   902   899    -1
 8584    907   908   905    -1
 8585    912   914   911    -1
 8586    915   916   911    -1
 8587    918   920   917    -1
 8588    921   922   917    -1
 8589    884   902   883    -1
 8590    886   908   885    -1
 8591    891   892   883    -1
 8592    904   916   903    -1
 8593    897   898   885    -1
 8594    910   922   909    -1
 8595    890   895   888    -1
 8596    893   897   888    -1
 8597    902   907   900    -1
 8598    917   919   912    -1
 8599    916   921   912    -1
 8600    892   897   884    -1
 8601    909   921   904    -1
 8602    885   907   884    -1
 8603    930   929   928    -1
 8604    928   927   924    -1
 8605    929   930   925    -1
 8606    929   845   923    -1
 8607    934   932   933    -1
 8608    935   931   936    -1
 8609    938   934   937    -1
 8610   1003   937   933    -1
 8611    944   946   943    -1
 8612    940   944   939    -1
 8613    945   946   941    -1
 8614    952   954   951    -1
 8615    948   952   947    -1
 8616    953   954   949    -1
 8617    957   958   955    -1
 8618    956   960   955    -1
 8619    961   962   957    -1
 8620    965   966   963    -1
 8621    964   968   963    -1
 8622    969   970   965    -1
 8623    951   953   944    -1
 8624    947   951   940    -1
 8625    946   953   942    -1
 8626    958   965   956    -1
 8627    963   967   956    -1
 8628    962   969   958    -1
 8629    972   974   971    -1
 8630    976   975   978    -1
 8631    978   977   980    -1
 8632    982   984   981    -1
 8633    986   988   985    -1
 8634    991   992   989    -1
 8635    995   996   993    -1
 8636    997   998   991    -1
 8637    999  1000   995    -1
 8638    985   987   982    -1
 8639    992   995   990    -1
 8640    998   999   992    -1
 8641    924   923   846    -1
 8642    847   845   925    -1
 8643    852   940   851    -1
 8644    858   948   857    -1
 8645    857   947   852    -1
 8646    973   974   875    -1
 8647    875   874   973    -1
 8648    983   984   903    -1
 8649    987   988   909    -1
 8650    984   987   904    -1
 8651    871   844   870    -1
 8652    870   843   874    -1
 8653    926   972   925    -1
 8654    976   938   975    -1
 8655    899   900   849    -1
 8656    905   906   855    -1
 8657    900   905   850    -1
 8658    942   982   941    -1
 8659    989   990   961    -1
 8660    950   986   949    -1
 8661    993   994   969    -1
 8662    949   985   942    -1
 8663    990   993   962    -1
 8664    848   853   846    -1
 8665    849   853   844    -1
 8666    866   889   864    -1
 8667    887   891   864    -1
 8668    873   901   871    -1
 8669    911   913   878    -1
 8670    882   915   878    -1
 8671    868   891   862    -1
 8672    903   915   876    -1
 8673    883   901   862    -1
 8674    943   945   928    -1
 8675    939   943   924    -1
 8676    930   945   926    -1
 8677    934   957   932    -1
 8678    955   959   932    -1
 8679    938   961   934    -1
 8680    981   983   972    -1
 8681    978   991   976    -1
 8682    980   997   978    -1
 8683    871   899   844    -1
 8684    941   981   926    -1
 8685    976   989   938    -1
 8686    851   939   846    -1
 8687    974   983   876    -1
 8688    874   847   971    -1
 8689   1004  1003  1002    -1
 8690   1006  1008  1005    -1
 8691   1010  1012  1009    -1
 8692   1009  1011  1006    -1
 8693   1017  1019  1016    -1
 8694   1016  1013  1017    -1
 8695   1018  1015  1016    -1
 8696   1021  1020  1023    -1
 8697   1025  1022  1024    -1
 8698   1027  1029  1026    -1
 8699   1034  1035  1031    -1
 8700   1031  1030  1034    -1
 8701   1026  1018  1027    -1
 8702   1025  1024  1031    -1
 8703   1020  1015  1024    -1
 8704   1028  1033  1026    -1
 8705   1030  1024  1026    -1
 8706   1039  1041  1038    -1
 8707   1037  1039  1036    -1
 8708   1045  1047  1044    -1
 8709   1043  1045  1042    -1
 8710   1050  1051  1048    -1
 8711   1054  1055  1052    -1
 8712   1057  1059  1056    -1
 8713   1061  1063  1060    -1
 8714   1066  1067  1064    -1
 8715   1070  1071  1068    -1
 8716   1041  1057  1040    -1
 8717   1047  1061  1046    -1
 8718   1044  1046  1039    -1
 8719   1042  1044  1037    -1
 8720   1051  1054  1049    -1
 8721   1060  1062  1057    -1
 8722   1067  1070  1065    -1
 8723   1046  1060  1041    -1
 8724   1075  1073  1074    -1
 8725   1078  1079  1076    -1
 8726   1082  1083  1080    -1
 8727   1079  1082  1077    -1
 8728   1085  1087  1084    -1
 8729   1093  1090  1092    -1
 8730   1092  1089  1091    -1
 8731   1095  1094  1097    -1
 8732   1099  1098  1095    -1
 8733   1096  1094  1100    -1
 8734   1104  1106  1103    -1
 8735   1102  1101  1105    -1
 8736   1096  1086  1097    -1
 8737   1102  1092  1101    -1
 8738   1086  1091  1084    -1
 8739   1103  1101  1100    -1
 8740   1101  1091  1096    -1
 8741   1108  1110  1107    -1
 8742   1112  1114  1111    -1
 8743   1117  1118  1115    -1
 8744   1121  1122  1119    -1
 8745   1125  1126  1123    -1
 8746   1124  1128  1123    -1
 8747   1131  1132  1129    -1
 8748   1130  1134  1129    -1
 8749   1136  1138  1135    -1
 8750   1140  1142  1139    -1
 8751   1110  1126  1109    -1
 8752   1114  1132  1113    -1
 8753   1111  1113  1108    -1
 8754   1118  1121  1116    -1
 8755   1126  1131  1124    -1
 8756   1129  1133  1124    -1
 8757   1139  1141  1136    -1
 8758   1113  1131  1110    -1
 8759   1029  1085  1028    -1
 8760   1089  1090  1034    -1
 8761   1088  1089  1033    -1
 8762   1084  1088  1028    -1
 8763   1059  1108  1058    -1
 8764   1063  1112  1062    -1
 8765   1115  1116  1066    -1
 8766   1119  1120  1070    -1
 8767   1062  1111  1059    -1
 8768   1116  1119  1067    -1
 8769   1014  1013  1004    -1
 8770   1099  1075  1098    -1
 8771   1008  1037  1007    -1
 8772   1012  1043  1011    -1
 8773   1011  1042  1008    -1
 8774   1127  1128  1078    -1
 8775   1133  1134  1082    -1
 8776   1128  1133  1079    -1
 8777   1005  1007  1002    -1
 8778   1038  1040  1017    -1
 8779   1036  1038  1014    -1
 8780   1023  1050  1021    -1
 8781   1056  1058  1027    -1
 8782   1035  1066  1032    -1
 8783   1040  1056  1019    -1
 8784   1075  1078  1073    -1
 8785   1107  1109  1085    -1
 8786   1093  1117  1090    -1
 8787   1097  1125  1095    -1
 8788   1123  1127  1095    -1
 8789   1135  1137  1104    -1
 8790   1109  1125  1087    -1
 8791   1007  1036  1004    -1
 8792   1099  1127  1075    -1
 8793   1058  1107  1029    -1
 8794   1090  1115  1035    -1
 8795   1002  1001   936    -1
 8796   1003   933   935    -1
 8797    960  1006   959    -1
 8798    968  1010   967    -1
 8799    967  1009   960    -1
 8800    977   975  1015    -1
 8801   1021   980  1020    -1
 8802   1020   979  1015    -1
 8803   1048  1049   997    -1
 8804   1052  1053   999    -1
 8805   1049  1052   998    -1
 8806    959  1005   936    -1
 8807   1021  1048   980    -1
 8808   1013   975  1003    -1
 8809    865   805   866    -1
 8810    836   890   835    -1
 8811    842   896   841    -1
 8812    841   895   836    -1
 8813    835   889   806    -1
 8814    545   544   481    -1
 8815    482   480   546    -1
 8816    505   572   504    -1
 8817    509   578   508    -1
 8818    508   577   505    -1
 8819    504   571   481    -1
 8820   1145  1146  1143    -1
 8821   1144  1148  1143    -1
 8822   1153  1154  1151    -1
 8823   1152  1156  1151    -1
 8824   1146  1153  1144    -1
 8825   1151  1155  1144    -1
 8826   1160  1159  1162    -1
 8827   1163  1159  1164    -1
 8828   1160  1178  1166    -1
 8829   1169  1170  1167    -1
 8830   1173  1174  1171    -1
 8831   1170  1173  1168    -1
 8832   1177  1178  1175    -1
 8833   1167  1168  1145    -1
 8834   1150  1170  1149    -1
 8835   1171  1172  1153    -1
 8836   1158  1174  1157    -1
 8837   1168  1171  1146    -1
 8838   1157  1173  1150    -1
 8839   1162  1161  1176    -1
 8840   1178  1177  1166    -1
 8841   1176  1178  1162    -1
 8842   1154  1161  1152    -1
 8843   1159  1163  1152    -1
 8844   1174  1177  1172    -1
 8845   1172  1175  1154    -1
 8846   1165  1177  1158    -1
 8847   1180  1184  1179    -1
 8848   1185  1186  1181    -1
 8849   1188  1192  1187    -1
 8850   1193  1194  1189    -1
 8851   1196  1200  1195    -1
 8852   1202  1206  1201    -1
 8853   1184  1196  1183    -1
 8854   1197  1198  1185    -1
 8855   1201  1191  1202    -1
 8856   1203  1204  1193    -1
 8857   1187  1191  1180    -1
 8858   1186  1193  1182    -1
 8859   1201  1205  1196    -1
 8860   1191  1201  1184    -1
 8861   1198  1203  1186    -1
 8862   1211  1207  1212    -1
 8863   1214  1210  1213    -1
 8864   1210  1214  1208    -1
 8865   1220  1219  1216    -1
 8866   1221  1220  1218    -1
 8867   1216  1215  1212    -1
 8868   1217  1218  1213    -1
 8869   1218  1216  1214    -1
 8870   1226  1227  1224    -1
 8871   1223  1227  1222    -1
 8872   1232  1233  1230    -1
 8873   1229  1233  1228    -1
 8874   1238  1239  1236    -1
 8875   1236  1237  1234    -1
 8876   1244  1245  1242    -1
 8877   1242  1243  1240    -1
 8878   1247  1249  1246    -1
 8879   1253  1255  1252    -1
 8880   1225  1247  1224    -1
 8881   1231  1253  1230    -1
 8882   1248  1249  1238    -1
 8883   1254  1255  1244    -1
 8884   1227  1232  1225    -1
 8885   1228  1232  1223    -1
 8886   1239  1244  1237    -1
 8887   1237  1242  1235    -1
 8888   1252  1254  1247    -1
 8889   1249  1254  1239    -1
 8890   1230  1252  1225    -1
 8891   1263  1261  1262    -1
 8892   1263  1262  1259    -1
 8893   1267  1266  1269    -1
 8894   1267  1265  1266    -1
 8895   1273  1270  1274    -1
 8896   1272  1276  1271    -1
 8897   1270  1260  1271    -1
 8898   1263  1272  1261    -1
 8899   1269  1268  1274    -1
 8900   1278  1280  1277    -1
 8901   1282  1284  1281    -1
 8902   1287  1288  1285    -1
 8903   1291  1292  1289    -1
 8904   1281  1283  1278    -1
 8905   1288  1291  1286    -1
 8906   1294  1296  1293    -1
 8907   1299  1300  1297    -1
 8908   1302  1304  1301    -1
 8909   1306  1308  1305    -1
 8910   1310  1312  1309    -1
 8911   1314  1316  1313    -1
 8912   1319  1320  1317    -1
 8913   1323  1324  1321    -1
 8914   1327  1328  1325    -1
 8915   1331  1332  1329    -1
 8916   1304  1310  1303    -1
 8917   1325  1326  1319    -1
 8918   1308  1314  1307    -1
 8919   1329  1330  1323    -1
 8920   1305  1307  1302    -1
 8921   1313  1315  1310    -1
 8922   1320  1323  1318    -1
 8923   1328  1331  1326    -1
 8924   1307  1313  1304    -1
 8925   1326  1329  1320    -1
 8926   1334  1336  1333    -1
 8927   1338  1340  1337    -1
 8928   1343  1344  1341    -1
 8929   1347  1348  1345    -1
 8930   1338  1337  1336    -1
 8931   1345  1346  1343    -1
 8932   1200  1278  1199    -1
 8933   1206  1282  1205    -1
 8934   1205  1281  1200    -1
 8935   1294  1293  1220    -1
 8936   1296  1294  1221    -1
 8937   1311  1312  1250    -1
 8938   1315  1316  1256    -1
 8939   1312  1315  1251    -1
 8940   1269  1336  1267    -1
 8941   1340  1276  1339    -1
 8942   1276  1340  1274    -1
 8943   1274  1338  1269    -1
 8944   1234  1235  1197    -1
 8945   1240  1241  1203    -1
 8946   1235  1240  1198    -1
 8947   1280  1302  1279    -1
 8948   1317  1318  1287    -1
 8949   1284  1306  1283    -1
 8950   1321  1322  1291    -1
 8951   1283  1305  1280    -1
 8952   1318  1321  1288    -1
 8953   1265  1218  1264    -1
 8954   1267  1221  1265    -1
 8955   1296  1334  1295    -1
 8956   1341  1342  1299    -1
 8957   1192  1188  1211    -1
 8958   1194  1213  1190    -1
 8959   1215  1219  1202    -1
 8960   1211  1215  1192    -1
 8961   1204  1217  1194    -1
 8962   1233  1262  1231    -1
 8963   1258  1262  1229    -1
 8964   1245  1268  1243    -1
 8965   1243  1266  1241    -1
 8966   1270  1273  1253    -1
 8967   1255  1273  1245    -1
 8968   1260  1270  1231    -1
 8969   1293  1295  1282    -1
 8970   1292  1299  1290    -1
 8971   1333  1335  1306    -1
 8972   1337  1339  1314    -1
 8973   1324  1343  1322    -1
 8974   1332  1347  1330    -1
 8975   1335  1337  1308    -1
 8976   1330  1345  1324    -1
 8977   1241  1264  1204    -1
 8978   1295  1333  1284    -1
 8979   1322  1341  1292    -1
 8980   1219  1293  1206    -1
 8981   1316  1339  1257    -1
 8982   1334  1296  1267    -1
 8983   1148  1180  1147    -1
 8984   1181  1182  1149    -1
 8985   1156  1188  1155    -1
 8986   1189  1190  1157    -1
 8987   1155  1187  1148    -1
 8988   1182  1189  1150    -1
 8989   1207  1163  1208    -1
 8990   1209  1210  1165    -1
 8991   1166  1210  1164    -1
 8992   1163  1207  1156    -1
 8993   1190  1209  1158    -1
 8994   1350  1352  1349    -1
 8995   1354  1356  1353    -1
 8996   1353  1355  1350    -1
 8997   1358  1360  1357    -1
 8998   1362  1364  1361    -1
 8999   1366  1368  1365    -1
 9000   1370  1372  1369    -1
 9001   1374  1376  1373    -1
 9002   1379  1380  1377    -1
 9003   1383  1384  1381    -1
 9004   1387  1388  1385    -1
 9005   1391  1392  1389    -1
 9006   1364  1370  1363    -1
 9007   1385  1386  1379    -1
 9008   1368  1374  1367    -1
 9009   1389  1390  1383    -1
 9010   1365  1367  1362    -1
 9011   1373  1375  1370    -1
 9012   1380  1383  1378    -1
 9013   1388  1391  1386    -1
 9014   1367  1373  1364    -1
 9015   1386  1389  1380    -1
 9016   1394  1396  1393    -1
 9017   1398  1400  1397    -1
 9018   1402  1401  1404    -1
 9019   1406  1405  1408    -1
 9020   1396  1398  1395    -1
 9021   1404  1403  1406    -1
 9022   1413  1414  1411    -1
 9023   1410  1414  1409    -1
 9024   1419  1420  1417    -1
 9025   1416  1420  1415    -1
 9026   1422  1424  1421    -1
 9027   1428  1430  1427    -1
 9028   1412  1422  1411    -1
 9029   1418  1428  1417    -1
 9030   1414  1419  1412    -1
 9031   1415  1419  1410    -1
 9032   1427  1429  1422    -1
 9033   1417  1427  1412    -1
 9034   1436  1435  1438    -1
 9035   1438  1437  1434    -1
 9036   1442  1439  1443    -1
 9037   1445  1443  1441    -1
 9038   1439  1435  1440    -1
 9039   1438  1441  1436    -1
 9040   1449  1451  1448    -1
 9041   1455  1457  1454    -1
 9042   1459  1461  1458    -1
 9043   1462  1463  1458    -1
 9044   1465  1467  1464    -1
 9045   1468  1469  1464    -1
 9046   1472  1473  1470    -1
 9047   1476  1477  1474    -1
 9048   1470  1471  1448    -1
 9049   1474  1475  1454    -1
 9050   1451  1463  1450    -1
 9051   1457  1469  1456    -1
 9052   1454  1456  1449    -1
 9053   1464  1466  1459    -1
 9054   1463  1468  1459    -1
 9055   1473  1476  1471    -1
 9056   1456  1468  1451    -1
 9057   1471  1474  1449    -1
 9058   1484  1483  1482    -1
 9059   1480  1484  1479    -1
 9060   1486  1488  1485    -1
 9061   1490  1486  1489    -1
 9062   1494  1492  1493    -1
 9063   1492  1482  1491    -1
 9064   1490  1489  1484    -1
 9065   1486  1490  1480    -1
 9066   1378  1447  1377    -1
 9067   1382  1453  1381    -1
 9068   1381  1452  1378    -1
 9069   1478  1401  1479    -1
 9070   1404  1480  1402    -1
 9071   1408  1488  1406    -1
 9072   1486  1480  1406    -1
 9073   1352  1362  1351    -1
 9074   1356  1366  1355    -1
 9075   1355  1365  1352    -1
 9076   1446  1447  1409    -1
 9077   1426  1473  1425    -1
 9078   1452  1453  1415    -1
 9079   1432  1477  1431    -1
 9080   1447  1452  1410    -1
 9081   1431  1476  1426    -1
 9082   1360  1394  1359    -1
 9083   1479  1434  1478    -1
 9084   1479  1482  1434    -1
 9085   1494  1493  1445    -1
 9086   1492  1494  1441    -1
 9087   1482  1492  1438    -1
 9088   1357  1359  1354    -1
 9089   1393  1395  1366    -1
 9090   1397  1399  1374    -1
 9091   1384  1403  1382    -1
 9092   1392  1407  1390    -1
 9093   1395  1397  1368    -1
 9094   1390  1405  1384    -1
 9095   1420  1437  1418    -1
 9096   1433  1437  1416    -1
 9097   1439  1442  1428    -1
 9098   1435  1439  1418    -1
 9099   1481  1483  1455    -1
 9100   1485  1487  1465    -1
 9101   1469  1489  1465    -1
 9102   1477  1493  1475    -1
 9103   1483  1489  1457    -1
 9104   1475  1491  1455    -1
 9105   1359  1393  1356    -1
 9106   1453  1478  1416    -1
 9107   1444  1493  1432    -1
 9108   1401  1478  1382    -1
 9109   1496  1500  1495    -1
 9110   1501  1502  1497    -1
 9111   1504  1508  1503    -1
 9112   1509  1510  1505    -1
 9113   1512  1516  1511    -1
 9114   1517  1518  1513    -1
 9115   1520  1524  1519    -1
 9116   1525  1526  1521    -1
 9117   1500  1512  1499    -1
 9118   1513  1514  1501    -1
 9119   1508  1520  1507    -1
 9120   1521  1522  1509    -1
 9121   1503  1507  1496    -1
 9122   1502  1509  1498    -1
 9123   1519  1523  1512    -1
 9124   1518  1525  1514    -1
 9125   1507  1519  1500    -1
 9126   1514  1521  1502    -1
 9127   1531  1527  1532    -1
 9128   1534  1530  1533    -1
 9129   1530  1534  1528    -1
 9130   1540  1539  1536    -1
 9131   1541  1542  1537    -1
 9132   1542  1540  1538    -1
 9133   1536  1535  1532    -1
 9134   1537  1538  1533    -1
 9135   1538  1536  1534    -1
 9136   1545  1546  1543    -1
 9137   1549  1550  1547    -1
 9138   1553  1554  1551    -1
 9139   1557  1558  1555    -1
 9140   1560  1564  1559    -1
 9141   1565  1566  1561    -1
 9142   1568  1572  1567    -1
 9143   1573  1574  1569    -1
 9144   1544  1560  1543    -1
 9145   1561  1562  1545    -1
 9146   1548  1568  1547    -1
 9147   1569  1570  1549    -1
 9148   1563  1564  1553    -1
 9149   1571  1572  1557    -1
 9150   1546  1549  1544    -1
 9151   1554  1557  1552    -1
 9152   1567  1571  1560    -1
 9153   1566  1573  1562    -1
 9154   1564  1571  1554    -1
 9155   1547  1567  1544    -1
 9156   1562  1569  1546    -1
 9157   1577  1578  1575    -1
 9158   1581  1582  1579    -1
 9159   1584  1588  1583    -1
 9160   1589  1590  1585    -1
 9161   1586  1590  1584    -1
 9162   1576  1584  1575    -1
 9163   1585  1586  1577    -1
 9164   1578  1586  1576    -1
 9165   1587  1588  1581    -1
 9166   1594  1596  1593    -1
 9167   1592  1594  1591    -1
 9168   1600  1602  1599    -1
 9169   1598  1600  1597    -1
 9170   1599  1601  1594    -1
 9171   1597  1599  1592    -1
 9172   1607  1609  1606    -1
 9173   1607  1606  1604    -1
 9174   1609  1607  1605    -1
 9175   1611  1613  1610    -1
 9176   1615  1617  1614    -1
 9177   1621  1623  1620    -1
 9178   1622  1623  1618    -1
 9179   1627  1629  1626    -1
 9180   1628  1629  1624    -1
 9181   1632  1633  1630    -1
 9182   1636  1637  1634    -1
 9183   1613  1621  1612    -1
 9184   1617  1627  1616    -1
 9185   1614  1616  1611    -1
 9186   1626  1628  1621    -1
 9187   1623  1628  1619    -1
 9188   1633  1636  1631    -1
 9189   1616  1626  1613    -1
 9190   1641  1643  1640    -1
 9191   1639  1643  1638    -1
 9192   1648  1650  1647    -1
 9193   1649  1650  1645    -1
 9194   1646  1650  1644    -1
 9195   1654  1652  1653    -1
 9196   1643  1648  1642    -1
 9197   1644  1648  1639    -1
 9198   1516  1592  1515    -1
 9199   1524  1598  1523    -1
 9200   1523  1597  1516    -1
 9201   1604  1603  1540    -1
 9202   1542  1605  1540    -1
 9203   1618  1619  1565    -1
 9204   1624  1625  1573    -1
 9205   1619  1624  1566    -1
 9206   1639  1638  1582    -1
 9207   1645  1646  1589    -1
 9208   1590  1646  1588    -1
 9209   1644  1639  1588    -1
 9210   1551  1552  1517    -1
 9211   1555  1556  1525    -1
 9212   1552  1555  1518    -1
 9213   1596  1611  1595    -1
 9214   1602  1615  1601    -1
 9215   1601  1614  1596    -1
 9216   1580  1542  1579    -1
 9217   1609  1641  1608    -1
 9218   1638  1641  1605    -1
 9219   1527  1531  1504    -1
 9220   1510  1533  1506    -1
 9221   1535  1539  1520    -1
 9222   1526  1541  1522    -1
 9223   1520  1508  1535    -1
 9224   1522  1537  1510    -1
 9225   1550  1577  1548    -1
 9226   1558  1581  1556    -1
 9227   1583  1587  1568    -1
 9228   1574  1589  1570    -1
 9229   1572  1587  1558    -1
 9230   1575  1583  1548    -1
 9231   1570  1585  1550    -1
 9232   1606  1608  1600    -1
 9233   1603  1606  1598    -1
 9234   1640  1642  1615    -1
 9235   1647  1649  1627    -1
 9236   1629  1649  1625    -1
 9237   1637  1653  1635    -1
 9238   1642  1647  1617    -1
 9239   1556  1579  1526    -1
 9240   1608  1640  1602    -1
 9241   1539  1603  1524    -1
 9242   1625  1645  1574    -1
 9243   1638  1605  1580    -1
 9244   1424  1496  1423    -1
 9245   1497  1498  1425    -1
 9246   1430  1504  1429    -1
 9247   1505  1506  1431    -1
 9248   1429  1503  1424    -1
 9249   1498  1505  1426    -1
 9250   1527  1442  1528    -1
 9251   1529  1530  1444    -1
 9252   1445  1530  1443    -1
 9253   1442  1527  1430    -1
 9254   1506  1529  1432    -1
 9255   1286  1350  1285    -1
 9256   1290  1354  1289    -1
 9257   1289  1353  1286    -1
 9258   1298  1358  1297    -1
 9259   1300  1360  1298    -1
 9260   1344  1396  1342    -1
 9261   1348  1400  1346    -1
 9262   1346  1398  1344    -1
 9263   1297  1357  1290    -1
 9264   1342  1394  1300    -1
 9265   1661  1662  1659    -1
 9266   1660  1664  1659    -1
 9267   1667  1668  1665    -1
 9268   1666  1670  1665    -1
 9269   1656  1662  1655    -1
 9270   1658  1668  1657    -1
 9271   1662  1667  1660    -1
 9272   1665  1669  1660    -1
 9273   1657  1667  1656    -1
 9274   1674  1673  1676    -1
 9275   1677  1673  1678    -1
 9276   1676  1679  1674    -1
 9277   1676  1675  1672    -1
 9278   1682  1683  1680    -1
 9279   1681  1685  1680    -1
 9280   1688  1689  1686    -1
 9281   1687  1691  1686    -1
 9282   1695  1697  1694    -1
 9283   1701  1703  1700    -1
 9284   1705  1707  1704    -1
 9285   1708  1709  1704    -1
 9286   1711  1713  1710    -1
 9287   1714  1715  1710    -1
 9288   1716  1717  1694    -1
 9289   1718  1719  1700    -1
 9290   1692  1693  1682    -1
 9291   1707  1717  1706    -1
 9292   1698  1699  1688    -1
 9293   1713  1719  1712    -1
 9294   1683  1688  1681    -1
 9295   1686  1690  1681    -1
 9296   1700  1702  1695    -1
 9297   1710  1712  1705    -1
 9298   1709  1714  1705    -1
 9299   1693  1698  1683    -1
 9300   1712  1718  1707    -1
 9301   1717  1718  1695    -1
 9302   1721  1720  1723    -1
 9303   1724  1720  1725    -1
 9304   1723  1726  1721    -1
 9305   1733  1732  1731    -1
 9306   1733  1731  1729    -1
 9307   1737  1736  1735    -1
 9308   1739  1735  1738    -1
 9309   1726  1737  1725    -1
 9310   1741  1731  1740    -1
 9311   1728  1723  1727    -1
 9312   1731  1726  1728    -1
 9313   1741  1740  1737    -1
 9314   1731  1741  1726    -1
 9315   1743  1747  1742    -1
 9316   1748  1749  1744    -1
 9317   1751  1755  1750    -1
 9318   1756  1757  1752    -1
 9319   1759  1763  1758    -1
 9320   1764  1765  1760    -1
 9321   1767  1771  1766    -1
 9322   1772  1773  1768    -1
 9323   1747  1759  1746    -1
 9324   1760  1761  1748    -1
 9325   1755  1767  1754    -1
 9326   1768  1769  1756    -1
 9327   1750  1754  1743    -1
 9328   1749  1756  1745    -1
 9329   1766  1770  1759    -1
 9330   1765  1772  1761    -1
 9331   1754  1766  1747    -1
 9332   1761  1768  1749    -1
 9333   1778  1774  1779    -1
 9334   1780  1781  1776    -1
 9335   1777  1781  1775    -1
 9336   1787  1786  1783    -1
 9337   1788  1789  1784    -1
 9338   1789  1787  1785    -1
 9339   1782  1778  1783    -1
 9340   1785  1781  1784    -1
 9341   1781  1785  1779    -1
 9342   1796  1797  1794    -1
 9343   1795  1799  1794    -1
 9344   1800  1801  1796    -1
 9345   1804  1805  1802    -1
 9346   1803  1807  1802    -1
 9347   1808  1809  1804    -1
 9348   1797  1804  1795    -1
 9349   1802  1806  1795    -1
 9350   1801  1808  1797    -1
 9351   1814  1815  1812    -1
 9352   1813  1817  1812    -1
 9353   1818  1819  1814    -1
 9354   1815  1819  1813    -1
 9355   1664  1743  1663    -1
 9356   1670  1751  1669    -1
 9357   1669  1750  1664    -1
 9358   1774  1677  1775    -1
 9359   1777  1775  1679    -1
 9360   1790  1791  1708    -1
 9361   1792  1793  1714    -1
 9362   1791  1792  1709    -1
 9363   1811  1739  1810    -1
 9364   1684  1685  1655    -1
 9365   1690  1691  1657    -1
 9366   1685  1690  1656    -1
 9367   1745  1791  1744    -1
 9368   1753  1793  1752    -1
 9369   1752  1792  1745    -1
 9370   1725  1672  1724    -1
 9371   1735  1739  1676    -1
 9372   1725  1735  1672    -1
 9373   1811  1810  1777    -1
 9374   1668  1675  1666    -1
 9375   1673  1677  1666    -1
 9376   1671  1675  1658    -1
 9377   1689  1722  1687    -1
 9378   1720  1724  1687    -1
 9379   1730  1732  1701    -1
 9380   1734  1736  1711    -1
 9381   1715  1738  1711    -1
 9382   1699  1727  1689    -1
 9383   1736  1740  1713    -1
 9384   1719  1740  1701    -1
 9385   1774  1778  1751    -1
 9386   1757  1780  1753    -1
 9387   1782  1786  1767    -1
 9388   1773  1788  1769    -1
 9389   1778  1782  1755    -1
 9390   1769  1784  1757    -1
 9391   1805  1814  1803    -1
 9392   1812  1816  1803    -1
 9393   1809  1818  1805    -1
 9394   1691  1724  1658    -1
 9395   1776  1810  1753    -1
 9396   1677  1774  1670    -1
 9397   1793  1810  1715    -1
 9398   1739  1811  1679    -1
 9399   1821  1825  1820    -1
 9400   1827  1831  1826    -1
 9401   1833  1835  1832    -1
 9402   1837  1839  1836    -1
 9403   1825  1833  1824    -1
 9404   1831  1837  1830    -1
 9405   1826  1830  1821    -1
 9406   1836  1838  1833    -1
 9407   1830  1836  1825    -1
 9408   1845  1844  1841    -1
 9409   1843  1846  1841    -1
 9410   1848  1850  1847    -1
 9411   1848  1847  1845    -1
 9412   1850  1848  1846    -1
 9413   1853  1854  1851    -1
 9414   1857  1858  1855    -1
 9415   1863  1864  1861    -1
 9416   1869  1870  1867    -1
 9417   1872  1874  1871    -1
 9418   1876  1878  1875    -1
 9419   1880  1882  1879    -1
 9420   1884  1886  1883    -1
 9421   1881  1882  1863    -1
 9422   1885  1886  1869    -1
 9423   1859  1860  1853    -1
 9424   1874  1880  1873    -1
 9425   1865  1866  1857    -1
 9426   1878  1884  1877    -1
 9427   1854  1857  1852    -1
 9428   1864  1869  1862    -1
 9429   1875  1877  1872    -1
 9430   1883  1885  1880    -1
 9431   1860  1865  1854    -1
 9432   1877  1883  1874    -1
 9433   1882  1885  1864    -1
 9434   1889  1890  1887    -1
 9435   1892  1891  1890    -1
 9436   1898  1899  1895    -1
 9437   1896  1899  1894    -1
 9438   1901  1903  1900    -1
 9439   1905  1907  1904    -1
 9440   1892  1903  1891    -1
 9441   1906  1907  1898    -1
 9442   1899  1907  1897    -1
 9443   1893  1894  1889    -1
 9444   1897  1892  1894    -1
 9445   1903  1905  1902    -1
 9446   1897  1905  1892    -1
 9447   1910  1911  1908    -1
 9448   1914  1915  1912    -1
 9449   1917  1919  1916    -1
 9450   1921  1923  1920    -1
 9451   1909  1917  1908    -1
 9452   1913  1921  1912    -1
 9453   1911  1914  1909    -1
 9454   1920  1922  1917    -1
 9455   1912  1920  1909    -1
 9456   1926  1927  1924    -1
 9457   1929  1931  1928    -1
 9458   1925  1929  1924    -1
 9459   1927  1931  1925    -1
 9460   1934  1935  1932    -1
 9461   1938  1939  1936    -1
 9462   1942  1943  1940    -1
 9463   1946  1947  1944    -1
 9464   1949  1951  1948    -1
 9465   1953  1955  1952    -1
 9466   1957  1959  1956    -1
 9467   1959  1961  1958    -1
 9468   1963  1965  1962    -1
 9469   1965  1967  1964    -1
 9470   1940  1941  1934    -1
 9471   1951  1957  1950    -1
 9472   1944  1945  1938    -1
 9473   1955  1963  1954    -1
 9474   1935  1938  1933    -1
 9475   1943  1946  1941    -1
 9476   1952  1954  1949    -1
 9477   1962  1964  1957    -1
 9478   1964  1966  1959    -1
 9479   1941  1944  1935    -1
 9480   1954  1962  1951    -1
 9481   1970  1971  1968    -1
 9482   1974  1975  1972    -1
 9483   1977  1979  1976    -1
 9484   1981  1983  1980    -1
 9485   1984  1982  1985    -1
 9486   1971  1979  1969    -1
 9487   1975  1983  1973    -1
 9488   1972  1973  1970    -1
 9489   1979  1981  1978    -1
 9490   1973  1981  1971    -1
 9491   1851  1852  1822    -1
 9492   1835  1872  1834    -1
 9493   1855  1856  1828    -1
 9494   1839  1876  1838    -1
 9495   1852  1855  1823    -1
 9496   1838  1875  1835    -1
 9497   1932  1933  1910    -1
 9498   1919  1949  1918    -1
 9499   1936  1937  1914    -1
 9500   1923  1953  1922    -1
 9501   1933  1936  1911    -1
 9502   1922  1952  1919    -1
 9503   1888  1843  1887    -1
 9504   1891  1846  1888    -1
 9505   1850  1901  1849    -1
 9506   1891  1901  1846    -1
 9507   1968  1969  1926    -1
 9508   1931  1977  1930    -1
 9509   1969  1977  1927    -1
 9510   1840  1844  1827    -1
 9511   1847  1849  1837    -1
 9512   1844  1847  1831    -1
 9513   1858  1889  1856    -1
 9514   1870  1898  1868    -1
 9515   1900  1902  1876    -1
 9516   1904  1906  1884    -1
 9517   1866  1893  1858    -1
 9518   1902  1904  1878    -1
 9519   1886  1906  1870    -1
 9520   1915  1926  1913    -1
 9521   1928  1930  1921    -1
 9522   1924  1928  1913    -1
 9523   1939  1970  1937    -1
 9524   1947  1974  1945    -1
 9525   1976  1978  1953    -1
 9526   1980  1982  1963    -1
 9527   1982  1984  1965    -1
 9528   1945  1972  1939    -1
 9529   1978  1980  1955    -1
 9530   1856  1887  1829    -1
 9531   1849  1900  1839    -1
 9532   1937  1968  1915    -1
 9533   1930  1976  1923    -1
 9534   1763  1821  1762    -1
 9535   1822  1823  1764    -1
 9536   1771  1827  1770    -1
 9537   1828  1829  1772    -1
 9538   1770  1826  1763    -1
 9539   1823  1828  1765    -1
 9540   1841  1840  1787    -1
 9541   1843  1789  1842    -1
 9542   1843  1841  1789    -1
 9543   1799  1860  1798    -1
 9544   1861  1862  1800    -1
 9545   1807  1866  1806    -1
 9546   1867  1868  1808    -1
 9547   1806  1865  1799    -1
 9548   1862  1867  1801    -1
 9549   1817  1894  1816    -1
 9550   1895  1896  1818    -1
 9551   1819  1896  1817    -1
 9552   1786  1840  1771    -1
 9553   1829  1842  1773    -1
 9554   1816  1893  1807    -1
 9555   1868  1895  1809    -1
 9556   1990  1991  1988    -1
 9557   1987  1991  1986    -1
 9558   1996  1997  1994    -1
 9559   1993  1997  1992    -1
 9560   1991  1996  1989    -1
 9561   1992  1996  1987    -1
 9562   2003  2001  2002    -1
 9563   2003  2002  1999    -1
 9564   2010  2011  2008    -1
 9565   2009  2013  2008    -1
 9566   2016  2017  2014    -1
 9567   2015  2019  2014    -1
 9568   2022  2023  2020    -1
 9569   2028  2029  2026    -1
 9570   2033  2035  2032    -1
 9571   2036  2037  2032    -1
 9572   2039  2041  2038    -1
 9573   2042  2043  2038    -1
 9574   2005  2023  2004    -1
 9575   2007  2029  2006    -1
 9576   2012  2013  2004    -1
 9577   2025  2037  2024    -1
 9578   2018  2019  2006    -1
 9579   2031  2043  2030    -1
 9580   2011  2016  2009    -1
 9581   2014  2018  2009    -1
 9582   2023  2028  2021    -1
 9583   2038  2040  2033    -1
 9584   2037  2042  2033    -1
 9585   2013  2018  2005    -1
 9586   2030  2042  2025    -1
 9587   2006  2028  2005    -1
 9588   2047  2046  2049    -1
 9589   2051  2050  2047    -1
 9590   2049  2052  2047    -1
 9591   2054  2053  2056    -1
 9592   2059  2057  2056    -1
 9593   2061  2063  2060    -1
 9594   2065  2061  2064    -1
 9595   2055  2044  2056    -1
 9596   2063  2061  2052    -1
 9597   2051  2045  2050    -1
 9598   2059  2065  2058    -1
 9599   2045  2061  2065    -1
 9600   2051  2061  2045    -1
 9601   2071  2073  2070    -1
 9602   2067  2071  2066    -1
 9603   2072  2073  2068    -1
 9604   2079  2081  2078    -1
 9605   2075  2079  2074    -1
 9606   2080  2081  2076    -1
 9607   2084  2085  2082    -1
 9608   2083  2087  2082    -1
 9609   2088  2089  2084    -1
 9610   2092  2093  2090    -1
 9611   2091  2095  2090    -1
 9612   2096  2097  2092    -1
 9613   2078  2080  2071    -1
 9614   2074  2078  2067    -1
 9615   2073  2080  2069    -1
 9616   2085  2092  2083    -1
 9617   2090  2094  2083    -1
 9618   2089  2096  2085    -1
 9619   2103  2105  2102    -1
 9620   2102  2098  2103    -1
 9621   2105  2101  2104    -1
 9622   2001  2101  2105    -1
 9623   2107  2106  2109    -1
 9624   2111  2110  2107    -1
 9625   2112  2113  2108    -1
 9626   2109  2155  2111    -1
 9627   2115  2117  2114    -1
 9628   2119  2121  2118    -1
 9629   2124  2125  2122    -1
 9630   2128  2129  2126    -1
 9631   2130  2131  2124    -1
 9632   2132  2133  2128    -1
 9633   2118  2120  2115    -1
 9634   2125  2128  2123    -1
 9635   2131  2132  2125    -1
 9636   2137  2136  2135    -1
 9637   2141  2139  2140    -1
 9638   2143  2141  2142    -1
 9639   1989  2067  1988    -1
 9640   1995  2075  1994    -1
 9641   1994  2074  1989    -1
 9642   2098  2000  2099    -1
 9643   2003  2101  2001    -1
 9644   2116  2117  2024    -1
 9645   2120  2121  2030    -1
 9646   2117  2120  2025    -1
 9647   2137  2059  2136    -1
 9648   2059  2137  2057    -1
 9649   2020  2021  1986    -1
 9650   2026  2027  1992    -1
 9651   2021  2026  1987    -1
 9652   2069  2115  2068    -1
 9653   2122  2123  2088    -1
 9654   2077  2119  2076    -1
 9655   2126  2127  2096    -1
 9656   2076  2118  2069    -1
 9657   2123  2126  2089    -1
 9658   1999  1998  2054    -1
 9659   2054  2057  1999    -1
 9660   2135  2134  2101    -1
 9661   2113  2112  2139    -1
 9662   1997  2002  1995    -1
 9663   1998  2002  1993    -1
 9664   2017  2048  2015    -1
 9665   2046  2050  2015    -1
 9666   2029  2055  2027    -1
 9667   2060  2062  2039    -1
 9668   2043  2064  2039    -1
 9669   2019  2050  2007    -1
 9670   2058  2064  2031    -1
 9671   2044  2055  2007    -1
 9672   2102  2104  2079    -1
 9673   2098  2102  2075    -1
 9674   2081  2104  2077    -1
 9675   2093  2108  2091    -1
 9676   2106  2110  2091    -1
 9677   2097  2112  2093    -1
 9678   2134  2136  2119    -1
 9679   2129  2140  2127    -1
 9680   2133  2142  2129    -1
 9681   2027  2053  1993    -1
 9682   2100  2134  2077    -1
 9683   2127  2138  2097    -1
 9684   2000  2098  1995    -1
 9685   2121  2136  2031    -1
 9686   2057  2135  2003    -1
 9687   2145  2147  2144    -1
 9688   2149  2151  2148    -1
 9689   2148  2150  2145    -1
 9690   2153  2155  2152    -1
 9691   2159  2161  2158    -1
 9692   2157  2159  2156    -1
 9693   2165  2167  2164    -1
 9694   2163  2165  2162    -1
 9695   2170  2171  2168    -1
 9696   2174  2175  2172    -1
 9697   2177  2179  2176    -1
 9698   2181  2183  2180    -1
 9699   2186  2187  2184    -1
 9700   2190  2191  2188    -1
 9701   2161  2177  2160    -1
 9702   2167  2181  2166    -1
 9703   2164  2166  2159    -1
 9704   2162  2164  2157    -1
 9705   2171  2174  2169    -1
 9706   2180  2182  2177    -1
 9707   2187  2190  2185    -1
 9708   2166  2180  2161    -1
 9709   2198  2197  2196    -1
 9710   2196  2195  2193    -1
 9711   2198  2196  2194    -1
 9712   2202  2200  2201    -1
 9713   2204  2203  2202    -1
 9714   2206  2208  2205    -1
 9715   2213  2214  2210    -1
 9716   2211  2214  2209    -1
 9717   2198  2206  2197    -1
 9718   2204  2211  2203    -1
 9719   2200  2203  2194    -1
 9720   2209  2212  2206    -1
 9721   2209  2206  2203    -1
 9722   2217  2218  2215    -1
 9723   2221  2222  2219    -1
 9724   2218  2221  2216    -1
 9725   2224  2223  2226    -1
 9726   2228  2230  2227    -1
 9727   2232  2234  2231    -1
 9728   2237  2238  2235    -1
 9729   2241  2242  2239    -1
 9730   2245  2246  2243    -1
 9731   2244  2248  2243    -1
 9732   2251  2252  2249    -1
 9733   2250  2254  2249    -1
 9734   2256  2258  2255    -1
 9735   2260  2262  2259    -1
 9736   2230  2246  2229    -1
 9737   2234  2252  2233    -1
 9738   2231  2233  2228    -1
 9739   2238  2241  2236    -1
 9740   2246  2251  2244    -1
 9741   2249  2253  2244    -1
 9742   2259  2261  2256    -1
 9743   2233  2251  2230    -1
 9744   2264  2266  2263    -1
 9745   2271  2272  2268    -1
 9746   2272  2270  2269    -1
 9747   2276  2274  2275    -1
 9748   2277  2273  2278    -1
 9749   2276  2279  2274    -1
 9750   2285  2284  2283    -1
 9751   2281  2285  2280    -1
 9752   2276  2275  2266    -1
 9753   2281  2280  2272    -1
 9754   2267  2270  2264    -1
 9755   2283  2279  2280    -1
 9756   2280  2276  2270    -1
 9757   2179  2228  2178    -1
 9758   2183  2232  2182    -1
 9759   2235  2236  2186    -1
 9760   2239  2240  2190    -1
 9761   2182  2231  2179    -1
 9762   2236  2239  2187    -1
 9763   2208  2264  2207    -1
 9764   2268  2269  2213    -1
 9765   2214  2269  2212    -1
 9766   2212  2267  2208    -1
 9767   2147  2157  2146    -1
 9768   2151  2163  2150    -1
 9769   2150  2162  2147    -1
 9770   2247  2248  2217    -1
 9771   2253  2254  2221    -1
 9772   2248  2253  2218    -1
 9773   2155  2193  2154    -1
 9774   2226  2225  2278    -1
 9775   2152  2154  2149    -1
 9776   2195  2197  2165    -1
 9777   2192  2195  2163    -1
 9778   2175  2201  2173    -1
 9779   2205  2207  2181    -1
 9780   2191  2213  2189    -1
 9781   2197  2205  2167    -1
 9782   2222  2225  2220    -1
 9783   2263  2265  2232    -1
 9784   2242  2271  2240    -1
 9785   2252  2275  2250    -1
 9786   2273  2277  2250    -1
 9787   2282  2284  2260    -1
 9788   2265  2275  2234    -1
 9789   2154  2192  2151    -1
 9790   2254  2277  2222    -1
 9791   2207  2263  2183    -1
 9792   2240  2268  2191    -1
 9793   2087  2145  2086    -1
 9794   2095  2149  2094    -1
 9795   2094  2148  2087    -1
 9796   2111  2153  2110    -1
 9797   2109  2113  2155    -1
 9798   2168  2169  2130    -1
 9799   2172  2173  2132    -1
 9800   2169  2172  2131    -1
 9801   2141  2194  2139    -1
 9802   2199  2200  2142    -1
 9803   2200  2194  2143    -1
 9804   2110  2152  2095    -1
 9805   2173  2199  2133    -1
 9806   2193  2155  2139    -1
 9807   1961  2011  1960    -1
 9808   1967  2017  1966    -1
 9809   1966  2016  1961    -1
 9810   2049  2048  1985    -1
 9811   1984  2048  1967    -1
 9812   1631  1693  1630    -1
 9813   1635  1699  1634    -1
 9814   1634  1698  1631    -1
 9815   1727  1651  1728    -1
 9816   1654  1729  1652    -1
 9817   1651  1727  1635    -1
 9818   2289  2288  2291    -1
 9819   2291  2290  2287    -1
 9820   2293  2292  2295    -1
 9821   2297  2299  2296    -1
 9822   2298  2294  2296    -1
 9823   2287  2286  2293    -1
 9824   2296  2292  2354    -1
 9825   2304  2305  2302    -1
 9826   2301  2305  2300    -1
 9827   2310  2311  2308    -1
 9828   2307  2311  2306    -1
 9829   2314  2315  2312    -1
 9830   2317  2319  2316    -1
 9831   2322  2323  2320    -1
 9832   2325  2327  2324    -1
 9833   2312  2313  2300    -1
 9834   2320  2321  2306    -1
 9835   2305  2310  2303    -1
 9836   2306  2310  2301    -1
 9837   2315  2322  2313    -1
 9838   2324  2326  2317    -1
 9839   2313  2320  2301    -1
 9840   2331  2330  2333    -1
 9841   2331  2329  2330    -1
 9842   2338  2339  2336    -1
 9843   2336  2337  2334    -1
 9844   2344  2345  2342    -1
 9845   2342  2343  2340    -1
 9846   2339  2344  2337    -1
 9847   2337  2342  2335    -1
 9848   2329  2295  2328    -1
 9849   2356  2330  2328    -1
 9850   2334  2335  2314    -1
 9851   2340  2341  2322    -1
 9852   2335  2340  2315    -1
 9853   2291  2304  2289    -1
 9854   2300  2304  2287    -1
 9855   2295  2314  2293    -1
 9856   2316  2318  2297    -1
 9857   2293  2312  2287    -1
 9858   2333  2338  2331    -1
 9859   2331  2336  2329    -1
 9860   2329  2334  2295    -1
 9861   2351  2353  2350    -1
 9862   2353  2349  2352    -1
 9863   2348  2346  2352    -1
 9864   2360  2361  2358    -1
 9865   2358  2359  2350    -1
 9866   2349  2355  2348    -1
 9867   2369  2371  2368    -1
 9868   2370  2371  2366    -1
 9869   2377  2379  2376    -1
 9870   2378  2379  2374    -1
 9871   2390  2391  2388    -1
 9872   2394  2395  2392    -1
 9873   2388  2389  2368    -1
 9874   2392  2393  2376    -1
 9875   2367  2381  2366    -1
 9876   2375  2385  2374    -1
 9877   2376  2378  2369    -1
 9878   2371  2378  2367    -1
 9879   2391  2394  2389    -1
 9880   2374  2384  2367    -1
 9881   2389  2392  2369    -1
 9882   2404  2400  2405    -1
 9883   2407  2403  2406    -1
 9884   2406  2402  2404    -1
 9885   2412  2408  2413    -1
 9886   2414  2415  2410    -1
 9887   2410  2408  2414    -1
 9888   2408  2404  2409    -1
 9889   2410  2411  2406    -1
 9890   2406  2404  2410    -1
 9891   2417  2421  2416    -1
 9892   2422  2423  2418    -1
 9893   2425  2429  2424    -1
 9894   2430  2431  2426    -1
 9895   2433  2437  2432    -1
 9896   2438  2439  2434    -1
 9897   2441  2445  2440    -1
 9898   2446  2447  2442    -1
 9899   2421  2433  2420    -1
 9900   2434  2435  2422    -1
 9901   2429  2441  2428    -1
 9902   2442  2443  2430    -1
 9903   2424  2428  2417    -1
 9904   2423  2430  2419    -1
 9905   2440  2444  2433    -1
 9906   2439  2446  2435    -1
 9907   2428  2440  2421    -1
 9908   2435  2442  2423    -1
 9909   2452  2453  2450    -1
 9910   2456  2457  2454    -1
 9911   2454  2455  2452    -1
 9912   2464  2465  2462    -1
 9913   2468  2469  2466    -1
 9914   2472  2473  2470    -1
 9915   2476  2477  2474    -1
 9916   2470  2471  2464    -1
 9917   2474  2475  2468    -1
 9918   2465  2468  2463    -1
 9919   2473  2476  2471    -1
 9920   2471  2474  2465    -1
 9921   2479  2481  2478    -1
 9922   2484  2485  2482    -1
 9923   2487  2489  2486    -1
 9924   2491  2493  2490    -1
 9925   2496  2497  2494    -1
 9926   2500  2501  2498    -1
 9927   2490  2492  2487    -1
 9928   2497  2500  2495    -1
 9929   2448  2362  2449    -1
 9930   2397  2459  2396    -1
 9931   2399  2461  2398    -1
 9932   2398  2460  2397    -1
 9933   2480  2481  2414    -1
 9934   2414  2412  2480    -1
 9935   2488  2489  2438    -1
 9936   2492  2493  2446    -1
 9937   2489  2492  2439    -1
 9938   2401  2400  2357    -1
 9939   2413  2363  2412    -1
 9940   2449  2479  2448    -1
 9941   2482  2483  2456    -1
 9942   2383  2417  2382    -1
 9943   2436  2437  2396    -1
 9944   2387  2425  2386    -1
 9945   2444  2445  2398    -1
 9946   2386  2424  2383    -1
 9947   2437  2444  2397    -1
 9948   2459  2487  2458    -1
 9949   2494  2495  2472    -1
 9950   2461  2491  2460    -1
 9951   2498  2499  2476    -1
 9952   2460  2490  2459    -1
 9953   2495  2498  2473    -1
 9954   2368  2370  2351    -1
 9955   2353  2370  2349    -1
 9956   2361  2390  2359    -1
 9957   2366  2380  2349    -1
 9958   2359  2388  2351    -1
 9959   2416  2420  2401    -1
 9960   2407  2422  2403    -1
 9961   2432  2436  2409    -1
 9962   2415  2438  2411    -1
 9963   2420  2432  2405    -1
 9964   2411  2434  2407    -1
 9965   2453  2464  2451    -1
 9966   2457  2472  2455    -1
 9967   2455  2470  2453    -1
 9968   2486  2488  2479    -1
 9969   2485  2496  2483    -1
 9970   2382  2416  2357    -1
 9971   2413  2436  2363    -1
 9972   2458  2486  2449    -1
 9973   2483  2494  2457    -1
 9974   2396  2458  2363    -1
 9975   2481  2488  2415    -1
 9976   2412  2362  2478    -1
 9977   2346  2288  2347    -1
 9978   2290  2288  2348    -1
 9979   2354  2355  2296    -1
 9980   2356  2298  2357    -1
 9981   2354  2286  2290    -1
 9982   2303  2365  2302    -1
 9983   2309  2373  2308    -1
 9984   2380  2381  2316    -1
 9985   2319  2383  2318    -1
 9986   2384  2385  2324    -1
 9987   2327  2387  2326    -1
 9988   2308  2372  2303    -1
 9989   2381  2384  2317    -1
 9990   2326  2386  2319    -1
 9991   2403  2333  2402    -1
 9992   2402  2332  2400    -1
 9993   2418  2419  2338    -1
 9994   2426  2427  2344    -1
 9995   2419  2426  2339    -1
 9996   2302  2364  2289    -1
 9997   2355  2380  2297    -1
 9998   2318  2382  2299    -1
 9999   2403  2418  2333    -1
10000   2400  2330  2356    -1
10001   2503  2505  2502    -1
10002   2507  2509  2506    -1
10003   2511  2510  2513    -1
10004   2515  2514  2517    -1
10005   2505  2507  2504    -1
10006   2513  2512  2515    -1
10007   2519  2521  2518    -1
10008   2523  2525  2522    -1
10009   2527  2529  2526    -1
10010   2531  2533  2530    -1
10011   2536  2537  2534    -1
10012   2540  2541  2538    -1
10013   2544  2545  2542    -1
10014   2548  2549  2546    -1
10015   2521  2527  2520    -1
10016   2542  2543  2536    -1
10017   2525  2531  2524    -1
10018   2546  2547  2540    -1
10019   2522  2524  2519    -1
10020   2530  2532  2527    -1
10021   2537  2540  2535    -1
10022   2545  2548  2543    -1
10023   2524  2530  2521    -1
10024   2543  2546  2537    -1
10025   2551  2553  2550    -1
10026   2555  2557  2554    -1
10027   2559  2561  2558    -1
10028   2558  2560  2555    -1
10029   2563  2565  2562    -1
10030   2566  2564  2567    -1
10031   2574  2573  2572    -1
10032   2573  2569  2571    -1
10033   2577  2575  2578    -1
10034   2575  2573  2576    -1
10035   2572  2571  2567    -1
10036   2571  2568  2566    -1
10037   2580  2582  2579    -1
10038   2582  2584  2581    -1
10039   2586  2588  2585    -1
10040   2588  2590  2587    -1
10041   2594  2596  2593    -1
10042   2600  2602  2599    -1
10043   2604  2606  2603    -1
10044   2608  2610  2607    -1
10045   2596  2604  2595    -1
10046   2602  2608  2601    -1
10047   2584  2594  2583    -1
10048   2590  2600  2589    -1
10049   2585  2587  2580    -1
10050   2587  2589  2582    -1
10051   2599  2601  2594    -1
10052   2607  2609  2604    -1
10053   2589  2599  2584    -1
10054   2601  2607  2596    -1
10055   2614  2613  2616    -1
10056   2613  2614  2611    -1
10057   2623  2619  2622    -1
10058   2618  2617  2622    -1
10059   2619  2616  2618    -1
10060   2618  2615  2617    -1
10061   2628  2629  2626    -1
10062   2626  2627  2624    -1
10063   2634  2635  2632    -1
10064   2632  2633  2630    -1
10065   2640  2641  2636    -1
10066   2646  2647  2642    -1
10067   2636  2637  2628    -1
10068   2642  2643  2634    -1
10069   2629  2634  2627    -1
10070   2627  2632  2625    -1
10071   2641  2646  2637    -1
10072   2637  2642  2629    -1
10073   2564  2512  2562    -1
10074   2570  2517  2569    -1
10075   2569  2516  2568    -1
10076   2514  2512  2568    -1
10077   2591  2592  2544    -1
10078   2597  2598  2548    -1
10079   2592  2597  2545    -1
10080   2509  2551  2508    -1
10081   2570  2569  2612    -1
10082   2613  2611  2573    -1
10083   2621  2620  2578    -1
10084   2620  2617  2577    -1
10085   2617  2613  2575    -1
10086   2529  2555  2528    -1
10087   2533  2559  2532    -1
10088   2532  2558  2529    -1
10089   2624  2625  2591    -1
10090   2606  2639  2605    -1
10091   2630  2631  2597    -1
10092   2610  2645  2609    -1
10093   2625  2630  2592    -1
10094   2609  2644  2606    -1
10095   2518  2520  2503    -1
10096   2526  2528  2507    -1
10097   2513  2536  2511    -1
10098   2517  2544  2515    -1
10099   2520  2526  2505    -1
10100   2515  2542  2513    -1
10101   2554  2556  2551    -1
10102   2579  2581  2563    -1
10103   2581  2583  2565    -1
10104   2593  2595  2572    -1
10105   2603  2605  2576    -1
10106   2583  2593  2567    -1
10107   2595  2603  2574    -1
10108   2616  2628  2614    -1
10109   2614  2626  2612    -1
10110   2623  2640  2619    -1
10111   2619  2636  2616    -1
10112   2528  2554  2509    -1
10113   2612  2624  2570    -1
10114   2605  2638  2578    -1
10115   2570  2591  2517    -1
10116   2658  2654  2659    -1
10117   2661  2657  2660    -1
10118   2660  2656  2658    -1
10119   2667  2666  2663    -1
10120   2668  2669  2664    -1
10121   2664  2662  2668    -1
10122   2663  2662  2659    -1
10123   2664  2665  2660    -1
10124   2660  2658  2664    -1
10125   2671  2675  2670    -1
10126   2676  2677  2672    -1
10127   2679  2683  2678    -1
10128   2684  2685  2680    -1
10129   2687  2691  2686    -1
10130   2692  2693  2688    -1
10131   2695  2699  2694    -1
10132   2700  2701  2696    -1
10133   2675  2687  2674    -1
10134   2688  2689  2676    -1
10135   2683  2695  2682    -1
10136   2696  2697  2684    -1
10137   2678  2682  2671    -1
10138   2677  2684  2673    -1
10139   2694  2698  2687    -1
10140   2693  2700  2689    -1
10141   2682  2694  2675    -1
10142   2689  2696  2677    -1
10143   2705  2704  2703    -1
10144   2709  2707  2708    -1
10145   2711  2713  2710    -1
10146   2715  2717  2714    -1
10147   2720  2721  2718    -1
10148   2724  2725  2722    -1
10149   2714  2716  2711    -1
10150   2721  2724  2719    -1
10151   2730  2732  2729    -1
10152   2731  2732  2727    -1
10153   2727  2726  2731    -1
10154   2736  2738  2735    -1
10155   2737  2738  2733    -1
10156   2742  2744  2741    -1
10157   2743  2744  2739    -1
10158   2741  2743  2736    -1
10159   2738  2743  2734    -1
10160   2703  2702  2649    -1
10161   2651  2711  2650    -1
10162   2653  2715  2652    -1
10163   2652  2714  2651    -1
10164   2727  2728  2668    -1
10165   2727  2668  2726    -1
10166   2733  2734  2692    -1
10167   2739  2740  2700    -1
10168   2734  2739  2693    -1
10169   2667  2649  2666    -1
10170   2705  2730  2704    -1
10171   2729  2726  2704    -1
10172   2690  2691  2650    -1
10173   2698  2699  2652    -1
10174   2691  2698  2651    -1
10175   2713  2736  2712    -1
10176   2717  2742  2716    -1
10177   2716  2741  2713    -1
10178   2670  2674  2655    -1
10179   2661  2676  2657    -1
10180   2686  2690  2663    -1
10181   2669  2692  2665    -1
10182   2674  2686  2659    -1
10183   2665  2688  2661    -1
10184   2710  2712  2703    -1
10185   2709  2720  2707    -1
10186   2735  2737  2730    -1
10187   2732  2737  2728    -1
10188   2667  2690  2649    -1
10189   2712  2735  2705    -1
10190   2650  2710  2649    -1
10191   2728  2733  2669    -1
10192   2666  2648  2726    -1
10193   2654  2620  2655    -1
10194   2657  2623  2656    -1
10195   2656  2622  2654    -1
10196   2639  2671  2638    -1
10197   2672  2673  2640    -1
10198   2645  2679  2644    -1
10199   2680  2681  2646    -1
10200   2644  2678  2639    -1
10201   2673  2680  2641    -1
10202   2638  2670  2621    -1
10203   2657  2672  2623    -1
10204   2502  2504  2450    -1
10205   2506  2508  2454    -1
10206   2504  2506  2452    -1
10207   2552  2553  2484    -1
10208   2550  2552  2482    -1
10209   2556  2557  2496    -1
10210   2560  2561  2500    -1
10211   2557  2560  2497    -1
10212   2553  2556  2485    -1
10213   2508  2550  2456    -1
10214   2751  2750  2749    -1
10215   2746  2745  2750    -1
10216   2753  2752  2755    -1
10217   2758  2755  2757    -1
10218   2757  2754  2756    -1
10219   2764  2763  2762    -1
10220   2765  2763  2766    -1
10221   2759  2750  2760    -1
10222   2763  2757  2761    -1
10223   2747  2746  2753    -1
10224   2752  2746  2756    -1
10225   2762  2761  2760    -1
10226   2761  2756  2759    -1
10227   2770  2772  2769    -1
10228   2776  2778  2775    -1
10229   2781  2782  2779    -1
10230   2783  2784  2781    -1
10231   2787  2788  2785    -1
10232   2789  2790  2787    -1
10233   2796  2798  2795    -1
10234   2798  2800  2797    -1
10235   2802  2804  2801    -1
10236   2804  2806  2803    -1
10237   2772  2792  2771    -1
10238   2778  2794  2777    -1
10239   2779  2780  2767    -1
10240   2792  2796  2791    -1
10241   2785  2786  2773    -1
10242   2794  2802  2793    -1
10243   2775  2777  2770    -1
10244   2782  2787  2780    -1
10245   2784  2789  2782    -1
10246   2801  2803  2796    -1
10247   2803  2805  2798    -1
10248   2780  2785  2768    -1
10249   2793  2801  2792    -1
10250   2777  2793  2772    -1
10251   2810  2809  2812    -1
10252   2815  2812  2814    -1
10253   2814  2811  2813    -1
10254   2809  2810  2807    -1
10255   2822  2823  2820    -1
10256   2824  2825  2822    -1
10257   2828  2829  2826    -1
10258   2830  2831  2828    -1
10259   2820  2821  2816    -1
10260   2826  2827  2818    -1
10261   2823  2828  2821    -1
10262   2825  2830  2823    -1
10263   2821  2826  2817    -1
10264   2842  2838  2843    -1
10265   2845  2841  2844    -1
10266   2844  2840  2842    -1
10267   2851  2850  2847    -1
10268   2852  2853  2848    -1
10269   2848  2846  2852    -1
10270   2846  2842  2847    -1
10271   2849  2845  2848    -1
10272   2848  2844  2846    -1
10273   2855  2859  2854    -1
10274   2860  2861  2856    -1
10275   2863  2867  2862    -1
10276   2868  2869  2864    -1
10277   2871  2875  2870    -1
10278   2876  2877  2872    -1
10279   2879  2883  2878    -1
10280   2884  2885  2880    -1
10281   2859  2871  2858    -1
10282   2872  2873  2860    -1
10283   2867  2879  2866    -1
10284   2880  2881  2868    -1
10285   2862  2866  2855    -1
10286   2861  2868  2857    -1
10287   2878  2882  2871    -1
10288   2877  2884  2873    -1
10289   2866  2878  2859    -1
10290   2873  2880  2861    -1
10291   2832  2765  2833    -1
10292   2800  2835  2799    -1
10293   2806  2837  2805    -1
10294   2805  2836  2800    -1
10295   2841  2815  2840    -1
10296   2814  2813  2840    -1
10297   2856  2857  2824    -1
10298   2864  2865  2830    -1
10299   2857  2864  2825    -1
10300   2808  2758  2807    -1
10301   2813  2809  2765    -1
10302   2809  2807  2763    -1
10303   2839  2838  2833    -1
10304   2816  2817  2783    -1
10305   2818  2819  2789    -1
10306   2817  2818  2784    -1
10307   2835  2855  2834    -1
10308   2837  2863  2836    -1
10309   2836  2862  2835    -1
10310   2769  2771  2749    -1
10311   2755  2781  2753    -1
10312   2758  2783  2755    -1
10313   2795  2797  2762    -1
10314   2797  2799  2764    -1
10315   2753  2779  2747    -1
10316   2791  2795  2760    -1
10317   2771  2791  2751    -1
10318   2812  2822  2810    -1
10319   2815  2824  2812    -1
10320   2810  2820  2808    -1
10321   2854  2858  2839    -1
10322   2845  2860  2841    -1
10323   2870  2874  2847    -1
10324   2853  2876  2849    -1
10325   2858  2870  2843    -1
10326   2849  2872  2845    -1
10327   2808  2816  2758    -1
10328   2834  2854  2833    -1
10329   2799  2834  2766    -1
10330   2841  2856  2815    -1
10331   2838  2813  2832    -1
10332   2889  2888  2887    -1
10333   2891  2890  2889    -1
10334   2893  2895  2892    -1
10335   2897  2899  2896    -1
10336   2895  2901  2894    -1
10337   2899  2903  2898    -1
10338   2896  2898  2893    -1
10339   2898  2902  2895    -1
10340   2909  2910  2906    -1
10341   2909  2906  2908    -1
10342   2912  2914  2911    -1
10343   2913  2914  2909    -1
10344   2909  2908  2913    -1
10345   2919  2920  2917    -1
10346   2925  2926  2923    -1
10347   2928  2930  2927    -1
10348   2932  2934  2931    -1
10349   2929  2930  2919    -1
10350   2933  2934  2925    -1
10351   2920  2925  2918    -1
10352   2931  2933  2928    -1
10353   2930  2933  2920    -1
10354   2937  2938  2935    -1
10355   2941  2942  2939    -1
10356   2944  2946  2943    -1
10357   2948  2944  2947    -1
10358   2950  2952  2949    -1
10359   2945  2937  2943    -1
10360   2949  2951  2939    -1
10361   2939  2940  2937    -1
10362   2946  2950  2945    -1
10363   2945  2949  2937    -1
10364   2955  2956  2953    -1
10365   2959  2960  2957    -1
10366   2963  2964  2961    -1
10367   2967  2968  2965    -1
10368   2970  2972  2969    -1
10369   2973  2974  2969    -1
10370   2976  2978  2975    -1
10371   2979  2980  2975    -1
10372   2982  2984  2981    -1
10373   2986  2988  2985    -1
10374   2961  2962  2955    -1
10375   2972  2982  2971    -1
10376   2965  2966  2959    -1
10377   2978  2986  2977    -1
10378   2956  2959  2954    -1
10379   2964  2967  2962    -1
10380   2975  2977  2970    -1
10381   2974  2979  2970    -1
10382   2985  2987  2982    -1
10383   2962  2965  2956    -1
10384   2977  2985  2972    -1
10385   2991  2992  2989    -1
10386   2998  2997  2994    -1
10387   2999  3000  2995    -1
10388   2995  2993  2999    -1
10389   2995  2996  2991    -1
10390   2991  2989  2995    -1
10391   3003  3004  3001    -1
10392   3007  3008  3005    -1
10393   3010  3014  3009    -1
10394   3015  3016  3011    -1
10395   3018  3022  3017    -1
10396   3023  3024  3019    -1
10397   3011  3012  3003    -1
10398   3019  3020  3007    -1
10399   3004  3007  3002    -1
10400   3017  3021  3010    -1
10401   3016  3023  3012    -1
10402   3012  3019  3004    -1
10403   2905  2887  2904    -1
10404   2904  2886  2908    -1
10405   2891  2912  2890    -1
10406   2911  2908  2890    -1
10407   2989  2990  2941    -1
10408   2994  2993  2952    -1
10409   2989  2941  2993    -1
10410   2915  2916  2892    -1
10411   2901  2928  2900    -1
10412   2921  2922  2896    -1
10413   2903  2932  2902    -1
10414   2916  2921  2893    -1
10415   2902  2931  2901    -1
10416   3001  3002  2963    -1
10417   2984  3010  2983    -1
10418   3005  3006  2967    -1
10419   2988  3018  2987    -1
10420   3002  3005  2964    -1
10421   2987  3017  2984    -1
10422   2892  2894  2887    -1
10423   2894  2900  2889    -1
10424   2910  2919  2907    -1
10425   2927  2929  2912    -1
10426   2914  2929  2910    -1
10427   2938  2955  2936    -1
10428   2942  2963  2940    -1
10429   2969  2971  2944    -1
10430   2948  2973  2944    -1
10431   2981  2983  2950    -1
10432   2940  2961  2938    -1
10433   2971  2981  2946    -1
10434   2992  3003  2990    -1
10435   3009  3013  2994    -1
10436   3000  3015  2996    -1
10437   2996  3011  2992    -1
10438   2905  2915  2887    -1
10439   2900  2927  2891    -1
10440   2990  3001  2942    -1
10441   2983  3009  2952    -1
10442   2904  2850  2905    -1
10443   2906  2907  2852    -1
10444   2852  2850  2906    -1
10445   2875  2916  2874    -1
10446   2917  2918  2876    -1
10447   2883  2922  2882    -1
10448   2923  2924  2884    -1
10449   2882  2921  2875    -1
10450   2918  2923  2877    -1
10451   2874  2915  2851    -1
10452   2907  2917  2853    -1
10453   3028  3027  3030    -1
10454   3028  3026  3027    -1
10455   3038  3040  3037    -1
10456   3037  3033  3038    -1
10457   3039  3035  3037    -1
10458   3042  3041  3044    -1
10459   3046  3048  3045    -1
10460   3043  3041  3047    -1
10461   3036  3030  3035    -1
10462   3037  3035  3029    -1
10463   3044  3043  3032    -1
10464   3042  3036  3041    -1
10465   3046  3045  3040    -1
10466   3045  3041  3039    -1
10467   3053  3054  3051    -1
10468   3051  3052  3049    -1
10469   3059  3060  3057    -1
10470   3057  3058  3055    -1
10471   3070  3072  3069    -1
10472   3066  3070  3065    -1
10473   3078  3080  3077    -1
10474   3074  3078  3073    -1
10475   3083  3084  3081    -1
10476   3086  3088  3085    -1
10477   3091  3092  3089    -1
10478   3094  3096  3093    -1
10479   3067  3068  3053    -1
10480   3075  3076  3059    -1
10481   3062  3084  3061    -1
10482   3064  3092  3063    -1
10483   3081  3082  3067    -1
10484   3072  3086  3071    -1
10485   3089  3090  3075    -1
10486   3080  3094  3079    -1
10487   3054  3059  3052    -1
10488   3052  3057  3050    -1
10489   3077  3079  3070    -1
10490   3073  3077  3066    -1
10491   3084  3091  3082    -1
10492   3093  3095  3086    -1
10493   3082  3089  3068    -1
10494   3079  3093  3072    -1
10495   3068  3075  3054    -1
10496   3063  3091  3062    -1
10497   3101  3097  3102    -1
10498   3103  3104  3099    -1
10499   3099  3097  3103    -1
10500   3106  3108  3105    -1
10501   3109  3110  3105    -1
10502   3108  3104  3107    -1
10503   3103  3101  3107    -1
10504   3112  3116  3111    -1
10505   3117  3118  3113    -1
10506   3120  3124  3119    -1
10507   3125  3126  3121    -1
10508   3128  3130  3127    -1
10509   3131  3132  3127    -1
10510   3134  3136  3133    -1
10511   3137  3138  3133    -1
10512   3129  3130  3117    -1
10513   3135  3136  3125    -1
10514   3119  3123  3112    -1
10515   3118  3125  3114    -1
10516   3133  3135  3128    -1
10517   3132  3137  3128    -1
10518   3130  3135  3118    -1
10519   3102  3032  3101    -1
10520   3048  3110  3047    -1
10521   3109  3031  3043    -1
10522   3107  3101  3031    -1
10523   3115  3116  3061    -1
10524   3088  3132  3087    -1
10525   3123  3124  3063    -1
10526   3096  3138  3095    -1
10527   3116  3123  3062    -1
10528   3095  3137  3088    -1
10529   3030  3053  3028    -1
10530   3028  3051  3026    -1
10531   3069  3071  3038    -1
10532   3065  3069  3034    -1
10533   3044  3083  3042    -1
10534   3085  3087  3046    -1
10535   3042  3081  3036    -1
10536   3071  3085  3040    -1
10537   3036  3067  3030    -1
10538   3061  3083  3032    -1
10539   3111  3115  3098    -1
10540   3104  3117  3100    -1
10541   3127  3129  3106    -1
10542   3110  3131  3106    -1
10543   3108  3129  3104    -1
10544   3102  3115  3032    -1
10545   3087  3131  3048    -1
10546   3142  3141  3144    -1
10547   3142  3140  3141    -1
10548   3148  3150  3147    -1
10549   3151  3149  3152    -1
10550   3156  3154  3155    -1
10551   3160  3159  3158    -1
10552   3159  3155  3157    -1
10553   3149  3143  3147    -1
10554   3154  3146  3153    -1
10555   3144  3143  3146    -1
10556   3158  3157  3152    -1
10557   3157  3153  3151    -1
10558   3151  3153  3145    -1
10559   3165  3166  3163    -1
10560   3163  3164  3161    -1
10561   3171  3172  3169    -1
10562   3169  3170  3167    -1
10563   3178  3180  3177    -1
10564   3180  3182  3179    -1
10565   3184  3186  3183    -1
10566   3186  3188  3185    -1
10567   3191  3192  3189    -1
10568   3194  3196  3193    -1
10569   3199  3200  3197    -1
10570   3202  3204  3201    -1
10571   3189  3190  3173    -1
10572   3197  3198  3175    -1
10573   3173  3174  3165    -1
10574   3182  3194  3181    -1
10575   3175  3176  3171    -1
10576   3188  3202  3187    -1
10577   3166  3171  3164    -1
10578   3164  3169  3162    -1
10579   3183  3185  3178    -1
10580   3185  3187  3180    -1
10581   3192  3199  3190    -1
10582   3201  3203  3194    -1
10583   3174  3175  3166    -1
10584   3187  3201  3182    -1
10585   3190  3197  3174    -1
10586   3206  3205  3208    -1
10587   3211  3208  3210    -1
10588   3210  3207  3209    -1
10589   3214  3215  3212    -1
10590   3216  3217  3214    -1
10591   3220  3221  3218    -1
10592   3222  3223  3220    -1
10593   3215  3220  3213    -1
10594   3217  3222  3215    -1
10595   3227  3225  3226    -1
10596   3229  3228  3225    -1
10597   3226  3224  3230    -1
10598   3232  3231  3234    -1
10599   3236  3238  3235    -1
10600   3233  3231  3237    -1
10601   3240  3242  3239    -1
10602   3243  3244  3239    -1
10603   3241  3230  3239    -1
10604   3245  3246  3235    -1
10605   3232  3227  3231    -1
10606   3235  3231  3230    -1
10607   3242  3246  3241    -1
10608   3235  3230  3245    -1
10609   3249  3250  3247    -1
10610   3248  3252  3247    -1
10611   3255  3256  3253    -1
10612   3254  3258  3253    -1
10613   3261  3262  3259    -1
10614   3264  3266  3263    -1
10615   3269  3270  3267    -1
10616   3272  3274  3271    -1
10617   3276  3278  3275    -1
10618   3279  3280  3275    -1
10619   3282  3284  3281    -1
10620   3285  3286  3281    -1
10621   3287  3288  3263    -1
10622   3289  3290  3271    -1
10623   3259  3260  3249    -1
10624   3278  3288  3277    -1
10625   3267  3268  3255    -1
10626   3284  3290  3283    -1
10627   3250  3255  3248    -1
10628   3253  3257  3248    -1
10629   3262  3269  3260    -1
10630   3271  3273  3264    -1
10631   3281  3283  3276    -1
10632   3280  3285  3276    -1
10633   3260  3267  3250    -1
10634   3283  3289  3278    -1
10635   3288  3289  3264    -1
10636   3294  3293  3292    -1
10637   3295  3296  3291    -1
10638   3298  3300  3297    -1
10639   3301  3302  3297    -1
10640   3304  3306  3303    -1
10641   3307  3308  3303    -1
10642   3303  3305  3298    -1
10643   3302  3307  3298    -1
10644   3234  3233  3160    -1
10645   3196  3262  3195    -1
10646   3204  3270  3203    -1
10647   3203  3269  3196    -1
10648   3293  3294  3210    -1
10649   3210  3209  3293    -1
10650   3299  3300  3216    -1
10651   3305  3306  3222    -1
10652   3300  3305  3217    -1
10653   3156  3155  3206    -1
10654   3205  3155  3209    -1
10655   3238  3296  3237    -1
10656   3237  3295  3159    -1
10657   3212  3213  3191    -1
10658   3218  3219  3199    -1
10659   3213  3218  3192    -1
10660   3266  3302  3265    -1
10661   3274  3308  3273    -1
10662   3273  3307  3266    -1
10663   3144  3165  3142    -1
10664   3142  3163  3140    -1
10665   3177  3179  3148    -1
10666   3179  3181  3150    -1
10667   3156  3191  3154    -1
10668   3193  3195  3158    -1
10669   3146  3173  3144    -1
10670   3181  3193  3152    -1
10671   3154  3189  3146    -1
10672   3208  3214  3206    -1
10673   3211  3216  3208    -1
10674   3227  3249  3225    -1
10675   3247  3251  3225    -1
10676   3234  3261  3232    -1
10677   3263  3265  3236    -1
10678   3275  3277  3240    -1
10679   3244  3279  3240    -1
10680   3232  3259  3227    -1
10681   3277  3287  3242    -1
10682   3246  3287  3236    -1
10683   3297  3299  3292    -1
10684   3296  3301  3292    -1
10685   3206  3212  3156    -1
10686   3265  3301  3238    -1
10687   3195  3261  3160    -1
10688   3294  3299  3211    -1
10689   3291  3209  3295    -1
10690   3026  2948  3025    -1
10691   3049  3050  2973    -1
10692   3055  3056  2979    -1
10693   3050  3055  2974    -1
10694   3098  3097  2998    -1
10695   3099  3100  2999    -1
10696   3099  2999  3097    -1
10697   3014  3112  3013    -1
10698   3113  3114  3015    -1
10699   3022  3120  3021    -1
10700   3121  3122  3023    -1
10701   3021  3119  3014    -1
10702   3114  3121  3016    -1
10703   3026  3049  2948    -1
10704   3013  3111  2998    -1
10705   3100  3113  3000    -1
10706   2747  2709  2746    -1
10707   2746  2708  2745    -1
10708   2767  2768  2720    -1
10709   2773  2774  2724    -1
10710   2768  2773  2721    -1
10711   2747  2767  2709    -1
10712   3313  3314  3311    -1
10713   3310  3314  3309    -1
10714   3319  3320  3317    -1
10715   3316  3320  3315    -1
10716   3323  3324  3321    -1
10717   3326  3328  3325    -1
10718   3331  3332  3329    -1
10719   3334  3336  3333    -1
10720   3321  3322  3309    -1
10721   3329  3330  3315    -1
10722   3314  3319  3312    -1
10723   3315  3319  3310    -1
10724   3324  3331  3322    -1
10725   3333  3335  3326    -1
10726   3322  3329  3310    -1
10727   3342  3340  3341    -1
10728   3341  3337  3342    -1
10729   3346  3344  3345    -1
10730   3350  3349  3348    -1
10731   3350  3348  3346    -1
10732   3344  3338  3343    -1
10733   3338  3344  3414    -1
10734   3355  3356  3353    -1
10735   3353  3354  3351    -1
10736   3361  3362  3359    -1
10737   3359  3360  3357    -1
10738   3356  3361  3354    -1
10739   3354  3359  3352    -1
10740   3368  3366  3367    -1
10741   3365  3366  3363    -1
10742   3351  3352  3323    -1
10743   3357  3358  3331    -1
10744   3352  3357  3324    -1
10745   3346  3345  3364    -1
10746   3364  3416  3350    -1
10747   3320  3341  3318    -1
10748   3337  3341  3316    -1
10749   3332  3345  3330    -1
10750   3347  3349  3334    -1
10751   3330  3343  3316    -1
10752   3362  3367  3360    -1
10753   3360  3365  3358    -1
10754   3358  3363  3332    -1
10755   3374  3376  3373    -1
10756   3375  3376  3371    -1
10757   3382  3384  3381    -1
10758   3383  3384  3379    -1
10759   3395  3396  3393    -1
10760   3399  3400  3397    -1
10761   3393  3394  3373    -1
10762   3397  3398  3381    -1
10763   3372  3386  3371    -1
10764   3380  3390  3379    -1
10765   3381  3383  3374    -1
10766   3376  3383  3372    -1
10767   3396  3399  3394    -1
10768   3379  3389  3372    -1
10769   3394  3397  3374    -1
10770   3412  3411  3410    -1
10771   3411  3412  3407    -1
10772   3408  3412  3406    -1
10773   3420  3418  3419    -1
10774   3418  3410  3417    -1
10775   3414  3413  3408    -1
10776   3424  3428  3423    -1
10777   3429  3430  3425    -1
10778   3432  3436  3431    -1
10779   3437  3438  3433    -1
10780   3440  3444  3439    -1
10781   3445  3446  3441    -1
10782   3448  3452  3447    -1
10783   3453  3454  3449    -1
10784   3428  3440  3427    -1
10785   3441  3442  3429    -1
10786   3436  3448  3435    -1
10787   3449  3450  3437    -1
10788   3431  3435  3424    -1
10789   3430  3437  3426    -1
10790   3447  3451  3440    -1
10791   3446  3453  3442    -1
10792   3435  3447  3428    -1
10793   3442  3449  3430    -1
10794   3460  3459  3456    -1
10795   3461  3462  3457    -1
10796   3462  3460  3458    -1
10797   3468  3467  3464    -1
10798   3470  3466  3469    -1
10799   3466  3470  3464    -1
10800   3464  3463  3460    -1
10801   3466  3462  3465    -1
10802   3462  3466  3460    -1
10803   3477  3478  3475    -1
10804   3481  3482  3479    -1
10805   3485  3486  3483    -1
10806   3489  3490  3487    -1
10807   3483  3484  3477    -1
10808   3487  3488  3481    -1
10809   3478  3481  3476    -1
10810   3486  3489  3484    -1
10811   3484  3487  3478    -1
10812   3495  3496  3493    -1
10813   3499  3500  3497    -1
10814   3497  3498  3495    -1
10815   3502  3504  3501    -1
10816   3506  3508  3505    -1
10817   3511  3512  3509    -1
10818   3515  3516  3513    -1
10819   3505  3507  3502    -1
10820   3512  3515  3510    -1
10821   3520  3519  3518    -1
10822   3523  3524  3521    -1
10823   3402  3472  3401    -1
10824   3404  3474  3403    -1
10825   3403  3473  3402    -1
10826   3492  3491  3422    -1
10827   3503  3504  3445    -1
10828   3507  3508  3453    -1
10829   3504  3507  3446    -1
10830   3520  3470  3519    -1
10831   3470  3520  3468    -1
10832   3388  3424  3387    -1
10833   3443  3444  3401    -1
10834   3392  3432  3391    -1
10835   3451  3452  3403    -1
10836   3391  3431  3388    -1
10837   3444  3451  3402    -1
10838   3472  3502  3471    -1
10839   3509  3510  3485    -1
10840   3474  3506  3473    -1
10841   3513  3514  3489    -1
10842   3473  3505  3472    -1
10843   3510  3513  3486    -1
10844   3416  3456  3415    -1
10845   3422  3421  3468    -1
10846   3518  3517  3492    -1
10847   3521  3522  3499    -1
10848   3409  3411  3382    -1
10849   3384  3411  3380    -1
10850   3400  3419  3398    -1
10851   3407  3413  3380    -1
10852   3398  3417  3382    -1
10853   3455  3459  3432    -1
10854   3438  3461  3434    -1
10855   3463  3467  3448    -1
10856   3454  3469  3450    -1
10857   3459  3463  3436    -1
10858   3450  3465  3438    -1
10859   3482  3495  3480    -1
10860   3490  3499  3488    -1
10861   3488  3497  3482    -1
10862   3517  3519  3506    -1
10863   3516  3523  3514    -1
10864   3415  3455  3392    -1
10865   3452  3467  3404    -1
10866   3491  3517  3474    -1
10867   3514  3521  3490    -1
10868   3421  3491  3404    -1
10869   3508  3519  3454    -1
10870   3468  3518  3422    -1
10871   3312  3370  3311    -1
10872   3318  3378  3317    -1
10873   3385  3386  3325    -1
10874   3328  3388  3327    -1
10875   3389  3390  3333    -1
10876   3336  3392  3335    -1
10877   3317  3377  3312    -1
10878   3386  3389  3326    -1
10879   3335  3391  3328    -1
10880   3406  3405  3340    -1
10881   3342  3408  3340    -1
10882   3414  3348  3413    -1
10883   3416  3415  3350    -1
10884   3414  3344  3348    -1
10885   3425  3426  3355    -1
10886   3433  3434  3361    -1
10887   3426  3433  3356    -1
10888   3457  3458  3367    -1
10889   3458  3456  3368    -1
10890   3339  3405  3318    -1
10891   3390  3413  3334    -1
10892   3349  3415  3336    -1
10893   3434  3457  3362    -1
10894   3456  3416  3366    -1
10895   3526  3528  3525    -1
10896   3530  3532  3529    -1
10897   3534  3536  3533    -1
10898   3538  3540  3537    -1
10899   3543  3544  3541    -1
10900   3547  3548  3545    -1
10901   3551  3552  3549    -1
10902   3555  3556  3553    -1
10903   3528  3534  3527    -1
10904   3549  3550  3543    -1
10905   3532  3538  3531    -1
10906   3553  3554  3547    -1
10907   3529  3531  3526    -1
10908   3537  3539  3534    -1
10909   3544  3547  3542    -1
10910   3552  3555  3550    -1
10911   3531  3537  3528    -1
10912   3550  3553  3544    -1
10913   3558  3560  3557    -1
10914   3562  3564  3561    -1
10915   3568  3566  3567    -1
10916   3572  3570  3571    -1
10917   3560  3562  3559    -1
10918   3570  3568  3569    -1
10919   3574  3576  3573    -1
10920   3578  3580  3577    -1
10921   3577  3579  3574    -1
10922   3582  3584  3581    -1
10923   3586  3588  3585    -1
10924   3588  3590  3587    -1
10925   3592  3594  3591    -1
10926   3594  3596  3593    -1
10927   3600  3602  3599    -1
10928   3606  3608  3605    -1
10929   3610  3612  3609    -1
10930   3614  3616  3613    -1
10931   3602  3610  3601    -1
10932   3608  3614  3607    -1
10933   3590  3600  3589    -1
10934   3596  3606  3595    -1
10935   3591  3593  3586    -1
10936   3593  3595  3588    -1
10937   3605  3607  3600    -1
10938   3613  3615  3610    -1
10939   3595  3605  3590    -1
10940   3607  3613  3602    -1
10941   3620  3619  3618    -1
10942   3622  3621  3620    -1
10943   3627  3629  3626    -1
10944   3629  3627  3625    -1
10945   3633  3632  3631    -1
10946   3631  3630  3629    -1
10947   3622  3627  3621    -1
10948   3627  3622  3623    -1
10949   3638  3639  3636    -1
10950   3636  3637  3634    -1
10951   3644  3645  3642    -1
10952   3642  3643  3640    -1
10953   3650  3651  3646    -1
10954   3656  3657  3652    -1
10955   3646  3647  3638    -1
10956   3652  3653  3644    -1
10957   3639  3644  3637    -1
10958   3637  3642  3635    -1
10959   3651  3656  3647    -1
10960   3647  3652  3639    -1
10961   3663  3661  3662    -1
10962   3661  3659  3660    -1
10963   3669  3670  3665    -1
10964   3666  3670  3664    -1
10965   3665  3666  3662    -1
10966   3666  3664  3663    -1
10967   3597  3598  3551    -1
10968   3603  3604  3555    -1
10969   3598  3603  3552    -1
10970   3620  3618  3568    -1
10971   3624  3625  3571    -1
10972   3625  3623  3572    -1
10973   3570  3623  3568    -1
10974   3536  3574  3535    -1
10975   3540  3578  3539    -1
10976   3539  3577  3536    -1
10977   3634  3635  3597    -1
10978   3612  3649  3611    -1
10979   3640  3641  3603    -1
10980   3616  3655  3615    -1
10981   3635  3640  3598    -1
10982   3615  3654  3612    -1
10983   3564  3582  3563    -1
10984   3659  3625  3658    -1
10985   3661  3629  3659    -1
10986   3633  3668  3632    -1
10987   3668  3633  3664    -1
10988   3664  3631  3661    -1
10989   3557  3559  3530    -1
10990   3561  3563  3538    -1
10991   3548  3567  3546    -1
10992   3556  3571  3554    -1
10993   3559  3561  3532    -1
10994   3554  3569  3548    -1
10995   3581  3583  3578    -1
10996   3617  3619  3592    -1
10997   3619  3621  3594    -1
10998   3626  3628  3606    -1
10999   3630  3632  3614    -1
11000   3621  3626  3596    -1
11001   3628  3630  3608    -1
11002   3645  3662  3643    -1
11003   3643  3660  3641    -1
11004   3657  3669  3653    -1
11005   3653  3665  3645    -1
11006   3563  3581  3540    -1
11007   3641  3658  3604    -1
11008   3632  3667  3616    -1
11009   3604  3624  3556    -1
11010   3678  3682  3677    -1
11011   3683  3684  3679    -1
11012   3686  3690  3685    -1
11013   3691  3692  3687    -1
11014   3694  3698  3693    -1
11015   3699  3700  3695    -1
11016   3702  3706  3701    -1
11017   3707  3708  3703    -1
11018   3682  3694  3681    -1
11019   3695  3696  3683    -1
11020   3690  3702  3689    -1
11021   3703  3704  3691    -1
11022   3685  3689  3678    -1
11023   3684  3691  3680    -1
11024   3701  3705  3694    -1
11025   3700  3707  3696    -1
11026   3689  3701  3682    -1
11027   3696  3703  3684    -1
11028   3714  3713  3710    -1
11029   3715  3716  3711    -1
11030   3716  3714  3712    -1
11031   3721  3717  3722    -1
11032   3724  3720  3723    -1
11033   3720  3724  3718    -1
11034   3717  3713  3718    -1
11035   3720  3716  3719    -1
11036   3716  3720  3714    -1
11037   3726  3728  3725    -1
11038   3730  3732  3729    -1
11039   3735  3736  3733    -1
11040   3739  3740  3737    -1
11041   3729  3731  3726    -1
11042   3736  3739  3734    -1
11043   3743  3741  3744    -1
11044   3746  3745  3748    -1
11045   3752  3754  3751    -1
11046   3753  3754  3749    -1
11047   3758  3760  3757    -1
11048   3759  3760  3755    -1
11049   3757  3759  3752    -1
11050   3754  3759  3750    -1
11051   3767  3766  3765    -1
11052   3767  3763  3766    -1
11053   3763  3767  3761    -1
11054   3672  3726  3671    -1
11055   3674  3730  3673    -1
11056   3673  3729  3672    -1
11057   3741  3675  3742    -1
11058   3749  3750  3699    -1
11059   3755  3756  3707    -1
11060   3750  3755  3700    -1
11061   3763  3724  3762    -1
11062   3763  3761  3724    -1
11063   3697  3698  3671    -1
11064   3705  3706  3673    -1
11065   3698  3705  3672    -1
11066   3728  3752  3727    -1
11067   3732  3758  3731    -1
11068   3731  3757  3728    -1
11069   3676  3675  3722    -1
11070   3743  3744  3764    -1
11071   3765  3744  3761    -1
11072   3709  3713  3686    -1
11073   3692  3715  3688    -1
11074   3717  3721  3702    -1
11075   3708  3723  3704    -1
11076   3713  3717  3690    -1
11077   3704  3719  3692    -1
11078   3741  3743  3730    -1
11079   3740  3747  3738    -1
11080   3764  3766  3758    -1
11081   3760  3766  3756    -1
11082   3706  3721  3674    -1
11083   3743  3764  3732    -1
11084   3675  3741  3674    -1
11085   3756  3762  3708    -1
11086   3722  3761  3676    -1
11087   3649  3678  3648    -1
11088   3679  3680  3650    -1
11089   3655  3686  3654    -1
11090   3687  3688  3656    -1
11091   3654  3685  3649    -1
11092   3680  3687  3651    -1
11093   3710  3709  3668    -1
11094   3711  3712  3669    -1
11095   3712  3710  3670    -1
11096   3667  3709  3655    -1
11097   3688  3711  3657    -1
11098   3496  3560  3494    -1
11099   3500  3564  3498    -1
11100   3498  3562  3496    -1
11101   3575  3576  3511    -1
11102   3579  3580  3515    -1
11103   3576  3579  3512    -1
11104   3583  3584  3523    -1
11105   3524  3584  3522    -1
11106   3580  3583  3516    -1
11107   3522  3582  3500    -1
11108   3771  3773  3770    -1
11109   3777  3779  3776    -1
11110   3782  3783  3780    -1
11111   3784  3785  3782    -1
11112   3788  3789  3786    -1
11113   3790  3791  3788    -1
11114   3797  3799  3796    -1
11115   3799  3801  3798    -1
11116   3803  3805  3802    -1
11117   3805  3807  3804    -1
11118   3773  3793  3772    -1
11119   3779  3795  3778    -1
11120   3780  3781  3768    -1
11121   3793  3797  3792    -1
11122   3786  3787  3774    -1
11123   3795  3803  3794    -1
11124   3776  3778  3771    -1
11125   3783  3788  3781    -1
11126   3785  3790  3783    -1
11127   3802  3804  3797    -1
11128   3804  3806  3799    -1
11129   3781  3786  3769    -1
11130   3794  3802  3793    -1
11131   3778  3794  3773    -1
11132   3812  3814  3811    -1
11133   3810  3814  3808    -1
11134   3818  3816  3817    -1
11135   3820  3821  3817    -1
11136   3821  3819  3818    -1
11137   3825  3827  3824    -1
11138   3829  3828  3827    -1
11139   3823  3822  3814    -1
11140   3827  3825  3821    -1
11141   3816  3810  3815    -1
11142   3816  3819  3810    -1
11143   3823  3825  3822    -1
11144   3825  3823  3819    -1
11145   3836  3837  3834    -1
11146   3838  3839  3836    -1
11147   3842  3843  3840    -1
11148   3844  3845  3842    -1
11149   3834  3835  3830    -1
11150   3840  3841  3832    -1
11151   3837  3842  3835    -1
11152   3839  3844  3837    -1
11153   3835  3840  3831    -1
11154   3851  3849  3850    -1
11155   3853  3854  3850    -1
11156   3854  3852  3851    -1
11157   3849  3847  3848    -1
11158   3862  3866  3861    -1
11159   3867  3868  3863    -1
11160   3870  3874  3869    -1
11161   3875  3876  3871    -1
11162   3878  3882  3877    -1
11163   3883  3884  3879    -1
11164   3886  3890  3885    -1
11165   3891  3892  3887    -1
11166   3866  3878  3865    -1
11167   3879  3880  3867    -1
11168   3874  3886  3873    -1
11169   3887  3888  3875    -1
11170   3869  3873  3862    -1
11171   3868  3875  3864    -1
11172   3885  3889  3878    -1
11173   3884  3891  3880    -1
11174   3873  3885  3866    -1
11175   3880  3887  3868    -1
11176   3898  3897  3894    -1
11177   3899  3900  3895    -1
11178   3900  3898  3896    -1
11179   3905  3901  3906    -1
11180   3908  3904  3907    -1
11181   3904  3908  3902    -1
11182   3902  3901  3898    -1
11183   3903  3904  3899    -1
11184   3904  3902  3900    -1
11185   3801  3856  3800    -1
11186   3807  3858  3806    -1
11187   3806  3857  3801    -1
11188   3860  3859  3829    -1
11189   3863  3864  3838    -1
11190   3871  3872  3844    -1
11191   3864  3871  3839    -1
11192   3895  3896  3853    -1
11193   3854  3896  3852    -1
11194   3830  3831  3784    -1
11195   3832  3833  3790    -1
11196   3831  3832  3785    -1
11197   3856  3862  3855    -1
11198   3858  3870  3857    -1
11199   3857  3869  3856    -1
11200   3821  3820  3847    -1
11201   3852  3829  3849    -1
11202   3849  3827  3847    -1
11203   3860  3894  3859    -1
11204   3811  3813  3777    -1
11205   3789  3817  3787    -1
11206   3791  3820  3789    -1
11207   3824  3826  3803    -1
11208   3826  3828  3805    -1
11209   3787  3815  3775    -1
11210   3822  3824  3795    -1
11211   3813  3822  3779    -1
11212   3843  3850  3841    -1
11213   3845  3853  3843    -1
11214   3841  3848  3833    -1
11215   3893  3897  3870    -1
11216   3876  3899  3872    -1
11217   3901  3905  3886    -1
11218   3892  3907  3888    -1
11219   3897  3901  3874    -1
11220   3888  3903  3876    -1
11221   3833  3846  3791    -1
11222   3859  3893  3858    -1
11223   3828  3859  3807    -1
11224   3872  3895  3845    -1
11225   3894  3860  3852    -1
11226   3910  3912  3909    -1
11227   3914  3916  3913    -1
11228   3912  3918  3911    -1
11229   3916  3920  3915    -1
11230   3913  3915  3910    -1
11231   3915  3919  3912    -1
11232   3923  3921  3924    -1
11233   3925  3923  3926    -1
11234   3931  3932  3929    -1
11235   3937  3938  3935    -1
11236   3940  3942  3939    -1
11237   3944  3946  3943    -1
11238   3941  3942  3931    -1
11239   3945  3946  3937    -1
11240   3932  3937  3930    -1
11241   3943  3945  3940    -1
11242   3942  3945  3932    -1
11243   3953  3950  3952    -1
11244   3953  3951  3950    -1
11245   3957  3956  3955    -1
11246   3957  3953  3956    -1
11247   3953  3957  3951    -1
11248   3960  3961  3958    -1
11249   3964  3965  3962    -1
11250   3968  3969  3966    -1
11251   3972  3973  3970    -1
11252   3975  3977  3974    -1
11253   3978  3979  3974    -1
11254   3981  3983  3980    -1
11255   3984  3985  3980    -1
11256   3987  3989  3986    -1
11257   3991  3993  3990    -1
11258   3966  3967  3960    -1
11259   3977  3987  3976    -1
11260   3970  3971  3964    -1
11261   3983  3991  3982    -1
11262   3961  3964  3959    -1
11263   3969  3972  3967    -1
11264   3980  3982  3975    -1
11265   3979  3984  3975    -1
11266   3990  3992  3987    -1
11267   3967  3970  3961    -1
11268   3982  3990  3977    -1
11269   3996  3997  3994    -1
11270   4000  4001  3998    -1
11271   4003  4005  4002    -1
11272   4006  4007  4002    -1
11273   4009  4011  4008    -1
11274   4005  4003  3997    -1
11275   4001  4011  3999    -1
11276   3998  3999  3996    -1
11277   4005  4009  4004    -1
11278   3999  4009  3997    -1
11279   4014  4015  4012    -1
11280   4018  4019  4016    -1
11281   4021  4025  4020    -1
11282   4026  4027  4022    -1
11283   4029  4033  4028    -1
11284   4034  4035  4030    -1
11285   4022  4023  4014    -1
11286   4030  4031  4018    -1
11287   4015  4018  4013    -1
11288   4028  4032  4021    -1
11289   4027  4034  4023    -1
11290   4023  4030  4015    -1
11291   4038  4039  4036    -1
11292   4044  4040  4045    -1
11293   4046  4047  4042    -1
11294   4043  4047  4041    -1
11295   4042  4043  4038    -1
11296   4039  4043  4037    -1
11297   3927  3928  3909    -1
11298   3918  3940  3917    -1
11299   3933  3934  3913    -1
11300   3920  3944  3919    -1
11301   3928  3933  3910    -1
11302   3919  3943  3918    -1
11303   4012  4013  3968    -1
11304   3989  4021  3988    -1
11305   4016  4017  3972    -1
11306   3993  4029  3992    -1
11307   4013  4016  3969    -1
11308   3992  4028  3989    -1
11309   3922  3921  3948    -1
11310   3948  3951  3922    -1
11311   3955  3954  3926    -1
11312   3955  3926  3951    -1
11313   4036  4037  4000    -1
11314   4011  4041  4010    -1
11315   4037  4041  4001    -1
11316   3921  3923  3914    -1
11317   3923  3925  3916    -1
11318   3938  3952  3936    -1
11319   3954  3956  3944    -1
11320   3946  3956  3938    -1
11321   3965  3996  3963    -1
11322   3973  4000  3971    -1
11323   4002  4004  3981    -1
11324   3985  4006  3981    -1
11325   4008  4010  3991    -1
11326   3971  3998  3965    -1
11327   4004  4008  3983    -1
11328   4019  4038  4017    -1
11329   4040  4044  4029    -1
11330   4035  4046  4031    -1
11331   4031  4042  4019    -1
11332   3934  3947  3914    -1
11333   3925  3954  3920    -1
11334   4017  4036  3973    -1
11335   4010  4040  3993    -1
11336   3882  3928  3881    -1
11337   3929  3930  3883    -1
11338   3890  3934  3889    -1
11339   3935  3936  3891    -1
11340   3889  3933  3882    -1
11341   3930  3935  3884    -1
11342   3948  3947  3906    -1
11343   3950  3908  3949    -1
11344   3908  3950  3906    -1
11345   3905  3947  3890    -1
11346   3936  3949  3892    -1
11347   4052  4053  4050    -1
11348   4050  4051  4048    -1
11349   4058  4059  4056    -1
11350   4056  4057  4054    -1
11351   4069  4071  4068    -1
11352   4065  4069  4064    -1
11353   4077  4079  4076    -1
11354   4073  4077  4072    -1
11355   4082  4083  4080    -1
11356   4085  4087  4084    -1
11357   4090  4091  4088    -1
11358   4093  4095  4092    -1
11359   4066  4067  4052    -1
11360   4074  4075  4058    -1
11361   4061  4083  4060    -1
11362   4063  4091  4062    -1
11363   4080  4081  4066    -1
11364   4071  4085  4070    -1
11365   4088  4089  4074    -1
11366   4079  4093  4078    -1
11367   4053  4058  4051    -1
11368   4051  4056  4049    -1
11369   4076  4078  4069    -1
11370   4072  4076  4065    -1
11371   4083  4090  4081    -1
11372   4092  4094  4085    -1
11373   4081  4088  4067    -1
11374   4078  4092  4071    -1
11375   4067  4074  4053    -1
11376   4062  4090  4061    -1
11377   4101  4099  4100    -1
11378   4098  4099  4096    -1
11379   4111  4110  4109    -1
11380   4109  4108  4105    -1
11381   4111  4109  4107    -1
11382   4115  4113  4114    -1
11383   4119  4118  4117    -1
11384   4115  4119  4113    -1
11385   4106  4107  4100    -1
11386   4101  4109  4105    -1
11387   4114  4102  4115    -1
11388   4107  4106  4113    -1
11389   4111  4117  4110    -1
11390   4117  4111  4113    -1
11391   4121  4125  4120    -1
11392   4126  4127  4122    -1
11393   4129  4133  4128    -1
11394   4134  4135  4130    -1
11395   4137  4139  4136    -1
11396   4140  4141  4136    -1
11397   4143  4145  4142    -1
11398   4146  4147  4142    -1
11399   4138  4139  4126    -1
11400   4144  4145  4134    -1
11401   4128  4132  4121    -1
11402   4127  4134  4123    -1
11403   4142  4144  4137    -1
11404   4141  4146  4137    -1
11405   4139  4144  4127    -1
11406   4153  4152  4149    -1
11407   4155  4151  4154    -1
11408   4151  4155  4149    -1
11409   4159  4158  4157    -1
11410   4161  4157  4160    -1
11411   4158  4159  4154    -1
11412   4155  4159  4153    -1
11413   4124  4125  4060    -1
11414   4087  4141  4086    -1
11415   4132  4133  4062    -1
11416   4095  4147  4094    -1
11417   4125  4132  4061    -1
11418   4094  4146  4087    -1
11419   4103  4102  4153    -1
11420   4161  4160  4119    -1
11421   4103  4157  4161    -1
11422   4103  4159  4157    -1
11423   4059  4100  4057    -1
11424   4057  4098  4055    -1
11425   4108  4110  4077    -1
11426   4104  4108  4073    -1
11427   4091  4114  4089    -1
11428   4116  4118  4093    -1
11429   4089  4112  4075    -1
11430   4110  4116  4079    -1
11431   4075  4106  4059    -1
11432   4102  4114  4063    -1
11433   4148  4152  4129    -1
11434   4135  4154  4131    -1
11435   4156  4158  4143    -1
11436   4147  4160  4143    -1
11437   4145  4158  4135    -1
11438   4133  4152  4063    -1
11439   4118  4160  4095    -1
11440   4166  4167  4164    -1
11441   4164  4165  4162    -1
11442   4172  4173  4170    -1
11443   4170  4171  4168    -1
11444   4179  4181  4178    -1
11445   4181  4183  4180    -1
11446   4185  4187  4184    -1
11447   4187  4189  4186    -1
11448   4192  4193  4190    -1
11449   4195  4197  4194    -1
11450   4200  4201  4198    -1
11451   4203  4205  4202    -1
11452   4190  4191  4174    -1
11453   4198  4199  4176    -1
11454   4174  4175  4166    -1
11455   4183  4195  4182    -1
11456   4176  4177  4172    -1
11457   4189  4203  4188    -1
11458   4167  4172  4165    -1
11459   4165  4170  4163    -1
11460   4184  4186  4179    -1
11461   4186  4188  4181    -1
11462   4193  4200  4191    -1
11463   4202  4204  4195    -1
11464   4175  4176  4167    -1
11465   4188  4202  4183    -1
11466   4191  4198  4175    -1
11467   4211  4209  4210    -1
11468   4208  4209  4206    -1
11469   4217  4216  4215    -1
11470   4219  4218  4217    -1
11471   4221  4220  4223    -1
11472   4225  4227  4224    -1
11473   4227  4225  4223    -1
11474   4217  4215  4211    -1
11475   4220  4221  4212    -1
11476   4213  4211  4212    -1
11477   4219  4225  4218    -1
11478   4225  4219  4221    -1
11479   4213  4219  4217    -1
11480   4229  4228  4231    -1
11481   4232  4233  4230    -1
11482   4235  4234  4237    -1
11483   4238  4239  4236    -1
11484   4231  4236  4229    -1
11485   4233  4238  4231    -1
11486   4243  4241  4242    -1
11487   4245  4246  4242    -1
11488   4246  4244  4243    -1
11489   4249  4250  4247    -1
11490   4248  4252  4247    -1
11491   4255  4256  4253    -1
11492   4254  4258  4253    -1
11493   4261  4262  4259    -1
11494   4264  4266  4263    -1
11495   4269  4270  4267    -1
11496   4272  4274  4271    -1
11497   4276  4278  4275    -1
11498   4279  4280  4275    -1
11499   4282  4284  4281    -1
11500   4285  4286  4281    -1
11501   4287  4288  4263    -1
11502   4289  4290  4271    -1
11503   4259  4260  4249    -1
11504   4278  4288  4277    -1
11505   4267  4268  4255    -1
11506   4284  4290  4283    -1
11507   4250  4255  4248    -1
11508   4253  4257  4248    -1
11509   4262  4269  4260    -1
11510   4271  4273  4264    -1
11511   4281  4283  4276    -1
11512   4280  4285  4276    -1
11513   4260  4267  4250    -1
11514   4283  4289  4278    -1
11515   4288  4289  4264    -1
11516   4292  4291  4294    -1
11517   4295  4291  4296    -1
11518   4294  4297  4292    -1
11519   4301  4299  4300    -1
11520   4305  4304  4303    -1
11521   4301  4305  4299    -1
11522   4309  4308  4307    -1
11523   4311  4307  4310    -1
11524   4309  4307  4297    -1
11525   4313  4303  4312    -1
11526   4294  4293  4299    -1
11527   4303  4297  4299    -1
11528   4313  4312  4309    -1
11529   4303  4313  4297    -1
11530   4315  4317  4314    -1
11531   4318  4319  4314    -1
11532   4321  4323  4320    -1
11533   4324  4325  4320    -1
11534   4320  4322  4315    -1
11535   4319  4324  4315    -1
11536   4327  4329  4326    -1
11537   4331  4327  4330    -1
11538   4197  4262  4196    -1
11539   4205  4270  4204    -1
11540   4204  4269  4197    -1
11541   4300  4226  4301    -1
11542   4316  4317  4232    -1
11543   4322  4323  4238    -1
11544   4317  4322  4233    -1
11545   4329  4246  4328    -1
11546   4246  4329  4244    -1
11547   4228  4229  4192    -1
11548   4234  4235  4200    -1
11549   4229  4234  4193    -1
11550   4266  4319  4265    -1
11551   4274  4325  4273    -1
11552   4273  4324  4266    -1
11553   4241  4223  4240    -1
11554   4241  4244  4223    -1
11555   4331  4330  4305    -1
11556   4331  4244  4327    -1
11557   4173  4210  4171    -1
11558   4171  4208  4169    -1
11559   4214  4216  4185    -1
11560   4216  4218  4187    -1
11561   4201  4222  4199    -1
11562   4224  4226  4203    -1
11563   4177  4212  4173    -1
11564   4218  4224  4189    -1
11565   4199  4220  4177    -1
11566   4237  4242  4235    -1
11567   4239  4245  4237    -1
11568   4256  4293  4254    -1
11569   4291  4295  4254    -1
11570   4270  4300  4268    -1
11571   4302  4304  4272    -1
11572   4306  4308  4282    -1
11573   4286  4310  4282    -1
11574   4268  4298  4256    -1
11575   4308  4312  4284    -1
11576   4290  4312  4272    -1
11577   4326  4328  4321    -1
11578   4325  4330  4321    -1
11579   4235  4240  4201    -1
11580   4304  4330  4274    -1
11581   4226  4300  4205    -1
11582   4323  4328  4239    -1
11583   4227  4244  4331    -1
11584   4048  4049  3978    -1
11585   4054  4055  3984    -1
11586   4049  4054  3979    -1
11587   4096  4097  4006    -1
11588   4025  4121  4024    -1
11589   4122  4123  4026    -1
11590   4033  4129  4032    -1
11591   4130  4131  4034    -1
11592   4032  4128  4025    -1
11593   4123  4130  4027    -1
11594   4148  4044  4149    -1
11595   4151  4047  4150    -1
11596   4151  4149  4047    -1
11597   4055  4096  3985    -1
11598   4044  4148  4033    -1
11599   4131  4150  4035    -1
11600   3768  3769  3735    -1
11601   3774  3775  3739    -1
11602   3769  3774  3736    -1
11603   3809  3810  3747    -1
11604   3810  3808  3748    -1
11605   3775  3809  3740    -1
11606   4339  4338  4337    -1
11607   4333  4337  4332    -1
11608   4338  4339  4334    -1
11609   4338  1074  4332    -1
11610   4342  4343  4340    -1
11611   4349  4351  4348    -1
11612   4345  4349  4344    -1
11613   4350  4351  4346    -1
11614   4357  4359  4356    -1
11615   4353  4357  4352    -1
11616   4358  4359  4354    -1
11617   4362  4363  4360    -1
11618   4366  4367  4364    -1
11619   4356  4358  4349    -1
11620   4352  4356  4345    -1
11621   4351  4358  4347    -1
11622   4363  4366  4361    -1
11623   4369  4371  4368    -1
11624   4376  4377  4374    -1
11625   4380  4381  4378    -1
11626   4371  4373  4370    -1
11627   4378  4379  4376    -1
11628   4383  4385  4382    -1
11629   4387  4389  4386    -1
11630   4396  4397  4394    -1
11631   4400  4401  4398    -1
11632   4404  4405  4402    -1
11633   4408  4409  4406    -1
11634   4385  4391  4384    -1
11635   4402  4403  4396    -1
11636   4389  4393  4388    -1
11637   4406  4407  4400    -1
11638   4386  4388  4383    -1
11639   4397  4400  4395    -1
11640   4405  4408  4403    -1
11641   4388  4392  4385    -1
11642   4403  4406  4397    -1
11643   4411  4413  4410    -1
11644   4415  4417  4414    -1
11645   4419  4421  4418    -1
11646   4418  4420  4415    -1
11647   4423  4425  4422    -1
11648   4429  4428  4427    -1
11649   4430  4428  4431    -1
11650   4434  4432  4435    -1
11651   4432  4430  4433    -1
11652   4425  4427  4424    -1
11653   4437  4439  4436    -1
11654   4441  4443  4440    -1
11655   4445  4447  4444    -1
11656   4447  4449  4446    -1
11657   4451  4453  4450    -1
11658   4453  4455  4452    -1
11659   4457  4459  4456    -1
11660   4461  4463  4460    -1
11661   4449  4457  4448    -1
11662   4455  4461  4454    -1
11663   4439  4445  4438    -1
11664   4443  4451  4442    -1
11665   4440  4442  4437    -1
11666   4450  4452  4445    -1
11667   4452  4454  4447    -1
11668   4460  4462  4457    -1
11669   4442  4450  4439    -1
11670   4454  4460  4449    -1
11671   4341  4411  4340    -1
11672   4410  4412  4340    -1
11673   4361  4415  4360    -1
11674   4365  4419  4364    -1
11675   4364  4418  4361    -1
11676   4422  4424  4374    -1
11677   4380  4378  4428    -1
11678   4424  4426  4376    -1
11679   4369  4368  4335    -1
11680   4374  4375  4342    -1
11681   4413  4423  4412    -1
11682   4347  4383  4346    -1
11683   4394  4395  4362    -1
11684   4355  4387  4354    -1
11685   4398  4399  4366    -1
11686   4354  4386  4347    -1
11687   4395  4398  4363    -1
11688   4417  4437  4416    -1
11689   4421  4441  4420    -1
11690   4420  4440  4417    -1
11691   4348  4350  4337    -1
11692   4344  4348  4333    -1
11693   4339  4350  4335    -1
11694   4343  4362  4341    -1
11695   4382  4384  4369    -1
11696   4377  4396  4375    -1
11697   4381  4404  4379    -1
11698   4384  4390  4371    -1
11699   4379  4402  4377    -1
11700   4414  4416  4411    -1
11701   4436  4438  4423    -1
11702   4444  4446  4427    -1
11703   4446  4448  4429    -1
11704   4456  4458  4433    -1
11705   4438  4444  4425    -1
11706   4448  4456  4431    -1
11707   4346  4382  4335    -1
11708   4375  4394  4343    -1
11709   4416  4436  4413    -1
11710   4360  4414  4341    -1
11711   4412  4422  4342    -1
11712   4466  4464  4467    -1
11713   4469  4471  4468    -1
11714   4473  4475  4472    -1
11715   4472  4474  4469    -1
11716   4478  4479  4476    -1
11717   4481  4483  4480    -1
11718   4477  4481  4476    -1
11719   4480  4482  4476    -1
11720   4486  4487  4484    -1
11721   4489  4491  4488    -1
11722   4485  4489  4484    -1
11723   4494  4495  4492    -1
11724   4497  4499  4496    -1
11725   4493  4497  4492    -1
11726   4487  4494  4485    -1
11727   4496  4498  4489    -1
11728   4492  4496  4485    -1
11729   4502  4503  4500    -1
11730   4505  4507  4504    -1
11731   4504  4506  4500    -1
11732   4510  4511  4508    -1
11733   4515  4514  4513    -1
11734   4510  4508  4514    -1
11735   4517  4519  4516    -1
11736   4516  4514  4517    -1
11737   4508  4509  4502    -1
11738   4507  4513  4506    -1
11739   4506  4512  4502    -1
11740   4522  4523  4520    -1
11741   4525  4527  4524    -1
11742   4530  4531  4528    -1
11743   4533  4535  4532    -1
11744   4538  4539  4536    -1
11745   4541  4543  4540    -1
11746   4546  4547  4544    -1
11747   4549  4551  4548    -1
11748   4553  4555  4552    -1
11749   4557  4559  4556    -1
11750   4543  4553  4542    -1
11751   4551  4557  4550    -1
11752   4536  4537  4522    -1
11753   4527  4541  4526    -1
11754   4544  4545  4530    -1
11755   4535  4549  4534    -1
11756   4523  4530  4521    -1
11757   4532  4534  4525    -1
11758   4539  4546  4537    -1
11759   4548  4550  4541    -1
11760   4556  4558  4553    -1
11761   4537  4544  4523    -1
11762   4534  4548  4527    -1
11763   4550  4556  4543    -1
11764   4500  4501  4478    -1
11765   4483  4505  4482    -1
11766   4482  4504  4478    -1
11767   4520  4521  4486    -1
11768   4491  4525  4490    -1
11769   4528  4529  4494    -1
11770   4499  4533  4498    -1
11771   4521  4528  4487    -1
11772   4498  4532  4491    -1
11773   4468  4470  4465    -1
11774   4479  4486  4477    -1
11775   4488  4490  4481    -1
11776   4484  4488  4477    -1
11777   4503  4522  4501    -1
11778   4524  4526  4505    -1
11779   4511  4538  4509    -1
11780   4540  4542  4513    -1
11781   4552  4554  4517    -1
11782   4509  4536  4503    -1
11783   4526  4540  4507    -1
11784   4542  4552  4515    -1
11785   4501  4520  4479    -1
11786   4490  4524  4483    -1
11787   4464  4434  4465    -1
11788   4459  4469  4458    -1
11789   4463  4473  4462    -1
11790   4462  4472  4459    -1
11791   4458  4468  4435    -1
11792   4561  4563  4560    -1
11793   4565  4567  4564    -1
11794   4563  4565  4562    -1
11795   4569  4571  4568    -1
11796   4573  4575  4572    -1
11797   4577  4579  4576    -1
11798   4581  4583  4580    -1
11799   4571  4577  4570    -1
11800   4575  4581  4574    -1
11801   4572  4574  4569    -1
11802   4580  4582  4577    -1
11803   4574  4580  4571    -1
11804   4586  4587  4584    -1
11805   4589  4591  4588    -1
11806   4585  4589  4584    -1
11807   4588  4590  4584    -1
11808   4594  4595  4592    -1
11809   4597  4599  4596    -1
11810   4593  4597  4592    -1
11811   4602  4603  4600    -1
11812   4605  4607  4604    -1
11813   4601  4605  4600    -1
11814   4595  4602  4593    -1
11815   4604  4606  4597    -1
11816   4600  4604  4593    -1
11817   4610  4611  4608    -1
11818   4613  4615  4612    -1
11819   4612  4614  4608    -1
11820   4619  4617  4618    -1
11821   4621  4623  4620    -1
11822   4622  4618  4620    -1
11823   4616  4617  4610    -1
11824   4615  4621  4614    -1
11825   4614  4620  4610    -1
11826   4626  4627  4624    -1
11827   4629  4631  4628    -1
11828   4634  4635  4632    -1
11829   4637  4639  4636    -1
11830   4642  4643  4640    -1
11831   4645  4647  4644    -1
11832   4650  4651  4648    -1
11833   4653  4655  4652    -1
11834   4640  4641  4626    -1
11835   4631  4645  4630    -1
11836   4648  4649  4634    -1
11837   4639  4653  4638    -1
11838   4627  4634  4625    -1
11839   4636  4638  4629    -1
11840   4643  4650  4641    -1
11841   4652  4654  4645    -1
11842   4641  4648  4627    -1
11843   4638  4652  4631    -1
11844   4619  4618  4567    -1
11845   4579  4643  4578    -1
11846   4583  4651  4582    -1
11847   4582  4650  4579    -1
11848   4608  4609  4586    -1
11849   4591  4613  4590    -1
11850   4590  4612  4586    -1
11851   4624  4625  4594    -1
11852   4599  4629  4598    -1
11853   4632  4633  4602    -1
11854   4607  4637  4606    -1
11855   4625  4632  4595    -1
11856   4606  4636  4599    -1
11857   4568  4570  4561    -1
11858   4576  4578  4565    -1
11859   4570  4576  4563    -1
11860   4587  4594  4585    -1
11861   4596  4598  4589    -1
11862   4592  4596  4585    -1
11863   4611  4626  4609    -1
11864   4628  4630  4613    -1
11865   4619  4642  4617    -1
11866   4644  4646  4621    -1
11867   4617  4640  4611    -1
11868   4630  4644  4615    -1
11869   4609  4624  4587    -1
11870   4598  4628  4591    -1
11871   4578  4642  4567    -1
11872   4659  4657  4658    -1
11873   4657  4661  4656    -1
11874   4663  4659  4662    -1
11875   4666  4662  4658    -1
11876   4667  4666  4665    -1
11877   4665  4664  4661    -1
11878   4666  4658  4660    -1
11879   4670  4671  4668    -1
11880   4669  4673  4668    -1
11881   4674  4675  4670    -1
11882   4678  4679  4676    -1
11883   4677  4681  4676    -1
11884   4682  4683  4678    -1
11885   4685  4687  4684    -1
11886   4689  4691  4688    -1
11887   4673  4685  4672    -1
11888   4681  4689  4680    -1
11889   4671  4678  4669    -1
11890   4676  4680  4669    -1
11891   4675  4682  4671    -1
11892   4688  4690  4685    -1
11893   4680  4688  4673    -1
11894   4693  4692  4695    -1
11895   4702  4704  4701    -1
11896   4701  4698  4702    -1
11897   4703  4700  4701    -1
11898   4706  4705  4708    -1
11899   4710  4707  4709    -1
11900   4694  4692  4700    -1
11901   4706  4697  4705    -1
11902   4695  4694  4697    -1
11903   4705  4700  4709    -1
11904   4705  4696  4700    -1
11905   4713  4714  4711    -1
11906   4717  4718  4715    -1
11907   4726  4728  4725    -1
11908   4724  4726  4723    -1
11909   4732  4734  4731    -1
11910   4730  4732  4729    -1
11911   4737  4738  4735    -1
11912   4741  4742  4739    -1
11913   4735  4736  4719    -1
11914   4739  4740  4721    -1
11915   4719  4720  4713    -1
11916   4721  4722  4717    -1
11917   4714  4717  4712    -1
11918   4731  4733  4726    -1
11919   4729  4731  4724    -1
11920   4738  4741  4736    -1
11921   4720  4721  4714    -1
11922   4736  4739  4720    -1
11923   4693  4663  4692    -1
11924   4699  4698  4667    -1
11925   4698  4692  4666    -1
11926   4711  4712  4674    -1
11927   4687  4724  4686    -1
11928   4715  4716  4682    -1
11929   4691  4730  4690    -1
11930   4712  4715  4675    -1
11931   4690  4729  4687    -1
11932   4659  4670  4657    -1
11933   4668  4672  4657    -1
11934   4663  4674  4659    -1
11935   4684  4686  4665    -1
11936   4672  4684  4661    -1
11937   4695  4713  4693    -1
11938   4725  4727  4702    -1
11939   4723  4725  4699    -1
11940   4708  4737  4706    -1
11941   4697  4719  4695    -1
11942   4706  4735  4697    -1
11943   4693  4711  4663    -1
11944   4686  4723  4667    -1
11945   4519  4561  4518    -1
11946   4555  4569  4554    -1
11947   4559  4573  4558    -1
11948   4558  4572  4555    -1
11949   4554  4568  4519    -1
11950   4744  4746  4743    -1
11951   4751  4752  4748    -1
11952   4748  4747  4751    -1
11953   4754  4756  4753    -1
11954   4762  4759  4761    -1
11955   4761  4758  4760    -1
11956   4746  4754  4745    -1
11957   4758  4759  4751    -1
11958   4757  4758  4750    -1
11959   4745  4750  4743    -1
11960   4755  4760  4753    -1
11961   4753  4757  4745    -1
11962   4764  4766  4763    -1
11963   4768  4770  4767    -1
11964   4773  4774  4771    -1
11965   4777  4778  4775    -1
11966   4780  4782  4779    -1
11967   4784  4786  4783    -1
11968   4789  4790  4787    -1
11969   4793  4794  4791    -1
11970   4766  4780  4765    -1
11971   4770  4784  4769    -1
11972   4787  4788  4773    -1
11973   4791  4792  4777    -1
11974   4767  4769  4764    -1
11975   4774  4777  4772    -1
11976   4783  4785  4780    -1
11977   4790  4793  4788    -1
11978   4769  4783  4766    -1
11979   4788  4791  4774    -1
11980   4798  4796  4797    -1
11981   4806  4805  4804    -1
11982   4804  4803  4800    -1
11983   4805  4806  4801    -1
11984   4805  4795  4799    -1
11985   4800  4799  4796    -1
11986   4797  4795  4801    -1
11987   4809  4810  4807    -1
11988   4813  4814  4811    -1
11989   4820  4822  4819    -1
11990   4816  4820  4815    -1
11991   4821  4822  4817    -1
11992   4828  4830  4827    -1
11993   4824  4828  4823    -1
11994   4829  4830  4825    -1
11995   4808  4816  4807    -1
11996   4812  4824  4811    -1
11997   4810  4813  4808    -1
11998   4827  4829  4820    -1
11999   4823  4827  4816    -1
12000   4822  4829  4818    -1
12001   4811  4823  4808    -1
12002   4832  4831  4834    -1
12003   4836  4835  4832    -1
12004   4833  4831  4837    -1
12005   4841  4843  4840    -1
12006   4839  4838  4842    -1
12007   4845  4847  4844    -1
12008   4846  4837  4844    -1
12009   4848  4849  4840    -1
12010   4840  4838  4837    -1
12011   4847  4849  4846    -1
12012   4840  4837  4848    -1
12013   4852  4853  4850    -1
12014   4851  4855  4850    -1
12015   4858  4859  4856    -1
12016   4857  4861  4856    -1
12017   4863  4865  4862    -1
12018   4867  4869  4866    -1
12019   4871  4873  4870    -1
12020   4875  4877  4874    -1
12021   4878  4879  4862    -1
12022   4880  4881  4866    -1
12023   4873  4879  4872    -1
12024   4877  4881  4876    -1
12025   4853  4858  4851    -1
12026   4856  4860  4851    -1
12027   4866  4868  4863    -1
12028   4874  4876  4871    -1
12029   4876  4880  4873    -1
12030   4879  4880  4863    -1
12031   4833  4755  4834    -1
12032   4839  4761  4838    -1
12033   4838  4760  4833    -1
12034   4782  4853  4781    -1
12035   4786  4859  4785    -1
12036   4785  4858  4782    -1
12037   4836  4798  4835    -1
12038   4845  4844  4802    -1
12039   4835  4797  4844    -1
12040   4854  4855  4809    -1
12041   4818  4871  4817    -1
12042   4860  4861  4813    -1
12043   4826  4875  4825    -1
12044   4855  4860  4810    -1
12045   4825  4874  4818    -1
12046   4763  4765  4744    -1
12047   4752  4773  4749    -1
12048   4779  4781  4754    -1
12049   4762  4789  4759    -1
12050   4765  4779  4746    -1
12051   4759  4787  4752    -1
12052   4798  4809  4796    -1
12053   4819  4821  4804    -1
12054   4815  4819  4800    -1
12055   4806  4821  4802    -1
12056   4807  4815  4796    -1
12057   4834  4852  4832    -1
12058   4850  4854  4832    -1
12059   4862  4864  4841    -1
12060   4870  4872  4845    -1
12061   4872  4878  4847    -1
12062   4849  4878  4841    -1
12063   4836  4854  4798    -1
12064   4817  4870  4802    -1
12065   4781  4852  4756    -1
12066   4885  4883  4884    -1
12067   4887  4886  4883    -1
12068   4884  4882  4888    -1
12069   4895  4894  4891    -1
12070   4897  4893  4896    -1
12071   4892  4890  4896    -1
12072   4891  4890  4887    -1
12073   4893  4889  4892    -1
12074   4888  4886  4892    -1
12075   4900  4901  4898    -1
12076   4899  4903  4898    -1
12077   4908  4909  4906    -1
12078   4907  4911  4906    -1
12079   4915  4919  4914    -1
12080   4920  4921  4916    -1
12081   4923  4927  4922    -1
12082   4928  4929  4924    -1
12083   4903  4915  4902    -1
12084   4916  4917  4904    -1
12085   4911  4923  4910    -1
12086   4924  4925  4912    -1
12087   4901  4908  4899    -1
12088   4906  4910  4899    -1
12089   4919  4915  4926    -1
12090   4921  4928  4917    -1
12091   4910  4922  4903    -1
12092   4917  4924  4905    -1
12093   4933  4931  4932    -1
12094   4937  4936  4939    -1
12095   4941  4940  4937    -1
12096   4938  4936  4942    -1
12097   4946  4945  4948    -1
12098   4948  4947  4944    -1
12099   4953  4955  4952    -1
12100   4955  4951  4954    -1
12101   4950  4949  4954    -1
12102   4944  4943  4935    -1
12103   4950  4942  4949    -1
12104   4935  4934  4941    -1
12105   4949  4943  4952    -1
12106   4940  4934  4949    -1
12107   4958  4959  4956    -1
12108   4964  4965  4962    -1
12109   4970  4971  4968    -1
12110   4969  4973  4968    -1
12111   4976  4977  4974    -1
12112   4975  4979  4974    -1
12113   4984  4985  4982    -1
12114   4981  4985  4980    -1
12115   4990  4991  4988    -1
12116   4987  4991  4986    -1
12117   4995  4997  4994    -1
12118   4996  4997  4992    -1
12119   5001  5003  5000    -1
12120   5002  5003  4998    -1
12121   4961  4981  4960    -1
12122   4967  4987  4966    -1
12123   4972  4973  4960    -1
12124   4978  4979  4966    -1
12125   4959  4964  4957    -1
12126   4971  4976  4969    -1
12127   4974  4978  4969    -1
12128   4985  4990  4983    -1
12129   4986  4990  4981    -1
12130   5000  5002  4995    -1
12131   4997  5002  4993    -1
12132   4973  4978  4961    -1
12133   4966  4986  4961    -1
12134   5009  5011  5008    -1
12135   5008  5004  5009    -1
12136   5010  5006  5008    -1
12137   5014  5015  5012    -1
12138   5021  5023  5020    -1
12139   5017  5021  5016    -1
12140   5029  5031  5028    -1
12141   5025  5029  5024    -1
12142   5034  5035  5032    -1
12143   5038  5039  5036    -1
12144   5028  5030  5021    -1
12145   5024  5028  5017    -1
12146   5035  5038  5033    -1
12147   5047  5046  5045    -1
12148   5047  5043  5046    -1
12149   5046  4945  5040    -1
12150   5052  5053  5050    -1
12151   5056  5057  5054    -1
12152   5043  5049  5042    -1
12153   5054  5055  5052    -1
12154   5063  5065  5062    -1
12155   5064  5065  5060    -1
12156   5071  5073  5070    -1
12157   5072  5073  5068    -1
12158   5080  5081  5078    -1
12159   5084  5085  5082    -1
12160   5088  5089  5086    -1
12161   5092  5093  5090    -1
12162   5061  5075  5060    -1
12163   5086  5087  5080    -1
12164   5069  5077  5068    -1
12165   5090  5091  5084    -1
12166   5070  5072  5063    -1
12167   5065  5072  5061    -1
12168   5081  5084  5079    -1
12169   5089  5092  5087    -1
12170   5068  5076  5061    -1
12171   5087  5090  5081    -1
12172   5004  4894  5005    -1
12173   5007  4897  5006    -1
12174   5006  4896  5004    -1
12175   5016  4918  5017    -1
12176   5018  5019  4920    -1
12177   4927  5025  4926    -1
12178   5026  5027  4928    -1
12179   4926  5024  4919    -1
12180   5019  5026  4921    -1
12181   5041  5040  4946    -1
12182   5048  4947  4945    -1
12183   5049  4953  5048    -1
12184   4952  4947  5048    -1
12185   4983  5059  4982    -1
12186   4989  5067  4988    -1
12187   5074  5075  4994    -1
12188   5076  5077  5000    -1
12189   4988  5066  4983    -1
12190   5075  5076  4995    -1
12191   4931  4885  4930    -1
12192   4889  4933  4888    -1
12193   4930  4884  4932    -1
12194   5007  5006  5041    -1
12195   5011  5045  5010    -1
12196   5044  5040  5010    -1
12197   5050  5051  5014    -1
12198   4956  4957  4900    -1
12199   4905  4959  4904    -1
12200   4962  4963  4908    -1
12201   4913  4965  4912    -1
12202   4957  4962  4901    -1
12203   4912  4964  4905    -1
12204   5058  5059  5018    -1
12205   5023  5063  5022    -1
12206   5078  5079  5034    -1
12207   5066  5067  5026    -1
12208   5031  5071  5030    -1
12209   5082  5083  5038    -1
12210   5059  5066  5019    -1
12211   5030  5070  5023    -1
12212   5079  5082  5035    -1
12213   4885  4900  4883    -1
12214   4898  4902  4883    -1
12215   4914  4918  4891    -1
12216   4897  4920  4893    -1
12217   4902  4914  4887    -1
12218   4893  4916  4889    -1
12219   4933  4958  4931    -1
12220   4939  4970  4937    -1
12221   4968  4972  4937    -1
12222   4948  4984  4946    -1
12223   4980  4984  4944    -1
12224   4994  4996  4953    -1
12225   4955  4996  4951    -1
12226   4941  4972  4935    -1
12227   4960  4980  4935    -1
12228   5020  5022  5009    -1
12229   5016  5020  5005    -1
12230   5015  5034  5013    -1
12231   5062  5064  5045    -1
12232   5047  5064  5043    -1
12233   5053  5080  5051    -1
12234   5057  5088  5055    -1
12235   5060  5074  5043    -1
12236   5055  5086  5053    -1
12237   4931  4956  4885    -1
12238   4904  4958  4889    -1
12239   5041  5058  5007    -1
12240   5022  5062  5011    -1
12241   5051  5078  5015    -1
12242   4918  5016  4895    -1
12243   5007  5018  4897    -1
12244   4982  5058  4946    -1
12245   5049  5074  4953    -1
12246   5098  5100  5097    -1
12247   5095  5098  5094    -1
12248   5097  5099  5094    -1
12249   5104  5102  5103    -1
12250   5108  5110  5107    -1
12251   5106  5108  5105    -1
12252   5114  5116  5113    -1
12253   5112  5114  5111    -1
12254   5119  5120  5117    -1
12255   5123  5124  5121    -1
12256   5113  5115  5108    -1
12257   5111  5113  5106    -1
12258   5120  5123  5118    -1
12259   5128  5130  5127    -1
12260   5127  5129  5125    -1
12261   5134  5136  5133    -1
12262   5133  5135  5131    -1
12263   5138  5137  5140    -1
12264   5130  5134  5129    -1
12265   5129  5133  5126    -1
12266   5142  5144  5141    -1
12267   5146  5148  5145    -1
12268   5150  5152  5149    -1
12269   5154  5156  5153    -1
12270   5159  5160  5157    -1
12271   5163  5164  5161    -1
12272   5144  5150  5143    -1
12273   5148  5154  5147    -1
12274   5145  5147  5142    -1
12275   5153  5155  5150    -1
12276   5160  5163  5158    -1
12277   5147  5153  5144    -1
12278   5169  5165  5170    -1
12279   5171  5172  5167    -1
12280   5167  5165  5171    -1
12281   5178  5177  5174    -1
12282   5175  5173  5179    -1
12283   5173  5169  5174    -1
12284   5176  5172  5175    -1
12285   5175  5171  5173    -1
12286   5181  5185  5180    -1
12287   5186  5187  5182    -1
12288   5189  5193  5188    -1
12289   5194  5195  5190    -1
12290   5197  5201  5196    -1
12291   5203  5207  5202    -1
12292   5185  5197  5184    -1
12293   5198  5199  5186    -1
12294   5193  5203  5192    -1
12295   5204  5205  5194    -1
12296   5188  5192  5181    -1
12297   5187  5194  5183    -1
12298   5202  5206  5197    -1
12299   5192  5202  5185    -1
12300   5199  5204  5187    -1
12301   5211  5210  5209    -1
12302   5212  5210  5213    -1
12303   5217  5215  5216    -1
12304   5221  5219  5220    -1
12305   5220  5218  5223    -1
12306   5227  5225  5226    -1
12307   5226  5224  5229    -1
12308   5220  5212  5221    -1
12309   5225  5217  5224    -1
12310   5211  5210  5215    -1
12311   5216  5214  5212    -1
12312   5224  5220  5228    -1
12313   5224  5216  5220    -1
12314   5231  5233  5230    -1
12315   5233  5235  5232    -1
12316   5237  5239  5236    -1
12317   5239  5241  5238    -1
12318   5244  5245  5242    -1
12319   5248  5249  5246    -1
12320   5252  5253  5250    -1
12321   5256  5257  5254    -1
12322   5260  5261  5258    -1
12323   5264  5265  5262    -1
12324   5235  5253  5234    -1
12325   5241  5257  5240    -1
12326   5258  5259  5244    -1
12327   5262  5263  5248    -1
12328   5242  5243  5232    -1
12329   5246  5247  5238    -1
12330   5236  5238  5231    -1
12331   5238  5240  5233    -1
12332   5245  5248  5243    -1
12333   5253  5256  5251    -1
12334   5261  5264  5259    -1
12335   5243  5246  5233    -1
12336   5240  5256  5235    -1
12337   5259  5262  5245    -1
12338   5165  5101  5166    -1
12339   5103  5101  5167    -1
12340   5118  5181  5117    -1
12341   5122  5189  5121    -1
12342   5121  5188  5118    -1
12343   5210  5211  5139    -1
12344   5210  5139  5208    -1
12345   5232  5233  5159    -1
12346   5238  5239  5163    -1
12347   5233  5238  5160    -1
12348   5100  5128  5099    -1
12349   5099  5127  5096    -1
12350   5138  5104  5137    -1
12351   5209  5208  5168    -1
12352   5176  5175  5219    -1
12353   5222  5218  5179    -1
12354   5110  5142  5109    -1
12355   5157  5158  5119    -1
12356   5116  5146  5115    -1
12357   5161  5162  5123    -1
12358   5115  5145  5110    -1
12359   5158  5161  5120    -1
12360   5183  5231  5182    -1
12361   5250  5251  5198    -1
12362   5191  5237  5190    -1
12363   5254  5255  5204    -1
12364   5190  5236  5183    -1
12365   5251  5254  5199    -1
12366   5107  5109  5098    -1
12367   5105  5107  5095    -1
12368   5104  5119  5102    -1
12369   5141  5143  5128    -1
12370   5149  5151  5134    -1
12371   5140  5159  5138    -1
12372   5143  5149  5130    -1
12373   5180  5184  5166    -1
12374   5172  5186  5168    -1
12375   5196  5200  5174    -1
12376   5184  5196  5170    -1
12377   5176  5198  5172    -1
12378   5230  5232  5209    -1
12379   5232  5234  5211    -1
12380   5217  5244  5215    -1
12381   5221  5252  5219    -1
12382   5227  5260  5225    -1
12383   5215  5242  5211    -1
12384   5234  5252  5213    -1
12385   5225  5258  5217    -1
12386   5109  5141  5100    -1
12387   5138  5157  5104    -1
12388   5182  5230  5168    -1
12389   5219  5250  5176    -1
12390   5117  5180  5102    -1
12391   5211  5232  5140    -1
12392   5137  5103  5208    -1
12393   5270  5271  5272    -1
12394   5270  5266  5271    -1
12395   5273  5269  5272    -1
12396   5272  5268  5270    -1
12397   5279  5281  5278    -1
12398   5275  5279  5274    -1
12399   5280  5281  5276    -1
12400   5287  5289  5286    -1
12401   5283  5287  5282    -1
12402   5288  5289  5284    -1
12403   5286  5288  5279    -1
12404   5282  5286  5275    -1
12405   5281  5288  5277    -1
12406   5291  5293  5290    -1
12407   5295  5297  5294    -1
12408   5293  5295  5292    -1
12409   5299  5301  5298    -1
12410   5303  5305  5302    -1
12411   5307  5309  5306    -1
12412   5311  5313  5310    -1
12413   5301  5307  5300    -1
12414   5305  5311  5304    -1
12415   5302  5304  5299    -1
12416   5310  5312  5307    -1
12417   5304  5310  5301    -1
12418   5269  5291  5268    -1
12419   5277  5299  5276    -1
12420   5285  5303  5284    -1
12421   5284  5302  5277    -1
12422   5278  5280  5271    -1
12423   5274  5278  5267    -1
12424   5273  5280  5269    -1
12425   5298  5300  5291    -1
12426   5306  5308  5295    -1
12427   5300  5306  5293    -1
12428   5276  5298  5269    -1
12429   5267  5266  5178    -1
12430   5268  5173  5177    -1
12431   5201  5275  5200    -1
12432   5207  5283  5206    -1
12433   5206  5282  5201    -1
12434   5290  5292  5222    -1
12435   5296  5229  5294    -1
12436   5292  5294  5223    -1
12437   5200  5274  5178    -1
12438   5222  5179  5290    -1
12439   5013  5095  5012    -1
12440   5094  5096  5012    -1
12441   5033  5106  5032    -1
12442   5037  5112  5036    -1
12443   5036  5111  5033    -1
12444   5125  5126  5050    -1
12445   5131  5132  5054    -1
12446   5126  5131  5052    -1
12447   5032  5105  5013    -1
12448   5096  5125  5014    -1
12449   4744  4743  4704    -1
12450   4710  4709  4748    -1
12451   4709  4703  4747    -1
12452   4728  4764  4727    -1
12453   4734  4768  4733    -1
12454   4733  4767  4728    -1
12455   4727  4763  4704    -1
12456   5319  5321  5318    -1
12457   5315  5319  5314    -1
12458   5320  5321  5316    -1
12459   5327  5329  5326    -1
12460   5323  5327  5322    -1
12461   5328  5329  5324    -1
12462   5332  5333  5330    -1
12463   5336  5337  5334    -1
12464   5326  5328  5319    -1
12465   5322  5326  5315    -1
12466   5321  5328  5317    -1
12467   5333  5336  5331    -1
12468   5343  5345  5342    -1
12469   5339  5343  5338    -1
12470   5345  5341  5344    -1
12471   2226  5341  5345    -1
12472   5348  5349  5346    -1
12473   5351  5353  5350    -1
12474   5355  5357  5354    -1
12475   5364  5365  5362    -1
12476   5368  5369  5366    -1
12477   5372  5373  5370    -1
12478   5376  5377  5374    -1
12479   5353  5359  5352    -1
12480   5370  5371  5364    -1
12481   5357  5361  5356    -1
12482   5374  5375  5368    -1
12483   5354  5356  5351    -1
12484   5365  5368  5363    -1
12485   5373  5376  5371    -1
12486   5356  5360  5353    -1
12487   5371  5374  5365    -1
12488   5381  5380  5379    -1
12489   5386  5387  5384    -1
12490   5390  5391  5388    -1
12491   5383  5382  5381    -1
12492   5388  5389  5386    -1
12493   5393  5395  5392    -1
12494   5397  5399  5396    -1
12495   5396  5398  5393    -1
12496   5401  5403  5400    -1
12497   5405  5407  5404    -1
12498   5409  5411  5408    -1
12499   5413  5415  5412    -1
12500   5415  5417  5414    -1
12501   5419  5421  5418    -1
12502   5421  5423  5420    -1
12503   5425  5427  5424    -1
12504   5429  5431  5428    -1
12505   5417  5425  5416    -1
12506   5423  5429  5422    -1
12507   5407  5413  5406    -1
12508   5411  5419  5410    -1
12509   5408  5410  5405    -1
12510   5418  5420  5413    -1
12511   5420  5422  5415    -1
12512   5428  5430  5425    -1
12513   5410  5418  5407    -1
12514   5422  5428  5417    -1
12515   5433  5435  5432    -1
12516   5437  5439  5436    -1
12517   5439  5441  5438    -1
12518   5445  5444  5443    -1
12519   5443  5442  5441    -1
12520   5435  5437  5434    -1
12521   5331  5393  5330    -1
12522   5335  5397  5334    -1
12523   5334  5396  5331    -1
12524   5347  5401  5346    -1
12525   5349  5403  5347    -1
12526   5387  5435  5385    -1
12527   5391  5439  5389    -1
12528   5389  5437  5387    -1
12529   5317  5351  5316    -1
12530   5362  5363  5332    -1
12531   5325  5355  5324    -1
12532   5366  5367  5336    -1
12533   5324  5354  5317    -1
12534   5363  5366  5333    -1
12535   5395  5405  5394    -1
12536   5399  5409  5398    -1
12537   5398  5408  5395    -1
12538   5341  5379  5340    -1
12539   5384  5385  5348    -1
12540   5403  5433  5402    -1
12541   5342  5344  5327    -1
12542   5338  5342  5323    -1
12543   5329  5344  5325    -1
12544   5337  5348  5335    -1
12545   5378  5380  5355    -1
12546   5369  5386  5367    -1
12547   5377  5390  5375    -1
12548   5380  5382  5357    -1
12549   5375  5388  5369    -1
12550   5400  5402  5397    -1
12551   5432  5434  5409    -1
12552   5436  5438  5419    -1
12553   5438  5440  5421    -1
12554   5442  5444  5429    -1
12555   5434  5436  5411    -1
12556   5440  5442  5423    -1
12557   5340  5378  5325    -1
12558   5367  5384  5337    -1
12559   5402  5432  5399    -1
12560   5346  5400  5335    -1
12561   5385  5433  5349    -1
12562   5447  5449  5446    -1
12563   5451  5453  5450    -1
12564   5450  5452  5447    -1
12565   5457  5456  5455    -1
12566   5460  5461  5458    -1
12567   5463  5465  5462    -1
12568   5459  5463  5458    -1
12569   5468  5469  5466    -1
12570   5471  5473  5470    -1
12571   5467  5471  5466    -1
12572   5461  5468  5459    -1
12573   5470  5472  5463    -1
12574   5466  5470  5459    -1
12575   5476  5477  5474    -1
12576   5479  5481  5478    -1
12577   5475  5479  5474    -1
12578   5477  5481  5475    -1
12579   5484  5485  5482    -1
12580   5487  5489  5486    -1
12581   5492  5493  5490    -1
12582   5495  5497  5494    -1
12583   5500  5501  5498    -1
12584   5503  5505  5502    -1
12585   5508  5509  5506    -1
12586   5511  5513  5510    -1
12587   5515  5517  5514    -1
12588   5519  5521  5518    -1
12589   5505  5515  5504    -1
12590   5513  5519  5512    -1
12591   5498  5499  5484    -1
12592   5489  5503  5488    -1
12593   5506  5507  5492    -1
12594   5497  5511  5496    -1
12595   5485  5492  5483    -1
12596   5494  5496  5487    -1
12597   5501  5508  5499    -1
12598   5510  5512  5503    -1
12599   5518  5520  5515    -1
12600   5499  5506  5485    -1
12601   5496  5510  5489    -1
12602   5512  5518  5505    -1
12603   5524  5525  5522    -1
12604   5527  5529  5526    -1
12605   5525  5529  5523    -1
12606   5532  5533  5530    -1
12607   5535  5537  5534    -1
12608   5533  5537  5531    -1
12609   5539  5541  5538    -1
12610   5537  5539  5536    -1
12611   5530  5531  5524    -1
12612   5529  5535  5528    -1
12613   5531  5535  5525    -1
12614   5482  5483  5460    -1
12615   5465  5487  5464    -1
12616   5490  5491  5468    -1
12617   5473  5495  5472    -1
12618   5483  5490  5461    -1
12619   5472  5494  5465    -1
12620   5522  5523  5476    -1
12621   5481  5527  5480    -1
12622   5523  5527  5477    -1
12623   5454  5456  5451    -1
12624   5469  5476  5467    -1
12625   5478  5480  5471    -1
12626   5474  5478  5467    -1
12627   5493  5524  5491    -1
12628   5526  5528  5495    -1
12629   5509  5532  5507    -1
12630   5534  5536  5511    -1
12631   5538  5540  5519    -1
12632   5507  5530  5493    -1
12633   5528  5534  5497    -1
12634   5536  5538  5513    -1
12635   5491  5522  5469    -1
12636   5480  5526  5473    -1
12637   5427  5447  5426    -1
12638   5431  5451  5430    -1
12639   5430  5450  5427    -1
12640   5455  5454  5445    -1
12641   5444  5454  5431    -1
12642   5543  5545  5542    -1
12643   5547  5549  5546    -1
12644   5551  5553  5550    -1
12645   5555  5557  5554    -1
12646   5545  5551  5544    -1
12647   5549  5555  5548    -1
12648   5546  5548  5543    -1
12649   5554  5556  5551    -1
12650   5548  5554  5545    -1
12651   5559  5561  5558    -1
12652   5563  5565  5562    -1
12653   5561  5563  5560    -1
12654   5568  5569  5566    -1
12655   5571  5573  5570    -1
12656   5567  5571  5566    -1
12657   5576  5577  5574    -1
12658   5579  5581  5578    -1
12659   5575  5579  5574    -1
12660   5569  5576  5567    -1
12661   5578  5580  5571    -1
12662   5574  5578  5567    -1
12663   5584  5585  5582    -1
12664   5587  5589  5586    -1
12665   5583  5587  5582    -1
12666   5585  5589  5583    -1
12667   5592  5593  5590    -1
12668   5595  5597  5594    -1
12669   5600  5601  5598    -1
12670   5603  5605  5602    -1
12671   5608  5609  5606    -1
12672   5611  5613  5610    -1
12673   5616  5617  5614    -1
12674   5619  5621  5618    -1
12675   5606  5607  5592    -1
12676   5597  5611  5596    -1
12677   5614  5615  5600    -1
12678   5605  5619  5604    -1
12679   5593  5600  5591    -1
12680   5602  5604  5595    -1
12681   5609  5616  5607    -1
12682   5618  5620  5611    -1
12683   5607  5614  5593    -1
12684   5604  5618  5597    -1
12685   5624  5625  5622    -1
12686   5627  5629  5626    -1
12687   5625  5629  5623    -1
12688   5632  5633  5630    -1
12689   5635  5637  5634    -1
12690   5637  5635  5633    -1
12691   5630  5631  5624    -1
12692   5629  5635  5628    -1
12693   5631  5635  5625    -1
12694   5553  5609  5552    -1
12695   5557  5617  5556    -1
12696   5556  5616  5553    -1
12697   5565  5633  5564    -1
12698   5590  5591  5568    -1
12699   5573  5595  5572    -1
12700   5598  5599  5576    -1
12701   5581  5603  5580    -1
12702   5591  5598  5569    -1
12703   5580  5602  5573    -1
12704   5622  5623  5584    -1
12705   5589  5627  5588    -1
12706   5623  5627  5585    -1
12707   5558  5560  5547    -1
12708   5562  5564  5555    -1
12709   5560  5562  5549    -1
12710   5577  5584  5575    -1
12711   5586  5588  5579    -1
12712   5582  5586  5575    -1
12713   5601  5624  5599    -1
12714   5626  5628  5603    -1
12715   5617  5632  5615    -1
12716   5634  5636  5619    -1
12717   5615  5630  5601    -1
12718   5628  5634  5605    -1
12719   5599  5622  5577    -1
12720   5588  5626  5581    -1
12721   5564  5632  5557    -1
12722   5640  5641  5638    -1
12723   5639  5643  5638    -1
12724   5644  5645  5640    -1
12725   5648  5649  5646    -1
12726   5647  5651  5646    -1
12727   5652  5653  5648    -1
12728   5655  5657  5654    -1
12729   5659  5661  5658    -1
12730   5643  5655  5642    -1
12731   5651  5659  5650    -1
12732   5641  5648  5639    -1
12733   5646  5650  5639    -1
12734   5645  5652  5641    -1
12735   5658  5660  5655    -1
12736   5650  5658  5643    -1
12737   5663  5662  5665    -1
12738   5663  5667  5662    -1
12739   5668  5669  5664    -1
12740   5665  5673  5667    -1
12741   5671  5673  5670    -1
12742   5667  5671  5666    -1
12743   5665  5669  5673    -1
12744   5676  5677  5674    -1
12745   5680  5681  5678    -1
12746   5689  5691  5688    -1
12747   5687  5689  5686    -1
12748   5695  5697  5694    -1
12749   5693  5695  5692    -1
12750   5700  5701  5698    -1
12751   5704  5705  5702    -1
12752   5698  5699  5682    -1
12753   5702  5703  5684    -1
12754   5682  5683  5676    -1
12755   5684  5685  5680    -1
12756   5677  5680  5675    -1
12757   5694  5696  5689    -1
12758   5692  5694  5687    -1
12759   5701  5704  5699    -1
12760   5683  5684  5677    -1
12761   5699  5702  5683    -1
12762   5709  5707  5708    -1
12763   5718  5717  5716    -1
12764   5716  5715  5713    -1
12765   5718  5716  5714    -1
12766   5722  5720  5721    -1
12767   5724  5723  5722    -1
12768   5709  5714  5707    -1
12769   5719  5720  5710    -1
12770   5711  5709  5710    -1
12771   5720  5723  5714    -1
12772   5720  5714  5711    -1
12773   5674  5675  5644    -1
12774   5657  5687  5656    -1
12775   5678  5679  5652    -1
12776   5661  5693  5660    -1
12777   5675  5678  5645    -1
12778   5660  5692  5657    -1
12779   5669  5668  5707    -1
12780   5673  5713  5672    -1
12781   5713  5673  5707    -1
12782   5649  5664  5647    -1
12783   5662  5666  5647    -1
12784   5653  5668  5649    -1
12785   5670  5672  5659    -1
12786   5666  5670  5651    -1
12787   5681  5708  5679    -1
12788   5715  5717  5695    -1
12789   5712  5715  5693    -1
12790   5705  5721  5703    -1
12791   5685  5710  5681    -1
12792   5703  5719  5685    -1
12793   5679  5706  5653    -1
12794   5672  5712  5661    -1
12795   5517  5543  5516    -1
12796   5521  5547  5520    -1
12797   5520  5546  5517    -1
12798   5541  5559  5540    -1
12799   5540  5558  5521    -1
12800   5726  5728  5725    -1
12801   5730  5732  5729    -1
12802   5735  5736  5733    -1
12803   5739  5740  5737    -1
12804   5742  5744  5741    -1
12805   5746  5748  5745    -1
12806   5751  5752  5749    -1
12807   5755  5756  5753    -1
12808   5728  5742  5727    -1
12809   5732  5746  5731    -1
12810   5749  5750  5735    -1
12811   5753  5754  5739    -1
12812   5729  5731  5726    -1
12813   5736  5739  5734    -1
12814   5745  5747  5742    -1
12815   5752  5755  5750    -1
12816   5731  5745  5728    -1
12817   5750  5753  5736    -1
12818   5758  5760  5757    -1
12819   5765  5766  5762    -1
12820   5763  5766  5761    -1
12821   5768  5770  5767    -1
12822   5775  5776  5772    -1
12823   5776  5774  5773    -1
12824   5760  5768  5759    -1
12825   5772  5773  5765    -1
12826   5766  5773  5764    -1
12827   5761  5764  5758    -1
12828   5771  5774  5768    -1
12829   5764  5771  5760    -1
12830   5779  5780  5777    -1
12831   5783  5784  5781    -1
12832   5790  5792  5789    -1
12833   5786  5790  5785    -1
12834   5791  5792  5787    -1
12835   5798  5800  5797    -1
12836   5794  5798  5793    -1
12837   5799  5800  5795    -1
12838   5778  5786  5777    -1
12839   5782  5794  5781    -1
12840   5780  5783  5778    -1
12841   5797  5799  5790    -1
12842   5793  5797  5786    -1
12843   5792  5799  5788    -1
12844   5781  5793  5778    -1
12845   5802  5801  5804    -1
12846   5810  5812  5809    -1
12847   5809  5805  5810    -1
12848   5812  5808  5811    -1
12849   5802  5808  5812    -1
12850   5805  5801  5806    -1
12851   5804  5808  5802    -1
12852   5815  5816  5813    -1
12853   5814  5818  5813    -1
12854   5821  5822  5819    -1
12855   5820  5824  5819    -1
12856   5826  5828  5825    -1
12857   5830  5832  5829    -1
12858   5834  5836  5833    -1
12859   5838  5840  5837    -1
12860   5841  5842  5825    -1
12861   5843  5844  5829    -1
12862   5836  5842  5835    -1
12863   5840  5844  5839    -1
12864   5816  5821  5814    -1
12865   5819  5823  5814    -1
12866   5829  5831  5826    -1
12867   5837  5839  5834    -1
12868   5839  5843  5836    -1
12869   5842  5843  5826    -1
12870   5848  5846  5847    -1
12871   5849  5845  5850    -1
12872   5848  5851  5846    -1
12873   5857  5856  5855    -1
12874   5853  5857  5852    -1
12875   5861  5860  5859    -1
12876   5861  5859  5851    -1
12877   5863  5855  5862    -1
12878   5855  5851  5852    -1
12879   5863  5862  5861    -1
12880   5855  5863  5851    -1
12881   5744  5816  5743    -1
12882   5748  5822  5747    -1
12883   5747  5821  5744    -1
12884   5848  5847  5770    -1
12885   5853  5852  5776    -1
12886   5852  5848  5774    -1
12887   5817  5818  5779    -1
12888   5788  5834  5787    -1
12889   5823  5824  5783    -1
12890   5796  5838  5795    -1
12891   5818  5823  5780    -1
12892   5795  5837  5788    -1
12893   5804  5803  5850    -1
12894   5808  5859  5807    -1
12895   5850  5859  5804    -1
12896   5757  5759  5730    -1
12897   5740  5765  5738    -1
12898   5767  5769  5746    -1
12899   5756  5775  5754    -1
12900   5759  5767  5732    -1
12901   5754  5772  5740    -1
12902   5784  5803  5782    -1
12903   5809  5811  5798    -1
12904   5805  5809  5794    -1
12905   5800  5811  5796    -1
12906   5801  5805  5782    -1
12907   5822  5847  5820    -1
12908   5845  5849  5820    -1
12909   5854  5856  5830    -1
12910   5858  5860  5838    -1
12911   5860  5862  5840    -1
12912   5844  5862  5830    -1
12913   5824  5849  5784    -1
12914   5807  5858  5796    -1
12915   5769  5847  5748    -1
12916   5866  5867  5864    -1
12917   5865  5869  5864    -1
12918   5874  5875  5872    -1
12919   5873  5877  5872    -1
12920   5881  5885  5880    -1
12921   5886  5887  5882    -1
12922   5889  5893  5888    -1
12923   5894  5895  5890    -1
12924   5869  5881  5868    -1
12925   5882  5883  5870    -1
12926   5877  5889  5876    -1
12927   5890  5891  5878    -1
12928   5867  5874  5865    -1
12929   5872  5876  5865    -1
12930   5888  5892  5881    -1
12931   5887  5894  5883    -1
12932   5876  5888  5869    -1
12933   5883  5890  5871    -1
12934   5898  5899  5896    -1
12935   5900  5896  5901    -1
12936   5899  5903  5897    -1
12937   5908  5904  5909    -1
12938   5910  5911  5906    -1
12939   5907  5911  5905    -1
12940   5904  5900  5905    -1
12941   5906  5907  5902    -1
12942   5903  5907  5901    -1
12943   5914  5915  5912    -1
12944   5920  5921  5918    -1
12945   5926  5927  5924    -1
12946   5925  5929  5924    -1
12947   5932  5933  5930    -1
12948   5931  5935  5930    -1
12949   5940  5941  5938    -1
12950   5937  5941  5936    -1
12951   5946  5947  5944    -1
12952   5943  5947  5942    -1
12953   5951  5953  5950    -1
12954   5952  5953  5948    -1
12955   5957  5959  5956    -1
12956   5958  5959  5954    -1
12957   5917  5937  5916    -1
12958   5923  5943  5922    -1
12959   5928  5929  5916    -1
12960   5934  5935  5922    -1
12961   5915  5920  5913    -1
12962   5927  5932  5925    -1
12963   5930  5934  5925    -1
12964   5941  5946  5939    -1
12965   5942  5946  5937    -1
12966   5956  5958  5951    -1
12967   5953  5958  5949    -1
12968   5929  5934  5917    -1
12969   5922  5942  5917    -1
12970   5962  5963  5960    -1
12971   5969  5967  5968    -1
12972   5970  5966  5971    -1
12973   5969  5972  5967    -1
12974   5978  5976  5977    -1
12975   5977  5973  5978    -1
12976   5985  5984  5983    -1
12977   5984  5985  5980    -1
12978   5981  5985  5979    -1
12979   5973  5964  5974    -1
12980   5981  5979  5972    -1
12981   5971  5965  5970    -1
12982   5979  5983  5974    -1
12983   5971  5979  5965    -1
12984   5991  5993  5990    -1
12985   5987  5991  5986    -1
12986   5999  6001  5998    -1
12987   5995  5999  5994    -1
12988   6004  6005  6002    -1
12989   6008  6009  6006    -1
12990   5998  6000  5991    -1
12991   5994  5998  5987    -1
12992   6005  6008  6003    -1
12993   6017  6016  6015    -1
12994   6015  6014  6011    -1
12995   6017  6015  6013    -1
12996   6020  6021  6018    -1
12997   6027  6029  6026    -1
12998   6028  6029  6024    -1
12999   6035  6037  6034    -1
13000   6036  6037  6032    -1
13001   6044  6045  6042    -1
13002   6048  6049  6046    -1
13003   6052  6053  6050    -1
13004   6056  6057  6054    -1
13005   6025  6039  6024    -1
13006   6050  6051  6044    -1
13007   6033  6041  6032    -1
13008   6054  6055  6048    -1
13009   6034  6036  6027    -1
13010   6029  6036  6025    -1
13011   6045  6048  6043    -1
13012   6053  6056  6051    -1
13013   6032  6040  6025    -1
13014   6051  6054  6045    -1
13015   6063  6065  6062    -1
13016   6064  6065  6060    -1
13017   5976  6061  6065    -1
13018   6070  6071  6068    -1
13019   6074  6075  6072    -1
13020   6067  6066  6061    -1
13021   6072  6073  6070    -1
13022   5885  5987  5884    -1
13023   5988  5989  5886    -1
13024   5893  5995  5892    -1
13025   5996  5997  5894    -1
13026   5892  5994  5885    -1
13027   5989  5996  5887    -1
13028   6011  6010  5909    -1
13029   6012  6013  5910    -1
13030   6013  6011  5911    -1
13031   5939  6023  5938    -1
13032   5945  6031  5944    -1
13033   6038  6039  5950    -1
13034   6040  6041  5956    -1
13035   5944  6030  5939    -1
13036   6039  6040  5951    -1
13037   6058  5975  6059    -1
13038   5976  6067  6061    -1
13039   6066  6067  5982    -1
13040   5983  6067  5978    -1
13041   5912  5913  5866    -1
13042   5871  5915  5870    -1
13043   5918  5919  5874    -1
13044   5879  5921  5878    -1
13045   5913  5918  5867    -1
13046   5878  5920  5871    -1
13047   6022  6023  5988    -1
13048   5993  6027  5992    -1
13049   6042  6043  6004    -1
13050   6030  6031  5996    -1
13051   6001  6035  6000    -1
13052   6046  6047  6008    -1
13053   6023  6030  5989    -1
13054   6000  6034  5993    -1
13055   6043  6046  6005    -1
13056   5899  5898  5961    -1
13057   5963  5962  5903    -1
13058   5961  5963  5899    -1
13059   6059  6013  6058    -1
13060   6063  6062  6017    -1
13061   6063  6017  6059    -1
13062   6068  6069  6020    -1
13063   5875  5898  5873    -1
13064   5896  5900  5873    -1
13065   5904  5908  5889    -1
13066   5895  5910  5891    -1
13067   5900  5904  5877    -1
13068   5891  5906  5879    -1
13069   5921  5962  5919    -1
13070   5933  5968  5931    -1
13071   5966  5970  5931    -1
13072   5947  5977  5945    -1
13073   5973  5977  5943    -1
13074   5982  5984  5957    -1
13075   5959  5984  5955    -1
13076   5935  5970  5923    -1
13077   5964  5973  5923    -1
13078   6014  6016  5999    -1
13079   6010  6014  5995    -1
13080   6009  6020  6007    -1
13081   6062  6064  6035    -1
13082   6037  6064  6033    -1
13083   6049  6070  6047    -1
13084   6057  6074  6055    -1
13085   6060  6066  6033    -1
13086   6055  6072  6049    -1
13087   5919  5960  5875    -1
13088   5902  5962  5879    -1
13089   6031  6058  5997    -1
13090   6016  6062  6001    -1
13091   6047  6068  6009    -1
13092   5908  6010  5893    -1
13093   5997  6012  5895    -1
13094   5975  6058  5945    -1
13095   6041  6066  5957    -1
13096   6079  6081  6078    -1
13097   6077  6079  6076    -1
13098   6085  6087  6084    -1
13099   6083  6085  6082    -1
13100   6090  6091  6088    -1
13101   6094  6095  6092    -1
13102   6084  6086  6079    -1
13103   6082  6084  6077    -1
13104   6091  6094  6089    -1
13105   6100  6102  6099    -1
13106   6097  6100  6096    -1
13107   6098  6102  6097    -1
13108   6104  6103  6106    -1
13109   6108  6110  6107    -1
13110   6112  6114  6111    -1
13111   6116  6118  6115    -1
13112   6120  6122  6119    -1
13113   6125  6126  6123    -1
13114   6129  6130  6127    -1
13115   6110  6116  6109    -1
13116   6114  6120  6113    -1
13117   6111  6113  6108    -1
13118   6119  6121  6116    -1
13119   6126  6129  6124    -1
13120   6113  6119  6110    -1
13121   6134  6136  6133    -1
13122   6132  6136  6131    -1
13123   6140  6142  6139    -1
13124   6138  6142  6137    -1
13125   6146  6144  6145    -1
13126   6136  6140  6135    -1
13127   6137  6140  6132    -1
13128   6148  6152  6147    -1
13129   6153  6154  6149    -1
13130   6156  6160  6155    -1
13131   6161  6162  6157    -1
13132   6164  6168  6163    -1
13133   6170  6174  6169    -1
13134   6152  6164  6151    -1
13135   6165  6166  6153    -1
13136   6160  6170  6159    -1
13137   6171  6172  6161    -1
13138   6155  6159  6148    -1
13139   6154  6161  6150    -1
13140   6169  6173  6164    -1
13141   6159  6169  6152    -1
13142   6166  6171  6154    -1
13143   6180  6179  6176    -1
13144   6177  6181  6178    -1
13145   6178  6182  6176    -1
13146   6187  6183  6188    -1
13147   6186  6189  6184    -1
13148   6184  6183  6180    -1
13149   6185  6186  6181    -1
13150   6186  6184  6182    -1
13151   6191  6193  6190    -1
13152   6193  6195  6192    -1
13153   6197  6199  6196    -1
13154   6199  6201  6198    -1
13155   6204  6205  6202    -1
13156   6208  6209  6206    -1
13157   6212  6213  6210    -1
13158   6216  6217  6214    -1
13159   6220  6221  6218    -1
13160   6224  6225  6222    -1
13161   6195  6213  6194    -1
13162   6201  6217  6200    -1
13163   6218  6219  6204    -1
13164   6222  6223  6208    -1
13165   6202  6203  6192    -1
13166   6206  6207  6198    -1
13167   6196  6198  6191    -1
13168   6198  6200  6193    -1
13169   6205  6208  6203    -1
13170   6213  6216  6211    -1
13171   6221  6224  6219    -1
13172   6203  6206  6193    -1
13173   6200  6216  6195    -1
13174   6219  6222  6205    -1
13175   6227  6229  6226    -1
13176   6231  6230  6229    -1
13177   6234  6235  6232    -1
13178   6238  6239  6236    -1
13179   6239  6241  6237    -1
13180   6243  6242  6245    -1
13181   6245  6247  6243    -1
13182   6239  6238  6231    -1
13183   6242  6243  6234    -1
13184   6233  6229  6232    -1
13185   6235  6231  6233    -1
13186   6243  6246  6239    -1
13187   6243  6239  6235    -1
13188   6089  6148  6088    -1
13189   6093  6156  6092    -1
13190   6092  6155  6089    -1
13191   6176  6175  6104    -1
13192   6106  6178  6104    -1
13193   6192  6193  6125    -1
13194   6198  6199  6129    -1
13195   6193  6198  6126    -1
13196   6229  6146  6228    -1
13197   6229  6227  6146    -1
13198   6081  6108  6080    -1
13199   6123  6124  6090    -1
13200   6087  6112  6086    -1
13201   6127  6128  6094    -1
13202   6086  6111  6081    -1
13203   6124  6127  6091    -1
13204   6150  6191  6149    -1
13205   6210  6211  6165    -1
13206   6158  6197  6157    -1
13207   6214  6215  6171    -1
13208   6157  6196  6150    -1
13209   6211  6214  6166    -1
13210   6102  6134  6101    -1
13211   6131  6134  6098    -1
13212   6106  6105  6144    -1
13213   6178  6227  6177    -1
13214   6236  6237  6185    -1
13215   6240  6189  6237    -1
13216   6099  6101  6085    -1
13217   6096  6099  6083    -1
13218   6095  6105  6093    -1
13219   6133  6135  6112    -1
13220   6139  6141  6120    -1
13221   6130  6145  6128    -1
13222   6135  6139  6114    -1
13223   6175  6179  6156    -1
13224   6162  6181  6158    -1
13225   6183  6187  6170    -1
13226   6179  6183  6160    -1
13227   6172  6185  6162    -1
13228   6226  6228  6197    -1
13229   6228  6230  6199    -1
13230   6209  6234  6207    -1
13231   6217  6238  6215    -1
13232   6225  6244  6223    -1
13233   6207  6232  6199    -1
13234   6230  6238  6201    -1
13235   6223  6242  6209    -1
13236   6101  6133  6087    -1
13237   6128  6143  6095    -1
13238   6177  6226  6158    -1
13239   6215  6236  6172    -1
13240   6103  6175  6093    -1
13241   6199  6228  6130    -1
13242   6144  6227  6106    -1
13243   6253  6255  6252    -1
13244   6249  6253  6248    -1
13245   6254  6255  6250    -1
13246   6261  6263  6260    -1
13247   6257  6261  6256    -1
13248   6262  6263  6258    -1
13249   6260  6262  6253    -1
13250   6256  6260  6249    -1
13251   6255  6262  6251    -1
13252   6269  6271  6268    -1
13253   6268  6264  6269    -1
13254   6270  6271  6266    -1
13255   6271  6269  6267    -1
13256   6273  6275  6272    -1
13257   6277  6279  6276    -1
13258   6281  6283  6280    -1
13259   6285  6287  6284    -1
13260   6275  6281  6274    -1
13261   6279  6285  6278    -1
13262   6276  6278  6273    -1
13263   6284  6286  6281    -1
13264   6278  6284  6275    -1
13265   6289  6291  6288    -1
13266   6295  6294  6293    -1
13267   6291  6293  6290    -1
13268   6251  6273  6250    -1
13269   6259  6277  6258    -1
13270   6258  6276  6251    -1
13271   6267  6289  6266    -1
13272   6268  6270  6261    -1
13273   6264  6268  6257    -1
13274   6263  6270  6259    -1
13275   6288  6290  6277    -1
13276   6292  6294  6285    -1
13277   6290  6292  6279    -1
13278   6266  6288  6259    -1
13279   6168  6249  6167    -1
13280   6174  6257  6173    -1
13281   6173  6256  6168    -1
13282   6264  6187  6265    -1
13283   6184  6189  6267    -1
13284   6241  6291  6240    -1
13285   6295  6293  6247    -1
13286   6246  6293  6241    -1
13287   6187  6264  6174    -1
13288   6240  6289  6189    -1
13289   6003  6077  6002    -1
13290   6007  6083  6006    -1
13291   6006  6082  6003    -1
13292   6019  6097  6018    -1
13293   6021  6098  6019    -1
13294   6071  6132  6069    -1
13295   6075  6138  6073    -1
13296   6073  6137  6071    -1
13297   6018  6096  6007    -1
13298   6069  6131  6021    -1
13299   5691  5726  5690    -1
13300   5697  5730  5696    -1
13301   5696  5729  5691    -1
13302   5718  5758  5717    -1
13303   5724  5763  5723    -1
13304   5723  5761  5718    -1
13305   5717  5757  5697    -1
13306   6298  6299  6296    -1
13307   6302  6303  6300    -1
13308   6300  6301  6298    -1
13309   6306  6307  6304    -1
13310   6310  6311  6308    -1
13311   6314  6315  6312    -1
13312   6318  6319  6316    -1
13313   6312  6313  6306    -1
13314   6316  6317  6310    -1
13315   6307  6310  6305    -1
13316   6315  6318  6313    -1
13317   6313  6316  6307    -1
13318   6322  6323  6320    -1
13319   6326  6327  6324    -1
13320   6330  6331  6328    -1
13321   6327  6330  6325    -1
13322   6333  6335  6332    -1
13323   6336  6337  6332    -1
13324   6339  6341  6338    -1
13325   6347  6345  6346    -1
13326   6345  6343  6344    -1
13327   6343  6337  6342    -1
13328   6335  6339  6334    -1
13329   6351  6353  6350    -1
13330   6354  6355  6350    -1
13331   6357  6359  6356    -1
13332   6360  6361  6356    -1
13333   6363  6365  6362    -1
13334   6367  6369  6366    -1
13335   6374  6375  6372    -1
13336   6372  6373  6370    -1
13337   6380  6381  6378    -1
13338   6378  6379  6376    -1
13339   6370  6371  6354    -1
13340   6376  6377  6360    -1
13341   6353  6363  6352    -1
13342   6359  6367  6358    -1
13343   6356  6358  6351    -1
13344   6355  6360  6351    -1
13345   6366  6368  6363    -1
13346   6375  6380  6373    -1
13347   6373  6378  6371    -1
13348   6358  6366  6353    -1
13349   6371  6376  6355    -1
13350   6390  6386  6391    -1
13351   6392  6393  6388    -1
13352   6388  6386  6392    -1
13353   6399  6398  6395    -1
13354   6400  6401  6396    -1
13355   6396  6394  6400    -1
13356   6395  6394  6391    -1
13357   6396  6397  6392    -1
13358   6396  6392  6394    -1
13359   6403  6407  6402    -1
13360   6408  6409  6404    -1
13361   6411  6415  6410    -1
13362   6416  6417  6412    -1
13363   6419  6423  6418    -1
13364   6424  6425  6420    -1
13365   6427  6431  6426    -1
13366   6432  6433  6428    -1
13367   6407  6419  6406    -1
13368   6420  6421  6408    -1
13369   6415  6427  6414    -1
13370   6428  6429  6416    -1
13371   6410  6414  6403    -1
13372   6409  6416  6405    -1
13373   6426  6430  6419    -1
13374   6425  6432  6421    -1
13375   6414  6426  6407    -1
13376   6421  6428  6409    -1
13377   6334  6298  6332    -1
13378   6338  6340  6300    -1
13379   6334  6338  6298    -1
13380   6388  6389  6322    -1
13381   6322  6320  6388    -1
13382   6404  6405  6326    -1
13383   6412  6413  6330    -1
13384   6405  6412  6327    -1
13385   6320  6321  6302    -1
13386   6387  6386  6341    -1
13387   6399  6349  6398    -1
13388   6324  6325  6314    -1
13389   6328  6329  6318    -1
13390   6325  6328  6315    -1
13391   6365  6403  6364    -1
13392   6422  6423  6382    -1
13393   6369  6411  6368    -1
13394   6430  6431  6384    -1
13395   6368  6410  6365    -1
13396   6423  6430  6383    -1
13397   6299  6306  6297    -1
13398   6303  6314  6301    -1
13399   6301  6312  6299    -1
13400   6323  6326  6321    -1
13401   6350  6352  6333    -1
13402   6337  6354  6333    -1
13403   6362  6364  6339    -1
13404   6347  6374  6345    -1
13405   6345  6372  6343    -1
13406   6352  6362  6335    -1
13407   6343  6370  6337    -1
13408   6402  6406  6387    -1
13409   6393  6408  6389    -1
13410   6418  6422  6395    -1
13411   6401  6424  6397    -1
13412   6406  6418  6391    -1
13413   6397  6420  6393    -1
13414   6321  6324  6303    -1
13415   6364  6402  6341    -1
13416   6399  6422  6349    -1
13417   6389  6404  6323    -1
13418   6320  6302  6386    -1
13419   6435  6434  6439    -1
13420   6443  6441  6442    -1
13421   6442  6440  6445    -1
13422   6449  6448  6447    -1
13423   6451  6453  6450    -1
13424   6446  6437  6447    -1
13425   6448  6439  6446    -1
13426   6445  6444  6452    -1
13427   6441  6436  6440    -1
13428   6444  6440  6439    -1
13429   6451  6450  6449    -1
13430   6450  6444  6448    -1
13431   6464  6465  6462    -1
13432   6468  6469  6466    -1
13433   6471  6473  6470    -1
13434   6475  6477  6474    -1
13435   6479  6481  6478    -1
13436   6483  6485  6482    -1
13437   6457  6471  6456    -1
13438   6461  6475  6460    -1
13439   6462  6463  6454    -1
13440   6473  6479  6472    -1
13441   6466  6467  6458    -1
13442   6477  6483  6476    -1
13443   6465  6468  6463    -1
13444   6473  6471  6476    -1
13445   6482  6484  6479    -1
13446   6463  6466  6455    -1
13447   6476  6482  6473    -1
13448   6460  6474  6457    -1
13449   6490  6492  6489    -1
13450   6491  6492  6487    -1
13451   6487  6486  6491    -1
13452   6493  6494  6489    -1
13453   6498  6500  6497    -1
13454   6499  6500  6495    -1
13455   6504  6506  6503    -1
13456   6505  6506  6501    -1
13457   6507  6508  6497    -1
13458   6509  6510  6503    -1
13459   6503  6505  6498    -1
13460   6500  6505  6496    -1
13461   6508  6509  6498    -1
13462   6513  6514  6511    -1
13463   6516  6518  6515    -1
13464   6517  6513  6515    -1
13465   6521  6522  6519    -1
13466   6524  6526  6523    -1
13467   6523  6525  6519    -1
13468   6529  6530  6527    -1
13469   6527  6528  6515    -1
13470   6519  6520  6513    -1
13471   6518  6524  6517    -1
13472   6517  6523  6513    -1
13473   6533  6534  6531    -1
13474   6536  6538  6535    -1
13475   6541  6542  6539    -1
13476   6544  6546  6543    -1
13477   6549  6550  6547    -1
13478   6552  6554  6551    -1
13479   6557  6558  6555    -1
13480   6560  6562  6559    -1
13481   6565  6566  6563    -1
13482   6569  6570  6567    -1
13483   6563  6564  6535    -1
13484   6567  6568  6543    -1
13485   6547  6548  6533    -1
13486   6538  6552  6537    -1
13487   6555  6556  6541    -1
13488   6546  6560  6545    -1
13489   6534  6541  6532    -1
13490   6543  6545  6536    -1
13491   6550  6557  6548    -1
13492   6559  6561  6552    -1
13493   6566  6569  6564    -1
13494   6548  6555  6534    -1
13495   6545  6559  6538    -1
13496   6564  6567  6536    -1
13497   6573  6574  6571    -1
13498   6576  6578  6575    -1
13499   6577  6578  6573    -1
13500   6575  6577  6571    -1
13501   6581  6582  6579    -1
13502   6584  6586  6583    -1
13503   6585  6586  6581    -1
13504   6589  6590  6587    -1
13505   6592  6594  6591    -1
13506   6593  6594  6589    -1
13507   6582  6589  6580    -1
13508   6591  6593  6584    -1
13509   6586  6593  6582    -1
13510   6489  6486  6445    -1
13511   6453  6494  6452    -1
13512   6489  6445  6493    -1
13513   6571  6572  6521    -1
13514   6526  6576  6525    -1
13515   6525  6575  6521    -1
13516   6481  6508  6480    -1
13517   6485  6510  6484    -1
13518   6484  6509  6481    -1
13519   6579  6580  6549    -1
13520   6554  6584  6553    -1
13521   6587  6588  6557    -1
13522   6562  6592  6561    -1
13523   6580  6587  6550    -1
13524   6561  6591  6554    -1
13525   6443  6464  6441    -1
13526   6470  6472  6447    -1
13527   6478  6480  6451    -1
13528   6441  6462  6436    -1
13529   6472  6478  6449    -1
13530   6456  6470  6438    -1
13531   6497  6499  6490    -1
13532   6492  6499  6488    -1
13533   6494  6507  6490    -1
13534   6514  6533  6512    -1
13535   6535  6537  6516    -1
13536   6522  6549  6520    -1
13537   6551  6553  6524    -1
13538   6530  6565  6528    -1
13539   6520  6547  6514    -1
13540   6537  6551  6518    -1
13541   6528  6563  6516    -1
13542   6574  6581  6572    -1
13543   6583  6585  6576    -1
13544   6578  6585  6574    -1
13545   6480  6507  6453    -1
13546   6572  6579  6522    -1
13547   6553  6583  6526    -1
13548   6435  6436  6346    -1
13549   6435  6346  6434    -1
13550   6442  6348  6443    -1
13551   6454  6455  6374    -1
13552   6458  6459  6380    -1
13553   6383  6465  6382    -1
13554   6385  6469  6384    -1
13555   6455  6458  6375    -1
13556   6384  6468  6383    -1
13557   6487  6488  6400    -1
13558   6487  6400  6486    -1
13559   6495  6496  6424    -1
13560   6501  6502  6432    -1
13561   6496  6501  6425    -1
13562   6436  6454  6347    -1
13563   6382  6464  6349    -1
13564   6488  6495  6401    -1
13565   6398  6348  6486    -1
13566   6597  6598  6595    -1
13567   6601  6602  6599    -1
13568   6599  6600  6597    -1
13569   6605  6606  6603    -1
13570   6609  6610  6607    -1
13571   6613  6614  6611    -1
13572   6617  6618  6615    -1
13573   6611  6612  6605    -1
13574   6615  6616  6609    -1
13575   6606  6609  6604    -1
13576   6614  6617  6612    -1
13577   6612  6615  6606    -1
13578   6620  6619  6622    -1
13579   6624  6626  6623    -1
13580   6621  6619  6625    -1
13581   6629  6630  6627    -1
13582   6632  6634  6631    -1
13583   6631  6633  6627    -1
13584   6627  6628  6621    -1
13585   6626  6632  6625    -1
13586   6625  6631  6621    -1
13587   6637  6638  6635    -1
13588   6640  6642  6639    -1
13589   6645  6646  6643    -1
13590   6648  6650  6647    -1
13591   6653  6654  6651    -1
13592   6656  6658  6655    -1
13593   6661  6662  6659    -1
13594   6664  6666  6663    -1
13595   6651  6652  6637    -1
13596   6642  6656  6641    -1
13597   6659  6660  6645    -1
13598   6650  6664  6649    -1
13599   6638  6645  6636    -1
13600   6647  6649  6640    -1
13601   6654  6661  6652    -1
13602   6663  6665  6656    -1
13603   6652  6659  6638    -1
13604   6649  6663  6642    -1
13605   6669  6670  6667    -1
13606   6672  6674  6671    -1
13607   6673  6674  6669    -1
13608   6671  6673  6667    -1
13609   6677  6678  6675    -1
13610   6680  6682  6679    -1
13611   6681  6682  6677    -1
13612   6685  6686  6683    -1
13613   6688  6690  6687    -1
13614   6689  6690  6685    -1
13615   6678  6685  6676    -1
13616   6687  6689  6680    -1
13617   6682  6689  6678    -1
13618   6620  6602  6619    -1
13619   6635  6636  6613    -1
13620   6643  6644  6617    -1
13621   6636  6643  6614    -1
13622   6667  6668  6629    -1
13623   6634  6672  6633    -1
13624   6633  6671  6629    -1
13625   6675  6676  6653    -1
13626   6658  6680  6657    -1
13627   6683  6684  6661    -1
13628   6666  6688  6665    -1
13629   6676  6683  6654    -1
13630   6665  6687  6658    -1
13631   6598  6605  6596    -1
13632   6602  6613  6600    -1
13633   6600  6611  6598    -1
13634   6622  6637  6620    -1
13635   6639  6641  6624    -1
13636   6630  6653  6628    -1
13637   6655  6657  6632    -1
13638   6628  6651  6622    -1
13639   6641  6655  6626    -1
13640   6670  6677  6668    -1
13641   6679  6681  6672    -1
13642   6674  6681  6670    -1
13643   6668  6675  6630    -1
13644   6657  6679  6634    -1
13645   6620  6635  6602    -1
13646   6694  6693  6696    -1
13647   6694  6692  6693    -1
13648   6696  6695  6698    -1
13649   6703  6704  6701    -1
13650   6701  6702  6699    -1
13651   6709  6710  6707    -1
13652   6707  6708  6705    -1
13653   6711  6712  6703    -1
13654   6713  6714  6709    -1
13655   6704  6709  6702    -1
13656   6702  6707  6700    -1
13657   6712  6713  6704    -1
13658   6696  6703  6694    -1
13659   6694  6701  6692    -1
13660   6698  6711  6696    -1
13661   6595  6596  6529    -1
13662   6603  6604  6565    -1
13663   6607  6608  6569    -1
13664   6604  6607  6566    -1
13665   6596  6603  6530    -1
13666   6716  6718  6715    -1
13667   6719  6717  6720    -1
13668   6724  6722  6723    -1
13669   6728  6727  6726    -1
13670   6727  6723  6725    -1
13671   6732  6730  6731    -1
13672   6734  6733  6730    -1
13673   6731  6729  6735    -1
13674   6737  6736  6739    -1
13675   6741  6743  6740    -1
13676   6738  6736  6742    -1
13677   6739  6738  6728    -1
13678   6720  6726  6719    -1
13679   6725  6721  6719    -1
13680   6737  6732  6736    -1
13681   6740  6736  6735    -1
13682   6745  6747  6744    -1
13683   6747  6749  6746    -1
13684   6751  6753  6750    -1
13685   6753  6755  6752    -1
13686   6758  6759  6756    -1
13687   6761  6763  6760    -1
13688   6766  6767  6764    -1
13689   6769  6771  6768    -1
13690   6774  6775  6772    -1
13691   6773  6777  6772    -1
13692   6780  6781  6778    -1
13693   6779  6783  6778    -1
13694   6786  6787  6784    -1
13695   6789  6791  6788    -1
13696   6794  6795  6792    -1
13697   6797  6799  6796    -1
13698   6763  6787  6762    -1
13699   6771  6795  6770    -1
13700   6749  6761  6748    -1
13701   6784  6785  6774    -1
13702   6755  6769  6754    -1
13703   6792  6793  6780    -1
13704   6750  6752  6745    -1
13705   6752  6754  6747    -1
13706   6759  6766  6757    -1
13707   6768  6770  6761    -1
13708   6775  6780  6773    -1
13709   6778  6782  6773    -1
13710   6787  6794  6785    -1
13711   6796  6798  6789    -1
13712   6754  6768  6749    -1
13713   6785  6792  6775    -1
13714   6770  6794  6763    -1
13715   6801  6800  6803    -1
13716   6806  6803  6805    -1
13717   6805  6802  6804    -1
13718   6810  6809  6808    -1
13719   6811  6812  6807    -1
13720   6809  6810  6805    -1
13721   6805  6804  6809    -1
13722   6815  6816  6813    -1
13723   6817  6818  6815    -1
13724   6821  6822  6819    -1
13725   6823  6824  6821    -1
13726   6826  6828  6825    -1
13727   6829  6830  6825    -1
13728   6832  6834  6831    -1
13729   6835  6836  6831    -1
13730   6827  6828  6817    -1
13731   6833  6834  6823    -1
13732   6816  6821  6814    -1
13733   6818  6823  6816    -1
13734   6831  6833  6826    -1
13735   6830  6835  6826    -1
13736   6828  6833  6818    -1
13737   6838  6840  6837    -1
13738   6841  6842  6837    -1
13739   6840  6844  6839    -1
13740   6846  6848  6845    -1
13741   6849  6850  6845    -1
13742   6852  6854  6851    -1
13743   6855  6856  6851    -1
13744   6848  6858  6847    -1
13745   6854  6860  6853    -1
13746   6851  6853  6846    -1
13747   6850  6855  6846    -1
13748   6853  6859  6848    -1
13749   6839  6735  6837    -1
13750   6843  6844  6740    -1
13751   6740  6735  6843    -1
13752   6857  6858  6788    -1
13753   6859  6860  6796    -1
13754   6858  6859  6789    -1
13755   6724  6723  6801    -1
13756   6800  6723  6804    -1
13757   6743  6812  6742    -1
13758   6742  6811  6727    -1
13759   6807  6804  6811    -1
13760   6813  6814  6758    -1
13761   6791  6830  6790    -1
13762   6819  6820  6766    -1
13763   6799  6836  6798    -1
13764   6814  6819  6759    -1
13765   6798  6835  6791    -1
13766   6744  6746  6716    -1
13767   6746  6748  6718    -1
13768   6724  6758  6722    -1
13769   6760  6762  6726    -1
13770   6732  6774  6730    -1
13771   6772  6776  6730    -1
13772   6739  6786  6737    -1
13773   6788  6790  6741    -1
13774   6748  6760  6720    -1
13775   6737  6784  6732    -1
13776   6762  6786  6728    -1
13777   6803  6815  6801    -1
13778   6806  6817  6803    -1
13779   6825  6827  6808    -1
13780   6812  6829  6808    -1
13781   6810  6827  6806    -1
13782   6845  6847  6838    -1
13783   6842  6849  6838    -1
13784   6847  6857  6840    -1
13785   6801  6813  6724    -1
13786   6790  6829  6743    -1
13787   6844  6857  6741    -1
13788   6862  6861  6864    -1
13789   6867  6864  6866    -1
13790   6866  6863  6865    -1
13791   6872  6868  6873    -1
13792   6875  6871  6874    -1
13793   6874  6870  6872    -1
13794   6871  6867  6870    -1
13795   6870  6866  6868    -1
13796   6878  6879  6876    -1
13797   6880  6881  6878    -1
13798   6884  6885  6882    -1
13799   6886  6887  6884    -1
13800   6889  6893  6888    -1
13801   6894  6895  6890    -1
13802   6897  6901  6896    -1
13803   6902  6903  6898    -1
13804   6890  6891  6880    -1
13805   6898  6899  6886    -1
13806   6879  6884  6877    -1
13807   6881  6886  6879    -1
13808   6896  6900  6889    -1
13809   6895  6902  6891    -1
13810   6891  6898  6881    -1
13811   6909  6911  6908    -1
13812   6909  6908  6905    -1
13813   6910  6911  6906    -1
13814   6906  6904  6910    -1
13815   6914  6915  6912    -1
13816   6923  6925  6922    -1
13817   6919  6923  6918    -1
13818   6924  6925  6920    -1
13819   6931  6933  6930    -1
13820   6927  6931  6926    -1
13821   6932  6933  6928    -1
13822   6936  6937  6934    -1
13823   6940  6941  6938    -1
13824   6930  6932  6923    -1
13825   6926  6930  6919    -1
13826   6925  6932  6921    -1
13827   6937  6940  6935    -1
13828   6905  6904  6873    -1
13829   6906  6907  6874    -1
13830   6874  6872  6906    -1
13831   6893  6919  6892    -1
13832   6920  6921  6894    -1
13833   6901  6927  6900    -1
13834   6928  6929  6902    -1
13835   6900  6926  6893    -1
13836   6921  6928  6895    -1
13837   6947  6917  6946    -1
13838   6948  6949  6942    -1
13839   6950  6951  6944    -1
13840   6949  6950  6943    -1
13841   6864  6878  6862    -1
13842   6867  6880  6864    -1
13843   6888  6892  6869    -1
13844   6875  6894  6871    -1
13845   6871  6890  6867    -1
13846   6922  6924  6909    -1
13847   6918  6922  6905    -1
13848   6911  6924  6907    -1
13849   6915  6936  6913    -1
13850   6947  6948  6917    -1
13851   6892  6918  6873    -1
13852   6907  6920  6875    -1
13853   6956  6958  6955    -1
13854   6957  6958  6953    -1
13855   6955  6957  6952    -1
13856   6962  6961  6960    -1
13857   6964  6963  6966    -1
13858   6970  6972  6969    -1
13859   6971  6972  6967    -1
13860   6976  6978  6975    -1
13861   6977  6978  6973    -1
13862   6980  6982  6979    -1
13863   6984  6986  6983    -1
13864   6989  6990  6987    -1
13865   6993  6994  6991    -1
13866   6975  6977  6970    -1
13867   6972  6977  6968    -1
13868   6982  6980  6985    -1
13869   6990  6993  6988    -1
13870   6998  6996  6997    -1
13871   7001  7002  6999    -1
13872   7005  7006  7003    -1
13873   7002  7005  7000    -1
13874   7011  7007  7012    -1
13875   7014  7010  7013    -1
13876   7013  7009  7011    -1
13877   7020  7021  7017    -1
13878   7017  7015  7020    -1
13879   7015  7011  7016    -1
13880   7017  7018  7013    -1
13881   7013  7011  7017    -1
13882   7023  7027  7022    -1
13883   7028  7029  7024    -1
13884   7031  7035  7030    -1
13885   7036  7037  7032    -1
13886   7042  7043  7040    -1
13887   7048  7049  7046    -1
13888   7027  7039  7026    -1
13889   7040  7041  7028    -1
13890   7035  7045  7034    -1
13891   7046  7047  7036    -1
13892   7030  7034  7023    -1
13893   7029  7036  7025    -1
13894   7043  7048  7041    -1
13895   7034  7044  7027    -1
13896   7041  7046  7029    -1
13897   7007  6963  7008    -1
13898   7010  6966  7009    -1
13899   7009  6965  7007    -1
13900   6988  7023  6987    -1
13901   7024  7025  6989    -1
13902   6992  7031  6991    -1
13903   7032  7033  6993    -1
13904   6991  7030  6988    -1
13905   7025  7032  6990    -1
13906   6998  6997  6962    -1
13907   6997  6995  6961    -1
13908   6982  7002  6981    -1
13909   6986  7006  6985    -1
13910   6985  7005  6982    -1
13911   6969  6971  6956    -1
13912   6958  6971  6954    -1
13913   6979  6981  6960    -1
13914   6966  6989  6964    -1
13915   6998  7001  6996    -1
13916   7022  7026  7008    -1
13917   7014  7028  7010    -1
13918   7021  7042  7018    -1
13919   7026  7038  7012    -1
13920   7018  7040  7014    -1
13921   6981  7001  6962    -1
13922   6987  7022  6964    -1
13923   7010  7024  6966    -1
13924   7053  7052  7051    -1
13925   7055  7057  7054    -1
13926   7059  7061  7058    -1
13927   7058  7060  7055    -1
13928   7054  7056  7051    -1
13929   7052  7053  7020    -1
13930   7020  7019  7052    -1
13931   7056  7057  7042    -1
13932   7060  7061  7048    -1
13933   7057  7060  7043    -1
13934   7053  7056  7021    -1
13935   6953  6954  6914    -1
13936   6952  6953  6912    -1
13937   6960  6959  6917    -1
13938   6967  6968  6936    -1
13939   6973  6974  6940    -1
13940   6943  6980  6942    -1
13941   6945  6984  6944    -1
13942   6968  6973  6937    -1
13943   6944  6983  6943    -1
13944   6995  6996  6946    -1
13945   6999  7000  6948    -1
13946   7003  7004  6950    -1
13947   7000  7003  6949    -1
13948   6954  6967  6915    -1
13949   6960  6917  6979    -1
13950   6996  6999  6947    -1
13951   6946  6916  6995    -1
13952   6717  6695  6715    -1
13953   6722  6698  6721    -1
13954   6719  6721  6697    -1
13955   6756  6757  6711    -1
13956   6764  6765  6713    -1
13957   6757  6764  6712    -1
13958   6722  6756  6698    -1
13959   7064  7065  7062    -1
13960   7068  7069  7066    -1
13961   7072  7073  7070    -1
13962   7076  7077  7074    -1
13963   7070  7071  7064    -1
13964   7074  7075  7068    -1
13965   7065  7068  7063    -1
13966   7073  7076  7071    -1
13967   7071  7074  7065    -1
13968   7080  7081  7078    -1
13969   7084  7085  7082    -1
13970   7082  7083  7080    -1
13971   7088  7089  7086    -1
13972   7092  7093  7090    -1
13973   7089  7092  7087    -1
13974   7096  7097  7094    -1
13975   7099  7101  7098    -1
13976   7102  7103  7098    -1
13977   7105  7107  7104    -1
13978   7108  7109  7104    -1
13979   7111  7113  7110    -1
13980   7115  7117  7114    -1
13981   7122  7123  7120    -1
13982   7120  7121  7118    -1
13983   7128  7129  7126    -1
13984   7126  7127  7124    -1
13985   7118  7119  7102    -1
13986   7124  7125  7108    -1
13987   7101  7111  7100    -1
13988   7107  7115  7106    -1
13989   7104  7106  7099    -1
13990   7103  7108  7099    -1
13991   7114  7116  7111    -1
13992   7123  7128  7121    -1
13993   7121  7126  7119    -1
13994   7106  7114  7101    -1
13995   7119  7124  7103    -1
13996   7135  7137  7134    -1
13997   7138  7139  7134    -1
13998   7141  7143  7140    -1
13999   7147  7146  7149    -1
14000   7146  7147  7144    -1
14001   7144  7145  7138    -1
14002   7137  7141  7136    -1
14003   7153  7157  7152    -1
14004   7158  7159  7154    -1
14005   7161  7165  7160    -1
14006   7166  7167  7162    -1
14007   7169  7173  7168    -1
14008   7174  7175  7170    -1
14009   7177  7181  7176    -1
14010   7182  7183  7178    -1
14011   7157  7169  7156    -1
14012   7170  7171  7158    -1
14013   7165  7177  7164    -1
14014   7178  7179  7166    -1
14015   7160  7164  7153    -1
14016   7159  7166  7155    -1
14017   7176  7180  7169    -1
14018   7175  7182  7171    -1
14019   7164  7176  7157    -1
14020   7171  7178  7159    -1
14021   7185  7189  7184    -1
14022   7190  7191  7186    -1
14023   7187  7191  7185    -1
14024   7196  7192  7197    -1
14025   7199  7195  7198    -1
14026   7195  7199  7193    -1
14027   7192  7188  7193    -1
14028   7195  7191  7194    -1
14029   7195  7193  7191    -1
14030   7137  7135  7081    -1
14031   7085  7143  7083    -1
14032   7083  7141  7081    -1
14033   7154  7155  7088    -1
14034   7162  7163  7092    -1
14035   7155  7162  7089    -1
14036   7186  7187  7096    -1
14037   7097  7187  7095    -1
14038   7086  7087  7072    -1
14039   7090  7091  7076    -1
14040   7087  7090  7073    -1
14041   7113  7153  7112    -1
14042   7172  7173  7130    -1
14043   7117  7161  7116    -1
14044   7180  7181  7132    -1
14045   7116  7160  7113    -1
14046   7173  7180  7131    -1
14047   7094  7095  7084    -1
14048   7143  7185  7142    -1
14049   7151  7150  7197    -1
14050   7069  7080  7067    -1
14051   7077  7084  7075    -1
14052   7075  7082  7069    -1
14053   7093  7096  7091    -1
14054   7134  7136  7105    -1
14055   7109  7138  7105    -1
14056   7140  7142  7115    -1
14057   7129  7148  7127    -1
14058   7127  7146  7125    -1
14059   7136  7140  7107    -1
14060   7125  7144  7109    -1
14061   7184  7188  7161    -1
14062   7167  7190  7163    -1
14063   7192  7196  7177    -1
14064   7183  7198  7179    -1
14065   7188  7192  7165    -1
14066   7179  7194  7167    -1
14067   7091  7094  7077    -1
14068   7142  7184  7117    -1
14069   7181  7196  7133    -1
14070   7163  7186  7093    -1
14071   7095  7185  7085    -1
14072   7210  7211  7208    -1
14073   7214  7215  7212    -1
14074   7217  7219  7216    -1
14075   7221  7223  7220    -1
14076   7225  7227  7224    -1
14077   7229  7231  7228    -1
14078   7203  7217  7202    -1
14079   7207  7221  7206    -1
14080   7208  7209  7200    -1
14081   7219  7225  7218    -1
14082   7212  7213  7204    -1
14083   7223  7229  7222    -1
14084   7211  7214  7209    -1
14085   7220  7222  7217    -1
14086   7228  7230  7225    -1
14087   7209  7212  7201    -1
14088   7222  7228  7219    -1
14089   7206  7220  7203    -1
14090   7234  7237  7232    -1
14091   7241  7239  7240    -1
14092   7241  7243  7239    -1
14093   7245  7247  7244    -1
14094   7251  7250  7249    -1
14095   7245  7244  7236    -1
14096   7247  7245  7237    -1
14097   7243  7251  7242    -1
14098   7234  7233  7239    -1
14099   7242  7237  7239    -1
14100   7247  7249  7246    -1
14101   7249  7247  7242    -1
14102   7255  7257  7254    -1
14103   7256  7257  7252    -1
14104   7261  7263  7260    -1
14105   7262  7263  7258    -1
14106   7264  7265  7254    -1
14107   7266  7267  7260    -1
14108   7260  7262  7255    -1
14109   7257  7262  7253    -1
14110   7265  7266  7255    -1
14111   7274  7273  7272    -1
14112   7274  7270  7273    -1
14113   7270  7274  7268    -1
14114   7276  7272  7275    -1
14115   7279  7280  7277    -1
14116   7282  7284  7281    -1
14117   7287  7288  7285    -1
14118   7290  7292  7289    -1
14119   7295  7296  7293    -1
14120   7298  7300  7297    -1
14121   7303  7304  7301    -1
14122   7306  7308  7305    -1
14123   7311  7312  7309    -1
14124   7315  7316  7313    -1
14125   7309  7310  7281    -1
14126   7313  7314  7289    -1
14127   7293  7294  7279    -1
14128   7284  7298  7283    -1
14129   7301  7302  7287    -1
14130   7292  7306  7291    -1
14131   7280  7287  7278    -1
14132   7289  7291  7282    -1
14133   7296  7303  7294    -1
14134   7305  7307  7298    -1
14135   7312  7315  7310    -1
14136   7294  7301  7280    -1
14137   7291  7305  7284    -1
14138   7310  7313  7282    -1
14139   7319  7320  7317    -1
14140   7322  7324  7321    -1
14141   7324  7322  7320    -1
14142   7327  7328  7325    -1
14143   7330  7332  7329    -1
14144   7328  7332  7326    -1
14145   7335  7336  7333    -1
14146   7333  7334  7321    -1
14147   7325  7326  7319    -1
14148   7324  7330  7323    -1
14149   7326  7330  7320    -1
14150   7339  7340  7337    -1
14151   7342  7344  7341    -1
14152   7343  7344  7339    -1
14153   7347  7348  7345    -1
14154   7350  7352  7349    -1
14155   7351  7352  7347    -1
14156   7340  7347  7338    -1
14157   7349  7351  7342    -1
14158   7344  7351  7340    -1
14159   7355  7356  7353    -1
14160   7358  7360  7357    -1
14161   7359  7360  7355    -1
14162   7356  7360  7354    -1
14163   7227  7265  7226    -1
14164   7231  7267  7230    -1
14165   7230  7266  7227    -1
14166   7337  7338  7295    -1
14167   7300  7342  7299    -1
14168   7345  7346  7303    -1
14169   7308  7350  7307    -1
14170   7338  7345  7296    -1
14171   7307  7349  7300    -1
14172   7272  7243  7268    -1
14173   7276  7275  7251    -1
14174   7272  7276  7243    -1
14175   7353  7354  7327    -1
14176   7332  7358  7331    -1
14177   7354  7358  7328    -1
14178   7215  7240  7213    -1
14179   7244  7246  7221    -1
14180   7248  7250  7229    -1
14181   7213  7238  7205    -1
14182   7246  7248  7223    -1
14183   7235  7244  7207    -1
14184   7271  7273  7261    -1
14185   7263  7273  7259    -1
14186   7267  7275  7261    -1
14187   7288  7319  7286    -1
14188   7321  7323  7290    -1
14189   7304  7327  7302    -1
14190   7329  7331  7306    -1
14191   7316  7335  7314    -1
14192   7302  7325  7288    -1
14193   7323  7329  7292    -1
14194   7314  7333  7290    -1
14195   7348  7355  7346    -1
14196   7357  7359  7350    -1
14197   7352  7359  7348    -1
14198   7250  7275  7231    -1
14199   7346  7353  7304    -1
14200   7331  7357  7308    -1
14201   7200  7201  7122    -1
14202   7204  7205  7128    -1
14203   7131  7211  7130    -1
14204   7133  7215  7132    -1
14205   7201  7204  7123    -1
14206   7132  7214  7131    -1
14207   7234  7149  7233    -1
14208   7234  7232  7149    -1
14209   7241  7240  7151    -1
14210   7252  7253  7174    -1
14211   7258  7259  7182    -1
14212   7253  7258  7175    -1
14213   7270  7199  7269    -1
14214   7270  7268  7199    -1
14215   7205  7233  7129    -1
14216   7150  7240  7133    -1
14217   7259  7269  7183    -1
14218   7197  7268  7151    -1
14219   7363  7364  7361    -1
14220   7367  7368  7365    -1
14221   7371  7372  7369    -1
14222   7375  7376  7373    -1
14223   7369  7370  7363    -1
14224   7373  7374  7367    -1
14225   7364  7367  7362    -1
14226   7372  7375  7370    -1
14227   7370  7373  7364    -1
14228   7379  7380  7377    -1
14229   7383  7384  7381    -1
14230   7381  7382  7379    -1
14231   7387  7388  7385    -1
14232   7391  7389  7392    -1
14233   7395  7396  7393    -1
14234   7399  7397  7400    -1
14235   7403  7404  7401    -1
14236   7406  7408  7405    -1
14237   7411  7412  7409    -1
14238   7414  7416  7413    -1
14239   7401  7402  7387    -1
14240   7392  7406  7391    -1
14241   7409  7410  7395    -1
14242   7400  7414  7399    -1
14243   7388  7395  7386    -1
14244   7392  7390  7399    -1
14245   7404  7411  7402    -1
14246   7413  7415  7406    -1
14247   7402  7409  7388    -1
14248   7399  7413  7392    -1
14249   7419  7420  7417    -1
14250   7422  7424  7421    -1
14251   7420  7424  7418    -1
14252   7427  7428  7425    -1
14253   7430  7432  7429    -1
14254   7428  7432  7426    -1
14255   7425  7426  7419    -1
14256   7424  7430  7423    -1
14257   7426  7430  7420    -1
14258   7435  7436  7433    -1
14259   7438  7440  7437    -1
14260   7439  7440  7435    -1
14261   7443  7444  7441    -1
14262   7446  7448  7445    -1
14263   7447  7448  7443    -1
14264   7436  7443  7434    -1
14265   7445  7447  7438    -1
14266   7440  7447  7436    -1
14267   7451  7452  7449    -1
14268   7454  7456  7453    -1
14269   7455  7456  7451    -1
14270   7452  7456  7450    -1
14271   7385  7386  7371    -1
14272   7393  7394  7375    -1
14273   7386  7393  7372    -1
14274   7417  7418  7383    -1
14275   7433  7434  7403    -1
14276   7408  7438  7407    -1
14277   7441  7442  7411    -1
14278   7416  7446  7415    -1
14279   7434  7441  7404    -1
14280   7415  7445  7408    -1
14281   7449  7450  7427    -1
14282   7432  7454  7431    -1
14283   7450  7454  7428    -1
14284   7368  7379  7366    -1
14285   7376  7383  7374    -1
14286   7374  7381  7368    -1
14287   7396  7419  7394    -1
14288   7400  7398  7423    -1
14289   7412  7427  7410    -1
14290   7429  7431  7414    -1
14291   7410  7425  7396    -1
14292   7423  7429  7400    -1
14293   7444  7451  7442    -1
14294   7453  7455  7446    -1
14295   7448  7455  7444    -1
14296   7442  7449  7412    -1
14297   7431  7453  7416    -1
14298   7394  7417  7376    -1
14299   7461  7462  7459    -1
14300   7459  7460  7457    -1
14301   7467  7468  7465    -1
14302   7465  7466  7463    -1
14303   7469  7470  7461    -1
14304   7471  7472  7467    -1
14305   7462  7467  7460    -1
14306   7460  7465  7458    -1
14307   7470  7471  7462    -1
14308   7478  7476  7477    -1
14309   7475  7476  7473    -1
14310   7480  7478  7479    -1
14311   7468  7477  7466    -1
14312   7466  7475  7464    -1
14313   7472  7479  7468    -1
14314   7361  7362  7311    -1
14315   7365  7366  7315    -1
14316   7362  7365  7312    -1
14317   7377  7378  7335    -1
14318   7366  7377  7316    -1
14319   7482  7484  7481    -1
14320   7484  7486  7483    -1
14321   7488  7490  7487    -1
14322   7490  7492  7489    -1
14323   7495  7496  7493    -1
14324   7498  7500  7497    -1
14325   7503  7504  7501    -1
14326   7506  7508  7505    -1
14327   7511  7512  7509    -1
14328   7510  7514  7509    -1
14329   7517  7518  7515    -1
14330   7516  7520  7515    -1
14331   7523  7524  7521    -1
14332   7526  7528  7525    -1
14333   7531  7532  7529    -1
14334   7534  7536  7533    -1
14335   7500  7524  7499    -1
14336   7508  7532  7507    -1
14337   7486  7498  7485    -1
14338   7521  7522  7511    -1
14339   7492  7506  7491    -1
14340   7529  7530  7517    -1
14341   7487  7489  7482    -1
14342   7489  7491  7484    -1
14343   7496  7503  7494    -1
14344   7505  7507  7498    -1
14345   7512  7517  7510    -1
14346   7515  7519  7510    -1
14347   7524  7531  7522    -1
14348   7533  7535  7526    -1
14349   7491  7505  7486    -1
14350   7522  7529  7512    -1
14351   7507  7531  7500    -1
14352   7540  7539  7538    -1
14353   7542  7541  7540    -1
14354   7544  7543  7546    -1
14355   7548  7550  7547    -1
14356   7550  7548  7546    -1
14357   7552  7551  7554    -1
14358   7555  7551  7556    -1
14359   7554  7557  7552    -1
14360   7561  7559  7560    -1
14361   7565  7564  7563    -1
14362   7561  7565  7559    -1
14363   7560  7549  7561    -1
14364   7548  7547  7542    -1
14365   7548  7542  7544    -1
14366   7554  7553  7559    -1
14367   7563  7557  7559    -1
14368   7568  7569  7566    -1
14369   7570  7571  7568    -1
14370   7573  7572  7575    -1
14371   7576  7577  7574    -1
14372   7579  7581  7578    -1
14373   7582  7583  7578    -1
14374   7585  7587  7584    -1
14375   7588  7589  7584    -1
14376   7580  7581  7570    -1
14377   7586  7587  7576    -1
14378   7569  7574  7567    -1
14379   7571  7576  7569    -1
14380   7584  7586  7579    -1
14381   7583  7588  7579    -1
14382   7581  7586  7571    -1
14383   7593  7591  7592    -1
14384   7595  7596  7592    -1
14385   7596  7594  7593    -1
14386   7598  7600  7597    -1
14387   7602  7598  7601    -1
14388   7599  7600  7595    -1
14389   7596  7600  7594    -1
14390   7604  7606  7603    -1
14391   7607  7608  7603    -1
14392   7610  7612  7609    -1
14393   7613  7614  7609    -1
14394   7606  7616  7605    -1
14395   7612  7618  7611    -1
14396   7609  7611  7604    -1
14397   7608  7613  7604    -1
14398   7611  7617  7606    -1
14399   7622  7621  7620    -1
14400   7624  7620  7623    -1
14401   7626  7625  7622    -1
14402   7615  7616  7525    -1
14403   7617  7618  7533    -1
14404   7616  7617  7526    -1
14405   7622  7620  7557    -1
14406   7626  7563  7625    -1
14407   7563  7626  7557    -1
14408   7566  7567  7495    -1
14409   7528  7583  7527    -1
14410   7572  7573  7503    -1
14411   7536  7589  7535    -1
14412   7567  7572  7496    -1
14413   7535  7588  7528    -1
14414   7591  7546  7590    -1
14415   7591  7594  7546    -1
14416   7602  7601  7565    -1
14417   7602  7594  7598    -1
14418   7550  7594  7602    -1
14419   7537  7539  7488    -1
14420   7539  7541  7490    -1
14421   7504  7545  7502    -1
14422   7547  7549  7506    -1
14423   7518  7553  7516    -1
14424   7551  7555  7516    -1
14425   7532  7560  7530    -1
14426   7562  7564  7534    -1
14427   7541  7547  7492    -1
14428   7530  7558  7518    -1
14429   7549  7560  7508    -1
14430   7575  7592  7573    -1
14431   7577  7595  7575    -1
14432   7597  7599  7585    -1
14433   7589  7601  7585    -1
14434   7587  7599  7577    -1
14435   7619  7621  7610    -1
14436   7614  7623  7610    -1
14437   7621  7625  7612    -1
14438   7573  7590  7504    -1
14439   7564  7601  7536    -1
14440   7618  7625  7534    -1
14441   7629  7630  7627    -1
14442   7631  7632  7629    -1
14443   7635  7636  7633    -1
14444   7637  7638  7635    -1
14445   7640  7644  7639    -1
14446   7645  7646  7641    -1
14447   7648  7652  7647    -1
14448   7653  7654  7649    -1
14449   7641  7642  7631    -1
14450   7649  7650  7637    -1
14451   7630  7635  7628    -1
14452   7632  7637  7630    -1
14453   7647  7651  7640    -1
14454   7646  7653  7642    -1
14455   7642  7649  7632    -1
14456   7658  7656  7657    -1
14457   7660  7661  7657    -1
14458   7661  7659  7658    -1
14459   7667  7666  7663    -1
14460   7668  7669  7664    -1
14461   7669  7667  7665    -1
14462   7664  7665  7660    -1
14463   7665  7663  7661    -1
14464   7675  7677  7674    -1
14465   7671  7675  7670    -1
14466   7676  7677  7672    -1
14467   7683  7685  7682    -1
14468   7679  7683  7678    -1
14469   7684  7685  7680    -1
14470   7688  7689  7686    -1
14471   7692  7693  7690    -1
14472   7682  7684  7675    -1
14473   7678  7682  7671    -1
14474   7677  7684  7673    -1
14475   7689  7692  7687    -1
14476   7705  7704  7703    -1
14477   7702  7698  7703    -1
14478   7705  7701  7704    -1
14479   7701  7705  7699    -1
14480   7708  7709  7706    -1
14481   7644  7671  7643    -1
14482   7672  7673  7645    -1
14483   7652  7679  7651    -1
14484   7680  7681  7653    -1
14485   7651  7678  7644    -1
14486   7673  7680  7646    -1
14487   7698  7666  7699    -1
14488   7701  7669  7700    -1
14489   7669  7701  7667    -1
14490   7712  7713  7694    -1
14491   7714  7715  7696    -1
14492   7713  7714  7695    -1
14493   7716  7717  7710    -1
14494   7636  7657  7634    -1
14495   7638  7660  7636    -1
14496   7662  7666  7648    -1
14497   7654  7668  7650    -1
14498   7650  7664  7638    -1
14499   7702  7704  7683    -1
14500   7698  7702  7679    -1
14501   7685  7704  7681    -1
14502   7693  7708  7691    -1
14503   7715  7716  7697    -1
14504   7666  7698  7652    -1
14505   7681  7700  7654    -1
14506   7721  7723  7720    -1
14507   7722  7723  7718    -1
14508   7727  7729  7726    -1
14509   7728  7729  7724    -1
14510   7731  7733  7730    -1
14511   7735  7737  7734    -1
14512   7740  7741  7738    -1
14513   7744  7745  7742    -1
14514   7726  7728  7721    -1
14515   7723  7728  7719    -1
14516   7733  7731  7736    -1
14517   7741  7744  7739    -1
14518   7750  7752  7749    -1
14519   7751  7752  7747    -1
14520   7748  7752  7746    -1
14521   7755  7753  7756    -1
14522   7760  7758  7759    -1
14523   7763  7764  7761    -1
14524   7767  7768  7765    -1
14525   7764  7767  7762    -1
14526   7771  7772  7769    -1
14527   7774  7778  7773    -1
14528   7779  7780  7775    -1
14529   7782  7786  7781    -1
14530   7787  7788  7783    -1
14531   7793  7794  7791    -1
14532   7799  7800  7797    -1
14533   7778  7790  7777    -1
14534   7791  7792  7779    -1
14535   7786  7796  7785    -1
14536   7797  7798  7787    -1
14537   7781  7785  7774    -1
14538   7780  7787  7776    -1
14539   7794  7799  7792    -1
14540   7785  7795  7778    -1
14541   7792  7797  7780    -1
14542   7806  7805  7802    -1
14543   7807  7808  7803    -1
14544   7808  7806  7804    -1
14545   7815  7812  7814    -1
14546   7812  7815  7810    -1
14547   7810  7809  7806    -1
14548   7812  7808  7811    -1
14549   7808  7812  7806    -1
14550   7739  7774  7738    -1
14551   7775  7776  7740    -1
14552   7743  7782  7742    -1
14553   7783  7784  7744    -1
14554   7742  7781  7739    -1
14555   7776  7783  7741    -1
14556   7802  7801  7758    -1
14557   7803  7804  7759    -1
14558   7804  7802  7760    -1
14559   7733  7764  7732    -1
14560   7737  7768  7736    -1
14561   7736  7767  7733    -1
14562   7756  7772  7755    -1
14563   7772  7756  7770    -1
14564   7749  7751  7727    -1
14565   7729  7751  7725    -1
14566   7753  7755  7735    -1
14567   7745  7759  7743    -1
14568   7768  7771  7766    -1
14569   7801  7805  7782    -1
14570   7788  7807  7784    -1
14571   7800  7814  7798    -1
14572   7805  7809  7786    -1
14573   7798  7811  7788    -1
14574   7755  7771  7737    -1
14575   7757  7801  7743    -1
14576   7784  7803  7745    -1
14577   7817  7819  7816    -1
14578   7821  7823  7820    -1
14579   7820  7822  7817    -1
14580   7825  7827  7824    -1
14581   7824  7826  7821    -1
14582   7818  7819  7793    -1
14583   7822  7823  7799    -1
14584   7819  7822  7794    -1
14585   7827  7815  7826    -1
14586   7815  7827  7813    -1
14587   7823  7826  7800    -1
14588   7718  7719  7688    -1
14589   7724  7725  7692    -1
14590   7695  7731  7694    -1
14591   7697  7735  7696    -1
14592   7719  7724  7689    -1
14593   7696  7734  7695    -1
14594   7747  7748  7708    -1
14595   7709  7748  7707    -1
14596   7753  7710  7754    -1
14597   7761  7762  7712    -1
14598   7765  7766  7714    -1
14599   7762  7765  7713    -1
14600   7770  7717  7769    -1
14601   7725  7747  7693    -1
14602   7710  7753  7697    -1
14603   7766  7769  7715    -1
14604   7717  7770  7711    -1
14605   7493  7494  7469    -1
14606   7501  7502  7471    -1
14607   7494  7501  7470    -1
14608   7540  7538  7478    -1
14609   7543  7544  7479    -1
14610   7480  7542  7540    -1
14611   7502  7543  7472    -1
14612   1073  4333  1072    -1
14613   4338  4334  1074    -1
14614   1077  4345  1076    -1
14615   1081  4353  1080    -1
14616   1080  4352  1077    -1
14617   4370  1100  4368    -1
14618   4373  1104  4372    -1
14619   1103  1100  4372    -1
14620   4390  4391  1135    -1
14621   4392  4393  1139    -1
14622   4391  4392  1136    -1
14623   1076  4344  1073    -1
14624   4373  4390  1104    -1
14625   1098  1074  4368    -1
14626   2216  5315  2215    -1
14627   2220  5323  2219    -1
14628   2219  5322  2216    -1
14629   2224  5339  2223    -1
14630   2226  5345  5339    -1
14631   5358  5359  2255    -1
14632   5360  5361  2259    -1
14633   5359  5360  2256    -1
14634   5381  5379  2279    -1
14635   5382  5383  2282    -1
14636   2283  5383  2279    -1
14637   2223  5338  2220    -1
14638   5361  5382  2260    -1
14639   2278  5379  2226    -1
14640   2347    80  2346    -1
14641   2352  2346    79    -1
14642     97  2361    96    -1
14643   2358    93  2360    -1
14644   2358  2350    93    -1
14645   2450  2451   172    -1
14646   2364  2365    98    -1
14647    127  2391   126    -1
14648   2372  2373   104    -1
14649    133  2395   132    -1
14650   2365  2372    99    -1
14651    132  2394   127    -1
14652   2462  2463   200    -1
14653   2466  2467   204    -1
14654   2463  2466   201    -1
14655   2347  2364    80    -1
14656    126  2390    97    -1
14657   2451  2462   173    -1
14658    225  2503   224    -1
14659    233   232  2511    -1
14660   2563  2562   313    -1
14661    245  2519   244    -1
14662   2534  2535   260    -1
14663    249  2523   248    -1
14664   2538  2539   264    -1
14665    248  2522   245    -1
14666   2535  2538   261    -1
14667    335  2580   334    -1
14668    341  2586   340    -1
14669    340  2585   335    -1
14670    244  2518   225    -1
14671   2511  2534   233    -1
14672    334  2579   313    -1
14673   2562  2510   312    -1
14674    483   482  2707    -1
14675   2718  2719   506    -1
14676   2722  2723   510    -1
14677   2719  2722   507    -1
14678   2707  2718   483    -1
14679    224  2502   172    -1
14680   2749  2748   550    -1
14681   2748  2745   549    -1
14682    576  2770   575    -1
14683    582  2776   581    -1
14684    581  2775   576    -1
14685    575  2769   550    -1
14686   2935  2936   795    -1
14687   2947  2943   805    -1
14688   2935   795  2943    -1
14689   2953  2954   817    -1
14690   2957  2958   821    -1
14691   2954  2957   818    -1
14692   2936  2953   796    -1
14693   3027  3025   869    -1
14694   3034  3033   880    -1
14695    879  3029  3027    -1
14696    914  3066   913    -1
14697    920  3074   919    -1
14698    919  3073   914    -1
14699    913  3065   880    -1
14700   1023  1022  3140    -1
14701   3141  3139  1025    -1
14702   3148  3147  1032    -1
14703   3141  1025  3147    -1
14704   1093  1092  3229    -1
14705   1106  3244  1105    -1
14706   3239  1102  3243    -1
14707   3239  3228  1102    -1
14708   3161  3162  1050    -1
14709   1065  3178  1064    -1
14710   3167  3168  1054    -1
14711   1069  3184  1068    -1
14712   3162  3167  1051    -1
14713   1068  3183  1065    -1
14714   3251  3252  1117    -1
14715   1138  3280  1137    -1
14716   3257  3258  1121    -1
14717   1142  3286  1141    -1
14718   3252  3257  1118    -1
14719   1141  3285  1138    -1
14720   3140  3161  1023    -1
14721   1064  3177  1032    -1
14722   3229  3251  1093    -1
14723   1137  3279  1106    -1
14724   2947   805  3025    -1
14725   2745  2706   546    -1
14726   6296  6297  4380    -1
14727   4430  6336  4428    -1
14728   6344  6342  4434    -1
14729   6336  4430  6342    -1
14730   6304  6305  4404    -1
14731   6308  6309  4408    -1
14732   6305  6308  4405    -1
14733   6297  6304  4381    -1
14734   6296  4380  6332    -1
14735   6438  6437  4467    -1
14736   6437  6434  4466    -1
14737   6511  6512  4510    -1
14738   6511  4510  6515    -1
14739   4518  6529  4516    -1
14740   4516  6527  4514    -1
14741   4471  6457  4470    -1
14742   4475  6461  4474    -1
14743   4474  6460  4471    -1
14744   6531  6532  4538    -1
14745   6539  6540  4546    -1
14746   6532  6539  4539    -1
14747   4470  6456  4467    -1
14748   6512  6531  4511    -1
14749   6344  4434  6434    -1
14750   4562  6597  4560    -1
14751   4566  6601  4564    -1
14752   4564  6599  4562    -1
14753   4623  6624  4622    -1
14754   6623  6619  4622    -1
14755   4647  6640  4646    -1
14756   4655  6648  4654    -1
14757   4654  6647  4647    -1
14758   4646  6639  4623    -1
14759   4618  6619  4566    -1
14760   4708  4707  6692    -1
14761   6693  6691  4710    -1
14762   6699  6700  4737    -1
14763   6705  6706  4741    -1
14764   6700  6705  4738    -1
14765   6692  6699  4708    -1
14766   4560  6595  4518    -1
14767   6716  6715  4749    -1
14768   4762  4761  6734    -1
14769   4843  6842  4842    -1
14770   6837  4839  6841    -1
14771   4772  6745  4771    -1
14772   6776  6777  4789    -1
14773   4776  6751  4775    -1
14774   6782  6783  4793    -1
14775   4775  6750  4772    -1
14776   6777  6782  4790    -1
14777   4865  6850  4864    -1
14778   4869  6856  4868    -1
14779   4868  6855  4865    -1
14780   4771  6744  4749    -1
14781   6734  6776  4762    -1
14782   4864  6849  4843    -1
14783   6837  6733  4839    -1
14784   4939  4938  6862    -1
14785   6861  4938  6865    -1
14786   6869  6868  4951    -1
14787   6868  6865  4950    -1
14788   6912  6913  5056    -1
14789   6876  6877  4970    -1
14790   4993  6889  4992    -1
14791   6882  6883  4976    -1
14792   4999  6897  4998    -1
14793   6877  6882  4971    -1
14794   4998  6896  4993    -1
14795   6934  6935  5088    -1
14796   6938  6939  5092    -1
14797   6935  6938  5089    -1
14798   6862  6876  4939    -1
14799   4992  6888  4951    -1
14800   6913  6934  5057    -1
14801   5136  6956  5135    -1
14802   5135  6955  5132    -1
14803   7016  5227  7015    -1
14804   7015  5226  7019    -1
14805   5152  6970  5151    -1
14806   5156  6976  5155    -1
14807   5155  6975  5152    -1
14808   7038  7039  5260    -1
14809   7044  7045  5264    -1
14810   7039  7044  5261    -1
14811   5151  6969  5136    -1
14812   7016  7038  5227    -1
14813   5297  7051  5296    -1
14814   5309  7055  5308    -1
14815   5313  7059  5312    -1
14816   5312  7058  5309    -1
14817   5308  7054  5297    -1
14818   7050  7019  5296    -1
14819   5132  6952  5056    -1
14820   6693  4710  6715    -1
14821   3369  3370  1222    -1
14822   1251  3396  1250    -1
14823   3377  3378  1228    -1
14824   1257  3400  1256    -1
14825   3370  3377  1223    -1
14826   1256  3399  1251    -1
14827   3475  3476  1327    -1
14828   3479  3480  1331    -1
14829   3476  3479  1328    -1
14830   1259  1258  3406    -1
14831   1259  3412  3410    -1
14832   3420  3419  1276    -1
14833   3418  3420  1272    -1
14834   3418  1272  3410    -1
14835   3493  3494  1347    -1
14836   3378  3405  1229    -1
14837   1275  3419  1257    -1
14838   3480  3493  1332    -1
14839   1372  3526  1371    -1
14840   3541  3542  1387    -1
14841   1376  3530  1375    -1
14842   3545  3546  1391    -1
14843   1375  3529  1372    -1
14844   3542  3545  1388    -1
14845   1461  3586  1460    -1
14846   1467  3592  1466    -1
14847   1466  3591  1461    -1
14848   1400  3558  1399    -1
14849   3566  1408  3565    -1
14850   1488  3618  1487    -1
14851   1399  3557  1376    -1
14852   3546  3565  1392    -1
14853   1487  3617  1467    -1
14854   3618  1488  3566    -1
14855   3733  3734  1632    -1
14856   3737  3738  1636    -1
14857   3734  3737  1633    -1
14858   3746  1654  3745    -1
14859   3738  3745  1637    -1
14860   3494  3558  1348    -1
14861   1697  3771  1696    -1
14862   1703  3777  1702    -1
14863   1702  3776  1697    -1
14864   1733  3812  1732    -1
14865   3812  1733  3808    -1
14866   1732  3811  1703    -1
14867   3958  3959  1942    -1
14868   3962  3963  1946    -1
14869   3959  3962  1943    -1
14870   3994  3995  1974    -1
14871   4007  1985  4003    -1
14872   3995  4003  1975    -1
14873   3963  3994  1947    -1
14874   2035  4065  2034    -1
14875   2041  4073  2040    -1
14876   2040  4072  2035    -1
14877   4099  2052  4097    -1
14878   2063  4105  2062    -1
14879   4101  4105  2063    -1
14880   2062  4104  2041    -1
14881   4162  4163  2170    -1
14882   2185  4179  2184    -1
14883   4168  4169  2174    -1
14884   2189  4185  2188    -1
14885   4163  4168  2171    -1
14886   2188  4184  2185    -1
14887   4251  4252  2237    -1
14888   2258  4280  2257    -1
14889   4257  4258  2241    -1
14890   2262  4286  2261    -1
14891   4252  4257  2238    -1
14892   2261  4285  2258    -1
14893   4207  2202  4206    -1
14894   4209  2204  4207    -1
14895   2211  4215  2210    -1
14896   4209  4215  2204    -1
14897   4296  2272  4295    -1
14898   4311  4310  2285    -1
14899   4307  4311  2281    -1
14900   4307  2281  4296    -1
14901   4169  4206  2175    -1
14902   2210  4214  2189    -1
14903   4258  4295  2242    -1
14904   2284  4310  2262    -1
14905   4007  4097  1985    -1
14906   3808  1729  3746    -1
14907   7062  7063  5372    -1
14908   7066  7067  5376    -1
14909   7063  7066  5373    -1
14910   7078  7079  5390    -1
14911   7135  7139  5439    -1
14912   7147  5445  7145    -1
14913   7139  7145  5441    -1
14914   7067  7078  5377    -1
14915   7079  7135  5391    -1
14916   5449  7203  5448    -1
14917   5453  7207  5452    -1
14918   5452  7206  5449    -1
14919   7277  7278  5500    -1
14920   7285  7286  5508    -1
14921   7278  7285  5501    -1
14922   5457  7236  5456    -1
14923   7236  5457  7232    -1
14924   7317  7318  5532    -1
14925   7318  7322  5533    -1
14926   7334  7336  5539    -1
14927   7322  7334  5537    -1
14928   5456  7235  5453    -1
14929   7286  7317  5509    -1
14930   7147  7232  5445    -1
14931   5613  7390  5612    -1
14932   5621  7398  5620    -1
14933   5620  7397  5613    -1
14934   7378  7380  5559    -1
14935   7382  7384  5563    -1
14936   7380  7382  5561    -1
14937   5637  7422  5636    -1
14938   7422  5637  7418    -1
14939   5636  7421  5621    -1
14940   7384  7418  5565    -1
14941   7457  7458  5700    -1
14942   7463  7464  5704    -1
14943   7458  7463  5701    -1
14944   7474  5722  7473    -1
14945   7476  5724  7474    -1
14946   7464  7473  5705    -1
14947   7336  7378  5541    -1
14948   5734  7482  5733    -1
14949   7513  7514  5751    -1
14950   5738  7488  5737    -1
14951   7519  7520  5755    -1
14952   5737  7487  5734    -1
14953   7514  7519  5752    -1
14954   5828  7608  5827    -1
14955   5832  7614  5831    -1
14956   5831  7613  5828    -1
14957   5763  7538  5762    -1
14958   7556  5776  7555    -1
14959   7624  7623  5857    -1
14960   7620  7624  5853    -1
14961   5762  7537  5738    -1
14962   7520  7555  5756    -1
14963   5856  7623  5832    -1
14964   7620  5853  7556    -1
14965   7627  7628  5926    -1
14966   5949  7640  5948    -1
14967   7633  7634  5932    -1
14968   5955  7648  5954    -1
14969   7628  7633  5927    -1
14970   5954  7647  5949    -1
14971   7686  7687  6052    -1
14972   7690  7691  6056    -1
14973   7687  7690  6053    -1
14974   7656  5969  7655    -1
14975   7656  7659  5969    -1
14976   5981  7663  5980    -1
14977   7663  5981  7659    -1
14978   7706  7707  6074    -1
14979   7634  7655  5933    -1
14980   5980  7662  5955    -1
14981   7691  7706  6057    -1
14982   6118  7721  6117    -1
14983   6122  7727  6121    -1
14984   6121  7726  6118    -1
14985   7789  7790  6220    -1
14986   7795  7796  6224    -1
14987   7790  7795  6221    -1
14988   6142  7750  6141    -1
14989   7746  7750  6138    -1
14990   6245  6244  7810    -1
14991   7810  7813  6245    -1
14992   6141  7749  6122    -1
14993   7796  7809  6225    -1
14994   6283  7817  6282    -1
14995   6287  7821  6286    -1
14996   6286  7820  6283    -1
14997   7825  7824  6295    -1
14998   6294  7824  6287    -1
14999   7825  6295  7813    -1
15000   7707  7746  6075    -1
15001   7476  7538  5724    -1
15002     19  1145    17    -1
15003   1143  1147    17    -1
15004     35  1169    33    -1
15005     33  1167    19    -1
15006   1149  1169    23    -1
15007   1179  1183    60    -1
15008     66  1185    62    -1
15009   1195  1199    74    -1
15010   1183  1195    64    -1
15011     76  1197    66    -1
15012    109  1226   107    -1
15013   1222  1226   105    -1
15014    121  1238   119    -1
15015    119  1236   117    -1
15016   1246  1248   129    -1
15017    131  1248   121    -1
15018   1224  1246   107    -1
15019   1277  1279   147    -1
15020    157  1287   155    -1
15021   1301  1303   179    -1
15022   1309  1311   187    -1
15023    197  1319   195    -1
15024    205  1327   203    -1
15025   1303  1309   181    -1
15026    203  1325   197    -1
15027    117  1234    76    -1
15028   1279  1301   149    -1
15029    195  1317   157    -1
15030   1199  1277    78    -1
15031    189  1311   133    -1
15032   1147  1179    21    -1
15033     62  1181    23    -1
15034   1349  1351   215    -1
15035   1361  1363   239    -1
15036   1369  1371   247    -1
15037    257  1379   255    -1
15038    265  1387   263    -1
15039   1363  1369   241    -1
15040    263  1385   257    -1
15041    290  1413   288    -1
15042   1409  1413   286    -1
15043   1421  1423   298    -1
15044   1411  1421   288    -1
15045   1448  1450   329    -1
15046   1458  1460   339    -1
15047    343  1462   339    -1
15048    351  1472   349    -1
15049   1450  1462   331    -1
15050    349  1470   329    -1
15051   1351  1361   217    -1
15052    327  1446   286    -1
15053   1425  1472   302    -1
15054   1377  1446   255    -1
15055   1495  1499   377    -1
15056    383  1501   379    -1
15057   1511  1515   393    -1
15058    399  1517   395    -1
15059   1499  1511   381    -1
15060    395  1513   383    -1
15061    423  1545   421    -1
15062    431  1553   429    -1
15063   1559  1563   441    -1
15064    447  1565   443    -1
15065    445  1563   431    -1
15066   1543  1559   421    -1
15067    443  1561   423    -1
15068   1593  1595   464    -1
15069   1591  1593   462    -1
15070   1610  1612   489    -1
15071   1620  1622   501    -1
15072    503  1622   499    -1
15073    511  1632   509    -1
15074   1612  1620   491    -1
15075    429  1551   399    -1
15076   1595  1610   466    -1
15077   1515  1591   397    -1
15078    499  1618   447    -1
15079   1423  1495   300    -1
15080    379  1497   302    -1
15081   1285  1349   155    -1
15082    534  1661   532    -1
15083   1659  1663   532    -1
15084   1655  1661   524    -1
15085    568  1682   566    -1
15086   1680  1684   566    -1
15087   1694  1696   580    -1
15088   1704  1706   590    -1
15089    594  1708   590    -1
15090    578  1692   568    -1
15091   1706  1716   592    -1
15092    598  1716   580    -1
15093   1742  1746   624    -1
15094    630  1748   626    -1
15095   1758  1762   640    -1
15096    646  1764   642    -1
15097   1746  1758   628    -1
15098    642  1760   630    -1
15099    672  1796   670    -1
15100   1794  1798   670    -1
15101    676  1800   672    -1
15102    570  1684   524    -1
15103   1744  1790   626    -1
15104   1663  1742   536    -1
15105    660  1790   594    -1
15106   1820  1824   695    -1
15107   1832  1834   705    -1
15108   1824  1832   699    -1
15109    736  1853   734    -1
15110    748  1863   746    -1
15111   1871  1873   754    -1
15112   1879  1881   762    -1
15113    744  1859   736    -1
15114   1873  1879   756    -1
15115    764  1881   748    -1
15116    780  1910   778    -1
15117   1916  1918   786    -1
15118   1908  1916   778    -1
15119    814  1934   812    -1
15120    822  1942   820    -1
15121   1948  1950   828    -1
15122   1956  1958   838    -1
15123   1958  1960   840    -1
15124    820  1940   814    -1
15125   1950  1956   830    -1
15126    734  1851   697    -1
15127   1834  1871   707    -1
15128    812  1932   780    -1
15129   1918  1948   788    -1
15130   1762  1820   644    -1
15131    697  1822   646    -1
15132   1798  1859   674    -1
15133    746  1861   676    -1
15134    860  1990   858    -1
15135   1986  1990   856    -1
15136    896  2010   894    -1
15137   2008  2012   894    -1
15138    908  2022   906    -1
15139   2032  2034   918    -1
15140    922  2036   918    -1
15141    898  2012   886    -1
15142   2024  2036   910    -1
15143   2004  2022   886    -1
15144   2070  2072   952    -1
15145   2066  2070   948    -1
15146    954  2072   950    -1
15147    966  2084   964    -1
15148   2082  2086   964    -1
15149    970  2088   966    -1
15150   2114  2116   986    -1
15151    996  2124   994    -1
15152   1000  2130   996    -1
15153    906  2020   856    -1
15154   2068  2114   950    -1
15155    994  2122   970    -1
15156   1988  2066   858    -1
15157    988  2116   910    -1
15158   2144  2146  1010    -1
15159   2158  2160  1045    -1
15160   2156  2158  1043    -1
15161   1055  2170  1053    -1
15162   2176  2178  1061    -1
15163   1071  2186  1069    -1
15164   2160  2176  1047    -1
15165   1083  2217  1081    -1
15166   2227  2229  1112    -1
15167   1122  2237  1120    -1
15168   1132  2245  1130    -1
15169   2243  2247  1130    -1
15170   2255  2257  1140    -1
15171   2229  2245  1114    -1
15172   2146  2156  1012    -1
15173   1134  2247  1083    -1
15174   2178  2227  1063    -1
15175   1120  2235  1071    -1
15176   2086  2144   968    -1
15177   1053  2168  1000    -1
15178   1960  2010   842    -1
15179   1630  1692   509    -1
15180   2311  3313  2309    -1
15181   3309  3313  2307    -1
15182   2323  3323  2321    -1
15183   3325  3327  2325    -1
15184   2321  3321  2307    -1
15185   2345  3355  2343    -1
15186   2343  3353  2341    -1
15187   2341  3351  2323    -1
15188   3373  3375  2377    -1
15189   2379  3375  2375    -1
15190   2395  3395  2393    -1
15191   3371  3385  2375    -1
15192   2393  3393  2377    -1
15193   3423  3427  2425    -1
15194   2431  3429  2427    -1
15195   3439  3443  2441    -1
15196   2447  3445  2443    -1
15197   3427  3439  2429    -1
15198   2443  3441  2431    -1
15199   2469  3477  2467    -1
15200   2477  3485  2475    -1
15201   2475  3483  2469    -1
15202   3501  3503  2491    -1
15203   2501  3511  2499    -1
15204   3387  3423  2387    -1
15205   2445  3443  2399    -1
15206   3471  3501  2461    -1
15207   2499  3509  2477    -1
15208   3401  3471  2399    -1
15209   2493  3503  2447    -1
15210   3311  3369  2309    -1
15211   2385  3385  2325    -1
15212   3327  3387  2327    -1
15213   2427  3425  2345    -1
15214   3525  3527  2523    -1
15215   3533  3535  2531    -1
15216   2541  3543  2539    -1
15217   2549  3551  2547    -1
15218   3527  3533  2525    -1
15219   2547  3549  2541    -1
15220   3573  3575  2559    -1
15221   3585  3587  2586    -1
15222   3587  3589  2588    -1
15223   3599  3601  2600    -1
15224   3609  3611  2608    -1
15225   3589  3599  2590    -1
15226   3601  3609  2602    -1
15227   2635  3638  2633    -1
15228   2633  3636  2631    -1
15229   2647  3650  2643    -1
15230   2643  3646  2635    -1
15231   3535  3573  2533    -1
15232   2631  3634  2598    -1
15233   3611  3648  2610    -1
15234   2598  3597  2549    -1
15235   3677  3681  2679    -1
15236   2685  3683  2681    -1
15237   3693  3697  2695    -1
15238   2701  3699  2697    -1
15239   3681  3693  2683    -1
15240   2697  3695  2685    -1
15241   3725  3727  2715    -1
15242   2725  3735  2723    -1
15243   3751  3753  2742    -1
15244   2744  3753  2740    -1
15245   2699  3697  2653    -1
15246   3727  3751  2717    -1
15247   3671  3725  2653    -1
15248   2740  3749  2701    -1
15249   3648  3677  2645    -1
15250   2681  3679  2647    -1
15251   2561  3575  2501    -1
15252   3770  3772  2776    -1
15253   2788  3782  2786    -1
15254   2790  3784  2788    -1
15255   3796  3798  2802    -1
15256   3798  3800  2804    -1
15257   2786  3780  2774    -1
15258   3792  3796  2794    -1
15259   3772  3792  2778    -1
15260   2829  3836  2827    -1
15261   2831  3838  2829    -1
15262   2827  3834  2819    -1
15263   3861  3865  2863    -1
15264   2869  3867  2865    -1
15265   3877  3881  2879    -1
15266   2885  3883  2881    -1
15267   3865  3877  2867    -1
15268   2881  3879  2869    -1
15269   2819  3830  2790    -1
15270   3855  3861  2837    -1
15271   3800  3855  2806    -1
15272   2865  3863  2831    -1
15273   3909  3911  2897    -1
15274   3911  3917  2899    -1
15275   2926  3931  2924    -1
15276   3939  3941  2932    -1
15277   2934  3941  2926    -1
15278   2960  3960  2958    -1
15279   2968  3968  2966    -1
15280   3974  3976  2976    -1
15281   2980  3978  2976    -1
15282   3986  3988  2986    -1
15283   2966  3966  2960    -1
15284   3976  3986  2978    -1
15285   3008  4014  3006    -1
15286   4020  4024  3018    -1
15287   3024  4026  3020    -1
15288   3020  4022  3008    -1
15289   2922  3927  2897    -1
15290   3917  3939  2903    -1
15291   3006  4012  2968    -1
15292   3988  4020  2988    -1
15293   3881  3927  2883    -1
15294   2924  3929  2885    -1
15295   3060  4052  3058    -1
15296   3058  4050  3056    -1
15297   4068  4070  3078    -1
15298   4064  4068  3074    -1
15299   3092  4082  3090    -1
15300   4084  4086  3094    -1
15301   3090  4080  3076    -1
15302   4070  4084  3080    -1
15303   3076  4066  3060    -1
15304   4060  4082  3064    -1
15305   4120  4124  3120    -1
15306   3126  4126  3122    -1
15307   4136  4138  3134    -1
15308   3138  4140  3134    -1
15309   3136  4138  3126    -1
15310   3124  4124  3064    -1
15311   4086  4140  3096    -1
15312   3172  4166  3170    -1
15313   3170  4164  3168    -1
15314   4178  4180  3184    -1
15315   4180  4182  3186    -1
15316   3200  4192  3198    -1
15317   4194  4196  3202    -1
15318   3176  4174  3172    -1
15319   4182  4194  3188    -1
15320   3198  4190  3176    -1
15321   4228  3219  4230    -1
15322   3223  4232  3221    -1
15323   3256  4249  3254    -1
15324   4247  4251  3254    -1
15325   3270  4261  3268    -1
15326   4263  4265  3272    -1
15327   4275  4277  3282    -1
15328   3286  4279  3282    -1
15329   3268  4259  3256    -1
15330   4277  4287  3284    -1
15331   3290  4287  3272    -1
15332   4314  4316  3304    -1
15333   3308  4318  3304    -1
15334   3219  4228  3200    -1
15335   4265  4318  3274    -1
15336   4196  4261  3204    -1
15337   3306  4316  3223    -1
15338   3056  4048  2980    -1
15339   4024  4120  3022    -1
15340   3122  4122  3024    -1
15341   2774  3768  2725    -1
15342   5318  5320  4357    -1
15343   5314  5318  4353    -1
15344   4359  5320  4355    -1
15345   4367  5332  4365    -1
15346   5350  5352  4387    -1
15347   4401  5364  4399    -1
15348   4409  5372  4407    -1
15349   5352  5358  4389    -1
15350   4407  5370  4401    -1
15351   5392  5394  4419    -1
15352   5404  5406  4441    -1
15353   5412  5414  4451    -1
15354   5414  5416  4453    -1
15355   5424  5426  4461    -1
15356   5406  5412  4443    -1
15357   5416  5424  4455    -1
15358   5316  5350  4355    -1
15359   4399  5362  4367    -1
15360   5394  5404  4421    -1
15361   5330  5392  4365    -1
15362   5446  5448  4473    -1
15363   4495  5460  4493    -1
15364   5462  5464  4497    -1
15365   5458  5462  4493    -1
15366   4531  5484  4529    -1
15367   5486  5488  4533    -1
15368   4547  5500  4545    -1
15369   5502  5504  4549    -1
15370   5514  5516  4557    -1
15371   4545  5498  4531    -1
15372   5488  5502  4535    -1
15373   5504  5514  4551    -1
15374   4529  5482  4495    -1
15375   5464  5486  4499    -1
15376   5426  5446  4463    -1
15377   5542  5544  4573    -1
15378   5550  5552  4581    -1
15379   5544  5550  4575    -1
15380   4603  5568  4601    -1
15381   5570  5572  4605    -1
15382   5566  5570  4601    -1
15383   4635  5592  4633    -1
15384   5594  5596  4637    -1
15385   4651  5608  4649    -1
15386   5610  5612  4653    -1
15387   4649  5606  4635    -1
15388   5596  5610  4639    -1
15389   4633  5590  4603    -1
15390   5572  5594  4607    -1
15391   5552  5608  4583    -1
15392   4679  5640  4677    -1
15393   5638  5642  4677    -1
15394   4683  5644  4679    -1
15395   5654  5656  4689    -1
15396   5642  5654  4681    -1
15397   4718  5676  4716    -1
15398   5688  5690  4732    -1
15399   5686  5688  4730    -1
15400   4742  5700  4740    -1
15401   4722  5682  4718    -1
15402   4740  5698  4722    -1
15403   4716  5674  4683    -1
15404   5656  5686  4691    -1
15405   5516  5542  4559    -1
15406   5725  5727  4768    -1
15407   4778  5735  4776    -1
15408   5741  5743  4784    -1
15409   4794  5751  4792    -1
15410   5727  5741  4770    -1
15411   4792  5749  4778    -1
15412   4814  5779  4812    -1
15413   5789  5791  4828    -1
15414   5785  5789  4824    -1
15415   4830  5791  4826    -1
15416   5777  5785  4812    -1
15417   4859  5815  4857    -1
15418   5813  5817  4857    -1
15419   5825  5827  4867    -1
15420   5833  5835  4875    -1
15421   5835  5841  4877    -1
15422   4881  5841  4867    -1
15423   4861  5817  4814    -1
15424   5787  5833  4826    -1
15425   5743  5815  4786    -1
15426   4909  5866  4907    -1
15427   5864  5868  4907    -1
15428   5880  5884  4923    -1
15429   4929  5886  4925    -1
15430   5868  5880  4911    -1
15431   4925  5882  4913    -1
15432   4965  5914  4963    -1
15433   4977  5926  4975    -1
15434   5924  5928  4975    -1
15435   4991  5940  4989    -1
15436   5936  5940  4987    -1
15437   5950  5952  5001    -1
15438   5003  5952  4999    -1
15439   4979  5928  4967    -1
15440   5916  5936  4967    -1
15441   5990  5992  5029    -1
15442   5986  5990  5025    -1
15443   5039  6004  5037    -1
15444   5073  5071  6028    -1
15445   5073  6028  5069    -1
15446   5085  6044  5083    -1
15447   5093  6052  5091    -1
15448   6024  6038  5069    -1
15449   5091  6050  5085    -1
15450   4963  5912  4909    -1
15451   5870  5914  4913    -1
15452   5067  6022  5027    -1
15453   5992  6026  5031    -1
15454   5083  6042  5039    -1
15455   5884  5986  4927    -1
15456   5027  5988  4929    -1
15457   5938  6022  4989    -1
15458   5077  6038  5001    -1
15459   6078  6080  5114    -1
15460   6076  6078  5112    -1
15461   5124  6090  5122    -1
15462   6107  6109  5146    -1
15463   6115  6117  5154    -1
15464   5164  6125  5162    -1
15465   6109  6115  5148    -1
15466   6147  6151  5189    -1
15467   5195  6153  5191    -1
15468   6163  6167  5203    -1
15469   6151  6163  5193    -1
15470   5205  6165  5195    -1
15471   6190  6192  5237    -1
15472   6192  6194  5239    -1
15473   5249  6204  5247    -1
15474   5257  6212  5255    -1
15475   5265  6220  5263    -1
15476   5247  6202  5239    -1
15477   6194  6212  5241    -1
15478   5263  6218  5249    -1
15479   6080  6107  5116    -1
15480   5162  6123  5124    -1
15481   6149  6190  5191    -1
15482   5255  6210  5205    -1
15483   6088  6147  5122    -1
15484   5239  6192  5164    -1
15485   6252  6254  5287    -1
15486   6248  6252  5283    -1
15487   5289  6254  5285    -1
15488   6272  6274  5303    -1
15489   6280  6282  5311    -1
15490   6274  6280  5305    -1
15491   6250  6272  5285    -1
15492   6167  6248  5207    -1
15493   6002  6076  5037    -1
15494   5690  5725  4734    -1
15495   6311  7064  6309    -1
15496   6319  7072  6317    -1
15497   6317  7070  6311    -1
15498   6331  7088  6329    -1
15499   7098  7100  6357    -1
15500   6361  7102  6357    -1
15501   7110  7112  6367    -1
15502   6381  7122  6379    -1
15503   6379  7120  6377    -1
15504   7100  7110  6359    -1
15505   6377  7118  6361    -1
15506   7152  7156  6411    -1
15507   6417  7158  6413    -1
15508   7168  7172  6427    -1
15509   6433  7174  6429    -1
15510   7156  7168  6415    -1
15511   6429  7170  6417    -1
15512   6329  7086  6319    -1
15513   7112  7152  6369    -1
15514   6431  7172  6385    -1
15515   6413  7154  6331    -1
15516   6469  7210  6467    -1
15517   7216  7218  6475    -1
15518   7224  7226  6483    -1
15519   6467  7208  6459    -1
15520   7218  7224  6477    -1
15521   7202  7216  6461    -1
15522   7254  7256  6504    -1
15523   6506  7256  6502    -1
15524   6510  7264  6504    -1
15525   6542  7279  6540    -1
15526   7281  7283  6544    -1
15527   6558  7295  6556    -1
15528   7297  7299  6560    -1
15529   6570  7311  6568    -1
15530   6556  7293  6542    -1
15531   7283  7297  6546    -1
15532   6568  7309  6544    -1
15533   6590  7339  6588    -1
15534   7341  7343  6592    -1
15535   6594  7343  6590    -1
15536   7226  7264  6485    -1
15537   6588  7337  6558    -1
15538   7299  7341  6562    -1
15539   6459  7200  6381    -1
15540   7130  7210  6385    -1
15541   6502  7252  6433    -1
15542   6610  7363  6608    -1
15543   6618  7371  6616    -1
15544   6616  7369  6610    -1
15545   6646  7387  6644    -1
15546   7389  7391  6648    -1
15547   6662  7403  6660    -1
15548   7405  7407  6664    -1
15549   6660  7401  6646    -1
15550   7391  7405  6650    -1
15551   6686  7435  6684    -1
15552   7437  7439  6688    -1
15553   6690  7439  6686    -1
15554   6684  7433  6662    -1
15555   7407  7437  6666    -1
15556   6644  7385  6618    -1
15557   6710  7461  6708    -1
15558   6708  7459  6706    -1
15559   6714  7469  6710    -1
15560   6608  7361  6570    -1
15561   7481  7483  6751    -1
15562   7483  7485  6753    -1
15563   6767  7495  6765    -1
15564   7497  7499  6769    -1
15565   6781  7511  6779    -1
15566   7509  7513  6779    -1
15567   6795  7523  6793    -1
15568   7525  7527  6797    -1
15569   7485  7497  6755    -1
15570   6793  7521  6781    -1
15571   7499  7523  6771    -1
15572   6822  7568  6820    -1
15573   6824  7570  6822    -1
15574   7578  7580  6832    -1
15575   6836  7582  6832    -1
15576   6834  7580  6824    -1
15577   7603  7605  6852    -1
15578   6856  7607  6852    -1
15579   7605  7615  6854    -1
15580   6820  7566  6767    -1
15581   7527  7582  6799    -1
15582   6860  7615  6797    -1
15583   6885  7629  6883    -1
15584   6887  7631  6885    -1
15585   7639  7643  6897    -1
15586   6903  7645  6899    -1
15587   6899  7641  6887    -1
15588   7674  7676  6931    -1
15589   7670  7674  6927    -1
15590   6933  7676  6929    -1
15591   6941  7688  6939    -1
15592   6951  7712  6945    -1
15593   7643  7670  6901    -1
15594   6929  7672  6903    -1
15595   7720  7722  6976    -1
15596   6978  7722  6974    -1
15597   7730  7732  6984    -1
15598   6994  7740  6992    -1
15599   7006  7763  7004    -1
15600   7773  7777  7031    -1
15601   7037  7779  7033    -1
15602   7049  7793  7047    -1
15603   7777  7789  7035    -1
15604   7047  7791  7037    -1
15605   7732  7763  6986    -1
15606   7738  7773  6992    -1
15607   7033  7775  6994    -1
15608   7816  7818  7059    -1
15609   7061  7818  7049    -1
15610   6974  7718  6941    -1
15611   7694  7730  6945    -1
15612   7004  7761  6951    -1
15613   6765  7493  6714    -1
15614   2373  3369   105    -1
15615   1250  3395   133    -1
15616   2467  3475   205    -1
15617   1371  3525   249    -1
15618   2539  3541   265    -1
15619   1460  3585   341    -1
15620   2723  3733   511    -1
15621   1696  3770   582    -1
15622   2958  3958   822    -1
15623   2034  4064   920    -1
15624   3168  4162  1055    -1
15625   2184  4178  1069    -1
15626   3258  4251  1122    -1
15627   2257  4279  1142    -1
15628   6309  7062  4409    -1
15629   5448  7202  4475    -1
15630   6540  7277  4547    -1
15631   5612  7389  4655    -1
15632   6706  7457  4742    -1
15633   5733  7481  4776    -1
15634   6783  7513  4794    -1
15635   5827  7607  4869    -1
15636   6883  7627  4977    -1
15637   5948  7639  4999    -1
15638   6939  7686  5093    -1
15639   6117  7720  5156    -1
15640   7045  7789  5265    -1
15641   6282  7816  5313    -1
15642   2215  5314  1081    -1
15643   4393  5358  1140    -1
# Generated by ./tetgen /home/yuzhang/Downloads/siggraph_asia.ply 
