21289  4  0
    0    1539  1605  1540  1603
    1    2826  2821  2800  2798
    2    3230  3241  3246  3242
    3     305   227   315   229
    4     454   405   459   484
    5    2801  2784  2796  2782
    6    2683  2681  2685  2680
    7     557   553   558   543
    8    1712  1719  1718  1686
    9    4099  4100  2062  4098
   10     501  1620  1622   499
   11     899   871   903   983
   12    1737  1726  1736  1725
   13    7713  7694  7762  7695
   14    1339  1275  1274  1276
   15    3844  3857  3839  3869
   16     516   556   552   517
   17    1002  1004  1003   936
   18    4924  4910  4912  4903
   19    2622  2623  2655  2654
   20    2693  2734  2691  2690
   21    1010   968  2146  1012
   22    1957  1941  1962  1964
   23    1509  1500  1502  1519
   24    5894  5895  5890  5888
   25    5914  4965  4909  4963
   26     838   814  1956   820
   27    6283  6282  6218  6220
   28    4061  4144  4139  4125
   29    2997  3097  2999  2998
   30    2329  2330  2357  2356
   31    6360  6376  4454  4449
   32     475   473   479   477
   33     331   254   343   330
   34    7311  5516  4559  7361
   35    1513  1516  1518  1514
   36    2048  4096  2017  4006
   37    4444  4427  4377  4379
   38     334  2535  2580  2534
   39    7726  7729  7724  7727
   40     618   659   658   530
   41    6816  6821  6833  6823
   42    2480  2414  2412  2481
   43    2760  2756  2759  2750
   44    5436  5419  5375  5438
   45    2665  2663  2662  2664
   46    2067  2080  2073  1989
   47    1970  1939  1980  1978
   48    4068  3060  4064  4052
   49     620   616   629   622
   50    1948  1950   812  1932
   51    1065  3167  3162  1051
   52     100  2388  2389  2391
   53    5411  5434  5367  5409
   54     329   327   331   326
   55    2889  2908  2912  2891
   56    2604  2595  2596  2625
   57     158    88   137   159
   58     135    48    50   134
   59      93  2358  2350  2359
   60    1208  1209  1163  1210
   61     352   276   355   354
   62    2423  2440  2442  2430
   63    3242  3240  3277  3229
   64     319   274   278   273
   65    3595  3553  3596  3555
   66    3236  3263  3265  3232
   67    2971  2981  2946  2938
   68    2359  2358  2361    93
   69    2503  2451  2505  2450
   70    5679  5681  5712  5693
   71    5693  5681  5695  5680
   72     436   494   413   492
   73    2385  2375  2311  2310
   74    6707  6705  6700  6750
   75     347   350   292   296
   76     715   654   717   714
   77    2363  2478  2412  2479
   78     411   434   403   401
   79    5123  5162  5237  5161
   80    2822  2825  2835  2824
   81    3927  3932  3930  3928
   82    1068  1049  1065  1041
   83    4226  4222  4227  4223
   84    2669  2663  2692  2665
   85    1705  1685  1712  1707
   86      70    77    75    68
   87     629   627   630   623
   88    2989  2996  2995  2991
   89     542   585   583   552
   90    2314  2382  2318  2295
   91    2605  2628  2636  2578
   92     465   460   456   425
   93     789   790   798   800
   94    1093  1087  1117  1090
   95     844   983   981   972
   96    6405  6402  6409  6403
   97    6503  6468  6505  6465
   98     277   354   278   275
   99    4454  4447  6360  4449
  100     335   258   260   334
  101    1541  1524  1522  1526
  102     227   309   324   304
  103     975  1003  1013  1004
  104    1642  1587  1639  1647
  105     942   982   941   853
  106     908   907   922   910
  107    4384  1127  4382  4385
  108    6865  6861  6862  6864
  109     576   504   573   574
  110     343   338   256   339
  111    7354  7353  7360  7358
  112     626   535   536   660
  113    2623  2657  2655  2656
  114    1873   744  1879   756
  115    3761  3764  3765  3744
  116     434   439   432   438
  117    4023  4021  4012  4020
  118    3137  3088  3095  3084
  119    6852  6782  6783  6854
  120    1093  1106  1137  1101
  121    2664  2660  2658  2665
  122    2971  2955  2982  2981
  123     589   593   528   584
  124     328   329   331   326
  125     110   144   145   142
  126     959  1005  1007  1008
  127    3006  3020  4022  3018
  128    2509  2551  2456  2457
  129     156   194   239   238
  130    2772  2785  2780  2768
  131    2717  2715  3751  2742
  132    2593  2583  2544  2517
  133    5958  5917  5922  5954
  134    2166  2161  2172  2188
  135    1708   594  1790   532
  136     603   600   605   599
  137    1685  1710  1712  1690
  138    4155  4154  4152  4148
  139    2423  2440  2430  2421
  140    2261  2246  2256  2259
  141    3285  3286  3281  1121
  142    1611  1614  1616  1554
  143    5536  5532  7321  5509
  144    7438  7445  7404  7408
  145    6227  6143  6145  6226
  146    6153  5191  5195  5189
  147    2973   889  2974   835
  148    7333  5519  7314  7335
  149    6410  6368  6411  6318
  150    7238  7242  7250  7243
  151    7370  5544  7363  7369
  152    4184  4168  2188  4185
  153    2094  2150  2151  2148
  154     208   219   140   209
  155    5856  5857  7623  5853
  156      20    60    62    21
  157    5672  5673  5706  5668
  158    6066  6067  5982  5977
  159    1052  1068  1069  1046
  160     990   962  1008  1011
  161    5869  5868  5871  5883
  162    6023  6029  6027  6022
  163    4607  5594  4603  5572
  164    2439  2438  2489  2436
  165    5534  5493  5528  5524
  166     409   438   415   411
  167    5664  5647  5649  5666
  168    3112  3114  3014  3121
  169    6484  6482  6485  6466
  170    4382  4384  4369  1099
  171    3080  4080  3090  3076
  172    5749  5743  4786  5751
  173    6198  6196  6199  6129
  174    5388  5437  5386  5436
  175    6288  6215  6277  6172
  176    7419  7430  7423  7429
  177    5499  5512  5505  5501
  178    3142  1025  3140  3141
  179    7799  7795  7797  7790
  180    1729  1733  1732  3808
  181     344   317   346   269
  182    5120  5161  5236  5158
  183    6369  6318  6411  6368
  184    5195  6163  6165  6153
  185    7467  7488  7487  7490
  186    5503  5512  5505  5499
  187     790   800   825   798
  188    5513  5519  7314  7333
  189    7171  7178  7169  7182
  190     705   699  1834   707
  191    5887  5994  5894  5885
  192    4992  6877  6889  6876
  193    7581  7569  7568  7579
  194    2108  2154  2110  2093
  195    6242  6239  6234  6238
  196    4476  4482  4483  4480
  197    7388  7399  7386  7392
  198    1587  1647  1572  1645
  199    5378  2222  5340  2225
  200    5596  5610  4635  5592
  201    6213  6278  6284  6216
  202    2417  2382  2383  2338
  203    6234  6201  6207  6209
  204     355   276   278   275
  205    3261  3265  3266  3259
  206    4274  4268  4272  4304
  207    7810  7806  7811  7809
  208    5851  5846  5847  5845
  209       1     3    27     2
  210     304   307   266   303
  211    7358  7353  7357  7327
  212     563   585   586   583
  213    6595  4560  6598  6596
  214    7327  7304  7357  7331
  215    7641  7639  7642  7631
  216     909   900   987   905
  217    6210  6275  6272  6274
  218    1773  1840  1842  1788
  219    6294  6293  6247  6292
  220    5534  5536  5530  5537
  221    7637  7648  7647  7650
  222    7784  7744  7781  7782
  223    5733  5698  4734  5690
  224    6845  6850  4789  6849
  225    6844  6732  6857  6741
  226     878   868   911   913
  227      38     5    39     7
  228    3144  3141  3143  3147
  229    7446  7442  7453  7455
  230    6774  6848  6847  6858
  231    7249  7247  7242  7246
  232    2093  2090  2092  2095
  233    7060  7044  5264  7061
  234    5173  5172  5169  5174
  235     492   438   413   436
  236    5253  5310  5301  5307
  237    5641  5643  5660  5650
  238       8    30    31    14
  239     870   844   874   871
  240    6045  6110  6116  6119
  241     378   371   294   296
  242     359   374   384   386
  243    4809  4871  4870  4854
  244    4792  5751  4786  4794
  245    7680  7671  7673  7684
  246    7580  7581  7570  7568
  247    5355  2221  5325  2222
  248     975  1004  1014   976
  249     436   486   413   494
  250    5990  5027  5992  5029
  251     551   512   552   513
  252    5952  5916  5953  5948
  253    1764  1821  1765  1762
  254     602   648   601   520
  255    7048  7046  7041  7039
  256    5601  5598  5605  5599
  257    5284  5287  5289  5285
  258    7639  7644  7642  7640
  259    2298  2328  2295  2329
  260    1441  1442  1443  1439
  261     535   659   625   530
  262     352   353   355   276
  263    2688  2665  2692  2663
  264      45    41    43    42
  265    1613  1621  1612  1563
  266    1601  1602  1555  1597
  267    2542  2545  2543  2584
  268    1170  1167  1169  1145
  269       7     1     6     0
  270    1483  1480  1401  1478
  271    5336  5399  5334  5398
  272    1067  1056  1066  1058
  273    4383  1128  4386  4388
  274      87   160   161   159
  275     337   336   324   250
  276     594   531   660   532
  277     302   300   379  1497
  278    3613  3602  3640  3610
  279     295   273   291   346
  280       5     7    53    39
  281    3025   806  2948  2947
  282    1755  1750  1757  1754
  283    1302  1237  1236  1280
  284    3915  3913  3938  3937
  285     303   307   266   306
  286      57    69    70    67
  287    1266  1265  1264  1221
  288    2430  2443  2440  2442
  289    5870  5866  5915  5914
  290    3563  3564  3582  3499
  291    3776  3737  1702  3777
  292    5190  5237  5236  5123
  293     355   275   278   354
  294     112   174   177   175
  295      57    41    67    55
  296     244  2519  2518   200
  297    7161  7076  7116  7117
  298     337   250   324   325
  299    6157  6162  6155  6161
  300     642  1762  1760   640
  301     550  2718  2769  2707
  302    4131  4150  4129  4154
  303    4782  4858  4793  4785
  304    3276  3281  3252  1118
  305     579   581   505   508
  306     717   714   720   715
  307    1052  1041   998  1049
  308    1605  1606  1608  1609
  309    3460  3462  3461  3459
  310     564   584   591   589
  311     367   366   405   450
  312    6366  6363  6353  6307
  313     166   219   221   167
  314    2559  2499  3575  2561
  315     409   438   411   434
  316    2968  2988  3988  2966
  317    1210  1209  1163  1165
  318    2025  2042  2037  2023
  319     428   461   465   466
  320     776   808   827   824
  321    4195  4174  4183  4175
  322     184    97    92   126
  323     656   667   652   650
  324     331   255   343   254
  325    2394   101  2391   123
  326    4074  4053  4067  4076
  327    3237  3231  3238  3232
  328    1745  1743  1752  1664
  329    1744  1748  1742   624
  330    7606  7511  7616  7605
  331    6070  6132  6137  6071
  332    2366  2291  2380  2349
  333     748   762  1879   744
  334    1047  1000  2168  1053
  335     730   690   729   692
  336    3158  3152  3193  3146
  337     615   622   621   617
  338    3736  3771  3735  3773
  339    1524  1519  1521  1523
  340    1019  1040   980  1017
  341    1476  1477  1427  1431
  342    1003  1004   938   934
  343    3875  3886  3876  3873
  344     748  1881  1879   762
  345     764  1881   748   762
  346     658   659   588   526
  347     619   622   621   615
  348     539   544   545   543
  349    4148  4151  4149  4154
  350    1936  1952  1953  1914
  351    5332  5395  5394  5405
  352     859   850   855   985
  353     885   898   918   897
  354     711   712   713   724
  355     811   829   827   808
  356     774   779   777   787
  357    1012   994  2146  2156
  358     958  1011   960  1008
  359     846   848   941   926
  360    5162  6190  5237  5164
  361     274   275   278   276
  362     633   636   634   631
  363     487   437   490   500
  364     438   439   436   493
  365     512   513   551   542
  366    2729  2732  2726  2730
  367    4316  3221  4314  4230
  368     869  3028  3026   880
  369     718   728   726   725
  370    4387  1133  4386  1082
  371    4392  1126  4391  1124
  372     609   611   613   612
  373     806  2944  2973  2948
  374     639   642   644   641
  375     799   800   802   791
  376     658   526   588   525
  377    2902  2931  2898  2932
  378    2453  2450  2505  2451
  379    2981  2961  2982  2984
  380     487   495   436   437
  381    2689  2674  2675  2677
  382    2743  2741  2744  2714
  383    3025   869  3027  3026
  384    1064  1056  1066  1067
  385    3690  3715  3719  3692
  386     602   599   605   600
  387    1137  1101  1135  1125
  388    1096  1100  1097  1094
  389    3033  3038  3037  3029
  390    1070  1119  1059  1067
  391    1026  1027  1030  1024
  392    1140  1132  2257  1142
  393    3976  2960  3986  2978
  394    2706   546  2745  2707
  395    3381  3374  1223  3383
  396    3129  3115  3117  3102
  397    4198  4201  4203  4200
  398    7374  5548  7367  7373
  399    6357  4409  4453  7098
  400     648   519   602   657
  401    3229  1092  3228  1102
  402    1049  1041  1068  1052
  403    3157  3156  3155  3154
  404    1036  1037   991   989
  405      60  1183  1185  1179
  406     873   915   882   862
  407    4402  4445  4444  4447
  408     831   792   802   800
  409    1087  1091  1090  1093
  410     916   883   884   912
  411    1862  1801  1799  1867
  412     777   780   778   788
  413    2455  2457  2528  2509
  414    3297  3301  3302  3195
  415    4551  4544  4550  4548
  416     648   520   555   647
  417    3202  3175  3188  3176
  418    2945  2943  2946  2937
  419    2260  2282  2284  2280
  420    5548  7368  7367  5546
  421     812   811   830   828
  422    2189  4206  4214  4169
  423    1046  1044  1047   999
  424    4062  4061  4142  4146
  425    3615  3644  3645  3653
  426     556   515   520   648
  427    6794  6785  6787  6798
  428     667   654   656   739
  429     304   309   324   307
  430    3009  2942  2990  2994
  431     690   693   691   688
  432    3838  3861  3863  3864
  433     296   291   347   295
  434     650   654   656   667
  435     584   527   588   528
  436     784   776   827   824
  437    4360  4363  4417  4362
  438    2948  3025  3026   866
  439     621   600   602   606
  440    2597  2548  2599  2600
  441     604   633   621   619
  442    3085  3081  3086  3088
  443    3881  2883  3883  3929
  444    1611  1614  1554  1552
  445     826   829   837   810
  446     830  1950  1956   814
  447    2891  2908  2890  2889
  448     526   659   588   593
  449     919   920  3074  3060
  450     598   566  1716   568
  451    1641  1640  1638  1643
  452    2409  2411  2434  2438
  453    4192  4194  4195  4190
  454    2513  2542  2581  2515
  455     374   353   370   355
  456     428   431   429   489
  457    2681  2678  2646  2680
  458     581  2723  2776  2722
  459    1409  1449  1448  1446
  460    6208  6217  6223  6209
  461    3024  3021  3023  3122
  462    1153  1173  1171  1174
  463     269   274   317   319
  464     449   364   450   448
  465     481   545   548   573
  466    4503  4500  4507  4501
  467    2723  2776  3770   582
  468    5779  5787  5834  5788
  469       0     1     6    27
  470     116    72    70   111
  471     338   340   259   262
  472    2611  2574  2612  2569
  473     407   472   413   486
  474      26     0    27     2
  475    2710  2650  2734  2733
  476    1231  3419  1253  3400
  477     201  2519  2522   245
  478    3703  3694  3696  3707
  479     161   176    90    88
  480     312   230   231   232
  481     162    94    90    95
  482     168   223   221   220
  483    2093  2154  2095  2151
  484      72    67    68    70
  485      57    41    43    67
  486      10    30    28    31
  487    2618  2617  2622  2619
  488      41    43    67    45
  489     450   453   454   452
  490    3545  3548  3592  3547
  491     269   271   344   317
  492     659   526   531   593
  493     245  2519   200   201
  494    1619  1564  1621  1626
  495     137    88   174   159
  496     574   579   505   572
  497     475   477   479   496
  498      38    37    39    36
  499    1040  1041  1049   997
  500    4451  4400  4406  4450
  501     311   230   312   310
  502     361   363   365   360
  503     236   242   221   169
  504     352   356   358   353
  505    2237  2246  2258  2238
  506     516   517   551   512
  507     271   307   344   317
  508     308   305   315   314
  509     548   575   550   481
  510     475   492   415   413
  511     278   273   346   319
  512      44    45    46    42
  513     319   277   278   274
  514     413   472   477   494
  515     405   467   470   450
  516     450   449   405   367
  517     144    86   110   112
  518     168   169   221   223
  519    2355  2293  2297  2296
  520     212   141   152   234
  521    2644  2609  2645  2642
  522    5767  5770  5769  5774
  523     113   180   177   115
  524     416   435   432   434
  525       2     0    27     1
  526     276   273   295   278
  527    2673  2680  2641  2671
  528    2734  2690  2693  2692
  529    3406  3412  1259  1258
  530     543   547   548   558
  531     543   540   545   539
  532    4443  4451  4400  4401
  533      24    26    25     3
  534    2922  2883  3929  2924
  535    3343  3413  3347  3348
  536      92   184   165    97
  537     167   236   221   169
  538     477   473   479   476
  539    2735  2703  2737  2730
  540    1627  1625  1624  1571
  541    2623  2619  2622  2617
  542     357   359   358   353
  543     309   307   303   306
  544    3093  3089  3094  3096
  545    4049  2009  2008  2035
  546    3267  3274  3272  3271
  547    2887  2889  2910  2919
  548    1064  1032  1066  1027
  549     806   805  3025   866
  550     833   817  2969   796
  551    7558  7564  7565  7559
  552    2904  2908  2887  2886
  553    2807  2763  2758  2757
  554    3625  3628  3626  3624
  555    7505  7508  7503  7506
  556     250   336   324   227
  557    2640  2623  2672  2670
  558    3115  3098  3111  3117
  559    6518  6513  6515  6514
  560    3094  3089  3090  3096
  561    4182  4174  4195  4194
  562    1065  1041  1057  1068
  563    3123  3125  3119  3126
  564     334   258   332   335
  565    3226  3230  3231  3227
  566    3141  1025  3140  3139
  567    2151  2094  2095  2092
  568     328   326   331   330
  569    3844  3869  3839  3871
  570    3159  3295  3209  3296
  571    1570  1548  1585  1550
  572    3711  3710  3712  3709
  573    2777  2775  2724  2721
  574    1104  1101  1135  1137
  575    4102  4153  4103  4158
  576      80  2347  2370  2353
  577    2815  2824  2812  2834
  578    3260  3273  3264  3266
  579    3065  3070  3053  3066
  580    3405  3408  3340  3406
  581    2548  2597  2599  2545
  582    2620  2617  2577  2578
  583    3137  3133  3063  3138
  584    2905  2908  2887  2904
  585     714   653   717   716
  586     361   359   358   356
  587    3071  3082  3081  3067
  588    2973   835  2969   806
  589     757   737   741   715
  590    3159  3295  3296  3160
  591    2488  2479  2486  2413
  592     127   132  2394   123
  593    1121  1132  1142  1122
  594    3131  3061  3132  3127
  595    2733  2703  2737  2710
  596     559   585   586   563
  597    2658  2657  2659  2661
  598    2737  2710  2738  2733
  599    3181  3150  3179  3144
  600     323   321   325   320
  601    3117  3113  3100  3098
  602    3000  2999  3100  3097
  603    2938  2944  2946  2971
  604    3015  2994  3009  3011
  605    2891  2908  2912  2890
  606     841  2975  2979   836
  607    2542  2584  2543  2582
  608    2521  2464  2527  2520
  609    2616  2615  2618  2617
  610    3867  3878  3868  3865
  611    7025  7022  6989  7024
  612     506   481   483   575
  613    1406  1408  1488  1405
  614    2188  4169  4185  4168
  615    2643  2610  2635  2609
  616    2303  2305  2374  2367
  617     244  2519   200   245
  618    7044  7027  7046  7039
  619    3517  3421  3518  3468
  620    2993  2999  2995  3000
  621    2747  2746  2751  2745
  622    3334  3413  3347  3330
  623    2733  2690  2734  2692
  624    2669  2663  2665  2664
  625     490   488   491   430
  626    2570  2624  2591  2595
  627    2482  2551  2550  2553
  628    3636  3609  3637  3634
  629     439   435   432   433
  630    1024  1031  1032  1030
  631    5618  5619  5614  5600
  632    2413  2481  2412  2414
  633    2738  2734  2711  2743
  634    3609  2602  3634  2608
  635    2479  2413  2412  2363
  636    2324  2320  2325  2327
  637    3385  3321  3325  2321
  638     103   101  2389  2392
  639    2558  2560  2495  2498
  640    5877  5904  5906  5900
  641     475   412   415   414
  642     100  2388  2390    82
  643     165    97    96    94
  644     250   253   251   337
  645     163   182    90   161
  646    3330  3345  3349  3332
  647    3345  3332  3415  3349
  648     186   189   188   130
  649    3710  3709  3711  3713
  650     205   204  2523   249
  651    2574  2573  2612  2576
  652    2650  2690  2734  2733
  653    2812  2810  2809  2813
  654    2813  2766  2809  2765
  655    2934  2932  2898  2931
  656    3783  3782  3785  3797
  657    2601  2596  2594  2592
  658    2630  2632  2633  2607
  659    4078  4089  4088  4074
  660    4371  1099  4369  4384
  661    2416  2333  2357  2382
  662    2403  2420  2422  2418
  663    2434  2432  2435  2422
  664    3760  3758  3766  3730
  665    1631  1693  1695  1700
  666    2739  2734  2691  2693
  667     401   418   434   403
  668    2839  2856  2815  2854
  669     461   466   463   465
  670    2634  2609  2606  2642
  671    3535  3483  3536  3485
  672     858   860  2068   950
  673    2927  2900  2928  2894
  674    1405  1384  1390  1485
  675    2670  2623  2672  2655
  676    2619  2578  2636  2616
  677    2654  2656  2655  2657
  678    2602  3634  2631  2598
  679    3650  3678  3680  3651
  680    3118  3125  3116  3135
  681    2151  2092  2095  2093
  682    2815  2833  2812  2813
  683    7597  7592  7575  7594
  684     691   689   696   638
  685    3040  3038  3036  3037
  686    2209  2205  2212  2206
  687    7074  7117  7114  7116
  688    3974  3975  3960  3958
  689    3700  3707  3696  3694
  690    1093  1092  3229  1102
  691    2929  2889  2927  2894
  692    2844  2846  2848  2845
  693    1968  1976  1979  1977
  694    2734  2733  2738  2710
  695    3250  3288  3278  3249
  696    3626  3625  3627  3629
  697     911   891   912   914
  698     614   688   690   637
  699    2589  2600  2599  2548
  700    2521  2519  2524  2463
  701    3066  3073  3054   914
  702    1118  1131  1121  1110
  703    3772  3781  3780  3768
  704    1029  1035  1066  1115
  705    3713  3718  3719  3714
  706    3963  4002  3981  3965
  707    6461  6458  4474  6459
  708    1071  2186  1069  1061
  709    2971  2955  2972  2982
  710    7281  5500  4547  5504
  711    3838  2829  3855  3836
  712    1109  1107  1116  1115
  713     495   502   493   500
  714    3049   889  3050  2973
  715    3065   913  3053   880
  716     887   891   913   914
  717    3177  3163  3140  3161
  718    3070  3068  3072  3067
  719    2971  2955  2938  2969
  720    2738  2710  2711  2734
  721     984   900   904   899
  722    1051  1049  1065  1068
  723    1085  1028  1029  1088
  724    2969  2955  2972  2971
  725    2913  2914  2909  2908
  726    1015  1017   980   978
  727    2947  2944  2943   805
  728    1861   746  1863   744
  729    2235  2186  2178  2236
  730    4049  3978  2010  3979
  731     330   251   342   325
  732     564   563   586   584
  733     880   864  3026   869
  734     246   202   248   199
  735     242   244   198   245
  736    2527  2529  2471  2532
  737    2520  2464  2526  2453
  738    2862  2865  2830  2863
  739    2539   340  2586   341
  740     199   201   248   245
  741    3864  3862  3838  3861
  742     385   394   375   392
  743    2359  2388  2351    84
  744    2661  2665  2688  2659
  745    3393  1226  3394  3373
  746    3577  3580  3579  3513
  747    3543  2541  3587  3585
  748     225   244  2518   173
  749    2503  2451  2518  2520
  750    1328  3526  1372  1327
  751    1311  1246  1312  1250
  752    2597  2602  2598  2600
  753    3324  3328  3335  3322
  754    2289  2288  2349  2347
  755     508   580   582   509
  756    2744  2715  2740  2714
  757    2881  2885  3883  2879
  758    3594  3553  3554  3596
  759    2382  2314  2383  2334
  760    3457  3432  3434  3459
  761    3375  2373  3371  2375
  762    1283  1305  1280  1237
  763    1273  1274  1268  1338
  764    2313  2326  2324  2317
  765     175   145   178   113
  766    1372  1326  1375  1328
  767    3373  1226  3394  3374
  768    1366  1355  1291  1365
  769     567   579   598   597
  770    2185  2177  2176  2187
  771    2092  2150  2151  2094
  772    3910  3928  3937  3932
  773    2036  2032  2004  2037
  774    7272  7243  7275  7276
  775    2286  2287  2355  2293
  776    6205  6216  6208  6195
  777    2812  2813  2809  2811
  778    3204  4196  4314  4230
  779    1116  1067  1059  1119
  780     905   988   987   909
  781    7232  7149  7146  7147
  782    3101  3108  3107  3102
  783    4231  4230  4315  4196
  784    1909  1917  1919  1922
  785    3272  4263  3256  4287
  786    7193  7192  7195  7198
  787     949   942   852   854
  788    5579  5588  5581  5575
  789    7359  7353  7346  7357
  790    3292  3301  3297  3160
  791    2008  2035  2034  4049
  792    2035  4049  4054  4056
  793    3008  3020  4022  3006
  794    1379   257  1458  1462
  795    3912  3919  3943  3915
  796    1944  1964  1962  1941
  797    3193  3146  3173  3189
  798    4065  4052  4053  4069
  799    7764  7762  7761  7732
  800    4284  4282  4258  4257
  801    2744  2714  2740  2739
  802    3016  3009  3010  3012
  803    2455  2507  2528  2526
  804    4065  4072  4053  2035
  805     924   928   930   945
  806    4130  4121  4134  4128
  807     534   524  1704   590
  808     569   565   592   591
  809     732   731   752   750
  810    4259  4266  4265  4261
  811    4010  4000  3998  4011
  812    4009  4008  4004  3996
  813    4308  4297  4306  4307
  814     662   666   668   675
  815    4171  4214  4185  4173
  816    3959  3975  3961  3980
  817    1117  1137  3280  1138
  818    3128  3135  3130  3062
  819    3297  3195  3298  3214
  820    3087  3044  3131  3048
  821    6706  7481  6708  7459
  822    6582  6586  6593  6580
  823    3127  3061  3129  3032
  824    3126  3123  3136  3124
  825     670  1798   674  1800
  826    6830  6763  6762  6791
  827    7269  7268  7270  7199
  828    3219  3203  3221  3204
  829    3255  3250  3289  3283
  830    3989  3992  3969  3967
  831    3193  3156  3191  3195
  832    3123  3126  3136  3125
  833    3305  3303  3306  3220
  834    3300  3214  3215  3217
  835    3223  4316  4232  3221
  836    3532  3480  3559  3482
  837    3208  3209  3294  3292
  838    3009  3011  3012  3016
  839    3523  3521  3583  3584
  840    4160  4102  4115  4103
  841    3024  4026  3018  3022
  842    2869  2866  2868  2879
  843    4048  3978  2010  4049
  844    2919  2892  2920  2915
  845    4125  4144  4134  4132
  846    2968  3988  4020  3968
  847    2987  2967  2988  3018
  848    3870  3845  3893  3895
  849    2920  2933  2895  2930
  850    3011  3009  3012  3001
  851    2834  2824  2835  2855
  852    2831  2863  3861  2837
  853    3113  3098  3117  3111
  854    2821  2828  2800  2823
  855    3120  4120  4126  4122
  856    2608  2631  3636  2633
  857    2640  2621  2619  2623
  858    3438  3463  3465  3461
  859    2789  2784  2801  2782
  860     383   393   382   395
  861    1540  1539  1536  1538
  862    3605  3603  3552  3555
  863    1703  3745  3811  3738
  864    2640  2638  2641  2636
  865    1370  1320  1373  1326
  866    3352  3388  3354  3391
  867    2647  2644  2642  2646
  868    3784  3796  3799  3797
  869    3632  3630  3664  3662
  870    2771  2769  2772  2720
  871     339   338   262   341
  872    3619  3548  3617  3567
  873      66    76  1197    74
  874    1279  1302  1301  1236
  875    1618   445  1565   447
  876    5892  5888  5895  5894
  877    2477  2476  2559  2533
  878    2342  2344  2387  2386
  879    3630  3631  3661  3629
  880    2640  2671  2641  2638
  881    3667  3653  3665  3669
  882    1277  1280  1234  1278
  883    2321  2320  2325  2385
  884    2440  2446  2447  2444
  885    2698  2739  2740  2652
  886    3885  3891  3892  3889
  887    1642  1581  1638  1639
  888    3461  3462  3457  3459
  889    3649  3611  3612  3647
  890    4087  4083  4094  4146
  891    2683  2681  3681  3683
  892    3455  3415  3367  3362
  893    3391  3359  3392  3361
  894    3439  3429  3442  3441
  895    3922  3951  3924  3921
  896    3422  3421  3518  3517
  897    2340  2386  2387  2322
  898    3589  2547  3587  3549
  899    3435  3433  3436  3438
  900    3600  3590  3552  3551
  901    2684  2697  2685  2682
  902    2421  2428  2430  2419
  903    2633  3638  3636  2608
  904    3626  3571  3623  3624
  905    3423  2345  3387  3355
  906     430   445   491   444
  907    2701  2695  3699  2697
  908    3632  3616  3665  3667
  909    3797  3792  3782  3796
  910    1158  1190  1155  1157
  911    3910  3932  3937  3912
  912     121   131  1309   187
  913    2342  2386  2335  2337
  914    3441  2443  3445  2441
  915    1680  1706  1707  1684
  916    2559  2477  3573  2499
  917     703   753   733   706
  918    3781  3793  3783  3794
  919    3603  3605  3598  3607
  920    2679  3679  2647  3677
  921    3516  3580  3583  3514
  922    3981  4006  1967  3985
  923    4034  4021  4030  4023
  924    2881  2878  2868  2880
  925    3701  3682  3689  3703
  926    4080  3076  4070  4066
  927    3006  3020  3018  3005
  928    4127  4144  4134  4125
  929    4250  4278  4289  4283
  930    3872  3869  3844  3871
  931    7273  7215  7271  7240
  932    4259  4266  4264  4263
  933    3854  3850  3852  3851
  934    4121  4120  4123  4127
  935    1898  1866  1870  1904
  936    4124  3124  4126  4138
  937     892   914   888   919
  938    3841  3850  3807  3843
  939    2241  2252  2242  2233
  940    2675  2694  2696  2682
  941    1879   744  1863   748
  942    3978  3974  1960  3979
  943     716   653   717   655
  944     326   285   328   329
  945     754   707  1871   734
  946    2210  2189  2213  2181
  947    4158  4157  4103  4102
  948    1785  1779  1781  1778
  949    3776  3736  3778  3771
  950    3683  3695  3696  3681
  951    1730  1701  1740  1689
  952    4108  4104  4105  4101
  953    3321  3324  3322  3328
  954    4259  4263  4264  4249
  955    7273  7150  7269  7133
  956    3659  3658  3630  3629
  957    4092  4078  4093  4088
  958    2237  4279  2257  1122
  959    2278  2274  2279  2273
  960    1049  1040  1065  1041
  961    2057  2003  1999  2002
  962    3171  3187  3185  3166
  963    3982  3977  3961  3990
  964    1869  1865  1884  1870
  965    1641  1640  1605  1638
  966    1635  1703  1732  1701
  967    3558  3557  1399  1347
  968    3365  3416  3366  3415
  969    3411  3382  1229  3384
  970    3745  3746  1654  1729
  971    3610  3639  3644  3612
  972    3485  3573  3574  3535
  973    2600  2548  2598  2597
  974    3481  3537  3531  3478
  975    1635  1732  1651  1730
  976    1373  1376  1329  1374
  977    3690  3692  3719  3704
  978    3764  3743  3761  3741
  979     787   788   828   779
  980    3504  3501  3502  3443
  981    3358  3392  3415  3332
  982    3661  3630  3664  3631
  983    1672  1735  1676  1675
  984    3659  3629  3625  3628
  985    1218  1221  1220  1219
  986    1480  1403  1401  1404
  987    3322  3326  3335  3333
  988    3474  3404  3517  3506
  989    1672  1675  1671  1734
  990    1402  1479  1401  1480
  991    1585  1570  1568  1548
  992    1639  1648  1643  1642
  993    5433  5402  5348  5432
  994    1262  1263  1261  1272
  995    1491  1481  1420  1437
  996    1330  1374  1329  1376
  997    3419  3398  1231  3417
  998    1585  1586  1583  1590
  999    3329  3322  3335  3333
 1000    3565  1488  1407  1487
 1001    1908  1918  1919  1916
 1002    1207  1214  1212  1213
 1003     121   187  1309   181
 1004    4231  4196  4228  4230
 1005    3796  2788  3784  2790
 1006    1466  3546  3592  3545
 1007     437   439   433   446
 1008    1949  1952  1933  1911
 1009     590  1706   592   570
 1010    3349  3343  3347  3344
 1011    3661  3663  3664  3662
 1012     427   437   490   487
 1013    3060   919  3059  3074
 1014    1209  1165  1156  1163
 1015     592  1706  1716   566
 1016     129   189  1311   131
 1017    1620   445  1618   499
 1018    1836  1830  1839  1838
 1019    3951  3949  3947  3950
 1020    4979  4974  4999  4978
 1021    3824  3789  3803  3795
 1022    1396  1395  1341  1343
 1023    3805  3846  3848  3833
 1024    3824  3826  3803  3791
 1025    3619  3592  3617  3548
 1026    3319  3312  3314  3379
 1027      76  1199  1197    74
 1028    1487  1390  1392  1467
 1029    3674  3741  3730  3762
 1030    4302  4304  4299  4303
 1031     171   168   223   169
 1032     112   175   177   113
 1033    3396  3395  1246  1224
 1034    1552  1601  1596  1614
 1035    1154  1177  1174  1172
 1036    1426  1473  1425  1421
 1037    1501  1511  1513  1514
 1038    1143    17  1169  1149
 1039      13    52    54    61
 1040    1769  1754  1755  1757
 1041    1753  1752  1757  1750
 1042     386   363   390   388
 1043    3826  3827  3828  3848
 1044     255  1379  1462   257
 1045    1582  1639  1638  1581
 1046    7713  7765  7695  7762
 1047    1954  1952  1955  1936
 1048    1923  1914  1915  1953
 1049    1772  1827  1829  1773
 1050    2954  2975  2970  2956
 1051     437   446   444   498
 1052     329   285   328   289
 1053    3882  3928  3930  3935
 1054    3984  3975  1961  3980
 1055     328   289   348   349
 1056    3343  3330  3347  3413
 1057     828  1950   830   812
 1058    3398  3397  1232  3381
 1059    1645  1589  1572  1587
 1060    1234   117  1236  1279
 1061    1642  1639  1638  1643
 1062    1673  1674  1679  1676
 1063    2394   123  2391   127
 1064      86   142   144   110
 1065    2311  2375  3371  2309
 1066     323   280   284   328
 1067    3372  3370  3383  3379
 1068     203   249   247   202
 1069    1937  1976  1978  1968
 1070     852   947   940   953
 1071    1735  1675  1672  1734
 1072    1657  1710  1690  1711
 1073    2299  2294  2298  2296
 1074     779   827   787   776
 1075    1122  2245  2257  2237
 1076    1640  1579  1556  1608
 1077    1456  1447  1451  1449
 1078    1390  1487  1485  1465
 1079    2444  2490  2493  2491
 1080     412   468   473   413
 1081     153   238   156   216
 1082      47    49    45    44
 1083       7     0     6     4
 1084    6080  6004  6108  6107
 1085     274   273   319   269
 1086    2452  2504  2507  2505
 1087    3092  3063  3064  3138
 1088    3386  3310  3389  3322
 1089    1333  1266  1295  1334
 1090    2264  2207  2267  2263
 1091     161    88    90    89
 1092      76    73    75    78
 1093    2503  2451  2520  2505
 1094     252   336   229   332
 1095     342   333   253   338
 1096    2383  2337  2335  2386
 1097    3453  3454  3449  3447
 1098     444   446   447   499
 1099     348   350   282   345
 1100      42    45    46    43
 1101     333   338   259   253
 1102    1480  1404  1401  1402
 1103    1441  1491  1438  1492
 1104    1521  1512  1514  1523
 1105    1506  1504  1510  1533
 1106     374   385   387   375
 1107    1541  1605  1539  1603
 1108    1719  1688  1700  1718
 1109    1306  1305  1283  1242
 1110    1242  1243  1240  1284
 1111    3411  3378  3405  3407
 1112    3373  1222  3376  3375
 1113    3393  1226  3373   109
 1114    3445  2441  3439  3441
 1115    1487  1488  1407  1408
 1116     189   131   130   187
 1117     126   122  2391  2390
 1118     498   500   437   493
 1119    3613  3640  3643  3642
 1120    3408  3413  3341  3414
 1121    3389  3372  3314  3386
 1122    2790  2804  3798  2802
 1123     326   321   330   328
 1124     498   502   503   500
 1125      34    11    29    31
 1126     118   113   180   178
 1127     131   120   130   187
 1128     499   498   503   501
 1129    1727  1728  1723  1726
 1130     576   507   505   581
 1131    1626  1629  1628  1624
 1132    2604  2603  2625  2627
 1133    1640  1615  1556  1558
 1134    1823  1830  1855  1828
 1135     283   322   345   344
 1136     621   600   606   604
 1137    1746  1760  1761  1758
 1138    1745  1664  1792  1791
 1139    2885  2878  2879  2881
 1140    2976  2975  2980   841
 1141    2975   818   839   821
 1142     838   820  1956  1958
 1143    4015  4012  4014  4023
 1144    1989  2080  2076  1994
 1145    2884  2923  2882  2875
 1146    2163  2150  2151  2126
 1147    1608  1598  1602  1600
 1148    3198  3200  4194  3202
 1149    5987  5886  5989  5986
 1150    2948   866  2973   806
 1151    7384  5562  7383  5564
 1152    2133  2167  2173  2199
 1153    1850  1901  1849  1846
 1154    1587  1642  1639  1581
 1155    1047  1000  2160  2168
 1156    4195  4182  4183  4174
 1157    4049  4051  4056  2035
 1158    3955  3951  3957  3956
 1159    1935  1938  1954  1962
 1160     817   833  2970   834
 1161    7253  7257  7131  7130
 1162    2237  4252  4276  4251
 1163    4556  6570  4558  6569
 1164    2006  2038  2039  2043
 1165    3997  4009  4005  3996
 1166    3965  4002  3981  4004
 1167    3990  3964  3961  3982
 1168    4058  4059  2040  4073
 1169    5602  5569  5595  5573
 1170    2114  2068  1990   860
 1171    4056  4058  2040  2035
 1172    4391  4390  4384  1123
 1173    1063  1062  1071  1120
 1174    2242  2275  2271  2234
 1175    5320  1083  4353  5314
 1176    4188  4175  4202  4183
 1177    2184  2186  2176  1061
 1178    3182  3165  3180  3166
 1179    1122  1121  3282  3286
 1180    4251  3258  4277  4275
 1181    1039  1044  1046   998
 1182    7159  7178  7169  7171
 1183    6485  6468  6510  6484
 1184    3290  3284  3256  3255
 1185    3059  3075  3077  3054
 1186     624   626  1744  1748
 1187    1879   748  1863  1881
 1188     586   584   591   564
 1189    1922  1952  1911  1914
 1190    1948  1950  1932  1951
 1191    1539  1537  1536  1538
 1192     491   489  1612   431
 1193    1937  1939  1978  1955
 1194    1954  1952  1936  1933
 1195    1061  2184  1069  1047
 1196     954   952  2072   948
 1197    6377  4455  4461  7118
 1198    2180  2177  2188  2190
 1199    2121  2026  2031  2030
 1200    1579  1582  1580  1638
 1201    4115  4160  4114  4102
 1202    1986  2116  2020  2117
 1203    1042  1043   993  1011
 1204    2039  2007  2060  2019
 1205    6210  6213  6275  6212
 1206    7072  7152  7153  7112
 1207    2063  2061  2052  2060
 1208    2108  2154  2112  2155
 1209    1918   780  1910  1948
 1210    1535  1537  1536  1539
 1211     345   283   323   322
 1212    4239  4328  4245  4237
 1213    2130  2169  2160  2168
 1214    4855  4873  4851  4876
 1215    2253  2221  5354  5355
 1216    1989  1988  2069  2073
 1217    1533  1534  1535  1538
 1218    4065  4052  2034  4053
 1219    2122  2146  2157  2147
 1220    6591  6594  6593  6587
 1221    2138  2097  2127  2154
 1222    4749  4773  4771  4744
 1223    1053  2184  2168  1047
 1224     641   644   639   643
 1225     734  1851   699   707
 1226    5373  7099  7104  5415
 1227     428   466   465   489
 1228     697  1824  1822   695
 1229    1938  1954  1955  1936
 1230    1949  1951  1933  1954
 1231    1827  1772  1829  1826
 1232    1534  1533  1527  1530
 1233    4386  1082  4354  4387
 1234    1012   970  2146   994
 1235    2146  2144  2147  2086
 1236    2058  2053  2059  2055
 1237    1876  1838  1839  1856
 1238    1878  1876  1902  1858
 1239    2134  2077  2100  1997
 1240    1686  1713  1712  1719
 1241    6536  6543  6534  6532
 1242    1839  1830  1831  1856
 1243    1482  1491  1438  1437
 1244    3994  3996  4003  4002
 1245    1995  2081  2104  2075
 1246    7095  7185  7094  7187
 1247    7167  7192  7190  7165
 1248    2245  2255  5359  5358
 1249    1999  2002  1998  2057
 1250    2048  1967  1984  4006
 1251     699   694   695   697
 1252    1498  1509  1505  1496
 1253    1441  1444  1443  1442
 1254     639   642   640   644
 1255    1605  1638  1579  1580
 1256    1435  1493  1418  1491
 1257    3907  3901  3906  3902
 1258    1530  1444  1443  1445
 1259    1444  1493  1439  1441
 1260    1752  1743  1756  1750
 1261    1542  1537  1540  1538
 1262    6133  6131  6098  6134
 1263    7171  7175  7168  7170
 1264    2001  2000  2101  2104
 1265    5577  5581  5576  5603
 1266    2081  1994  1995  2077
 1267    2123  2150  2162  2126
 1268    4321  4204  4205  4237
 1269    2188  4169  4168  2174
 1270    1844  1841  1845  1846
 1271    1995  2077  2104  2081
 1272    2151  2092  2097  2096
 1273    2276  2274  2275  2279
 1274    5378  2222  5325  5340
 1275    4275  4280  2237  4279
 1276    1892  1891  1890  1889
 1277    2025  2023  2037  2022
 1278    2166  2132  2164  2167
 1279    2036  2037  2004  2022
 1280    7297  7299  7293  7300
 1281    2240  2182  2191  2190
 1282    7238  7248  7250  7242
 1283    1957  1941  1935  1962
 1284    3770  3771  3735  3733
 1285    1959  3980  1961  3975
 1286    2027  2136  2031  2058
 1287    1647  1627  1572  1625
 1288    3736  3778  3774  3739
 1289    5567  5580  5571  5573
 1290    1864  1883  1885  1869
 1291    1755  1769  1784  1767
 1292    3468  3467  3470  3519
 1293    3935  3928  3930  3937
 1294    7184  7191  7190  7186
 1295    3844  3869  3870  3857
 1296     646  1820  1822  1764
 1297    4008  3965  4004  3996
 1298     778  1916   786  1918
 1299    1679  1675  1738  1673
 1300    5207  5202  5285  5206
 1301     968   966  2146  1012
 1302    2058  2056  2059  2065
 1303    4027  4021  4034  4023
 1304    4274  4271  4272  4267
 1305    2188  2177  2185  2190
 1306    3200  4192  4194  4196
 1307    4169  4171  4185  4168
 1308    6227  6144  6143  6105
 1309    7327  7331  7357  7358
 1310     960  1011  1006  1008
 1311    7105  5421  7134  5377
 1312    7109  5421  7105  5420
 1313    5438  5419  5375  5421
 1314    7308  7302  7331  7304
 1315    7334  5536  7321  7333
 1316    7232  5456  7236  5457
 1317    6242  6294  6247  6292
 1318    5019  5026  5028  5030
 1319    7333  7336  7334  5538
 1320    2239  2182  2240  2190
 1321    5499  5498  5505  5503
 1322    4214  4171  4185  4169
 1323    5719  5762  5721  5723
 1324    2098  2105  2099  2103
 1325    7309  5514  7311  7312
 1326    5378  2226  5379  2225
 1327    5484  5488  5489  5482
 1328     843   847   874   848
 1329    5535  5524  5529  5525
 1330    6008  6046  6112  6111
 1331    6320  6389  6386  6388
 1332    7098  4409  6309  6357
 1333    1075  4368  4369  1074
 1334    1990  2115  2069  2068
 1335    3794  3773  3781  3793
 1336    2240  2234  2268  2232
 1337    5334  5399  5396  5398
 1338    5342  5345  5344  5338
 1339    7297  7299  6556  7293
 1340    5380  2254  5378  2277
 1341    2275  2282  5382  2252
 1342    2172  2175  2173  2189
 1343    4428  6332  4380  4381
 1344    2183  2182  2191  2240
 1345    2279  2274  2275  2273
 1346    2260  2252  5382  2282
 1347    1099  1075  4369  4382
 1348    5469  5467  5473  5480
 1349    6386  6321  6303  6387
 1350    5372  7099  5373  5415
 1351    5629  5626  5627  5622
 1352    5582  5587  5586  5589
 1353    5609  5613  7393  5620
 1354    4653  5612  4651  5610
 1355    5936  5916  5953  5952
 1356    5404  5362  5407  5406
 1357    6464  6481  6462  6480
 1358    5795  5783  5837  5780
 1359    7800  7795  7823  7796
 1360    2027  1992  2121  1993
 1361    7371  5552  4583  7385
 1362    4544  4530  4548  4549
 1363    7068  7105  7104  7107
 1364    5508  5512  7289  7290
 1365    6578  6572  6576  6585
 1366    2042  2006  2038  2005
 1367    4617  4642  4644  4619
 1368    5453  7207  5452  7205
 1369    7063  7099  7104  5373
 1370    7310  5514  7312  5515
 1371     342   338   253   256
 1372    6412  6325  6327  6405
 1373    7242  7239  7238  7237
 1374    2217  2248  2218  5351
 1375    5322  2221  5328  2218
 1376    5576  5581  5580  5603
 1377    5411  5369  5367  5434
 1378    5810  5805  5812  5809
 1379    6562  7341  6592  6558
 1380    7077  7161  7091  7184
 1381    5635  5625  5624  5629
 1382    5452  7205  7129  5453
 1383    4434  6344  4435  6345
 1384    4897  5005  4896  5004
 1385    7384  7382  7381  5562
 1386    6203  6205  6208  6195
 1387    7585  7584  7574  7587
 1388    7394  5557  5617  7417
 1389    7374  7368  7367  5548
 1390    6473  6476  6463  6455
 1391    7041  7046  7027  7039
 1392    7116  7076  7074  7117
 1393    3069  3053  3067  3030
 1394    5411  5368  5369  5419
 1395    5382  2273  5380  2279
 1396    3160  3296  3209  3292
 1397    5105  5095  5015  5109
 1398    5837  5795  5838  5783
 1399    5931  5935  5955  5980
 1400    5946  5942  5957  5956
 1401    4644  4621  4615  4611
 1402    5844  5820  5862  5822
 1403    6980  6942  6982  6979
 1404    7780  7778  7776  7775
 1405    5132  6956  5136  5135
 1406    6710  7483  6751  6753
 1407    5965  5964  5979  5974
 1408    4812  5791  4830  4826
 1409    7773  6992  6994  7031
 1410    4619  6620  4618  4567
 1411    6626  6621  6619  6622
 1412    6082  6077  6005  6086
 1413    5168  5101  5166  5102
 1414    5699  5690  5691  5682
 1415     940   951   944   953
 1416    6058  6062  6065  6059
 1417    1213  1192  1188  1194
 1418    7467  7465  7487  7488
 1419    5842  5835  5813  5841
 1420    6928  6900  6926  6929
 1421    7485  6714  7469  7493
 1422    7376  5554  7375  5556
 1423    6728  6813  6801  6724
 1424    5453  7205  7235  7207
 1425    6496  6495  6382  6422
 1426    7809  7806  7811  7805
 1427    6133  6009  6101  6020
 1428    6281  6284  6219  6213
 1429    5920  5878  5921  5874
 1430    6008  6009  6083  6087
 1431    5836  5814  5818  5839
 1432    6170  6162  6185  6172
 1433    5085  5084  5154  5148
 1434    5582  5589  5586  5588
 1435    6700  6750  6702  6707
 1436    5944  6032  6041  6033
 1437    6051  6119  6116  6121
 1438    6008  6003  6005  6082
 1439    7074  7115  7068  7114
 1440    5123  5237  5236  5161
 1441    6145  6228  6146  6229
 1442    7732  7762  7761  7694
 1443    5868  5870  5883  5882
 1444    7526  7521  7522  7528
 1445    6804  6808  6810  6803
 1446    6004  6077  6081  6005
 1447    5799  5793  5800  5781
 1448    5119  5104  5230  5182
 1449    4829  4811  4830  4825
 1450    7385  5612  4651  4655
 1451    5513  5511  5506  5510
 1452    3111  3013  3114  3113
 1453    6716  6694  6696  6715
 1454    6150  6161  6157  6148
 1455    7383  5555  7376  5557
 1456    4961  4981  4997  5002
 1457     298   287   288   351
 1458    6039  5941  5951  5940
 1459    5952  5950  4987  5001
 1460    4789  4781  4790  4787
 1461    4873  4879  4850  4851
 1462    5866  5912  5915  5914
 1463    5841  5815  5813  5842
 1464    4818  4807  4809  4817
 1465    6273  6275  6211  6278
 1466    4592  4598  4599  4596
 1467    5979  5973  5983  5974
 1468    5476  5526  5527  5480
 1469    5951  5936  5950  5940
 1470    5886  5988  5989  5986
 1471    5903  5900  5902  5907
 1472    6242  6246  6247  6243
 1473    7809  7796  7814  7826
 1474    5660  5658  5661  5650
 1475    5675  5680  5678  5692
 1476    6179  6181  6180  6183
 1477    6148  6154  6150  6161
 1478    5696  5737  5691  5702
 1479    6707  6750  6751  6705
 1480    5755  5822  5830  5756
 1481    5661  5652  5653  5679
 1482    6045  6119  6116  6051
 1483    6135  6132  6139  6070
 1484    6123  6125  6191  6190
 1485    6266  6187  6264  6265
 1486    6076  6080  6081  6078
 1487     909   904   987   900
 1488    5599  5626  5603  5628
 1489    1773  1840  1788  1771
 1490    1536  1535  1532  1534
 1491    6168  6164  6258  6251
 1492    6000  6031  6030  5996
 1493    6182  6181  6179  6175
 1494    5602  5603  5598  5576
 1495    5937  5953  5951  5936
 1496    5996  5999  6001  5997
 1497    5648  5639  5641  5650
 1498    5990  5988  5993  5992
 1499    6251  6260  6249  6253
 1500    6217  6216  6223  6285
 1501    6087  6082  6083  6008
 1502    7528  7521  7523  7527
 1503     970  1012  2146   966
 1504    6131  6068  6132  6135
 1505    5532  5537  5530  5536
 1506    6240  6241  6291  6290
 1507    5796  5795  5800  5781
 1508    6045  6113  6119  6048
 1509    6166  6164  6171  6154
 1510    6031  6035  6062  6001
 1511    6277  6171  6259  6172
 1512    5911  5910  5908  5909
 1513    6049  6047  6114  6135
 1514    5883  5868  5871  5870
 1515      19  1167  1145  1169
 1516    1909  1920  1917  1922
 1517    1746  1748  1761  1760
 1518    5814  5823  5839  5819
 1519    7145  5444  7147  5445
 1520    6140  6132  6139  6135
 1521    5996  5887  5989  5987
 1522    5848  5846  5847  5851
 1523    6008  6111  6112  6086
 1524    5604  5619  5600  5605
 1525    5860  5845  5862  5820
 1526    7756  7754  7711  7710
 1527    5793  5778  5781  5799
 1528    6012  6011  6013  5910
 1529    5839  5814  5843  5836
 1530    5888  5876  5891  5890
 1531    7662  7660  7659  7661
 1532    5599  5628  5603  5605
 1533    6208  6195  6206  6203
 1534    6112  6086  6087  6008
 1535    5942  5958  5956  5937
 1536    5801  5802  5812  5811
 1537    5994  5894  5997  5996
 1538    7257  7255  7210  7254
 1539    7648  7650  7637  7638
 1540    5956  5941  5951  6040
 1541    5769  5847  5775  5774
 1542    5890  5876  5891  5878
 1543    5752  5743  5744  5750
 1544    5954  7634  7633  5932
 1545    4767  4776  4775  4733
 1546    5965  5970  5979  5964
 1547    2257  2255  2245  1132
 1548    5907  5905  5906  5904
 1549    5976  5977  6066  5975
 1550    5187  5183  5180  5181
 1551    7810  7809  7812  7815
 1552    5921  5875  5962  5919
 1553    6233  6230  6235  6231
 1554    5069  6038  4989  6024
 1555    6171  6166  6276  6258
 1556    4809  4796  4817  4807
 1557    5702  5737  5691  5699
 1558    5154  6117  5091  6115
 1559    5818  5836  5834  5817
 1560    6871  6869  6890  6867
 1561    6867  6870  6871  6869
 1562    7749  6138  7750  7746
 1563    5845  5849  5860  5851
 1564    6209  6238  6242  6234
 1565    5757  5758  5761  5717
 1566    7323  7330  7329  7319
 1567    5513  7290  7321  7333
 1568    5521  5540  7377  7335
 1569    5619  5617  5636  5621
 1570     361   386   359   384
 1571    5260  7054  5308  5227
 1572    7767  7764  7733  7762
 1573    7664  7638  7662  7660
 1574    6405  6402  6324  6404
 1575    7499  7583  7578  7579
 1576    7763  7004  6986  7761
 1577    6039  6025  5938  6024
 1578    6213  6275  6212  6281
 1579    7142  7077  7184  7117
 1580    5958  5953  5951  5937
 1581    7586  7584  7574  7569
 1582    5756  5847  5775  5748
 1583    7768  7736  7766  7765
 1584    7477  7478  7537  7539
 1585    5818  5839  5834  5836
 1586    6835  6831  6826  6763
 1587    5752  5751  5828  5826
 1588    7568  7579  7578  7581
 1589    5743  5749  5752  5751
 1590    6074  6055  6141  6072
 1591    7670  7677  7676  7672
 1592    6642  6636  6649  6638
 1593    7423  7417  7424  7419
 1594    7485  7494  7498  7493
 1595    5993  6034  6027  6023
 1596    3321  3324  3328  3323
 1597    7491  7471  7467  7492
 1598    4650  4654  4655  4652
 1599    4305  4300  4299  4301
 1600    7180  7259  7132  7258
 1601    7401  7405  6660  7407
 1602    5382  2279  5381  5383
 1603    5750  5727  5728  5736
 1604    5535  5534  5530  5537
 1605    5636  5617  5632  7417
 1606    5724  5722  5721  5723
 1607    5716  5717  5714  5718
 1608    5134  5055  5151  5136
 1609    1579  1582  1638  1581
 1610    5660  5679  5661  5693
 1611    5564  7417  7418  5632
 1612    5637  5636  7418  7422
 1613    4108  4075  4059  4106
 1614    5370  5415  5371  5413
 1615    7233  7237  7238  7239
 1616    7144  5440  7138  5423
 1617    7629  6883  6885  7639
 1618    7147  5445  7146  7232
 1619    7372  5551  7375  7370
 1620    5535  5524  5530  5534
 1621    7342  7341  7299  7295
 1622    5636  5637  7418  5632
 1623    4531  5502  4535  4549
 1624    5488  5484  5489  5503
 1625    7377  5558  7380  7378
 1626    7333  5538  7334  5536
 1627    6811  6742  6812  6728
 1628    7125  7127  7146  5431
 1629    7246  7247  7242  7237
 1630    5377  5438  7134  5390
 1631    6153  6164  6166  6154
 1632    5495  5469  5473  5526
 1633    7140  7136  7141  7080
 1634    5817  5835  5813  5836
 1635    5701  5698  5700  5734
 1636    5856  5852  5853  5775
 1637    5530  5493  5507  5534
 1638    5537  5531  5530  5535
 1639    5155  5092  5156  6976
 1640    7185  7084  7094  7184
 1641    5348  5402  5337  5432
 1642    5672  5673  5713  5707
 1643    7669  7666  7664  7668
 1644    7459  7457  6706  7481
 1645    4056  4054  2040  4057
 1646    1123  1125  4391  4390
 1647    5519  5512  5513  7314
 1648    7431  7410  7416  7414
 1649    7213  7248  7250  7238
 1650    4319  4324  4315  4197
 1651    7274  7268  7273  7272
 1652    7198  7199  7195  7193
 1653    4185  4173  4187  4172
 1654    4271  4250  4289  4255
 1655    5871  5878  5867  5865
 1656    7080  7136  7069  7140
 1657    4250  4288  4289  4278
 1658    4244  4329  4326  4328
 1659    7275  7272  7271  7243
 1660    5138  5208  5140  5209
 1661    5751  5827  7608  5828
 1662    7233  7246  7238  7237
 1663    5888  5869  5890  5881
 1664    7666  7650  7664  7668
 1665    7496  7494  7498  7505
 1666    7200  7202  7203  5448
 1667    7269  7273  7270  7268
 1668    2260  5361  5382  2252
 1669    7107  7115  7068  7069
 1670    7075  7077  7142  7117
 1671    7594  7592  7549  7590
 1672    7814  7815  7812  7809
 1673    5519  5518  7314  7316
 1674    7825  7813  7827  7824
 1675    5749  5751  4786  4792
 1676    7811  7796  7814  7809
 1677    7184  7188  7190  7191
 1678    7268  7243  7271  7272
 1679    5772  5773  5765  5764
 1680    7502  7471  7492  7472
 1681    7073  7076  7116  7160
 1682    7065  7101  7111  7114
 1683    7255  7211  7260  7262
 1684    7556  7620  7555  7619
 1685    7128  5449  7204  5452
 1686    5778  5792  5799  5786
 1687    6403  6412  6405  6325
 1688    6710  7481  6751  7483
 1689    7316  7335  7314  5519
 1690    7742  7782  7781  7744
 1691    6506  6385  6502  6384
 1692    1087  1086  1091  1097
 1693    7304  7357  7350  7346
 1694    7617  7533  7517  7618
 1695    5633  5564  5565  7418
 1696    7755  7756  7710  7753
 1697    7640  7649  7632  7647
 1698    7281  6544  4551  4547
 1699    3667  3616  3665  3653
 1700    7514  7509  7510  7606
 1701    6644  4582  4583  6618
 1702    7730  7733  7694  7731
 1703    5370  5415  5412  5414
 1704    5826  5751  5828  5825
 1705    4196  4229  4228  4192
 1706    7155  7087  7153  7162
 1707    6566  4553  6569  6564
 1708    4182  4174  4194  3176
 1709    3973  3970  3993  3971
 1710    7193  7194  7195  7192
 1711    5558  5547  7377  7379
 1712    5415  5420  7104  5373
 1713    7232  5445  7146  5444
 1714    7206  7220  7201  7204
 1715    2227  2235  2178  2236
 1716    2185  4168  4163  2171
 1717    7327  7331  7358  7332
 1718    7315  7312  7365  5517
 1719    7312  5516  7311  7362
 1720    7102  5414  7103  7098
 1721    4621  4611  4644  4617
 1722    7105  5376  7104  5420
 1723    7406  7401  7402  7408
 1724    6643  6648  4654  6647
 1725    7243  7251  7275  7276
 1726    6212  6275  6274  6281
 1727    7379  5558  7380  7377
 1728    5540  7378  7377  7335
 1729    5556  7394  7376  5557
 1730    7242  7246  7238  7248
 1731    7155  7159  7153  7152
 1732    4869  6856  4794  7607
 1733    5499  5512  5510  5503
 1734    7255  7211  7262  7257
 1735    5376  5420  7105  5421
 1736    5513  5512  5508  7290
 1737    7386  5612  7385  7390
 1738    5544  7364  7363  5542
 1739    7064  7100  6311  7110
 1740    6618  7385  4583  6644
 1741    5370  5414  5412  4407
 1742    6771  7582  6836  6832
 1743    6279  6216  6285  6278
 1744    5546  7368  7366  5547
 1745    7586  7569  7574  7576
 1746    7425  7430  7432  7426
 1747     935   936   933   931
 1748    6779  7511  7605  6781
 1749    5733  7482  7481  7457
 1750    6889  6879  6877  6896
 1751    7532  7564  7536  7508
 1752    6077  6086  6081  6005
 1753    6544  7309  4551  6568
 1754    4056  4059  2040  4058
 1755    5910  5895  6012  6010
 1756    4371  4390  4373  1095
 1757    5917  5929  5954  5949
 1758    5731  5753  5754  5745
 1759    7652  7649  7654  7651
 1760    5452  7205  7128  7129
 1761    5752  5831  5755  5829
 1762    7413  7415  7402  7409
 1763    6616  6618  4581  4580
 1764    5609  5553  7393  7386
 1765    6724  6728  6726  6727
 1766    4985  4995  5076  5075
 1767    1099  1127  4382  4384
 1768    4533  5488  4529  5486
 1769    7102  4455  7118  5416
 1770    5734  5737  5701  5699
 1771    4770  4767  4778  4769
 1772    7607  5751  7608  7603
 1773    7678  7685  7680  7681
 1774    7535  7589  7588  7507
 1775    7745  7742  7744  7782
 1776    6121  6056  7726  6053
 1777    7785  7778  7787  7797
 1778    7787  7778  7776  7780
 1779    6712  6703  6749  6704
 1780    5734  7463  7458  5701
 1781    7497  7493  7498  7495
 1782    4936  4937  4940  4942
 1783    6483  6467  6485  6466
 1784    5149  5055  5151  5134
 1785    7657  7660  7662  7636
 1786    7607  5827  7608  5751
 1787    6219  6213  6212  6281
 1788    4690  4715  4729  4687
 1789    6118  6053  7721  6052
 1790    7500  7572  7567  7496
 1791    7437  7433  7438  7440
 1792    4582  4651  4650  6644
 1793    7049  7793  7047  7045
 1794    6902  6900  6891  6893
 1795    7826  7796  7823  6225
 1796    7569  7581  7568  7571
 1797    5685  5680  5684  5695
 1798    7481  7483  6710  7461
 1799    6798  6836  6835  6770
 1800    5696  5702  5683  5684
 1801    4903  4917  4902  4905
 1802    7724  7687  7719  7726
 1803    7725  7690  7724  7727
 1804    4791  4782  4793  4785
 1805    7010  7012  7011  7013
 1806    7791  7037  7047  7035
 1807    7362  5543  7367  7365
 1808    7723  7728  7719  7721
 1809    5215  5213  5214  5216
 1810    6876  6889  6888  6878
 1811    7064  7099  7098  7101
 1812    7168  7175  7172  7174
 1813    3123  3125  3136  3135
 1814    7575  7587  7574  7577
 1815    5151  5086  5152  5088
 1816    4915  4917  4928  4921
 1817    4519  6603  4561  6596
 1818    4451  4453  4406  4407
 1819    6780  6792  6797  6796
 1820    5698  5690  5699  5682
 1821    7649  7640  7632  7642
 1822    7491  7462  7489  7467
 1823    7008  7026  7024  7022
 1824    7765  7736  7767  7768
 1825    5352  1134  5350  2247
 1826    7485  7493  7469  7494
 1827    7604  5752  7608  7613
 1828    1126  1139  4392  1136
 1829    6706  6705  6708  6751
 1830    5088  5055  5151  5086
 1831    7297  7298  7279  7283
 1832    7303  7308  7301  7307
 1833    5691  5690  5688  5682
 1834    5857  5852  5853  5856
 1835    4724  4687  4729  4712
 1836    6190  6192  5164  6125
 1837    6250  6272  5205  6165
 1838    3193  3146  3181  3173
 1839    5204  5187  5197  5202
 1840    7291  7305  7287  7306
 1841    1002   936  1003  1001
 1842    4409  4407  4453  5414
 1843    4638  4627  4634  4652
 1844    7295  7296  7300  7342
 1845    7182  7259  7180  7258
 1846    6078  5112  6076  6080
 1847    5175  5171  5173  5172
 1848    5194  5203  5195  5192
 1849    4518  6595  6596  4560
 1850    6453  6443  6480  6507
 1851    3207  3209  3210  3208
 1852    7604  7613  7609  5752
 1853    3155  3158  3159  3156
 1854    7086  7087  7153  7155
 1855    7051  7052  7050  7019
 1856    4196  4261  4265  4266
 1857    1101  1097  1135  1125
 1858    6617  6612  4577  6615
 1859    4613  4591  4628  4587
 1860    6838  6733  6735  6837
 1861    7124  5422  7108  5417
 1862    4534  4523  4548  4527
 1863    4467  6434  4465  6347
 1864    7280  7301  7305  7294
 1865    5594  5597  5596  5590
 1866    7110  7112  6317  7070
 1867    6507  6497  6464  6508
 1868    6369  6319  6411  6318
 1869    1029  1027  1066  1035
 1870    7155  7154  7152  7086
 1871    3267  3274  3271  3273
 1872    4775  4736  4738  4772
 1873    7101  7106  7065  7099
 1874    6374  6372  4465  4468
 1875    7257  7253  7131  7262
 1876    5952  5003  4967  4999
 1877    3294  3208  3299  3211
 1878    7359  7346  7348  7352
 1879    3206  3214  3209  3208
 1880    3100  3098  3104  3117
 1881    6650  7391  6646  6644
 1882    7126  7129  7127  5450
 1883    6366  6307  6353  6358
 1884    6808  6827  6803  6825
 1885    3209  3206  3208  3205
 1886    7427  7454  7453  7449
 1887    6441  6444  6440  6445
 1888    1820  1764  1823  1822
 1889    2649  2726  2667  2728
 1890    6758  6760  6724  6762
 1891    6902  6898  6891  6900
 1892    6250  5203  5205  5285
 1893    4951  6876  6888  6862
 1894    6854  6851  6852  6782
 1895    4447  4446  4444  4402
 1896    6463  6468  6466  6484
 1897    6647  6648  6650  6643
 1898    6410  6414  6416  6417
 1899    4615  4611  4609  4630
 1900    6398  6488  6399  6486
 1901    6365  6368  6315  6313
 1902    6420  6397  6395  6393
 1903    6863  6865  6866  6864
 1904    6680  6658  6653  6657
 1905    6649  6638  6645  6663
 1906    4404  4446  4381  6350
 1907    5336  5331  5333  5398
 1908    4555  6607  4569  6604
 1909    6723  6724  6726  6727
 1910    4856  4881  4857  4877
 1911    6735  6730  6840  6732
 1912    4652  4648  4653  4650
 1913    5510  5499  5506  5512
 1914      11    32    18    34
 1915    6960  6961  6917  6962
 1916    1140  1131  4393  1132
 1917    4397  4442  4395  4439
 1918    1091  1088  1090  1089
 1919    3301  3265  3160  3238
 1920    6400  6488  6399  6398
 1921    6434  6437  4467  4466
 1922    6510  6468  6503  6509
 1923    7312  5514  7311  5516
 1924    6537  6552  6551  6533
 1925    6402  6409  6406  6408
 1926    4549  4551  4548  4544
 1927    6363  6312  6362  6306
 1928    6516  6514  6535  6537
 1929    5260  7057  5261  7055
 1930    6926  6932  6919  6928
 1931    1207  1156  1163  1209
 1932    6701  6745  6744  6703
 1933    4484  4491  4488  4490
 1934    5285  6272  5205  6250
 1935    6824  6821  6823  6834
 1936    6974  6939  6938  6976
 1937    4746  4752  4744  4773
 1938    4747  4709  4703  4704
 1939    4794  5815  5751  4786
 1940    5147  5081  5084  5153
 1941    7741  7738  7740  7774
 1942    7785  7776  7787  7778
 1943    7489  7462  7487  7467
 1944    6986  7004  6945  7761
 1945    5785  5791  5777  5792
 1946    5488  5484  5503  5502
 1947    6975  6977  6970  6968
 1948    5297  5229  5294  5295
 1949    5173  5179  5174  5268
 1950    6752  6745  6704  6747
 1951    7021  7056  7016  7053
 1952    5294  5229  5228  5295
 1953    5089  5086  5088  5152
 1954    5228  5295  5221  5223
 1955    5069  6024  4989  6028
 1956    6117  5156  5091  5093
 1957    6187  6170  6183  6266
 1958    4756  4753  4760  4755
 1959    6910  6906  6904  6905
 1960    6706  7481  4776  6751
 1961    5087  5155  5090  5153
 1962    6198  6196  6129  6126
 1963    5130  5134  5126  5053
 1964    6973  6938  6935  6975
 1965    6118  6117  6050  6052
 1966    4792  4784  4786  5749
 1967    6970  6968  6934  6935
 1968    5550  7372  7369  7370
 1969    6054  6119  6051  6121
 1970    5051  5014  5050  5125
 1971    6285  6294  6287  6223
 1972    5302  5199  5277  5284
 1973    2005  2018  2006  2038
 1974    5217  5212  5220  5221
 1975    6989  6964  6966  7022
 1976    2501  2498  2561  2499
 1977    5223  5228  5220  5221
 1978    6929  6927  6926  6933
 1979    6994  7031  6993  7033
 1980    4814  4875  4826  4813
 1981    6164  6151  6152  6154
 1982    6235  6230  6234  6231
 1983    6837  6735  6840  6839
 1984    7045  7793  7047  7791
 1985    4766  4764  4777  4774
 1986    6345  6374  6372  4465
 1987    5510  5503  5489  5485
 1988    4841  4838  4864  4843
 1989    5277  5286  5284  5275
 1990    5724  5762  7537  7538
 1991    6170  6259  6266  6174
 1992    4924  4903  4912  4905
 1993    6153  6149  5189  6147
 1994    4688  4691  4690  4680
 1995    6778  6781  6779  6854
 1996    5736  5725  5734  5733
 1997    4818  4810  4825  4874
 1998    4986  5000  5002  5003
 1999    5751  5816  5752  5743
 2000    5890  5895  5891  5888
 2001    5715  5712  5708  5681
 2002    6751  6705  6708  6707
 2003    5821  5829  5843  5816
 2004    5735  5749  5750  5727
 2005    4794  5815  5825  5751
 2006    5733  5725  5735  5736
 2007    7221  7205  7246  7223
 2008    4573  6608  4559  7361
 2009    6466  6482  6485  6483
 2010    6617  6615  4577  4580
 2011     530   525   526   658
 2012    2218  2215  2217  5315
 2013    1110  1119  1113  1121
 2014    7282  7280  7278  7289
 2015    7371  7385  4583  6618
 2016    6598  4563  4562  6600
 2017    6569  4553  6567  6564
 2018    6343  4431  6370  6337
 2019    4549  4531  4530  4535
 2020    7385  5608  4651  5612
 2021    4534  4530  4548  4523
 2022    5815  4786  5743  5751
 2023    5813  5835  4857  5841
 2024    6337  4431  4430  6342
 2025    6342  6343  6337  4431
 2026    6625  6621  6619  6626
 2027    4429  6350  4381  4446
 2028    6453  6444  6441  6445
 2029    6613  6635  4578  4567
 2030    4371  1095  4384  4390
 2031    1090  1029  1115  1035
 2032    1101  1100  1104  1097
 2033    4543  6543  4550  6567
 2034    6635  6620  4567  6602
 2035    4562  4565  4564  6600
 2036    6524  6553  6520  6551
 2037    4518  6530  4519  6596
 2038    6449  6450  6448  6444
 2039    5408  5409  5336  5398
 2040    6553  6524  6520  6526
 2041    6366  6368  6313  6316
 2042    5004  5006  4897  5007
 2043    6600  6597  4562  6598
 2044    1018  1019  1024  1015
 2045    1035  1027  1066  1032
 2046     874   871   872   870
 2047    1119  1120  1111  1113
 2048    5354  2218  5351  5317
 2049    5593  5597  5611  5618
 2050    7712  6945  7761  7694
 2051    5747  5822  5756  5748
 2052    5215  5217  5244  5213
 2053    6656  6652  6665  6658
 2054    4602  4607  4600  4606
 2055    5415  5420  5373  5371
 2056    4386  1079  4354  1082
 2057    4467  4464  4465  6434
 2058      21    16    23    20
 2059    5354  2218  5317  5324
 2060    5351  2217  5316  5317
 2061    4619  6620  4567  6635
 2062    4463  6377  4461  7118
 2063    4989  6028  5067  5073
 2064    4447  6360  4449  6355
 2065    6371  6376  4449  4457
 2066    4436  4394  4437  4439
 2067    4901  4900  4959  4905
 2068    4530  4545  4531  4549
 2069    4966  4961  4998  5002
 2070    5595  5590  5594  5568
 2071    4388  4392  4385  1124
 2072    5298  5176  5269  5276
 2073    5504  5498  4545  5502
 2074    4425  4427  4377  4444
 2075    4486  4491  4525  4487
 2076    4460  4449  4454  6376
 2077    4532  4498  4494  4487
 2078    7790  6220  7819  6221
 2079    5486  5487  5489  5482
 2080    5472  5465  5463  5459
 2081    4913  4912  4925  4910
 2082    4700  4704  4701  4703
 2083    5146  5038  5115  5116
 2084    6481  6509  6465  6484
 2085    6699  6745  4771  6744
 2086    4910  4906  4913  4912
 2087    4740  4722  4721  4734
 2088    4789  4853  4790  4781
 2089    4723  4713  4725  4695
 2090    4768  4778  4767  4776
 2091    4437  4394  4395  4439
 2092    5047  4946  5041  5064
 2093    5182  5231  5230  5119
 2094    4741  4736  4775  4739
 2095      69    45    43    47
 2096    5112  6080  5039  6076
 2097    5752  7613  5755  5831
 2098    5125  5130  5128  5127
 2099    5307  5258  5259  5309
 2100    6258  6261  6256  6260
 2101    6281  6280  6212  6218
 2102      42    37    43    38
 2103    5238  5231  5236  5160
 2104    5047  4946  5043  5046
 2105    5894  5995  5997  5895
 2106    5947  5943  5982  5957
 2107    6023  6036  6027  6029
 2108    6282  6283  6218  6280
 2109    6896  6882  4998  6897
 2110    7776  7773  7775  7778
 2111    5027  4929  4928  5025
 2112    5287  6254  5289  5285
 2113    6190  6090  5124  6149
 2114    7692  7690  7724  7725
 2115    4693  4667  4699  4723
 2116    6273  6210  6211  6275
 2117    5153  5150  5144  5081
 2118    6631  6634  6627  6632
 2119    7782  7744  7745  7784
 2120    7720  7721  7686  6052
 2121    4692  4667  4699  4693
 2122    6250  6165  5205  5203
 2123    4867  5841  4859  4881
 2124    4929  5986  5025  5988
 2125    6952  6958  6956  6955
 2126    6005  6004  6108  6081
 2127    6912  6953  6914  6954
 2128      53    58    51    57
 2129    5207  5202  5203  5285
 2130    5997  6014  6012  5995
 2131    5258  5308  5306  5225
 2132    4880  4876  4856  4851
 2133    5067  5031  5071  6026
 2134    5269  5273  5271  5272
 2135    5198  5277  5276  5299
 2136    5150  5080  5144  5081
 2137    4752  4751  4747  4748
 2138    6842  6841  4842  4839
 2139    5198  5176  5298  5276
 2140    6865  6864  6863  6861
 2141    5109  5034  5015  5105
 2142    5023  5021  5018  5020
 2143    6913  5056  6912  6952
 2144    6909  6911  6908  6905
 2145    4949  4941  4934  4935
 2146     126   122    92   184
 2147    4735  4704  4771  4727
 2148    6255  6253  6262  6251
 2149       5    14    53     7
 2150    6166  6165  6251  6163
 2151    5886  5987  5887  5884
 2152    4686  4687  4674  4670
 2153    6055  6120  6141  6139
 2154    1010   967   968  1012
 2155    4920  5017  4918  5016
 2156    5019  4921  4920  5017
 2157     946   953   940   944
 2158     611   678   613   614
 2159    6994  7031  7033  7775
 2160    6409  6426  6428  6416
 2161       5     4    38    36
 2162    5257  6280  5263  6218
 2163       7    27     6     1
 2164     304   307   303   309
 2165     823   775   768   783
 2166    3457  3432  3362  3434
 2167    1042   990  1037  1008
 2168     304   307   267   266
 2169    2359  2388    84    82
 2170     957   932   934   959
 2171      27     3    25    26
 2172    1472   302  1425   298
 2173     138   208   140   209
 2174      26     0     6    27
 2175    2287  2304  2380  2300
 2176    5778  5792  5788  5799
 2177       1    30    27     3
 2178     284   348   282   345
 2179      26     2    27     3
 2180      40    37    43    42
 2181      48    49    46    44
 2182    1485  1486  1480  1489
 2183     361   388   365   363
 2184     485   488   425   460
 2185     319   269   346   317
 2186     315   336   311   229
 2187    2756  2762  2760  2761
 2188     112   174   175   144
 2189     275   352   354   276
 2190     358   359   354   353
 2191     407   467   406   468
 2192     353   356   358   357
 2193     357   356   358   359
 2194     111   110   113   145
 2195     356   360   358   361
 2196    1239  1238  1310  1304
 2197     464   461   462   466
 2198     619   633   621   634
 2199    2549  2600  2590  2548
 2200     353   352   354   358
 2201     560   586   597   591
 2202     276   295   293   370
 2203       5    14    12    53
 2204     259   261   340   335
 2205     397   394   399   396
 2206     365   363   390   367
 2207     354   353   355   352
 2208     361   360   362   363
 2209     291   269   281   346
 2210     382   392   394   395
 2211    1468  1380  1459  1463
 2212     515   529   519   657
 2213     530   659   658   526
 2214     202   249   248   204
 2215     354   359   355   353
 2216     405   366   404   450
 2217     356   359   357   361
 2218     637   689   638   635
 2219     386   361   363   388
 2220     366   364   450   367
 2221     365   364   450   449
 2222    1748   630   624   626
 2223     276   273   278   274
 2224     609   610   605   604
 2225     530   618   529   658
 2226     367   364   450   365
 2227     452   451   450   453
 2228     270   268   274   269
 2229     122   185   124   184
 2230     374   357   353   359
 2231     541   512   551   542
 2232     365   449   450   367
 2233     448   451   450   452
 2234     452   449   450   448
 2235     274   271   317   270
 2236     407   404   406   467
 2237     485   460   425   424
 2238     274   270   317   316
 2239     269   268   274   272
 2240     271   270   274   269
 2241     538   537   539   543
 2242     272   275   274   273
 2243     272   273   274   269
 2244     306   271   266   270
 2245     276   275   355   354
 2246     273   275   274   276
 2247     364   363   366   362
 2248    2592  2544  2594  2545
 2249     365   363   366   364
 2250     316   319   317   274
 2251     358   360   362   361
 2252     365   364   362   363
 2253     360   364   362   365
 2254     365   363   362   360
 2255     573   574   571   561
 2256     552   585   554   542
 2257     361   359   362   358
 2258     361   363   362   359
 2259     355   353   370   276
 2260     277   275   278   274
 2261     273   269   346   319
 2262     708   683   712   709
 2263     365   388   390   363
 2264     269   271   317   274
 2265     274   318   319   277
 2266     516   517   552   551
 2267    2518  2451  2462  2520
 2268     378   301   299   379
 2269     540   543   558   538
 2270    3053  3028   880  3051
 2271    1863  1879  1882  1880
 2272     365   363   367   366
 2273     450   467   404   405
 2274     551   513   552   542
 2275     454   452   459   449
 2276     412   473   474   475
 2277     366   364   367   365
 2278    2320  2326  2324  2313
 2279     295   273   346   278
 2280     450   453   470   454
 2281     227   309   315   336
 2282     449   457   452   459
 2283     450   449   454   405
 2284     517   512   552   551
 2285     355   359   374   353
 2286    2464  2520  2521  2462
 2287     386   361   359   363
 2288     756   753   735   755
 2289     405   450   470   454
 2290     450   452   454   449
 2291     733   736   734   754
 2292     551   556   552   516
 2293     395   393  1513   383
 2294     472   467   469   470
 2295     517   513   552   512
 2296     563   538   585   542
 2297     831   832   815   809
 2298     606   600   605   603
 2299     274   318   316   319
 2300     163   184    95   182
 2301     424   484   485   459
 2302     322   307   344   271
 2303     317   270   306   316
 2304     317   271   306   270
 2305     307   271   306   317
 2306     182   184    95   124
 2307      39    43    57    37
 2308     191   240   237   193
 2309    6754  6747  6752  6704
 2310    1151  1154  1152  1174
 2311     296   301   294   378
 2312    1824  1833  1832  1835
 2313     163   160    90   162
 2314     113   175   177   180
 2315      16    34    35    22
 2316     118   178   180   181
 2317     240   193   246   237
 2318     167   219   221   236
 2319      42    37    38    36
 2320     141   209   140   219
 2321     266   307   267   306
 2322     175   145   113   112
 2323      77   117   116    75
 2324     377  1497   379   300
 2325    2813  2810  2809  2766
 2326      37    38    39    43
 2327      44    47    46    45
 2328      44    49    46    47
 2329     573   561   540   595
 2330       7     4    38     5
 2331      27    30    25     3
 2332      86   135    50   137
 2333     251   256   254   342
 2334      43    45    46    47
 2335     158    88   159    87
 2336      87   160   159   158
 2337       9    11    34    31
 2338       1     5     7    14
 2339    2351  2368  2370    80
 2340       4     5     7     1
 2341      92    82  2361    93
 2342      57    37    53    39
 2343      42    41    43    40
 2344       6     4    38     7
 2345      40    41    43    37
 2346       1    30     7    27
 2347       1    14     7    30
 2348       0     4     7     1
 2349      39    37    53     5
 2350      40    37    42    36
 2351     137   135    50   136
 2352     437   495   436   493
 2353      36     5    39    38
 2354      36    37    39     5
 2355      44    45    42    40
 2356      88    85    50    86
 2357      45    41    42    40
 2358      57    67    70    68
 2359     376   383   379   377
 2360    6410  6415  6417  6411
 2361     346   269   281   344
 2362     134   136    50   135
 2363    2511  2536  2534  2579
 2364      88   159   161   176
 2365     394   398   396   387
 2366      87   158   137   136
 2367      88   158   137    87
 2368     306   271   267   266
 2369     306   307   267   271
 2370     135    49    50    48
 2371      86    49    50   135
 2372      86    85    50    46
 2373      87    85    50    88
 2374     137    88    50    86
 2375      86    47    50    49
 2376      47    86    50    46
 2377      87    88    50   137
 2378     137   136    50    87
 2379      46    49    50    47
 2380      48    49    50    46
 2381    5420  5423  7109  5421
 2382     141   138   140   209
 2383     140   218   166   219
 2384     517   513   583   552
 2385    2745  2746  2709  2747
 2386     140   167   141   219
 2387     142    49    71   110
 2388     237   192   236   190
 2389     102  2368  2389  2388
 2390    1318  1365  1288  1362
 2391      43    57    67    69
 2392    3397  3374  1227  3381
 2393    2527  2465  2530  2471
 2394     178   113   148   118
 2395    2306  2320  2385  2384
 2396     596   559   595   585
 2397     180   186   177   115
 2398     394   399   396   398
 2399     141   190   152   234
 2400     141   219   234   209
 2401     213   153   238   235
 2402       8    14    31    15
 2403      58    70    75    68
 2404     192   167   169   236
 2405     151   156   154   216
 2406     148   146   149   116
 2407    4776  4739  4733  4740
 2408    2638  2578  2636  2619
 2409     167   219   234   141
 2410     112   144   175   145
 2411    1341  1292  1393  1299
 2412    4972  4937  4968  4992
 2413     145   110   113   112
 2414     137   135   144    86
 2415     174    88   144   112
 2416     174   137   144    88
 2417     628   630   624  1748
 2418      86    88   144   137
 2419     112    88   144    86
 2420     209   141   212   234
 2421     207   139   212   209
 2422       1    30     8    14
 2423     398   462   399   396
 2424      83  2359  2350  2351
 2425     295   278   370   276
 2426     492   438   436   493
 2427     209   139   212   141
 2428    4706  4771  4704  4749
 2429     489   488   465   428
 2430     267   307   322   271
 2431     267   304   322   307
 2432     267   320   279   322
 2433     454   405   484   470
 2434     542   585   563   583
 2435     552   513   583   542
 2436    6168  6163  6251  6167
 2437     809   832   826   825
 2438     320   304   324   322
 2439     304   307   324   322
 2440     481   571   573   504
 2441     325   250   324   320
 2442     454   449   459   405
 2443     563   513   542   583
 2444      69    45    47    71
 2445     251   326   321   330
 2446     283   267   279   322
 2447     107  1246   129  3395
 2448     328   321   323   280
 2449     439   498   437   493
 2450     405   484   424   459
 2451     435   446   433   439
 2452     355   276   370   278
 2453    7177  7196  7198  7192
 2454    1473  1471  1412  1476
 2455     344   271   283   322
 2456    1715  1711  1667  1668
 2457     291   295   296   293
 2458     296   301   292   294
 2459     385   396   389   387
 2460     383  1511  1501   381
 2461     383   381  1501   377
 2462     589   533   528   593
 2463     368   276   293   370
 2464     520   599   601   602
 2465     608   633   610   604
 2466     607   604   609   603
 2467     460   459   455   424
 2468     460   457   455   459
 2469     459   405   455   424
 2470     459   449   455   405
 2471     535   624   626   536
 2472     455   365   388   390
 2473     367   455   390   365
 2474     424   367   455   390
 2475     370   374   368   353
 2476     132   123   127   188
 2477      41    37    57    43
 2478     811   829   830   827
 2479     372   374   353   368
 2480     374   357   359   384
 2481     374   385   375   372
 2482     323   345   284   283
 2483    1302  1237  1304  1236
 2484    1246  3396  1250  3395
 2485     167   219   236   234
 2486      45    69    43    67
 2487     343   339   256   257
 2488      51     5    12    53
 2489      55    37    51    57
 2490      53    57    51    37
 2491    2184  4163  4179  4162
 2492      49   110    86    47
 2493     110   112   145   144
 2494     116    72   111   146
 2495      86   142   110    49
 2496      68    57    58    70
 2497      54    61    15    13
 2498      59    13    20    61
 2499      21    62  1181    60
 2500    1225  3397  1230  3399
 2501     110   143   145   111
 2502      69    72    70    67
 2503    3475   205  2467  3525
 2504     119   179   149   118
 2505    2380  2300  2381  2312
 2506      66    63    65    74
 2507     110   143   111    71
 2508     293   370   371   368
 2509    2371  2378  2367  2365
 2510     323   348   284   345
 2511    2394  2392  2389   101
 2512      53    58    54    51
 2513    1165  1159  1163  1164
 2514    1555  1597  1552  1601
 2515    5609  5552  7386  5608
 2516    5492  5507  5511  5506
 2517     383   380   382   393
 2518     213   153   216   238
 2519     337   250   325   251
 2520     116   111   148   146
 2521     194   153   191   238
 2522    6884  6877  6879  6896
 2523    1640  1608  1556  1602
 2524    1243  1333  1284  1306
 2525     152   191   235   190
 2526     195   156   194   239
 2527     281   346   347   291
 2528     241   247   196   197
 2529     241   194   240   238
 2530    1301  1236  1303   119
 2531     122   185   184   126
 2532     247   249   246   202
 2533     241   247   240   196
 2534      54    12    15    14
 2535     338   333   259   340
 2536      72   146   143   111
 2537     472   467   407   468
 2538      12    14    54    53
 2539      12    53    54    51
 2540      13    12    15    54
 2541    6820  7568  6771  6822
 2542      51    58    55    57
 2543      58    73    65    56
 2544     118   179   148   178
 2545     287   350   282   348
 2546      58    55    57    68
 2547      55    68    67    57
 2548      51    58    54    52
 2549     437   426   436   487
 2550     143    71    72   111
 2551     962   958  1008  1011
 2552      59    61    65    52
 2553      13     8     9    15
 2554       8    14    15    12
 2555     343  1462   257   255
 2556      34    16    35    18
 2557       9     8    31    15
 2558     395  1515  1517  1513
 2559      10    30    31     8
 2560     212   150   213   152
 2561     210   150   213   212
 2562     153   150   152   213
 2563     150   211   210   213
 2564     182   183   124   114
 2565    3970  3961  3967  3990
 2566    1660  1667  1665  1714
 2567    1295  1293  1241  1282
 2568     492   495   436   494
 2569     153   152   235   213
 2570    6777  4789  6776  6846
 2571     152   191   153   235
 2572     190   234   235   152
 2573     152   212   235   213
 2574     152   234   235   212
 2575    2526  2470  2527  2529
 2576    2471  2532  2530  2527
 2577    2563   313  2579  2511
 2578      26     3    24     2
 2579    3792  3793  3782  3780
 2580      59    20    62    61
 2581     203   249  1371   247
 2582    5246  5233  5243  5235
 2583      73    56    63    65
 2584      59    61    66    65
 2585     143   146   148   111
 2586      18    32    35    34
 2587      31    15    34     9
 2588    3872  3869  3871  3874
 2589      13     9    22    15
 2590      34    15    22     9
 2591     213   151   216   153
 2592     238   216   239   156
 2593     153   191   238   235
 2594     349   290   329   289
 2595     213   211   216   151
 2596    1538  1537  1535  1533
 2597    1454  1452  1456  1447
 2598     216   214   217   154
 2599     113   145   148   111
 2600     493   439   436   437
 2601     143   111   148   145
 2602     178   145   148   113
 2603       9    20    13    22
 2604      15    61    22    13
 2605     118   111   148   116
 2606     113   111   148   118
 2607    1210  1165  1163  1164
 2608      34     9    22    16
 2609      13    61    22    20
 2610      62    61    66    59
 2611      54    52    65    61
 2612      58    52    65    54
 2613     202   205   203   249
 2614      58    56    65    52
 2615     113   175   180   178
 2616      62    20    23    22
 2617      22    16    23    35
 2618    3405  3407  3340  3408
 2619    1442  1530  1443  1528
 2620      16    35    17    23
 2621    1426  1476  1422  1431
 2622      22    20    23    16
 2623    2760  2750  2751  2756
 2624    1328  3529  1331  1375
 2625    2593  2583  2594  2544
 2626     375   382   369   373
 2627    1191  1193  1202  1201
 2628     328   289   284   348
 2629    1441  1445  1443  1444
 2630    1299  1359  1394  1360
 2631     239   156   217   157
 2632     239   216   217   156
 2633    4975  5928  4979  5948
 2634     156   216   217   154
 2635      76    73    65    75
 2636      22    61    62    20
 2637    1831  1828  1829  1856
 2638     148   118   149   179
 2639     117   119   149   116
 2640    1177  1178  1160  1166
 2641     189   128   129   133
 2642      66    63    59    65
 2643    1993  2053  1998  2136
 2644    1635  1653  1651  1732
 2645    1208  1214  1212  1207
 2646     116   118   149   148
 2647     119   118   149   116
 2648     178   179   181   118
 2649     187   120   181   121
 2650    2882  2871  2884  2875
 2651    1215  1216  1219  1217
 2652    1208  1210  1163  1164
 2653     117  1277  1234    78
 2654     149   146   147   116
 2655     149   116   147   117
 2656      66    59    60    62
 2657      62    20    21    23
 2658     149   117  1279   119
 2659      17  1149    21    23
 2660    1217  1216  1219  1218
 2661     293   369   368   371
 2662    1352  1365  1288  1355
 2663    1427  1430  1432  1428
 2664     280   289   328   285
 2665      66    76    74    65
 2666    1234  1280  1236  1237
 2667    1182  1149  1181  1147
 2668    1283  1278  1235  1280
 2669      73    76    65    74
 2670      63    66    59    64
 2671      77   117   147   116
 2672     574   576   505   581
 2673    2076  2080  2081  1994
 2674    5941  5938  6039  5939
 2675    1841  1787  1789  1840
 2676     429   466   428   489
 2677     281   292   291   347
 2678     375   392   382   373
 2679    1529  1530  1443  1442
 2680     699   696   697   734
 2681     296   371   294   293
 2682     425   461   456   465
 2683     387   384   386   389
 2684    1513  1516  1514  1511
 2685     302   298  1472   351
 2686     294   291   292   296
 2687    1389  1466  1464  1386
 2688    7516  7553  7621  7518
 2689     691   698   696   689
 2690     347   345   282   350
 2691     375   371   369   382
 2692    4375  4396  4394  4438
 2693     325   321   330   251
 2694     699  1851  1824  1834
 2695     589   584   522   564
 2696     593   584   588   528
 2697     394   397   395   392
 2698    1695  1694  1692  1630
 2699     527   521   584   583
 2700    1572  1627  1571  1625
 2701     837   832   816   839
 2702     425   430   428   488
 2703    1552  1614  1596  1611
 2704    1551  1591  1595  1596
 2705    1682  1717  1716  1694
 2706     395   393   382   392
 2707     181   120   180   118
 2708    1497  1495  1501  1502
 2709    3903  3904  3901  3907
 2710     508   579   582   580
 2711     579   562   597   567
 2712     429   398   428   462
 2713     394   397   399   395
 2714    2034  2012  2032  2035
 2715    1614  1554  1557  1616
 2716    1594  1591  1592  1596
 2717    5497  5511  5492  5493
 2718     840   820   819   838
 2719    1956   820  1940  1958
 2720     177   183   176   114
 2721     583   521   584   563
 2722     459   460   485   424
 2723     462   466   428   429
 2724     462   461   428   466
 2725    5525  5522  5524  5529
 2726     376   383   380   382
 2727     442   446   440   433
 2728     131   128   129   189
 2729     330   254   343   342
 2730     371   378   369   382
 2731     434   435   432   439
 2732     391   388   386   390
 2733     378   382   376   369
 2734     465   460   425   488
 2735     287   351   297   350
 2736     328   348   284   323
 2737     283   344   345   281
 2738     368   374   375   372
 2739     465   488   425   428
 2740    2604  2632  2607  2634
 2741     293   295   296   371
 2742     280   289   284   328
 2743     523   533   589   590
 2744     329   289   328   349
 2745     590   569   589   523
 2746     293   295   371   370
 2747     394   385   375   387
 2748     392   373   380   382
 2749     428   391   425   461
 2750     654   715   717   739
 2751    2801  2803  2796  2784
 2752    2835  2823  2836  2825
 2753     315   305   310   314
 2754     522   589   528   584
 2755     715   737   741   739
 2756    2865  2862  2830  2864
 2757    2673  2682  2684  2680
 2758     424   460   456   455
 2759     344   346   347   281
 2760     346   295   347   291
 2761     344   281   347   345
 2762     279   322   323   283
 2763     279   320   323   322
 2764     385   372   373   375
 2765    5081  5090  5153  5087
 2766     428   461   425   465
 2767     528   521   522   584
 2768    3733  3771  1696  3770
 2769     496   497   492   494
 2770     526   533   531   593
 2771    1621  1620  1563  1618
 2772     485   488   427   425
 2773     182   114    90   176
 2774     370   368   375   371
 2775     370   374   375   368
 2776     564   521   563   584
 2777     398   389   391   461
 2778     458   455   456   460
 2779     287   290   288   349
 2780     389   461   456   391
 2781     296   350   292   301
 2782     296   291   292   347
 2783     348   351   287   350
 2784     348   289   287   349
 2785     299   301   297   302
 2786     292   350   297   301
 2787     349   351   287   348
 2788     349   288   287   351
 2789     289   282   284   348
 2790     347   281   282   345
 2791     282   350   292   347
 2792     294   301   299   378
 2793     529   519   657   617
 2794     299   379   376   378
 2795     784   774   787   776
 2796     368   371   369   375
 2797     294   378   369   371
 2798     394   385   387   396
 2799    4048   896  2010  3978
 2800     391   386   389   387
 2801    4772  6705  6750  6700
 2802     957   960   959  1008
 2803     425   391   456   461
 2804     302   300   299   379
 2805     379   301   299   302
 2806     530   623   616   625
 2807     391   388   390   456
 2808    6008  6086  6005  6111
 2809     460   465   456   458
 2810     378   383   376   382
 2811    5079  5034  5142  5035
 2812     378   383   379   376
 2813     351   301   297   350
 2814     302   301   297   351
 2815     351   298   297   302
 2816     425   460   456   424
 2817    1966  3980  1964  3981
 2818     390   425   391   456
 2819     455   390   456   424
 2820    3609  2602  3601  3634
 2821     463   456   461   465
 2822     398   389   387   391
 2823    5274  5178  5276  5267
 2824     620   634   619   622
 2825     388   391   386   389
 2826     227   320   324   250
 2827     891   914   892   912
 2828     583   552   587   517
 2829     634   643   645   641
 2830     660   626  1790   536
 2831     969   962  1011   958
 2832     646   641   644   642
 2833     810   829   837   813
 2834     689   637   691   688
 2835     754   733   735   753
 2836     634   643   641   632
 2837    7568  6771  7499  7566
 2838     614   678   613   677
 2839     642   627   628   630
 2840    1435  1441  1439  1493
 2841    5317  2218  5328  5324
 2842     462   398   428   461
 2843     954   948  2072   858
 2844    3155  3159  3209  3160
 2845    1659  1708  1709  1791
 2846     618   530   625   659
 2847     674  1859   744  1861
 2848    1062  1120  1111  1119
 2849     950   858  2072  2068
 2850     743   756   735   755
 2851     629   623   625   616
 2852    2024  2022  2020  2025
 2853     839   821  2976  2975
 2854     527   515   517   587
 2855     638   694   645   636
 2856     702   682   687   685
 2857     715   724   751   711
 2858     703   753   750   730
 2859     698   689   694   696
 2860     618   616   625   530
 2861     824   775   783   784
 2862    5262  5312  5313  5310
 2863     531   659   660   535
 2864    1944  1935  1941  1962
 2865     748   743   745   747
 2866    1035  1033  1090  1029
 2867     812   780   828  1948
 2868     750   729   749   702
 2869     536   531   532   660
 2870     654   739   717   656
 2871     608   604   609   607
 2872    4395  4442  4398  4440
 2873     761   738   742   758
 2874     619   634   621   622
 2875     527   525   587   588
 2876     703   730   733   753
 2877     824   808   827   829
 2878     776   811   779   827
 2879    2221  2216  2218  5322
 2880     784   776   787   827
 2881    3142  3147  3148  1025
 2882     776   775   824   784
 2883    4169  4214  2189  4185
 2884     610   604   609   608
 2885     946   942   851   852
 2886     625   629   630   623
 2887     694   636   643   645
 2888     527   583   587   517
 2889     615   617   621   600
 2890     623   535   626   625
 2891     616   627   620   629
 2892     851   942   941   853
 2893     584   583   588   527
 2894     528   525   527   588
 2895     528   526   588   593
 2896     897   919   893   920
 2897     706   698   733   693
 2898     779   777   787   788
 2899     751   737   757   715
 2900     785   788   787   777
 2901    2117  2115  1987  1986
 2902    2778  3780  2774  3772
 2903     946   953   852   940
 2904     706   704   707   698
 2905    2028  2005  2006  2042
 2906     755   753   732   750
 2907     697   694   645   696
 2908     703   701   706   693
 2909     782   774   787   784
 2910    1001   936  1003   935
 2911     703   693   733   730
 2912     706   693   733   703
 2913    7744  7739  7741  7781
 2914     623   625   626   630
 2915     638   694   696   645
 2916     912   914   892   919
 2917     616   618   625   629
 2918     616   618   629   622
 2919     643   632   639   641
 2920     706   733   734   754
 2921     629   622   641   620
 2922     634   620   641   622
 2923     629   620   641   627
 2924     634   632   641   620
 2925     638   636   645   634
 2926     590   533   594   534
 2927     589   593   594   533
 2928     589   533   594   590
 2929     531   533   594   593
 2930     733   753   754   706
 2931    1919  1952  1949  1911
 2932     779   827   828   787
 2933     812  1948   828  1950
 2934    1948   780   828   788
 2935     779   788   828   780
 2936     779   811   828   827
 2937     779   812   780   828
 2938    1962  1951  1954  1935
 2939    1787  1783  1785  1786
 2940     535   659   660   625
 2941     786   778  1918   788
 2942     869   865  3026  3025
 2943     660   625   626   535
 2944     641   627   642   629
 2945     630   629   642   627
 2946     734   707   699   698
 2947     706   698   734   733
 2948    2149  2151  2095  2154
 2949     778   780  1918   788
 2950    1840  1842  1788  1841
 2951     706   754   734   707
 2952     707   698   734   706
 2953     920   917   897   919
 2954     531   593   660   659
 2955     594   593   660   531
 2956     920   898   897   918
 2957     643   646   641   644
 2958     644   642  1764   646
 2959     646   697   695   645
 2960      52    12    13    54
 2961    1948   788  1918   780
 2962    1291  1356  1289  1355
 2963    2024  2117  2020  2116
 2964    1873   754  1871   736
 2965    1990   856  1986  2114
 2966    2084  2146  2086   966
 2967     627   642   639   641
 2968     646   643   645   695
 2969     646  1820  1764   644
 2970    1910  1918  1949  1919
 2971     694   697   645   695
 2972     696   699   694   698
 2973     381   376   377   383
 2974    5324  2221  5328  5329
 2975    4097  2049  1985  2048
 2976     632   619   634   631
 2977    1383  1381  1468  1469
 2978    4355  1082  4359  1083
 2979     131   187  1311  1309
 2980     626   630   624   623
 2981     535   624   623   626
 2982     253   262   256   338
 2983     990  1011  1008  1042
 2984     907   902   921   909
 2985    1098  4368  1099  1075
 2986    1068  1041  1046  1052
 2987    1060  1070  1071  1062
 2988     967   956   963   965
 2989     699  1851  1834   707
 2990     876   915   873   903
 2991     709   729   687   749
 2992     958   967  1011   965
 2993    4543  4537  4550  4539
 2994     945   946   941   851
 2995    2239  2230  2241  2233
 2996     920   918  2034   898
 2997     860   857   859   950
 2998     892   883   891   912
 2999     252   259   333   258
 3000     990  1042  1037   992
 3001    1840  1841  1788  1789
 3002    3050   890  2974   889
 3003     855   986   985   988
 3004    1121  1142  3286  1122
 3005     859   949   854   985
 3006     986   950  2114   860
 3007    2177  2160  2161  2185
 3008     858   954   857   950
 3009    1917  1908  1909  1919
 3010    1874  1853  1872  1854
 3011    1066  1058  1116  1067
 3012     949   950   857   954
 3013    2165  2132  2164  2128
 3014    1068  1070  1071  1060
 3015     988   855   987   985
 3016    1098  4368  1075  1074
 3017     357   374   353   372
 3018    1114  1120  1122  1113
 3019    3049   887  3050   889
 3020    2258  2246  2256  2261
 3021    5650  5651  5661  5648
 3022     683   682   687   709
 3023     950   949   857   859
 3024     876   871   974   983
 3025    1044   998   999  1046
 3026     995  1044   999  1045
 3027     986   988   855   856
 3028     905   855   987   988
 3029    1011  1012   993   969
 3030     984   900   987   904
 3031     850   985   987   855
 3032    1012  1043   993   994
 3033    1011  1043   993  1012
 3034     820   813   819   838
 3035    3197  3174  3201  3175
 3036    1083  4387  4355  1082
 3037    3170  3167  3169  3184
 3038     881   882   877   861
 3039     952   947   948   954
 3040     692   729   702   682
 3041     974   874   875   973
 3042     915   862   911   878
 3043    1096  1100  1101  1097
 3044    1125  1095  1097  4390
 3045    1136  1125  1126  1138
 3046    3279  1093  3244  1106
 3047    1015  1017   978  1014
 3048     850   900   987   984
 3049    1118  1141  1126  1138
 3050    1011  1042   990   993
 3051     962   958   957  1008
 3052     982   985   854   942
 3053    1038  1041   997  1039
 3054    4608  4615  4613  4612
 3055    5333  5398  5331  5395
 3056     843   848   874   844
 3057     850   985   854   982
 3058     985   949   854   942
 3059    1039   992   991  1037
 3060    2247  1130  2243  5352
 3061     974   874   973   971
 3062     852   949   857   953
 3063    5328  2218  5315  5322
 3064    1091  1089  1090  1092
 3065    1011   958   965   969
 3066     966   968   965  1012
 3067    1011   969   965  1012
 3068     969   970   965  1012
 3069     966  1012   965   970
 3070     859   852   854   949
 3071    6004  6043  6108  6042
 3072     965  1012   967  1011
 3073     990  1008   989  1037
 3074     855   986   859   985
 3075     860   855   856   986
 3076     985   986   859   949
 3077     949   986   859   950
 3078     860   950   859   986
 3079     965   968   967  1012
 3080     947   953   857   954
 3081     946   942   852   953
 3082     942   982   853   854
 3083     949   953   852   942
 3084    1095  1100  1099  1098
 3085     954   953   951   947
 3086     428   431   489   430
 3087     621   617   602   600
 3088     949   954   857   953
 3089     712   683   722   709
 3090    5331  5398  5393  5395
 3091    4063  4152  4158  4133
 3092     963   968   967   965
 3093     966   963   965   968
 3094    1012  1011  1009   967
 3095     960  1009  1006  1011
 3096    5350  1083  4355  5316
 3097    5316  5351  5350  2217
 3098    2826  2829  2827  2805
 3099    1008   958   957   960
 3100     981   848   941   853
 3101     924   945   930   846
 3102     854   851   853   942
 3103     621   604   606   633
 3104     939   944   943   946
 3105     638   633   637   635
 3106     943   945   939   946
 3107     851   946   939   945
 3108    1003   934   933   935
 3109    5267  5269  5266  5178
 3110     926   847   925   845
 3111    4332  4339  4338  1074
 3112     604   600   606   603
 3113     981   982   849   853
 3114     955   960   959   957
 3115    1019  1016  1015  1018
 3116    1007   989  1036   976
 3117    4064   920  2034  4052
 3118    1030  1027  1032  1024
 3119     658   525   657   529
 3120    1003   934   938   937
 3121    1131  1121  1142  1141
 3122     515   556   587   657
 3123    7804  7801  7803  7802
 3124    5170  5196  5186  5184
 3125     588   583   587   527
 3126     768   766   772   783
 3127     606   603   605   604
 3128     929   930   925   845
 3129    1003   934   937   933
 3130     925   926   972   847
 3131     807   775   823   824
 3132     934   936  1003  1004
 3133     935   936  1003   934
 3134     934   936   933   935
 3135     932   936   933   934
 3136     932   931   933   936
 3137     930   924   929   928
 3138     927   928   929   924
 3139     927   924   929   923
 3140     846   845   929   923
 3141     930   845   929   846
 3142    1003   976   938  1004
 3143     750   729   731   749
 3144     924   846   929   923
 3145     930   846   929   924
 3146    2025  2117  2021  2020
 3147     600   519   602   599
 3148    6046  6049  6114  6048
 3149     657   525   587   515
 3150    2879  3881  2883  3883
 3151     529   617   657   658
 3152     910   907   922   909
 3153     776   773   775   784
 3154     692   701   700   703
 3155     708   711   709   712
 3156     657   658   587   525
 3157    1021   980  1020  1015
 3158     847   845   926   848
 3159     789   800   798   797
 3160     518   515   520   514
 3161     608   607   609   610
 3162     688   691   690   637
 3163     824   775   823   783
 3164     658   618   529   617
 3165     700   703   702   692
 3166    4539  4536  4543  4537
 3167     648   556   555   520
 3168     703   730   692   693
 3169     750   729   702   730
 3170    6251  6249  6258  6168
 3171     714   654   717   653
 3172     750   730   702   703
 3173     616   529   530   618
 3174     677   680   613   614
 3175    5928  4967  4979  5948
 3176     631   604   619   633
 3177     614   612   613   611
 3178     636   631   632   634
 3179     631   633   619   634
 3180    1003  1004   975   976
 3181     781   784   783   773
 3182     680   692   690   678
 3183     600   617   602   519
 3184     823   807   825   790
 3185     926   848   972   847
 3186     516   515   520   517
 3187     648   519   520   602
 3188     676   669   671   675
 3189     518   519   520   515
 3190    5321  2218  5315  5328
 3191    5322  5329  5328  2221
 3192    5790  5786  5799  5792
 3193    6652  6637  6656  6638
 3194     620   615   616   622
 3195     610   607   609   612
 3196     792   800   831   825
 3197     773   784   783   775
 3198     618   617   615   529
 3199     519   615   600   617
 3200     618   616   615   622
 3201     622   617   615   618
 3202     681   684   683   685
 3203     171   168   170   223
 3204     613   677   679   680
 3205    5022  5059  5063  5058
 3206     713   724   715   711
 3207     715   724   757   751
 3208     637   689   691   638
 3209     679   683   708   709
 3210     692   678   688   690
 3211    7318  5532  7322  5533
 3212    2712  2703  2710  2735
 3213     680   692   729   690
 3214     722   709   687   749
 3215     766   781   770   783
 3216    3229  1102  3228  3239
 3217     926   848   981   972
 3218     989  1008  1007  1037
 3219     517   556   587   515
 3220     692   730   702   729
 3221     703   730   702   692
 3222     588   525   587   658
 3223    3142  3163  3140  3177
 3224    1061  2186  1069  2184
 3225     809   825   831   832
 3226     657   519   602   617
 3227     556   517   587   552
 3228     606   604   610   633
 3229     607   612   610   608
 3230     556   517   520   515
 3231     610   635   633   608
 3232     515   519   648   657
 3233     657   556   648   515
 3234     609   604   605   603
 3235     637   612   610   614
 3236    3206  3214  3212  3209
 3237     685   682   683   681
 3238     611   612   609   607
 3239     678   677   614   680
 3240     611   678   614   612
 3241     690   678   614   680
 3242     688   612   635   637
 3243     614   688   637   612
 3244    4794  7513  7603  6783
 3245     516   514   520   515
 3246     648   515   520   519
 3247    1816  1803  1818  1807
 3248     635   610   637   612
 3249     602   600   605   606
 3250     709   680   679   683
 3251     611   677   613   678
 3252     606   604   605   610
 3253     792   800   825   790
 3254    1007  1037  1036   989
 3255     610   612   613   614
 3256     609   612   613   610
 3257     516   517   520   556
 3258     599   519   520   518
 3259     602   519   520   599
 3260     605   602   601   599
 3261     790   823   768   798
 3262     681   682   683   677
 3263     683   680   679   677
 3264     744   762   743   748
 3265     848   844   981   972
 3266     749   729   687   702
 3267     709   680   683   682
 3268     678   682   683   680
 3269     677   682   683   678
 3270     678   680   683   677
 3271    4612  4586  4613  4608
 3272     683   685   687   682
 3273     702   729   687   682
 3274    3025   865  3026   866
 3275     648   520   647   601
 3276    5027  5990  5025  5029
 3277     520   556   555   516
 3278     551   516   555   556
 3279     865   863   869   864
 3280     656   653   717   654
 3281     722   712   724   721
 3282     783   766   772   770
 3283     807   768   790   823
 3284     972   847   874   971
 3285     790   767   789   798
 3286     972   847   971   925
 3287     741   739   717   715
 3288     903   915   873   901
 3289     959  1008  1007   957
 3290     768   783   772   823
 3291    1014   976   978   975
 3292     768   798   772   767
 3293     844   853   981   849
 3294     868   864   880   869
 3295     709   682   687   729
 3296     823   798   772   768
 3297     722   683   687   709
 3298     683   685   686   687
 3299     771   765   772   767
 3300     771   767   772   798
 3301     876   903   873   871
 3302     899   903   904   984
 3303     683   684   686   685
 3304     687   722   686   683
 3305     844   853   848   981
 3306     977  1015   979   980
 3307     790   767   798   768
 3308     768   765   767   772
 3309     945   846   941   926
 3310     961   957  1007  1008
 3311     937  1003   975   938
 3312     938  1003   975   976
 3313    1136  1141  1126  1139
 3314     981   982   984   849
 3315     848   845   926   846
 3316     972   844   874   848
 3317     871   901   899   903
 3318    1015  1019   980  1017
 3319     930   945   926   846
 3320     957  1008   961   962
 3321    6441  6478  6472  6449
 3322     961   990   962  1008
 3323     846   930   925   926
 3324     846   845   925   930
 3325     926   845   925   846
 3326     762   756  1879   744
 3327     870   843   874   844
 3328     972   848   874   847
 3329     673   676   675   669
 3330    1014  1004  1036   976
 3331     849   854   853   982
 3332    1013  1004  1014   975
 3333    1039  1038   991   997
 3334    1098  1100  1099  4368
 3335     972   844   974   874
 3336     934   957  1007   961
 3337    1098  1100  1094  1095
 3338    1038  1041  1040   997
 3339    1015   980  1020   979
 3340    1126  1109  1110  1118
 3341     844   983   974   871
 3342    1007   976  1036  1004
 3343    1125  1087  1109  1117
 3344    1112  1120  1063  2235
 3345    1029  1026  1027  1033
 3346    2977  2978  2959  2975
 3347     902   916   904   901
 3348    1119  1116  1110  1108
 3349    1029  1026  1033  1028
 3350    1068  1070  1057  1065
 3351    4382  1127  4383  4385
 3352    4362  4416  4343  4436
 3353    1102  1106  3244  1093
 3354    3049   889  2973   866
 3355    1094  1100  1097  1095
 3356     961  1008  1007   989
 3357     926   848   941   981
 3358     878   868   913   880
 3359     945   851   941   846
 3360     851   946   941   942
 3361     981   853   941   982
 3362    1137  1125  1117  1101
 3363     981   844   849   983
 3364    1030  1034  1035  1033
 3365    3232  3231  3238  3236
 3366     873   876   882   915
 3367    3248  3257  3283  3253
 3368     938   934  1007   961
 3369     938  1004  1007   934
 3370     938   976  1007  1004
 3371     959   957  1007   934
 3372    1002   936  1007  1004
 3373    1005   936   959  1007
 3374     934  1004  1007   936
 3375     934   936  1007   959
 3376    1111  1059  1062  1119
 3377    1040   997  1049  1048
 3378     862   872   861   881
 3379    1015   975   978   977
 3380    2920  2915  2916  2918
 3381     901   862   883   915
 3382     830   829   813   838
 3383    1103  1100  1104  1101
 3384    1093  1125  1101  1117
 3385     864   866  3026   869
 3386     117    77   147    78
 3387     915   883   911   862
 3388    2975   821  2976  2957
 3389    1032  1031  1035  1030
 3390     738   737   742   758
 3391    6355  6371  4448  6354
 3392    3276  3283  3252  3281
 3393    1117  1126  1118  1109
 3394     665   650   661   667
 3395     794   833   804   796
 3396     811   829   813   830
 3397     903   983   984   899
 3398    3553  3544  3550  3593
 3399    1119  1121  1110  1116
 3400    1091  1092  1090  1093
 3401    1102  3244  3239  3240
 3402     522   569   523   589
 3403     879  3029  3027   880
 3404    1103  1101  1104  1106
 3405    1136  1138  1126  1141
 3406    4515  4511  4509  4542
 3407    4570  4577  6612  4571
 3408    1075  1127  4382  1099
 3409    1110  1107  1108  1116
 3410     999  1044  1047  1045
 3411    4390  1097  1135  1104
 3412    4543  4537  4536  4541
 3413    3169  3167  3162  3183
 3414    1030  1031  1035  1034
 3415    1030  1033  1035  1027
 3416    1101  1106  1137  1104
 3417    1117  1109  1115  1087
 3418    3158  3156  3157  3154
 3419      71    45    47    49
 3420    1075  1127  1078  4382
 3421    1030  1027  1035  1032
 3422    1102  1106  1101  1105
 3423     874   871   974   876
 3424    1019  1017  1015  1016
 3425    1014   975   978  1015
 3426    1013  1016  1015  1017
 3427    1014  1013  1015  1017
 3428     975  1013  1015  1014
 3429     829   808   826   824
 3430     649   652   656   651
 3431     878   862   911   868
 3432    1036   976   978  1014
 3433     976   991   989  1036
 3434     972   983   974   844
 3435    3033  3029  3034  3038
 3436     844   871   974   874
 3437     971   972   974   874
 3438     991  1036   978  1038
 3439    1014  1038  1017   978
 3440     977  1015   980   978
 3441     903   871   876   983
 3442     878   862   877   882
 3443     863   868   869   864
 3444     974   876   875   874
 3445     872   874   875   871
 3446     876   871   875   874
 3447     882   862   861   881
 3448     873   876   875   872
 3449     873   871   875   876
 3450     872   871   875   873
 3451    1027  1033  1035  1029
 3452     872   873   882   862
 3453     864   866   869   865
 3454    3131  3032  3127  3106
 3455    3045  3046  3042  3040
 3456     876   872   881   875
 3457     878   867   877   861
 3458     882   872   881   873
 3459     876   873   881   872
 3460     882   873   881   876
 3461     862   872   881   882
 3462     978  1017   980  1038
 3463     865   866  3025   805
 3464    1040   997   980  1038
 3465    1040  1038   980  1017
 3466    3146  3151  3153  3157
 3467    6390  6392  6386  6393
 3468     792   825   831   809
 3469     527   513   583   517
 3470    6310  6307  6358  6356
 3471    2935  2938  2936  2943
 3472     575   504   481   573
 3473    3025   866  2948   806
 3474    2123  2122  2157  2147
 3475     711   710   714   713
 3476     713   711   715   714
 3477     717   715   720   741
 3478     710   712   713   711
 3479    3056   896  2980   895
 3480     722   749   711   709
 3481     722   709   711   712
 3482     724   722   711   712
 3483     665   654   667   739
 3484     718   720   726   728
 3485     497   502   493   495
 3486     813   829   837   838
 3487     732   750   752   755
 3488    2179  2239  2236  2187
 3489     731   711   751   749
 3490     731   709   711   749
 3491     731   737   752   751
 3492     798   823   825   790
 3493     740   666   668   665
 3494     756   762   743   744
 3495     892   887   914   891
 3496     761   743   747   738
 3497     839   819   816   837
 3498    2861  2858  2860  2871
 3499    1117  1109  1118  1115
 3500    2851  2847  2853  2850
 3501     803   805  2944   804
 3502     711   722   751   749
 3503    3260  3264  3271  3250
 3504    1544  1567  1569  1547
 3505     826   809   810   832
 3506    1126  1141  1131  1139
 3507     738   752   758   761
 3508     882   862   877   861
 3509     711   737   731   751
 3510     912   917   892   884
 3511     737   654   665   739
 3512     711   724   751   722
 3513    2927  2889  2912  2891
 3514     672   669   671   676
 3515     842  2976  3974  3978
 3516    2925  2933  2898  2895
 3517     742   747   740   738
 3518     878   861   877   862
 3519    5362  5364  5407  5406
 3520     825   823   826   807
 3521     757   715   726   724
 3522     545   540   548   573
 3523     897   888   893   919
 3524     738   731   737   752
 3525    2905  2887  2910  2919
 3526     427   485   490   488
 3527    2993  2994  2990  2942
 3528    2819  2827  3834  2804
 3529     795  2936   796  2943
 3530     715   714   718   713
 3531     802   831   794   792
 3532    3017  2967  3018  3005
 3533     674   746   673   676
 3534    2889  2900  2891  2927
 3535     573   504   571   574
 3536     656   655   717   653
 3537     748   746   743   744
 3538     802   793   794   803
 3539    3025   806  2947   805
 3540    3086  3081  3082  3088
 3541     718   714   720   719
 3542     744   673   746   743
 3543     803   796  2943   795
 3544     715   757   720   741
 3545     718   715   720   714
 3546     741   757   720   759
 3547    2890  2908  2888  2889
 3548     717   716   720   714
 3549     719   714   720   716
 3550    4531  4528  4535  4529
 3551     719   718   728   720
 3552     801   793   802   803
 3553     791   794   792   802
 3554     804   805  2944   806
 3555    3195  3215  3298  3214
 3556     794   803   804   802
 3557    2963  3009  3010  2983
 3558     794   796   804   803
 3559     878   868   880   869
 3560    2845  2870  2860  2843
 3561     879   878   880   869
 3562    3023  3016  3010  3012
 3563     791   800   802   792
 3564     715   713   726   724
 3565     718   713   726   715
 3566     718   715   726   720
 3567     720   715   726   757
 3568     915   862   878   882
 3569    3779  3815  3775  3813
 3570     723   724   726   713
 3571     720   759   726   728
 3572     720   757   726   759
 3573     802   833   804   794
 3574     802   833   794   831
 3575     815   831   794   833
 3576     299   292   297   301
 3577    2969  2955  2970  2972
 3578     868   861   878   862
 3579     868   867   878   861
 3580    4544  4537  4550  4548
 3581    1101  1093  1117  1137
 3582     891   862   868   911
 3583     903   901   904   916
 3584     891   914   911   913
 3585    3115  3032  3102  3129
 3586    1104  1097  1135  1101
 3587     980  1015  1021  1019
 3588    1070  1120  1062  1119
 3589    1065  1067  1057  1056
 3590     913   868   911   891
 3591    2990  3003  3001  3011
 3592     867   868   869   863
 3593     868   864   913   880
 3594    1115  1058  1066  1029
 3595    3030  3038  3036  3069
 3596    3142  3177  3140  3148
 3597     868   867   869   878
 3598     878   867   869   877
 3599     877   879   869   878
 3600    2944   796  2969  2936
 3601    2977  2956  2970  2975
 3602    1026  1033  1030  1027
 3603    1086  1096  1091  1097
 3604    1087  1084  1085  1091
 3605    1106  1105  1103  1101
 3606    1027  1018  1024  1026
 3607    1101  1102  1093  1106
 3608    3225  3224  3230  3228
 3609    6350  6306  6304  6351
 3610    1101  1097  1091  1096
 3611    3139  1025  3140  1022
 3612    1085  1028  1088  1084
 3613    1087  1085  1090  1091
 3614    1020  1021  1024  1023
 3615    1021  1015  1024  1019
 3616    1020  1015  1024  1021
 3617    1027  1019  1024  1018
 3618    1035  1034  1090  1033
 3619    1103  4372  1104  1100
 3620    1023  1025  1024  1022
 3621    1023  1022  1024  1020
 3622    1064  1027  1066  1056
 3623    1027  1058  1029  1066
 3624    4390  1125  1135  1097
 3625    1117  1087  1115  1090
 3626    1087  1084  1091  1086
 3627    1085  1088  1090  1091
 3628    3275  1093  3229  3240
 3629    1027  1019  1032  1024
 3630    1101  1092  1093  1102
 3631    1024  1025  1032  1031
 3632    1023  1025  1032  1024
 3633    1024  1021  1032  1023
 3634    1019  1021  1032  1024
 3635    1055  2184  1053  1069
 3636    2235  1120  1114  1112
 3637    3276  3278  3252  3283
 3638    1070  1120  1071  1062
 3639    1032  3161  3140  1023
 3640    1097  1087  1093  1091
 3641    1093  1125  1117  1087
 3642    1101  1097  1093  1091
 3643    1091  1092  1093  1101
 3644    1119  1116  1108  1059
 3645    1085  1029  1115  1090
 3646    1107  1029  1058  1115
 3647    1087  1085  1115  1090
 3648    1040   997  1048   980
 3649    1093  1102  3229  3240
 3650    6449  6444  6448  6439
 3651    1019   980  1048  1021
 3652    1019  1040  1048   980
 3653    1106  1102  3244  1105
 3654    1041  1060  1057  1068
 3655    1056  1040  1065  1064
 3656    2845  2846  2848  2849
 3657    3257  3281  3252  3283
 3658    3050  3049  3052   913
 3659    3050   889  2974  2973
 3660    1115  1058  1116  1066
 3661    1109  1085  1107  1115
 3662    2012  2035  2034  2008
 3663    1117  1137  1138  1125
 3664     819   840   837   839
 3665    1048  1019  1064  1040
 3666    1071  1060  1069  1068
 3667    3177  1032  3140  3148
 3668    1021  1050  1048  1064
 3669    1032  1021  1064  1023
 3670    1019  1021  1064  1032
 3671    1048  1021  1064  1019
 3672    1027  1019  1064  1032
 3673    1138  1135  1136  1125
 3674    1107  1058  1116  1115
 3675    1135  1125  1138  1137
 3676    3240  3229  3228  3239
 3677    2889  2908  2910  2914
 3678    2184  4163  4162  2170
 3679     804   796  2969  2944
 3680    1054  1049  1051  1068
 3681    3093  3095  3082  3089
 3682    6663  6638  6656  6642
 3683    6554  6561  6591  6550
 3684     899   983   984   849
 3685    1070  1067  1057  1065
 3686    1057  1062  1059  1070
 3687    4403  4445  4452  4450
 3688     738   755   761   743
 3689     883   891   912   911
 3690    1131  1118  1141  1126
 3691    4050  4052  2034   920
 3692     982   985   987   850
 3693     982   850   987   984
 3694    1063  1120  1071  2235
 3695    2235  2186  1071  1063
 3696    1958   822  1942  3974
 3697    4363  4417  4420  4361
 3698    1056  1059  1058  1067
 3699    1109  1115  1116  1118
 3700    1069  2184  1053  1047
 3701    2960  2976  3976  3974
 3702    7784  7805  7807  7803
 3703    1042  1043   995   993
 3704    4442  4400  4450  4397
 3705    1118  1138  3285  1141
 3706    1071  1061  1069  1060
 3707    1064  1067  1065  1056
 3708    1041   997   998  1049
 3709    1058  1108  1107  1116
 3710    3276  1118  3280  3285
 3711    1049  1048  1065  1040
 3712    1064  1040  1065  1048
 3713    1048  1050  1065  1064
 3714    1048  1051  1049  1065
 3715     998  1041  1046  1039
 3716     999   992   998  1044
 3717    3154  3158  3193  3146
 3718     997  1041   998  1039
 3719    1044   992   998  1039
 3720    1108  1113  1110  1119
 3721    1116  1058  1059  1067
 3722     901   915   916   903
 3723     919   914  3059  3073
 3724     903   899   904   901
 3725     849   983   984   981
 3726     883   915   916   901
 3727     912   911   916   883
 3728     915   883   916   911
 3729     849   982   984   850
 3730    1068  1070  1060  1057
 3731     998  1052  1046  1041
 3732    1059  1067  1057  1070
 3733    1052  1054  1069  1068
 3734    1057  1040  1041  1065
 3735    1958  3974  1942  3975
 3736    1070  1119  1062  1059
 3737    1116  1121  1110  1118
 3738     811   814   812   830
 3739    1118  1109  1110  1116
 3740     693   688   689   691
 3741    1042  1045  1044   995
 3742    1044  1042   995   992
 3743     993   996   994  1043
 3744    3070  3067  3072  3069
 3745    2036  2022  2024  2037
 3746    2724  2719  2721  2775
 3747    1082  1134  1083  4387
 3748    1121  1132  1122  1113
 3749    6250  6253  6251  6248
 3750    1132  1121  1142  1131
 3751     207   138   139   209
 3752    2015  4055  2041  2014
 3753    3185  3188  3187  3171
 3754     999  1047  1053  1000
 3755     999  1052  1053  1046
 3756    1046   998   999  1052
 3757    3060   920  4064  4052
 3758    2258  4280  2237  2238
 3759    1132  1131  1142  1140
 3760     900   907   905   909
 3761     904   900   909   902
 3762    4053  4072  4076  4058
 3763    4259  4263  4265  4266
 3764     902   904   921   909
 3765     902   916   921   904
 3766     912   916   921   884
 3767     884   917   921   912
 3768     884   916   921   902
 3769     884   885   921   917
 3770     995  1000   996  1045
 3771    1114  1111  1112  1120
 3772    2166  2131  2172  2161
 3773    2139  2140  2141  2194
 3774    3976  3960  3986  2960
 3775    1047  1045  1000   999
 3776    2213  2210  2209  2214
 3777     988   905   910   909
 3778     988   906   910   905
 3779    1060  1063  1062  1071
 3780    2179  2228  2236  2239
 3781     995  1045   996  1043
 3782     909   905   910   907
 3783     999  1046  1053  1047
 3784    1063  2186  1071  1061
 3785     921   909   922   907
 3786     885   917   922   921
 3787     885   918   922   917
 3788     918   885   922   886
 3789     907   885   922   921
 3790    6307  6363  6313  6366
 3791    3078  3075  3077  3059
 3792     834   818  2970   817
 3793    2028  2042  2043  2030
 3794    1139  1131  4392  4393
 3795    4443  4451  4442  4400
 3796    4471  6458  4474  6460
 3797    2227  2230  2229  2236
 3798     750   753   732   730
 3799    1046  1068  1069  1060
 3800    1069  1047  1053  1046
 3801    1069  1046  1053  1052
 3802    1131  1139  1142  1140
 3803    1131  1141  1142  1139
 3804    5412  5414  4451  4407
 3805    3180  3165  3178  3166
 3806    1065  3167  3183  3162
 3807    1119  1121  1122  1113
 3808    1113  1120  1122  1119
 3809     810   832   837   826
 3810     838   814   813   830
 3811    2877  2870  2871  2873
 3812     917   918   897   885
 3813     825   807   826   809
 3814     824   807   826   823
 3815     824   808   826   807
 3816     819   840   839   821
 3817     674   669   670   676
 3818    1932  1950  1934  1951
 3819     747   743   745   738
 3820    1959  3975  1943  3980
 3821    1865  1883  1884  1877
 3822    3799  3832  3840  3831
 3823     550  2718  2707   483
 3824     752   737   758   751
 3825     814  1950  1956  1934
 3826    3978  2980  4048   896
 3827     745   666   740   738
 3828    4230  3204  3219  3221
 3829    2926  2934  2899  2898
 3830    2130  2168  2160  1000
 3831     738   737   740   742
 3832    3086  3095  3082  3093
 3833    5743  4784  5741  5749
 3834     830   814  1956   838
 3835    3974  3975  1960  3979
 3836    2965  2968  2966  2988
 3837     826   829   810   808
 3838     752   755   738   732
 3839     807   810   808   826
 3840     812  1950   830   814
 3841     920   918   897   917
 3842     811   827   830   828
 3843    1869  1864  1860  1862
 3844    1560  1571  1573  1567
 3845    3189  3173  3194  3190
 3846     667   739   740   665
 3847    2005  2023  2037  2042
 3848     493   502   498   500
 3849     756   754  1873   736
 3850     730   735   733   753
 3851     673   746   675   676
 3852     676  1861   674   746
 3853     812  1934  1932  1950
 3854    1684  1706  1707  1704
 3855     749   750   752   731
 3856    5929  5924  5949  5928
 3857     744   746   674  1861
 3858     668   675   664   662
 3859    1411   288  1470  1472
 3860     498   500   444   437
 3861    1517  1592  1518  1515
 3862     744   673   674   746
 3863    4771  6700  6745  6699
 3864     897   884   892   917
 3865     756   755   743   762
 3866     735   753   732   755
 3867     729   732   730   750
 3868    3017  3005  3018  3020
 3869     813   838   837   819
 3870     740   745   668   666
 3871     819   838   837   840
 3872     819   810   816   837
 3873      20    60    59    62
 3874    4078  4089  4093  4088
 3875     749   731   752   751
 3876     754   756   735   736
 3877     754   753   735   756
 3878     738   737   758   752
 3879     675   666   668   745
 3880     837   810   816   832
 3881    7167  7192  7194  7190
 3882     897   917   892   919
 3883     912   919   892   917
 3884     575   576   506   504
 3885    2861  2878  2871  2880
 3886     743   755   761   762
 3887     751   737   758   757
 3888    2726  2730  2704  2729
 3889     562   559   561   596
 3890     747   738   742   761
 3891     758   737   742   741
 3892     893   898   897   920
 3893     757   737   758   741
 3894    1620   445   501   491
 3895    3173  3193  3194  3181
 3896     816   832   834   839
 3897    2240  2242  2271  2234
 3898     742   737   740   739
 3899    2970  2969  2974   835
 3900     666   673   745   675
 3901     758   741   742   760
 3902     752   755   761   738
 3903    2969   817  2970  2953
 3904     831   832   834   815
 3905     831   815   834   833
 3906     839   818   834   816
 3907    6797  7527  6799  6793
 3908     839  2975   834   818
 3909     816   815   834   832
 3910    3111  3113  3114  3118
 3911     817   833   834   815
 3912     815   818   816   834
 3913     745   738   740   747
 3914     758   741   760   757
 3915     759   757   760   741
 3916    2969   833  2970   817
 3917     740   665   668   667
 3918    2976   841  2980   842
 3919     675   673   745   746
 3920     746   673   745   743
 3921    2787  2782  2801  2793
 3922     743   666   673   745
 3923    2487  2436  2489  2486
 3924     737   739   742   741
 3925     748   746   745   743
 3926     667   661   668   663
 3927     661   664   662   668
 3928    5929  5924  5925  5949
 3929     743   762   747   748
 3930     761   762   747   743
 3931     764   761   747   763
 3932     761   764   747   762
 3933     748   762   747   764
 3934     763   758   742   760
 3935     761   763   742   747
 3936     761   758   742   763
 3937    1161  1152  1177  1159
 3938     738   665   666   740
 3939     739   737   740   665
 3940     665   661   668   667
 3941    2753  2756  2746  2752
 3942    3217  3300  3305  3215
 3943    2873  2872  2877  2870
 3944     507   504   506   576
 3945     574   504   505   576
 3946    2579  2580  2582  2536
 3947     440   446   447   444
 3948     501  1620   499   445
 3949     430   488   491   489
 3950     582  3733  2723   511
 3951     510   581   582   508
 3952    1361   217  1351   157
 3953    3733  3736  3734  3771
 3954     487   485   490   427
 3955     491   445   501   444
 3956    2788  2802  2794  2787
 3957     572   579   562   574
 3958     958   967   965   956
 3959     492   493   436   495
 3960    2605  2578  2636  2638
 3961     442   446   433   435
 3962     444   490   501   491
 3963     431   430   491   489
 3964     490   488   430   427
 3965     574   581   505   579
 3966    2603  2576  2624  2626
 3967     330   254   342   251
 3968     487   486   436   495
 3969     224   225  2503   172
 3970     443   440   447   441
 3971     591   565   597   560
 3972    2384  2305  2374  2310
 3973    7166  7177  7179  7167
 3974    4555  4552  4553  6566
 3975     340   341   264   262
 3976     508   581   582   579
 3977     493   500   437   495
 3978     255  1462  1450   331
 3979     575   504   573   576
 3980     492   494   475   496
 3981     337   333   253   342
 3982     330   326   331   254
 3983     325   251   342   337
 3984    3443  3444  3502  3504
 3985     564   589   591   569
 3986     573   574   561   596
 3987     428   488   430   489
 3988     598   567   580   579
 3989     335   258   332   333
 3990     163   162    90    95
 3991     596   559   586   560
 3992     439   446   437   498
 3993     560   596   597   586
 3994     433   435   417   442
 3995     419   442   417   435
 3996     563   583   586   584
 3997    1563  1553  1612  1613
 3998     432   437   436   439
 3999     437   500   487   495
 4000     596   560   597   562
 4001     321   250   251   325
 4002     596   585   586   559
 4003     320   322   325   323
 4004     596   574   561   562
 4005     426   486   436   487
 4006     115   177   114   183
 4007     374   387   384   386
 4008    2641  2678  2646  2639
 4009     534   523   524   590
 4010     564   560   591   586
 4011     838   820  1958   840
 4012     590   570   592   569
 4013    1655  1705  1704  1684
 4014     591   565   592   598
 4015     444   500   501   490
 4016    1595  1611  1610  1551
 4017     490   437   444   500
 4018     427   444   430   490
 4019     325   323   330   321
 4020     328   321   330   323
 4021     186   120   180   187
 4022     577   562   572   579
 4023     562   574   597   596
 4024     570  1706   592   566
 4025     560   567   565   597
 4026     562   579   597   574
 4027     394   375   392   382
 4028     440   417   420   442
 4029     589   569   592   591
 4030     420   423   421   443
 4031    5738  7473  7537  7464
 4032    1509  1520  1510  1507
 4033    1497   300  1425   302
 4034    1432  1430  1429  1506
 4035    3978   842  1960  3974
 4036     568   567   580   598
 4037     508   579   580   577
 4038     589   590   592   569
 4039     565   570   569   592
 4040     598   565   592   566
 4041    1377  1462  1450   255
 4042     498   500   503   501
 4043     498   500   501   444
 4044     597   565   598   567
 4045     591   565   598   597
 4046     331  1462   343   255
 4047     499   445   447   444
 4048    3638  3639  3611  3647
 4049    2968  4012  3968  4020
 4050     430   445   431   491
 4051     490   430   491   444
 4052    1694   509  1630  1696
 4053    1655  1661  1704  1705
 4054     577   579   580   567
 4055     422   442   443   420
 4056    2606  2637  2644  2639
 4057     508   511   509   582
 4058     508   578   577   580
 4059     582   580  1696   509
 4060     444   498   499   501
 4061     501   445   499   444
 4062    2372  2375  2379  2374
 4063     444   446   499   498
 4064     100  2388  2391  2390
 4065     442   446   447   440
 4066     442   440   447   443
 4067     169   223   171   242
 4068     247   196   246   240
 4069     441   420   421   443
 4070     420   442   443   440
 4071    3770  3773  3735  3771
 4072    1697  1696  1630  1632
 4073    1723  1726  1722  1727
 4074    2795  2783  2796  2798
 4075    2468  2530  2531  2524
 4076     263   256   262   339
 4077     239   194   241   238
 4078    3526  3525  1327  3475
 4079    2384  2310  2385  2306
 4080     177   186   183   115
 4081    3650  2645  2647  3677
 4082      79    80  2352  2346
 4083    2597  2600  2599  2602
 4084     580   509  1694  1696
 4085     191   235   240   238
 4086    2392   101  2394   106
 4087    1466  3546  3545  1391
 4088    2309  3313  3311  3371
 4089    1179  1186  1181  1182
 4090      33    18    32    35
 4091     259   258   335   333
 4092    2363  2479  2486  2449
 4093     247   202   246   196
 4094    2393   109  3393  2377
 4095    2367  2304  2381  2366
 4096     671   662   664   675
 4097    1182  1147  1181  1179
 4098     197   241  1369  1363
 4099     184   185   124   182
 4100     196   194   240   241
 4101    1352  1362  1287  1288
 4102    1369  1325  1372  1371
 4103     190   234   237   235
 4104     195   194   241   239
 4105     197   194   196   241
 4106     181   187   180   120
 4107     342   338   256   343
 4108    6981  6960  6917  6962
 4109    3372  3370  3376  3383
 4110    1322  1291  1321  1366
 4111    2469  2525  3527  2467
 4112     564   559   560   586
 4113     121   118   120   181
 4114     118   179   181   119
 4115    2522  2463  2524  2519
 4116    1462   343   257   339
 4117     197   247  1369   241
 4118     342   251   253   337
 4119     190   167   236   234
 4120     130   120   186   187
 4121     229   336   311   332
 4122     554   538   558   543
 4123     187   189   186   130
 4124     343   254   256   342
 4125     254   257   255   343
 4126    2466   201  2463  2522
 4127     186   115   125   183
 4128     238   194   240   191
 4129      82  2359  2361    93
 4130     259   333   335   340
 4131     113   120   118   180
 4132     186   120   115   180
 4133    2587  2580  2585  2537
 4134     191   235   237   240
 4135     191   190   237   235
 4136     338   340   262   341
 4137    2526  2464  2527  2470
 4138     341   263   262   339
 4139     256   338   262   339
 4140      80  2368  2370    98
 4141     240   196   246   193
 4142    2538   335  2585   340
 4143     189   128   188   130
 4144    2364  2366  2371  2370
 4145     188   123   127   185
 4146     183   185   124   125
 4147     122   125   124   185
 4148    2378    99  2376   104
 4149    2389  2392  2369   103
 4150     126   127  2391   122
 4151     193   237   243   246
 4152     193   192   243   237
 4153     246   249   248   202
 4154    2522  2466  2524  2463
 4155     199   192   198   243
 4156     246   193   199   243
 4157     193   202   196   246
 4158    6194  5239  6192  6202
 4159      93  2359  2350    83
 4160      92    97   165    94
 4161     242   243   198   192
 4162     166   218   221   219
 4163     112   174   176   177
 4164    2380  2366  2304  2291
 4165     264   259   261   340
 4166     243   199   248   245
 4167     243   246   248   199
 4168     186   130   188   125
 4169     183   186   188   125
 4170     125   185   188   183
 4171    4229  4236  4197  4231
 4172     130   123   128   188
 4173     123   185   188   125
 4174    2502  2503  2505  2450
 4175     127   123   122   185
 4176    2541  2588  3587  2586
 4177    2522  2466  2523  2525
 4178     188   189   132   128
 4179     133   128   132   189
 4180     188   128   132   123
 4181     900   849   899   984
 4182    2321  2327  3327  2325
 4183    2680  2682  2685  2683
 4184     558   595   548   540
 4185     102  2388    84  2368
 4186    4603  4600  4602  4607
 4187     122   185   126   127
 4188    2589  2587  2546  2543
 4189     252   259   253   333
 4190     182   185   124   183
 4191     165    94    96   164
 4192     409   413   415   438
 4193      82    81    93    91
 4194      89    94    90   162
 4195    3682  3677  3679  3681
 4196     114   125   115   183
 4197     233   232  2511   312
 4198    3001  2942  3009  2963
 4199    2349  2291  2355  2348
 4200    2308  2375  2374  2310
 4201     112   177   176   114
 4202    2351    79  2350    83
 4203     200   245   198   244
 4204     242   245   198   243
 4205     199   243   198   245
 4206     201   198   200   245
 4207    2574  2624  2612  2570
 4208     470   405   407   467
 4209    2568  2513  2515  2512
 4210     190   234   236   237
 4211     486   494   436   495
 4212    6645  6660  6664  6659
 4213    2585   340  2586  2538
 4214     543   541   554   542
 4215     554   543   558   553
 4216    2659  2676  2688  2661
 4217     495   497   492   493
 4218     495   494   492   497
 4219     596   573   595   561
 4220     227   336   324   309
 4221     559   538   595   585
 4222     540   595   548   573
 4223     558   540   548   543
 4224     320   322   324   325
 4225     545   544   547   543
 4226     561   559   595   596
 4227     538   543   539   540
 4228     438   439   432   436
 4229     487   484   426   486
 4230     424   427   425   485
 4231     424   484   426   485
 4232     487   485   426   484
 4233     427   485   426   487
 4234     435   434   416   418
 4235     337   250   252   336
 4236     182   114   176   183
 4237     232   313   312   233
 4238     416   419   417   435
 4239     242   192   236   243
 4240     243   192   236   237
 4241      89   162    90   160
 4242      88   174   176   112
 4243      88   159   176   174
 4244     198   169   171   242
 4245    2756  2755  2758  2757
 4246     332   258   252   333
 4247     332   337   252   336
 4248     337   333   252   253
 4249     332   333   252   337
 4250     159    88   161    87
 4251     334   313   231   233
 4252     472   494   413   486
 4253     169   242   221   223
 4254     407   468   413   472
 4255    1508  1503  1504  1510
 4256     441  1563  1565  1559
 4257     182   176    90   161
 4258      95   182    90   163
 4259     161   160    90   163
 4260      89   160    90   161
 4261      87   160    89   161
 4262     161    88    89    87
 4263     242   192   169   236
 4264     124    90    95   182
 4265     229   227   228   305
 4266    2470  2455  2528  2526
 4267      93    97  2361    92
 4268    2364    80  2347  2370
 4269     412   468   413   407
 4270     229   305   311   315
 4271     227   226   305   303
 4272    2511  2562  2563   313
 4273    2347  2288  2349  2348
 4274     305   227   228   226
 4275     227   303   305   304
 4276     309   304   305   303
 4277     227   304   305   309
 4278     229   305   228   230
 4279     303   309   308   305
 4280     303   306   308   309
 4281     438   434   409   432
 4282    6926  6931  6933  6927
 4283     543   542   554   538
 4284     537   541   543   538
 4285     538   541   543   542
 4286     424   367   405   455
 4287    3021  3122  3119  3121
 4288     540   538   558   595
 4289    2797  2817  2816  2783
 4290     552   542   554   551
 4291     538   542   554   585
 4292     553   541   554   543
 4293     595   538   554   585
 4294     481   573   548   575
 4295     470   467   407   472
 4296     484   405   407   470
 4297     436   407   413   486
 4298    2669  2663  2662  2668
 4299     472   486   407   470
 4300     426   484   407   486
 4301     470   486   407   484
 4302     551   541   554   553
 4303     551   542   554   541
 4304    4255  4268  4256  4272
 4305     400   403   401   411
 4306     406   468   412   407
 4307     545   544   548   547
 4308    2658  2665  2659  2662
 4309    2952  2942  2983  3009
 4310    2568  2513  2565  2515
 4311     554   595   558   538
 4312     557   543   558   547
 4313    2758  2764  2797  2762
 4314     410   408   415   411
 4315     305   309   315   227
 4316     311   230   310   305
 4317     229   227   315   336
 4318     308   309   315   305
 4319     409   436   413   438
 4320     409   434   411   401
 4321    2795  2755  2758  2762
 4322    2458  2363  2396  2486
 4323     311   305   310   315
 4324     475   413   415   412
 4325     413   473   475   477
 4326     481   571   545   573
 4327     543   545   548   547
 4328     550   575   483   481
 4329     472   468   477   471
 4330     543   540   548   545
 4331     844   899   849   983
 4332     473   468   477   413
 4333     413   468   477   472
 4334     546  2707   482   483
 4335     477   496   475   494
 4336    2654  2657  2659  2658
 4337     473   413   475   412
 4338    2568  2564  2565  2512
 4339     483   480   482   546
 4340    2512  2513  2565  2568
 4341    2613  2614  2576  2617
 4342     550  2707   546   483
 4343     549   550   546   547
 4344     481   550   546   483
 4345     483   480   546   481
 4346     548   547   546   550
 4347     550   481   546   548
 4348     480   544   546   481
 4349     548   544   546   547
 4350     548   545   546   544
 4351     481   545   546   548
 4352     481   544   546   545
 4353    2769  2707  2749   550
 4354     437   426   487   427
 4355    2756  2755  2752  2753
 4356    2575  2613  2573  2576
 4357    2726  2730  2705  2704
 4358     413   492   415   438
 4359     412   413   415   409
 4360     413   494   475   492
 4361     477   494   475   413
 4362    2993  3000  2995  2996
 4363     479   475   474   473
 4364    2764  2762  2758  2763
 4365    2749  2745  2709  2751
 4366     410   400   408   411
 4367     564   521   584   522
 4368    2366  2347  2370  2364
 4369     474   475   414   412
 4370     232   313   231   312
 4371     414   408   415   410
 4372     408   409   415   411
 4373     408   412   415   409
 4374     414   412   415   408
 4375    2503   173  2518  2451
 4376    3523  3514  3583  3521
 4377    2345  2342  2387  2343
 4378    2479  2478  2362  2363
 4379    2296  2293  2292  2354
 4380    2699  2652  2698  2740
 4381     224   170   222   225
 4382     171   223   170   225
 4383     311   230   231   312
 4384     312   313   231   311
 4385     222   225   170   223
 4386     232   233   231   313
 4387     231   260   258   334
 4388     171   200   198   244
 4389     242   223   171   244
 4390     242   244   171   198
 4391     225   244   171   223
 4392     173   244   171   225
 4393     311   305   231   230
 4394     229   305   231   311
 4395     229   230   231   305
 4396     229   258   252   332
 4397     311   332   231   229
 4398     311   313   231   334
 4399     334   332   231   311
 4400     334   258   231   332
 4401    2520  2453  2526  2505
 4402     172  2502  2450  2503
 4403      81    82    93    84
 4404      95   184   165    92
 4405      80   102    84  2368
 4406      92    94   165    95
 4407    2562  2513  2512  2510
 4408     163   184   165    95
 4409      82  2359    93    84
 4410      83    81    93    84
 4411      96    97  2361    93
 4412      95    94   164   162
 4413     165    94   164    95
 4414     165    95   164   163
 4415     162   163   164    95
 4416      93    96  2360  2361
 4417    2361  2358  2360    93
 4418    2623  2656  2655  2654
 4419      92    94    96    97
 4420      91    94    96    92
 4421    2483  2554  2457  2551
 4422      92    82    93    91
 4423      84  2359    93    83
 4424      92    91    93    96
 4425      96    97    93    92
 4426    2474  2533  2530  2532
 4427    2523  3525  3527  2467
 4428      84  2388  2351  2368
 4429    2291  2348  2349  2289
 4430    2347  2352  2349  2353
 4431    2347  2348  2346  2288
 4432    2665  2664  2662  2658
 4433    2289  2348  2349  2288
 4434     792   815   809   831
 4435    2505  2453  2507  2452
 4436     172   225  2503   173
 4437    2661  2657  2659  2676
 4438    3391  3328  3324  3388
 4439    2511   232  2510   312
 4440    2297  2293  2380  2316
 4441     201   245  2522   248
 4442     312   313  2511   233
 4443    2562   313  2511   312
 4444    2687  2674  2675  2689
 4445    2614  2628  2626  2576
 4446    2536  2580  2534  2579
 4447    2518  2519  2462   200
 4448    2542  2515  2583  2581
 4449    2511   312  2510  2562
 4450    2563  2562  2510  2513
 4451    2511  2562  2510  2563
 4452    2563  2513  2510  2511
 4453    2753  2755  2760  2756
 4454    2294  2296  2299  2292
 4455    2566  2568  2567  2571
 4456    2569  2571  2573  2572
 4457    2571  2568  2567  2572
 4458    2568  2512  2515  2514
 4459     335  2538  2535   261
 4460    2453  2450  2452  2505
 4461      84  2368  2351    80
 4462      84    80  2351    79
 4463      83    84  2351    79
 4464      83  2359  2351    84
 4465    2351    80  2350    79
 4466    2817  2797  2821  2798
 4467     649   655   651   656
 4468    2512  2564  2565  2562
 4469    2288  2348  2291  2289
 4470    2290  2348  2291  2288
 4471    2350  2351  2353    80
 4472    2346  2347  2353  2352
 4473    2346    80  2353  2347
 4474    2352    80  2353  2346
 4475    2753  2756  2747  2746
 4476    2350    80  2353    79
 4477    2352    79  2353    80
 4478    2350    79  2353  2352
 4479    2291  2287  2380  2355
 4480    2289  2364  2347  2366
 4481    2354  2293  2292  2286
 4482    2400  2333  2357  2401
 4483    2299  2293  2295  2292
 4484    2488  2413  2438  2415
 4485    2401  2333  2357  2416
 4486    2352  2346  2349  2348
 4487    2347  2346  2349  2352
 4488    2347  2348  2349  2346
 4489    2691  2739  2651  2734
 4490    2355  2293  2380  2297
 4491    2455  2507  2526  2453
 4492     101   108   106  2392
 4493    2616  2578  2636  2628
 4494    2297  2293  2299  2292
 4495    2391   101  2389   100
 4496    3842  3801  3837  3857
 4497    2462   173  2451  2518
 4498    2372  2303  2374  2365
 4499    2505  2451  2520  2453
 4500    2451  2464  2462  2520
 4501    2457  2554  2509  2551
 4502    2401  2402  2400  2332
 4503    2462  2519  2521  2463
 4504    2351    80  2370  2353
 4505    2822  2766  2812  2834
 4506    2488  2436  2489  2438
 4507    2410  2406  2404  2411
 4508    2328  2329  2357  2356
 4509    2290  2291  2355  2287
 4510    2455  2452  2454  2507
 4511    2349  2347  2370  2366
 4512    2332  2333  2401  2402
 4513    2408  2410  2409  2415
 4514    2349  2291  2380  2355
 4515    2355  2291  2354  2348
 4516    2289  2291  2366  2349
 4517    2401  2333  2418  2403
 4518    2329  2331  2357  2330
 4519    2479  2478  2448  2362
 4520    2290  2291  2354  2355
 4521    2290  2348  2354  2291
 4522    2293  2355  2354  2296
 4523    2293  2286  2354  2355
 4524    2930  2894  2895  2920
 4525    2355  2287  2354  2290
 4526    2286  2287  2354  2355
 4527    2286  2290  2354  2287
 4528    2409  2415  2413  2408
 4529    2356  2330  2357  2331
 4530    2293  2296  2292  2297
 4531    2514  2568  2517  2515
 4532    2313  2317  2381  2312
 4533    2380  2366  2381  2304
 4534    2324  2317  2384  2313
 4535    2349  2347  2366  2289
 4536     225   173  2518  2503
 4537    2761  2756  2759  2760
 4538    2660  2656  2658  2657
 4539    2745  2707  2709  2708
 4540    2535  2537  2585  2580
 4541    2536  2513  2581  2579
 4542     233  2534   260   334
 4543    2511  2513  2579  2563
 4544    2516  2568  2517  2514
 4545    2509  2457  2528  2554
 4546    2579  2513  2581  2563
 4547    2753  2791  2760  2755
 4548    2493  2444  2447  2446
 4549    3550  3549  3590  3588
 4550    2507  2505  2526  2453
 4551    2293  2312  2380  2316
 4552    2287  2293  2380  2355
 4553    2287  2312  2300  2380
 4554     244   200  2518   173
 4555    2413  2415  2488  2481
 4556    2329  2382  2295  2357
 4557    2520  2464  2527  2526
 4558    2359    82  2390  2388
 4559    2361    82  2390  2359
 4560      92   126  2390   122
 4561      92    97  2390   126
 4562    2361    97  2390    92
 4563      98    99  2369  2371
 4564      92    82  2390  2361
 4565     122    82   100  2390
 4566    2349  2353  2370  2347
 4567    2318  2316  2319  2312
 4568    2394   101  2389  2391
 4569    2321  2325  3327  3325
 4570    2531  2474  2475  2533
 4571    2751  2745  2709  2747
 4572    2568  2515  2565  2567
 4573     313  2534  2511   233
 4574    2779  2782  2792  2781
 4575    2579  2580  2534   334
 4576    2580   335  2585  2535
 4577     108   104  2377  2376
 4578    2521  2463  2524  2465
 4579    2756  2755  2760  2762
 4580    2465  2464  2527  2521
 4581    2537  2534  2536  2580
 4582    2716  2711  2714  2741
 4583    3419  3400  1231  3398
 4584    2746  2756  2747  2750
 4585     205   249  2523  3525
 4586    2794  2802  2793  2787
 4587    2793  2787  2785  2794
 4588    2658  2661  2659  2660
 4589    2790  2802  2788  2787
 4590    2749  2769  2709  2707
 4591    2607  2596  2601  2630
 4592    3679  2647  3677  3650
 4593    3607  3641  3613  3640
 4594    2512  2562  2565  2513
 4595    2936   796  2943  2944
 4596    2665  2660  2659  2661
 4597    3009  2963  3010  3001
 4598     575  2719  2770  2718
 4599    2798  2821  2817  2826
 4600    2580  2537  2582  2536
 4601    2610  2609  2643  2645
 4602    2756  2755  2754  2752
 4603    2729  2732  2731  2726
 4604    2757  2755  2754  2756
 4605    2735  2710  2737  2703
 4606    2563  2513  2565  2562
 4607    2617  2613  2575  2576
 4608    3383  3370  3377  3379
 4609    2795  2755  2760  2791
 4610    2566  2564  2567  2568
 4611    2795  2762  2760  2755
 4612    2799  2820  2797  2821
 4613    2747  2750  2751  2746
 4614    2745  2750  2751  2749
 4615    3026  3028  3051   880
 4616    2687  2674  2689  2686
 4617    2581  2513  2565  2563
 4618    2515  2513  2565  2581
 4619    2747  2756  2751  2750
 4620     546  2707  2706   482
 4621    2747  2767  2709  2771
 4622    2708  2746  2709  2745
 4623    2567  2564  2565  2568
 4624     803   805  2943  2944
 4625    2756  2753  2751  2760
 4626    2706  2707  2745  2708
 4627    2748  2750  2745  2749
 4628    2944   796  2943   803
 4629    2749  2707  2709  2745
 4630    2745  2746  2751  2750
 4631     254   257   343   256
 4632    2753  2756  2751  2747
 4633    2756  2762  2758  2755
 4634    2720  2771  2709  2767
 4635    2749   550  2745  2748
 4636    2749  2707  2745   550
 4637     546   550  2745  2707
 4638     549   550  2745   546
 4639    2748   550  2745   549
 4640    2751  2779  2753  2747
 4641    2747  2779  2767  2771
 4642    2749  2771  2709  2769
 4643    2720  2769  2709  2771
 4644    2751  2771  2709  2749
 4645    2751  2747  2709  2771
 4646    2966  2986  2965  2988
 4647    6364  6403  6402  6314
 4648    1025  1031  3147  1032
 4649     839  2975  2976   841
 4650     869   879  3027   880
 4651     796   803  2944   804
 4652     869   866  3026   865
 4653    2937  2943  2946  2938
 4654     880   913  3051  3049
 4655    3026   880  3051  3049
 4656    2938  2943  2946  2944
 4657    2851  2907  2853  2917
 4658    2936  2944  2938  2969
 4659     880  3028  3027   869
 4660    3026   869  3027  3028
 4661    2947   806  2948   805
 4662    2944   805  2948   806
 4663    2947   805  2948  2944
 4664    3009  2994  2990  3011
 4665    3049   866  2973  2948
 4666    6419  6408  6409  6421
 4667    2975   818  2970   834
 4668     822   821  2976   840
 4669    2953   796  2936  2969
 4670     804   833  2969   796
 4671    3145  3151  3153  3146
 4672    3134  3133  3063  3136
 4673     888   887  3050   914
 4674    2969   835  2970   833
 4675    3082  3091  3089  3095
 4676    3040  3081  3042  3036
 4677    3055   890  2974  3050
 4678    2970   835  2974   836
 4679    3026   880  3049   864
 4680     913   864  3049   880
 4681     836  2975  2970   834
 4682    3237  3235  3238  3231
 4683     806  2944  2969  2973
 4684    3055   914  3050  3057
 4685     887   864  3049   913
 4686    3026   866  3049  2948
 4687     864   866  3049  3026
 4688     864   889   887  3049
 4689    2970   836  2979  2975
 4690    3005  3020  3017  3019
 4691     806   804  2969  2944
 4692     835   804   833  2969
 4693    1032  3161  3177  3140
 4694    4020  4026  4022  4027
 4695    3034  3029  3030  3038
 4696    3095  3088  3082  3084
 4697    2959  2975  2976  2957
 4698     880   913  3053  3051
 4699    3053  3028  3030   880
 4700    3091  3096  3095  3138
 4701    3245  3230  3246  3235
 4702    3093  3086  3072  3082
 4703    3276  1117  3280  1118
 4704    3055   895  2979   890
 4705    1093  1137  3279  1117
 4706    1093  1117  3279  3275
 4707    1137  1093  3279  1106
 4708    3066   914  3054   913
 4709    3158  3156  3193  3195
 4710    3227  3230  3246  3242
 4711    1102  3244  3243  3239
 4712    3275  3251  3276  3278
 4713    1023  3161  1050  1064
 4714    3087  3081  3088  3083
 4715    3152  3144  3146  3143
 4716    4251  1122  3258  4275
 4717    3177  1064  3178  3161
 4718    3272  3290  3256  3255
 4719    6388  6389  6386  6393
 4720    4175  4188  4202  4176
 4721    3173  3174  3182  3194
 4722    3239  3240  3230  3228
 4723    3279  1093  3240  3244
 4724    3279  3275  3240  1093
 4725    3244  1093  3240  1102
 4726    3229  1102  3239  3240
 4727    3041  3048  3042  3046
 4728    3148  1032  3140  1025
 4729    3148  1025  3140  3142
 4730    1148  1143  1144  1150
 4731    3045  3048  3041  3046
 4732    3147  1025  3142  3141
 4733    1102  1105  3243  3244
 4734    6410  6417  6416  6412
 4735    3040  3071  3036  3038
 4736    3069  3038  3036  3071
 4737    3036  3039  3041  3040
 4738    3150  3147  3143  3149
 4739    3225  3226  3230  3224
 4740    1032  1025  3148  3147
 4741    3203  3308  3204  3274
 4742    3029   879  3033   880
 4743    1022  1025  3140  1023
 4744    3225  3226  3227  3230
 4745    1032  1023  3140  1025
 4746    3157  3158  3155  3156
 4747    3225  3228  3230  3229
 4748    3036  3030  3035  3038
 4749    3036  3037  3035  3039
 4750    3034  3033  3030  3029
 4751     880  3033  3030  3034
 4752     880  3029  3030  3033
 4753     880  3028  3030  3027
 4754    3027  3029  3030   880
 4755    3034  3065  3030   880
 4756    3053   880  3030  3065
 4757    3041  3046  3042  3045
 4758    3232  3236  3238  3265
 4759    3065  3069  3030  3053
 4760    3034  3069  3038  3030
 4761    3311  3370  3372  3312
 4762    3036  3038  3035  3037
 4763    3047  3044  3043  3041
 4764    3302  3265  3266  3195
 4765    2495  2558  2555  2560
 4766    7494  7505  7501  7486
 4767    3148  3142  3144  3147
 4768    3285  1121  3281  1118
 4769    3040  3037  3036  3039
 4770    2941  2951  2993  2952
 4771    3101  3102  3107  3103
 4772    6413  6410  6412  6417
 4773    3141  3147  3144  3142
 4774     290   285   286   329
 4775    3154  3146  3153  3157
 4776    3242  3227  3277  3287
 4777    3286  1121  3285  1141
 4778    3230  3239  3242  3240
 4779    3241  3239  3242  3230
 4780    3230  3225  3242  3227
 4781    3266  3263  3264  3259
 4782    5545  5542  5543  7364
 4783    3230  3229  3242  3225
 4784    3230  3228  3242  3229
 4785    3240  3228  3242  3230
 4786    3240  3229  3242  3228
 4787    3177  3142  3144  3148
 4788    4515  4552  6563  4542
 4789    3150  3179  3144  3148
 4790    3177  3179  3144  3165
 4791    3148  3179  3144  3177
 4792     910   906  2116  2024
 4793    3150  3152  3143  3144
 4794    3150  3149  3143  3152
 4795    3148  3150  3143  3144
 4796    3148  3147  3143  3150
 4797    3144  3147  3143  3148
 4798    2981  2955  2938  2971
 4799    3061  3115  3130  3129
 4800    3030  3029  3035  3038
 4801    3037  3038  3035  3029
 4802    3245  3241  3246  3230
 4803    3035  3039  3041  3036
 4804    3045  3040  3041  3039
 4805    2824  2854  2855  2834
 4806    3152  3144  3181  3146
 4807    3249  3260  3250  3264
 4808    3041  3040  3042  3036
 4809    3045  3040  3042  3041
 4810    3041  3044  3042  3048
 4811    3146  3154  3189  3193
 4812    3236  3231  3238  3235
 4813    3215  3300  3298  3214
 4814    3146  3158  3157  3154
 4815    3157  3154  3155  3153
 4816    3232  3237  3234  3238
 4817    3152  3158  3157  3146
 4818    3146  3151  3157  3152
 4819    3227  3263  3249  3287
 4820    7039  5260  7057  5261
 4821    3301  3160  3292  3296
 4822    3146  3152  3145  3151
 4823    3149  3151  3145  3152
 4824    3146  3143  3145  3152
 4825    3149  3152  3145  3143
 4826    3154  3156  3193  3158
 4827    3242  3227  3287  3246
 4828    3074   919  3059  3073
 4829    3231  3227  3236  3232
 4830    3232  3227  3236  3263
 4831    3231  3230  3236  3227
 4832    3235  3230  3236  3231
 4833    3246  3227  3236  3230
 4834    3246  3230  3236  3235
 4835    3236  3227  3287  3263
 4836    3246  3227  3287  3236
 4837    6400  6401  6399  6488
 4838    6496  6495  6422  6424
 4839    3036  3071  3067  3069
 4840    3268  4263  3256  3272
 4841    3069  3030  3067  3036
 4842    3289  3250  3271  3264
 4843    3283  3250  3289  3278
 4844    3277  3247  3278  3249
 4845    3229  3240  3277  3275
 4846    3273  3308  3307  3203
 4847    3193  3152  3181  3146
 4848    3144  3179  3181  3165
 4849    3242  3225  3277  3227
 4850    3229  3275  3277  3251
 4851    3229  3225  3277  3242
 4852    3251  3225  3247  3277
 4853    3259  3227  3232  3263
 4854    3277  3227  3249  3287
 4855    3274  3308  3273  3203
 4856    3301  3265  3302  3195
 4857    3259  3263  3264  3249
 4858    6356  6307  6358  6351
 4859    3303  3308  3304  3203
 4860    3165  3179  3180  3177
 4861     864   889  3049   866
 4862    3195  3156  3160  3158
 4863    7091  7161  7090  7163
 4864    3046  3040  3085  3042
 4865    3154  3191  3189  3193
 4866    3303  3203  3304  3220
 4867    3110  3048  3131  3044
 4868    2911  2914  2913  2908
 4869    2940  2938  2950  2981
 4870    1289  1354  1356  1290
 4871    1863  1881  1882  1879
 4872    2595  2593  2596  2591
 4873    2946  2981  2950  2938
 4874    2944  2936  2938  2943
 4875    2971  2969  2938  2944
 4876    2963  3009  2983  2942
 4877    2961  2938  2940  2981
 4878    2907  2850  2852  2906
 4879    2983  2961  2984  2963
 4880     284   281   283   345
 4881    2763  2810  2764  2766
 4882    2937  2945  2950  2946
 4883    2937  2949  2939  2950
 4884    2940  2937  2939  2950
 4885    2946  2938  2950  2937
 4886    3129  3102  3104  3108
 4887    2841  2843  2845  2860
 4888    2927  2894  2930  2929
 4889    1145    17    19  1169
 4890    7155  7159  7152  7154
 4891    2973   835  2974  2969
 4892    2411  2415  2438  2409
 4893    2851  2876  2853  2847
 4894    3134  3136  3063  3064
 4895    2942  2939  2941  2952
 4896    2950  2940  2952  2939
 4897    2939  2949  2952  2950
 4898    3114  3118  3112  3111
 4899    2865  2869  3867  2867
 4900    3930  3881  3929  3927
 4901    3238  3265  3160  3234
 4902    6396  6401  6395  6394
 4903    2999  2997  3000  2993
 4904    2952  2942  2993  2941
 4905    2952  2994  2993  2942
 4906    2630  2632  2607  2604
 4907    2886  2908  2887  2888
 4908    2876  2870  2877  2872
 4909    2842  2847  2845  2843
 4910    2815  2813  2812  2814
 4911    2611  2614  2612  2576
 4912    2813  2839  2815  2833
 4913    6250  6253  6255  6251
 4914    2888  2908  2887  2889
 4915    2812  2813  2811  2814
 4916    3133  3062  3063  3135
 4917    2996  3011  2992  2990
 4918    3942  3932  3931  3911
 4919    3014  3016  3010  3023
 4920    2989  2993  2995  2996
 4921    3117  3098  3104  3102
 4922    2736  2738  2711  2743
 4923    3209  3195  3297  3214
 4924    2847  2874  2851  2876
 4925    3982  3964  3983  3991
 4926    2674  2676  2689  2688
 4927    3792  2788  3782  3796
 4928     895   841  2980  2979
 4929    3917  2899  3939  2903
 4930    2965  2986  2985  2988
 4931    3695  2697  3699  2695
 4932    2925  2933  2895  2920
 4933    2872  2847  2845  2849
 4934    3103  3102  3104  3098
 4935    2877  2884  2871  2875
 4936    2870  2845  2872  2847
 4937    5545  5542  7364  5544
 4938    6506  6468  6503  6504
 4939    3024  3020  3018  4026
 4940    2827  2826  2805  2803
 4941    2916  2925  2893  2920
 4942    3414  3337  3342  3338
 4943    2739  2743  2711  2734
 4944    2994  3013  2998  3015
 4945    3121  3126  3119  3125
 4946    2942  2994  3009  2952
 4947    3017  3019  3010  3002
 4948    3015  3016  3009  3013
 4949    3015  3011  3009  3016
 4950    3155  3157  3159  3158
 4951    4231  4233  4322  4317
 4952    4053  4052  4067  4069
 4953    3159  3156  3160  3155
 4954    2942  2952  2983  2940
 4955    2950  2940  2983  2952
 4956    2950  2981  2983  2940
 4957    2963  2940  2942  2983
 4958    2981  2961  2983  2940
 4959    3195  3213  3212  3191
 4960    3269  3274  3273  3203
 4961    3232  3263  3265  3259
 4962    3112  3123  3116  3125
 4963    3084  3083  3132  3088
 4964    3045  3048  3047  3041
 4965    1213  1188  1211  1207
 4966    3085  3081  3088  3087
 4967    3091  3089  3095  3096
 4968    3032  3102  3129  3108
 4969    3042  3044  3087  3048
 4970    3085  3081  3087  3042
 4971    3083  3042  3044  3087
 4972    3208  3292  3297  3209
 4973    3013  3016  3014  3114
 4974    3085  3042  3087  3046
 4975    3048  3046  3087  3042
 4976    3303  3203  3307  3308
 4977    3087  3083  3131  3044
 4978    3032  3106  3129  3127
 4979    3043  3110  3032  3044
 4980    3131  3044  3032  3110
 4981    3294  3209  3211  3210
 4982    3032  3108  3031  3101
 4983    3031  3108  3107  3101
 4984    3301  3195  3160  3265
 4985    3159  3295  3160  3237
 4986    3233  3237  3234  3231
 4987    3232  3231  3234  3237
 4988    3238  3265  3234  3232
 4989    3159  3158  3160  3156
 4990    3102  3108  3032  3101
 4991    4260  4269  4267  4273
 4992    3234  3237  3160  3238
 4993    3233  3237  3160  3234
 4994    3159  3237  3160  3233
 4995    3100  3097  3099  3098
 4996    3044  3048  3047  3110
 4997    3041  3048  3047  3044
 4998    3238  3301  3296  3160
 4999    2987  2967  3018  3017
 5000    3160  3159  3209  3296
 5001    3043  3044  3109  3110
 5002    3047  3044  3109  3043
 5003    3047  3110  3109  3044
 5004    3032  3083  3044  3131
 5005    3032  3043  3031  3110
 5006    3109  3110  3031  3043
 5007    6588  6592  6587  6594
 5008    3160  3295  3296  3237
 5009    3160  3237  3296  3238
 5010    6571  6572  6576  6578
 5011    6412  6403  6405  6416
 5012    3155  3160  3209  3206
 5013    3160  3156  3206  3155
 5014    3107  3108  3104  3102
 5015    3087  3083  3132  3131
 5016    3131  3061  3127  3032
 5017    7072  7086  7153  7152
 5018    3032  3108  3129  3106
 5019    3121  3122  3023  3021
 5020    3073  3078  3077  3059
 5021    3209  3206  3205  3155
 5022    3156  3212  3191  3195
 5023    3216  3211  3299  3208
 5024    3105  3108  3107  3031
 5025    3059   919  3057   914
 5026    3205  3207  3208  3209
 5027    3209  3295  3291  3296
 5028    3209  3296  3291  3292
 5029    3032  3110  3106  3131
 5030    3191  3213  3192  3196
 5031    3031  3110  3106  3032
 5032    3292  3160  3297  3209
 5033    3927  3932  3929  3930
 5034    7118  5424  7119  5416
 5035    2846  2847  2845  2842
 5036    3217  3215  3305  3222
 5037    3160  3212  3209  3206
 5038    3106  3031  3105  3110
 5039    3109  3110  3105  3031
 5040    3032  3031  3105  3106
 5041    3032  3108  3105  3031
 5042    3106  3108  3105  3032
 5043    3222  3215  3305  3220
 5044    3160  3212  3206  3156
 5045    3098  3097  3103  3102
 5046    3102  3097  3103  3101
 5047    3127  3061  3130  3129
 5048    4146  4083  4094  4090
 5049    4086  4141  4082  4087
 5050    3117  3102  3104  3129
 5051    7710  7769  7711  7756
 5052    3293  3209  3294  3210
 5053    6439  6435  6434  6436
 5054    3936  3891  3935  3889
 5055    6443  6507  6464  6480
 5056    3292  3208  3299  3294
 5057    3293  3292  3294  3209
 5058    3294  3208  3211  3209
 5059    3292  3209  3293  3291
 5060    6501  6430  6432  6423
 5061    3160  3301  3297  3195
 5062    3216  3208  3299  3214
 5063    3019  3024  3017  3023
 5064    2846  2849  2845  2847
 5065    3210  3209  3211  3208
 5066    3209  3160  3297  3195
 5067    3993  3990  3991  3970
 5068    3128  3062  3130  3061
 5069    4137  4144  4139  4061
 5070    3299  3208  3297  3214
 5071    2228  2233  2239  2231
 5072    3214  3216  3217  3300
 5073    3292  3208  3297  3299
 5074    3209  3214  3297  3208
 5075    3601  3610  3635  3602
 5076    2998  3111  3098  3113
 5077    3013  3015  3113  2998
 5078    2887  2905  2910  2908
 5079    2877  2876  2918  2874
 5080    3135  3062  3128  3133
 5081    3001  2942  2990  3009
 5082    2929  2894  2930  2919
 5083    2929  2889  2910  2914
 5084    2851  2907  2917  2905
 5085    3023  3012  3010  3019
 5086    3009  3011  2990  3001
 5087    2894  2892  2920  2919
 5088    2898  2903  2902  2932
 5089    2671  2638  2639  2641
 5090    2783  2755  2758  2795
 5091    2856  2839  2841  2858
 5092    2812  2824  2822  2834
 5093    2919  2905  2917  2907
 5094    2854  2856  2815  2824
 5095    7606  7611  7617  7512
 5096    2921  2893  2916  2925
 5097    2915  2905  2917  2919
 5098    2830  2823  2836  2828
 5099    2851  2915  2905  2917
 5100    2292  2296  2299  2297
 5101    2852  2907  2853  2851
 5102    5181  5194  5185  5187
 5103    2887  2915  2892  2919
 5104    2929  2894  2919  2889
 5105    2894  2887  2892  2919
 5106    2876  2847  2872  2849
 5107    2870  2847  2872  2876
 5108    2813  2766  2812  2810
 5109    2763  2762  2758  2757
 5110    2911  2908  2912  2914
 5111    2797  2820  2816  2821
 5112    2911  2890  2912  2908
 5113    2994  2998  3000  3015
 5114    2889  2914  2912  2908
 5115     733   736   754   735
 5116    2887  2908  2910  2889
 5117    2874  2876  2917  2851
 5118    2845  2870  2872  2860
 5119    2765  2832  2813  2833
 5120    2832  2838  2813  2833
 5121    2766  2765  2763  2809
 5122    2833  2766  2813  2765
 5123    2833  2838  2813  2839
 5124    2999  3097  3000  2998
 5125    3113  3015  3000  2998
 5126    2849  2847  2853  2876
 5127    2929  2889  2912  2927
 5128    2929  2914  2912  2889
 5129    2994  2997  3000  2998
 5130    2999  2998  3000  2997
 5131    2993  2997  3000  2994
 5132    3113  2998  3100  3098
 5133    3000  2998  3100  3113
 5134    2919  2889  2910  2929
 5135    3000  3097  3100  2998
 5136    3098  2998  3100  3097
 5137    2989  2993  2996  2990
 5138    3000  3015  2996  2994
 5139    3011  2994  2996  3015
 5140    3000  2994  2996  2993
 5141    2990  2994  2996  3011
 5142    2993  2994  2996  2990
 5143    3107  3102  3104  3103
 5144    2907  2908  2910  2905
 5145    3103  3098  3104  3097
 5146    3104  3097  3099  3103
 5147    2917  2876  2853  2851
 5148    2919  2907  2910  2905
 5149    2575  2578  2577  2617
 5150    3100  2999  3099  3097
 5151    3100  3098  3099  3104
 5152    3104  3098  3099  3097
 5153    2851  2850  2853  2852
 5154    2908  2907  2910  2906
 5155    2908  2906  2910  2909
 5156    2909  2914  2910  2908
 5157    2850  2904  2906  2905
 5158    2905  2904  2906  2908
 5159    2905  2908  2906  2907
 5160    2851  2907  2906  2850
 5161    2905  2907  2906  2851
 5162    2851  2850  2906  2905
 5163    2726  2732  2731  2727
 5164    2850  2907  2852  2851
 5165    2850  2846  2853  2852
 5166    2850  2847  2853  2846
 5167    2839  2838  2841  2843
 5168    2810  2822  2766  2812
 5169    2839  2858  2843  2841
 5170    2860  2856  2841  2858
 5171    2860  2858  2841  2843
 5172    2854  2833  2815  2839
 5173    2824  2834  2815  2854
 5174    2833  2854  2815  2834
 5175    2727  2728  2726  2732
 5176    2813  2815  2840  2814
 5177    2843  2842  2840  2841
 5178    2843  2838  2840  2842
 5179    2841  2838  2840  2843
 5180    2813  2839  2840  2815
 5181    2813  2838  2840  2839
 5182    2841  2839  2840  2838
 5183    2815  2839  2840  2841
 5184    2845  2842  2844  2846
 5185    2727  2728  2668  2726
 5186    2840  2842  2844  2841
 5187    2845  2841  2844  2843
 5188    2842  2843  2844  2841
 5189    2845  2843  2844  2842
 5190    2846  2852  2848  2853
 5191    2853  2849  2848  2847
 5192    2846  2847  2848  2849
 5193    2853  2847  2848  2846
 5194    2813  2833  2812  2766
 5195    2815  2834  2812  2833
 5196    4674  4675  4670  4687
 5197    2732  2730  2737  2703
 5198    2928  2894  2930  2927
 5199    2711  2734  2651  2739
 5200    2758  2762  2797  2795
 5201    2758  2795  2797  2783
 5202    2614  2626  2612  2576
 5203    2616  2614  2613  2617
 5204    2617  2615  2613  2616
 5205    2472  2554  2528  2457
 5206    2569  2572  2574  2570
 5207    2666  2726  2667  2649
 5208    2401  2416  2418  2333
 5209    2299  2293  2318  2295
 5210    2618  2617  2619  2616
 5211    2578  2616  2619  2617
 5212    2669  2664  2662  2663
 5213    2669  2668  2667  2663
 5214    2669  2667  2733  2692
 5215    2611  2576  2612  2573
 5216    2420  2403  2422  2405
 5217    2691  2650  2734  2651
 5218    2329  2382  2357  2331
 5219    2330  2333  2400  2332
 5220    2658  2660  2659  2665
 5221    2662  2665  2659  2663
 5222    2550  2456  2508  2551
 5223    2405  2404  2400  2402
 5224    2703  2730  2735  2705
 5225    2781  2783  2796  2795
 5226    3484  3477  3483  3534
 5227    2312  2315  2313  2319
 5228    2411  2406  2404  2407
 5229    2655  2623  2672  2657
 5230    2400  2331  2357  2333
 5231    2408  2404  2409  2411
 5232    2468  2463  2524  2466
 5233    2728  2732  2703  2726
 5234    2413  2414  2412  2408
 5235    2539   264   341   265
 5236    2402  2333  2401  2403
 5237    2401  2332  2400  2333
 5238    2635  2608  2633  2607
 5239    2509  2507  2528  2455
 5240    2479  2478  2412  2481
 5241    2363  2413  2486  2479
 5242    2407  2432  2422  2405
 5243    2334  2295  2329  2382
 5244    2483  2551  2482  2553
 5245    2570  2595  2591  2593
 5246    2421  2418  2423  2420
 5247    2478  2363  2412  2362
 5248    2407  2411  2409  2404
 5249    2408  2415  2413  2414
 5250    2655  2674  2672  2670
 5251    2387  2344  2345  2425
 5252    2593  2517  2591  2570
 5253    2507  2454  2509  2506
 5254    2674  2676  2688  2659
 5255    2480  2481  2412  2478
 5256    2436  2413  2438  2488
 5257    2407  2404  2409  2405
 5258    2411  2415  2409  2410
 5259    3326  3321  3386  3322
 5260    2411  2410  2409  2408
 5261    2407  2406  2405  2403
 5262    3428  3425  3426  3430
 5263    2298  2357  2295  2299
 5264    2404  2406  2405  2407
 5265    2381  2305  2384  2301
 5266    2404  2402  2405  2406
 5267    2403  2406  2405  2402
 5268    2297  2316  2318  2293
 5269    3630  3608  3658  3614
 5270    2293  2314  2312  2318
 5271    2293  2316  2318  2312
 5272    2331  2382  2357  2333
 5273    2356  2331  2357  2400
 5274    2363  2479  2449  2362
 5275    2331  2333  2400  2330
 5276    2356  2328  2298  2357
 5277    2405  2402  2400  2403
 5278    2401  2403  2400  2402
 5279    2405  2403  2400  2401
 5280    2335  2386  2315  2383
 5281    2298  2329  2295  2357
 5282    2410  2415  2408  2414
 5283    2411  2410  2408  2404
 5284    2413  2479  2412  2481
 5285    2414  2415  2413  2481
 5286    2400  2330  2356  2331
 5287    2427  2425  2345  2344
 5288    2373  2375  3375  2379
 5289    2363  2436  2396  2486
 5290    2472  2455  2457  2528
 5291    3322  3309  3321  3386
 5292    2417  2339  2383  2424
 5293    2328  2329  2356  2330
 5294    2338  2419  2417  2416
 5295    2436  2432  2439  2438
 5296    2488  2413  2486  2436
 5297    2448  2362  2449  2479
 5298    2569  2568  2517  2516
 5299    3013  3015  3114  3113
 5300    2386  2339  2383  2337
 5301    2807  2808  2758  2763
 5302    2483  2456  2482  2551
 5303    2294  2328  2295  2298
 5304    2569  2572  2570  2568
 5305    2328  2329  2298  2357
 5306    2299  2292  2295  2294
 5307    2299  2294  2295  2298
 5308    2297  2293  2318  2299
 5309    2509  2508  2456  2551
 5310    5990  5027  5988  5992
 5311    2644  2647  2642  2645
 5312    2473  2532  2529  2558
 5313    2440  2421  2428  2430
 5314    2454  2457  2455  2509
 5315    5816  5751  5826  5815
 5316    2572  2595  2570  2593
 5317    2691  2693  2687  2700
 5318    2454  2507  2509  2455
 5319    2589  2548  2599  2545
 5320    2572  2568  2569  2571
 5321    2576  2578  2575  2617
 5322    2517  2568  2570  2572
 5323    2620  2578  2621  2617
 5324    2572  2593  2570  2517
 5325    2569  2568  2570  2517
 5326    2614  2616  2576  2617
 5327    2572  2593  2517  2567
 5328    2567  2583  2517  2515
 5329    2593  2583  2517  2567
 5330    2567  2515  2517  2568
 5331    2567  2568  2517  2572
 5332    2616  2628  2576  2578
 5333    2617  2616  2576  2578
 5334    2570  2572  2574  2595
 5335    2573  2572  2574  2569
 5336    2772  2720  2770  2721
 5337    2809  2807  2763  2810
 5338    2809  2810  2763  2766
 5339    2704  2726  2703  2705
 5340    2761  2762  2757  2756
 5341    2763  2762  2757  2761
 5342    2763  2807  2764  2810
 5343    2808  2807  2764  2763
 5344    2808  2810  2764  2807
 5345    2766  2810  2764  2820
 5346    2808  2820  2764  2810
 5347    2795  2755  2781  2783
 5348    2704  2726  2702  2703
 5349    2791  2755  2781  2795
 5350    2796  2781  2792  2782
 5351    2764  2816  2808  2758
 5352    2728  2732  2737  2703
 5353    2705  2726  2703  2730
 5354    2735  2710  2738  2737
 5355    2732  2730  2703  2726
 5356    2764  2763  2758  2808
 5357    2757  2762  2758  2756
 5358    2464  2471  2465  2527
 5359    2570  2569  2612  2574
 5360    2611  2573  2612  2574
 5361    2622  2620  2655  2621
 5362    2668  2664  2662  2669
 5363    2660  2657  2658  2661
 5364    2334  2329  2336  2382
 5365    2764  2799  2766  2820
 5366    2640  2638  2636  2619
 5367    2662  2663  2666  2668
 5368    2623  2656  2654  2622
 5369    2658  2656  2654  2657
 5370    2621  2623  2655  2622
 5371    2622  2654  2655  2620
 5372    2684  2696  2682  2675
 5373    2666  2663  2667  2668
 5374    2574  2569  2611  2573
 5375    2666  2668  2667  2726
 5376    2739  2743  2714  2711
 5377    2576  2613  2611  2614
 5378    2573  2613  2611  2576
 5379    2646  2637  2644  2642
 5380    2605  2637  2636  2628
 5381    3142  3165  3163  3177
 5382    2666  2726  2649  2648
 5383    2703  2726  2649  2728
 5384    2659  2654  2655  2657
 5385    2726  2702  2649  2648
 5386    2726  2703  2649  2702
 5387    2617  2622  2621  2620
 5388    2617  2623  2621  2622
 5389    2617  2619  2621  2623
 5390    2617  2578  2621  2619
 5391    1156  1151  1158  1155
 5392    2626  2628  2603  2576
 5393    2403  2420  2418  2401
 5394    2621  2640  2619  2638
 5395    2668  2728  2667  2726
 5396    2669  2728  2667  2668
 5397    2665  2663  2688  2659
 5398    2673  2684  2675  2677
 5399    3638  2635  3646  2610
 5400    2657  2674  2672  2655
 5401    2583  2584  2544  2542
 5402    3774  3778  3779  3739
 5403    2816  2764  2820  2797
 5404    2764  2816  2820  2808
 5405    2728  2703  2737  2733
 5406    2621  2578  2638  2619
 5407    2766  2834  2833  2812
 5408    2595  2625  2603  2624
 5409    3689  3702  3701  3704
 5410    2636  2605  2639  2637
 5411    2603  2574  2624  2576
 5412    2641  2638  2639  2636
 5413    2885  2880  2884  2878
 5414    2612  2626  2624  2576
 5415    2700  2739  2691  2693
 5416    2604  2627  2625  2632
 5417    2624  2626  2627  2603
 5418    2784  2781  2796  2782
 5419    5261  5258  5309  5259
 5420    2603  2574  2595  2624
 5421    2595  2625  2624  2591
 5422    2673  2682  2680  2671
 5423    2544  2584  2594  2545
 5424    2606  2609  2644  2642
 5425    2868  2859  2857  2861
 5426    2544  2515  2517  2583
 5427    6416  6427  6429  6417
 5428    2544  2517  2591  2593
 5429     540   571   561   573
 5430    2527  2470  2471  2529
 5431    1656  1690  1657  1710
 5432    2603  2628  2629  2605
 5433    2339  2336  2338  2383
 5434    2810  2822  2820  2766
 5435    2338  2339  2383  2417
 5436    2313  2320  2384  2324
 5437    3681  3679  3684  3683
 5438    2331  2382  2336  2329
 5439    2426  2428  2430  2431
 5440    2318  2312  2319  2314
 5441    2423  2442  2433  2435
 5442    2492  2446  2437  2444
 5443    2377   105  2379   104
 5444    2486  2458  2487  2396
 5445    2481  2479  2488  2413
 5446    2387  2340  2343  2342
 5447    6660  7403  7407  6662
 5448    2916  2923  2921  2925
 5449    2680  2684  2685  2682
 5450    2457  2494  2472  2554
 5451    2418  2421  2419  2416
 5452    2409  2415  2438  2413
 5453    2674  2657  2676  2659
 5454    2403  2407  2422  2405
 5455    2397  2487  2437  2490
 5456    2432  2405  2420  2422
 5457    2382  2333  2338  2416
 5458    2418  2416  2338  2333
 5459    2418  2419  2338  2416
 5460    2382  2334  2383  2336
 5461    2438  2432  2434  2409
 5462    2407  2411  2434  2409
 5463    2432  2437  2439  2433
 5464    2689  2674  2677  2676
 5465    2435  2446  2433  2439
 5466    2787  2789  2801  2782
 5467    2341  2322  2387  2323
 5468    2494  2483  2556  2554
 5469    2483  2553  2556  2551
 5470    2483  2551  2556  2554
 5471    2485  2553  2556  2483
 5472    2483  2496  2494  2556
 5473    2667  2663  2692  2669
 5474    2694  2696  2682  2697
 5475    2688  2663  2692  2686
 5476    2663  2690  2667  2692
 5477    2669  2728  2733  2667
 5478    2710  2649  2650  2733
 5479    2649  2728  2733  2703
 5480    2692  2667  2733  2690
 5481    2649  2690  2650  2733
 5482    2667  2728  2733  2649
 5483    3114  3125  3112  3118
 5484    2696  2700  2687  2689
 5485    2631  2607  2633  2608
 5486    2820  2823  2821  2799
 5487    2801  2782  2792  2793
 5488    2691  2686  2687  2693
 5489    2735  2710  2736  2738
 5490    2712  2710  2736  2735
 5491     766   775   773   783
 5492    3770  2725  3772  2776
 5493    2711  2650  2651  2734
 5494     733   691   730   693
 5495    2652  2715  2714  2740
 5496    2700  2739  2740  2698
 5497    2864  2868  2866  2857
 5498    2743  2741  2714  2711
 5499    2606  2637  2639  2605
 5500    2700  2739  2698  2691
 5501    2630  2607  2633  2631
 5502    2683  2682  2685  2697
 5503    2344  2426  2424  2339
 5504    2684  2696  2675  2677
 5505    2605  2628  2629  2637
 5506    3961  3977  3960  3987
 5507    2641  2637  2639  2646
 5508    2688  2686  2689  2674
 5509    2828  2800  2823  2836
 5510       9    18    16    34
 5511    2627  2603  2625  2624
 5512    2645  2642  2643  2647
 5513    2827  2826  2803  2818
 5514    2861  2858  2856  2860
 5515    2434  2438  2439  2432
 5516    2770  2721  2777  2772
 5517    2672  2670  2673  2640
 5518    2790  2802  3798  3796
 5519    3647  3639  3612  3652
 5520    2775  2721  2777  2770
 5521    2917  2874  2918  2876
 5522    2340  2386  2335  2342
 5523    2495  2560  2555  2557
 5524    2424  2339  2383  2386
 5525    2426  2419  2430  2428
 5526    2828  2829  2837  2831
 5527    2672  2676  2677  2674
 5528    2638  2605  2639  2636
 5529    2636  2637  2639  2641
 5530    2692  2690  2693  2686
 5531    2686  2688  2693  2692
 5532    2689  2688  2693  2686
 5533    2439  2432  2433  2435
 5534    2430  2419  2423  2421
 5535    2338  2382  2383  2336
 5536    2486  2436  2489  2488
 5537    2441  2431  3441  2443
 5538    2494  2496  2557  2556
 5539    2556  2554  2557  2494
 5540    2557  2497  2495  2560
 5541    2557  2494  2555  2495
 5542    2494  2554  2555  2472
 5543    2677  2696  2675  2689
 5544    2476  2532  2473  2558
 5545     103   108  2392  2376
 5546    2441  2443  2447  2440
 5547    2345  2342  2344  2387
 5548    2437  2439  2433  2446
 5549    2439  2432  2435  2434
 5550    3385  2321  3325  2325
 5551    1466  1461  1459  1386
 5552    2339  2419  2417  2338
 5553    2444  2397  2437  2490
 5554    1544  1567  1560  1569
 5555    2340  2315  2335  2386
 5556    2508  2454  2509  2456
 5557    2422  2420  2423  2418
 5558    2317  2312  2319  2316
 5559    2378   104  2379  2372
 5560    2780  2787  2785  2793
 5561    1830  1821  1826  1828
 5562     101   128   123  2394
 5563    3437  3428  3430  3447
 5564    3415  3362  3455  3392
 5565    2378  2365  2371    99
 5566    2396  2436  2487  2486
 5567    3425  2425  2345  2427
 5568    2334  2337  2335  2383
 5569    2526  2470  2529  2528
 5570    2528  2470  2529  2472
 5571    2472  2554  2555  2528
 5572    2388   100  2389   102
 5573    2339  2386  2424  2344
 5574    7695  7736  7731  7733
 5575    2498  2473  2495  2558
 5576    2473  2558  2529  2555
 5577    2426  2429  2427  2424
 5578    2557  2554  2555  2494
 5579    3385  3321  3386  3325
 5580    2930  2933  2895  2928
 5581    2489  2436  2437  2439
 5582    2460  2397  2398  2490
 5583    2384  2320  2385  2324
 5584    2489  2487  2437  2436
 5585    2629  2626  2628  2603
 5586    2696  2700  2694  2687
 5587    2492  2439  2437  2446
 5588    3327  3328  3323  3321
 5589     132   128  2394   123
 5590    2445  2444  2493  2491
 5591    2322  2386  2326  2315
 5592    2319  2314  2315  2383
 5593     340  2539  2586  2538
 5594    2337  2336  2383  2334
 5595    2300  2380  2381  2304
 5596    2319  2386  2383  2315
 5597    2446  2492  2493  2444
 5598    2323  2322  2387  2327
 5599    2432  2437  2436  2439
 5600    2338  2416  2417  2382
 5601    2417  2428  2421  2419
 5602    2426  2417  2419  2428
 5603    2490  2492  2437  2444
 5604    2490  2487  2437  2492
 5605    2489  2439  2437  2492
 5606    2492  2487  2437  2489
 5607    2444  2433  2440  2446
 5608    2442  2446  2433  2435
 5609    2440  2446  2433  2442
 5610    2433  2420  2421  2423
 5611    2422  2433  2423  2420
 5612    2607  2596  2630  2604
 5613    2473  2532  2471  2529
 5614    2397  2490  2459  2487
 5615    2528  2472  2529  2555
 5616    3365  3456  3367  3366
 5617    3309  3321  3386  3385
 5618    2459  2396  2397  2487
 5619    2465  2462  2464  2521
 5620    2473  2555  2529  2472
 5621    2546  2588  2540  2587
 5622    2386  2344  2425  2424
 5623    1056  1019  1040  1064
 5624    4070  4081  4085  4080
 5625     340  2539  2538   264
 5626    2393  2392  2395   106
 5627    2495  2558  2473  2555
 5628    2598  3601  3599  2600
 5629      98  2368  2369   102
 5630    3311  3370  3369  3372
 5631    2472  2495  2473  2555
 5632    2629  2637  2606  2605
 5633    2629  2603  2604  2627
 5634    2643  2609  2635  2634
 5635    2877  2923  2875  2918
 5636    2634  2642  2606  2629
 5637    4204  4235  4237  4234
 5638    2687  2689  2675  2696
 5639    2687  2698  2691  2700
 5640    2627  2634  2632  2604
 5641    2783  2817  2784  2798
 5642    2795  2783  2798  2797
 5643    2823  2799  2822  2835
 5644    2693  2686  2687  2689
 5645    2689  2700  2687  2693
 5646    2601  2592  2599  2597
 5647    2596  2591  2594  2592
 5648    2536  2542  2582  2581
 5649    2803  2819  2827  2818
 5650    2789  2802  2790  2787
 5651    2652  2739  2740  2714
 5652    2604  2634  2606  2629
 5653    2642  2637  2606  2629
 5654    3599  3600  3597  3551
 5655    2625  2632  2630  2604
 5656    2596  2630  2625  2592
 5657    3831  3798  3835  3799
 5658    2715  3749  2740  2653
 5659     267   320   322   304
 5660    2928  2894  2895  2930
 5661    2928  2933  2895  2931
 5662    2803  2784  2801  2789
 5663    2267  2208  2212  2207
 5664    2925  2934  2898  2933
 5665    2608  2601  2631  2607
 5666     389   398   387   396
 5667    2736  2710  2711  2738
 5668    3333  3326  3389  3322
 5669    2736  2743  2711  2741
 5670    2741  2713  2711  2736
 5671    2723   581  2776   582
 5672    2798  2818  2826  2817
 5673    1801  1800  1862  1798
 5674    2603  2606  2605  2629
 5675    2645  2609  2643  2642
 5676    3937  3932  3945  3912
 5677    3019  3002  3017  3005
 5678    2639  2637  2644  2646
 5679    2675  2670  2671  2673
 5680    2672  2675  2673  2670
 5681    3835  3799  3840  3831
 5682    2387  2326  2327  2322
 5683    2675  2694  2687  2696
 5684    2682  2671  2678  2680
 5685    2684  2697  2682  2696
 5686    2789  2819  2790  2804
 5687    2606  2642  2644  2637
 5688    2678  2681  2646  2679
 5689    7519  5752  7609  5755
 5690    2955  2936  2938  2969
 5691    2725  2776  3770  2723
 5692    2798  2818  2817  2784
 5693    2803  2819  2818  2789
 5694    3509  3575  3573  2499
 5695    3780  2778  2786  3792
 5696    2788  2785  2787  2794
 5697    2818  2798  2826  2803
 5698    3838  3856  3839  3836
 5699    3945  3912  3940  3943
 5700    2885  2878  2881  2880
 5701    2926  2925  2898  2896
 5702    2530  2465  2524  2468
 5703    2780  2771  2779  2792
 5704    2590  2600  2589  2548
 5705    2301  2313  2384  2381
 5706    2596  2593  2594  2591
 5707    2789  2804  2801  2803
 5708    2777  2773  2724  2778
 5709    2579  2536  2582  2581
 5710    2608  2601  2602  2631
 5711    2549  2590  3599  3589
 5712    2789  2802  2801  2804
 5713    2793  2802  2801  2787
 5714    4314  4196  4315  4230
 5715    3878  3865  3866  3868
 5716    4127  4125  4134  4121
 5717    2530  2521  2524  2465
 5718    4120  4127  4126  4122
 5719    2601  2631  2630  2597
 5720    2789  2804  2790  2802
 5721    2681  2678  2680  2683
 5722    2643  2610  3646  2635
 5723    3646  2610  3611  3638
 5724    2646  2647  2679  2681
 5725     859   850   985   854
 5726    2647  2644  2646  2679
 5727    3590  3595  3552  3550
 5728    3513  3510  3579  3577
 5729    2340  2342  2387  2386
 5730    2600  2602  2598  3601
 5731    3506  3451  3508  3505
 5732    2643  2610  3648  3646
 5733    3972  3992  3969  4028
 5734    2653  3749  2740  2699
 5735    3666  3670  3664  3665
 5736    2598  2600  3599  2549
 5737     581  2723  2722   510
 5738    2533  2532  2474  2476
 5739    3832  3799  3840  3804
 5740    3261  3195  3266  3265
 5741    3501  2445  3443  3503
 5742    3694  3698  3700  3707
 5743    3782  2788  3784  3796
 5744    2744  2741  2742  2714
 5745    4012  3006  4022  4020
 5746    2267  2268  2270  2263
 5747    3640  3610  3642  3613
 5748    2701  2699  3699  2695
 5749    2600  2548  2549  2598
 5750    2425  2386  2387  2344
 5751    3504  3443  3446  3445
 5752    2651  2698  2652  2739
 5753    3314  3309  3310  3386
 5754    2385  2321  3385  2325
 5755    3801  3798  3799  3835
 5756    1571  1564  1626  1616
 5757    2367  2305  2384  2381
 5758    3503  2491  3501  2445
 5759    2313  2317  2384  2381
 5760       1    10     8    30
 5761    2341  2340  2343  2387
 5762    3498  3495  3497  3562
 5763    3423  2387  3387  2345
 5764    2345  2387  3387  2343
 5765    2444  2492  2493  2490
 5766    2427  2431  3429  2429
 5767    3683  2681  2685  2683
 5768    3351  3388  3387  3353
 5769    2430  2441  2443  2431
 5770      82   102   100  2388
 5771    2539  3543  3541  3585
 5772    2441  2428  2429  2431
 5773    2430  2441  2431  2428
 5774    2565  2583  2567  2515
 5775    3371  3313  3385  2311
 5776    3385  3313  3386  3309
 5777    2493  2445  2447  2444
 5778    2440  2443  2447  2442
 5779    2533  2476  2559  2532
 5780    2558  2532  2559  2476
 5781    5993  6030  6034  6023
 5782    2498  2558  2559  2476
 5783    2442  2446  2447  2440
 5784    2398  2490  2491  2460
 5785    3433  3424  3356  3426
 5786    2398  2445  2399  2491
 5787    2444  2490  2491  2398
 5788    2476  2499  2477  2559
 5789    3440  3429  3442  3439
 5790    2426  2429  2431  2427
 5791    2344  2424  2427  2425
 5792    2344  2426  2427  2424
 5793     924   943   928   945
 5794    3451  3454  3453  3447
 5795    3451  3440  3447  3453
 5796    3855  2831  3838  3861
 5797    2498  2558  2561  2559
 5798    2498  2560  2561  2558
 5799    2500  2560  2561  2498
 5800    2501  2498  2500  2561
 5801    2499  2498  2561  2559
 5802    3611  3647  3649  3646
 5803    2634  2642  2643  2609
 5804    2700  2698  2740  2701
 5805    2597  2631  2598  2602
 5806    3130  3115  3116  3118
 5807    2695  2697  2701  2694
 5808    2696  2700  2701  2694
 5809    2694  2697  2701  2696
 5810    2699  2694  2695  2701
 5811    2694  2700  2701  2698
 5812    2610  2607  2608  2635
 5813    2634  2609  2635  2607
 5814    2739  2743  2744  2714
 5815    2701  2699  2740  3749
 5816    2701  2698  2740  2699
 5817    3912  3909  3910  3932
 5818    2744  2714  2742  2715
 5819    2717  2714  2715  2742
 5820    2714  2741  2742  2716
 5821    7568  7499  7578  7579
 5822    3945  3915  3946  3937
 5823    2829  2805  2828  2837
 5824    2869  2866  2864  2868
 5825    3020  3024  3017  3019
 5826    3703  3682  3696  3694
 5827    2868  2859  2861  2878
 5828    2862  2836  2863  2830
 5829    3943  3912  3940  3918
 5830    4092  4088  4094  4081
 5831    3001  3004  3002  3012
 5832    3856  3862  3839  3869
 5833    3884  3881  3883  3930
 5834    2932  3939  3941  2899
 5835    3078  3075  3059  3076
 5836    3460  3465  3461  3462
 5837    3220  3215  3305  3303
 5838    2855  2824  2835  2825
 5839    2877  2873  2871  2884
 5840    3006  2967  3005  3018
 5841    3936  3889  3935  3933
 5842    2976   840  3974   822
 5843    2863  2836  2837  2830
 5844    3577  3510  3579  3574
 5845    2857  2854  2856  2859
 5846    4230  3221  4232  4316
 5847    4080  4084  4087  4085
 5848    3023  3024  3017  3021
 5849    3111  3116  3115  3118
 5850    2926  2925  2896  2921
 5851    2931  2928  2901  2895
 5852    3003  3011  3012  3001
 5853    2933  2931  2898  2895
 5854    3023  3019  3010  3017
 5855    2857  2861  2859  2856
 5856    2868  2878  2861  2880
 5857    2824  2834  2835  2822
 5858     139   210   207   212
 5859    2920  2915  2918  2917
 5860    2884  2878  2882  2885
 5861    2898  2893  2896  2925
 5862    2875  2921  2916  2923
 5863    2917  2915  2918  2874
 5864    2854  2859  2858  2856
 5865    2799  2835  2834  2822
 5866    3297  3214  3298  3300
 5867    3132  3088  3137  3084
 5868    2874  2870  2877  2876
 5869    3115  3111  3118  3117
 5870     822  2958  3974  2976
 5871    2872  2870  2873  2860
 5872    2894  2919  2920  2930
 5873    3013  3016  3114  3015
 5874    2919  2915  2920  2917
 5875    2823  2825  2835  2822
 5876    2857  2854  2824  2856
 5877    2882  2885  2883  2924
 5878    2884  2923  2875  2877
 5879    2861  2880  2871  2873
 5880    2923  2925  2916  2918
 5881    2921  2923  2882  2924
 5882    2864  2855  2857  2866
 5883    2981  2961  2984  2983
 5884    3119  3122  3120  3126
 5885    3112  3125  3116  3118
 5886    3012  3002  3010  3019
 5887    3117  3111  3118  3113
 5888    5397  5334  5335  5399
 5889    3002  3012  3010  3001
 5890    3297  3195  3302  3298
 5891    3093  3079  3094  3089
 5892    3002  3004  3019  3012
 5893    3215  3300  3305  3298
 5894    4023  4021  4030  4013
 5895    3007  3002  3004  3019
 5896    2596  2630  2604  2625
 5897    3019  3020  3007  3005
 5898    3128  3061  3130  3127
 5899    2926  2934  2898  2925
 5900    2034   918  2032   898
 5901    3196  3220  3303  3215
 5902    3088  3095  3082  3086
 5903    3215  3298  3305  3303
 5904    3010  2983  2984  2963
 5905    3117  3115  3130  3118
 5906    3117  3129  3130  3115
 5907    3299  3214  3300  3216
 5908    2988  2986  3988  2966
 5909    7649  7642  7653  7651
 5910    3185  3166  3178  3183
 5911    3081  3084  3082  3088
 5912    3297  3214  3300  3299
 5913    6569  6566  4555  4553
 5914    3306  3303  3304  3220
 5915    2974   836  2979  2970
 5916    3287  3277  3288  3249
 5917    3172  3176  4182  3188
 5918    3130  3118  3116  3135
 5919    6414  6403  6410  6416
 5920    7077  7094  7084  7184
 5921    3867  3865  3863  2865
 5922    2977  2956  2959  2985
 5923    4012  4020  4022  4023
 5924    6636  6647  6649  6643
 5925    3305  3220  3306  3222
 5926    3203  3221  3220  3218
 5927    2892  2895  2894  2920
 5928    3195  3193  3196  3191
 5929    3070  3053  3054  3068
 5930    4086  4087  4082  4080
 5931    3304  3308  3204  3203
 5932    7154  7159  7152  7158
 5933    3304  3306  3221  4316
 5934    3220  3306  3221  3304
 5935    4148  4044  4149  4150
 5936    3221  3306  3223  4316
 5937    3088  3083  3132  3087
 5938    3078  3076  3059  3060
 5939    3306  3220  3223  3222
 5940    3221  3220  3223  3306
 5941    3054  3073  3059   914
 5942    3188  3176  4194  3202
 5943    4244  4321  4205  4237
 5944    3135  3062  3116  3130
 5945    6366  6363  6313  6368
 5946    3362  3359  3361  3392
 5947    3138  3134  3063  3064
 5948    3137  3084  3095  3091
 5949    3138  3133  3063  3134
 5950    3136  3135  3063  3123
 5951    4138  3134  4136  3064
 5952    3133  3135  3063  3136
 5953    3063  3138  3091  3137
 5954    3091  3062  3063  3137
 5955    3203  3219  3218  3199
 5956    3251  3247  3278  3277
 5957    3265  3263  3266  3259
 5958    3298  3215  3196  3303
 5959    6500  6465  6505  6383
 5960    3175  3174  3201  3187
 5961    3080  3079  3077  3075
 5962    3248  3257  3252  3283
 5963    3264  3288  3250  3249
 5964    6430  6502  6432  6433
 5965    3128  3127  3132  3061
 5966    3302  3298  3196  3307
 5967    3189  3193  3194  3173
 5968    3273  3269  3267  3274
 5969    4162  2184  4178  4179
 5970    3215  3195  3298  3196
 5971    3266  3195  3196  3302
 5972    3137  3062  3063  3133
 5973    3260  3269  3267  3273
 5974    3162  3161  3164  3178
 5975    3302  3195  3196  3298
 5976    3266  3273  3196  3262
 5977    3196  3218  3213  3192
 5978    3302  3307  3196  3266
 5979    3192  3218  3199  3203
 5980    3266  3262  3260  3273
 5981    3307  3303  3196  3203
 5982    3298  3303  3196  3307
 5983    5898  5873  5902  5896
 5984    3196  3220  3215  3213
 5985    3196  3269  3262  3273
 5986    3307  3273  3196  3266
 5987    3307  3203  3196  3273
 5988    3084  3062  3137  3132
 5989    3091  3138  3095  3137
 5990    3121  3122  3119  3126
 5991    3063  3124  3064  3136
 5992    3128  3062  3137  3133
 5993    3083  3061  3132  3131
 5994    3128  3061  3132  3062
 5995    3061  3084  3083  3132
 5996    3132  3062  3137  3128
 5997    2975  2956  2959  2977
 5998    4250  4283  4289  4255
 5999    3096  3138  3091  3092
 6000    3190  3173  3194  3174
 6001    3010  3017  2964  2984
 6002    2933  2934  2898  2931
 6003    2972  2955  2970  2956
 6004    2954   818  2970  2975
 6005    3010  3002  2964  3017
 6006    3009  3001  3010  3012
 6007    2824  2825  2855  2857
 6008    2987  2967  2965  2988
 6009    3017  2967  2964  2987
 6010    3114  3016  3014  3121
 6011    3062  3123  3063  3135
 6012    4122  3122  4126  3120
 6013    2982  2955  2972  2956
 6014    3017  3020  3018  3024
 6015    3009  3014  3013  3016
 6016    2987  2984  2962  2964
 6017    3135  3125  3116  3123
 6018    2984  2963  2964  3010
 6019    3119  3014  3021  3121
 6020    4121  4024  4025  4123
 6021    3121  3125  3112  3114
 6022    3119  3125  3112  3121
 6023    2821  2828  2826  2800
 6024    3055   890  2979  2974
 6025    3013  3112  3111  3114
 6026    3121  3016  3014  3023
 6027    3023  3021  3014  3121
 6028    3017  2987  2964  2984
 6029    3010  3021  3014  3023
 6030    3005  2964  3002  3017
 6031    2982  2961  2962  2984
 6032    2988  2987  2985  2965
 6033    3066   913  3054  3053
 6034    2034   898  2032  2012
 6035    3092  3089  3091  3096
 6036    4299  4297  4294  4293
 6037    2855  2866  2859  2857
 6038    2248  2243  5353  2247
 6039    2895  2920  2893  2925
 6040    2797  2800  2799  2821
 6041    2918  2925  2916  2920
 6042    2800  2836  2835  2823
 6043    2916  2918  2875  2923
 6044    2875  2870  2871  2877
 6045    2830  2825  2836  2823
 6046     298   287   351   297
 6047     401   418   416   434
 6048    3855  3861  3838  3862
 6049    2884  2924  2882  2923
 6050    2873  2860  2871  2861
 6051    2873  2870  2871  2860
 6052    2859  2878  2871  2861
 6053    2923  2924  2921  2926
 6054    2918  2874  2875  2877
 6055    2885  2924  2882  2884
 6056    3122  3021  3022  3024
 6057    3752  3726  3754  3725
 6058    2858  2861  2856  2859
 6059    2884  2880  2871  2878
 6060    2873  2880  2871  2884
 6061    2926  2925  2921  2923
 6062    2968  3006  4020  3018
 6063    2988  2967  2968  3018
 6064    2127  2140  2192  2129
 6065    2836  2825  2862  2835
 6066    2863  2830  2837  2831
 6067    2836  2830  2862  2825
 6068    2864  2825  2862  2830
 6069    2805  2829  2827  2806
 6070    2835  2825  2862  2855
 6071    2869  2881  2879  2868
 6072    2831  2865  2863  2830
 6073    2868  2881  2879  2878
 6074    3071  3082  3086  3081
 6075    2865  2862  2864  2867
 6076    2932  3939  2899  2903
 6077    2864  2865  2867  2869
 6078    4127  4124  4126  4139
 6079    2828  2830  2837  2836
 6080    2828  2831  2837  2830
 6081    2922  2896  2921  2926
 6082    2924  2926  2922  2921
 6083    3761  3762  3763  3766
 6084    3119  3124  3123  3126
 6085    3120  3021  3022  3122
 6086    2372  2375  2374  2308
 6087    2866  2879  2878  2868
 6088    1766  1754  1769  1768
 6089    2883  2878  2879  2885
 6090    2898  2934  2899  2932
 6091    2882  2922  2921  2924
 6092    1088  1029  1085  1090
 6093     476   468   471   477
 6094    4260  4249  4259  4264
 6095    4175  4191  4202  4195
 6096    4248  4255  4253  4283
 6097    3080  4080  4084  3090
 6098    4048  3056  4050   920
 6099    2088  2146  2084   966
 6100    4167  4166  4183  4181
 6101    4048  4049  2010  2008
 6102    2978  2960  3986  2986
 6103    3961  3977  3987  3990
 6104    2960  2978  2976  2959
 6105    4099  4096  2052  4097
 6106    3862  3871  3864  3839
 6107    2896  2899  2898  2926
 6108    4026  4027  4020  4024
 6109     839   842   841  2976
 6110    2981  2955  2982  2961
 6111    2959  2966  2960  2986
 6112    2985  2986  2959  2977
 6113    2962  2987  2985  2982
 6114    1818  1803  1805  1809
 6115    2979   841  2980  2975
 6116    2965  2987  2985  2962
 6117    4287  3284  3256  3290
 6118    2597  2602  2599  2601
 6119    3289  3255  3290  3271
 6120    3249  3263  3288  3287
 6121    2978  2986  2959  2960
 6122    3095  3089  3093  3096
 6123    2977  2986  2959  2978
 6124    3247  3250  3248  3278
 6125     890   835   836  2974
 6126    2965  2986  2959  2985
 6127    2956  2953  2955  2970
 6128    2972  2956  2970  2977
 6129    2982  2984  2962  2987
 6130    2962  2982  2985  2956
 6131    2956  2965  2959  2985
 6132    2972  2956  2985  2982
 6133    2977  2956  2985  2972
 6134    2958  2960  3974  2976
 6135    7198  7192  7195  7194
 6136     840   821  2976   839
 6137    3085  3071  3086  3081
 6138    3183  3171  3169  3184
 6139    3078  3060  3059  3074
 6140    4241  4240  4242  4244
 6141    3187  3171  3188  3175
 6142    1117  1138  3280  1118
 6143    3005  3008  3006  3020
 6144    1141  1121  3285  1118
 6145     913   887  3050  3049
 6146    4067  4088  4074  4078
 6147    3285  1118  3280  1138
 6148    3266  3259  3264  3260
 6149    3288  3249  3264  3263
 6150    3283  3284  3290  3255
 6151    3180  3166  3178  3185
 6152    6473  6482  6463  6476
 6153    6367  6310  6358  6359
 6154    3194  3181  3182  3173
 6155    3076  4070  4068  3078
 6156    3183  3184  3169  3167
 6157    3275  3251  3278  3277
 6158    3277  3249  3278  3288
 6159    3264  3288  3289  3250
 6160    3283  3255  3290  3289
 6161    3171  3172  3186  3188
 6162    3183  1065  3162  3178
 6163    6366  6307  6358  6310
 6164    6883  4998  6897  4999
 6165    3278  3250  3289  3288
 6166    3191  3193  3194  3189
 6167    3192  3203  3194  3196
 6168    3196  3193  3194  3191
 6169    3196  3191  3194  3192
 6170    1068  3168  3167  1054
 6171    3255  3268  3256  3272
 6172    3260  3273  3271  3264
 6173    3248  3283  3252  3278
 6174    3267  3273  3271  3260
 6175    6311  7100  6359  7110
 6176    3165  3174  3166  3182
 6177    3181  3165  3182  3173
 6178    3282  1121  3281  3286
 6179    1121  3258  1122  3282
 6180    7062  4409  6309  7098
 6181    1117  3251  3276  3275
 6182    3290  3255  3272  3271
 6183    3289  3255  3271  3250
 6184    3182  3166  3187  3174
 6185    3070  3079  3072  3068
 6186    3167  1065  3183  1068
 6187    4237  4328  4326  4321
 6188    3202  3187  3188  3175
 6189    3187  3175  3202  3201
 6190    6366  6310  6358  6367
 6191    4556  6567  4550  6568
 6192    4181  4178  4166  4180
 6193    3281  3282  3257  1121
 6194    4178  4179  4166  4164
 6195    3272  4287  3256  3290
 6196    3204  3203  3201  3199
 6197    3192  3203  3201  3194
 6198    3192  3199  3201  3203
 6199    3174  3182  3201  3187
 6200    3174  3194  3201  3182
 6201    3197  3190  3201  3174
 6202    3194  3174  3201  3190
 6203    3202  3175  3198  3197
 6204    3176  3175  3198  3202
 6205    3190  3192  3201  3194
 6206    6502  6431  6433  6430
 6207    4069  4064  4065  4052
 6208    4284  4256  4254  4308
 6209    3178  3161  3164  3163
 6210    3171  3176  3172  3188
 6211    3201  3175  3202  3197
 6212    2085  2082  2084  2087
 6213    7152  6319  7112  7072
 6214    3201  3199  3202  3204
 6215    3201  3197  3202  3199
 6216    3200  3202  3199  3204
 6217    3271  3255  3272  3267
 6218    3268  3274  3272  3267
 6219    5012  5015  5095  5096
 6220     836   833   834  2970
 6221    4058  4051  4053  2035
 6222    3076  4070  3078  3080
 6223    7404  7401  7408  7402
 6224    4181  4179  4166  4178
 6225    3056   895  2980  2979
 6226    3079  3090  3094  3089
 6227    1427  1430  1429  1432
 6228    3074   920  4064  3060
 6229    3960  3987  3986  3966
 6230    3075  3076  3078  3080
 6231    4278  4249  4250  4288
 6232    3171  3166  3185  3183
 6233    3184  3167  3183  1068
 6234    3189  3192  3194  3191
 6235    3052  3059   914  3054
 6236    2124  2156  2157  2122
 6237    2165  2167  2164  2132
 6238    2284  2285  2281  2280
 6239    3059  3054  3077  3073
 6240    3090  3079  3094  3080
 6241    3079  3090  3089  3075
 6242    1142  1121  3286  1141
 6243    3186  3171  3183  3184
 6244    1942  3959  1943  3975
 6245    3055   888  3050   914
 6246    4288  4249  4264  4263
 6247    3051  3054   913  3053
 6248    4080  3080  4084  4070
 6249    4455  5424  4461  7118
 6250    4202  4175  4198  4191
 6251    3961  3975  3960  3977
 6252    1068  3168  3184  3167
 6253    3168  1068  3184  1069
 6254    3170  3167  3184  3168
 6255    3172  3169  3171  3184
 6256    3278  3250  3248  3283
 6257    3286  1142  4279  1122
 6258    3171  3172  3184  3186
 6259    3186  3171  3185  3183
 6260    2310  2301  2306  2384
 6261    3072  3089  3082  3068
 6262    1117  3252  1118  3276
 6263    6359  6310  6358  6356
 6264    3256  3253  3255  3284
 6265    3187  3180  3185  3166
 6266    3255  3284  3253  3283
 6267    3283  3284  3253  3257
 6268    3177  3165  3178  3180
 6269    3177  3161  3178  3163
 6270    6311  6310  6359  6357
 6271    6311  6357  6359  7100
 6272    3177  3163  3178  3165
 6273    3281  3284  3257  3282
 6274    3258  3282  3257  3284
 6275    3281  3283  3257  3284
 6276    3050   914  3052  3057
 6277    3082  3071  3086  3072
 6278    3248  3255  3253  3283
 6279    2959  2954  2956  2975
 6280    3281  1118  3276  3285
 6281    1064  3162  3178  3161
 6282    4458  4469  4468  6373
 6283    3276  3251  3252  3278
 6284    3252  3247  3248  3278
 6285    3276  3275  3280  1117
 6286    1117  3275  3280  3279
 6287    3279  1137  3280  1117
 6288    3068  3089  3075  3079
 6289    1050  3162  1051  1065
 6290    1064  3162  3161  1050
 6291    3162  3178  3164  3183
 6292    3162  3183  3164  3169
 6293    3178  3166  3164  3183
 6294    3065   913  3066  3053
 6295    3071  3069  3072  3067
 6296     896   841   842  2980
 6297    3051   913  3052  3049
 6298    3080  3075  3077  3078
 6299    3050   913  3052   914
 6300     890   887   889  3050
 6301    3066  3053  3054  3070
 6302    3077  3066  3073  3054
 6303    3055   914  3057   919
 6304    3065  3070  3069  3053
 6305    3067  3053  3070  3068
 6306    3067  3069  3070  3053
 6307    3072  3089  3093  3082
 6308    2955  2969  2970  2953
 6309    3070  3068  3077  3079
 6310    3075  3079  3077  3068
 6311     890   888  3050  3055
 6312    3054  3075  3077  3068
 6313    3054  3068  3077  3070
 6314    1860  1865  1877  1883
 6315    4744  4765  4773  4763
 6316    2043  2064  2039  2007
 6317     890   836  2979  2974
 6318     888   914  3055   919
 6319    3054   914  3052   913
 6320     895   888   890  3055
 6321     888   919  3055   893
 6322    1864  1880  1885  1883
 6323     842   840  3974  2976
 6324    3055   895  3056  2979
 6325    1559   421  1543  1561
 6326     818  2957   821  2975
 6327     913   914  3050   887
 6328    2958   821  2957  2976
 6329    4052  3058  3060   920
 6330    3060   920  3058   919
 6331    3057   919  3058  3055
 6332    2959  2978  2976  2975
 6333     893   895  3056  3055
 6334     893   920  3056   894
 6335    3058   920  3056   919
 6336    3058   919  3056  3055
 6337     893   919  3056   920
 6338    3055   919  3056   893
 6339    4024  3018  4020  4026
 6340     260  2535   261   335
 6341    2777  2721  2724  2773
 6342    3467  3464  3470  3469
 6343    2127  2096  2126  2151
 6344    2787  2802  2801  2789
 6345    2589  2545  2599  2584
 6346    2246  2237  2258  2245
 6347    2545  2597  2599  2592
 6348    2786  2788  3792  2794
 6349    1626  1628  1621  1619
 6350    3808  3811  1732  3745
 6351    2784  2798  2796  2783
 6352    2798  2784  2796  2803
 6353    2772  2785  2793  2780
 6354    2784  2783  2796  2781
 6355    2772  2769  2770  2720
 6356    2777  2794  2793  2785
 6357    2791  2781  2792  2796
 6358    2720  2769  2770  2718
 6359    2474  2530  2531  2468
 6360    2599  2545  2594  2584
 6361    2781  2795  2796  2791
 6362    2601  2592  2594  2599
 6363    2544  2583  2594  2584
 6364    2767  2780  2768  2772
 6365    2599  2592  2594  2545
 6366    2725  2722  2724  2776
 6367    2777  2778  2724  2775
 6368    2587  2537  2582  2580
 6369    2722   581  2775  2776
 6370    2718  2721  2770  2720
 6371    2796  2782  2792  2801
 6372    2780  2793  2792  2782
 6373    2591  2544  2594  2592
 6374    2591  2593  2594  2544
 6375     576  2722  2719   507
 6376    2769   575  2770  2718
 6377    2770   576  2775  2719
 6378    2775  2776  2724  2722
 6379     506  2719   507   576
 6380    2779  2782  2780  2792
 6381    2791  2779  2792  2781
 6382    2768  2767  2772  2720
 6383    2771  2720  2772  2767
 6384     507  2722   510   581
 6385    2772  2720  2721  2768
 6386    2721  2773  2777  2768
 6387     575  2719  2718   506
 6388    2785  2772  2793  2777
 6389    2768  2772  2777  2721
 6390     248   204  2522   201
 6391    2721  2770  2775  2719
 6392    2786  2777  2785  2794
 6393    2775  2778  2724  2776
 6394    2725  2776  2724  2778
 6395    2773  2774  2724  2778
 6396    2725  2778  2724  2774
 6397     108    99   104  2376
 6398    3371  3311  3372  3313
 6399    1390  1383  1465  1384
 6400     227   320   304   324
 6401     334  2535  2534   260
 6402     892   887   888   914
 6403     809   790   792   825
 6404    2476  2471  2473  2532
 6405    2374  2378  2379  2372
 6406    2518  2519  2521  2462
 6407    2463  2519  2522   201
 6408    3373  3374  3376  1222
 6409    2521  2465  2530  2527
 6410     341  3541  3585  2539
 6411    2523  3525  2467   205
 6412     261  2538   264   340
 6413    2321  2327  2325  2320
 6414    2543  2548  2546  2589
 6415    2462  2520  2521  2518
 6416    2321  2306  2320  2385
 6417    2589  2584  2543  2545
 6418    2546  2537  2543  2587
 6419    2371  2368  2369    98
 6420    1371  3525  1327  3526
 6421    3189  3192  3190  3194
 6422    2317  2316  2381  2312
 6423    2320  2327  2324  2326
 6424    2372  2375  2373  2379
 6425    3395  1224  3393   107
 6426    2308  2311  2309  2375
 6427    2376   103  2369  2392
 6428    2372  2365  2374  2378
 6429    2473  2470  2472  2529
 6430    3972  4017  4029  4016
 6431    2380  2312  2381  2316
 6432    2370  2368  2371    98
 6433     122   127  2391   123
 6434     122   100  2391  2390
 6435     123   100   101  2391
 6436    5098  5094  5100  5097
 6437     103    98    99  2369
 6438    2477  2474  2476  2533
 6439    2378    99  2369  2376
 6440    2327  2326  2320  2322
 6441    2370    98  2371  2364
 6442     102  2368  2369  2389
 6443    2367  2305  2381  2304
 6444    2389   103  2369   102
 6445    2376    99  2369   103
 6446    2522  2466  2525  2524
 6447    2300  2305  2304  2381
 6448    2371    99  2369  2378
 6449    2367  2305  2374  2384
 6450    2524  2468  2525  2531
 6451    2302  2305  2303  2367
 6452    2304  2366  2367  2302
 6453    2364  2366  2367  2371
 6454    2371  2365  2367  2364
 6455    6076  6079  6078  6081
 6456    2643  2645  3648  2610
 6457    2302  2366  2367  2364
 6458    6941  6938  6974  6939
 6459    2474  2532  2530  2471
 6460    2543  2536  2542  2582
 6461    2587  2537  2543  2582
 6462    2582  2589  2584  2543
 6463    2547  2540  2546  2588
 6464    2395   133  3395   129
 6465    2319  2317  2313  2312
 6466    2319  2315  2313  2326
 6467    2326  2317  2313  2319
 6468    2385  2320  2325  2324
 6469    2546  2549  2547  2590
 6470    2548  2590  2546  2589
 6471    2585  2537  2540  2587
 6472    2474  2533  2531  2530
 6473    2367  2378  2374  2365
 6474    3527  3475  3528  3477
 6475    2540  2588  2586  2585
 6476    2540  2535  2537  2585
 6477     789   792   790   800
 6478    2587  2588  2540  2585
 6479    2546  2590  2547  2588
 6480     104   109   108  2377
 6481    2466  2469  2467  2525
 6482    2307  2385  3385  2311
 6483    1046  1061  1060  1069
 6484    2367  2365  2374  2303
 6485    2429  2426  2431  2428
 6486    2374  2375  2385  2310
 6487    2374  2310  2385  2384
 6488    1269  1335  1266  1268
 6489    2461  2399  3501  2491
 6490    3411  3407  3405  3412
 6491    3372  3313  3386  3371
 6492    3475  3478  3476  3528
 6493    2323  2327  3327  2321
 6494    3313  2307  3309  3385
 6495    2524  2466  2525  2468
 6496    1226  3374  3373  1222
 6497    2541  2588  2586  2540
 6498    2469  2531  2525  2468
 6499    3371  3369  3372  3311
 6500    1620  1623  1622  1618
 6501    3375  1222  3376  3369
 6502    2376   104  2379  2378
 6503    2377   104  2379  2376
 6504    3371  2311  3385  2375
 6505    2522   204  2523  2466
 6506    1496  1509  1500  1502
 6507    2393   106  2395   107
 6508    2394   106  2395  2392
 6509    3395   107  3393  2393
 6510    3478  3477  3534  3528
 6511     129   128  2395   133
 6512     106   129   128  2395
 6513    3576  3574  3579  3510
 6514     132   133  2395   128
 6515     132   128  2395  2394
 6516    2523  2466  2467  2525
 6517    4016  3969  4028  3972
 6518    2540  2585  2586  2538
 6519     248   204  2523  2522
 6520     248   249  2523   204
 6521    3448  3435  3436  3438
 6522     108  2376  2393  2392
 6523    2377  2376  2393   108
 6524    2377   108  2393   109
 6525    2392   106  2393   108
 6526    2394   128  2395   106
 6527    2308  2373  2372  2375
 6528     104  2373   105  2379
 6529    3528  3478  3537  3534
 6530    2586   341  3585  2539
 6531    2395   107  3395  2393
 6532     129   107  3395  2395
 6533    3415  3358  3365  3360
 6534    3372  3369  3376  3370
 6535    3573  2533  3535  2477
 6536     107   109  3393  2393
 6537     107  1226  1224  3393
 6538    6683  6686  6684  6690
 6539    1623  1619  1618  1621
 6540    3773  3786  3794  3781
 6541    2539  2541  3585  2586
 6542    1376  3557  1332  1399
 6543    3734  3736  3776  3771
 6544    1461  1385  1387  1460
 6545    3393   109  3373  2377
 6546    3369  2373  3371  3375
 6547    2399  3443  3401  3501
 6548    3513  3580  3579  3515
 6549     109   105  3373  2377
 6550    1226   105  1222  3373
 6551    3373  1222  3375   105
 6552     105  3369  1222  3375
 6553    2373  2379  3375   105
 6554    3386  3310  3314  3389
 6555    3460  3463  3461  3465
 6556    3373   105  3375  2377
 6557    2379  2377  3375   105
 6558    3369  2309  3311  3371
 6559    2309  2375  3371  2373
 6560    3605  3603  3598  3552
 6561    5672  5653  5649  5668
 6562    2343  2341  3387  3353
 6563    2385  2375  3385  2311
 6564    2307  2321  3385  2385
 6565    2467  2525  3527  2523
 6566    3533  3477  3534  3483
 6567    3475  2467  3527  3525
 6568    3745  1729  1654  1653
 6569    2469  2525  3533  3527
 6570    2469  2531  3533  2525
 6571    3428  3437  3426  3435
 6572    2475  2531  3533  2469
 6573    3477  2469  3533  3527
 6574    3483  2469  2475  3533
 6575    1904  1893  1898  1866
 6576    1284  1282  1240  1281
 6577    3438  3463  3461  3436
 6578    3527  3525  3528  3475
 6579    3326  3325  3386  3321
 6580    3371  3313  3386  3385
 6581    3325  3328  3327  3321
 6582    3526  3475  3476  3528
 6583    3391  3359  3352  3357
 6584    3329  3310  3322  3389
 6585    3357  3360  3392  3359
 6586    2431  3439  3429  2429
 6587    3386  3372  3314  3313
 6588    3325  3321  3326  3328
 6589    2425  2387  3423  2345
 6590    3527  3477  3534  3533
 6591    3528  3477  3534  3527
 6592    1631  1702  1695  1697
 6593    3434  3431  3361  3433
 6594    3965  4004  3981  3983
 6595    3586  3543  3588  3585
 6596    3684  3691  3680  3682
 6597    3679  3683  3681  2681
 6598    3802  3783  3788  3790
 6599    3476  3479  3529  3531
 6600    3570  3572  3623  3571
 6601    3635  3609  3637  3610
 6602    3440  3453  3446  3442
 6603    3430  3427  3429  3440
 6604    3433  3361  3356  3431
 6605    2399  2445  3501  2491
 6606    3326  3321  3322  3328
 6607    1625  1573  1624  1571
 6608    3379  3383  3384  3377
 6609    3401  3501  3502  3471
 6610    3386  3322  3389  3326
 6611    3423  3428  3427  3425
 6612    3440  3453  3442  3449
 6613    1270  1276  1274  1275
 6614     119   121  1303   181
 6615    3540  3487  3538  3488
 6616    1227  3381  1232  3397
 6617    3322  3328  3335  3326
 6618    3561  3495  3559  3562
 6619    2323  3351  3323  3387
 6620    3434  3361  3432  3362
 6621    3540  3490  3488  3563
 6622    1483  1484  1480  1479
 6623    3322  3333  3329  3389
 6624    2537  2534  2580  2535
 6625    1318  1362  1367  1365
 6626    3528  3525  3526  3475
 6627    1647  1645  1644  1649
 6628    3534  3478  3537  3484
 6629    3528  3478  3531  3537
 6630    3312  3372  3314  3379
 6631    3621  3594  3619  3554
 6632    2418  2421  2423  2419
 6633    1228  3382  1232  3381
 6634    1369  1325  1371   203
 6635    1314  1245  1337  1255
 6636    3355  2343  2345  3387
 6637    3547  3544  3593  3591
 6638    1256  3399  1252  3400
 6639    3185  3188  3171  3186
 6640    3377  3312  3317  3379
 6641    1397  1374  1324  1330
 6642    3627  3621  3623  3626
 6643    3310  3319  3314  3389
 6644    3620  3619  3618  3568
 6645    2601  2631  2607  2630
 6646     895   836   841  2979
 6647    3379  3370  3312  3372
 6648    1477  1428  1432  1493
 6649    1390  1487  1465  1467
 6650    3419  3420  1272  1276
 6651    1224  1226  3394  3393
 6652    2425  3425  2345  3423
 6653    3371  3369  3376  3372
 6654    3371  3375  3376  3369
 6655    1301   119  1303   179
 6656    1730  1689  1699  1701
 6657    3411  1258  1229  3409
 6658    1233  3417  1231  3398
 6659    3493  1332  3480  3557
 6660    3394  3393  3396  1224
 6661    3395  1224  3396  3393
 6662    3591  3544  3593  3586
 6663     173   170   172   225
 6664     239   195  1363   241
 6665    3319  3379  3314  3389
 6666    3372  3389  3314  3379
 6667    3509  3573  3574  3485
 6668    3593  3550  3588  3544
 6669    3773  3771  3778  3736
 6670    1946  1964  1965  1944
 6671    3531  3526  3529  3476
 6672    1392  3565  1407  1487
 6673    3738  1703  3777  3811
 6674    3488  3481  3487  3538
 6675    3541  3544  3542  3586
 6676    3585  3541  3586  3543
 6677    2786  3782  3780  3792
 6678    2778  2725  3772  2774
 6679    1703  3745  3738  1637
 6680    4139  4124  4126  4138
 6681    3802  3793  3783  3797
 6682    1938  1962  1963  1954
 6683    1733  3812  1732  3808
 6684    3476  3481  3479  3531
 6685    3528  3531  3476  3526
 6686    3528  3478  3476  3531
 6687    3591  3545  1466  3592
 6688    3396  3394  1225  3399
 6689    1153  1172  1154  1174
 6690    3790  3791  3803  3805
 6691    3546  3567  3565  3617
 6692    3708  3702  3706  3723
 6693    3792  3797  3782  3793
 6694    3586  3544  3588  3543
 6695    3542  3544  3591  3586
 6696    3542  3586  3591  1461
 6697     376   294   299   378
 6698    3593  3544  3588  3586
 6699    1729  3745  1732  1653
 6700    1693  1683  1695  1700
 6701    6053  6050  6118  6051
 6702     674  1861  1800  1798
 6703    2980   842  3978  2976
 6704    3778  3776  3739  3736
 6705    3815  3817  3816  3819
 6706    3646  2610  3648  3611
 6707    4025  4027  4130  4123
 6708    1644  1647  1639  1587
 6709    3553  3550  3595  3593
 6710    3588  3595  3590  3550
 6711    3773  3786  3781  3769
 6712    3822  3789  3824  3795
 6713    3740  3811  3777  3813
 6714    3056   896  4048  2980
 6715    1581  1588  1582  1639
 6716    3739  3734  3736  3776
 6717    3747  3808  3748  3745
 6718    1270  1275  1274  1339
 6719    1239  1313  1310  1249
 6720      11    32    34    29
 6721    3736  3778  3769  3774
 6722    3431  3388  3356  3424
 6723    2588  3589  2590  2547
 6724    2788  2802  3796  2794
 6725    3753  2742  3751  2715
 6726    3802  3783  3790  3785
 6727    3781  3772  3793  3773
 6728    3611  3639  3612  3647
 6729    3878  3867  3880  3877
 6730    3323  3388  3324  3328
 6731    3986  3966  3988  2966
 6732    3695  3693  3696  3681
 6733    1697  1631  1630  1695
 6734    3736  3773  3769  3778
 6735    3986  2966  3988  2986
 6736    3349  3346  3344  3348
 6737    2788  2794  3796  3792
 6738    3836  3856  3837  3800
 6739    3768  2774  3772  2725
 6740    2549  2600  3599  2590
 6741     938   989   961  1007
 6742    2790  2802  3796  2788
 6743    3543  3585  3587  3588
 6744    2547  2588  3587  2541
 6745    1794  1796  1801  1800
 6746    1079  4352  1082  1077
 6747    2549  2590  3589  2547
 6748    3772  2725  3735  3768
 6749    3770  2725  3735  3772
 6750     894   896  4048  3056
 6751    3549  3543  3587  3588
 6752    3780  2778  2774  2786
 6753    2715  3749  3725  3753
 6754    3695  2695  3699  3693
 6755    5373  5370  5415  5371
 6756    2541  2586  3587  3585
 6757    3058   920  4050  3056
 6758    1559   421  1561   441
 6759    1624  1573  1566  1564
 6760     896   842  3978  2980
 6761    2778  2776  3772  2725
 6762    1610  1553  1612   431
 6763    1624  1564  1566  1619
 6764    3772  3793  3792  3780
 6765    3772  3773  3735  3770
 6766    3772  3768  3735  3773
 6767    3735  2723  2725  3770
 6768    3769  3773  3735  3768
 6769    3769  3736  3735  3773
 6770    3982  3975  3961  3977
 6771    4159  4153  4152  4158
 6772    3974  3977  3976  3960
 6773    3977  3987  3976  3960
 6774    3056   920  4048   894
 6775     905   850   900   987
 6776    4082  3092  4140  4086
 6777    4049  3979  2011  4054
 6778    3976  3987  3986  3960
 6779    4274  4204  4325  4273
 6780     894  2010  2008  4048
 6781     886  2012  2004  2032
 6782    4225  4223  4224  4222
 6783    3877  3882  3881  3884
 6784    3018  2988  4020  2968
 6785    3967  3992  3970  3990
 6786    3974  3977  3960  3975
 6787    4073  4108  4077  4059
 6788    3991  4008  3971  3965
 6789    4056  4059  4057  2040
 6790    4308  4296  4306  4297
 6791    4188  4172  4189  4176
 6792    4096  4006  2048  4097
 6793    2035  2009  4054  4049
 6794    1864  1859  1862  1861
 6795    3172  4174  4166  4182
 6796    2035  4072  4053  4058
 6797    2960  3974  3976  3960
 6798    4264  4288  4250  4249
 6799    3286  1122  4279  3282
 6800    4053  4058  4076  4074
 6801    1055  4162  2170  2184
 6802    2187  2184  2176  2185
 6803    4058  4077  4076  4074
 6804    4065  4076  4069  4053
 6805    7177  7196  7181  7198
 6806    3204  3221  4314  3304
 6807    2168  2184  2170  2185
 6808    3090  3094  4084  3080
 6809    3964  3959  3961  3980
 6810    3186  4182  3188  3172
 6811    7370  7364  7363  5544
 6812    4162  4164  4178  3168
 6813     538   561   559   595
 6814    4081  4083  4094  4087
 6815    4321  4204  4325  4205
 6816    4179  4164  4178  4162
 6817    4185  4216  4187  4173
 6818    4224  4225  4220  4212
 6819    2960  2978  3976  2976
 6820    3134  3138  4140  3064
 6821    4247  4252  4251  4278
 6822    2161  2177  2185  2188
 6823    2259  5361  2260  2251
 6824    5377  5438  5375  5421
 6825    4194  4174  4190  3176
 6826    4260  4266  4264  4259
 6827    5455  5456  7232  5457
 6828    2033  2035  2032  2012
 6829    4287  3284  4277  3256
 6830    4279  1122  4275  3282
 6831    2125  2122  2124  2157
 6832    3258  3284  4277  3282
 6833    4165  4163  4162  4179
 6834    4228  3204  4230  4196
 6835    4190  4174  4195  4191
 6836    4071  4069  4066  4068
 6837    2275  2279  5382  2282
 6838    4064  4052  2034  4065
 6839    2004  2013  2005  2033
 6840    4231  4317  4315  4230
 6841    7321  7290  7288  7323
 6842    1069  4162  3168  1055
 6843    4163  4184  4165  4170
 6844    2032  2033  2004  2037
 6845    4168  4184  4163  4170
 6846    2241  4286  2262  2261
 6847    3198  4192  4190  4194
 6848    3064  3136  4138  3134
 6849    4323  4236  4239  4238
 6850    4180  3172  4166  4182
 6851    2025  2117  2020  2024
 6852    1142  1132  2257  1122
 6853    4328  4323  4237  4239
 6854    1069  3168  4178  3184
 6855    4205  4204  4325  4274
 6856    6615  6606  4571  6609
 6857    7119  5425  7124  5417
 6858    4179  4164  4162  4165
 6859    4166  4174  4183  4182
 6860    7155  7166  7153  7159
 6861    4163  4184  4179  4165
 6862    2032   918  2036   886
 6863    2187  2190  2185  2177
 6864    2542  2545  2584  2544
 6865    5410  5418  5365  5368
 6866    3282  1122  4275  3258
 6867    1069  4162  4178  3168
 6868    4068  4069  4066  4052
 6869    3258  3282  4277  4275
 6870    4069  4071  4067  4078
 6871    4194  3176  4190  3198
 6872      16    19    17    35
 6873    4176  4189  4203  4177
 6874    4068  3074  4064  3060
 6875    3060  3076  4068  3078
 6876    4167  4186  4172  4184
 6877    3168  3170  4178  3184
 6878    3168  4164  4178  3170
 6879    4068  4070  4066  4071
 6880    3170  3172  4178  3184
 6881    4071  4088  4081  4067
 6882    4197  4234  4229  4193
 6883    4249  4263  4288  4287
 6884    4166  4175  4167  4183
 6885    3170  4166  4164  4178
 6886    4178  3172  4166  4180
 6887    3172  3184  4180  4178
 6888    3172  3186  4180  3184
 6889    4287  3256  4277  4249
 6890    3256  4263  4249  4287
 6891    4260  4264  4273  4271
 6892    4197  4192  4196  4194
 6893    4176  4175  4198  4202
 6894    3258  3254  4277  3284
 6895    4251  3254  4247  4277
 6896    3254  4249  4247  4277
 6897    3256  3284  4277  3254
 6898    4182  3176  4194  3188
 6899    3076  4070  4066  4068
 6900    4175  4191  4195  4174
 6901    4304  4305  4299  4303
 6902    4231  4196  4315  4197
 6903    3060  3076  4066  4068
 6904    4068  4052  4066  3060
 6905    4258  4284  4254  4308
 6906    2458  2363  2486  2449
 6907    3943  3915  3945  3912
 6908    4276  4252  4278  4251
 6909    7761  7004  6945  6951
 6910    3988  2968  4020  2988
 6911    4115  4119  4113  4114
 6912    3987  3992  3967  3990
 6913    3202  3176  4194  3198
 6914    4066  4069  4067  4052
 6915    3991  4010  3971  4008
 6916    4177  4199  4224  4203
 6917    4194  4174  4195  4190
 6918    4302  4304  4298  4299
 6919    4249  4287  4288  4277
 6920    4179  4181  4167  4186
 6921    4224  4177  4220  4199
 6922    4179  4186  4167  4184
 6923    4066  4071  4067  4069
 6924    4138  3124  4126  3126
 6925    3972  3992  3993  3970
 6926    4189  4176  4203  4188
 6927    4191  4200  4198  4202
 6928    4179  4184  4167  4165
 6929    4277  4249  4278  4288
 6930    6557  6561  6562  6555
 6931    4247  4249  4278  4277
 6932    4181  4179  4167  4166
 6933    4167  4164  4166  4179
 6934    7150  7151  7268  7197
 6935    4180  4183  4182  4166
 6936    4277  4275  4278  4251
 6937    4276  4251  4278  4275
 6938    4277  4251  4278  4247
 6939    4327  4329  4326  4244
 6940    4183  4175  4202  4195
 6941    4290  4256  4312  4272
 6942    4264  4288  4289  4250
 6943    4330  4321  4205  4326
 6944    2138  2139  2112  2155
 6945    4172  4167  4188  4186
 6946    4167  4175  4188  4183
 6947    4188  4181  4186  4167
 6948    4111  4106  4109  4107
 6949    4076  4078  4067  4074
 6950    4264  4250  4289  4271
 6951    7184  7187  7094  7185
 6952    4046  4047  4045  4044
 6953    4276  4252  4283  4278
 6954    4276  4281  4283  4252
 6955    4252  4281  4283  4257
 6956    4193  4195  4197  4204
 6957    4278  4248  4283  4250
 6958    4278  4252  4283  4248
 6959    4257  4248  4253  4283
 6960    6581  6586  6579  6585
 6961    4260  4264  4271  4250
 6962    4069  4078  4067  4076
 6963    4085  4092  4081  4071
 6964    4013  4021  4030  4028
 6965    4176  4167  4175  4188
 6966    4237  4321  4326  4244
 6967    4076  4053  4067  4069
 6968    4198  4176  4203  4199
 6969    4259  3268  4265  4263
 6970    4262  4196  4197  4266
 6971    3972  3967  3969  3992
 6972    3082  3091  3095  3084
 6973    3861  2837  3855  2831
 6974    4158  4153  4103  4159
 6975    4070  4081  4080  4066
 6976    4081  4070  4085  4071
 6977    4110  4075  4108  4106
 6978    3780  3783  3781  3793
 6979    4083  4080  4082  4087
 6980    1926  1913  1930  1924
 6981    4084  4070  4085  4080
 6982    3968  4021  3989  3988
 6983    3989  4028  3969  3992
 6984    1911  1936  1914  1952
 6985    1865  1854  1860  1877
 6986    1941  1946  1944  1964
 6987    4147  4090  4095  4091
 6988    1240  1200  1235  1281
 6989    3889  3891  3935  3882
 6990    3946  3943  3944  3915
 6991    1994  1997  1995  2077
 6992    3990  3961  3967  3987
 6993    4260  4266  4273  4264
 6994    3982  3980  3961  3975
 6995    3964  3980  3961  3982
 6996    4020  4021  4012  3968
 6997    4232  4230  4317  4233
 6998    4086  4141  4140  4082
 6999    2966  3968  3966  3988
 7000    4081  4090  4088  4094
 7001    4123  4024  4122  4120
 7002    2966  2986  3986  2960
 7003    3982  3980  3983  3964
 7004    2829  3855  3836  2806
 7005    4026  4024  4122  4123
 7006    2011  3984  2016  4054
 7007    3878  3891  3882  3884
 7008    3863  3866  3864  3861
 7009    1942  3975  1943  1959
 7010    3836  3856  3839  3837
 7011    3988  4021  4020  3968
 7012    4080  4085  4087  4081
 7013    3494  1347  3493  3558
 7014    3838  2829  2831  3855
 7015    2645  3650  2643  3648
 7016    2806  3800  3836  3834
 7017    3881  3884  3883  3877
 7018    3892  3936  3890  3889
 7019    3912  3919  3918  3943
 7020     713   725   718   726
 7021    3895  3896  3894  3897
 7022    2869  3877  3867  2867
 7023    3650  2643  3648  3646
 7024    2831  3861  3863  3838
 7025    2863  3863  2831  3861
 7026    3838  3856  3836  3855
 7027    4012  4023  4022  4014
 7028    3856  3838  3862  3855
 7029    2610  2608  3638  2635
 7030    3947  3950  3906  3948
 7031    3787  3778  3786  3795
 7032    1552  1557  1614  1554
 7033    3940  3912  3942  3911
 7034     744   746  1863   748
 7035    3909  3928  3910  3932
 7036    3937  3912  3945  3915
 7037    3945  3932  3942  3912
 7038    3911  3912  3942  3932
 7039    3717  3702  3719  3723
 7040    4140  4141  4136  4060
 7041    3779  3776  3777  3739
 7042    3929  2883  3883  2885
 7043    2742  2715  3753  2744
 7044    1880  1859  1864  1863
 7045    3892  3907  3890  3949
 7046    3871  3869  3839  3862
 7047    1879  1859  1863   744
 7048    1859  1861  1863   744
 7049    1836  1825  1830  1838
 7050    4042  4038  4036  4043
 7051    2011  3979  1961  3984
 7052    3882  3933  3928  3935
 7053    1798  1794  1801  1800
 7054    4041  4040  4010  4000
 7055    3952  3938  3914  3934
 7056    4132  4061  4125  4144
 7057    3872  3876  3874  3871
 7058    4020  4027  4022  4023
 7059    1862  1867  1860  1869
 7060    3731  3729  3758  3757
 7061    3870  3857  3858  3844
 7062    3882  3891  3935  3884
 7063    3882  3884  3930  3881
 7064    4035  4028  4031  4030
 7065     401   432   409   434
 7066    1859  1861  1864  1863
 7067    3989  3968  3969  4021
 7068    3911  3918  3917  3940
 7069    3869  3857  3839  3856
 7070    3751  2715  3725  3753
 7071    3911  3939  3940  3917
 7072    4130  4123  4134  4121
 7073    4322  4236  4323  4238
 7074    1555  1558  1615  1557
 7075    3989  4021  3969  4028
 7076    3868  3875  3864  3866
 7077    4016  3969  4013  4028
 7078    4131  4032  4130  4128
 7079    4155  4153  4152  4159
 7080    4293  4297  4294  4291
 7081    4330  4326  4205  4226
 7082    2924  2922  3931  3929
 7083    3966  3987  3989  3967
 7084    3987  3992  3989  3967
 7085    3120  3122  4126  3126
 7086    3968  3988  3989  3966
 7087    3200  3202  4196  4194
 7088    3988  3986  3989  3966
 7089    3987  3966  3989  3986
 7090    4013  4028  4030  4016
 7091    5674  4691  5686  5656
 7092    4196  4266  4265  4319
 7093    3064  3138  4140  3092
 7094    4141  4082  4060  4140
 7095    4236  4231  4322  4320
 7096    4103  4161  4115  4160
 7097    3064  4124  4060  4138
 7098    5923  5973  5984  5964
 7099    4086  3092  4140  3096
 7100    4316  3304  4314  3221
 7101    4158  4159  4103  4157
 7102    4139  4144  4127  4125
 7103    3204  3308  4318  3274
 7104    4197  4266  4196  4319
 7105    4230  3221  4314  3204
 7106    4230  4316  4317  4314
 7107    4142  4144  4137  4061
 7108    4087  4083  4146  4141
 7109    4090  4061  4062  4146
 7110    4141  4083  4146  4061
 7111    4085  4081  4094  4087
 7112    4085  4092  4094  4081
 7113    4273  4271  4274  4267
 7114    4246  4329  4244  4328
 7115    4193  4192  4197  4195
 7116    4140  3064  4136  3134
 7117    4273  4260  4262  4266
 7118     450   469   467   470
 7119    4318  4319  4314  4196
 7120    4060  3064  4136  4140
 7121    7304  7353  7327  7357
 7122    4267  4260  4273  4271
 7123    3136  3124  4138  3126
 7124    4261  3204  4265  3270
 7125    4202  4204  4193  4200
 7126    4034  4028  4030  4021
 7127    3204  3304  4318  3308
 7128    4020  4027  4023  4021
 7129    4193  4190  4192  4195
 7130    6506  6468  6505  6503
 7131    3138  3096  4140  3092
 7132    4202  4195  4193  4204
 7133    3204  4228  3219  3200
 7134    4083  4087  4082  4141
 7135    4202  4191  4193  4195
 7136    3064  4060  4136  4138
 7137    4080  4084  4086  4087
 7138    4319  4196  4315  4314
 7139    4319  4324  4197  4266
 7140    4262  4266  4197  4273
 7141    4324  4320  4197  4204
 7142    4095  4118  4089  4093
 7143    3090  3096  4086  3094
 7144    4195  4192  4197  4194
 7145    4324  4273  4197  4266
 7146    4204  4273  4197  4324
 7147    4269  4197  4204  4273
 7148    3090  3094  4086  4084
 7149    4024  4027  4123  4026
 7150    3090  4084  4086  4080
 7151    3090  3092  4086  3096
 7152    3064  3124  4138  3136
 7153    2552  2482  2550  2553
 7154    3200  3204  4196  3202
 7155    4196  4319  4265  4318
 7156    5630  5633  5635  5632
 7157    4083  4060  4061  4141
 7158    4232  4316  4317  4230
 7159    4318  3204  4265  4196
 7160    4318  3274  4265  3204
 7161    3268  3274  4265  3272
 7162    3272  4263  4265  3268
 7163    3268  3270  4265  3274
 7164    3268  4261  4259  4265
 7165    3204  3274  4265  3270
 7166    7345  7348  7346  7352
 7167    3204  3304  4314  4318
 7168    4231  4197  4315  4320
 7169    7163  7160  7162  7167
 7170    4314  4230  4315  4317
 7171    3204  4228  4230  3219
 7172    3204  4318  4314  4196
 7173    4062  4144  4142  4061
 7174    3945  3912  3942  3940
 7175    4024  4026  4122  3022
 7176    3928  3933  3937  3935
 7177    7576  7577  7574  7587
 7178    4322  4231  4238  4233
 7179    4317  4230  4231  4233
 7180    4123  4121  4130  4025
 7181    4236  4231  4238  4322
 7182    4025  4027  4123  4024
 7183    4319  4197  4315  4196
 7184    3911  3939  3942  3940
 7185    4193  4234  4200  4204
 7186    7198  7194  7179  7177
 7187    4061  4146  4137  4142
 7188    4196  4229  4231  4228
 7189    4120  4127  4122  4123
 7190    4197  4324  4315  4320
 7191    4229  4196  4231  4197
 7192    4130  4128  4135  4131
 7193    4323  4320  4321  4236
 7194    3120  3126  4126  3124
 7195    4236  4197  4204  4234
 7196    4236  4197  4320  4204
 7197    4229  4236  4234  4197
 7198    4231  4317  4322  4315
 7199    4315  4320  4322  4231
 7200    4145  4142  4143  4062
 7201    4061  4141  4137  4146
 7202    4141  4060  4137  4136
 7203    4141  4061  4137  4060
 7204    3018  3020  4022  4026
 7205    4137  4061  4139  4060
 7206    4136  4060  4139  4138
 7207    4137  4060  4139  4136
 7208    4060  4124  4139  4138
 7209    4060  4125  4061  4139
 7210    4139  4125  4127  4124
 7211    4125  4120  4121  4127
 7212    3969  4021  4013  4028
 7213    4127  4121  4134  4123
 7214    4025  4128  4121  4130
 7215    2899  3939  3941  3911
 7216    2926  2934  3941  2899
 7217    4130  4131  4034  4032
 7218    4021  4032  4025  4034
 7219    4025  4027  4034  4130
 7220    4130  4032  4034  4025
 7221    4025  4021  4034  4027
 7222    4120  4124  4126  4127
 7223    3891  3885  3892  3887
 7224    3866  3861  3862  3864
 7225    1961  3980  1966  3984
 7226    3637  3644  3642  3610
 7227    4017  4038  4036  4042
 7228    4013  4018  4016  4030
 7229    4015  4023  4030  4013
 7230    3479  3482  3480  3532
 7231    3937  3928  3930  3932
 7232    2899  2934  3941  2932
 7233    3759  3729  3760  3755
 7234    3708  3723  3704  3702
 7235    3889  3891  3892  3936
 7236    4013  4021  4012  4023
 7237    2695  3697  2699  3699
 7238    3911  3939  3941  3942
 7239    3935  3884  3930  3882
 7240    3709  3655  3667  3669
 7241    3885  3866  3873  3875
 7242    3840  3804  3841  3832
 7243    3759  3729  3755  3726
 7244    4326  4244  4242  4237
 7245    3880  3887  3868  3878
 7246    3867  3868  3863  3865
 7247    3868  3885  3875  3866
 7248    6042  5039  6107  6004
 7249    2883  2885  3929  2924
 7250    2924  2926  3931  2922
 7251    3973  3972  4029  3993
 7252    3839  3862  3838  3864
 7253    3797  3782  3785  3784
 7254    7601  7597  7585  7508
 7255    3878  3891  3887  3885
 7256    4154  4155  4149  4148
 7257    3935  3933  3938  3936
 7258    3892  3885  3886  3888
 7259    2701  3749  3699  2699
 7260    3911  3932  3931  3909
 7261    3881  3928  3927  3930
 7262    2826  2829  2805  2828
 7263    3929  3930  3883  3881
 7264    3759  3726  3755  3750
 7265    3877  3884  3880  3878
 7266    3864  3873  3871  3862
 7267    3878  3891  3880  3887
 7268    3878  3884  3880  3891
 7269    3688  3715  3690  3692
 7270    3873  3862  3869  3871
 7271    3910  3915  3937  3913
 7272    3018  4026  4022  4020
 7273    3006  3018  4022  4020
 7274    3024  3122  4122  3022
 7275    3022  4026  4122  3024
 7276    4120  3022  4024  4122
 7277    3022  3122  4122  3120
 7278    2865  2867  3867  3865
 7279    3877  2869  3879  2879
 7280    3863  2863  2865  3865
 7281    3929  2922  3931  3927
 7282    3830  2804  3834  3798
 7283    3782  3796  3784  3797
 7284    1464  1380  1459  1468
 7285    2804  3830  2819  2790
 7286    3942  3911  3931  3941
 7287    3929  3927  3931  3932
 7288    3909  3932  3931  3927
 7289    2883  2879  3883  2885
 7290    3863  2863  2831  2865
 7291    3863  3866  3868  3864
 7292    3941  3911  3931  2899
 7293    3941  2899  3931  2926
 7294    2922  2926  3931  2897
 7295    3911  2897  3909  3931
 7296    2897  2926  3931  2899
 7297    3636  3639  3609  3638
 7298    3877  3880  3879  3867
 7299    3883  3877  3879  2879
 7300    3883  2879  3879  2881
 7301    2869  3877  3879  3867
 7302    3883  3884  3879  3877
 7303    3880  3877  3879  3884
 7304    2869  2881  3879  2879
 7305    3615  3652  3655  3654
 7306    3798  3796  3784  2790
 7307    2740  2715  3753  3749
 7308    2744  2715  3753  2740
 7309    3750  3749  3754  3725
 7310    3785  3804  3790  3802
 7311      10    29    11    31
 7312    2806  2804  3834  2827
 7313    3800  2804  3798  3834
 7314    3552  3600  3598  3605
 7315    3533  3483  3535  2475
 7316    2477  3509  3485  3573
 7317    2683  3683  3695  2685
 7318    2685  2697  3695  2683
 7319    2506  2452  2504  2507
 7320    2683  2697  3695  2695
 7321    1697  3737  3734  1633
 7322    3439  2431  3441  2441
 7323    3440  3444  3446  3453
 7324    3532  3481  3482  3538
 7325    2441  2443  3445  2447
 7326    3485  2475  2477  3535
 7327    3685  3656  3688  3687
 7328    3599  3602  3597  3600
 7329    2499  2501  3575  2561
 7330    3576  3510  3579  3512
 7331    2717  2714  2742  2716
 7332    3429  2429  3427  2427
 7333    3609  3639  3611  3638
 7334    3437  3428  3426  3430
 7335    2493  2445  3503  2447
 7336    3433  3424  3426  3435
 7337    2343  2387  3387  2341
 7338    6045  6054  6048  6119
 7339    1765  1826  1828  1772
 7340    2445  2441  3445  2447
 7341    2427  3425  3427  3429
 7342    3445  2447  3503  2445
 7343    2491  2445  3503  2493
 7344    3649  3647  3651  3646
 7345    3353  2341  3387  3351
 7346    2341  2387  3387  2323
 7347    2559  2499  3573  3575
 7348    3353  3388  3387  3355
 7349    3540  3537  3538  3487
 7350    3600  3551  3598  3597
 7351    3648  3651  3646  3649
 7352    3502  3444  3507  3504
 7353    3437  3448  3438  3435
 7354    1327  1371  1372  1325
 7355    3333  3329  3336  3335
 7356    3447  3437  3449  3430
 7357    3442  3439  3446  3440
 7358    3811  3808  1732  3812
 7359    3695  2683  3681  3683
 7360    2533  2477  3573  2559
 7361    2477  2533  3535  2475
 7362    3573  2477  3535  3485
 7363    3599  2598  3597  3601
 7364    3455  3458  3368  3456
 7365    3503  2445  3443  3445
 7366    3443  2441  3439  3445
 7367    3425  2345  3423  3355
 7368    3426  3423  3355  3425
 7369    7696  7737  7766  7697
 7370    3432  3457  3362  3455
 7371    3325  3321  3327  2321
 7372    3632  3631  3664  3630
 7373    3425  2425  2427  3427
 7374    3430  3427  3425  3429
 7375    3354  3361  3359  3391
 7376    2475  2531  3535  3533
 7377    2475  2533  3535  2531
 7378    3327  2323  3323  3387
 7379    3388  3327  3328  3323
 7380    3351  3388  3323  3387
 7381    3638  2608  3609  3636
 7382    3600  3589  3551  3599
 7383    3679  2679  2681  3681
 7384    3611  3646  3649  3648
 7385    3589  3590  3551  3549
 7386    3600  3590  3551  3589
 7387    3599  3589  3551  2549
 7388     902   899   901   904
 7389    2547  3551  3549  3589
 7390    3450  3438  3448  3465
 7391    3450  3454  3448  3447
 7392    3612  3639  3644  3652
 7393    3552  3551  3598  3600
 7394    3600  3605  3552  3590
 7395    3599  2549  3597  2598
 7396    3551  2549  3597  3599
 7397    3697  2653  2699  3749
 7398    3684  3682  3696  3703
 7399    3798  3796  3799  3784
 7400    1315  1247  1252  1256
 7401    3555  3550  3552  3595
 7402    3835  3842  3801  3837
 7403    3699  3749  3697  2699
 7404    2804  3830  3834  2819
 7405    5546  5549  5548  7368
 7406    3782  3797  3783  3793
 7407    3802  3794  3783  3793
 7408    2645  3677  2679  2647
 7409    1696  1697  1630  1694
 7410    3638  3647  3611  3646
 7411    3759  3726  3757  3729
 7412     191   196   240   193
 7413     447   445  1565   441
 7414    3873  3864  3875  3866
 7415    2598  3634  3597  3601
 7416    3943  3915  3946  3945
 7417    2608  3636  3634  3609
 7418    2608  2631  3634  3636
 7419    3845  3870  3893  3858
 7420    3647  3654  3656  3652
 7421    2602  3634  2608  2631
 7422    3611  2608  3609  3638
 7423    3612  3652  3615  3654
 7424    3599  3602  3601  3597
 7425    3699  3693  3700  3695
 7426    3726  3731  3728  3757
 7427    3649  3647  3612  3654
 7428    3799  3832  3831  3785
 7429    3656  3649  3647  3651
 7430    1861  1798  1862  1800
 7431    3653  3655  3667  3616
 7432    1618   499  1622  1620
 7433    3797  3804  3785  3802
 7434    3797  3802  3785  3783
 7435    1680  1706  1716  1717
 7436    3555  3595  3552  3605
 7437    3682  3679  3684  3681
 7438    3949  3907  3905  3908
 7439    3752  3728  3757  3726
 7440    3799  3797  3785  3784
 7441    3799  3804  3785  3797
 7442    1702  3738  3777  3737
 7443    1455  1457  1453  1483
 7444    1629  1649  1625  1627
 7445    1459  1461  1458  1385
 7446    3427  2425  2427  2429
 7447    3847  3820  3827  3821
 7448    3651  3648  3646  3650
 7449    3798  3831  3830  3784
 7450    3888  3907  3886  3892
 7451    3691  3682  3684  3703
 7452    3602  3597  3598  3635
 7453    3635  3597  3634  3601
 7454    3601  3610  3609  3635
 7455    3609  3601  3635  3634
 7456    3652  3654  3612  3647
 7457    1627  1571  1624  1626
 7458    1560  1566  1559  1562
 7459    3475   205  3525  1327
 7460    1619  1621  1563  1618
 7461    3758  3729  3760  3757
 7462    3612  3652  3644  3615
 7463    3687  3690  3692  3688
 7464    3635  3610  3637  3642
 7465    3688  3713  3715  3711
 7466    3607  3605  3598  3600
 7467    3484  3483  3536  3534
 7468    3705  3707  3708  3756
 7469    3761  3766  3763  3767
 7470    3844  3857  3842  3837
 7471    1625  1574  1572  1645
 7472    3704  3689  3690  3692
 7473    3702  3721  3706  3723
 7474    3687  3678  3680  3689
 7475    1464  1386  1459  1380
 7476    3755  3705  3756  3707
 7477    3653  3652  3655  3615
 7478    3602  3640  3635  3598
 7479    3615  3613  3645  3644
 7480    1466  1386  1459  1464
 7481    7590  7591  7594  7592
 7482    1386  1461  1459  1385
 7483    1544  1549  1547  1569
 7484    1561  1562  1559  1566
 7485    1694  1695  1682  1717
 7486    3536  3539  3486  3484
 7487    3753  3751  3754  3725
 7488    3756  3760  3766  3730
 7489    3690  3717  3702  3719
 7490    3781  3788  3786  3794
 7491    3608  3605  3606  3603
 7492    3657  3709  3669  3655
 7493    1633  1630  1632  1697
 7494    3839  3857  3837  3856
 7495    3539  3489  3540  3578
 7496    3783  3802  3788  3794
 7497    3815  3779  3775  3787
 7498    3786  3794  3788  3795
 7499    1695  1694  1682  1692
 7500    3757  3729  3760  3759
 7501    3752  3725  3754  3751
 7502    3830  3834  3835  3798
 7503    3750  3726  3755  3672
 7504    3657  3652  3655  3653
 7505    3835  3800  3837  3801
 7506    3835  3801  3840  3799
 7507    3605  3595  3552  3590
 7508    3607  3600  3598  3602
 7509    3673  3705  3756  3755
 7510    3142  3165  3177  3144
 7511    3363  3416  3366  3364
 7512    3539  3484  3536  3534
 7513    3391  3359  3354  3352
 7514    3486  3483  3485  3536
 7515    3336  3331  3332  3392
 7516    3323  3352  3324  3388
 7517    3764  3730  3766  3758
 7518    3484  3534  3539  3537
 7519    3487  3484  3539  3537
 7520    3483  3533  3536  3534
 7521    3535  3533  3536  3483
 7522    3505  3451  3507  3444
 7523    3434  3431  3433  3436
 7524     635   689   638   636
 7525    2322  2313  2315  2326
 7526    3445  3503  3504  3443
 7527    3539  3489  3578  3577
 7528    3514  3580  3583  3578
 7529    3344  3348  3347  3349
 7530    3352  3351  3354  3388
 7531    3387  3355  3424  3423
 7532    3324  3357  3331  3391
 7533    3642  3610  3644  3613
 7534    3536  3539  3577  3486
 7535    3394  1226  1227  3374
 7536    3459  3463  3461  3460
 7537    3415  3416  3364  3350
 7538    1441  1493  1435  1491
 7539    3486  3536  3574  3577
 7540    3434  3436  3461  3459
 7541    3392  3361  3432  3391
 7542    3391  3324  3352  3388
 7543    3485  3535  3574  3536
 7544    3331  3324  3391  3335
 7545    3401  3472  3471  3502
 7546    4474  4469  6380  4471
 7547    3577  3510  3574  3486
 7548    3392  3362  3432  3361
 7549    3455  3456  3457  3458
 7550    3513  3580  3578  3577
 7551    3539  3489  3577  3486
 7552    3353  3388  3354  3351
 7553    3499  3582  3581  3521
 7554    3718  3723  3724  3717
 7555    3517  3468  3518  3519
 7556    3581  3521  3583  3514
 7557    3387  3388  3424  3355
 7558    3505  3444  3507  3502
 7559    3507  3451  3508  3453
 7560    1982  4003  1974  1983
 7561    3444  3507  3446  3453
 7562    6321  6326  6404  6323
 7563    3504  3444  3446  3443
 7564    3426  3424  3356  3355
 7565     846   939   924   945
 7566    3452  3403  3451  3506
 7567    3427  3430  3425  3428
 7568    3424  3388  3356  3355
 7569    3486  3485  3574  3536
 7570    3725  3749  3754  3753
 7571    3610  3609  3637  3639
 7572    3514  3578  3583  3581
 7573    3684  3682  3680  3679
 7574    3505  3451  3508  3507
 7575    3443  3503  3504  3501
 7576    3502  3472  3505  3402
 7577    3052  3059  3057   914
 7578    3401  3444  3402  3502
 7579    3501  3401  3502  3443
 7580    3485  3510  3486  3574
 7581    3486  3513  3489  3577
 7582    3402  3444  3505  3502
 7583    3402  3451  3403  3505
 7584    3439  3445  3446  3443
 7585    3691  3682  3703  3689
 7586    3444  3504  3446  3507
 7587    3449  3430  3442  3440
 7588    2678  2641  2680  2671
 7589    3430  3429  3442  3440
 7590    3708  3702  3704  3701
 7591    3507  3451  3453  3444
 7592    3353  3356  3354  3388
 7593    3368  3366  3367  3456
 7594    3444  3439  3440  3446
 7595    3447  3440  3449  3453
 7596    3447  3430  3449  3440
 7597    3424  3435  3428  3426
 7598    3426  3423  3425  3428
 7599    3433  3435  3426  3437
 7600    3354  3388  3356  3391
 7601    3391  3431  3356  3361
 7602    3391  3388  3356  3431
 7603    3687  3690  3688  3685
 7604    3441  3439  3446  3442
 7605    3441  3445  3446  3439
 7606    3725  3726  3754  3750
 7607    3510  3515  3513  3579
 7608    3656  3654  3657  3652
 7609    3635  3610  3642  3640
 7610    3680  3677  3650  3679
 7611    3574  3510  3576  3509
 7612    3509  3573  3576  3574
 7613    3509  3575  3576  3573
 7614    3509  3512  3510  3576
 7615    3511  3575  3576  3509
 7616    3635  3634  3637  3609
 7617    6539  6542  6540  6544
 7618    3678  3689  3682  3680
 7619     327   254   255   331
 7620    3750  3672  3755  3698
 7621    3473  3403  3506  3505
 7622    3719  3723  3720  3717
 7623    3631  3632  3664  3633
 7624    3705  3694  3701  3707
 7625    3703  3694  3707  3701
 7626    3697  3693  3700  3699
 7627    3683  3681  3696  3684
 7628    3729  3672  3673  3755
 7629    3694  3693  3696  3700
 7630     793   796   794   803
 7631    1646  1650  1644  1645
 7632    3700  3693  3696  3695
 7633    6986  6944  7004  6985
 7634    5161  5164  5162  5237
 7635    3835  3842  3840  3801
 7636    3653  3669  3667  3655
 7637    3687  3656  3651  3685
 7638    5657  5678  5692  5675
 7639    3651  3648  3650  3678
 7640    3798  3834  3835  3800
 7641    2005  2018  2038  2013
 7642    3657  3654  3655  3652
 7643    3684  3681  3696  3682
 7644    3698  3707  3755  3700
 7645    3844  3857  3837  3839
 7646    5730  5696  5697  5738
 7647    3680  3677  3679  3682
 7648    3691  3689  3680  3682
 7649    3687  3689  3680  3691
 7650    3707  3701  3708  3703
 7651    3752  3726  3757  3759
 7652    4016  4019  4031  4018
 7653    3671  3749  3750  3725
 7654    3671  3726  3725  3750
 7655    3697  3699  3750  3749
 7656    3700  3699  3750  3697
 7657    3767  3766  3765  3761
 7658    3860  3852  3894  3859
 7659    3697  3698  3750  3700
 7660    3671  3698  3672  3750
 7661    3697  3749  3750  3671
 7662    3698  3705  3755  3707
 7663    3728  3725  3726  3752
 7664    3725  3751  3752  3727
 7665    3698  3700  3755  3750
 7666    3657  3653  3655  3669
 7667    3752  3726  3759  3754
 7668    3754  3726  3759  3750
 7669    3806  3804  3841  3840
 7670    3950  3949  3906  3908
 7671    3613  3640  3641  3643
 7672    3840  3843  3841  3806
 7673    3952  3936  3934  3949
 7674    3556  3553  3555  3596
 7675    1625  1649  1647  1627
 7676    3729  3673  3756  3755
 7677    3717  3723  3724  3721
 7678    3729  3755  3756  3760
 7679    3938  3937  3946  3915
 7680    3706  3723  3721  3762
 7681    3691  3689  3692  3687
 7682    3350  3346  3349  3348
 7683    3434  3438  3436  3433
 7684    3705  3701  3708  3707
 7685    3892  3949  3890  3936
 7686    3449  3454  3450  3447
 7687    3490  3578  3540  3489
 7688    3644  3652  3653  3615
 7689    3614  3607  3608  3641
 7690    3643  3614  3641  3613
 7691    1704  1705  1707  1684
 7692    3643  3613  3645  3614
 7693    3708  3701  3704  3703
 7694    3692  3691  3704  3689
 7695    3703  3689  3704  3691
 7696    3701  3689  3704  3703
 7697    3514  3580  3578  3513
 7698    1731  1726  1740  1741
 7699    3453  3451  3508  3454
 7700    3474  3403  3404  3506
 7701    3433  3437  3438  3435
 7702    3357  3359  3392  3391
 7703    1685  1655  1705  1656
 7704    3391  3331  3392  3357
 7705    3467  3468  3470  3464
 7706    3434  3438  3461  3436
 7707    3449  3447  3450  3437
 7708    2588  3589  2547  3587
 7709    3403  3451  3506  3505
 7710    3460  3465  3466  3464
 7711    3564  3563  3497  3499
 7712    5647  5666  5651  5649
 7713    3517  3492  3518  3422
 7714    3539  3537  3540  3487
 7715    3431  3434  3361  3432
 7716    3489  3514  3490  3578
 7717    3577  3489  3578  3513
 7718    3606  3555  3596  3556
 7719    4242  4235  4244  4240
 7720    1404  1406  1480  1403
 7721    3357  3360  3358  3392
 7722    3508  3451  3452  3454
 7723    3506  3451  3452  3508
 7724    3461  3459  3457  3434
 7725    3519  3468  3518  3520
 7726    3500  3497  3499  3564
 7727    3421  3468  3517  3467
 7728    3431  3391  3432  3361
 7729    4690  4675  4671  4682
 7730    3653  3615  3616  3645
 7731    3335  3329  3336  3331
 7732    3560  3557  3493  3559
 7733     377   299   300   379
 7734    3350  3345  3363  3415
 7735    3364  3415  3363  3416
 7736    3390  3320  3380  3413
 7737    3392  3360  3415  3362
 7738    3336  3333  3334  3329
 7739    3708  3723  3706  3762
 7740    3488  3563  3538  3540
 7741    3345  3346  3344  3349
 7742    3624  3628  3626  3604
 7743    3662  3660  3664  3661
 7744    3701  3706  3705  3708
 7745    3756  3705  3706  3708
 7746    3539  3487  3540  3489
 7747    3591  3547  3594  3593
 7748    3953  3956  3957  3951
 7749    3833  3804  3841  3805
 7750    1368  1324  1395  1397
 7751    3459  3462  3457  3458
 7752    3655  3615  3616  3653
 7753    3758  3729  3730  3760
 7754    3716  3714  3712  3711
 7755    3762  3756  3706  3708
 7756    3674  3756  3706  3762
 7757    3706  3673  3705  3756
 7758    3913  3933  3938  3937
 7759    3688  3713  3711  3686
 7760    4210  4171  4214  4208
 7761    2125  2132  2128  2164
 7762    1647  1650  1644  1648
 7763    3686  3654  3655  3657
 7764    3656  3686  3657  3654
 7765    3491  3404  3421  3517
 7766    3760  3729  3730  3756
 7767    3674  3762  3730  3756
 7768    3732  3729  3730  3758
 7769    3790  3804  3805  3802
 7770    3741  3762  3766  3730
 7771    3804  3833  3832  3790
 7772    3805  3846  3833  3791
 7773    1984  4006  1967  4002
 7774    3858  3845  3859  3893
 7775    3938  3933  3934  3936
 7776    3859  3850  3828  3852
 7777    3745  3808  3748  3746
 7778    3721  3674  3706  3762
 7779    3875  3886  3888  3876
 7780    3607  3605  3608  3603
 7781    1736  1726  1724  1725
 7782    3607  3641  3640  3603
 7783    3608  3658  3614  3641
 7784    3713  3715  3719  3690
 7785    1730  1732  1651  1729
 7786    3766  3764  3761  3741
 7787    3481  3537  3538  3531
 7788    3604  3658  3624  3628
 7789    3658  3641  3660  3614
 7790    1653  1729  1651  1732
 7791    3847  3846  3848  3826
 7792    3764  3741  3766  3730
 7793    1616  1627  1626  1571
 7794    3744  3743  3761  3764
 7795    3456  3458  3460  3459
 7796    3570  3571  3623  3569
 7797    3778  3776  3779  3739
 7798    3658  3614  3660  3630
 7799    3368  3456  3367  3455
 7800    3665  3667  3664  3632
 7801    3523  3514  3516  3583
 7802    4237  4235  4205  4244
 7803    3711  3709  3712  3669
 7804    4228  3200  4196  4192
 7805    3670  3669  3712  3710
 7806    3827  3847  3848  3826
 7807    3947  3905  3906  3950
 7808    3719  3718  3720  3714
 7809    3670  3668  3664  3667
 7810    3847  3846  3826  3827
 7811    3827  3847  3849  3848
 7812    1737  1740  1736  1726
 7813    1700  1703  1702  1634
 7814    3827  3846  3826  3820
 7815    3746  3808  1729  3745
 7816    2440  2445  2444  2447
 7817    3628  3658  3625  3659
 7818    3747  3808  3810  3748
 7819    3999  3996  3998  4009
 7820    3833  3841  3848  3805
 7821    3814  3810  3819  3809
 7822    3846  3820  3827  3847
 7823    3815  3817  3819  3822
 7824    3923  3921  3924  3951
 7825    3730  3762  3766  3756
 7826    1631  1700  1695  1702
 7827    3810  3747  3809  3808
 7828    3813  3808  3814  3810
 7829    3812  3808  3814  3811
 7830    3606  3556  3596  3626
 7831    3805  3802  3803  3790
 7832    3330  3413  3316  3390
 7833    3813  3779  3777  3740
 7834    3491  3422  3517  3421
 7835    3596  3556  3554  3621
 7836     383  1511  1513  1501
 7837    3519  3506  3517  3452
 7838    3358  3360  3415  3392
 7839    3608  3658  3641  3604
 7840    1960   840  1958  3974
 7841    3711  3714  3712  3710
 7842    3519  3467  3517  3468
 7843    3629  3658  3628  3659
 7844    3658  3629  3628  3630
 7845    1583  1585  1575  1586
 7846    3459  3456  3457  3455
 7847    1271  1260  1261  1272
 7848    3621  3569  3554  3619
 7849    3554  3571  3569  3621
 7850    1321  1365  1367  1368
 7851    3628  3658  3624  3625
 7852    3514  3578  3581  3490
 7853    3519  3452  3517  3467
 7854    1485  1406  1480  1486
 7855    3460  3462  3466  3465
 7856    3422  3491  3517  3492
 7857    3499  3563  3581  3582
 7858    3561  3497  3562  3564
 7859    3415  3336  3349  3332
 7860    3459  3458  3457  3456
 7861    3422  3468  3518  3421
 7862    1324  1397  1343  1395
 7863    3626  3621  3623  3571
 7864    3345  3349  3344  3343
 7865    3345  3346  3349  3350
 7866    3363  3358  3365  3415
 7867    3468  3519  3470  3520
 7868    3499  3564  3582  3500
 7869    1397  1398  1343  1395
 7870    3459  3458  3460  3462
 7871    3717  3722  3724  3718
 7872    3711  3715  3716  3714
 7873    3480  3479  3532  3530
 7874    3350  3345  3415  3349
 7875    3390  3329  3334  3333
 7876    1489  1403  1480  1485
 7877    3463  3465  3460  3464
 7878    3584  3521  3583  3581
 7879    3554  3619  3548  3594
 7880    3717  3723  3720  3718
 7881    3456  3416  3365  3415
 7882    3316  3341  3320  3413
 7883     200  2463   201  2519
 7884    3640  3598  3607  3603
 7885    3392  3362  3455  3432
 7886    1405  1406  1485  1488
 7887    4998  6883  6897  6882
 7888    3364  3345  3363  3350
 7889    3350  3415  3363  3364
 7890    3411  1258  3409  3410
 7891    3645  3653  3665  3616
 7892    3630  3629  3661  3659
 7893    3350  3346  3364  3345
 7894    2398  2461  2491  2399
 7895    3490  3540  3581  3563
 7896    3490  3578  3581  3540
 7897    3499  3490  3581  3563
 7898    3632  3667  3664  3668
 7899    3452  3454  3519  3508
 7900    3724  3718  3720  3723
 7901    3365  3415  3366  3363
 7902    3363  3415  3366  3416
 7903    3316  3341  3413  3337
 7904    3508  3506  3519  3452
 7905    3368  3455  3367  3458
 7906    3365  3456  3366  3416
 7907    3522  3499  3521  3582
 7908    2541  3549  3543  3587
 7909    3404  3467  3421  3517
 7910    3506  3404  3517  3452
 7911    3490  3521  3499  3581
 7912    3365  3415  3367  3456
 7913    3457  3455  3367  3362
 7914    3457  3458  3367  3455
 7915    3630  3659  3660  3658
 7916    3469  3519  3470  3467
 7917    3721  3722  3724  3717
 7918    3469  3464  3470  3466
 7919    3464  3465  3466  3463
 7920    3519  3452  3469  3454
 7921    3467  3452  3469  3519
 7922    3466  3465  3469  3463
 7923    3450  3454  3469  3448
 7924    3448  3465  3469  3450
 7925    3448  3454  3469  3452
 7926    3463  3465  3469  3448
 7927    3448  3467  3452  3469
 7928    3463  3464  3469  3466
 7929    3463  3467  3469  3464
 7930    3455  3456  3367  3415
 7931    3704  3723  3719  3702
 7932    3704  3702  3719  3690
 7933    3713  3717  3719  3718
 7934    3714  3713  3711  3715
 7935    3663  3666  3664  3662
 7936    3521  3582  3584  3522
 7937    3524  3521  3523  3584
 7938    3721  3723  3724  3762
 7939    3582  3521  3584  3581
 7940    3662  3665  3664  3632
 7941    3669  3709  3712  3710
 7942    3710  3713  3711  3714
 7943    3657  3688  3711  3686
 7944    3873  3871  3874  3876
 7945    3710  3668  3670  3709
 7946    3710  3709  3670  3669
 7947    3666  3665  3664  3662
 7948    3667  3709  3670  3668
 7949    3667  3669  3670  3709
 7950    3660  3630  3664  3661
 7951    3630  3659  3661  3660
 7952    3719  3713  3716  3715
 7953    3714  3713  3716  3719
 7954    3714  3715  3716  3713
 7955    3633  3632  3664  3668
 7956    3719  3714  3720  3716
 7957    3717  3718  3720  3719
 7958    3744  3741  3761  3743
 7959    3643  3614  3660  3641
 7960    3662  3630  3664  3660
 7961    3660  3614  3662  3630
 7962    3742  3741  3761  3744
 7963    3665  3632  3662  3616
 7964    3665  3616  3662  3645
 7965    3872  3899  3874  3876
 7966    3616  3614  3662  3645
 7967    3632  3614  3630  3662
 7968    3665  3669  3664  3667
 7969    3670  3669  3664  3665
 7970    3670  3667  3664  3669
 7971    3846  3805  3848  3826
 7972    3743  3730  3741  3764
 7973    3730  3758  3764  3732
 7974    3761  3766  3765  3764
 7975    3766  3741  3761  3762
 7976    3676  3675  3761  3742
 7977    3741  3675  3761  3762
 7978    3742  3675  3761  3741
 7979    3724  3721  3761  3722
 7980    3762  3721  3761  3724
 7981    3722  3675  3761  3676
 7982    3721  3762  3761  3675
 7983    3675  3722  3761  3721
 7984    3761  3724  3763  3762
 7985    4029  4042  4040  4046
 7986    4043  4047  4041  4040
 7987    3901  3897  3898  3899
 7988    3900  3897  3895  3899
 7989    3905  3950  3947  3949
 7990    4028  4033  4032  4035
 7991    4034  4131  4035  4032
 7992    2006  2019  2007  2039
 7993    3919  3915  3944  3943
 7994    3888  3903  3886  3907
 7995    1946  3981  1947  1965
 7996    3853  3850  3852  3854
 7997    1945  1982  1963  1965
 7998    1424  1421  1422  1426
 7999    3951  3956  3955  3954
 8000    3854  3896  3852  3853
 8001    4033  4035  4029  4046
 8002    4323  4236  4237  4239
 8003    4034  4028  4035  4030
 8004    3937  3933  3938  3935
 8005    3850  3848  3828  3852
 8006    1865  1869  1860  1867
 8007    3952  3951  3947  3921
 8008    3872  3897  3895  3870
 8009    4322  4320  4323  4236
 8010    6403  6416  6409  6405
 8011    7597  7599  7575  7592
 8012    4094  4090  4147  4146
 8013    4148  4150  4149  4151
 8014    4205  4330  4325  4321
 8015    4047  4042  4040  4043
 8016    3905  3949  3906  3950
 8017    3898  3899  3902  3901
 8018    4152  4155  4149  4153
 8019    4102  4156  4063  4158
 8020    3965  3998  3996  4008
 8021    4032  4028  4035  4034
 8022    3964  3965  3981  3983
 8023    3887  3885  3888  3875
 8024    5780  5777  5779  5788
 8025    4036  4039  4037  4043
 8026    4145  4135  4133  4158
 8027    3848  3841  3807  3805
 8028    3844  3845  3870  3872
 8029    7368  5549  7379  5547
 8030    5372  7063  7099  7062
 8031    3850  3849  3852  3851
 8032    3875  3873  3876  3871
 8033    3952  3949  3947  3951
 8034    2055  2053  2059  2056
 8035    3850  3848  3852  3849
 8036    1794  1797  1795  1801
 8037    4158  4153  4152  4102
 8038    3905  3908  3906  3949
 8039    3914  3947  3921  3952
 8040    3852  3829  3828  3859
 8041    3934  3936  3890  3949
 8042    3845  3842  3858  3843
 8043    3844  3845  3858  3870
 8044    3956  3952  3951  3953
 8045    3852  3896  3894  3893
 8046    3953  3952  3951  3950
 8047    3900  3899  3898  3897
 8048    3952  3949  3951  3950
 8049    1806  1808  1868  1867
 8050    1860  1883  1877  1874
 8051    3876  3903  3886  3888
 8052    1818  1803  1809  1807
 8053     853   846   848   941
 8054    3859  3852  3894  3893
 8055    4242  4235  4237  4244
 8056    4029  3993  4040  3973
 8057    3889  3934  3933  3936
 8058    3888  3887  3892  3885
 8059    4134  4128  4135  4130
 8060    3885  3890  3889  3892
 8061    4019  4017  4031  4042
 8062    3806  3858  3857  3842
 8063    3886  3907  3890  3892
 8064    3852  3896  3893  3853
 8065    4030  4028  4031  4016
 8066    4016  4019  4017  4031
 8067    3998  4011  3999  4009
 8068    4145  4132  4133  4135
 8069    3902  3908  3906  3907
 8070    3845  3895  3870  3872
 8071    4030  4016  4031  4018
 8072    1943  3980  1964  1959
 8073    4132  4128  4135  4134
 8074    4062  4144  4145  4142
 8075    7188  7193  7190  7191
 8076    4156  4160  4103  4102
 8077    4117  4118  4116  4113
 8078    4135  4134  4145  4132
 8079    4144  4132  4145  4134
 8080    4062  4132  4145  4144
 8081    4212  4177  4220  4224
 8082    4237  4204  4234  4236
 8083    4236  4320  4321  4204
 8084    7167  7190  7163  7161
 8085    4029  4017  4040  4042
 8086    4323  4236  4321  4237
 8087    7342  7349  7351  7338
 8088    4236  4204  4321  4237
 8089    4237  4328  4321  4323
 8090    4156  4157  4103  4160
 8091    4246  4243  4242  4244
 8092    4203  4201  4224  4226
 8093    4240  4241  4223  4244
 8094    4043  4042  4040  4036
 8095    4226  4223  4227  4244
 8096    4204  4235  4234  4200
 8097    4148  4155  4149  4152
 8098    4274  4330  4325  4205
 8099    7191  7194  7195  7193
 8100    7246  7205  7213  7223
 8101    4035  4131  4033  4032
 8102    4118  4160  4091  4114
 8103    4145  4158  4133  4063
 8104    2707  2720  2718  2769
 8105    4133  4062  4132  4145
 8106    4244  4327  4330  4326
 8107    4284  4255  4290  4283
 8108    4244  4245  4242  4246
 8109    4244  4327  4331  4330
 8110    4114  4089  4091  4118
 8111    4091  4118  4095  4160
 8112    6415  7158  6417  6411
 8113    4246  4328  4244  4245
 8114    4244  4243  4242  4241
 8115    4235  4204  4237  4205
 8116    4202  4176  4203  4198
 8117    4150  4131  4129  4033
 8118    4212  4225  4218  4224
 8119    4244  4328  4242  4245
 8120    4326  4328  4242  4244
 8121    4326  4237  4242  4328
 8122    4245  4328  4242  4237
 8123    4216  4211  4215  4217
 8124    4118  4112  4113  4114
 8125    3973  4017  4040  4029
 8126    4160  4157  4103  4161
 8127    4102  4157  4103  4156
 8128    4113  4119  4117  4118
 8129    4143  4145  4063  4158
 8130    4135  4131  4129  4154
 8131    4156  4158  4102  4157
 8132    4209  4210  4215  4208
 8133    4326  4244  4226  4330
 8134      98  2365    99  2371
 8135    4093  4088  4089  4095
 8136    4102  4160  4063  4156
 8137    4091  4118  4089  4095
 8138    3853  3896  3893  3895
 8139    4147  4094  4095  4090
 8140    4255  4267  4272  4271
 8141    4114  4063  4102  4160
 8142    4160  4147  4091  4063
 8143    4089  4078  4093  4079
 8144    4147  4062  4063  4143
 8145     968  2144  1010  2146
 8146    4092  4088  4095  4094
 8147    4062  4145  4063  4143
 8148    4118  4160  4114  4119
 8149    3972  4016  4029  4028
 8150    4274  4267  4272  4268
 8151    4143  4158  4063  4156
 8152    4147  4143  4063  4160
 8153    4300  4268  4270  4304
 8154    2241  4282  2242  4286
 8155    4283  4255  4290  4289
 8156    4161  4115  4114  4119
 8157    4161  4160  4114  4115
 8158    4119  4160  4114  4161
 8159    3970  3992  3993  3990
 8160    4270  4268  4274  4304
 8161    7196  7150  7268  7197
 8162    4299  4305  4298  4300
 8163    4035  4028  4029  4031
 8164    4035  4046  4033  4150
 8165    4330  4244  4227  4331
 8166    4226  4244  4227  4330
 8167    4146  4090  4147  4062
 8168    5194  5203  5205  5195
 8169    4273  4204  4325  4324
 8170    4226  4222  4224  4227
 8171    4284  4256  4290  4255
 8172    4305  4301  4227  4226
 8173    4330  4331  4227  4226
 8174    4226  4331  4227  4305
 8175    4204  4320  4325  4324
 8176    4289  4255  4290  4271
 8177    4321  4320  4325  4204
 8178    4223  4240  4226  4222
 8179    4223  4244  4226  4240
 8180    4205  4240  4235  4201
 8181    4301  4300  4226  4305
 8182    4305  4330  4226  4331
 8183    4305  4300  4226  4304
 8184    4305  4304  4226  4330
 8185    4040  4036  4000  4041
 8186    4031  4046  4029  4035
 8187    1577  1548  1550  1585
 8188    4240  4205  4244  4226
 8189    4272  4255  4290  4256
 8190    4143  4156  4063  4160
 8191    4304  4305  4298  4299
 8192    4224  4222  4220  4225
 8193    4267  4270  4268  4274
 8194    4273  4267  4274  4269
 8195    4270  4204  4205  4274
 8196    4273  4269  4274  4204
 8197    4205  4240  4244  4235
 8198    7121  5446  7123  5447
 8199    4272  4271  4290  4255
 8200    4304  4330  4205  4226
 8201    4274  4330  4205  4304
 8202    4304  4270  4205  4274
 8203    4326  4244  4205  4226
 8204    4326  4321  4205  4244
 8205    4204  4202  4205  4200
 8206    4143  4142  4147  4062
 8207    4146  4062  4147  4142
 8208    4008  4011  3998  4009
 8209    4033  4148  4129  4150
 8210    4031  4028  4029  4016
 8211    6662  6659  6661  6666
 8212    3993  4010  3971  3991
 8213    3954  3951  3926  3955
 8214    4133  4154  4152  4158
 8215    4072  4077  4076  4058
 8216    3897  3870  3893  3895
 8217    4031  4016  4029  4017
 8218    4088  4090  4095  4094
 8219    4302  4272  4312  4256
 8220    4091  4160  4095  4147
 8221    3972  4028  4029  3992
 8222    4042  4046  4029  4031
 8223    5516  4557  5514  7311
 8224    4151  4154  4148  4150
 8225    3972  4017  3973  4029
 8226    3893  3896  3894  3895
 8227    4135  4154  4133  4158
 8228    4133  4128  4129  4135
 8229    4035  4150  4033  4131
 8230    4129  4150  4148  4154
 8231    4017  4042  4029  4031
 8232    3972  3992  4029  3993
 8233    4040  4047  4045  4046
 8234    3938  3936  3934  3952
 8235    4036  4042  4040  4017
 8236    4135  4154  4129  4133
 8237    4010  4011  3998  4008
 8238    4128  4131  4129  4135
 8239    4152  4129  4148  4154
 8240    3991  3964  3983  3965
 8241    3853  3850  3859  3852
 8242    3913  3934  3914  3938
 8243    1946  3980  1964  1943
 8244    3807  3804  3805  3841
 8245    3903  3907  3901  3886
 8246    2006  2043  2039  2007
 8247    1865  1866  1870  1868
 8248    3844  3842  3858  3845
 8249    3844  3857  3858  3842
 8250    3893  3853  3859  3852
 8251    3893  3845  3859  3853
 8252    3944  3956  3916  3954
 8253    3916  3954  3920  3944
 8254    3901  3874  3897  3899
 8255    3934  3949  3947  3952
 8256    2006  2018  2039  2038
 8257    3907  3905  3906  3901
 8258    3947  3890  3905  3949
 8259    1814  1803  1805  1818
 8260    4100  4104  2041  4059
 8261    1907  1897  1898  1906
 8262    3944  3915  3916  3946
 8263    3916  3913  3914  3938
 8264    3944  3946  3916  3956
 8265    3938  3952  3916  3956
 8266    3914  3952  3916  3938
 8267    3946  3915  3916  3938
 8268    3946  3938  3916  3956
 8269    1957  1941  1964  1959
 8270    4129  4032  4033  4131
 8271    3890  3907  3905  3949
 8272    3907  3908  3906  3905
 8273    3850  3807  3843  3859
 8274    3853  3895  3893  3845
 8275    3876  3901  3899  3874
 8276    3845  3843  3859  3853
 8277    3858  3843  3859  3845
 8278    3853  3843  3859  3850
 8279    3807  3850  3848  3828
 8280    3907  3904  3902  3908
 8281    3895  3897  3894  3893
 8282    1816  1807  1818  1895
 8283    1895  1866  1898  1893
 8284    4009  3996  4004  4005
 8285    4004  4008  3983  3965
 8286    3859  3829  3860  3852
 8287    1807  1806  1809  1868
 8288    3852  3848  3828  3849
 8289    3898  3897  3894  3896
 8290    4005  4002  4003  3996
 8291    3848  3827  3828  3849
 8292    3849  3827  3828  3829
 8293    3849  3829  3828  3852
 8294    3947  3950  3948  3951
 8295    3922  3921  3948  3951
 8296    3947  3951  3948  3921
 8297    3901  3904  3902  3907
 8298    1973  1972  1983  1981
 8299    3895  3900  3898  3897
 8300    3896  3900  3898  3895
 8301    3895  3897  3898  3896
 8302    3898  3900  3902  3899
 8303    3904  3899  3902  3900
 8304    3901  3899  3902  3903
 8305    3904  3903  3902  3899
 8306    3901  3903  3902  3904
 8307    1945  1980  1963  1982
 8308    1867  1865  1868  1806
 8309    4158  4154  4152  4159
 8310    4063  4152  4102  4158
 8311     433   416   417   435
 8312    4149  4044  4045  4047
 8313    4033  4046  4044  4150
 8314    3996  3965  4004  4002
 8315    3624  3604  3626  3556
 8316    3971  4000  3998  4010
 8317    3973  3970  3972  3993
 8318    4159  4154  4152  4155
 8319    4046  4044  4045  4040
 8320    4041  4047  4045  4040
 8321    4000  4041  4011  4010
 8322    4154  4151  4149  4155
 8323    4036  3973  4017  4040
 8324    4046  4042  4040  4047
 8325    4283  4253  4284  4255
 8326    3996  4002  4004  4005
 8327    3916  3956  3923  3954
 8328    4036  4043  4041  4040
 8329    4036  4037  4041  4043
 8330    4000  4001  4011  4041
 8331    4151  4150  4149  4047
 8332    4044  4047  4149  4046
 8333    4150  4046  4149  4047
 8334    4044  4046  4149  4150
 8335    4000  4037  4001  4041
 8336    1866  1898  1870  1868
 8337    4000  4040  4010  3973
 8338    3993  3973  4010  4040
 8339    4009  4008  3996  3998
 8340    1982  4002  1974  4003
 8341    4104  4100  4105  4101
 8342    4218  4213  4219  4212
 8343    3964  3990  3991  3982
 8344    3951  3954  3923  3956
 8345    1865  1877  1884  1878
 8346    3916  3952  3923  3956
 8347    3921  3951  3923  3952
 8348    3956  3952  3923  3951
 8349    3925  3951  3926  3954
 8350    3925  3923  3926  3951
 8351    1906  1870  1886  1884
 8352    3924  3951  3926  3923
 8353    1960  3975  1961  3979
 8354    3983  3980  3981  3964
 8355    3923  3951  3925  3954
 8356    3916  3925  3920  3954
 8357    1985  4006  1984  4002
 8358    4712  4686  4724  4687
 8359    7090  7073  7087  7160
 8360    3991  3970  3971  3993
 8361    2231  2179  2182  2239
 8362    3993  3973  3971  4010
 8363    4008  4010  3971  3998
 8364    3990  3964  3991  3970
 8365    4100  4107  4108  4106
 8366    4077  4058  4075  4074
 8367    7134  7135  7137  7080
 8368    4110  4077  4108  4075
 8369    2259  2251  2261  2246
 8370    3991  3965  3983  4008
 8371    5528  5491  5495  5526
 8372    4075  4074  4079  4077
 8373    4303  4312  4313  4297
 8374    7323  7290  7288  7292
 8375    4095  4092  4093  4088
 8376    4312  4302  4297  4303
 8377    4089  4118  4116  4093
 8378    4089  4112  4116  4118
 8379    2237  4280  2257  4279
 8380    4100  4101  4108  4107
 8381    4284  4256  4312  4290
 8382    7346  7350  7345  7352
 8383    4177  4199  4203  4176
 8384    4075  4077  4059  4058
 8385    4106  4100  4059  4108
 8386    4283  4257  4284  4253
 8387    4281  4257  4284  4283
 8388    4281  4282  4284  4257
 8389    4227  4222  4224  4223
 8390    4202  4188  4203  4176
 8391    4201  4226  4203  4205
 8392    5889  5910  5893  5895
 8393    4205  4202  4203  4200
 8394    4205  4200  4203  4201
 8395    4297  4309  4307  4308
 8396    4214  4211  4215  4216
 8397    4198  4201  4199  4203
 8398    4202  4198  4203  4200
 8399    4212  4225  4219  4218
 8400    4113  4112  4116  4117
 8401    4272  4256  4302  4268
 8402    4272  4268  4302  4304
 8403    7329  7323  7288  7292
 8404    4213  4218  4217  4211
 8405    4212  4213  4219  4221
 8406    4297  4308  4291  4293
 8407    4108  4107  4109  4106
 8408    4216  4210  4214  4211
 8409    4203  4199  4224  4201
 8410    4219  4218  4217  4213
 8411    4227  4223  4224  4225
 8412    4222  4226  4224  4201
 8413    4225  4222  4220  4223
 8414    4104  4101  4108  4100
 8415    4209  4211  4215  4210
 8416    4304  4300  4298  4305
 8417    4302  4268  4298  4304
 8418    4189  4177  4224  4203
 8419    4114  4119  4113  4118
 8420    4222  4199  4201  4224
 8421    4212  4225  4220  4221
 8422    2168  2185  2160  2184
 8423    4216  4211  4217  4218
 8424    4225  4223  4220  4221
 8425    4108  4101  4109  4107
 8426    4113  4118  4116  4112
 8427    4075  4077  4079  4110
 8428    4076  4077  4079  4074
 8429    3996  3997  4003  4005
 8430    2284  2280  2281  2271
 8431    7095  7084  7185  7085
 8432    2200  2199  2201  2203
 8433    7083  7080  7082  7141
 8434    4116  4093  4079  4089
 8435    4208  4210  4215  4214
 8436    4079  4112  4089  4075
 8437    4173  4212  4210  4218
 8438    4177  4189  4218  4173
 8439    4224  4177  4218  4212
 8440    4224  4189  4218  4177
 8441    2171  2169  2185  2188
 8442    4299  4303  4297  4302
 8443    4218  4210  4211  4212
 8444    4218  4212  4211  4213
 8445    4212  4221  4219  4225
 8446    4309  4297  4313  4312
 8447    4312  4297  4308  4309
 8448    4014  3006  3008  4022
 8449    4284  4256  4308  4312
 8450    4297  4302  4293  4299
 8451    4298  4299  4293  4302
 8452    4308  4256  4293  4312
 8453    4308  4312  4293  4297
 8454    4297  4312  4293  4302
 8455    4298  4256  4268  4302
 8456    4312  4256  4293  4302
 8457    2271  2280  2281  2272
 8458    4291  4297  4292  4296
 8459    4294  4297  4292  4291
 8460    4211  4218  4216  4210
 8461    4218  4173  4216  4210
 8462    4171  4208  4169  4214
 8463    1784  1778  1781  1780
 8464    2210  4215  2204  2211
 8465    4059  4077  4073  4058
 8466    4100  4104  4059  4108
 8467    5344  5340  5325  2222
 8468    4110  4113  4111  4117
 8469    4295  4296  4306  4308
 8470    2142  2199  2200  2194
 8471    3994  3997  3995  4003
 8472    4116  4112  4110  4117
 8473    2012   894  2034   898
 8474    2280  2252  2260  2282
 8475    4106  4113  4110  4112
 8476    4117  4112  4110  4113
 8477    4558  4553  4556  6569
 8478    1857  1865  1878  1877
 8479    4106  4113  4111  4110
 8480    4106  4107  4111  4113
 8481    4108  4101  4105  4109
 8482    4110  4106  4109  4111
 8483    4108  4106  4109  4110
 8484    4310  4311  2281  2285
 8485    3963  3996  3994  4002
 8486    2263  2183  2207  2268
 8487    1053  2170  2168  2184
 8488    4186  4184  4187  4172
 8489    2031  2064  2029  2058
 8490    2265  2263  2270  2268
 8491    4306  4307  2281  4310
 8492    4216  4173  4214  4210
 8493    4173  4189  4187  4172
 8494    4206  4214  4169  4208
 8495    4295  4307  4306  4296
 8496    4307  4297  4306  4296
 8497    4210  4171  4173  4214
 8498    4049  4048  2034  2008
 8499    4308  4282  4258  4284
 8500    2327  3387  2387  2323
 8501    4214  4210  4215  4211
 8502    2202  4207  2204  4206
 8503    7318  5532  7317  7322
 8504    4297  4308  4295  4291
 8505    4297  4296  4295  4308
 8506    4291  4296  4295  4297
 8507    5373  5370  5372  5415
 8508    2191  2240  2268  2183
 8509    4214  4216  4185  4173
 8510    5388  5439  5436  5438
 8511    4306  4282  4258  4308
 8512    4306  4308  4258  4295
 8513    4295  4254  4291  4308
 8514    4253  4258  4257  4284
 8515    4186  4189  4188  4172
 8516    2260  2280  2262  2252
 8517    4256  4253  4255  4284
 8518    4293  4254  4256  4308
 8519    5461  5494  5465  5487
 8520    2160  2130  2158  2161
 8521    4286  4285  2241  4281
 8522    2188  2172  2189  2174
 8523    2239  2228  2236  2230
 8524    4257  4282  2241  4281
 8525    4108  4077  4059  4075
 8526    4170  4173  4171  4185
 8527    4184  4170  4185  4172
 8528    4171  4170  4185  4168
 8529    4184  4168  4185  4170
 8530    4185  4172  4187  4184
 8531    3322  3331  3329  3335
 8532    4076  4074  4079  4078
 8533    3994  3997  4003  3996
 8534    1114  2235  2237  1120
 8535    1961  1958  1959  3975
 8536    1744   536  1790   626
 8537    3962  3965  3963  3981
 8538    3964  3980  3981  3962
 8539    3979  3984  2011  4054
 8540    4054  2009  2011  4049
 8541    1942  3975  1959  1958
 8542    1923  1913  1930  1915
 8543    1903  1892  1902  1891
 8544    3813  3811  3814  3808
 8545    3571  3572  3623  3625
 8546    1982  1972  1980  1983
 8547    2015  2046  2062  4096
 8548    2060  2061  2052  2051
 8549    4105  4101  2062  2063
 8550    2015  4096  2062  2041
 8551    3560  3562  3559  3495
 8552    3621  3571  3626  3556
 8553    3817  3787  3789  3822
 8554    3811  3808  3747  3745
 8555    3733   582  3770  1696
 8556    1939  1980  1963  1945
 8557    1731  1730  1740  1726
 8558    3817  3820  3824  3789
 8559    1390  1405  1485  1487
 8560    3813  3808  3809  3747
 8561    3747  3811  3813  3808
 8562    1637  1703  1732  1635
 8563    3625  3624  3623  3571
 8564    3390  3329  3330  3334
 8565    3813  3822  3819  3814
 8566    3810  3808  3809  3813
 8567    3815  3779  3787  3822
 8568    3558  1347  1399  1400
 8569    3822  3795  3787  3789
 8570     103   100   102  2389
 8571    3547  3553  3594  3593
 8572    3571  3624  3626  3556
 8573    3824  3821  3825  3827
 8574    3815  3822  3819  3813
 8575    3823  3822  3819  3825
 8576    3810  3813  3809  3814
 8577    3826  3820  3824  3827
 8578    3827  3820  3824  3821
 8579    1866  1904  1884  1870
 8580    3817  3789  3824  3822
 8581    1816  1819  1896  1818
 8582    3789  3820  3824  3791
 8583    3791  3820  3824  3826
 8584    3608  3603  3606  3604
 8585    3603  3605  3606  3555
 8586    5922  5935  5955  5934
 8587    3606  3595  3596  3555
 8588    3626  3556  3596  3621
 8589    3776  3737  3777  3739
 8590    3625  3629  3626  3628
 8591    3626  3604  3606  3556
 8592    3791  3789  3803  3824
 8593    3779  3739  3777  3740
 8594    3738  3811  3777  3740
 8595    1645  1649  1647  1625
 8596    3603  3555  3606  3604
 8597    3628  3608  3606  3604
 8598    3819  3817  3816  3818
 8599    3790  3788  3803  3791
 8600    3819  3810  3816  3815
 8601    3774  3787  3775  3779
 8602    1818  1895  1896  1816
 8603    3815  3809  3819  3810
 8604    3805  3791  3803  3826
 8605    3814  3822  3819  3823
 8606    3813  3809  3819  3815
 8607    3813  3814  3819  3809
 8608    3821  3817  3819  3818
 8609    3822  3824  3819  3825
 8610    3822  3817  3819  3824
 8611    3824  3821  3819  3825
 8612    3824  3820  3819  3821
 8613    3817  3820  3819  3824
 8614    3817  3821  3819  3820
 8615    3790  3802  3803  3788
 8616    3788  3795  3803  3789
 8617    3791  3788  3803  3789
 8618    3788  3794  3803  3795
 8619    3802  3794  3803  3788
 8620    3605  3595  3606  3555
 8621    3774  3739  3779  3775
 8622    3628  3604  3606  3626
 8623    3556  3604  3606  3555
 8624    3779  3739  3740  3775
 8625    3738  3747  3745  3811
 8626    1688  1683  1700  1718
 8627    1209  1156  1158  1190
 8628    3985  3984  1966  3980
 8629    3120  4124  3124  4126
 8630    3389  3379  3390  3319
 8631    3593  3596  3595  3553
 8632    3808  3745  1732  1729
 8633    1486  1488  1485  1406
 8634    3775  3809  3740  3813
 8635    3747  3813  3740  3809
 8636    3813  3747  3740  3811
 8637    3775  3813  3740  3779
 8638    1478  1479  1481  1483
 8639    1364  1362  1367  1318
 8640    1637  3745  1653  1732
 8641    1548  1583  1568  1585
 8642    1331  1376  1329  1375
 8643    1399  1345  1330  1397
 8644    3531  3481  3532  3538
 8645    3594  3591  3592  3547
 8646    3486  3513  3577  3510
 8647    3545  3547  3592  3591
 8648    4247  4250  4248  4278
 8649    3560  3495  3496  3562
 8650    3488  3499  3497  3563
 8651    3343  3348  3414  3413
 8652    3315  3389  3390  3319
 8653    3341  3337  3342  3413
 8654    1346  1343  1345  1398
 8655    1439  1418  1435  1493
 8656    3343  3344  3338  3414
 8657    5936  5941  5940  5951
 8658    3329  3333  3390  3389
 8659    1348  1345  1347  1400
 8660    3329  3389  3390  3315
 8661    3343  3349  3347  3330
 8662    3344  3343  3347  3348
 8663    3330  3349  3347  3334
 8664    1232  3398  1230  3397
 8665    3315  3330  3316  3390
 8666    3384  3377  3380  3379
 8667    3390  3413  3316  3320
 8668    3378  3377  3380  3384
 8669    3334  3413  3330  3390
 8670    1405  1406  1480  1485
 8671    3330  3345  3343  3349
 8672    3332  3329  3331  3336
 8673    3334  3329  3330  3336
 8674    3336  3349  3330  3334
 8675    3336  3332  3330  3349
 8676    3487  3537  3538  3481
 8677    3394  3397  1227  1225
 8678    3546  1466  3592  1467
 8679    3592  3547  3548  3594
 8680    3592  3594  3548  3619
 8681    3545  3548  3546  3592
 8682    3532  3482  3559  3561
 8683    3531  3479  3532  3481
 8684    3529  3530  3532  3479
 8685    3529  3479  3532  3531
 8686    3390  3379  3380  3319
 8687    3390  3319  3380  3320
 8688    1343  1398  1396  1395
 8689    3463  3438  3465  3448
 8690    5757  5760  5764  5758
 8691    3317  3379  3380  3377
 8692    3319  3379  3380  3317
 8693    3344  3348  3414  3343
 8694    3998  4001  3999  4011
 8695    3561  3495  3562  3497
 8696    3480  3557  1332  3530
 8697    3498  3564  3562  3497
 8698    3339  3408  3340  3407
 8699    3621  3569  3623  3571
 8700    3561  3482  3559  3495
 8701    3480  3530  3559  3557
 8702    3622  3621  3623  3627
 8703    3619  3567  3617  3618
 8704    3482  3538  3561  3532
 8705    3497  3564  3561  3563
 8706    3488  3563  3561  3538
 8707    3497  3563  3561  3488
 8708    3482  3497  3495  3561
 8709    3488  3538  3561  3482
 8710    3343  3316  3330  3413
 8711    3626  3625  3623  3627
 8712    3626  3624  3623  3625
 8713    3620  3621  3623  3622
 8714    3407  3320  3341  3413
 8715    3619  3569  3623  3621
 8716    3621  3620  3623  3619
 8717    3418  3419  1272  3417
 8718    1263  3410  1272  3417
 8719    3623  3569  3568  3570
 8720    3623  3620  3568  3619
 8721    3532  3530  3559  3480
 8722    3558  3560  3493  3494
 8723    1347  3557  3493  3558
 8724    3558  3557  3493  3560
 8725    1233  1230  3398  1231
 8726    3568  3623  3567  3569
 8727    3619  3623  3567  3568
 8728    3619  3569  3567  3623
 8729    3407  3413  3341  3408
 8730    3337  3343  3338  3413
 8731    3414  3413  3338  3343
 8732    3337  3413  3338  3414
 8733    3407  3380  3411  3378
 8734    3384  3378  3411  3380
 8735    1262  1263  1272  3417
 8736    1376  3530  1332  3557
 8737    3380  3320  3407  3413
 8738    3318  3320  3407  3380
 8739    3378  3318  3407  3380
 8740    1483  1489  1480  1484
 8741    3414  3408  3342  3341
 8742    3339  3341  3340  3408
 8743    3568  3619  3618  3567
 8744    3408  3407  3339  3341
 8745    1242  1307  1244  1308
 8746    3414  3413  3342  3337
 8747    3341  3413  3342  3414
 8748    1571  1554  1564  1616
 8749    1727  1635  1651  1730
 8750    1152  1177  1158  1174
 8751    3495  3480  3482  3559
 8752    3559  3557  3493  3480
 8753    3559  3495  3493  3560
 8754    3548  3592  3617  3546
 8755    1498  1426  1423  1424
 8756    3558  1347  1400  1348
 8757    1467  3565  3617  3546
 8758    3617  3567  3566  3618
 8759    3567  3568  3566  3618
 8760    3565  3567  3566  3617
 8761    3617  3618  3566  3565
 8762    3339  3407  3340  3405
 8763    3342  3408  3340  3341
 8764    1316  1257  1253  1339
 8765    3417  3410  1272  3418
 8766    1263  3409  1262  1259
 8767    1467  3565  3546  1392
 8768    3341  3318  3320  3407
 8769    3409  3410  1259  1263
 8770    3410  1258  1259  3411
 8771     154   215   214   217
 8772    3417  3409  1262  1263
 8773    1207  1213  1188  1209
 8774    1274  1340  1338  1273
 8775    1266  1221  1264  1295
 8776    3405  3411  3406  1258
 8777    3412  3411  3406  3405
 8778    3412  1258  3406  3411
 8779    3407  3412  3406  3405
 8780    3407  3408  3406  3412
 8781    3405  3408  3406  3407
 8782    1271  1276  1274  1270
 8783    3410  3411  1259  3412
 8784    3409  1258  1259  3410
 8785    3418  3420  1272  3419
 8786    1225  3399  1247  3396
 8787    3592  3546  1467  3617
 8788    1370  1325  1372  1369
 8789    3886  3875  3888  3885
 8790    1259  3409  1262  1258
 8791    3412  3411  1259  1258
 8792    1262  1272  1261  1260
 8793    1218  1221  1219  1217
 8794    1399  3557  1332  1347
 8795      21  1149  1181    23
 8796    3409  3410  1263  3417
 8797    1262  1231  1233  3417
 8798    1339  1276  1274  1340
 8799    1255  1339  1337  1314
 8800    1275  3419  1272  1276
 8801    3384  3378  1229  3411
 8802    3409  3382  1229  3411
 8803    1345  1324  1330  1397
 8804    1245  1314  1337  1308
 8805    1273  1245  1255  1337
 8806    1399  1330  1332  1376
 8807    3565  1408  1407  1488
 8808    1487  1408  1407  1405
 8809    3566  3565  1488  1408
 8810    3618  3565  1488  3566
 8811     261   258   260   335
 8812    1335  1336  1268  1269
 8813    1648  1647  1639  1644
 8814    1397  1374  1330  1399
 8815    1270  1339  1274  1273
 8816    1488  1408  1487  1405
 8817    3565  3618  1487  3617
 8818    1488  3618  1487  3565
 8819    1316  1339  1255  1314
 8820    1330  1374  1376  1399
 8821    1347  1400  1345  1399
 8822    1273  1339  1274  1340
 8823    1345  1400  1397  1399
 8824    4558  4573  6608  4559
 8825    1397  1345  1398  1400
 8826    1346  1400  1398  1345
 8827    1254  1239  1249  1313
 8828    1362  1361  1287  1317
 8829    1257  3400  1253  3419
 8830    2587  2590  2589  2546
 8831    1204  1201  1193  1203
 8832    1299  1341  1394  1393
 8833    1337  1273  1268  1338
 8834    1272  3419  1260  3417
 8835    1272  3417  1260  1262
 8836    1171  1146  1168  1173
 8837    3419  3417  1231  1260
 8838    1313  1316  1254  1314
 8839    1271  1272  1270  1260
 8840     580   578  1694   509
 8841    1233  3382  1229  3409
 8842    1224  1227  1225  3394
 8843    1305  1237  1283  1242
 8844    1272  1276  1270  1275
 8845    1271  1276  1270  1272
 8846    1260  1272  1270  3419
 8847    1275  3419  1270  1272
 8848    1323  1368  1367  1374
 8849    1241  1284  1240  1243
 8850    1257  1275  1253  1339
 8851    1247  3399  1252  1256
 8852    1200  1240  1198  1205
 8853    1257  3419  1253  1275
 8854    1407  1390  1392  1487
 8855    1265  1267  1221  1266
 8856    1275  3419  1253  1270
 8857    1305  1307  1242  1308
 8858    1247  1251  1315  1312
 8859    3398  3382  1233  3417
 8860    1247  3399  1256  1251
 8861    1339  1275  1253  1270
 8862    1344  1398  1396  1343
 8863    3417  3409  1233  1262
 8864    3417  3382  1233  3409
 8865    3479  1328  3476  3529
 8866    1231  1270  1253  3419
 8867    1401  1483  1382  1489
 8868    1369  1319  1370  1325
 8869    1690  1710  1712  1713
 8870    1323  1374  1367  1373
 8871    1405  1488  1485  1487
 8872    1626  1564  1621  1613
 8873    1448  1446  1450   327
 8874    1624  1564  1619  1626
 8875    1730  1728  1731  1729
 8876    1610   431  1612   489
 8877    3776  3771  1697  3734
 8878    1621  1620  1618  1623
 8879    1634  1698  1700  1701
 8880    1571  1573  1624  1564
 8881    3630  3608  3628  3658
 8882    1118  3257  1121  3281
 8883    1571  1564  1624  1626
 8884     608   635   633   631
 8885    1459  1379  1458  1463
 8886    1463  1379  1458  1462
 8887     501   499  1622   503
 8888    1560  1564  1566  1573
 8889    3713  3688  3715  3690
 8890    3840  3843  3806  3842
 8891    1451  1377  1450  1446
 8892    1633  3737  1636  1702
 8893    1627  1629  1624  1625
 8894    1626  1629  1624  1627
 8895    1566  1619  1563  1565
 8896    1336  1335  1267  1269
 8897    1732  1701  1730  1635
 8898    1397  1374  1368  1324
 8899    1467  1390  1389  1465
 8900    1577  1586  1575  1585
 8901    1642  1647  1639  1648
 8902    1730  1729  1727  1728
 8903    1729  1653  1652  1654
 8904    1651  1729  1652  1728
 8905    1651  1653  1652  1729
 8906    1650  1649  1644  1645
 8907    1647  1649  1644  1650
 8908    1554  1564  1616  1613
 8909    1490  1484  1480  1489
 8910    1651  1729  1727  1730
 8911    1605  1606  1609  1607
 8912    1651  1728  1727  1729
 8913    1641  1640  1608  1605
 8914    1729  1732  1731  1730
 8915    1729  1733  1731  1732
 8916    1720  1725  1724  1726
 8917    1740  1701  1719  1689
 8918    1731  1728  1727  1726
 8919    1730  1728  1727  1731
 8920    1731  1726  1727  1730
 8921    1200  1195  1196  1198
 8922    1409  1447  1449  1446
 8923    1552  1557  1555  1614
 8924    1625  1645  1572  1647
 8925    1702  1703  1636  1634
 8926    1397  1345  1343  1398
 8927    1489  1486  1480  1490
 8928    1646  1645  1587  1589
 8929    1644  1646  1587  1588
 8930    1645  1646  1587  1644
 8931    1644  1647  1587  1645
 8932    1590  1588  1587  1646
 8933    1590  1646  1587  1589
 8934    1589  1590  1583  1587
 8935    1589  1585  1583  1590
 8936    1202  1217  1194  1215
 8937    1605  1640  1608  1579
 8938    1583  1586  1584  1590
 8939    1584  1575  1576  1586
 8940    1583  1588  1587  1590
 8941    1642  1643  1638  1640
 8942    1606  1598  1603  1608
 8943    1587  1588  1639  1644
 8944    1386  1391  1389  1466
 8945    1614  1615  1557  1555
 8946    1529  1444  1443  1530
 8947    1537  1520  1522  1539
 8948    1740  1726  1737  1741
 8949    1572  1567  1568  1574
 8950    1617  1642  1558  1615
 8951    2686  2659  2674  2688
 8952    1411  1421  1472  1473
 8953    1721  1725  1720  1726
 8954    1535  1538  1536  1537
 8955    1422  1476  1427  1431
 8956    1529  1444  1432  1430
 8957    1420  1475  1455  1491
 8958    1604  1603  1540  1605
 8959     536   626  1744   624
 8960    1640  1581  1638  1642
 8961    1737  1725  1736  1735
 8962    1727  1689  1699  1730
 8963    1726  1730  1722  1727
 8964    1730  1726  1722  1740
 8965    1740  1689  1722  1730
 8966    1645  1574  1572  1589
 8967    1551  1611  1610  1553
 8968    1625  1573  1571  1574
 8969    1601  1597  1599  1602
 8970    1569  1570  1547  1567
 8971    1535  1534  1536  1538
 8972    1730  1701  1699  1635
 8973    1378  1377  1463  1451
 8974    1555  1558  1556  1615
 8975    1698  1683  1693  1700
 8976    1617  1627  1572  1647
 8977    1558  1587  1581  1642
 8978    1617  1642  1572  1558
 8979    1152  1177  1174  1154
 8980    1647  1642  1572  1617
 8981    1647  1587  1572  1642
 8982    1589  1585  1568  1583
 8983    1589  1570  1568  1585
 8984    1589  1574  1568  1570
 8985    1572  1574  1568  1589
 8986    1587  1568  1583  1589
 8987    3886  3905  3890  3907
 8988    1412  1476  1422  1473
 8989    1380  1377  1379  1463
 8990    3545  1461  3591  1466
 8991     632   619   620   634
 8992    1253  1339  1255  1316
 8993    1207  1209  1208  1210
 8994    1273  1339  1337  1255
 8995    1273  1340  1337  1339
 8996    1382  1403  1401  1489
 8997    1338  1340  1337  1273
 8998    1185  1196  1186  1183
 8999     129  1248   131  1311
 9000    1366  1365  1321  1368
 9001    1341  1396  1393  1395
 9002    1465  1390  1384  1485
 9003    1469  1465  1384  1489
 9004    4754  4745  4746  4757
 9005    1489  1485  1384  1403
 9006    1465  1485  1384  1489
 9007    1235  1199  1234  1278
 9008    1662  1710  1667  1714
 9009    1194  1191  1202  1192
 9010    1269  1338  1268  1274
 9011    1335  1337  1268  1336
 9012    1295  1264  1241  1293
 9013    1243  1295  1241  1284
 9014    1768  1747  1756  1749
 9015    1254  1314  1244  1313
 9016    2800  2828  2826  2805
 9017    1245  1337  1268  1335
 9018    3400  3397  1230  3398
 9019    1242  1245  1243  1308
 9020    1304  1238  1310  1303
 9021    1314  1307  1244  1313
 9022    1426  1431  1422  1424
 9023    1308  1307  1244  1314
 9024    1249  1313  1310  1315
 9025    4079  4112  4116  4089
 9026    1177  1159  1165  1166
 9027    4776  7457  7481  6706
 9028    1337  1338  1268  1336
 9029    1173  1150  1144  1170
 9030    1269  1336  1268  1338
 9031    1405  1403  1480  1406
 9032    1485  1403  1480  1405
 9033    1337  1308  1335  1245
 9034    1266  1267  1295  1334
 9035    1165  1159  1160  1166
 9036    1221  1218  1264  1217
 9037    1205  1241  1240  1203
 9038    1267  1335  1266  1269
 9039     119   179  1301   149
 9040    1491  1441  1437  1435
 9041    1266  1267  1333  1335
 9042    1334  1267  1333  1266
 9043    1341  1396  1342  1394
 9044    3657  3709  3711  3669
 9045    1267  1336  1333  1335
 9046    1334  1336  1333  1267
 9047    1299  1342  1300  1394
 9048    1221  1267  1295  1266
 9049    1210  1214  1207  1213
 9050    1164  1159  1160  1165
 9051    1295  1282  1241  1284
 9052    1194  1213  1190  1188
 9053      64    66    59    60
 9054    1188  1213  1190  1209
 9055    1210  1214  1208  1207
 9056    1299  1360  1394  1300
 9057    1221  1265  1264  1218
 9058    1316  1315  1254  1252
 9059    1156  1165  1158  1152
 9060    1194  1188  1190  1187
 9061    1227  3374  1223  3381
 9062    1189  1187  1193  1194
 9063    1291  1365  1321  1366
 9064    1359  1290  1292  1356
 9065     821   816   818   839
 9066    3479  1328  3529  1331
 9067    1382  1478  1453  1483
 9068    1478  1480  1401  1479
 9069    1482  1483  1481  1479
 9070    1241  1282  1240  1284
 9071    1393  1359  1394  1299
 9072    7733  7694  7762  7732
 9073    1480  1479  1478  1483
 9074    1625  1574  1571  1572
 9075    1902  1892  1904  1893
 9076    1433  1434  1481  1478
 9077    1341  1396  1394  1393
 9078    1480  1483  1401  1489
 9079    1480  1489  1401  1403
 9080    1382  1483  1453  1457
 9081    1323  1373  1367  1320
 9082    1152  1165  1158  1177
 9083    1705  1710  1712  1685
 9084    1393  1292  1322  1366
 9085    1482  1434  1481  1433
 9086    1826  1772  1829  1828
 9087    2155  2154  2110  2108
 9088    1483  1479  1482  1484
 9089    1442  1428  1444  1430
 9090    4343  4394  4362  4436
 9091    1434  1479  1481  1478
 9092    1482  1479  1481  1434
 9093    1354  1359  1356  1290
 9094    1483  1481  1453  1455
 9095    1292  1356  1366  1393
 9096    1558  1642  1640  1615
 9097    1581  1642  1640  1558
 9098    1491  1481  1455  1420
 9099    1672  1735  1724  1725
 9100    1555  1601  1552  1614
 9101    1720  1726  1724  1736
 9102    1671  1735  1724  1672
 9103    1734  1735  1724  1671
 9104    1353  1355  1289  1356
 9105    5939  6030  6036  5944
 9106    1481  1416  1455  1420
 9107    1498  1502  1496  1495
 9108    1579  1603  1608  1605
 9109    2108  2111  2110  2155
 9110    1721  1726  1720  1723
 9111    1722  1723  1720  1726
 9112    1736  1740  1720  1726
 9113    1722  1726  1720  1740
 9114    1734  1735  1671  1672
 9115    1541  1537  1522  1539
 9116    1638  1640  1579  1581
 9117    1602  1615  1556  1640
 9118    6090  6190  6191  6149
 9119    1641  1605  1608  1609
 9120    1605  1603  1608  1606
 9121    1736  1735  1724  1734
 9122    1736  1725  1724  1735
 9123    1691  1713  1687  1736
 9124    1579  1605  1541  1603
 9125    1734  1675  1676  1735
 9126    1211  1214  1212  1215
 9127    1640  1638  1579  1605
 9128    1213  1209  1207  1210
 9129    1438  1441  1436  1435
 9130    1508  1533  1531  1535
 9131    1471  1449  1414  1474
 9132    1687  1722  1720  1740
 9133    1299  1290  1292  1359
 9134    1442  1444  1443  1529
 9135    1437  1491  1438  1441
 9136    1324  1321  1323  1368
 9137    3487  3478  3484  3537
 9138    1529  1444  1430  1442
 9139    1724  1687  1720  1736
 9140    1469  1489  1382  1457
 9141    1908  1910  1919  1918
 9142    1710  1713  1690  1711
 9143    1482  1433  1437  1434
 9144    1541  1579  1542  1605
 9145    1580  1605  1542  1579
 9146    1444  1441  1439  1442
 9147    1521  1512  1502  1514
 9148    1539  1541  1540  1605
 9149    4690  4716  4730  4715
 9150    1611  1554  1616  1613
 9151    1539  1538  1540  1537
 9152    1434  1482  1438  1437
 9153    1437  1441  1438  1435
 9154    1481  1433  1437  1482
 9155    1320  1373  1367  1364
 9156    1494  1445  1441  1493
 9157    1441  1439  1443  1440
 9158    1494  1493  1441  1492
 9159    1719  1701  1700  1688
 9160    1493  1445  1441  1444
 9161    1482  1491  1437  1481
 9162    1416  1437  1420  1481
 9163    1491  1492  1441  1493
 9164    1165  1166  1160  1164
 9165    1264  1206  1241  1293
 9166    1482  1492  1438  1491
 9167    1528  1534  1532  1527
 9168    1978  1979  1970  1968
 9169    1236  1239  1237  1304
 9170    1658  1711  1691  1734
 9171    1785  1784  1789  1786
 9172    1539  1537  1540  1542
 9173    1679  1777  1810  1811
 9174    1541  1537  1539  1542
 9175    1527  1534  1532  1531
 9176    1605  1607  1604  1606
 9177    1605  1606  1604  1603
 9178    1455  1457  1454  1452
 9179    1382  1403  1489  1384
 9180    5337  5399  5409  5432
 9181    1204  1201  1203  1206
 9182    1660  1714  1709  1662
 9183    1498  1505  1424  1496
 9184    1219  1216  1220  1218
 9185    1194  1191  1193  1202
 9186    1533  1529  1527  1530
 9187    1418  1493  1477  1475
 9188    1207  1213  1212  1211
 9189    1294  1221  1296  1293
 9190    1527  1534  1531  1533
 9191    1508  1533  1535  1510
 9192    1520  1509  1522  1519
 9193    1427  1412  1417  1476
 9194    1305  1237  1242  1307
 9195    1205  1241  1282  1240
 9196    1441  1435  1440  1436
 9197    1439  1435  1440  1441
 9198    1744   536  1663  1790
 9199    1542  1541  1540  1539
 9200    1542  1605  1540  1541
 9201    1527  1530  1528  1534
 9202    1527  1529  1528  1530
 9203    1442  1529  1528  1527
 9204    1442  1530  1528  1529
 9205    1531  1534  1532  1533
 9206    1535  1533  1532  1534
 9207    1531  1533  1532  1535
 9208    1358  1297  1298  1360
 9209    1432  1506  1429  1431
 9210    1225  1252  1247  3399
 9211    1305  1308  1242  1306
 9212    1220  1221  1293  1219
 9213    1297  1300  1298  1360
 9214    1360  1359  1297  1299
 9215    1357  1359  1297  1360
 9216    1207  1209  1163  1208
 9217    2072   858  1988  2068
 9218    1211  1213  1212  1214
 9219    1217  1213  1215  1218
 9220    1217  1218  1215  1216
 9221    1293  1221  1296  1295
 9222    1215  1214  1212  1216
 9223    1213  1214  1215  1218
 9224    1216  1218  1215  1214
 9225    1166  1210  1164  1165
 9226    1173  1174  1151  1157
 9227    1551   399   429  1591
 9228    1215  1213  1211  1214
 9229    1224  1227  3394  1226
 9230    1821  1764  1823  1820
 9231    5467  5478  5471  5480
 9232    1217  1221  1219  1264
 9233    1431  1506  1429  1505
 9234    1442  1428  1439  1444
 9235    1166  1159  1160  1177
 9236    1162  1177  1160  1159
 9237    1178  1177  1160  1162
 9238    1294  1221  1293  1220
 9239    1264  1221  1293  1295
 9240    1219  1221  1293  1264
 9241    1295  1267  1296  1334
 9242    1221  1267  1296  1295
 9243    1162  1159  1161  1177
 9244    1191  1187  1194  1193
 9245    1426  1473  1422  1476
 9246     203  1327  1325  1371
 9247    1297  1300  1360  1299
 9248    1177  1178  1161  1162
 9249    1177  1175  1161  1178
 9250    1162  1178  1161  1176
 9251    1175  1176  1161  1178
 9252    1537  1533  1510  1535
 9253    1541  1524  1526  1603
 9254     624  1746   628  1748
 9255    1489  1483  1382  1457
 9256    1447  1446  1451  1449
 9257    1483  1478  1453  1481
 9258    1499  1502  1501  1495
 9259    1151  1173  1153  1174
 9260    1217  1202  1204  1219
 9261    1188  1209  1190  1156
 9262    1247  1224  1225  3396
 9263    1177  1159  1152  1165
 9264    1333  1335  1306  1243
 9265    1243  1335  1306  1308
 9266    1213  1192  1194  1215
 9267    1241  1205  1282  1206
 9268    1306  1308  1242  1243
 9269    1668  1711  1658  1734
 9270    1768  1754  1756  1747
 9271    1428  1493  1477  1418
 9272    1533  1529  1504  1527
 9273    1444  1493  1428  1439
 9274    1657  1711  1667  1710
 9275     908   885   886   922
 9276    1520  1539  1524  1522
 9277    6762  6816  6826  6815
 9278    1510  1535  1508  1520
 9279    1418  1475  1420  1491
 9280    1477  1476  1427  1417
 9281    5454  5431  5444  7146
 9282    1384  1489  1382  1469
 9283    1529  1430  1432  1506
 9284    1504  1533  1508  1510
 9285    1657  1668  1667  1711
 9286    1525  1516  1514  1518
 9287    1679  1676  1739  1738
 9288    1475  1491  1418  1493
 9289    1526  1579  1541  1603
 9290    1738  1810  1739  1679
 9291    1444  1493  1432  1428
 9292    5374  5377  5375  5421
 9293    1156  1151  1152  1158
 9294    1470  1413  1448   290
 9295    1608  1598  1556  1602
 9296    1499   377  1495  1501
 9297    1472   288  1470   349
 9298    1431  1505  1429  1424
 9299    1504  1529  1506  1430
 9300    1410  1447  1454  1449
 9301    1533  1529  1506  1504
 9302    1596  1591  1595  1593
 9303    1711  1713  1690  1691
 9304    1556  1581  1579  1640
 9305    1526  1522  1521  1524
 9306    1656  1705  1685  1710
 9307    1501  1512  1502  1499
 9308    1203  1196  1198  1205
 9309    1444  1428  1432  1430
 9310    3090  4082  4080  4086
 9311    1415  1455  1454  1452
 9312    1658  1724  1671  1734
 9313    1713  1736  1691  1711
 9314    1724  1734  1691  1736
 9315    1711  1736  1691  1734
 9316    1598  1603  1556  1526
 9317    1608  1603  1556  1598
 9318    1608  1579  1556  1603
 9319    1740  1736  1687  1713
 9320    1720  1736  1687  1740
 9321    1719  1689  1687  1740
 9322    1740  1713  1687  1719
 9323     157   195  1361   239
 9324    1455  1481  1453  1416
 9325    1393  1395  1322  1341
 9326    2085  2087  2147  2150
 9327    1834  1835  1872  1852
 9328    1361   157  1351  1287
 9329    1356  1393  1292  1359
 9330    1299  1359  1292  1393
 9331    1295  1266  1241  1264
 9332    1341  1292  1322  1393
 9333    1455  1457  1452  1453
 9334    1243  1295  1284  1333
 9335    1366  1395  1322  1393
 9336    1343  1322  1324  1395
 9337    2321  3323  3321  3327
 9338    1368  1395  1322  1366
 9339    1368  1324  1322  1395
 9340    1209  1165  1158  1156
 9341    1335  1308  1243  1245
 9342    1333  1266  1243  1295
 9343    1243  1268  1266  1335
 9344    1333  1335  1243  1266
 9345    1243  1266  1241  1295
 9346     339   263  1460   341
 9347    1306  1243  1242  1284
 9348    1190  1187  1189  1194
 9349    3163  3166  3164  3178
 9350    1230  1253  1252  3400
 9351    1192  1187  1188  1194
 9352    1242  1284  1283  1306
 9353    1312  1247  1249  1315
 9354    1264  1206  1204  1241
 9355    1192  1215  1202  1194
 9356    1217  1202  1194  1204
 9357    1217  1213  1194  1215
 9358    3400  3399  1230  3397
 9359    1223  1232  1227  3381
 9360    1330  1323  1329  1374
 9361    1314  1245  1244  1308
 9362    7795  6221  7822  6224
 9363    1201  1206  1205  1203
 9364    5544  5551  5550  7370
 9365    1240  1281  1283  1284
 9366    1202  1204  1193  1194
 9367      17  1147    21  1149
 9368     119   149  1301  1279
 9369    1180  1182  1148  1189
 9370    1385  1388  1386  1461
 9371    1196  1203  1186  1201
 9372    1250  1246  1251  3396
 9373    5733  7458  7482  7457
 9374    1250   129  1311  1246
 9375    1240  1284  1283  1242
 9376    1326  1325  1372  1370
 9377    2093  2154  2110  2095
 9378    1193  1203  1201  1186
 9379    1287  1362  1351  1361
 9380    1415  1453  1416  1455
 9381    1328  3529  1375  1372
 9382     155  1287  1285  1351
 9383    1237  1283  1235  1280
 9384    1283  1281  1235  1278
 9385      35    17  1169    19
 9386    1352  1362  1288  1365
 9387    3253  3258  3257  3284
 9388    1305  1237  1302  1280
 9389    1307  1237  1302  1305
 9390    1240  1281  1235  1283
 9391    1247  3396  1251  1246
 9392    1237  1244  1242  1307
 9393    1283  1237  1235  1242
 9394    1283  1242  1235  1240
 9395      21  1179    60  1181
 9396    1320  1329  1323  1373
 9397     157   217  1351   155
 9398    3262  3259  3261  3266
 9399    1363  1319  1364  1370
 9400    1557  1572  1558  1617
 9401    1314  1316  1254  1255
 9402     181   179  1303   119
 9403    1301  1236  1304  1303
 9404    1146  1170  1168  1173
 9405    1366  1368  1321  1322
 9406    1321  1288  1318  1365
 9407    4259  4262  4260  4266
 9408    1697  3737  3776  3734
 9409    3841  3850  3848  3807
 9410    1352  1285  1351  1349
 9411    1288  1365  1291  1355
 9412     157   239  1361   217
 9413    1288  1355  1286  1352
 9414    1468  1378  1451  1456
 9415    3383  3374  1223  3376
 9416    1317   157   195  1361
 9417    1457  1469  1381  1382
 9418    1414  1474  1412  1471
 9419    1680  1681  1707  1717
 9420     449   457   459   455
 9421    1366  1356  1291  1355
 9422    1292  1356  1291  1366
 9423    1363  1319  1370  1369
 9424    6792  6795  6793  6799
 9425    1678  1674  1679  1673
 9426    1496  1509  1505  1503
 9427    1468  1378  1456  1381
 9428    1750  1664  1752  1743
 9429    1413   288   290  1470
 9430    1662  1714  1709  1705
 9431    1611  1553  1613  1610
 9432    1411  1471  1470  1413
 9433    1713  1719  1686  1687
 9434    1236   119  1301  1279
 9435    1502  1495  1498  1497
 9436    1495  1497  1501   377
 9437    1370  1326  1375  1372
 9438    1370  1326  1373  1375
 9439    1498  1426  1425  1423
 9440    1559  1564  1563  1566
 9441    6667  6670  6668  6674
 9442    1552  1517  1592  1518
 9443    1686  1689  1687  1719
 9444    1448   327  1450   329
 9445    4172  4177  4173  4189
 9446    7068  7063  7065  7104
 9447    1602  1615  1555  1556
 9448    1668  1665  1667  1715
 9449    1353  1286  1289  1355
 9450    1429  1431  1427  1432
 9451    2508  2454  2506  2509
 9452    1914  1909  1911  1922
 9453    1547  1569  1549  1570
 9454    1749  1748  1761  1746
 9455    1601  1615  1555  1602
 9456    1602  1598  1555  1597
 9457    1556  1598  1555  1602
 9458    1614  1615  1555  1601
 9459    1350  1352  1286  1355
 9460    1656  1690  1710  1685
 9461     443   421  1561   423
 9462    1563  1621  1612  1620
 9463    1522  1519  1521  1524
 9464    1835  1852  1875  1872
 9465    1422  1411  1412  1473
 9466     660   532  1790   594
 9467      23    62  1181    21
 9468    1600  1597  1598  1602
 9469    1710  1715  1667  1714
 9470    1665  1714  1667  1715
 9471    1378  1447  1451  1456
 9472    1922  1909  1911  1919
 9473     736   744  1873   756
 9474    1507  1509  1503  1510
 9475    1472  1421  1425  1473
 9476    1423  1497  1425  1498
 9477    1555  1518  1552  1597
 9478    1500  1495  1496  1502
 9479    1556  1525  1555  1598
 9480    1555  1598  1525  1597
 9481    1451  1468  1463  1378
 9482    1554  1553  1613  1611
 9483     329   349  1470   290
 9484    1624  1626  1619  1628
 9485    1690  1713  1712  1686
 9486    1423   300  1425  1497
 9487    1591   399   429   462
 9488    1474  1449  1414  1454
 9489    1410  1419  1414  1454
 9490    1289  1354  1353  1356
 9491    1248   131  1311  1309
 9492    1454  1449  1414  1410
 9493    1683  1717  1682  1695
 9494    1474  1454  1414  1419
 9495    1854  1877  1875  1872
 9496    1596  1611  1551  1552
 9497    1525  1514  1523  1521
 9498    1473  1471  1470  1411
 9499    1454  1475  1419  1474
 9500    1415  1455  1419  1454
 9501    1420  1415  1416  1455
 9502    1455  1475  1419  1454
 9503    1455  1420  1419  1475
 9504    1914  1952  1953  1922
 9505      59    13    61    52
 9506    1180  1193  1184  1186
 9507    1552  1517  1551  1592
 9508    1474  1477  1417  1476
 9509    1419  1475  1417  1474
 9510    1477  1475  1417  1418
 9511    1474  1475  1417  1477
 9512    1413  1449  1448  1409
 9513    1496  1423  1424  1498
 9514    1157  1190  1155  1189
 9515    1417  1476  1412  1474
 9516    1471  1474  1412  1476
 9517    1710  1705  1662  1656
 9518    1710  1714  1662  1705
 9519    1516  1525  1514  1523
 9520    1473  1411  1470  1472
 9521     580   568  1716  1694
 9522    2145  2150  2147  2087
 9523     204  2467   205  2523
 9524    1596  1601  1592  1594
 9525    1518  1597  1592  1552
 9526    1710  1711  1667  1715
 9527    1552  1601  1592  1596
 9528    1552  1597  1592  1601
 9529     302   300  1425   298
 9530    1511   381  1499  1501
 9531    1599  1592  1597  1601
 9532    1426  1473  1421  1422
 9533    7158  7169  7171  7159
 9534    1144  1170  1146  1173
 9535    1510  1509  1503  1505
 9536    5274  5178  5200  5276
 9537    1190  1187  1155  1189
 9538    1303  1238  1310  1309
 9539    1158  1156  1155  1190
 9540    1498  1426  1424  1505
 9541    1505  1426  1424  1431
 9542    1477  1432  1427  1431
 9543    1477  1428  1427  1432
 9544    1525  1516  1518  1597
 9545    1504  1429  1430  1506
 9546    1429  1506  1503  1505
 9547    1526  1523  1521  1525
 9548    1509  1522  1519  1521
 9549    1509  1520  1522  1510
 9550    1521  1502  1519  1509
 9551    1506  1510  1503  1505
 9552    1506  1504  1503  1510
 9553    1526  1523  1525  1598
 9554    1291  1286  1288  1355
 9555    1143  1146  1144  1170
 9556    1908  1911  1919  1910
 9557    1181  1179  1185  1186
 9558    1423  1426  1425  1421
 9559    4737  4706  4708  4771
 9560    1155  1157  1151  1158
 9561    1153  1144  1146  1173
 9562    1174  1158  1151  1157
 9563    1174  1152  1151  1158
 9564    1383  1465  1464  1389
 9565    1150  1149  1143  1170
 9566    1873  1859  1880  1879
 9567    5662  5667  5666  5665
 9568    1173  1157  1144  1150
 9569    1151  1157  1144  1173
 9570    1285  1350  1349  1352
 9571    1196  1185  1198  1195
 9572    1203  1196  1186  1198
 9573    1198  1240  1203  1205
 9574    1182  1193  1189  1180
 9575    1471  1449  1413  1414
 9576    1513  1515  1517  1518
 9577    1148  1187  1180  1189
 9578      23  1149  1169    17
 9579    1182  1193  1180  1186
 9580    1193  1184  1186  1201
 9581    1184  1201  1196  1186
 9582    1388  1461  1466  1386
 9583    1144  1157  1148  1150
 9584    1155  1144  1151  1157
 9585    1150  1189  1148  1182
 9586    1157  1189  1148  1150
 9587    1155  1189  1148  1157
 9588     395  1515  1513   393
 9589    1143  1150  1147  1149
 9590    1150  1170  1143  1144
 9591     572   561   571   574
 9592    1498  1495  1423  1497
 9593    1686  1719  1718  1688
 9594    3838  3856  3862  3839
 9595    1182  1150  1147  1148
 9596    1182  1149  1147  1150
 9597    1288  1285  1287  1352
 9598     121  1248  1238  1309
 9599      66  1195  1185    64
 9600    3374  1222  1223  3376
 9601    1186  1182  1179  1180
 9602     505   510   508   581
 9603    1147  1149  1181    21
 9604    5557  5554  5555  7376
 9605    1379  1462  1463  1377
 9606     147   117  1279   149
 9607    1143  1170  1169  1145
 9608    1567  1573  1560  1569
 9609    1195    66  1197    74
 9610    3164  3171  3169  3183
 9611    2453  2470  2464  2526
 9612    1287  1352  1351  1362
 9613    1287  1285  1351  1352
 9614    1197  1198  1185  1195
 9615     399  1591  1517   397
 9616     592   566  1716   598
 9617     379   383  1501   377
 9618    1412  1473  1411  1471
 9619    1411  1414  1412  1471
 9620    1472   298  1425  1421
 9621     422   417   419   442
 9622     379   377  1501  1497
 9623     298  1423   300  1425
 9624    1634  1700  1631  1702
 9625    1667  1656  1710  1662
 9626    1515   393  1511  1513
 9627    1636  3738  1637  1703
 9628    1414  1409  1410  1449
 9629    1512  1499  1500  1502
 9630     351   288  1472   349
 9631    1749  1747  1756  1743
 9632    1321  1368  1367  1323
 9633    1719  1701  1688  1689
 9634    1685  1655  1684  1705
 9635     580   598  1716   568
 9636    6937  6934  6936  6968
 9637    1553   429   431  1610
 9638     590   570  1704  1706
 9639    1551  1596  1595  1611
 9640     397   395  1517   399
 9641    1700  1683  1695  1718
 9642    7464  5737  7488  5738
 9643    1413  1471  1448  1449
 9644     329   327  1450   331
 9645    1470   290  1448   329
 9646    1680   566  1716  1706
 9647    1421   288  1411  1472
 9648     351   298  1472   288
 9649    1592  1517  1551  1591
 9650    3636  3639  3637  3609
 9651     286   327  1448   329
 9652     286  1446  1409  1448
 9653    1470  1471  1448  1413
 9654    1595   429  1610   466
 9655    1596  1592  1551  1591
 9656    1596  1552  1551  1592
 9657    1551   429  1595  1591
 9658     466   429  1610   489
 9659     628   642  1760   640
 9660     464   462  1595   466
 9661    1593   462  1591  1595
 9662    1591   429  1595   462
 9663     466   462  1595   429
 9664    1551   429  1610  1595
 9665    1685  1680  1681  1707
 9666     288   290  1470   349
 9667     489   429  1610   431
 9668    1683  1680  1682  1717
 9669     467   471   468   472
 9670    4267  4250  4260  4271
 9671    1684  1706  1704   570
 9672     491   445  1612  1620
 9673    1694   568  1716  1682
 9674    1684  1705  1707  1685
 9675    1799  1794  1795  1801
 9676    1919  1952  1911  1922
 9677    1859   744  1879  1873
 9678     524   570  1704   590
 9679    1986  2115  1990  2114
 9680     628  1748  1760   630
 9681    1566  1573  1562  1560
 9682    1566  1564  1563  1619
 9683    1696  3734  3733  1632
 9684     329   290  1448   286
 9685    1235  1199  1197  1234
 9686    1199    74  1195  1197
 9687    1380  1379  1459  1463
 9688     215   155  1351   217
 9689    1461  3545  3542  1388
 9690     155  1349   215  1351
 9691      66  1195  1197  1185
 9692    1235  1278  1234  1280
 9693    1277    78  1199  1234
 9694    1318  1287  1317  1362
 9695     970  2122  2088  2146
 9696     380   369   382   373
 9697    1197  1200  1198  1195
 9698    1302  1280  1236  1279
 9699      60  1183    64  1185
 9700    1183  1186  1185  1179
 9701    1185  1196  1198  1186
 9702    1235  1280  1234  1237
 9703    1279  1280  1234  1277
 9704    1279   117  1236   119
 9705      35    19  1169    33
 9706    1279  1280  1236  1234
 9707    1181    60  1185  1179
 9708    1143  1149  1169  1170
 9709      60    66  1185    64
 9710    1304  1313  1310  1239
 9711      17    35  1169    23
 9712    1371   205  1327  3525
 9713     341  3541  2539   265
 9714    1199  1278  1277  1234
 9715      62    60  1185  1181
 9716      62    66  1185    60
 9717    3541   341  3585  1460
 9718    1325  1328  1326  1372
 9719     121   181  1309  1303
 9720    3400  3398  1230  1231
 9721    5885  5880  5881  5887
 9722    3585  3541  1460  3586
 9723    1238   121  1309  1303
 9724    1247  1254  1249  1315
 9725     131   189  1311   187
 9726    1361   195  1363   239
 9727    1317   195  1363  1361
 9728     341   263  1460   265
 9729    2341  2322  2340  2387
 9730     263  1387  1385  1460
 9731     241   195  1363   197
 9732     499   445  1618   447
 9733    1373  1326  1329  1375
 9734    3526  3476  1328  3529
 9735    1224  3394  1225  3396
 9736    1033  1089  1034  1090
 9737     203   247  1371  1369
 9738    1222  1227  1226  3374
 9739    1247  3399  1251  3396
 9740     205   249  1371   203
 9741     205  3525  1371   249
 9742    3476  1327  3475  3526
 9743    1460  3542  3541  1387
 9744    1380  1378  1463  1468
 9745     203   247  1369   197
 9746    1325   197   203  1369
 9747    1363  1319  1369   197
 9748    2008  2011  2009  4049
 9749    1327  3526  1372  1371
 9750    1460  3542  3586  3541
 9751    3542  1460  3586  1461
 9752    5582  5585  5589  5584
 9753    1228  1233  1232  3382
 9754    1246  3395  1250   129
 9755     133   129  1250  3395
 9756    3394  3374  1227  3397
 9757     133   129  1311  1250
 9758     133   189  1311   129
 9759    1316  1315  1252  1256
 9760    1309  1248  1312  1311
 9761    3397  3399  1225  3394
 9762    1328  3529  1372  3526
 9763    1248  1246  1312  1311
 9764    3383  3377  1228  3384
 9765    1315  1316  1254  1313
 9766    1373  1375  1329  1376
 9767    1251  1250  1312  1246
 9768    1391  1467  1389  1466
 9769    1319  1326  1320  1370
 9770    1251  1246  1312  1247
 9771    3786  3773  3794  3778
 9772    1247  1251  1256  1315
 9773    3376  3370  1223  3383
 9774    3377  1223  3370  3383
 9775    1228  3378  1229  3384
 9776    1223  3383  1228  3381
 9777    3384  3381  1228  3383
 9778    3382  3384  1228  1229
 9779    3382  3381  1228  3384
 9780    1232  1225  1227  3397
 9781    1252  3399  1230  3400
 9782    1560  1573  1562  1569
 9783    1233  3398  1232  3382
 9784    3381  3382  1232  3398
 9785    1302  1307  1304  1237
 9786    1392  1389  1391  1467
 9787    1301  1302  1304  1236
 9788     299   292   301   294
 9789    1254  1313  1249  1315
 9790    4974  4977  4999  4976
 9791    1559  1566  1563  1565
 9792    1448  1449  1451  1446
 9793    3480  1331  3479  3530
 9794    3529  3479  1331  3530
 9795    1375  3529  1331  3530
 9796    1375  3530  1331  1376
 9797    1332  1376  1331  3530
 9798    1244  1307  1239  1313
 9799    1255  1252  1253  1316
 9800     509  1692   578  1694
 9801    1331  1326  1328  1375
 9802    1381  1384  1382  1469
 9803    1384  1469  1383  1465
 9804    1332  1329  1331  1376
 9805    1691  1686  1687  1713
 9806    1303  1236  1304  1238
 9807    1370  1319  1364  1320
 9808    1368  1374  1323  1324
 9809    1257  3400  1252  1253
 9810    1256  3400  1252  1257
 9811    1316  1257  1252  1253
 9812    1256  1257  1252  1316
 9813    1373  1370  1364  1320
 9814     441   421  1561   443
 9815    1180  1193  1189  1187
 9816    1239  1237  1304  1307
 9817    1468  1381  1456  1469
 9818    1246  1249  1248  1312
 9819    1239  1307  1304  1313
 9820    6730  6774  6847  6732
 9821     775   808   776   824
 9822    1249  1315  1310  1312
 9823    1249  1312  1310  1248
 9824    1309  1248  1310  1312
 9825    1238  1249  1239  1310
 9826    1309  1238  1310  1248
 9827    1329  1374  1323  1373
 9828    1317  1319  1364  1363
 9829    1361  1317  1364  1363
 9830    1361  1362  1364  1317
 9831    1320  1317  1319  1364
 9832    1362  1318  1364  1317
 9833    6417  7168  7170  7158
 9834    1686  1681  1718  1712
 9835    1565   441  1559  1561
 9836    1447  1377  1378  1451
 9837    1583  1588  1590  1584
 9838    1454  1447  1456  1449
 9839    1318  1320  1367  1364
 9840    1323  1318  1320  1367
 9841    1318  1365  1367  1321
 9842    1460   263  1458  1385
 9843    1568  1574  1567  1570
 9844    1569  1570  1567  1574
 9845    1616  1564  1626  1613
 9846    1573  1569  1567  1574
 9847     441  1563   445  1565
 9848    1547  1550  1548  1570
 9849    3869  3872  3844  3870
 9850    1707  1685  1712  1681
 9851     567   578   568   580
 9852    1567  1574  1571  1573
 9853    1680  1717  1707  1706
 9854    1565  1561  1559  1566
 9855    1564  1553  1563  1613
 9856    1621  1564  1563  1613
 9857    1563  1620  1612   445
 9858    1551  1554  1552  1611
 9859    1454  1457  1456  1452
 9860     139   152   150   212
 9861    1701  1698  1700  1688
 9862    1467  1466  1464  1389
 9863    1498  1509  1496  1502
 9864    1457  1469  1456  1381
 9865    1452  1457  1456  1381
 9866    1378  1452  1447  1456
 9867    3734  1696  3771  1697
 9868    1460   339  1458   263
 9869    1617  1614  1557  1616
 9870    1468  1383  1464  1380
 9871    1616  1627  1571  1617
 9872    1560  1571  1564  1573
 9873    1616  1617  1571  1557
 9874    1617  1627  1571  1572
 9875     582   509  1696   511
 9876    1383  1469  1464  1465
 9877    1380  1389  1383  1464
 9878    1468  1469  1464  1383
 9879    1389  1465  1464  1467
 9880    1614  1617  1557  1615
 9881    1558  1615  1557  1617
 9882    1707  1681  1718  1717
 9883    1712  1681  1718  1707
 9884    1681  1688  1686  1718
 9885    1683  1717  1718  1681
 9886    1623  1619  1621  1628
 9887    1637  1634  1636  1703
 9888    1702  3738  3737  1636
 9889    1634  1701  1700  1703
 9890     199   204   202   248
 9891    1635  1701  1634  1703
 9892    2718   550  2769   575
 9893    1699  1634  1635  1701
 9894     580   568  1694   578
 9895    3484  3489  3487  3539
 9896    1630  1693  1692  1695
 9897     441   443  1565   447
 9898    1561   443  1565   441
 9899    1560  1569  1562  1544
 9900    3613  3616  3615  3645
 9901    1718  1683  1695  1717
 9902    1565  1619  1563  1618
 9903    1546  1544  1562  1569
 9904    3203  3221  3304  3220
 9905    1613  1553  1612  1610
 9906    6822  6770  6771  6820
 9907    1619  1564  1563  1621
 9908    3690  3687  3692  3689
 9909    1636  1631  1633  1702
 9910    1386  1379  1385  1459
 9911    1633  1702  1631  1697
 9912     855   906   856   988
 9913    3649  3656  3647  3654
 9914    3613  3602  3607  3640
 9915    3484  3489  3539  3486
 9916     257   263  1458   339
 9917     257  1385  1379  1458
 9918    1385  1461  1458  1460
 9919    1459  1385  1458  1379
 9920     339  1462  1458   257
 9921    1697  1695  1630  1694
 9922    1618   445  1563  1565
 9923     566  1682  1680  1716
 9924    1451  1446  1450  1448
 9925    1620   445  1563  1618
 9926    3677  3680  3650  3678
 9927    1680  1717  1716  1682
 9928     327   255  1450   331
 9929    3602  3597  3600  3598
 9930    1693  1682  1692  1695
 9931     431   445  1612   491
 9932     431  1563  1553  1612
 9933    1463  1462  1450  1377
 9934    1463  1377  1450  1451
 9935    1957  1940  1959  1956
 9936    1559  1561  1543  1562
 9937    1545  1562  1543  1561
 9938    1543  1560  1559  1562
 9939    1546  1543  1545  1562
 9940    3864  3873  3875  3871
 9941     918   886  2032   898
 9942    3543  3550  3544  3588
 9943    1798  1861  1862  1859
 9944    1957  1941  1959  1940
 9945    1864  1859  1860  1862
 9946    1864  1883  1860  1880
 9947    1765  1772  1761  1763
 9948    1880  1859  1860  1864
 9949    1884  1869  1886  1883
 9950    1868  1895  1809  1807
 9951    2960  3966  3960  3986
 9952    5726  5731  5739  5729
 9953    3958   822  2958  3974
 9954    1943  1940  1942  1959
 9955    3958  3975  1942  3974
 9956    1958  3975  1960  3974
 9957     840   822  1958  3974
 9958    1943  3962  1946  3980
 9959    2010  3978  1960  3979
 9960     822   840  1958   820
 9961    1882  1880  1885  1864
 9962     674   676  1800  1861
 9963    1953  1936  1955  1952
 9964    2010   842  1960  3978
 9965     820  1942  1940  1958
 9966    1998  2057  2136  2053
 9967    2130  2161  2160  2169
 9968    2036   886  2004  2032
 9969    1883  1869  1860  1865
 9970    3979  4049  2011  2010
 9971    6210  6213  6211  6275
 9972    4059  4104  2041  4073
 9973    1898  1893  1899  1895
 9974    1958  1956  1959  1940
 9975    3984  3979  1961  3975
 9976     674   670  1800   676
 9977     672   676  1800   670
 9978    1970  1937  1939  1978
 9979    1940  1956  1957  1934
 9980    1934  1941  1935  1957
 9981    1934  1950  1957  1951
 9982    1956  1950  1957  1934
 9983    1876  1857  1878  1875
 9984    1862  1798  1799  1801
 9985    1970  1978  1981  1979
 9986    1892  1889  1902  1891
 9987    3981  3980  1946  3962
 9988    4055  2014  2016  4054
 9989    1879  1859  1880  1863
 9990    3959  3980  1943  3975
 9991    2064  2044  2060  2007
 9992    1910  1919  1949  1911
 9993    1959  1941  1964  1943
 9994    2040  4059  2041  4073
 9995    1946  3981  1964  3980
 9996    1961  2016  2011  3984
 9997    1958  1940  1959  1942
 9998    1928  1931  1930  1924
 9999    4919  4914  4915  4921
10000    1154  1175  1161  1177
10001    3995  1974  3994  4003
10002    3901  3876  3903  3886
10003    2016  2009  2011  4054
10004    3985  3980  1966  3981
10005    1966  3985  2016  3984
10006    1926  1976  1968  1977
10007    1967  1964  1965  3981
10008    2581  2584  2583  2542
10009    1962  1951  1935  1957
10010    1807  1895  1809  1818
10011    1764  1821  1823  1765
10012    1884  1870  1886  1869
10013    4099  4101  2062  4100
10014    1880  1863  1864  1882
10015    2177  2179  2187  2190
10016    4055  3984  2016  3985
10017    1885  1883  1886  1869
10018    2040  2014  2041  4055
10019    4054  3984  2016  4055
10020    1904  1906  1884  1870
10021     526   535   530   659
10022    1777  1776  1781  1775
10023    1838  1855  1835  1825
10024    2301  2320  2306  2384
10025     630   642  1760   628
10026    1992  1997  1996  2119
10027    2241  2239  2236  2230
10028    3985  4006  2017  4096
10029    1930  1931  1977  1926
10030    3693  3698  3697  3700
10031    1799  1867  1860  1862
10032    1951  1934  1935  1957
10033    1883  1864  1860  1869
10034    1932  1951  1949  1948
10035    1945  1938  1944  1963
10036    1865  1799  1806  1867
10037    1806  1867  1799  1808
10038    1801  1808  1799  1867
10039    1799  1801  1795  1808
10040    1797  1808  1795  1801
10041    2372  2303  2308  2374
10042    1795  1804  1802  1808
10043    1523  1526  1521  1524
10044    4472  4459  4462  6378
10045    1708   532  1790  1659
10046    2092  2096  2151  2150
10047    1875  1857  1878  1877
10048    2163  2126  2151  2127
10049    1704   534  1708  1661
10050    1968  1976  1978  1979
10051    1757  1769  1784  1755
10052    1860  1883  1874  1880
10053    1756  1750  1757  1752
10054    1854  1860  1877  1874
10055    1880  1859  1874  1860
10056    1880  1873  1874  1859
10057    1853  1860  1854  1874
10058    1859  1873  1874  1853
10059    1858  1876  1902  1900
10060    1857  1876  1878  1858
10061    2241  4286  2261  4285
10062    4306  4310  2271  2242
10063    1841  1846  1840  1842
10064     522   533   528   589
10065    1820   644  1762  1764
10066    2057  2056  2059  2053
10067    1461  3545  3591  3542
10068    2255  1132  2257  1140
10069    3801  3842  3840  3806
10070    1122  2245  2237  1114
10071    1063  2186  2178  2235
10072    1987  2117  2021  2120
10073    2242  2233  2240  2239
10074    2190  2179  2187  2239
10075    2073  1988  2069  2068
10076    2042  2023  2030  2028
10077    2042  2023  2025  2030
10078    1993  2119  2134  1997
10079    2139  2155  2138  2154
10080    2026  2120  2021  2030
10081    2267  2263  2270  2264
10082    2174  2169  2171  2188
10083    5504  5498  5505  5500
10084    2076  1994  2081  2077
10085    2127  2154  2097  2151
10086    2124   994   996  2156
10087    2258  4280  2257  2237
10088    2258  2261  2238  2246
10089    4073  4072  2040  4058
10090    2237  1114  2229  2235
10091    1142  1122  2257  4279
10092    2026  2028  2031  2030
10093     988   856  2116   906
10094    2236  2230  2229  2238
10095    5404  5405  5407  5362
10096    2236  2235  2229  2227
10097    7135  7078  7080  7134
10098    2273  2277  2279  2278
10099    2237  2235  2229  2238
10100    2132  2131  2172  2166
10101    2035  4058  2040  4072
10102    4163  4184  2185  4179
10103    2228  2233  2230  2239
10104    2202  4206  2204  2201
10105    5528  5526  5522  5491
10106    5509  5507  5513  5536
10107    4286  4281  2241  4282
10108    2279  2282  2275  2280
10109    2076  1996  2119  2118
10110    2190  2179  2239  2182
10111    2268  2207  2213  2183
10112    2260  2251  2262  2259
10113    2081  2079  2104  2075
10114     920  4048  2034  4050
10115    2166  2181  2180  2189
10116    2180  2183  2191  2181
10117    2255  5358  2245  1132
10118    7220  7222  7201  7204
10119    4275  4279  2237  1122
10120    2188  2169  2185  2161
10121    4251  4276  2237  4275
10122    1655  1662  1661  1705
10123    5034  5013  5015  5105
10124     894   920  2034   898
10125    2161  2131  2172  2169
10126    2188  2161  2172  2169
10127    4056  2035  2040  4054
10128    2242  2252  2262  2280
10129    2250  2252  5382  5361
10130    4050  4048  2034  4051
10131    3910  3933  3913  3937
10132    2201  4206  2204  2210
10133    4054  2009  2040  2014
10134    2035  2009  2040  4054
10135    4055  4054  2040  2014
10136    4057  4054  2040  4055
10137    2038  2018  2040  2013
10138    2018  2009  2014  2040
10139    2009  2035  2040  2013
10140    4048   894  2034  2008
10141    1114  1120  2237  1122
10142    2237  4252  2238  4276
10143    4168  2185  4184  2188
10144     922   908  2036   886
10145     910   908  2036   922
10146    2040  2035  2033  2013
10147    2040  2013  2033  2038
10148    2035  2012  2033  2013
10149    2038  2013  2033  2005
10150     910   908  2024  2036
10151    2245  1130  1132  5358
10152    2038  2005  2033  2042
10153    2037  2042  2033  2005
10154     922   886  2036   918
10155    2131  2161  2159  2130
10156    1118  3257  3281  3252
10157    1061  2178  1063  2186
10158    1873  1853  1871  1874
10159    7735  7696  7697  7737
10160    2237  2246  2238  2229
10161    2236  2230  2238  2241
10162    2238  2251  2241  2230
10163    2251  2230  2233  2241
10164    5502  5498  5505  5504
10165    4285  2261  2238  2258
10166    4285  2241  2238  2261
10167    2238  2251  2261  2241
10168    2258  4280  2238  4285
10169    5406  5413  5412  5364
10170    1140  5358  2255  1132
10171    4280  4276  2238  4285
10172    4163  2184  4179  2185
10173    4252  4281  2238  4276
10174    4257  2238  4252  4281
10175    2241  4285  2238  4281
10176    4276  4281  2238  4285
10177    4048   920  2034   894
10178    2012   894  2008  2034
10179    2238  4280  2237  4276
10180    4275  4276  2237  4280
10181    4053  2035  2034  4065
10182    4053  4050  4052  2034
10183    4053  4051  2034  2035
10184    4051  4048  2034  4049
10185    4049  2035  2034  4051
10186    2122  2156  2157  2146
10187    1130  5358  2243  5352
10188    2036   908  2024  2022
10189    2037  2022  2024  2025
10190    2032  2012  2004  2033
10191     910   988  2116   906
10192     908   910  2024   906
10193     856   988  2116   986
10194    2159  2124  2157  2125
10195    2161  2169  2130  2131
10196    1873   736  1871  1853
10197    2005  2037  2004  2033
10198    1047  1045  2160  1000
10199    2168  2184  2160  1047
10200    5490  5494  5496  5497
10201     663   650   652   667
10202    2147  2150  2123  2089
10203    2146   966  2088   970
10204    2246  2229  2230  2238
10205    2229  1112  2227  2235
10206    5415  5420  5371  5413
10207    5172  5196  5198  5186
10208     994  1043  2156  1012
10209    3261  3232  3234  3265
10210    5404  5405  5362  5332
10211    2185  2169  2160  2161
10212    2168  2169  2160  2185
10213    2178  2186  2176  2187
10214    2237  2258  2245  2257
10215     999   992  1044   995
10216    2179  2176  2177  2187
10217    2185  2184  2176  2160
10218    2176  1047  2160  2184
10219    2187  2186  2176  2184
10220    2187  2179  2178  2236
10221    2236  2186  2178  2187
10222    2227  1063  2178  2235
10223    2271  2242  2284  2280
10224    2238  2235  2229  2236
10225    2257  2258  2245  2255
10226    2233  2252  2242  2234
10227    2245  1122  2257  1132
10228    2258  2256  2245  2255
10229    2258  2246  2245  2256
10230    2022   906   908  2024
10231    5327  5344  5329  5323
10232    2031  2028  2029  2043
10233    2160  1045  2158  1000
10234    2160  1000  2158  2130
10235    2130   996  1000  2158
10236    1000  1045  2158   996
10237    1515   395  1517   397
10238     996  1043  2156   994
10239     996  2124  2156  2158
10240    2146   994  2122  2156
10241    2116   906  2020  2024
10242     707  1851  1834  1871
10243    2084   964   966  2086
10244     950   954  2072   858
10245    1780  1774  1776  1751
10246     986   856  2114  2116
10247    1478  1416  1453  1481
10248    1949  1954  1933  1952
10249    2068   860  2114   950
10250    2117  2116  2114  1986
10251    1986  2116  2114   856
10252    1986  2115  2114  2117
10253     986   860  2114   856
10254     734   707  1871  1851
10255    2121  2136  2031  2027
10256    5340  2226  5341  5379
10257    1838  1830  1839  1856
10258    2025  2120  2021  2117
10259    2114  2115  1990  2068
10260     734  1853  1851  1871
10261     754   734  1871   736
10262    2030  2120  2021  2025
10263     778  1910  1908  1918
10264    3490  3487  3489  3540
10265    1704   590  1708   534
10266     594   534  1708   590
10267     532  1661  1659  1708
10268     594   532  1708   534
10269    1954  1951  1933  1935
10270     536   532  1790   660
10271     646   697  1822   695
10272    1822  1825  1823  1820
10273    2027  1992  2026  2121
10274     699  1832   705  1834
10275    1798  1860  1859  1862
10276    2082  2087  2086  2084
10277    3687  3678  3651  3680
10278    1760   628  1746  1748
10279     269   283   281   344
10280    1989  1996  1994  2076
10281    1854  1857  1875  1877
10282    1663  1744  1745  1742
10283    1825  1824  1852  1835
10284     532  1663   536  1790
10285    1743  1754  1747  1756
10286    1762   640  1758  1760
10287     536  1742   624  1744
10288    1908  1911  1909  1919
10289    3833  3790  3805  3791
10290     732   743   735   755
10291    5958  5942  5959  5922
10292    1900  1901  1903  1891
10293     968   966  2086  2146
10294    1875  1855  1876  1857
10295    2027  1993  2121  2136
10296    1791  1744  1745  1663
10297    1824   695  1820  1822
10298    2331  2338  2382  2333
10299    1758   628  1746  1760
10300    1765  1826  1772  1763
10301    5397  5399  5335  5402
10302     858  2066   948  2072
10303    5357  5361  5356  2249
10304    1991  2115  2069  1990
10305    1912  1915  1913  1923
10306    1991  1996  2076  2118
10307    2021  2028  2026  2030
10308    1837  1830  1831  1839
10309    2109  2108  2113  2155
10310    1991  1989  2069  2076
10311    1755  1750  1751  1757
10312     168   222   170   223
10313    2073  2080  2069  1989
10314    1991  1988  1990  2069
10315    7709  7706  7708  7748
10316    2090  2095  2094  2092
10317    2067  2071  2073  2080
10318    2076  1989  2069  2080
10319    2089  2085  2147  2150
10320    2134  2003  2101  2135
10321    1988  2068  2073  2072
10322    2067  1988  1989  2073
10323    1988  2072  2073  2066
10324    2071  2066  2067  2073
10325    2066  2072  2073  2070
10326    1760  1763  1761  1758
10327    1760  1763  1765  1761
10328    1792  1664  1752  1669
10329    1749  1743  1745  1742
10330    1537  1520  1510  1522
10331    2085  2096  2092  2150
10332    2147  2123  2162  2157
10333    2147  2150  2162  2123
10334    2159  2125  2164  2131
10335    2148  2087  2094  2150
10336    5589  5588  5582  5584
10337    1989  2074  2067  2080
10338    2085  2150  2094  2087
10339    2092  2150  2094  2085
10340    5480  5526  5473  5469
10341    3920  3915  3916  3944
10342    2189  2180  2191  2181
10343    2092  2083  2085  2094
10344    2318  2383  2382  2314
10345    1772  1827  1773  1770
10346    1838  1825  1835  1833
10347    1874  1854  1872  1877
10348    1768  1771  1773  1769
10349    1825  1820  1821  1823
10350     813   808   810   829
10351    1933  1938  1936  1954
10352    1761  1770  1768  1759
10353    1830  1855  1838  1825
10354    1871  1853  1872  1874
10355    1507  1496  1503  1509
10356    1516  1513  1518  1515
10357    3115  3032  3129  3061
10358    2108  2091  2093  2110
10359    1897  1893  1904  1892
10360    6265  6266  6269  6264
10361    2451   172  2450  2503
10362    1762  1760  1765  1764
10363    1835  1855  1852  1825
10364    1949  1932  1933  1951
10365    1826  1763  1770  1772
10366    1953  1922  1923  1914
10367    1763  1760  1765  1762
10368       8    11     9    31
10369    1750  1664  1669  1752
10370    6267  6271  6269  6266
10371    1791  1660  1709  1659
10372    6762  6816  6815  6813
10373    1512  1521  1502  1519
10374    5785  5790  5789  5792
10375    6266  6265  6269  6267
10376    3081  3040  3085  3071
10377    1994  2080  2081  2074
10378    1757  1750  1751  1753
10379    1751  1669  1670  1753
10380    5320  1083  5314  2217
10381    6153  6164  6154  6151
10382    1855  1823  1852  1825
10383    1977  1969  1979  1968
10384    1749  1742  1745  1744
10385    1768  1772  1773  1770
10386    1824  1834  1852  1835
10387    2228  2178  2179  2236
10388    1852  1851  1872  1834
10389    2025  2023  2021  2030
10390    2273  2279  5382  2275
10391    1746  1747  1761  1749
10392    1824  1834  1835  1832
10393    1834  1851  1872  1871
10394    1838  1855  1875  1835
10395    1790  1744  1791  1663
10396    1910  1948  1949  1918
10397    1663  1659  1791  1790
10398      99  2372   104  2378
10399    1661  1662  1709  1705
10400    1659  1708  1791  1790
10401    1821  1765  1828  1823
10402    1752  1750  1753  1669
10403    1791  1663  1745  1664
10404    1792  1714  1709  1660
10405    1910  1933  1911  1949
10406    1852  1822  1851  1824
10407    1745  1664  1752  1792
10408    1743  1663  1664  1745
10409    1792  1660  1709  1791
10410    1747  1742  1743  1749
10411    1748  1746  1749  1742
10412    1744  1748  1749  1742
10413    1824  1851  1852  1834
10414    1761  1747  1768  1749
10415    3981  3985  1967  1966
10416    1747  1766  1759  1768
10417    1761  1770  1772  1768
10418    1752  1669  1753  1793
10419     255  1379  1377  1462
10420    1761  1759  1768  1747
10421    1770  1759  1766  1768
10422    1754  1750  1757  1756
10423    1773  1827  1829  1842
10424    1910  1932  1949  1948
10425    1665  1714  1792  1660
10426    1791  1664  1792  1660
10427    1669  1660  1665  1792
10428    1866  1878  1884  1904
10429    1779  1778  1785  1783
10430    1752  1745  1756  1743
10431    1749  1743  1756  1745
10432    1661  1704  1709  1708
10433    1661  1705  1709  1704
10434    1659  1662  1660  1709
10435    1708  1659  1709  1661
10436    2136  1993  2121  2119
10437    2064  2007  2060  2039
10438    1841  1846  1844  1840
10439    1871  1851  1872  1853
10440    1851  1854  1852  1872
10441    1835  1855  1875  1852
10442    1852  1854  1875  1872
10443    1852  1857  1855  1875
10444    2085  2150  2089  2096
10445    2118  1991  2069  2076
10446    2118  2115  2069  1991
10447    2162  2150  2163  2126
10448    2158  2130  2159  2161
10449    2126  2089  2123  2150
10450    2086  2145  2144  2147
10451    2122  2146  2147  2088
10452    1986  2021  1987  2117
10453    2126  2150  2151  2096
10454    2089  2084  2147  2085
10455    2023  2020  2022  2025
10456    2494  2497  2495  2557
10457    2088  2123  2089  2147
10458    1986  1991  1990  2115
10459    1909  1920  1922  1912
10460    2161  2131  2159  2166
10461    1990  2068  2069  1988
10462    2117  2120  1987  2115
10463    2118  1991  1987  2115
10464    1987  1996  1991  2118
10465    2118  2120  1987  1992
10466    2118  2115  1987  2120
10467    2085  2084  2147  2087
10468    2088  2084  2147  2089
10469    2088  2146  2147  2084
10470    1992  2118  2119  1996
10471    2151  2092  2093  2097
10472    2084  2086  2147  2087
10473    2084  2146  2147  2086
10474    5409  5399  5336  5398
10475    2164  2157  2162  2125
10476    2158  2124  2159  2130
10477    2124  2131  2125  2159
10478    6648  7391  6650  6644
10479    6091  6196  6150  6191
10480    2131  2166  2164  2159
10481    2131  2132  2164  2166
10482    2162  2128  2164  2125
10483    4635  5596  4639  5610
10484    2249  2252  2250  5361
10485    2157  2123  2162  2125
10486    2123  2128  2126  2162
10487    2307  3321  3309  3385
10488    2162  2165  2164  2128
10489    2129  2165  2163  2128
10490    2162  2126  2163  2128
10491    2126  2129  2127  2163
10492    2211  2210  2209  2203
10493    5436  5369  5434  5386
10494    4295  2242  4258  4306
10495    2077  1996  1997  2119
10496    2241  2233  2242  2239
10497    1846  1847  1849  1850
10498    2001  2000  2100  2101
10499    1995  2077  2100  2104
10500    2104  2105  2101  2001
10501    4057  4055  2041  4098
10502    2108  2093  2112  2154
10503    2134  1993  2136  2119
10504    1926  1913  1915  1930
10505    2119  2076  2077  1996
10506    1994  1996  2077  2076
10507    1939  1955  1963  1980
10508    2074  2080  2081  2078
10509    2000  2001  2099  2105
10510    2050  2007  2060  2044
10511    2043  2030  2031  2028
10512    2264  2207  2208  2267
10513    1768  1754  1769  1756
10514    1838  1855  1876  1875
10515    1769  1754  1757  1756
10516    1789  1841  1788  1842
10517    2006  2029  2028  2043
10518    1998  2134  2136  2057
10519    2030  2120  2121  2026
10520    1811  1679  1739  1810
10521    1768  1771  1769  1766
10522    1752  1669  1793  1792
10523    1665  1714  1793  1792
10524    1665  1715  1793  1714
10525    2031  2058  2029  2027
10526    1665  1666  1793  1715
10527    1669  1665  1793  1792
10528    1985  4007  1984  4006
10529    1838  1855  1856  1876
10530    1679  1673  1738  1810
10531    1830  1855  1856  1838
10532    1937  1914  1936  1953
10533    1679  1677  1810  1776
10534    1779  1775  1781  1774
10535    1922  1912  1923  1914
10536    1922  1920  1923  1912
10537    1769  1773  1788  1771
10538    1923  1953  1915  1976
10539    1937  1976  1915  1953
10540    1868  1806  1809  1808
10541    1831  1826  1827  1829
10542    3866  3863  3868  3865
10543    1840  1846  1844  1842
10544    1845  1846  1847  1844
10545    2108  2155  2112  2113
10546    1753  1669  1670  1793
10547    2097  2154  2093  2151
10548    2110  2155  2152  2154
10549    2177  2182  2190  2180
10550    2102  2105  2098  2103
10551    1767  1754  1755  1769
10552    1769  1786  1784  1767
10553    1771  1766  1767  1769
10554    1994  2075  2074  2081
10555    2074  2079  2078  2081
10556    5476  5526  5522  5527
10557    2197  2196  2194  2195
10558    2101  2000  2100  2104
10559    2056  2054  2053  2057
10560    4097  4096  2052  2049
10561    2108  2111  2155  2109
10562    2263  2266  2265  2270
10563    2001  2000  2104  2105
10564    2279  2280  2275  2276
10565    2210  2205  2209  2203
10566    5436  5411  5434  5369
10567    5582  5585  5583  5589
10568    2192  2154  2193  2139
10569    2000  2105  2099  2098
10570    5380  2279  5381  5382
10571    2280  2282  2283  2279
10572    2138  2155  2112  2154
10573    2091  2110  2095  2093
10574    2155  2111  2110  2153
10575    2152  2095  2110  2154
10576    2110  2108  2106  2109
10577    2109  2107  2106  2110
10578    2107  2111  2110  2109
10579    2109  2111  2110  2108
10580    2153  2155  2152  2110
10581    5883  5894  5890  5881
10582    6211  6278  6276  6273
10583    2104  2105  2098  2102
10584    2104  2000  2098  2105
10585    1678  1673  1679  1677
10586    1915  1976  1930  1923
10587    1847  1845  1848  1846
10588    5879  5891  5906  5877
10589    2139  2140  2194  2192
10590    1848  1846  1850  1847
10591    4007  4006  1985  4002
10592    2113  2155  2112  2139
10593    1779  1774  1780  1778
10594    1524  1541  1522  1539
10595    1783  1782  1784  1786
10596    1324  1321  1368  1322
10597    1676  1675  1738  1679
10598    1840  1771  1786  1788
10599    1782  1755  1778  1784
10600    5904  5911  5907  5905
10601    1783  1782  1785  1784
10602    1738  1676  1739  1735
10603    1783  1778  1785  1782
10604    1668  1711  1738  1715
10605    1755  1778  1784  1780
10606    5357  2250  5382  5361
10607    1789  1784  1788  1786
10608    1784  1782  1785  1778
10609    1786  1767  1782  1784
10610    1947  1944  1965  1945
10611    1847  1846  1849  1844
10612    1780  1751  1776  1753
10613    1930  1915  1926  1976
10614    1679  1776  1810  1777
10615    1757  1755  1784  1780
10616    1938  1954  1963  1955
10617    1999  2057  1998  2054
10618    1839  1837  1849  1831
10619    1869  1883  1884  1865
10620    1926  1976  1977  1930
10621    1894  1893  1899  1897
10622    1928  1913  1924  1930
10623    1923  1921  1930  1913
10624    1924  1927  1925  1931
10625    1930  1931  1926  1924
10626    1787  1786  1788  1840
10627    1774  1775  1776  1677
10628    1785  1778  1781  1784
10629    1780  1774  1781  1776
10630    2134  2003  2100  2101
10631    1831  1847  1837  1849
10632    1926  1931  1977  1927
10633    1844  1846  1887  1842
10634    1753  1757  1780  1751
10635    1780  1778  1781  1779
10636    1779  1774  1781  1780
10637    1787  1840  1788  1789
10638    1789  1786  1788  1787
10639    1784  1786  1785  1783
10640    1769  1786  1788  1784
10641    1776  1774  1781  1775
10642    1887  1846  1843  1842
10643    1778  1751  1774  1780
10644    1751  1757  1780  1755
10645    1774  1670  1677  1776
10646    1670  1753  1776  1751
10647    2134  2135  2136  2057
10648    1785  1786  1789  1787
10649    1900  1891  1889  1887
10650    1676  1675  1679  1673
10651    1677  1775  1679  1678
10652    1675  1734  1738  1668
10653    1810  1666  1738  1715
10654    1776  1775  1679  1677
10655    1777  1775  1679  1776
10656    1844  1829  1842  1887
10657    1829  1844  1827  1831
10658    1888  1846  1843  1887
10659    1789  1842  1843  1841
10660    1841  1842  1843  1846
10661    1849  1846  1887  1844
10662    1992  2120  2121  2118
10663    1849  1844  1887  1831
10664    1849  1831  1887  1839
10665    1856  1839  1887  1831
10666    1673  1666  1738  1810
10667    1676  1735  1738  1734
10668    1676  1734  1738  1675
10669    1734  1711  1738  1668
10670    1673  1677  1810  1679
10671    1677  1670  1810  1776
10672    1887  1846  1891  1888
10673    1670  1753  1810  1776
10674    1670  1793  1810  1753
10675    1666  1677  1670  1810
10676    2304  2289  2291  2366
10677    1666  1793  1810  1670
10678    1793  1666  1810  1715
10679    1668  1715  1738  1666
10680    5286  5277  5288  5279
10681    2173  2201  2199  2210
10682    2205  2208  2207  2212
10683    2053  2054  1998  2057
10684    2197  2198  2203  2194
10685    1937  1936  1955  1953
10686    1902  1892  1905  1904
10687    1968  1915  1937  1976
10688    1849  1901  1900  1846
10689    1857  1866  1858  1878
10690    1891  1846  1900  1901
10691    4169  2188  4185  2189
10692    1974  4003  1975  1983
10693    1891  1887  1900  1846
10694    1849  1846  1900  1887
10695    1887  1839  1900  1849
10696    1939  1936  1938  1955
10697    1856  1839  1900  1887
10698    1856  1876  1900  1839
10699    2203  2205  2209  2206
10700    2104  2000  2100  1995
10701    2001  2002  2100  2000
10702    2119  2077  2134  1997
10703    2057  2002  2134  2003
10704    2003  2135  2134  2057
10705    2041  2018  2039  2019
10706    2044  2065  2045  2056
10707    4098  4100  2062  2041
10708    1997  2002  2100  2134
10709    2134  2002  2100  2003
10710    2097  2154  2112  2093
10711    2003  2001  2100  2101
10712    2003  2002  2100  2001
10713    2241  2252  2262  2242
10714    1997  2077  2100  1995
10715     948  2070  2072  2066
10716    2213  2205  2209  2210
10717    1993  2002  1997  2134
10718    2057  2002  1998  2134
10719    2151  2127  2192  2163
10720    2154  2127  2192  2151
10721    2139  2140  2192  2138
10722    2138  2154  2192  2139
10723    1903  1891  1902  1900
10724    2127  2140  2138  2192
10725    2127  2129  2192  2163
10726    2138  2127  2192  2154
10727    2139  2154  2193  2155
10728    2026  2120  2121  1992
10729    2052  2046  2062  2050
10730    2280  2282  2284  2283
10731    2954   817  2953  2970
10732    2192  2140  2195  2129
10733    2210  2211  2204  2203
10734    2268  2183  2213  2191
10735    2282  2252  2275  2280
10736    5510  5512  5506  5513
10737    2210  2203  2204  2201
10738    2252  2241  2262  2251
10739    2210  2197  2203  2199
10740    2196  2193  2194  2195
10741    2203  2194  2200  2199
10742    1993  1992  2121  2119
10743    2331  2338  2336  2382
10744    2189  2188  2191  2180
10745    1804  1808  1809  1802
10746    2190  2180  2191  2188
10747    2271  4310  2281  2284
10748    2263  2207  2267  2268
10749    2139  2192  2194  2193
10750    2190  2182  2191  2180
10751    2198  2196  2194  2197
10752    2210  2181  2213  2205
10753    2195  2192  2194  2140
10754    2193  2192  2194  2195
10755    1983  1972  1974  1982
10756    2194  2141  2143  2142
10757    2136  2057  2059  2058
10758    2057  2053  2059  2058
10759    2275  2242  2280  2252
10760    2031  2043  2029  2064
10761    2136  2057  2137  2059
10762    2055  2056  2059  2058
10763    2280  2242  2284  2262
10764    1998  1993  2136  2134
10765    2048  4097  1984  1985
10766    2141  2140  2142  2194
10767    2197  2199  2142  2194
10768    2064  2061  2060  2044
10769    2055  2056  2058  2065
10770    2136  2057  2058  2053
10771    2136  2135  2137  2057
10772    1889  1856  1858  1900
10773    3963  1946  3962  3981
10774    1968  1971  1969  1979
10775    2268  2234  2271  2265
10776    2055  2027  2029  2058
10777    2136  2053  2058  2027
10778    2195  2197  2142  2194
10779    2194  2140  2142  2195
10780    2121  2027  2031  2026
10781    1992  2118  2121  2119
10782    2028  2006  2043  2042
10783    2042  2006  2043  2038
10784    2045  2065  2064  2061
10785    2044  2065  2064  2045
10786    2045  2061  2064  2044
10787    2058  2065  2064  2055
10788    1982  1972  1945  1980
10789    2055  2065  2064  2056
10790    2044  2056  2064  2065
10791    2055  2056  2064  2044
10792    2041  2038  2039  2018
10793    2251  5361  2260  2252
10794    5438  5388  5375  5436
10795    7222  7223  7204  7220
10796    2197  2199  2133  2142
10797    2197  2167  2133  2199
10798    2132  2167  2133  2165
10799    2128  2133  2129  2165
10800    2197  2165  2133  2167
10801    2129  2142  2140  2195
10802    2129  2165  2133  2195
10803    2197  2195  2133  2165
10804    2142  2195  2133  2197
10805    2007  2064  2029  2043
10806    2055  2007  2044  2064
10807    2827  3836  3834  2806
10808    2055  2058  2029  2064
10809    2214  2210  2209  2211
10810    1900  1856  1858  1876
10811    1858  1855  1857  1876
10812    7289  5501  7282  5505
10813     117  1277  1279  1234
10814    2181  2189  2213  2191
10815    2203  2199  2201  2210
10816    1965  3981  1947  4002
10817    1856  1828  1855  1830
10818    2051  2050  2052  2060
10819     819   822   820   840
10820    1812  1816  1818  1819
10821    1974  1945  1947  1982
10822    1973  1970  1972  1981
10823     633   636   638   634
10824    2262  2242  2284  4310
10825    1972  1970  1980  1981
10826     151   214   211   216
10827    2051  2047  2052  2050
10828    4206  2189  4214  2210
10829    7321  7286  7288  7290
10830    2049  2048  2052  2046
10831    2017  3985  1967  4006
10832    1890  1887  1889  1891
10833    1147  1180  1182  1148
10834    1939  1955  1980  1978
10835    1904  1892  1905  1897
10836    1955  1939  1963  1938
10837    1900  1891  1902  1889
10838    1889  1858  1902  1900
10839    1866  1878  1902  1858
10840    4295  2271  2281  2272
10841    1866  1878  1904  1902
10842    7237  7234  7239  7233
10843    1953  1937  1978  1955
10844    1953  1976  1978  1937
10845    2046  2048  2052  4096
10846    3985  4055  2017  2016
10847    1965  4002  1967  3981
10848    1962  1938  1963  1944
10849    1168  1145  1167  1170
10850    1894  1889  1893  1892
10851    4055  4057  2041  2040
10852    1866  1902  1904  1893
10853    2181  2167  2210  2189
10854    2284  4310  2281  2285
10855    1944  1945  1963  1965
10856    1893  1892  1897  1894
10857    1906  1897  1898  1904
10858    4003  4002  1974  3994
10859    1902  1892  1893  1889
10860    1970  1979  1981  1971
10861    1965  1982  1947  1945
10862    3311  3314  3312  3372
10863    1897  1904  1907  1905
10864    1895  1866  1868  1898
10865    1812  1819  1818  1814
10866    2015  4055  2017  4096
10867    1902  1903  1905  1892
10868    2050  2047  2052  2046
10869    4055  3985  2017  4096
10870    1965  1962  1963  1944
10871    1870  1865  1884  1866
10872    1893  1807  1816  1895
10873    4096  4097  2048  2049
10874    1866  1865  1884  1878
10875    1985  4002  1984  1982
10876    2048  4006  1984  4097
10877    1983  4003  1985  1982
10878    4097  4006  1984  4007
10879    2017  1966  1967  3985
10880    2046  2047  2052  2049
10881    1947  1944  1946  1965
10882    2014  2017  2015  4055
10883    1981  1970  1980  1978
10884    1983  1972  1980  1981
10885    4003  4002  1985  1982
10886    4003  4007  1985  4002
10887    4097  4007  1984  1985
10888    1946  3981  1965  1964
10889    3981  4002  1967  4006
10890    1904  1897  1898  1893
10891    1812  1815  1813  1819
10892    1898  1897  1899  1893
10893    7137  7080  7136  7134
10894    3963  4002  1947  3981
10895    1807  1802  1803  1809
10896    1531  1504  1527  1533
10897    1812  1817  1816  1819
10898    1802  1805  1803  1809
10899    1907  1897  1906  1904
10900    1802  1808  1809  1806
10901    1904  1906  1870  1898
10902    2260  2280  2284  2262
10903    1806  1866  1865  1868
10904    1899  1893  1896  1895
10905    1868  1867  1870  1865
10906    1898  1907  1899  1897
10907    1865  1867  1870  1869
10908    1895  1807  1868  1866
10909    1816  1803  1812  1818
10910    2191  2183  2213  2181
10911    2048  2015  2017  4096
10912    1944  1964  1965  1962
10913    1895  1893  1896  1816
10914    1899  1894  1896  1893
10915    1819  1816  1896  1817
10916    4057  4059  2041  2040
10917    3471  2399  3401  3501
10918    1982  4002  1947  1974
10919    1965  4002  1947  1982
10920     896   893   895  3056
10921    3994  1947  3963  4002
10922    2015  4096  2041  4055
10923    4098  4055  2041  4096
10924    2049  4096  2052  2048
10925    2018  2014  2041  2040
10926    2019  2014  2015  2041
10927    2166  2167  2173  2132
10928    2038  2018  2041  2040
10929    2133  2132  2173  2167
10930    2202  2201  2204  2203
10931    2166  2132  2173  2172
10932    2856  2839  2815  2841
10933    2283  2285  2284  2280
10934    4286  4282  2242  4310
10935    2240  2232  2268  2183
10936    4258  4306  2242  4282
10937    4310  4282  2242  4306
10938    2260  2252  2262  2251
10939    2180  2166  2189  2188
10940    2173  2166  2189  2167
10941    5704  5699  5737  5702
10942    5767  5768  5774  5771
10943    2240  2234  2271  2268
10944    2234  2233  2240  2242
10945    2231  2234  2233  2240
10946    2231  2182  2240  2239
10947    3511  2499  2501  3575
10948    2251  2241  2262  2261
10949    2242  4310  2262  4286
10950    5557  5632  5617  7417
10951    2239  2233  2240  2231
10952    3730  3673  3674  3756
10953    2242  4286  2262  2241
10954    2181  2207  2183  2213
10955    2173  2172  2189  2166
10956    2188  2166  2189  2172
10957    2277  2279  5379  5380
10958    2259  2251  2262  2261
10959    2197  2199  2210  2167
10960    2189  4206  4169  2175
10961    2203  2200  2202  2201
10962    2194  2199  2203  2197
10963    2173  2167  2210  2199
10964    2189  2167  2210  2173
10965    2173  2175  2210  2189
10966    4306  4310  2281  2271
10967    2142  2194  2200  2143
10968    2214  2213  2212  2209
10969    2052  4096  2062  2046
10970    5408  5366  5410  5363
10971    7138  7139  7134  5438
10972    7566  7569  7567  7499
10973    7140  7082  7141  7143
10974    7323  7330  7319  7324
10975    4310  4307  2281  4311
10976    2272  2271  2270  2268
10977    2272  2280  2270  2271
10978    2265  2268  2270  2271
10979    2275  2266  2270  2265
10980    2269  2268  2270  2267
10981    2269  2272  2270  2268
10982    2275  2265  2270  2271
10983    2271  2280  2270  2275
10984    2276  2266  2270  2275
10985    2275  2280  2270  2276
10986    2206  2197  2198  2203
10987    2210  2205  2203  2197
10988    2213  2205  2212  2209
10989    2213  2207  2212  2205
10990    2269  2213  2212  2214
10991    2268  2207  2212  2213
10992    2267  2207  2212  2268
10993    2268  2269  2212  2267
10994    2268  2213  2212  2269
10995    2045  2044  2060  2061
10996    2050  2044  2060  2045
10997    2050  2007  2019  2060
10998    2051  2045  2060  2061
10999    2050  2045  2060  2051
11000    4099  4098  2052  4096
11001    2041  4096  2062  4098
11002    2060  2050  2062  2019
11003    2041  4100  2062  4104
11004    2063  4101  2062  4099
11005    4105  4104  2062  4100
11006    2271  4310  2284  2242
11007    2063  4099  2062  2052
11008    2052  4099  2062  4098
11009    2052  4098  2062  4096
11010    2050  2060  2062  2052
11011    2052  2060  2062  2063
11012    4105  4100  2062  4101
11013    2019  2039  2062  2060
11014    2019  2041  2062  2039
11015    2050  2015  2046  2062
11016    2041  2019  2062  2015
11017     610   635   637   633
11018    7247  7245  7237  7244
11019    7249  7246  7242  7248
11020    4207  4209  2204  4206
11021    4214  4215  2204  2210
11022    2210  4206  2204  4214
11023    4209  4208  2204  4206
11024    4215  4208  2204  4209
11025    4214  4208  2204  4215
11026    4214  4206  2204  4208
11027    4295  4296  2281  4307
11028    2272  4296  2281  4295
11029    4306  4295  2281  4307
11030    2271  4295  2281  4306
11031    5517  5515  7315  7312
11032    7135  5438  7134  7139
11033    5615  5617  5634  5619
11034     380   369   376   382
11035    5534  5507  5530  5536
11036    7236  7232  7237  7235
11037    5536  5511  5534  5507
11038    4594  4585  4587  4598
11039    7334  5537  7322  5536
11040    7081  7078  7080  7135
11041    5860  5851  5862  5845
11042    6609  6610  4574  6616
11043    5497  5491  5528  5493
11044    5440  7139  7138  5438
11045    7626  7625  7557  7563
11046    1696  3734  3771  3733
11047    5377  7078  5390  7134
11048    7325  7319  7329  7330
11049    5391  5390  7135  5439
11050    5444  5443  7144  5442
11051    5444  5445  7145  5443
11052    7144  5423  7138  7109
11053    5632  7417  7418  5636
11054    5481  5477  5527  5476
11055    7280  7305  7291  7284
11056    5378  2254  5355  2222
11057    5528  5524  5522  5529
11058    5534  5524  5528  5535
11059    5493  5507  5534  5511
11060    7382  5560  7379  7381
11061     563   538   559   585
11062    7250  7249  7251  7242
11063    5629  5626  5622  5628
11064    7129  5453  7233  7148
11065    5380  2279  5379  5381
11066    7238  7246  7213  7248
11067    2277  5380  5379  5378
11068    5371  5420  5374  5418
11069    5441  5438  5439  7139
11070    5376  5421  5374  5420
11071    5485  5503  5489  5484
11072    5489  5487  5496  5483
11073    5388  5437  5436  5439
11074    5483  5487  5496  5494
11075    7432  7427  7431  7425
11076    5423  5421  7138  7109
11077    5444  5429  5442  7144
11078    5616  5618  5620  5621
11079    5438  5390  5388  5439
11080    2242  2275  2280  2271
11081    5386  5437  5434  5436
11082    2275  2250  2252  5382
11083    3547  3554  3548  3594
11084    2283  2282  5383  2279
11085    5389  5437  5388  5439
11086    5388  5391  5389  5439
11087    5536  5507  5513  5511
11088    5513  5512  5506  5508
11089    5507  5532  5530  5536
11090    7125  5428  7124  5430
11091    5364  5413  5407  5406
11092    7138  5438  7134  5421
11093    5365  5410  5407  5418
11094    7139  5439  7135  5438
11095    5555  5564  5557  7383
11096    7138  5421  7134  7105
11097    5376  5421  7105  5377
11098    7319  7326  7320  7330
11099    5420  5421  5374  5418
11100    5420  5423  5422  7109
11101    7108  5420  7104  5415
11102    7125  5431  7144  5429
11103    4447  6355  4446  6351
11104    5423  5442  5429  7144
11105    7140  7080  7141  7082
11106    5664  5666  5673  5667
11107    5617  7417  5636  5621
11108    5547  7379  7366  7377
11109    5564  5557  7383  7417
11110    5386  5389  5387  5437
11111    5529  5535  5528  5524
11112    5921  5878  5879  5874
11113    4491  4487  4485  4498
11114    5661  5679  5706  5712
11115    5527  5526  5522  5529
11116    5541  5538  5539  7336
11117    6163  5195  6165  5203
11118    5576  5603  5580  5602
11119    5605  5619  5601  5634
11120    7417  7394  5621  5617
11121    7381  5549  7379  7368
11122    5277  5286  5275  5279
11123    6277  6288  6290  6215
11124    5776  5775  5853  5852
11125    7417  7422  7418  5636
11126    5584  5622  5627  5626
11127    5633  5637  5635  5632
11128    5634  5630  5624  5635
11129    5538  7336  7334  5539
11130    7125  5431  7146  7144
11131    5634  5632  5635  5637
11132    5707  5668  5706  5673
11133    6123  6190  6191  6090
11134    5562  5555  7381  7383
11135    5636  5619  5634  5617
11136    5547  5560  5549  7379
11137    5629  5628  5624  5635
11138    7418  7417  7424  7422
11139    5637  5636  5634  5632
11140    5541  7378  5540  7336
11141    5497  5493  5528  5534
11142    5630  5633  5631  5635
11143    5560  5562  7381  7382
11144    5562  5563  7384  7382
11145    5432  5402  5337  5399
11146    7418  5565  7384  5564
11147    7423  7419  7424  7430
11148    5632  5637  7418  5633
11149    5634  5630  5635  5632
11150    5601  5630  5624  5634
11151    5584  5626  5627  5588
11152    7300  7307  7294  7298
11153    5382  5357  5380  2250
11154    5540  7336  7335  5538
11155    7394  7417  7376  5557
11156      69    72   111    70
11157    7183  7259  7180  7182
11158    5634  5635  5624  5628
11159    4020  4025  4024  4027
11160    5559  5540  5541  7378
11161    3546  3567  3617  3548
11162    5672  5664  5668  5649
11163    5581  5588  5577  5575
11164    5601  5628  5599  5605
11165    5980  5931  5933  5955
11166    5636  5617  5634  5632
11167    5629  5628  5622  5624
11168    5492  5511  5496  5510
11169    2468  2463  2465  2524
11170    5707  5672  5706  5712
11171    5634  5619  5601  5615
11172    5386  5437  5435  5434
11173    2773  2786  2774  2778
11174    5605  5619  5600  5601
11175    5534  5511  5497  5493
11176    5337  5384  5348  5432
11177    5332  5363  5333  5405
11178    6258  6262  6263  6260
11179    5603  5605  5598  5599
11180    5624  5631  5625  5635
11181    5628  5634  5601  5624
11182    5605  5634  5601  5628
11183    3968  4013  3969  4021
11184    5476  5480  5527  5481
11185    1422  1429  1424  1431
11186    5436  5419  5369  5375
11187    5436  5411  5369  5419
11188    5490  5483  5496  5494
11189    5382  2279  5383  2282
11190    7749  6057  7727  6122
11191    5361  2249  5357  2250
11192    2278  2225  5379  2226
11193    5360  2249  5356  5361
11194    5531  5524  5530  5535
11195    3799  3806  3801  3840
11196    5321  2217  5315  2218
11197    5469  5526  5495  5491
11198    5497  5491  5495  5528
11199    5355  2221  5324  5325
11200    5593  5618  5611  5607
11201    5325  2221  5324  5329
11202    5354  5357  5356  2253
11203    5382  2250  5380  2273
11204    2273  2277  5380  2279
11205    2223  2226  5338  2225
11206    5357  2254  5380  2250
11207    2277  2250  2273  5380
11208    5435  5386  5387  5437
11209    5480  5467  5473  5471
11210    5435  5433  5385  5384
11211    5329  2222  5325  2221
11212    5349  5346  5348  5403
11213    5566  5572  5568  5573
11214    2277  2222  2254  5378
11215    5355  2222  5325  5378
11216    5337  5334  5336  5399
11217    5625  5622  5624  5629
11218    5433  5432  5348  5384
11219    1037  1044  1039   992
11220    2277  2278  5379  2279
11221    5378  2225  5379  2277
11222    2278  2277  5379  2225
11223    5326  5329  5328  5322
11224    5384  5387  5385  5435
11225    5367  5336  5366  5409
11226    5432  5435  5384  5433
11227    5434  5435  5384  5432
11228    5434  5386  5384  5435
11229    5350  2247  5353  5352
11230    5378  2225  5340  2226
11231    1578  1575  1577  1586
11232    5378  2226  5340  5379
11233    5385  5348  5384  5433
11234    5600  5591  5593  5604
11235    5480  5526  5469  5476
11236    5341  2226  5344  5345
11237    5834  5780  5837  5818
11238    5476  5523  5477  5527
11239    5433  5348  5403  5349
11240    5433  5402  5403  5348
11241    5529  5527  5523  5522
11242    5324  2218  5328  2221
11243    6250  6165  6273  6272
11244    5354  2218  5324  2221
11245    5584  5588  5627  5589
11246    2426  2417  2339  2419
11247    5529  5526  5522  5528
11248    5524  5491  5493  5528
11249    5316  2217  5350  1083
11250    5585  5584  5627  5589
11251    5623  5584  5622  5627
11252    2819  2803  2827  2804
11253    5354  2248  5351  2218
11254    5586  5575  5582  5588
11255    5707  5673  5706  5672
11256    5629  5622  5627  5623
11257    5664  5667  5673  5665
11258    5494  5461  5483  5487
11259    5553  5551  7375  7372
11260    5479  5474  5475  5481
11261    5657  5641  5645  5640
11262    5879  5878  5891  5876
11263    2883  3927  3929  3881
11264    5474  5477  5475  5481
11265    6125  6193  6191  6190
11266    6162  6159  6161  6170
11267    5962  5963  5960  5898
11268    5481  5480  5474  5476
11269    5478  5480  5474  5481
11270    5468  5494  5490  5495
11271    3656  3649  3651  3685
11272    5400  5402  5346  5403
11273    5403  5402  5346  5348
11274     884   907   902   921
11275    5989  5998  5996  5987
11276    5344  2222  5323  5338
11277    5595  5573  5568  5572
11278    5346  5401  5400  5403
11279    5339  2223  2224  2226
11280    5340  2226  5344  5341
11281    4413  4436  4423  4343
11282    2094  2149  2148  2151
11283    5339  5345  5344  2226
11284    5338  5345  5344  5339
11285    5339  2226  5344  5338
11286    5338  2226  5344  2225
11287    5340  2225  5344  2226
11288    2222  2225  5344  5340
11289    5338  2225  5344  2222
11290    5641  5638  5640  5643
11291    5461  5458  5460  5465
11292    5344  2222  5329  5323
11293    5575  5584  5582  5588
11294     297   300   299   302
11295    1675  1658  1671  1734
11296    5323  5342  5327  5344
11297    5344  2222  5325  5329
11298    5400  5335  5346  5402
11299    5319  5321  5315  5328
11300    5398  5408  5333  5336
11301    5891  5876  5877  5879
11302    5422  5428  7124  7125
11303    5622  5626  5599  5628
11304    5469  5522  5476  5526
11305    5333  5408  5395  5405
11306    5458  5462  5464  5465
11307    5461  5490  5468  5494
11308    5335  5399  5337  5402
11309    5467  5476  5474  5480
11310    5624  5599  5601  5628
11311    5581  5626  5577  5588
11312    5584  5588  5577  5626
11313    3320  3315  3316  3390
11314    7316  5520  7366  5521
11315    5335  5348  5346  5402
11316    6170  6185  6183  6266
11317    5603  5599  5577  5626
11318    5603  5626  5577  5581
11319    5472  5461  5468  5494
11320    2219  5323  5322  2221
11321    5378  5380  5355  2254
11322    5357  2254  5355  5380
11323    5484  5498  5503  5502
11324    1816  1894  1893  1896
11325    5357  2253  5355  2254
11326    2221  2254  2222  5355
11327    2751  2791  2760  2753
11328    7355  7346  7359  7353
11329    5432  5337  5367  5409
11330    5317  2218  5351  2217
11331    2253  2218  2248  5354
11332    2222  2219  2221  5323
11333    5409  5337  5336  5399
11334    5432  5434  5367  5384
11335    5409  5434  5367  5432
11336    5367  5386  5384  5434
11337    5366  5409  5336  5408
11338     890   887  3050   888
11339    5331  5396  5393  5398
11340    5398  5408  5395  5333
11341    5409  5411  5366  5367
11342    5408  5411  5366  5409
11343    5366  5369  5367  5411
11344    5354  2221  5324  5355
11345    5357  2253  5354  5355
11346     190   193   191   237
11347    1134  5352  4389  1130
11348    5366  5411  5410  5368
11349    5354  2248  5356  5351
11350    5368  5363  5365  5410
11351    5419  5368  5410  5411
11352    2243  5352  5359  5353
11353    5360  2244  5356  2249
11354     959  1006  1005  1008
11355    5328  5317  5321  2218
11356    7222  7209  7219  7201
11357    5363  5405  5410  5408
11358    5332  5330  5394  5395
11359    2247  2217  5350  5351
11360    5333  5405  5363  5408
11361    5333  5366  5336  5408
11362    5511  5510  5492  5506
11363    4822  4818  4817  4807
11364    7408  7405  7401  7407
11365    5465  5461  5472  5494
11366    5395  5405  5332  5333
11367    5593  5597  5618  5604
11368    5591  5597  5595  5590
11369    5595  5597  5594  5590
11370    5615  5600  5614  5619
11371    1262  1229  1258  3409
11372    5578  5567  5574  5580
11373    5472  5494  5468  5495
11374    5495  5473  5468  5472
11375    5495  5469  5468  5473
11376    5322  5327  5326  5329
11377    7217  7202  7203  7200
11378    4347  1079  4354  4386
11379    7206  7207  7204  5452
11380    5497  5491  5490  5495
11381    5495  5494  5490  5497
11382    5490  5497  5496  5492
11383    5333  5330  5332  5395
11384    5037  6076  5112  5039
11385    5682  5689  5688  5691
11386    5593  5597  5604  5591
11387    5591  5597  5604  5595
11388    5676  5689  5688  5682
11389    5601  5598  5600  5605
11390    5576  5599  5577  5603
11391    5591  5602  5604  5598
11392    5598  5569  5591  5602
11393    3642  3645  3643  3613
11394    5616  5618  5609  5620
11395    5621  7394  5616  5617
11396    5576  5602  5580  5569
11397    5602  5605  5598  5603
11398    5569  5602  5580  5573
11399    5591  5569  5595  5602
11400    1039  1036  1037   991
11401    5606  5610  5608  5611
11402     958   955   957   960
11403    4925  5886  4923  4929
11404    4346  1078  4382  1075
11405    5320  2217  5316  1083
11406    5573  5569  5567  5580
11407    5808  5802  5807  5811
11408    5578  5580  5574  5581
11409    5580  5576  5574  5581
11410    5579  5574  5575  5581
11411    5365  5363  5407  5410
11412    5320  2217  5314  5321
11413    5470  5459  5466  5472
11414    1825  1822  1852  1824
11415    5473  5470  5466  5472
11416    5468  5473  5466  5472
11417    1132  1130  4393  5358
11418    4513  4509  4503  4540
11419    2217  2218  5321  5317
11420    5466  5471  5470  5473
11421    5469  5466  5468  5473
11422    1995  2002  2000  2100
11423    6459  6380  4474  6381
11424    5570  5572  5566  5573
11425    5869  5883  5871  5890
11426    6005  6002  6004  6077
11427    6277  6172  6259  6288
11428    5520  5515  7315  5517
11429    5392  5395  5394  5330
11430    5569  5573  5568  5595
11431    5568  5591  5569  5595
11432    6609  6616  4574  6615
11433    5568  5572  5594  5595
11434    5571  5566  5567  5573
11435    5039  6080  5116  6107
11436    5468  5459  5461  5472
11437    5321  2217  5316  5320
11438    4637  4639  4633  5596
11439    5321  2217  5314  5315
11440    5465  5461  5459  5472
11441    4347  1079  4386  4383
11442    5320  5321  5314  5318
11443    5814  5823  5818  5839
11444    4924  4910  4925  4912
11445    6168  6163  6164  6251
11446    5640  4677  4679  5642
11447    4548  4523  4541  4527
11448    5566  5569  5567  5573
11449    5319  5314  5315  5321
11450    4421  4366  4367  4441
11451    5321  5317  5316  2217
11452    5458  5463  5462  5465
11453    6253  6250  6255  6252
11454    6000  6030  6035  6034
11455    5023  5020  5018  5022
11456    6084  6077  6082  6086
11457    5990  5027  5025  5988
11458    6089  6091  6157  6150
11459    3679  2679  2647  2681
11460    5464  5465  5460  5458
11461    4551  6544  4550  4546
11462    5464  5487  5460  5465
11463    5465  5487  5460  5461
11464    7200  7202  4475  6459
11465    5486  5487  5460  5464
11466    4531  5488  4535  5502
11467    5482  5487  5460  5486
11468    5394  5405  5404  5332
11469    5370  5414  5372  5415
11470    4357  4352  4353  4359
11471    5352  4387  5350  1134
11472    5364  5371  5365  5413
11473    4546  6543  4550  4539
11474    7277  4547  6540  7281
11475    4450  4403  4406  4452
11476    1083  2247  2217  5350
11477    1134  4387  5350  1083
11478    5410  5363  5407  5405
11479    7393  5620  7397  7398
11480    4575  7369  4581  6616
11481    3017  3022  3021  3024
11482    4350  1078  4351  4346
11483    5413  5415  5412  5370
11484    4454  4447  4452  6360
11485    2244  2243  5359  5353
11486    5371  5418  5365  5413
11487    5362  5405  5407  5363
11488    7068  7107  7104  7106
11489    5370  5364  5412  5413
11490    5595  5602  5604  5591
11491    7392  7406  7388  7413
11492    4494  4498  4499  4492
11493    7206  5452  7204  5449
11494    5551  5556  5553  7375
11495    6205  6216  6222  6208
11496    5490  5493  5491  5497
11497    7363  6610  4573  6608
11498    4393  1131  4392  1129
11499    5419  5418  5410  5368
11500    7244  7235  7233  7205
11501    4362  4436  4437  4416
11502    5482  5487  5489  5483
11503    5438  5439  7135  5390
11504    3650  2645  2643  2647
11505    4407  5372  5370  5414
11506    3547  3542  3544  3591
11507    5415  5414  5372  7099
11508    5425  5416  5417  7119
11509    7127  5450  7129  5451
11510    6445  6494  6452  6493
11511    5415  7099  7108  7103
11512    7279  7280  7282  7284
11513    7394  5616  7393  5620
11514    7282  7289  7278  5501
11515    1134  4387  4389  5352
11516    5503  5498  5505  5502
11517    5356  2248  5353  5351
11518    5499  5484  5498  5503
11519    5360  2244  5353  5356
11520    5413  5420  5371  5418
11521    5365  5413  5407  5364
11522    7135  5390  7134  5438
11523    5503  5499  5485  5510
11524    2256  2255  5359  2245
11525    7105  5420  7104  7109
11526    5453  5450  5451  7129
11527    2806  2803  2804  2827
11528    2382  2299  2318  2295
11529    5513  7290  5508  5509
11530    5486  5482  5489  5488
11531    7294  7303  7301  7307
11532    5498  5501  5499  5505
11533    2249  2253  5356  5357
11534    5499  5508  5506  5512
11535    7137  7080  7141  7136
11536    2248  2247  5353  5351
11537    2256  2246  5360  2259
11538    7068  7107  7106  7115
11539    4533  4535  4529  5488
11540    7221  7223  7204  7205
11541    5368  5375  5369  5419
11542    5368  5418  5374  5419
11543    7122  5448  7123  5446
11544    5426  5424  7119  7118
11545    7324  7322  7320  7319
11546    5492  5510  5496  5485
11547    5593  5590  5592  5597
11548    5513  5507  5506  5511
11549    5605  5598  5600  5604
11550    2436  2409  2432  2438
11551    5509  5506  5508  5513
11552    5482  5485  5483  5489
11553    5419  5421  5374  5375
11554    5419  5418  5374  5421
11555    5356  2244  5353  2248
11556    5365  5418  5407  5413
11557    2243  2246  2244  5359
11558    5360  2244  5359  5353
11559    5408  5411  5410  5366
11560    1633  1630  1697  1631
11561    2259  2246  5360  2251
11562    2251  5361  5360  2259
11563    2249  5361  5360  2251
11564    2244  2253  2248  5356
11565    2253  2248  5356  5354
11566    5374  5365  5371  5418
11567    5365  5362  5364  5407
11568    5360  2256  5359  2246
11569    5360  2246  5359  2244
11570    2245  2246  5359  2256
11571    2243  2245  5359  5358
11572    5351  2247  5353  5350
11573    2248  2243  2244  5353
11574    2243  5352  5353  2247
11575    5107  5095  5109  5098
11576    2243  5358  5359  5352
11577    5485  5510  5496  5489
11578    2171  2168  2170  2185
11579    5492  5497  5496  5511
11580    5483  5485  5496  5489
11581    5492  5507  5493  5511
11582    5596  5597  5592  5590
11583    5602  5605  5604  5598
11584    7208  7225  7218  7224
11585    5618  5621  5616  5619
11586    6648  6644  6650  6643
11587    5621  7394  7398  5620
11588    7399  7390  7397  7386
11589    5607  5618  5611  5609
11590    5692  5680  5694  5677
11591    5600  5604  5618  5619
11592    5593  5604  5618  5600
11593    5556  5617  5616  7394
11594    4723  4726  4725  4713
11595    6612  6606  4571  6615
11596    5621  7394  5620  5616
11597    7400  7396  7423  7429
11598    5540  5558  7377  7378
11599    5607  5616  5614  5618
11600    5614  5617  5615  5619
11601    7294  7305  7280  7298
11602    7376  5555  7374  5554
11603     116    70    77    75
11604    5617  5619  5616  5621
11605    5614  5618  5616  5619
11606    5560  5549  7379  7381
11607    7312  7310  7309  5514
11608    7383  5557  7376  7417
11609    7393  7394  7375  5556
11610    5609  5606  5608  5611
11611    4462  4473  4472  6379
11612    5691  5699  5683  5702
11613    5692  5680  5678  5693
11614    7416  7415  7413  7409
11615    7401  7405  7406  7387
11616    7393  5613  7397  5620
11617    5547  7368  7366  7379
11618    5514  5517  5516  7312
11619    6615  6609  4571  4574
11620    5612  5613  5608  5610
11621    5187  5194  5202  5204
11622    3740  3737  3739  3777
11623    4582  6644  6643  6617
11624    7651  7679  7678  7681
11625    5683  5676  5682  5689
11626    5593  5614  5600  5618
11627    4572  6610  4574  6609
11628    4445  4397  4450  4403
11629    5609  5618  5611  5620
11630    5609  5620  5611  5613
11631    7376  5556  7375  7394
11632    5544  5550  7369  7370
11633    7281  7309  4551  6544
11634    4653  4650  4651  4655
11635    1273  1253  1270  1339
11636    7393  5553  7375  7372
11637    6617  4582  4579  6643
11638    5612  4653  4651  4655
11639    6618  7371  4581  4583
11640    6666  6664  6659  6663
11641    7386  5552  7371  7385
11642    7397  7386  7390  5613
11643    5611  5613  5608  5609
11644    5610  5613  5608  5611
11645    6899  6896  6886  6898
11646    5063  5065  5059  5072
11647    5596  5611  5592  5597
11648    5593  5597  5592  5611
11649    5596  5610  5592  5611
11650    5606  5611  5592  5610
11651    5592  5607  5593  5611
11652    3662  3643  3645  3614
11653    7514  7606  7604  7513
11654    7465  7463  7487  7488
11655    5739  5736  5726  5734
11656    2020   856   906  2116
11657    4913  5870  4911  5882
11658    4794  4785  4786  4792
11659    5737  7464  7463  5704
11660    5691  5689  5683  5682
11661    7427  7450  7454  7449
11662    7287  7290  7289  7292
11663    5825  5751  5828  5827
11664     817   794   796   833
11665    5826  5752  5829  5831
11666    7535  7531  7529  7536
11667    5972  5966  5980  5970
11668    5924  5949  5948  5926
11669    4924  4903  4905  4917
11670    5727  5742  5741  5750
11671    7645  6901  6899  6903
11672    5684  5696  5694  5683
11673    7406  7408  7402  7415
11674    5733  5725  5734  5690
11675    1935  1932  1934  1951
11676     619   600   615   621
11677    5741  5727  5750  5749
11678    5610  4635  4649  4653
11679    5826  5816  5829  5752
11680    5954  5949  5958  5917
11681    6129  6124  6126  6196
11682    5761  5757  5764  5758
11683    7610  7614  5756  5755
11684    5761  5762  5765  5757
11685    5736  5725  5735  5727
11686    5733  5698  5734  5700
11687    7098  5414  7103  7099
11688    1417  1420  1418  1475
11689    5733  5690  5734  5698
11690    4979  5948  4967  4999
11691    7485  6753  6710  6755
11692    5690  5726  5725  5734
11693    7497  6769  6755  6765
11694    4975  5948  4979  4999
11695    5927  5924  5926  5949
11696    7314  5518  7313  7316
11697    7654  7652  7651  7681
11698    7605  7509  7606  7511
11699    4923  5886  5882  5880
11700    7461  7481  7484  7482
11701    7504  7501  7503  7506
11702    5699  5698  5734  5690
11703    5743  5749  5750  5752
11704    5739  5753  5754  5731
11705    5869  5890  5871  5878
11706    6569  6570  4558  6608
11707    5548  5554  7373  7374
11708    7410  7395  7409  7414
11709    6608  6610  4573  4572
11710     455   367   405   449
11711    5691  5737  5726  5734
11712    7487  7465  7460  7458
11713    5715  5685  5717  5695
11714    5916  5937  5936  5953
11715    5691  5702  5683  5696
11716    5682  5699  5683  5691
11717    5735  5727  5750  5736
11718    5743  5741  5750  5749
11719    5745  5728  5753  5742
11720    1664  1659  1660  1791
11721    7467  7490  7487  7489
11722    5695  5684  5697  5694
11723    7657  7658  7659  7661
11724    5718  5717  5761  5758
11725    5825  5815  5826  5751
11726    5751  5816  5826  5752
11727    5739  5753  5728  5736
11728    7649  7632  7647  7637
11729    5305  6274  5255  5303
11730    7372  5550  7371  5552
11731    2797  2817  2821  2816
11732    5520  5515  5518  7315
11733    7386  5553  7393  7372
11734    5924  5949  5928  5948
11735    5953  5917  5949  5916
11736    5953  5916  5949  5948
11737    6122  6119  6120  6054
11738    5916  5929  5917  5949
11739    5948  5916  5949  5928
11740    4963  4908  4962  4965
11741    5953  5917  5958  5949
11742    5831  7613  5755  7614
11743    5734  5736  5726  5725
11744    5828  5752  5831  7613
11745    5826  5752  5831  5828
11746    5704  5699  5701  5737
11747    7538  7539  7537  7478
11748    2244  2251  2249  5360
11749    5949  5925  5954  5927
11750    6066  5945  6033  6060
11751    5949  5929  5954  5925
11752    7661  7665  7662  7660
11753    7649  7640  7642  7651
11754    7277  7280  7278  7282
11755    5717  5697  5719  5762
11756    5973  5964  5979  5984
11757    5881  5887  5883  5894
11758    3391  3328  3335  3324
11759    5953  5917  5937  5958
11760    5765  5732  5740  5772
11761    5754  5748  5756  5775
11762    5746  5748  5754  5772
11763    5717  5710  5719  5685
11764    5828  7613  7608  5752
11765    5765  5730  5740  5732
11766    5775  5853  7623  7619
11767    5734  5699  5691  5737
11768    5725  5728  5727  5736
11769    5739  5736  5728  5726
11770    5734  5690  5691  5699
11771    5816  5743  5744  5752
11772    3040  3081  3085  3042
11773    5656  5675  5687  5674
11774    5744  5741  5742  5750
11775    5752  5750  5744  5755
11776    5750  5742  5744  5753
11777    5753  5747  5744  5755
11778    5755  5750  5744  5753
11779    5804  5801  5803  5807
11780    5739  5737  5726  5729
11781    5739  5734  5726  5737
11782    5731  5753  5728  5739
11783    5742  5750  5728  5753
11784    5750  5736  5728  5753
11785    1421   288  1472   298
11786    5691  5696  5683  5689
11787    5975  6059  6065  5976
11788    5826  5815  5842  5816
11789    4912  4906  4913  4908
11790    6045  6042  6044  6110
11791    5825  5815  5842  5826
11792    5825  5841  5842  5815
11793    5836  5814  5843  5842
11794    5756  5852  5832  5856
11795    5881  5894  5890  5888
11796    6064  6031  6037  6035
11797    5732  5772  5754  5740
11798    5752  5821  5755  5744
11799    5821  5744  5747  5755
11800    5830  5856  5832  5852
11801    5747  5742  5745  5753
11802    5934  5925  5930  5954
11803    6062  6063  6065  6059
11804    4740  5698  4734  5733
11805    5680  5684  5695  5694
11806    5839  5819  5843  5814
11807    5826  5816  5843  5829
11808    5842  5816  5843  5826
11809    5720  5723  5721  5722
11810    5814  5821  5819  5843
11811    5842  5814  5843  5816
11812    5795  5783  5796  5838
11813    5989  5998  6000  5996
11814    6046  6111  6114  6112
11815    6118  6117  6115  6050
11816    5886  5880  5887  5882
11817    6025  6029  5938  6024
11818    3778  3795  3794  3786
11819    6171  6258  6259  6169
11820    5894  5995  5895  5892
11821    6235  6230  6232  6234
11822    5836  5835  5833  5817
11823    6125  5162  5164  6190
11824    5951  5940  5950  6039
11825    6036  6029  5939  6025
11826    1037  1044   992  1042
11827    6290  6215  6279  6277
11828    7811  7809  7812  7810
11829    6079  6086  6081  6077
11830    7048  7046  7044  7049
11831    6045  6110  6119  6113
11832    7033  7777  7775  7031
11833    6074  6055  6057  6141
11834    5946  5941  5956  6040
11835    6022  6028  5938  6029
11836    6227  6145  6146  6226
11837    6216  6205  6222  6213
11838    6901  7670  6927  7672
11839    5950  5940  6038  6039
11840    5567  5576  5574  5580
11841    6044  6051  6045  6116
11842    6117  6118  7721  6052
11843    6226  6177  6227  6105
11844    6149  6147  6150  6088
11845    7756  7769  7711  7770
11846    6283  6286  7820  6221
11847    5953  5936  5950  5951
11848    6133  6087  6101  6009
11849    5937  5946  5941  5956
11850    6125  6193  6190  6192
11851    4958  4900  4885  4904
11852     458   455   460   457
11853    4858  4851  4853  4880
11854    6295  6293  6247  6294
11855    6214  6278  6276  6211
11856    6241  6293  6292  6246
11857    6239  6235  6243  6234
11858    5991  5993  5989  6000
11859    6976  7720  5093  5156
11860    6250  6253  6248  6252
11861    6258  6261  6259  6256
11862    6181  6178  6177  6175
11863    6244  6242  6247  6245
11864    7809  7786  7805  7811
11865    6197  6129  6199  6196
11866    6216  6213  6222  6284
11867    6236  6239  6237  6241
11868    6136  6132  6140  6135
11869    5938  6025  5939  6029
11870    6039  6025  5939  5938
11871    6224  6286  7820  7821
11872    7788  7807  7786  7811
11873    5237  5163  5236  5161
11874    6213  6275  6284  6278
11875    6110  6042  6044  6109
11876    6208  6200  6206  6195
11877    2180  2183  2182  2191
11878    6200  6193  6198  6206
11879    6206  6193  6203  6195
11880    6231  6239  6234  6235
11881    6216  6278  6279  6214
11882    7779  7775  7777  7780
11883    7827  7813  7826  7824
11884    6066  5975  6060  5976
11885    6068  6071  6069  6132
11886    5977  5943  5973  5982
11887    5944  5946  6041  6040
11888    6057  7706  6074  7749
11889    6053  6121  6051  6118
11890    6217  6216  6285  6279
11891    7673  7643  7672  7670
11892    6222  6205  6219  6213
11893    6051  6056  6054  6121
11894    6015  6014  6012  6016
11895    7751  7725  7727  7749
11896    6066  5947  5982  5957
11897    6031  6030  6037  6035
11898    5307  5252  5253  5259
11899     693   704   701   706
11900    6116  6110  6044  6109
11901    2547  2540  2588  2541
11902    5958  5937  5951  5956
11903     527   513   521   583
11904    6213  6284  6219  6222
11905    6947  6917  6946  6996
11906    6053  6118  7721  7726
11907    6281  6283  6218  6219
11908    6204  6213  6205  6194
11909    2640  2621  2623  2670
11910    5937  5941  5951  5956
11911    6040  5941  5951  6039
11912    6118  6051  6050  6116
11913    5953  5952  5950  5936
11914    4991  4990  5001  5077
11915    7032  7023  7025  7034
11916    6117  6050  5091  6115
11917    6213  6275  6281  6284
11918    5261  5258  5260  5309
11919     712   723   713   724
11920    7644  7641  7646  7643
11921    7685  7704  7679  7683
11922    7798  7788  7785  7786
11923    5122  6147  5189  6149
11924    6171  6166  6258  6164
11925    6004  6076  6081  6077
11926    7811  7806  7812  7808
11927    6051  6121  6116  6118
11928    7741  7744  7781  7783
11929    6116  6109  6044  6115
11930    6234  6230  6238  6231
11931    6282  6283  7817  6220
11932    5285  5303  5205  6272
11933    6050  6116  6115  6118
11934    2075  2102  2079  2104
11935    6224  6219  6221  6286
11936    7722  7718  7720  7723
11937     279   321   280   323
11938    6286  6284  6219  6281
11939    6286  6222  6219  6284
11940    6283  6286  6219  6281
11941    6154  6147  6150  6149
11942    6221  6286  6219  6283
11943    5302  5199  5251  5299
11944    6928  6933  6926  6932
11945    7032  7023  6990  7025
11946    4827  4823  4830  4829
11947    6827  6817  6806  6803
11948    6052  6117  7720  7721
11949    7652  7681  7654  7700
11950    6220  6221  7817  7819
11951    6901  6896  6898  6900
11952    6204  6213  6219  6205
11953    2029  2026  2028  2031
11954    6919  6932  6923  6925
11955    6070  6047  6049  6135
11956    7778  7797  7780  7787
11957    7002  7005  7000  6982
11958    2078  2067  2074  2080
11959    4991  6038  5001  5950
11960    4790  4868  4866  4863
11961    6050  6116  6044  6115
11962    7724  7726  7719  7728
11963    7799  7790  7794  7822
11964    7690  7693  7691  7725
11965    6053  6050  6052  6118
11966    5240  5233  5238  5246
11967    5150  5152  5087  5155
11968    6281  6280  6218  6283
11969    6219  6281  6212  6218
11970    6172  6171  6169  6161
11971    6933  6932  6930  6926
11972    7740  6992  6994  7773
11973    6218  6221  6219  6283
11974    6219  6218  6212  6204
11975    5115  5038  5035  5111
11976    6110  6109  6107  6042
11977    5263  5262  5313  5311
11978    6281  6280  6274  6212
11979    7025  7032  7034  7036
11980    6024  6029  5938  6028
11981    5066  5072  4988  5073
11982    6205  6204  6194  6202
11983    6195  6192  6193  6203
11984    7738  7774  7773  7740
11985    6045  6110  6044  6116
11986    6160  6183  6181  6179
11987    4909  5912  5866  5914
11988    5257  5256  5311  5305
11989    5244  5253  5245  5234
11990    1859   736   744  1873
11991    5089  6975  5152  6970
11992    5156  7720  5093  6117
11993    6213  6194  6195  6205
11994    6076  6080  5039  6004
11995    6004  6080  5039  6107
11996    6205  6203  6194  6195
11997    6202  6203  6194  6205
11998    6464  6441  6443  6480
11999    5124  6123  6090  6190
12000    5305  5303  5255  5254
12001    6274  6212  6210  6275
12002    5068  5072  4988  4983
12003    5072  4983  5068  5061
12004    5848  5770  5774  5847
12005    5115  5111  5113  5116
12006    6038  6039  5938  6024
12007    6198  6126  6191  6196
12008    5979  5971  5972  5970
12009    5941  5938  5940  6039
12010    5865  5876  5869  5878
12011     122    82  2390    92
12012    6251  6165  6273  6250
12013    6022  6029  6026  6028
12014    5077  6038  4989  5069
12015     429   398   462   399
12016    5195  5194  5192  5188
12017    6038  5940  5938  6039
12018    5205  5285  5202  5204
12019    4858  4881  4866  4867
12020    3249  3225  3227  3277
12021    5204  5199  5197  5187
12022    4985  5000  5076  4995
12023    5021  5030  5023  5019
12024    5148  5147  5082  5084
12025    5794  5811  5798  5800
12026    6009  6006  6008  6083
12027    5988  5991  5989  5986
12028    6151  6147  6154  6153
12029    5823  5780  5818  5837
12030    5842  5814  5813  5836
12031    5836  5835  5813  5842
12032    5698  4740  4734  4722
12033    4734  5725  4768  5733
12034    5813  5816  5814  5842
12035    5787  5833  4826  4814
12036    3587  3590  3589  3549
12037    6157  6092  6158  6094
12038    4908  4965  4909  4913
12039    6258  6171  6259  6277
12040    6108  6113  6043  6111
12041    5672  5653  5668  5706
12042    5952  5003  4987  4967
12043    4734  4740  4733  4721
12044    3197  3200  3198  3202
12045    5644  5656  5657  5640
12046    4691  5674  4716  4683
12047    5907  5900  5906  5905
12048    6044  6109  5085  6115
12049    5645  5657  5660  5641
12050    5783  5823  5838  5837
12051    5142  5079  5035  5145
12052    5800  5796  5782  5811
12053    5738  5696  5703  5702
12054    6183  6181  6180  6184
12055    7010  7026  7028  7024
12056    4812  5785  4824  5791
12057    3447  3452  3451  3454
12058    6000  5998  6001  5996
12059    5660  5641  5652  5645
12060    6236  6240  6241  6237
12061    4911  5882  4925  4913
12062    5833  5817  5834  5836
12063    5791  5787  5777  5792
12064     560   569   564   591
12065    5781  5778  5795  5799
12066    5491  5468  5490  5495
12067    5299  5199  5277  5302
12068    5146  5038  5145  5115
12069    5785  5792  5789  5791
12070    6261  6258  6263  6260
12071    5156  5092  5093  6976
12072    6111  6005  6043  6108
12073    6150  6148  6157  6089
12074    6046  6005  6043  6111
12075    6125  6126  6191  6193
12076    5871  5866  5867  5915
12077    5233  5159  5230  5231
12078    5918  5867  5913  5920
12079    5191  5190  5188  5121
12080     814  1940  1934  1956
12081    6272  5303  5255  6274
12082    5666  5667  5664  5665
12083    4924  4929  4922  4928
12084    6046  6111  6043  6113
12085    6259  6268  6266  6257
12086    6004  6080  6081  6076
12087    6290  6241  6291  6293
12088    6026  6022  6027  6029
12089    6023  6034  6027  6036
12090    4817  4871  4870  4809
12091    6108  6110  6043  6113
12092    5886  5884  5887  5880
12093    6091  6196  6094  6157
12094    6163  6165  6251  6250
12095    6008  6047  6009  6112
12096    5910  6011  6013  5911
12097    6082  6086  6005  6008
12098    6152  6148  6161  6154
12099    6292  6246  6247  6242
12100    6148  6161  6157  6155
12101    6045  6113  6043  6110
12102    7709  7706  7748  7707
12103    6164  6166  6258  6251
12104    5793  5798  5800  5794
12105    6039  5941  5939  6040
12106    7802  7760  7801  7758
12107    6006  6083  6082  6008
12108    6028  6024  4989  5938
12109    6020  6096  6098  6018
12110    7788  7784  7786  7807
12111    4956  4885  4931  4958
12112    6876  6879  6889  6878
12113    5752  5821  5829  5755
12114    6089  6155  6148  6157
12115    6157  6162  6158  6155
12116    6240  6288  6291  6289
12117    6165  6163  6166  6153
12118    5988  6023  5989  5993
12119    6193  6126  6191  6198
12120    6252  6250  6255  6254
12121    5992  6023  6022  5988
12122    5987  5884  5885  5887
12123    6169  6174  6173  6259
12124    7776  7773  7740  7775
12125    7671  7684  7680  7678
12126    6094  6158  6197  6095
12127    6250  6167  6251  6163
12128    6153  6147  6154  6149
12129    1660  1667  1714  1662
12130    6248  6167  6251  6250
12131    5697  5730  5738  5762
12132    6801  6815  6728  6803
12133     265   262   264   341
12134    6260  6251  6262  6253
12135    6023  5938  5939  6029
12136    4879  4880  4851  4873
12137    5203  5207  5285  6250
12138    6163  6164  6251  6166
12139    6066  5945  5947  6041
12140    4584  4589  4588  4591
12141    5638  5643  5642  5640
12142    5806  5802  5812  5801
12143    3693  2683  3695  2695
12144    5996  5999  5997  5994
12145    6135  6047  6114  6112
12146    5692  5657  5675  5687
12147    5885  5887  5881  5894
12148    5692  5695  5694  5680
12149    7800  7796  7823  7826
12150    5712  5693  5661  5679
12151    6186  6185  6189  6184
12152    5809  5805  5812  5811
12153     505   510   581   507
12154    6258  6164  6169  6171
12155    1110  1107  1116  1109
12156    6232  6201  6234  6230
12157    6258  6261  6263  6259
12158    6154  6169  6171  6161
12159    6106  6105  6227  6177
12160    6169  6152  6159  6161
12161    6154  6169  6161  6152
12162    6127  6091  6124  6196
12163     509  1632  1630  1696
12164    5960  5875  5919  5962
12165    6259  6169  6170  6172
12166    6251  6260  6258  6249
12167    5775  5772  5754  5748
12168    6091  6196  6157  6150
12169    5902  5899  5898  5896
12170    7558  7564  7559  7562
12171    6278  6216  6285  6284
12172    5739  5731  5754  5740
12173    6238  6246  6242  6239
12174    6269  6264  6266  6268
12175    5779  5818  5834  5817
12176    5998  5989  6000  5991
12177    5657  5655  5660  5643
12178    6279  6290  6217  6215
12179    6259  6172  6266  6288
12180    6268  6266  6269  6271
12181    5661  5712  5706  5672
12182    5778  5799  5788  5795
12183    6065  5975  6060  6064
12184    5909  5911  5904  5905
12185    5697  5684  5703  5696
12186    6096  6007  6018  6020
12187    5994  5885  5892  5894
12188    5878  5865  5871  5869
12189    5892  5881  5888  5894
12190    5900  5905  5907  5901
12191    5907  5901  5903  5900
12192    6010  6011  6012  5910
12193    6162  6183  6185  6181
12194    6001  5999  6016  5997
12195    5911  5910  6010  5908
12196    1161  1152  1154  1177
12197    4091  4088  4090  4095
12198    5693  5660  5678  5692
12199    5654  5642  5657  5656
12200    5890  5876  5878  5869
12201    5871  5920  5867  5878
12202    5915  5920  5867  5871
12203    5783  5778  5780  5795
12204    6169  6172  6259  6171
12205    5887  5880  5883  5882
12206    5881  5880  5883  5887
12207    5881  5868  5869  5883
12208    5882  5880  5883  5868
12209    6148  6147  6150  6154
12210    5881  5869  5890  5883
12211    5888  5869  5876  5890
12212    1969  1926  1968  1977
12213    5788  5780  5837  5834
12214    5695  5685  5697  5684
12215    5907  5900  5902  5906
12216    5874  5878  5867  5920
12217    5899  5903  5962  5963
12218    3878  3889  3882  3891
12219    5658  5643  5650  5660
12220    5692  5687  5675  5677
12221    5788  5795  5780  5778
12222    5871  5866  5915  5870
12223    5674  5686  5687  5656
12224    5865  5874  5872  5878
12225    5657  5643  5660  5641
12226    5777  5792  5788  5778
12227    5777  5787  5788  5792
12228    5779  5787  5788  5777
12229    5687  5694  5689  5677
12230    5915  5920  5913  5867
12231    5869  5864  5865  5871
12232    5864  5870  5871  5868
12233    5866  5870  5871  5864
12234    5898  5963  5960  5961
12235    5813  5818  5817  5836
12236    5875  5872  5874  5879
12237    5657  5640  5645  5644
12238    5756  7614  5832  5755
12239    5681  5678  5680  5693
12240    5674  5676  5687  5686
12241    5674  5677  5675  5687
12242    5689  5676  5687  5677
12243    5686  5689  5688  5676
12244    5657  5678  5675  5645
12245    5660  5648  5652  5641
12246    5645  5678  5652  5660
12247    5642  5655  5654  5657
12248    5641  5640  5657  5643
12249    2916  2874  2875  2918
12250    5650  5648  5660  5641
12251    5643  5640  5657  5642
12252    5656  5642  5657  5640
12253    5900  5901  5902  5896
12254    5877  5872  5873  5879
12255    5683  5696  5694  5689
12256    5693  5679  5678  5660
12257    5899  5903  5898  5962
12258    5652  5661  5648  5660
12259    5779  5833  5834  5787
12260    5818  5823  5837  5839
12261    5677  5684  5680  5694
12262    5683  5689  5694  5677
12263    5644  5675  5645  5657
12264    5656  5675  5674  5644
12265    3964  3971  3965  3991
12266    5788  5795  5837  5780
12267    5818  5839  5837  5834
12268    5756  5847  5852  5775
12269    5779  5788  5834  5780
12270    5779  5817  5834  5833
12271    5779  5818  5780  5834
12272    6108  6042  6043  6110
12273    6005  6086  6081  6111
12274    6040  5946  6041  5956
12275    6004  6043  6005  6108
12276    5887  5994  5996  5894
12277    5886  5987  5989  5887
12278    1222  3370  1223  3376
12279    6008  6086  6087  6082
12280    6112  6008  6087  6009
12281    5993  6030  6023  5989
12282    5991  5988  5993  5990
12283    6124  6196  6091  6191
12284    6034  6036  6023  6030
12285    6203  6192  6202  6194
12286    6048  6043  6045  6113
12287    6039  6040  5939  6025
12288    6004  6042  6108  6107
12289    6107  6042  6108  6110
12290    6210  6275  6273  6272
12291    6023  6029  5939  6036
12292    6030  5993  6034  6000
12293    5939  6030  6023  6036
12294    6081  6004  6108  6080
12295    6210  6272  6273  6165
12296    6166  6165  6273  6251
12297    6081  6111  6108  6005
12298    5992  6022  6027  6026
12299    5992  6023  6027  6022
12300    6278  6275  6211  6213
12301    5939  5946  5944  6040
12302    6040  6032  5939  6025
12303    5944  6032  5939  6040
12304    5944  6036  5939  6032
12305    6025  6032  5939  6036
12306    6258  6171  6277  6276
12307    6124  6090  6123  6191
12308    6191  6126  6124  6196
12309     279   284   283   323
12310    6088  6091  6089  6150
12311    6191  6149  6150  6090
12312    6191  6090  6150  6091
12313    6236  6288  6290  6240
12314    6155  6092  6158  6157
12315    6090  6149  6150  6088
12316    6094  6089  6091  6157
12317    6127  6196  6197  6094
12318    3360  3367  3365  3415
12319    6166  6214  6171  6276
12320    5876  5889  5888  5891
12321    6273  6166  6276  6211
12322    6199  6197  6130  6129
12323    7396  7410  7429  7414
12324    4121  4132  4125  4134
12325    6166  6251  6276  6258
12326    6273  6251  6276  6166
12327    6156  6181  6177  6175
12328    5521  5558  5547  7377
12329    6009  6112  6133  6087
12330    5984  5923  5959  5943
12331    6259  6263  6270  6261
12332    6236  6215  6290  6288
12333    6244  6294  6247  6242
12334    6171  6215  6172  6277
12335    6276  6171  6277  6214
12336    6094  6157  6197  6158
12337    6094  6196  6197  6157
12338    6237  6185  6236  6189
12339    7621  7610  7619  7520
12340    5547  5520  5521  7366
12341    6127  6129  6197  6196
12342    6208  6200  6209  6206
12343    6074  7746  7749  7706
12344    6094  6128  6095  6197
12345    7623  5853  7624  7620
12346    6093  6158  6177  6156
12347    6082  6086  6087  6084
12348    6066  5945  6041  6033
12349    6135  6133  6136  6131
12350    6068  6135  6070  6132
12351    7749  7725  7727  7691
12352    5802  5811  5808  5812
12353    1255  1244  1254  1314
12354    6074  6057  7749  6141
12355    5801  5811  5807  5802
12356    5822  5862  5830  5854
12357    5799  5781  5800  5795
12358    5732  5746  5754  5772
12359    5824  5783  5823  5838
12360    6132  6135  6136  6131
12361    5799  5797  5800  5793
12362    1341  1344  1342  1396
12363    6033  5945  6037  6064
12364    5795  5781  5796  5783
12365     166   220   168   221
12366    5877  5904  5889  5906
12367    5783  5838  5784  5796
12368    5876  5872  5879  5878
12369    7633  7636  7634  7648
12370    5671  5667  5673  5666
12371    5660  5650  5661  5648
12372    5694  5684  5697  5696
12373    5712  5707  5708  5706
12374    5888  5895  5891  5889
12375    5714  5719  5720  5723
12376    5498  5501  5505  5500
12377    6162  6183  6181  6160
12378    5803  5782  5784  5807
12379    5921  5874  5879  5875
12380    1972  1939  1945  1980
12381    5920  5874  5921  5918
12382    5898  5873  5875  5902
12383    7566  7569  7499  7568
12384    5878  5872  5879  5874
12385    6035  6030  6037  6034
12386    5774  5776  5775  5772
12387    5996  6031  5997  6001
12388    5661  5648  5649  5653
12389    6012  6014  6013  6011
12390    5666  5670  5673  5671
12391    5805  5806  5812  5801
12392    5801  5811  5812  5805
12393    5649  5646  5648  5651
12394    5661  5648  5651  5649
12395    5650  5659  5658  5661
12396    5997  6014  6016  6012
12397    5810  5806  5812  5805
12398    6134  6131  6136  6133
12399    4585  4596  4589  4598
12400    5784  5781  5783  5796
12401    5800  5781  5782  5796
12402    5673  5666  5672  5670
12403    5669  5664  5668  5673
12404    5794  5781  5782  5800
12405    5811  5800  5794  5782
12406    5666  5665  5664  5662
12407    5891  5910  5906  5889
12408    6082  6085  6084  6087
12409    6098  6020  6021  6131
12410    5673  5665  5669  5664
12411    6169  6258  6259  6173
12412    6183  6162  6185  6170
12413    5793  5798  5797  5800
12414    6173  6258  6259  6256
12415    6257  6173  6174  6259
12416    7743  7801  7782  7745
12417    6095  6092  6094  6158
12418    6092  6156  6155  6158
12419    6161  6172  6170  6169
12420    6161  6162  6170  6172
12421    6014  6011  6012  6010
12422    6143  6227  6145  6144
12423    6159  6170  6169  6161
12424    6185  6288  6266  6172
12425    6160  6156  6181  6162
12426    5911  6011  6010  5910
12427     682   700   685   702
12428    5910  5911  5904  5909
12429    5999  5994  5995  5997
12430    5902  5962  5898  5903
12431    5715  5693  5712  5681
12432    5708  5710  5714  5715
12433    6181  6182  6180  6184
12434    5673  5664  5668  5672
12435    5910  5911  5906  5904
12436    5891  5889  5906  5877
12437    5907  5904  5906  5911
12438    5664  5666  5672  5673
12439     735   744   736   756
12440    5904  5905  5906  5900
12441    5889  5910  5906  5904
12442    6096  6100  6099  6102
12443    5906  5877  5902  5879
12444    5706  5653  5679  5661
12445    5944  6040  6041  6032
12446    5995  5892  5893  5895
12447    6133  6020  6101  6098
12448    5830  5755  5832  5829
12449    5909  6011  6010  5911
12450    5902  5875  5898  5962
12451    6060  6065  6061  5975
12452    6178  6175  6104  6177
12453    5766  5764  5765  5773
12454    5888  5893  5892  5895
12455    5879  5875  5962  5921
12456    6177  6178  6227  6106
12457    6047  6112  6133  6009
12458    6097  6018  6019  6098
12459    5910  5909  5904  5908
12460    6068  6131  6020  6133
12461    5909  5911  6010  5908
12462    6158  6162  6181  6156
12463    7534  7564  7536  7530
12464    6172  6170  6266  6185
12465    6172  6259  6266  6170
12466    6259  6257  6266  6174
12467    6259  6268  6270  6266
12468    6271  6270  6268  6266
12469    6259  6268  6257  6261
12470    6177  6104  6106  6103
12471    6217  6290  6292  6238
12472    6087  6085  6101  6083
12473    6182  6186  6184  6181
12474    6268  6257  6264  6266
12475    6139  6070  6137  6072
12476    6181  6185  6184  6183
12477    6181  6186  6184  6185
12478    6184  6266  6188  6183
12479    6179  6182  6180  6181
12480    6266  6265  6188  6187
12481    6267  6265  6188  6266
12482    6266  6187  6188  6183
12483    6266  6184  6188  6267
12484    6178  6182  6175  6181
12485    6104  6177  6106  6178
12486    6180  6179  6176  6182
12487    6175  6182  6176  6179
12488    6175  6178  6176  6182
12489    5794  5809  5798  5811
12490    6015  6014  6013  6012
12491    2691  2650  2690  2734
12492    5910  5893  5895  6010
12493    6014  5997  6016  5999
12494    5908  5889  5904  5910
12495    2820  2823  2799  2822
12496    5172  5196  5186  5170
12497    4811  4814  4826  4813
12498    5803  5807  5858  5804
12499    5171  5167  5166  5172
12500    4499  4533  4495  5486
12501    6024  6038  4989  5938
12502    5276  5277  5196  5200
12503    1684   566  1680  1706
12504    5025  5988  5027  4929
12505    5166  5167  5101  5168
12506    5801  5802  5807  5804
12507    5808  5804  5807  5802
12508    5715  5716  5714  5713
12509    5821  5829  5844  5843
12510    5902  5903  5898  5899
12511    6093  6175  6156  6177
12512    5771  5760  5764  5759
12513    5664  5649  5672  5666
12514    5881  5868  5883  5880
12515    5782  5811  5807  5801
12516    5782  5796  5807  5811
12517    5906  5900  5902  5877
12518    5784  5796  5807  5782
12519    5903  5901  5902  5900
12520    5962  5879  5902  5875
12521    5651  5670  5659  5672
12522    5900  5873  5896  5902
12523    5879  5877  5902  5873
12524    5903  5899  5902  5897
12525    5896  5897  5902  5899
12526    5903  5897  5902  5901
12527    5896  5901  5902  5897
12528    5873  5875  5902  5879
12529    5710  5681  5685  5715
12530    5963  5899  5898  5962
12531    5963  5961  5898  5899
12532    5685  5697  5719  5717
12533    5649  5651  5672  5666
12534    5649  5661  5672  5651
12535    5651  5661  5672  5659
12536    5668  5673  5707  5669
12537    5715  5710  5714  5717
12538    5695  5681  5715  5685
12539    5707  5712  5713  5672
12540    6062  6017  6058  6016
12541    7648  7666  7652  7650
12542    5717  5716  5714  5715
12543    5719  5762  5723  5717
12544    5765  5762  5738  5730
12545    5723  5762  5761  5717
12546    6015  6011  6013  6014
12547    6068  6009  6047  6133
12548    5975  5945  6060  6064
12549    5784  5807  5858  5803
12550    1424  1503  1496  1505
12551    5697  5762  5703  5719
12552    5807  5784  5858  5796
12553    5838  5796  5858  5784
12554    5784  5824  5858  5838
12555    5784  5849  5803  5858
12556    5858  5807  5859  5804
12557    5808  5804  5859  5807
12558    5861  5851  5862  5860
12559    5858  5803  5859  5849
12560    5850  5849  5859  5803
12561    5803  5804  5859  5850
12562    5858  5804  5859  5803
12563    7508  7592  7575  7573
12564    6131  6069  6132  6068
12565    6143  6095  6128  6226
12566    6066  5945  6060  5975
12567    5891  5910  5889  5895
12568    6020  6131  6098  6133
12569    6009  6096  6101  6020
12570    6135  6070  6139  6049
12571    5719  5714  5720  5710
12572    6145  6128  6130  6226
12573    6121  6054  6122  6056
12574    6156  6158  6177  6181
12575    6226  6145  6229  6228
12576    6114  6049  6139  6120
12577    6001  6058  6031  5997
12578    6020  6069  6021  6131
12579    6228  6230  6232  6233
12580    5976  5975  6061  6065
12581    6001  6058  6062  6031
12582    5997  6058  6012  6016
12583    6009  6087  6101  6083
12584    6062  6059  6017  6063
12585    6059  6062  6017  6058
12586    6214  6278  6279  6276
12587    6096  6097  6102  6098
12588    6101  6096  6102  6098
12589    5895  5995  6012  6010
12590    5895  5997  6012  5995
12591    6101  6099  6102  6096
12592    6101  6098  6102  6134
12593    6058  6017  6012  6016
12594    6018  6021  6019  6098
12595    6098  6020  6101  6096
12596    6083  6099  6085  6101
12597    6134  6133  6101  6098
12598    6093  6095  6177  6158
12599    6175  6178  6104  6176
12600    6058  6017  6013  6012
12601    6058  6059  6013  6017
12602    6012  6017  6015  6016
12603    6017  6012  6015  6013
12604    6217  6200  6201  6209
12605    6104  6177  6175  6103
12606    6185  6288  6189  6266
12607    6184  6266  6189  6267
12608    6184  6183  6189  6266
12609    6185  6183  6189  6184
12610    6185  6266  6189  6183
12611    6105  6226  6143  6227
12612    5973  5974  5979  5964
12613    6103  6105  6106  6177
12614    6289  6189  6240  6288
12615    6105  6106  6227  6144
12616    6105  6095  6226  6177
12617    6266  6267  6289  6189
12618    6189  6288  6289  6266
12619    6292  6293  6247  6246
12620    6158  6095  6226  6197
12621    6177  6095  6226  6158
12622    6095  6128  6226  6197
12623    6236  6240  6290  6241
12624    6277  6215  6279  6214
12625    6139  6132  6137  6070
12626    6229  6226  6146  6145
12627    6229  6228  6233  6230
12628    6130  6127  6129  6197
12629    5984  5973  5982  5979
12630    6240  6237  6236  6189
12631      63    52    59    65
12632    6235  6233  6232  6230
12633    6290  6288  6291  6240
12634    6240  6189  6236  6288
12635    6185  6288  6236  6189
12636    6236  6172  6215  6288
12637    6226  6128  6130  6197
12638    6046  6113  6114  6111
12639    6239  6241  6238  6246
12640    7813  7810  7815  7809
12641    6144  6145  6146  6227
12642    6227  6226  6146  6229
12643    6229  6230  6233  6231
12644    5754  5747  5756  5748
12645    6066  5976  6061  6067
12646    6055  6048  6054  6120
12647    6060  5975  6061  5976
12648    6133  6131  6135  6068
12649    7538  7477  7537  7475
12650    5945  5944  6041  6033
12651    6047  6133  6135  6068
12652    6133  6047  6135  6112
12653    5944  5947  5945  6041
12654    5851  5849  5860  5859
12655    6060  5976  6061  6066
12656    6046  6048  6114  6113
12657    6141  6138  7750  7749
12658    7469  7494  7470  7486
12659    6057  6122  6141  6055
12660    6062  6031  6064  6035
12661    6065  6058  6064  6062
12662    5945  6058  6031  6064
12663    6058  6031  6064  6062
12664    6065  5975  6064  6059
12665    6058  6059  6064  5975
12666    6065  6059  6064  6058
12667    5972  5970  5980  5979
12668    6055  6122  6141  6120
12669    5740  5730  5738  5729
12670    5984  5979  5982  5983
12671    5978  6067  6066  5977
12672    5976  6067  6066  5978
12673    5978  5977  6066  5976
12674    7759  7743  7745  7801
12675    6199  6228  6130  6197
12676     654   649   650   656
12677    6046  6049  6047  6114
12678    1410  1452  1415  1454
12679    6030  5989  6000  5996
12680    7725  7690  7727  7691
12681    6243  6239  6242  6246
12682    6209  6200  6207  6206
12683    6201  6232  6207  6199
12684    6201  6200  6207  6209
12685    6046  6112  6114  6047
12686    2482  2485  2483  2553
12687    6201  6232  6234  6207
12688    6233  6229  6232  6228
12689    6072  6049  6055  6139
12690    6231  6239  6238  6234
12691    6214  6276  6279  6277
12692    6241  6236  6238  6290
12693    7815  7809  7814  7813
12694    6242  6238  6292  6246
12695    6284  6216  6285  6222
12696    6208  6217  6209  6200
12697    7783  7786  7788  7784
12698    2951  2939  2949  2952
12699    6139  6140  6137  6132
12700    5945  6064  6033  6060
12701    6215  6238  6236  6290
12702    6242  6243  6247  6245
12703    6223  6294  6292  6285
12704    5978  5977  5983  6067
12705    6226  6228  6130  6145
12706    6197  6228  6130  6226
12707    6214  6217  6215  6279
12708    6209  6238  6234  6201
12709    6155  6162  6158  6156
12710    6201  6198  6199  6207
12711     858  1990  1988  2068
12712    7808  7805  7807  7806
12713    6216  6208  6223  6222
12714    7783  7786  7784  7781
12715    6285  6216  6223  6222
12716    6225  6223  6287  6294
12717    1667  1656  1657  1710
12718    6034  6030  6037  6036
12719    5856  5775  7623  5756
12720    6064  5945  6037  6031
12721    5966  5970  5972  5971
12722    2695  2682  2683  2697
12723    5944  6036  6037  6030
12724    5944  6031  6030  6037
12725    5944  5945  6037  6033
12726    6056  6121  7727  6122
12727    7811  7810  7812  7806
12728    5944  6032  6037  6036
12729    6033  6032  6037  5944
12730    5710  5685  5717  5715
12731    7619  7621  7555  7556
12732    5755  5822  5756  5747
12733    5766  5762  5765  5761
12734    5860  5820  5862  5840
12735    5959  5943  5957  5984
12736    5697  5695  5717  5685
12737    5764  5759  5765  5772
12738    5819  5824  5823  5840
12739    5838  5824  5840  5823
12740    5755  7614  5832  5831
12741    5823  5819  5840  5839
12742    5823  5837  5840  5838
12743    5823  5839  5840  5837
12744    5851  5859  5860  5861
12745    5819  5822  5820  5844
12746    5843  5819  5844  5821
12747    2225  2220  2222  5338
12748    5840  5820  5844  5819
12749    5839  5819  5844  5843
12750    5840  5819  5844  5839
12751    5708  5679  5681  5712
12752    5707  5712  5714  5713
12753    5708  5712  5714  5707
12754    5715  5712  5714  5708
12755    5715  5713  5714  5712
12756    5708  5710  5709  5714
12757    5714  5707  5709  5708
12758    5714  5717  5723  5718
12759    7540  7541  7539  7478
12760    5724  5723  5721  5762
12761    5719  5717  5723  5714
12762    5737  5739  5740  5729
12763    5711  5710  5720  5714
12764    5765  5730  5738  5740
12765    5723  5717  5761  5718
12766    5757  5697  5717  5762
12767    1206  1293  1282  1241
12768    5723  5763  5761  5762
12769    7522  7511  7521  7526
12770    5757  5717  5761  5762
12771    5972  5969  5968  5967
12772    6120  6054  6055  6122
12773    5746  5731  5732  5754
12774    5972  5967  5968  5966
12775    5851  5848  5852  5847
12776    5845  5850  5851  5846
12777    5761  5764  5765  5766
12778    5845  5849  5851  5850
12779    5859  5850  5851  5849
12780    5861  5851  5863  5862
12781    5859  5849  5860  5858
12782    5774  5847  5852  5848
12783    5840  5820  5862  5844
12784    5847  5845  5862  5851
12785    5721  5703  5705  5762
12786    5849  5824  5860  5858
12787    5709  5710  5711  5714
12788    5840  5838  5860  5824
12789    5858  5824  5860  5838
12790    5840  5824  5860  5820
12791    5847  5820  5822  5862
12792    5851  5852  5855  5854
12793    5761  5763  5766  5762
12794    5931  5968  5966  5980
12795    5856  5852  5830  5854
12796    7468  7488  7467  7490
12797    5714  5710  5719  5717
12798    7119  7118  7121  5426
12799    5757  5759  5765  5764
12800    5561  5560  7380  7382
12801    5729  5737  5738  5740
12802    5931  5970  5935  5980
12803    5762  5730  5765  5757
12804    5730  5759  5732  5765
12805    7592  7599  7575  7595
12806    7538  7475  7476  7477
12807    5847  5770  5774  5769
12808    5930  5933  5931  5955
12809    5775  5852  5756  5856
12810    5954  5958  5959  5922
12811    5768  5759  5760  5771
12812    7541  7468  7539  7477
12813    7471  7462  7470  7491
12814    7569  7499  7579  7500
12815    5761  5757  5765  5764
12816    5966  5971  5972  5967
12817    7425  7430  7419  7429
12818    5772  5759  5765  5732
12819    7597  7600  7594  7598
12820    5775  5847  5852  5774
12821    7619  7620  7555  5853
12822    7487  7465  7458  7463
12823    5776  5773  5772  5774
12824    5923  5973  5943  5984
12825    5771  5774  5772  5773
12826    5764  5771  5772  5773
12827    5771  5767  5772  5774
12828    5759  5771  5772  5764
12829    5759  5767  5772  5771
12830    5732  5767  5746  5772
12831    5767  5769  5772  5774
12832    5746  5769  5748  5772
12833    5772  5748  5775  5769
12834    5772  5769  5775  5774
12835    5775  5774  5852  5776
12836    5979  5981  5980  5972
12837    7541  7543  7542  7547
12838    7520  7610  7619  5756
12839    5851  5847  5854  5862
12840    5852  5847  5854  5851
12841    5856  5855  5857  5852
12842    6139  6072  6141  6055
12843    5847  5822  5854  5862
12844    5852  5822  5854  5847
12845    5723  5762  5724  5763
12846    5851  5862  5855  5863
12847    5854  5862  5855  5851
12848    7583  7579  7500  7588
12849    7706  7749  7691  7747
12850    5971  5970  5979  5965
12851    5831  5829  5832  5755
12852    5830  5756  5832  5755
12853    7538  7475  7537  5724
12854    5855  5852  5856  5854
12855    5968  5966  5980  5972
12856    7637  7650  7647  7649
12857    7665  7664  7662  7660
12858    5732  5729  5730  5740
12859    5719  5723  5721  5720
12860    5739  5731  5740  5729
12861    5980  5935  5955  5923
12862    5696  5684  5703  5702
12863    5738  5762  5703  5697
12864    7335  5521  7316  7377
12865    6119  6054  6122  6121
12866    5685  5697  5703  5719
12867    5685  5684  5703  5697
12868    7747  7725  7691  7693
12869    5979  5985  5980  5981
12870    5979  5984  5980  5985
12871    5923  5970  5964  5980
12872    5979  5970  5980  5964
12873    5979  5964  5980  5984
12874    2300  2313  2301  2381
12875    5984  5964  5980  5923
12876    5755  5747  5756  5753
12877    5521  5547  7366  7377
12878    7539  7488  7537  7468
12879    5847  5748  5769  5775
12880    5754  5753  5756  5747
12881    7520  5755  7519  7610
12882    5702  5705  5703  5738
12883    5704  5737  5738  5702
12884    5830  5852  5832  5756
12885    5702  5737  5738  5696
12886    5696  5737  5738  5729
12887    5740  5731  5754  5732
12888    5748  5745  5746  5754
12889    5753  5747  5754  5745
12890    5738  5697  5703  5696
12891    5705  5762  5703  5738
12892    7509  7512  7510  7606
12893    6119  6048  6120  6054
12894    5942  5958  5959  5956
12895    5922  5943  5942  5959
12896    7146  5454  7148  7232
12897    5822  5844  5830  5862
12898    5822  5755  5830  5821
12899    5844  5821  5830  5829
12900    5822  5821  5830  5844
12901    5756  5822  5830  5852
12902    5854  5852  5830  5822
12903    5821  5755  5830  5829
12904    5916  5929  5949  5928
12905    6041  6066  5957  5947
12906    6139  6140  6142  6137
12907    6113  6048  6120  6119
12908    6057  7691  7749  7727
12909    5954  5930  5955  5932
12910    5935  5930  5931  5955
12911    5930  5954  5955  5934
12912    5959  5984  5955  5923
12913    5980  5923  5955  5984
12914     905   908   906   910
12915    5922  5954  5955  5959
12916    5959  5923  5955  5922
12917    5922  5935  5923  5955
12918    5934  5954  5955  5922
12919    5947  5942  5943  5957
12920    6141  6137  6138  6072
12921    6066  5977  5982  5947
12922    6776  6847  6772  6848
12923    5959  5942  5957  5943
12924    7747  7749  7691  7725
12925    6049  6048  6120  6114
12926    6114  6048  6120  6113
12927    5458  5463  5465  5459
12928    6141  6072  6138  6074
12929    7479  7480  7542  7544
12930    5956  5942  5957  5959
12931    5947  5946  5957  6041
12932    6041  5946  5957  5956
12933    6057  6054  6056  6122
12934    5985  5984  5983  5979
12935    5978  5974  5983  5973
12936    5983  5979  5982  5973
12937    5732  5729  5740  5731
12938    6222  6225  6223  6287
12939    6286  6222  6287  6224
12940    6223  6222  6287  6285
12941    7169  7158  7171  7168
12942    6284  6222  6287  6286
12943    6285  6222  6287  6284
12944    6239  6242  6234  6243
12945    6242  6294  6292  6223
12946    6290  6293  6292  6241
12947    6223  6217  6242  6209
12948    6238  6201  6230  6234
12949    6238  6241  6292  6246
12950    6290  6241  6292  6238
12951    6242  6217  6292  6238
12952    6223  6217  6292  6242
12953    6223  6285  6292  6217
12954    6279  6217  6292  6285
12955    6279  6290  6292  6217
12956    6114  6135  6139  6049
12957    6055  6120  6139  6049
12958    5984  5943  5982  5973
12959    5957  5943  5982  5984
12960    5983  5977  5982  6067
12961    5973  5977  5983  5978
12962    5983  5973  5982  5977
12963    7501  7486  7491  7470
12964    6139  6137  6142  6141
12965    6137  6072  6141  6139
12966    6072  6075  6073  6138
12967    6224  6286  7821  6287
12968    7805  7811  7786  7807
12969    6142  6137  6138  6141
12970    6070  6073  6071  6137
12971    7702  7703  7704  7698
12972    7543  7548  7545  7546
12973    6223  6244  6242  6294
12974     196   203   197   247
12975    7668  7652  7666  7650
12976    1238   119   121  1303
12977    6074  6141  7749  6138
12978    5867  5864  5866  5871
12979    6072  6137  6138  6073
12980    7728  7726  7719  7721
12981    6225  6224  7823  7821
12982    6990  6987  6989  7023
12983    7769  7770  7756  7772
12984    7806  7808  7803  7804
12985    7826  6225  7823  7821
12986    7809  7811  7812  7814
12987    7805  7802  7803  7801
12988    7810  6244  7813  6245
12989    7823  7795  7822  6224
12990    6247  6245  7813  6244
12991    7788  7811  7786  7798
12992    6903  6898  6902  6900
12993    7806  7811  7807  7808
12994    7806  7805  7803  7808
12995    7679  7702  7683  7704
12996    7806  7805  7807  7811
12997    7813  7809  7814  7826
12998    7707  6074  7746  6075
12999    7784  7805  7803  7782
13000    6057  6122  7749  6141
13001    7786  7783  7788  7785
13002    7810  6244  7809  7813
13003    7726  7690  7724  7687
13004    5244  5234  5242  5213
13005    7784  7803  7745  7782
13006    7806  7802  7803  7805
13007    7813  6295  7824  7825
13008    6287  6294  7824  6225
13009    7751  7729  7727  7725
13010    6247  6295  7824  7813
13011    6247  6294  7824  6295
13012    6244  6225  7824  6294
13013    6247  6244  7824  6294
13014    7813  6244  7824  6247
13015    7748  7706  7747  7746
13016    7798  7811  7786  7796
13017    7700  7667  7669  7668
13018    7705  7698  7704  7703
13019    7707  6074  7706  7746
13020    6141  6142  7750  6138
13021    7801  7758  7759  7757
13022    7554  7552  7551  7557
13023    7698  7703  7705  7699
13024    7671  7670  7673  7677
13025    7801  7760  7759  7758
13026    6056  7691  6057  7727
13027    6056  6122  7727  6057
13028    6224  7796  6225  7823
13029    6225  6224  7821  6287
13030    7747  7746  7751  7752
13031    7827  7813  7815  7826
13032    7813  7826  7814  7815
13033    7769  7697  7766  7737
13034    7804  7802  7803  7806
13035    7700  7668  7654  7652
13036    7727  7690  7726  6056
13037    7808  7805  7803  7807
13038    7824  7813  7826  6244
13039    7809  6244  7826  7813
13040    7824  6244  7826  6225
13041    2725  2722  2776  2723
13042    7811  7796  7798  7814
13043    7652  7668  7654  7650
13044    7771  7769  7766  7737
13045    6225  6287  7821  7824
13046    7594  7598  7601  7597
13047    7804  7759  7803  7801
13048    7594  7590  7546  7591
13049     801   791   799   802
13050    7771  7737  7766  7768
13051    7701  7667  7669  7700
13052    7801  7802  7804  7760
13053    7747  7748  7708  7706
13054    7717  7769  7711  7710
13055    7759  7801  7804  7760
13056    7756  7754  7710  7753
13057    7749  7746  7747  7706
13058    7748  7746  7747  7752
13059    7568  7581  7578  7580
13060    7575  7508  7585  7594
13061    7746  7707  7748  7706
13062    7747  7725  7751  7749
13063    7685  7681  7679  7704
13064    7747  7749  7751  7746
13065    7746  7749  7752  7750
13066    7752  7746  7751  7749
13067    5755  7614  7609  7610
13068    7652  7698  7679  7700
13069    7666  7668  7700  7652
13070    7699  7666  7700  7698
13071    7666  7699  7700  7667
13072    7666  7667  7700  7668
13073    7785  7795  7797  7798
13074    7700  7699  7701  7667
13075    7704  7698  7701  7700
13076    7704  7705  7701  7698
13077    7699  7698  7701  7705
13078    7700  7698  7701  7699
13079    5955  7655  7662  7634
13080    7006  7004  7003  6985
13081    7612  7610  7621  7520
13082    7666  7668  7669  7667
13083    7665  7666  7664  7669
13084    7520  7516  7621  7612
13085    6225  7824  7821  7826
13086    7679  7685  7678  7681
13087    7677  7684  7673  7671
13088    7797  7778  7792  7790
13089    1446   255  1377  1450
13090    7805  7782  7801  7803
13091    7761  7732  6986  7763
13092    7773  7778  7777  7775
13093    7814  7796  7800  7826
13094    7798  7796  7800  7814
13095    7780  7778  7792  7797
13096    7798  7795  7800  7796
13097    6283  6221  7820  7817
13098    7717  7770  7711  7769
13099    7644  7642  7653  7646
13100    7785  7788  7787  7783
13101    7791  7794  7789  7793
13102    7745  7801  7782  7803
13103    4703  4709  4700  4704
13104    7622  7621  7557  7625
13105    7691  7708  7706  7747
13106    7700  7704  7679  7681
13107    7700  7681  7679  7652
13108    1383  1378  1380  1468
13109    7698  7704  7679  7700
13110    7675  7670  7671  7677
13111    2989  2992  2990  2996
13112    6044  6051  6116  6050
13113    7653  7651  7680  7681
13114    7687  6052  7686  7721
13115    7534  7518  7625  7562
13116    7478  7541  7477  7479
13117    5949  5926  5927  7628
13118    5636  7417  7421  5621
13119    7603  7513  7604  7606
13120    5954  7634  7648  7633
13121    7510  7517  7515  7611
13122    7620  7621  7619  7557
13123    7601  7508  7549  7597
13124    7664  7648  7638  7650
13125    7648  5955  7662  7634
13126    7500  7574  7569  7567
13127    1684   524   570  1704
13128    7553  7559  7554  7557
13129    1412  1419  1417  1474
13130    5737  7464  7488  7463
13131    7466  7463  7488  7464
13132    7621  7518  7553  7625
13133    7465  7463  7488  7466
13134    7612  7611  7519  7515
13135    5724  7475  7476  7538
13136    5762  5724  7473  5721
13137    7496  7505  7498  7507
13138    7576  7587  7574  7586
13139    7550  7545  7549  7547
13140    7532  7530  7536  7564
13141    7585  7587  7574  7575
13142    6887  7641  6897  6899
13143    7665  7664  7663  7662
13144    7771  7769  7737  7755
13145    7507  7573  7575  7572
13146    7662  7657  7659  7660
13147    7577  7595  7575  7599
13148    7472  7502  7543  7492
13149    7240  7250  7275  7243
13150    5755  7610  7609  7519
13151    7419  7429  7423  7396
13152    5705  7473  5721  5762
13153    7562  7530  7558  7564
13154    7554  7557  7551  7553
13155    7662  7661  7663  7665
13156    7562  7559  7557  7563
13157    5981  5972  7659  5980
13158    7518  7618  7625  7612
13159    7427  7450  7428  7454
13160    7541  7479  7478  7480
13161    7501  7502  7491  7506
13162    7507  7589  7588  7584
13163    7559  7564  7563  7562
13164    7626  7622  7557  7625
13165    7660  7638  7662  7636
13166    7541  7479  7542  7543
13167    7547  7492  7541  7543
13168    7530  7534  7562  7518
13169    7530  7564  7562  7534
13170    7766  7769  7715  7697
13171    7479  7468  7472  7541
13172    7657  7634  7636  7662
13173    7557  7551  7555  7556
13174    7621  7625  7553  7557
13175    7502  7492  7547  7543
13176    7502  7506  7547  7492
13177    7478  7480  7540  7541
13178    7556  5853  7555  7620
13179    5721  5724  7473  5722
13180    7562  7563  7557  7625
13181    7468  7472  7541  7492
13182    7534  7618  7625  7518
13183    7414  7400  7429  7396
13184    7478  7541  7539  7477
13185    7477  7478  7476  7538
13186    7544  7548  7542  7543
13187    7669  7667  7665  7666
13188    7352  7350  7345  7349
13189    7557  7621  7551  7553
13190    7560  7530  7532  7564
13191    7541  7480  7542  7479
13192    7612  7518  7621  7625
13193    7612  7516  7621  7518
13194    7544  7543  7542  7479
13195    5776  5853  7555  7556
13196    7661  7660  7659  7657
13197    1501  1512  1514  1502
13198    7622  7621  7620  7557
13199    7559  7564  7565  7563
13200    7656  7658  7659  7657
13201    7539  7468  7537  7477
13202    7543  7472  7541  7479
13203    7543  7492  7541  7472
13204    7474  5722  7473  5724
13205    7623  5857  7624  5853
13206    7438  7434  7404  7445
13207    7548  7547  7542  7543
13208    7562  7559  7553  7557
13209    7562  7558  7553  7559
13210    7625  7562  7553  7557
13211    7558  7518  7530  7562
13212    7625  7518  7553  7562
13213    7541  7480  7540  7542
13214    7648  7634  7662  7636
13215    7665  7667  7663  7666
13216    7664  7648  7650  7666
13217    7619  5853  7623  7620
13218    7665  7666  7663  7664
13219    7490  7541  7492  7468
13220    7490  7488  7539  7468
13221    7662  7664  7663  7666
13222    7636  7638  7662  7648
13223    3834  3837  3800  3836
13224    7662  5980  7659  7655
13225    7659  5980  7663  5981
13226    7659  7661  7663  7662
13227    7657  7655  7659  7656
13228    7657  7662  7659  7655
13229    7659  7662  7663  5980
13230    5955  7655  7634  5933
13231    5933  7655  5968  5980
13232    5980  5968  7659  7655
13233    5980  5972  7659  5968
13234    7655  5969  7659  7656
13235    5968  5969  7659  7655
13236    5968  5972  7659  5969
13237    5775  5856  7623  5853
13238    5776  5775  7555  5853
13239    7539  7478  7538  7540
13240    5832  5756  7623  7614
13241    5621  7417  7421  7394
13242    5856  5756  7623  5832
13243    7619  7610  7623  5756
13244    5756  5775  7623  7619
13245    5756  7610  7623  7614
13246    7619  7520  7555  7621
13247    7555  5756  7520  7619
13248    7619  5853  7555  5775
13249    5724  5762  7538  5763
13250    7412  7410  7416  7431
13251    7452  7449  7451  7456
13252    7421  7417  7424  7423
13253    7619  7557  7556  7620
13254    7552  7557  7556  7551
13255    7538  7478  7537  7477
13256    7619  7621  7556  7557
13257    7557  7621  7555  7551
13258    7556  7621  7555  7557
13259    7555  7516  7551  7621
13260    5724  7475  7473  7476
13261    7476  7474  7473  5724
13262    5738  7473  7464  5705
13263    5636  7422  7421  7417
13264    7466  7477  7475  7537
13265    7488  7466  7537  7468
13266    7488  7464  7537  7466
13267    7475  7466  7537  7464
13268    7473  5724  7537  7475
13269    5762  5724  7537  7473
13270    5947  5942  5957  5946
13271    7473  7475  7537  7464
13272    5738  7464  7537  7488
13273    7417  7420  7418  7424
13274    7432  7425  7431  7429
13275    7384  5562  7381  7383
13276    7379  7382  7380  5560
13277    5521  7377  7366  7316
13278    7421  7394  7398  5621
13279    7373  7370  7375  5551
13280    7418  5564  7383  7417
13281    7384  5564  7383  7418
13282    7416  7410  7409  7414
13283    5540  7378  7335  7336
13284    5549  5562  5555  7381
13285    7281  5504  7310  7282
13286    7333  5538  7335  7336
13287    5558  5559  7380  7378
13288    7321  5532  7322  7317
13289    6317  7072  7070  7112
13290    7461  7462  7484  7486
13291    5538  5513  5536  7333
13292    7376  7383  7374  5555
13293    5505  5512  7313  7289
13294     582  3733  3770  2723
13295    7379  5560  7380  5558
13296    7288  7292  7306  7329
13297    7317  7320  7318  7322
13298    5519  5540  5521  7335
13299    7333  5519  7335  5538
13300    7127  5431  7125  5430
13301    7321  5536  7322  5532
13302    5536  5539  5538  7334
13303    7238  7205  7213  7246
13304    7144  5431  7146  5444
13305    5558  5561  5560  7380
13306    7372  5551  7370  5550
13307    6540  7281  4547  6544
13308    7432  7454  7431  7427
13309    6616  6618  4580  6615
13310    7062  7099  7098  7064
13311    7333  7290  7314  5513
13312    5519  5521  7316  7335
13313    1691  1657  1690  1711
13314    7381  5555  7374  7383
13315    7381  5549  7374  5555
13316    7381  7368  7374  5549
13317    1062  1112  1111  1120
13318    5513  7290  7314  5512
13319    7124  5427  7126  5430
13320    5701  7463  5704  5737
13321    7386  5552  7385  5608
13322    2960  2957  2959  2976
13323    5548  5549  7374  7368
13324    7393  7386  7397  5613
13325    5704  7464  5705  5738
13326    7070  7111  7064  7110
13327    7221  7205  7204  7207
13328    7260  7211  7266  7214
13329    7147  7144  7146  5444
13330    7232  7149  7233  7148
13331    7079  5390  7078  7135
13332    7120  5446  7121  5426
13333    4906  4909  4907  4913
13334    7385  5612  7389  7390
13335    7074  7115  7114  7117
13336    7233  7205  7246  7244
13337    7338  7344  7351  7342
13338    7207  7244  7221  7205
13339    7244  7233  7237  7246
13340    7317  5509  7286  7321
13341    7232  7149  7148  7146
13342    7328  7327  7358  7332
13343    7291  7306  7287  7292
13344    5451  5430  5431  7127
13345    7067  5376  7066  7105
13346    7232  5456  7235  7236
13347    7331  7304  7357  7308
13348    3166  3175  3171  3187
13349    7243  7239  7240  7238
13350    7137  7081  7141  7080
13351    7279  7284  7282  7281
13352    5454  5456  7232  5455
13353    7108  7109  7104  5420
13354    5440  5421  5438  7138
13355    4993  5002  4998  4961
13356    7109  5422  7125  5423
13357    5431  5428  5429  7125
13358    7280  7305  7287  7291
13359    7308  7306  7301  7305
13360    7109  5421  7138  7105
13361    7209  7230  7228  7225
13362    7242  7243  7251  7250
13363    7201  5449  7123  5448
13364    7298  7300  7293  7294
13365    7240  7243  7271  7268
13366    7104  7105  7066  5376
13367    5444  5443  7145  7144
13368    7067  7105  7134  5377
13369    5377  5421  7134  5438
13370    7078  5390  7134  7135
13371    7125  5423  7144  7109
13372    7125  5429  7144  5423
13373    7246  7247  7237  7244
13374    7230  7267  7266  7214
13375    5440  5441  7145  7139
13376    5443  5442  7145  7144
13377    5443  5441  7145  5442
13378    7138  5440  7145  7139
13379    7144  5440  7145  7138
13380    5442  5440  7145  7144
13381    5442  5441  7145  5440
13382    4456  6371  4458  6370
13383    5445  5454  7232  5455
13384    5445  5444  7232  5454
13385    7161  7117  7184  7077
13386    7147  5444  7146  5445
13387    5532  5537  7322  5533
13388    5450  5427  5430  7126
13389    7232  5444  7146  5454
13390    5532  5536  7322  5537
13391    7334  5536  7322  7321
13392    7409  7414  7413  7416
13393    7333  5536  7321  5513
13394    7286  7290  7321  5509
13395    5536  5509  7321  5513
13396    5513  5509  7321  7290
13397    7230  7214  7212  7231
13398    7243  7241  7240  7239
13399    7144  5444  7147  7145
13400    7223  7248  7213  7246
13401    7107  7136  7069  7105
13402    7244  7205  7246  7221
13403    7232  5454  7148  5456
13404    7359  7360  7355  7353
13405    7146  5451  7148  5454
13406    7080  7067  7069  7134
13407    7330  7324  7320  7319
13408    5553  5550  5551  7372
13409    7308  7305  7301  7307
13410    7274  7268  7270  7273
13411    7129  7205  7233  5453
13412    5451  5431  7146  7127
13413    5453  5451  7148  7129
13414    5456  5451  5454  7148
13415    7127  7148  7146  5451
13416    2604  2595  2625  2603
13417    7296  7349  7303  7307
13418    7232  7234  7233  7149
13419    5453  5456  7233  7148
13420    5453  7205  7233  7235
13421    7235  5456  7233  5453
13422    7232  5456  7233  7235
13423    7148  5456  7233  7232
13424    7321  7323  7288  7319
13425    7081  7080  7137  7135
13426    7159  7176  7166  7157
13427    3513  3516  3514  3580
13428    7075  7140  7069  7115
13429    7245  7236  7237  7244
13430    7244  7236  7237  7235
13431    7233  7244  7237  7235
13432    7232  7234  7237  7233
13433    7233  7235  7237  7232
13434    7213  7223  7229  7248
13435    7279  7284  7281  7283
13436    7323  7324  7319  7321
13437    7322  7321  7319  7324
13438    7322  7317  7319  7321
13439    7273  7215  7261  7271
13440    7289  5512  7313  7314
13441    5415  7099  7104  7108
13442    7288  7329  7306  7302
13443    7242  7237  7238  7246
13444    7209  7225  7219  7208
13445    7153  7164  7157  7166
13446    7243  7250  7275  7251
13447    7280  7301  7287  7305
13448    7429  7430  7432  7425
13449    7084  7143  7185  7085
13450    7162  7160  7166  7167
13451    7242  7248  7250  7249
13452    7258  7175  7173  7182
13453    7083  7143  7141  7082
13454    7310  5505  7313  7282
13455    5508  7286  5509  7290
13456    7107  7115  7069  7140
13457     727   718   725   728
13458    7082  7085  7083  7143
13459    7067  7105  7069  7134
13460    7107  7140  7069  7136
13461    7176  7183  7180  7182
13462    7065  7099  7104  7063
13463    7319  7323  7288  7329
13464    7350  7349  7303  7345
13465    7114  7106  7065  7101
13466    5447  5450  7128  7126
13467    7143  7084  7142  7082
13468    7230  7231  7212  7228
13469    7073  7160  7153  7087
13470    7591  7593  7594  7592
13471    7082  7069  7075  7140
13472    7119  5417  7103  5416
13473    7136  7080  7069  7134
13474    7136  7134  7069  7105
13475    7069  7105  7068  7107
13476    7076  7117  7161  7077
13477    7242  7239  7243  7238
13478    7143  7082  7142  7140
13479    1688  1699  1689  1701
13480    7345  7296  7338  7349
13481    7386  7372  7371  5552
13482    7231  7215  7267  7214
13483    7404  7401  7403  7408
13484    7409  7395  7413  7414
13485    7243  7240  7271  7275
13486    7406  7391  7392  7387
13487    7442  7448  7455  7446
13488    7396  7425  7419  7429
13489    7315  7316  7313  5518
13490    7386  5612  7390  5613
13491    7316  5518  7315  5520
13492    7262  7253  7131  7258
13493    5188  5193  5195  5189
13494    7400  7394  7423  7396
13495    7419  7394  7396  7423
13496    7421  7417  7423  7394
13497    7410  7414  7431  7429
13498    7420  7430  7424  7419
13499    7423  7398  7421  7394
13500    7421  7422  7424  7417
13501    5866  5913  5867  5915
13502    7432  7427  7428  7454
13503    7325  7330  7332  7326
13504     154   157   155   217
13505    7428  7425  7427  7432
13506    7427  7410  7412  7431
13507    7410  7429  7431  7425
13508    7402  7387  7401  7406
13509    7436  7433  7435  7440
13510    7408  7438  7407  7403
13511    1078  1073  1075  4344
13512    5849  5820  5845  5860
13513    6318  6410  6328  6411
13514    7157  7153  7166  7159
13515    7287  7305  7301  7306
13516    5326  5315  5322  5328
13517    7415  7411  7409  7416
13518    7173  7168  7169  7175
13519    7357  7359  7350  7346
13520    7168  7171  7169  7175
13521    7260  7255  7266  7211
13522    7345  7349  7351  7352
13523    7189  7184  7191  7188
13524    7172  7175  7173  7253
13525    7243  7241  7268  7240
13526    7166  7162  7153  7160
13527    7327  7302  7304  7331
13528    4554  6604  4568  6603
13529    7084  7142  7184  7185
13530    7196  7133  7181  7269
13531    7354  7327  7353  7358
13532    7360  7353  7359  7357
13533    7084  7075  7077  7142
13534    7140  7082  7142  7075
13535    7115  7140  7142  7075
13536    7075  7117  7142  7115
13537    3843  3806  3842  3858
13538    7240  7213  7215  7250
13539    7308  7306  7331  7302
13540    7329  7302  7331  7306
13541    7302  7329  7331  7325
13542    7243  7238  7240  7250
13543    7213  7215  7250  7231
13544    7229  7213  7250  7231
13545    7229  7248  7250  7213
13546    7250  7215  7275  7231
13547    7267  7231  7275  7215
13548    7240  7215  7275  7250
13549    7273  7268  7269  7150
13550    1152  1163  1156  1165
13551    7133  7215  7263  7273
13552    7327  7331  7332  7325
13553    7331  7329  7332  7325
13554    7330  7325  7332  7329
13555    7191  7187  7186  7184
13556    7142  7084  7184  7077
13557    7161  7165  7167  7190
13558    7240  7151  7268  7150
13559    7455  7442  7453  7449
13560    7183  7181  7180  7259
13561    7142  7143  7185  7084
13562    7184  7187  7186  7094
13563    7193  7192  7190  7194
13564     300  1495   377  1497
13565    7268  7272  7271  7273
13566    7240  7215  7271  7275
13567    7412  7411  7446  7416
13568    7186  7161  7190  7184
13569    7240  7241  7268  7151
13570    7166  7160  7164  7167
13571    7273  7240  7271  7268
13572    7304  7308  7350  7357
13573    7261  7273  7263  7215
13574    5515  5505  7313  7310
13575    6498  6509  6503  6465
13576    7240  7133  7150  7273
13577    7571  7586  7576  7569
13578    7150  7240  7273  7268
13579    7196  7150  7269  7268
13580    7197  7196  7269  7268
13581    7197  7199  7269  7196
13582    7268  7199  7269  7197
13583    7357  7358  7360  7353
13584    7192  7197  7198  7193
13585    7193  7197  7198  7199
13586    7314  5512  7313  5518
13587    7446  7412  7453  7442
13588    7269  7196  7198  7181
13589     886  2022   908  2036
13590    7094  7097  7095  7187
13591    7170  7175  7168  7174
13592    7197  7196  7198  7199
13593    7133  7273  7259  7269
13594    7193  7194  7190  7191
13595    7192  7196  7198  7197
13596    7189  7184  7185  7191
13597    7192  7194  7198  7177
13598    7269  7199  7198  7196
13599    7184  7185  7191  7187
13600    7188  7192  7190  7193
13601    7188  7193  7191  7189
13602    7160  7165  7164  7167
13603    7258  7263  7132  7262
13604    7269  7181  7259  7133
13605    7167  7161  7163  7160
13606    7186  7161  7163  7190
13607    7192  7165  7188  7190
13608    7186  7187  7096  7094
13609    7177  7194  7179  7167
13610    5415  5422  5417  7108
13611    5330  5393  5392  5395
13612    6429  6426  6428  6433
13613    7182  7175  7173  7169
13614    7215  7267  7261  7275
13615    7437  7433  7440  7439
13616    7215  7275  7261  7271
13617    7355  7346  7348  7359
13618    7186  7161  7091  7163
13619    7093  7186  7091  7163
13620    7186  7184  7091  7161
13621    7094  7184  7091  7186
13622    7091  7096  7094  7186
13623    6964  7022  7008  6966
13624    7215  7214  7261  7267
13625    7263  7273  7259  7133
13626    7230  7214  7266  7211
13627    7261  7215  7263  7214
13628    7337  7344  7341  7343
13629    7444  7448  7455  7442
13630    7177  7198  7183  7179
13631    7431  7454  7453  7427
13632    6328  6315  6325  6410
13633    7086  7089  7087  7155
13634    6854  6780  6781  6860
13635    7256  7257  7210  7254
13636    7342  7349  7338  7296
13637    7259  7269  7183  7181
13638    7350  7359  7352  7346
13639    7177  7181  7183  7198
13640    6630  6657  6628  6634
13641    6666  6662  6688  6661
13642    6417  6427  6429  7170
13643    7181  7269  7183  7198
13644    7347  7338  7340  7351
13645    7508  7592  7594  7575
13646    7601  7564  7549  7508
13647    7402  7413  7388  7406
13648    7155  7162  7153  7166
13649    7451  7442  7444  7455
13650    7446  7416  7453  7412
13651    7431  7412  7453  7416
13652    5874  5919  5875  5921
13653    7431  7427  7453  7412
13654    7716  7697  7715  7769
13655    7575  7599  7585  7587
13656    7450  7449  7456  7454
13657    7569  7584  7579  7586
13658    7455  7449  7456  7451
13659    7453  7454  7456  7449
13660    7453  7449  7456  7455
13661    7577  7599  7575  7587
13662    7569  7499  7500  7567
13663    7695  7736  7733  7765
13664    7601  7508  7585  7589
13665    7439  7433  7440  7435
13666    2177  2182  2179  2190
13667    7443  7448  7441  7447
13668    7594  7597  7585  7575
13669    7594  7508  7585  7597
13670    6822  6824  6834  6821
13671    7533  7522  7529  7535
13672    7771  7769  7755  7772
13673    7520  7610  7519  7612
13674    6716  6694  6744  6696
13675    7568  7581  7570  7571
13676    7593  7596  7594  7592
13677    7597  7599  7594  7600
13678    7592  7599  7594  7597
13679    7595  7596  7594  7600
13680    7592  7596  7594  7595
13681    7595  7599  7594  7592
13682    7595  7600  7594  7599
13683    7695  7765  7733  7762
13684    7594  7602  7601  7598
13685    7533  7526  7617  7512
13686    7756  7772  7755  7769
13687    7616  7511  7526  7525
13688    7651  7681  7653  7654
13689    7822  7790  7794  7819
13690    7735  7755  7737  7697
13691    7546  7548  7545  7547
13692    7565  7558  7560  7564
13693    7755  7769  7710  7756
13694    7769  7716  7710  7717
13695    7543  7548  7546  7544
13696    7543  7547  7545  7548
13697    7597  7594  7549  7601
13698    7601  7594  7550  7602
13699    7546  7594  7549  7590
13700    7597  7508  7549  7594
13701    7755  7697  7769  7737
13702    7546  7547  7550  7548
13703    7545  7547  7550  7546
13704    7586  7587  7574  7584
13705    4823  4808  4829  4816
13706    7590  7508  7592  7549
13707    7550  7594  7549  7546
13708    7508  7590  7573  7504
13709    7737  7736  7766  7768
13710    7559  7565  7560  7561
13711    7559  7558  7560  7565
13712    7550  7601  7549  7594
13713    7592  7508  7594  7549
13714    7560  7508  7549  7564
13715    6251  6260  6262  6258
13716    7546  7545  7549  7550
13717    7546  7590  7549  7545
13718    7550  7602  7549  7601
13719    7564  7565  7549  7560
13720    7564  7601  7549  7565
13721    7550  7565  7549  7602
13722    7601  7602  7549  7565
13723    7550  7561  7549  7565
13724    7560  7565  7549  7561
13725    7549  7506  7504  7508
13726    7502  7545  7543  7547
13727    7502  7506  7504  7547
13728    7549  7547  7504  7506
13729    7545  7547  7504  7549
13730    7445  7448  7441  7446
13731    7496  7500  7498  7495
13732    7601  7508  7536  7564
13733    7589  7508  7536  7601
13734    7651  7654  7653  7649
13735    7735  7696  7737  7734
13736    7678  7681  7680  7651
13737    6854  6860  6781  7615
13738    7522  7531  7529  7535
13739    7585  7584  7507  7574
13740    7723  7721  7719  7718
13741    7737  7696  7766  7736
13742    6763  6794  6787  6798
13743    7586  7581  7569  7571
13744    7615  7511  7616  7525
13745    7496  7493  7495  7498
13746    7586  7581  7579  7569
13747    7512  7511  7526  7616
13748    6365  6312  6362  6363
13749    7507  7535  7500  7588
13750    7447  7445  7441  7434
13751    7597  7599  7585  7575
13752    6999  6981  6917  6962
13753    7518  7618  7517  7534
13754    7088  7155  7086  7154
13755    7585  7589  7507  7584
13756    6666  7437  6688  6662
13757    7445  7446  7441  7411
13758    7468  7490  7467  7492
13759    7797  7798  7787  7785
13760    7680  7646  7673  7644
13761    7719  7721  7686  7718
13762    7795  6221  7790  7822
13763    7734  7695  7696  7736
13764    7680  7644  7673  7671
13765    7712  7694  7761  7762
13766    1390  1383  1389  1465
13767    7713  7694  7712  7762
13768    6544  6539  6541  6543
13769    7695  7714  7696  7765
13770    6659  6638  6652  6663
13771    7730  7733  7732  7694
13772    7723  7718  7720  7721
13773    6799  7582  6836  6771
13774    7766  7765  7696  7714
13775    7766  7736  7696  7765
13776    7715  7696  7714  7766
13777    6224  7821  7820  7823
13778    7651  7642  7653  7644
13779    7523  7527  7499  7528
13780    2780  2787  2793  2782
13781    7696  7736  7695  7765
13782    7791  7035  7047  7045
13783    7732  7764  7763  7761
13784    7767  7765  7733  7736
13785    7762  7765  7733  7767
13786    7446  7448  7441  7442
13787    6554  6550  6591  6584
13788    5755  5752  7609  7613
13789    6710  6755  6753  6709
13790    6822  6832  6834  7580
13791    7503  7505  7496  7507
13792    4789  4756  4787  4759
13793    7746  6074  7749  6138
13794    7504  7506  7503  7508
13795    7534  7533  7517  7529
13796    7585  7508  7507  7589
13797     473   478   474   479
13798    7527  7521  7525  7528
13799    6752  6755  6754  6709
13800    7507  7573  7572  7503
13801    7507  7508  7503  7505
13802     286  1413   290  1448
13803    7536  7589  7507  7508
13804    7535  7589  7507  7536
13805    7536  7531  7507  7535
13806    7585  7575  7507  7508
13807    7574  7575  7507  7585
13808    7573  7507  7575  7508
13809     948  2070   952  2072
13810    7507  7532  7531  7536
13811    7486  7505  7498  7494
13812    7630  7632  7640  7629
13813     640   627   642   639
13814    7531  7500  7507  7535
13815    7588  7579  7500  7584
13816    7588  7584  7500  7507
13817    7569  7584  7500  7579
13818    7574  7500  7584  7507
13819    7500  7574  7584  7569
13820    7511  7521  7526  7525
13821    7535  7500  7528  7524
13822    7500  7535  7528  7588
13823    7500  7588  7528  7583
13824    7459  7462  7460  7482
13825    6680  6658  6687  6654
13826    6895  6902  6891  6893
13827    6754  6764  6765  6769
13828    7524  7535  7522  7528
13829    6713  6754  6755  6709
13830    7582  7583  7499  7527
13831    7735  7755  7697  7753
13832    7499  7567  7566  7495
13833    7525  7521  7526  7528
13834    7533  7536  7529  7534
13835    7006  6985  7003  7005
13836    6653  6658  6651  6657
13837    7481  7482  7461  7459
13838    7500  7583  7499  7579
13839    7784  7783  7781  7744
13840    7528  7583  7499  7500
13841    7527  7583  7499  7528
13842    7499  7524  7523  7528
13843    7794  7799  7792  7790
13844    7038  7043  7040  7041
13845    7764  7762  7732  7733
13846    6765  6714  6755  7493
13847    7798  7795  7797  7800
13848    6749  6704  6754  6712
13849    7790  6220  7789  7819
13850    7799  7800  7797  7795
13851    6984  7732  6986  6945
13852    7582  7583  7578  7499
13853    7414  7396  7395  7400
13854    6822  6821  6834  6832
13855    7434  7440  7438  7433
13856    7295  7338  7296  7342
13857    6765  7495  7493  7497
13858    4483  4505  4478  4479
13859    6753  6750  6751  6709
13860    6431  6384  6430  6502
13861    6823  6821  6833  6834
13862    6832  6821  6834  6831
13863    6570  7361  4559  6608
13864    7532  7529  7531  7536
13865    6942  6982  7000  6943
13866    4983  5066  5072  4988
13867    7572  7500  7574  7507
13868    7054  7057  5260  7055
13869    7258  7253  7173  7175
13870    7161  7076  7090  7160
13871    7499  7569  7579  7568
13872    7253  7252  7172  7174
13873    7446  7411  7415  7416
13874    5500  4545  4547  5504
13875    7074  7065  7071  7114
13876    7411  7442  7412  7446
13877    7447  7448  7441  7445
13878    7373  5554  7375  7376
13879    7437  7403  7407  7438
13880    7316  5520  7315  7366
13881    7437  7403  7438  7433
13882    7486  7462  7491  7470
13883    7506  7502  7491  7492
13884    7606  7512  7617  7616
13885    7434  7440  7447  7438
13886    7438  7445  7447  7434
13887    7436  7440  7447  7434
13888    7434  7443  7441  7447
13889    7483  7486  7485  7461
13890    2311  2306  2307  2385
13891    7444  7441  7443  7448
13892    7266  7255  7265  7211
13893    7373  5551  7375  5554
13894    5430  5425  5428  7124
13895    7337  7342  7341  7344
13896    7130  7257  7210  7256
13897    7092  7087  7089  7162
13898    7076  7091  7077  7161
13899    7261  7214  7260  7267
13900    7231  7229  7212  7228
13901    7338  7349  7351  7345
13902    7263  7214  7132  7262
13903    7262  7211  7260  7214
13904    2008  2013  2012  2035
13905    7346  7303  7345  7350
13906    6427  7174  6429  7170
13907     889   806   835  2973
13908    7345  7352  7351  7347
13909    7263  7214  7260  7261
13910    7262  7214  7260  7263
13911    7350  7308  7303  7307
13912    3195  3262  3261  3266
13913    7340  7344  7351  7338
13914    7162  7163  7090  7160
13915    7163  7161  7090  7160
13916    7162  7092  7090  7163
13917    1381  1384  1469  1383
13918    7093  7090  7092  7163
13919    7152  7159  7156  7158
13920    7162  7160  7090  7087
13921    7177  7164  7165  7167
13922    7162  7087  7089  7155
13923    7073  7160  7116  7113
13924    7160  7076  7116  7161
13925    6411  7158  6413  7154
13926    7073  7072  7153  7113
13927    7373  5548  7367  5545
13928    6391  6393  6386  6387
13929    7295  7342  7300  7299
13930    6355  6351  4447  6360
13931    7296  7307  7300  7349
13932    7072  7087  7073  7153
13933    7174  7175  7172  7253
13934    6089  6155  6157  6092
13935    7210  7254  7265  7264
13936    7342  7344  7337  7338
13937    7130  7211  7210  7257
13938    6425  6419  6432  6421
13939    7339  7344  7337  7343
13940    7173  7258  7131  7253
13941    7350  7307  7303  7349
13942    2883  3927  2922  3929
13943     995   990  1042   993
13944    7257  7211  7210  7255
13945    7337  7342  7295  7341
13946    6498  6465  6505  6500
13947    4172  4165  4167  4184
13948    7362  5517  7312  5516
13949    7281  5500  7282  7277
13950    7262  7211  7131  7257
13951    7201  7212  7204  7222
13952    6417  7168  7158  6415
13953    7212  7215  7213  7231
13954    7111  7116  7071  7114
13955    7267  7214  7230  7231
13956    6315  6403  6325  6410
13957    7252  7174  6431  7172
13958    6583  6586  6579  6584
13959    7158  7171  7168  7170
13960    6563  6516  4515  6535
13961    6313  6306  6312  6363
13962    7157  7152  7153  7159
13963    7362  5517  7365  7312
13964    7166  7177  7167  7164
13965    7221  7206  7207  7204
13966    7434  7403  7433  7438
13967    7171  7182  7169  7175
13968    7228  7209  7212  7230
13969    7178  7183  7176  7182
13970    7304  7308  7303  7350
13971    7072  7112  7153  7113
13972    6306  6307  6353  6363
13973    7119  5426  7121  5427
13974    7746  6074  6138  6075
13975    7252  7257  7130  7256
13976    6473  6482  6479  6463
13977    7253  7252  7130  7172
13978    7253  7257  7130  7252
13979    7119  5427  7126  7124
13980    7229  7228  7222  7212
13981    2718  2721  2719  2770
13982    6556  6542  6560  7297
13983    7201  7200  7219  7217
13984    7304  7301  7303  7308
13985    7220  7217  7201  7222
13986    7297  7300  7293  7298
13987    7214  7131  7132  7262
13988    5448  7122  7123  7201
13989    7300  7296  7294  7307
13990    6349  6486  6348  6398
13991    3199  3190  3192  3201
13992    7291  7280  7289  7287
13993    7113  7160  7153  7073
13994    7114  7116  7071  7074
13995    7114  7065  7071  7111
13996    5533  5530  5532  5537
13997    7288  7290  7287  7292
13998    7162  7087  7153  7160
13999    7284  7298  7280  7305
14000    7132  7215  7214  7263
14001    7068  7075  7069  7115
14002    7265  7211  7227  7266
14003    7169  7178  7176  7182
14004    7158  7169  7159  7156
14005    7169  7156  7157  7159
14006    7086  7155  7153  7152
14007    6148  6159  6152  6161
14008    7180  7131  7173  7258
14009    7445  7411  7415  7446
14010    7179  7183  7176  7178
14011    7179  7177  7176  7183
14012    7166  7179  7176  7178
14013    7132  7215  7263  7133
14014    7176  7159  7178  7169
14015    7159  7176  7178  7166
14016    7260  7214  7266  7267
14017    7181  7176  7177  7183
14018    7258  7182  7173  7180
14019    7210  7211  7265  7255
14020    7296  7349  7300  7342
14021    5452  7207  7204  7205
14022    7262  7258  7131  7132
14023    7120  4473  7122  5446
14024    7130  7173  7131  7253
14025    7210  7264  7265  7226
14026    7255  7254  7265  7210
14027    5373  7066  5376  7104
14028    7109  5420  7108  5422
14029    7259  7263  7132  7258
14030    7259  7133  7132  7263
14031    7181  7132  7180  7259
14032    7226  7210  7227  7265
14033    7266  7211  7227  7230
14034     191   196   194   240
14035    7214  7209  7211  7230
14036    7265  7210  7227  7211
14037    7302  7287  7301  7306
14038    7231  7213  7212  7229
14039    5548  5555  5554  7374
14040    7212  7223  7204  7222
14041    7300  7299  7293  7295
14042    3477  2467  2469  3527
14043    7374  5554  7373  7376
14044    7441  7404  7434  7445
14045    7408  7403  7404  7438
14046    7492  7489  7490  7467
14047    7617  7611  7517  7512
14048    7389  7391  6644  7385
14049    7408  7405  7406  7401
14050    7405  7391  7406  7387
14051    7407  7403  7401  7408
14052    7415  7445  7404  7411
14053    7408  7445  7404  7415
14054    7404  7415  7402  7408
14055    7414  7400  7395  7399
14056    5545  5554  5551  7373
14057    7412  7409  7411  7416
14058    7392  7387  7388  7406
14059    6548  6557  6555  6561
14060    7461  7482  7484  7462
14061    5520  7366  7365  7315
14062    7413  7406  7402  7415
14063    7399  7414  7413  7395
14064    7284  7280  7282  7291
14065    7386  5608  7385  5612
14066    3182  3179  3180  3165
14067    7483  7485  6710  7461
14068    5520  5546  7365  7366
14069    5986  5988  4929  5886
14070    5542  7364  7363  7361
14071    7298  7307  7294  7305
14072    7201  7217  7219  7222
14073    7372  5552  7386  5553
14074    7398  7400  7393  7394
14075    7409  7388  7402  7413
14076    5609  5620  7393  5616
14077    7398  7394  7393  5620
14078     777   786   785   788
14079    2335  2314  2334  2383
14080    5553  5616  5609  7393
14081    4580  4583  4582  6618
14082    5613  5609  7386  5608
14083    7413  7399  7388  7392
14084    7413  7395  7388  7399
14085    7128  5447  7123  5449
14086    7288  7292  7287  7306
14087    5505  5512  7289  5501
14088    7284  7298  7279  7280
14089    7302  7306  7301  7308
14090    7294  7307  7301  7305
14091    7229  7213  7212  7223
14092    5372  7063  5373  7099
14093    7225  7227  7209  7230
14094    7211  7230  7209  7227
14095    6467  6458  6466  6477
14096    7298  7297  7279  7293
14097    7283  7298  7279  7284
14098    5448  7122  7201  7200
14099    6645  6664  6650  6649
14100    5501  7285  5508  7289
14101    5427  5424  5425  7119
14102    7110  7111  7064  7100
14103    6367  7112  6317  7110
14104    5415  7099  7103  5414
14105    7068  7115  7106  7114
14106    7114  7068  7065  7106
14107    6546  7297  6560  6542
14108    7213  7204  7212  7223
14109    7115  7117  7074  7075
14110    7109  5422  7108  7125
14111    5546  7368  7365  7366
14112    7278  5500  7277  7282
14113    3705  3672  3698  3755
14114    5508  5501  7289  5512
14115    7285  7290  7289  7287
14116    7065  7062  7064  7099
14117    7124  7125  7108  5422
14118    7104  7068  7066  7105
14119    7119  5416  7103  7102
14120    7077  7074  7076  7117
14121    6354  6371  4448  6370
14122    1055  1052  1054  1069
14123    7312  5515  7315  7310
14124    4472  6381  4474  6380
14125    7102  5416  7103  5414
14126    7113  7116  7071  7111
14127    7281  5504  7282  5500
14128    7113  7073  7071  7116
14129    6147  6152  6154  6148
14130    7071  7076  7074  7116
14131    7064  7071  7065  7111
14132    6710  7481  6708  6751
14133    5448  5449  7203  7201
14134    7110  7113  7070  7111
14135    7071  7111  7070  7113
14136    7110  7112  7070  7113
14137    7112  7072  7070  7113
14138    7641  7644  7646  7642
14139    7070  7073  7071  7113
14140    6385  7252  6502  6431
14141    7226  7210  7208  7227
14142    7224  7226  7208  7227
14143    7224  7227  7208  7225
14144    7209  7225  7208  7227
14145    1247  1254  1315  1252
14146    7101  7100  7098  7064
14147    7201  7217  7203  7200
14148    7208  7211  7209  7227
14149    7204  5449  7201  7206
14150    7395  7400  7393  7399
14151    6676  6682  6689  6680
14152    2753  2781  2779  2791
14153    7293  7296  7294  7300
14154    7065  7099  7064  7101
14155    6327  6324  6326  6405
14156    6155  6162  6159  6161
14157    2422  2433  2435  2423
14158    7279  7294  7280  7298
14159    7111  7101  7064  7100
14160    7065  7101  7064  7111
14161    7128  5452  7204  7205
14162    4300  4205  4226  4304
14163    7120  5426  7121  7118
14164    7287  7278  7280  7289
14165    6502  6430  6501  6384
14166    7218  7208  7219  7225
14167    6358  6307  6353  6351
14168    5372  5414  7098  7099
14169    4409  5414  7098  5372
14170    6644  6648  4655  4654
14171    6351  6305  4405  6356
14172    7277  7279  7282  7281
14173    4551  6568  4550  6544
14174    7222  7228  7219  7209
14175    5417  5428  5425  7124
14176     809   816   810   832
14177    4446  4447  4404  4402
14178    6522  6579  6549  6583
14179    5373  5420  7104  5376
14180    5372  7099  7098  7062
14181    5427  5425  7124  7119
14182    6359  7110  6367  6311
14183    7297  7299  6560  6556
14184    4546  4544  4550  4551
14185    6545  6543  6541  6534
14186    4436  4438  4375  4394
14187    7125  5430  7124  7127
14188    7128  5449  7123  7204
14189    7118  5416  7119  7102
14190    7103  5417  7108  5415
14191    7103  7119  7124  5417
14192    7065  7106  7104  7099
14193    7068  7106  7104  7065
14194    7126  5427  7121  5447
14195    7124  5417  7108  7103
14196    7069  7066  7068  7105
14197    7212  7223  7222  7229
14198    7201  7204  7123  5449
14199    7129  5450  7128  5452
14200    7288  7285  7287  7290
14201    7314  7290  7289  5512
14202    5508  7290  7289  7285
14203    7220  7203  7206  7201
14204    7220  7223  7204  7221
14205    5430  7127  7126  7124
14206    5430  5450  7126  7127
14207    7120  7123  7121  5446
14208    7228  7209  7222  7212
14209    7287  7292  7289  7291
14210    7200  5448  7203  7201
14211    7201  5449  7203  7206
14212    7289  7291  7282  7280
14213    5505  5501  7282  5500
14214    4575  6610  4573  7363
14215    7126  7119  7121  5427
14216    7200  7216  7219  7217
14217    7225  7209  7219  7228
14218    7200  7209  7201  7219
14219    7218  7216  7219  7200
14220    7208  7218  7219  7200
14221    7386  5613  7393  5609
14222    5500  5504  7282  5505
14223     169   166   168   221
14224    5544  5545  7370  7364
14225    5545  7364  7373  7370
14226     445   440   441   447
14227     642  1762  1764  1760
14228    5542  7364  7362  5543
14229    5542  7361  7362  7364
14230    5616  7394  7393  5556
14231    7393  5556  7375  5553
14232    5609  5552  5553  7386
14233    5504  5515  5514  7310
14234    7282  5504  7310  5505
14235    7399  7386  7397  7393
14236    7386  7395  7393  7399
14237    5612  5613  7386  5608
14238    7365  5543  7367  5546
14239    5516  7361  7362  5542
14240    5543  5516  5517  7362
14241    7362  7364  7367  5543
14242    5543  7364  7367  5545
14243    7365  5546  7367  7368
14244    5543  5548  5545  7367
14245    5551  5545  7373  7370
14246    7407  6664  6660  6666
14247    6610  6616  4575  4574
14248    7396  7393  7395  7400
14249    7315  5517  7365  5520
14250    5505  5518  5515  7313
14251    7315  5518  7313  5515
14252    5545  7364  7367  7373
14253    5543  5517  7365  7362
14254    5546  5517  5520  7365
14255    7282  5505  7313  7289
14256    7315  5515  7313  7310
14257    7369  5550  4581  7371
14258    5338  5343  5342  5345
14259    7482  7457  7460  7459
14260    7369  5550  7371  7372
14261    7458  7457  7460  7482
14262    7392  7386  7385  7390
14263    7391  7387  7385  7392
14264    7385  7388  7386  7392
14265    6618  4582  6617  6644
14266    6513  6518  6515  6517
14267    6568  6570  4556  6567
14268    4700  4696  4694  4697
14269    7362  5516  7311  7361
14270    6558  6555  6557  6562
14271    7310  5504  7309  5514
14272    7281  5504  7309  7310
14273    2308  2373  2375  2309
14274    6891  6890  6888  6880
14275    6898  6889  6881  6891
14276    7487  7482  7460  7462
14277    7519  7610  7609  7612
14278    7458  7482  7460  7487
14279    7460  7467  7465  7487
14280     576  2722  2775  2719
14281    6832  7578  6771  7582
14282    7481  7482  7459  7457
14283    4788  4791  4774  4766
14284    7524  7521  7523  7528
14285    6706  6751  6708  7481
14286    7514  7611  7604  7606
14287    7533  7535  7529  7536
14288    7639  7627  7640  7629
14289    7496  7507  7498  7500
14290    7512  7511  7616  7606
14291    7489  7462  7484  7482
14292    4975  5948  4999  4977
14293    7494  7485  7486  7469
14294    7503  7506  7501  7505
14295    7603  7513  7606  7605
14296    4727  4728  4772  4736
14297    6902  6900  6928  6929
14298    6824  7570  6822  7580
14299    5752  5751  7608  5828
14300    7604  7603  7608  5751
14301    4762  4838  4864  4789
14302    7616  7512  7617  7526
14303    4790  4782  4788  4781
14304    6795  6793  6799  7527
14305    7512  7611  7510  7606
14306    1139  1126  4392  1131
14307    1746  1759  1758  1761
14308    5942  5917  5958  5937
14309    7517  7530  7518  7534
14310    7604  5751  7608  5752
14311    1381  1453  1452  1457
14312    6753  6709  6751  6710
14313    6899  6896  6898  6901
14314    7488  7463  7487  5737
14315    7612  7611  7609  7519
14316    7533  7534  7517  7618
14317    7605  7513  7606  7509
14318    7472  7467  7471  7492
14319    7684  7685  7680  7678
14320    6538  6536  6545  6534
14321    6722  6720  6726  6760
14322    7511  7605  6781  7615
14323    7470  7461  7469  7486
14324    7495  7500  7497  7499
14325     282   297   292   350
14326    6789  6775  6796  6785
14327    2641  2678  2680  2646
14328    7526  7512  7533  7522
14329    7469  7485  7486  7461
14330    7503  7494  7496  7505
14331    7514  7606  7510  7611
14332    7617  7618  7517  7611
14333    5755  7613  7609  7614
14334    7517  7612  7515  7611
14335     690   693   730   691
14336    7512  7529  7517  7533
14337    7526  7528  7522  7535
14338    5691  5729  5726  5737
14339    7522  7535  7533  7526
14340    7485  7493  7498  7497
14341    7497  7495  7498  7500
14342    7612  7611  7517  7618
14343    7501  7505  7491  7486
14344    7719  7724  7689  7687
14345    7470  7471  7491  7501
14346    7486  7494  7498  7485
14347    7502  7471  7491  7492
14348    7605  7511  7616  7615
14349    7520  7515  7516  7612
14350    7501  7506  7491  7505
14351    2713  2710  2711  2736
14352    7628  5948  7640  5949
14353    7519  7611  7609  7514
14354    7653  7646  7680  7644
14355    7649  7652  7654  7650
14356    7494  7486  7501  7470
14357    2437  2396  2436  2487
14358    7530  7534  7529  7536
14359    7501  7471  7491  7502
14360    7671  7682  7675  7684
14361     885   898   886   918
14362    7632  7631  7640  7629
14363    7632  7642  7640  7631
14364    7640  5949  7647  7628
14365    5932  7634  5933  5955
14366    7640  7628  7647  7630
14367    7612  7618  7517  7518
14368    7617  7512  7517  7533
14369    5734  7482  7458  7487
14370    7637  7632  7647  7630
14371    7630  7627  7629  7640
14372    7603  5751  7604  7513
14373    5751  7514  5752  7604
14374    7639  7629  7640  7631
14375    7489  7482  7487  7462
14376    7518  7515  7517  7612
14377    7719  7718  7686  7688
14378    7458  5733  7482  5734
14379    7483  7481  7484  7461
14380    6216  6211  6213  6278
14381    5733  7458  7457  5700
14382    7639  7631  7640  7642
14383     891   864   887   913
14384    7633  5954  7647  7648
14385    7604  7514  7609  7611
14386    7519  5752  7514  7609
14387    1995  2098  2075  2104
14388    7519  7510  7515  7611
14389    7628  5926  7627  5948
14390    5661  5652  5648  5653
14391    7604  5752  7609  7514
14392    7649  7652  7650  7647
14393    7640  7630  7647  7632
14394    7682  7684  7678  7685
14395    5949  7633  7647  7628
14396    7647  7648  7635  7633
14397    7627  5948  7640  7628
14398    7627  7639  7640  5948
14399    6819  6822  6770  6821
14400    1912  1921  1920  1923
14401    7647  7637  7635  7648
14402    7647  7630  7635  7637
14403    5927  7633  5932  5954
14404    5949  7633  7628  5927
14405    7648  7638  7635  7636
14406    7637  7638  7635  7648
14407    7726  6053  7687  7721
14408    7818  7793  7049  7045
14409    6056  6121  7726  7727
14410    7690  6053  7687  7726
14411    6121  6053  7726  6118
14412    7720  6939  7686  7718
14413    7817  6220  7816  6282
14414    7641  7644  7642  7639
14415    5155  6975  5152  5089
14416    7675  7684  7677  7671
14417    7653  7644  7680  7651
14418    1932   780   812  1948
14419    7728  7729  7724  7726
14420    6975  6968  6970  6935
14421    6220  6283  7817  6221
14422    7641  7643  7645  7646
14423    7721  7726  7719  7687
14424    7778  7795  7790  7797
14425    7820  6224  7822  6221
14426    7817  6221  7822  7819
14427    7820  6221  7822  7817
14428    7823  6224  7822  7820
14429    6286  6224  7820  6221
14430    7793  7819  7789  7818
14431    7035  7779  7777  7791
14432    7741  7783  7781  7774
14433     124    92   122   184
14434    7790  7799  7792  7797
14435    5197  5186  5184  5187
14436    7819  6221  7822  7790
14437    6868  6869  6873  6871
14438    7726  7727  7724  7690
14439    7783  7741  7776  7774
14440    7823  7795  7799  7822
14441    7823  7800  7799  7795
14442    6712  6757  6764  6749
14443    7822  7795  7799  7790
14444    7673  7670  7672  7677
14445    7785  7798  7787  7788
14446    7727  7729  7724  7725
14447    7818  7045  7049  7061
14448    7678  7644  7651  7680
14449    7687  7692  7690  7724
14450    6779  7513  6783  7605
14451    7643  7671  7670  7673
14452    7644  7646  7673  7643
14453    7780  7775  7777  7778
14454    7028  7029  7024  7026
14455    7673  7643  7645  7672
14456    7818  7793  7045  7789
14457    6274  6280  5257  6212
14458    7673  7646  7645  7643
14459    5155  5153  5156  5090
14460    7672  7670  6927  7676
14461    1060  1063  1071  1061
14462    7044  7061  7060  7048
14463    1118  1131  1141  1121
14464    7776  7785  7783  7774
14465    7776  7785  7787  7783
14466    7779  7037  7791  7035
14467    7773  7031  6994  7775
14468    7773  7775  6994  7740
14469    7670  7674  7676  7677
14470    7645  7643  6901  7672
14471    6782  6778  6854  6853
14472    7006  7004  6986  7763
14473    2023  2004  2005  2037
14474    6932  6921  6925  6919
14475    6901  6900  6903  6929
14476    7006  6985  6986  7004
14477    7817  7819  7816  6220
14478    7791  7792  7789  7794
14479    7686  7689  7687  7719
14480    4029  4044  4033  4046
14481    5090  5092  5156  5155
14482    2604  2609  2606  2634
14483    7776  7741  7740  7774
14484    7719  7687  7686  7721
14485    7720  7718  7686  7721
14486    7779  7792  7777  7791
14487    6939  5092  6938  6976
14488    7044  7046  7034  7047
14489    5084  5147  5154  5148
14490    7792  7791  7789  7777
14491    7035  7789  7045  7791
14492    6299  6312  6362  6301
14493    7818  6220  7816  7819
14494    5154  5156  5091  6117
14495    4858  4867  4866  4793
14496    6748  6760  6756  6761
14497    6853  6780  6854  6860
14498    5313  5264  5265  7059
14499    7818  7819  7789  6220
14500    7790  7794  7789  7792
14501    5124  5191  5237  6190
14502    5248  5257  5263  5249
14503    7792  7780  7777  7778
14504    7779  7780  7777  7792
14505    7794  7819  7789  7793
14506    7794  7790  7789  7819
14507    6941  6939  6974  7718
14508    7044  7048  7060  7039
14509    5390  5375  5377  5438
14510    7789  7793  7045  7791
14511    7060  7057  5261  7039
14512    6929  6933  6926  6928
14513    7005  6985  7003  6982
14514    5155  6975  5089  5092
14515    5276  5299  5298  5198
14516    7040  7041  7028  7026
14517    6147  6152  6151  6154
14518    6913  5056  6952  5057
14519    7058  7061  5264  7059
14520    7036  7047  7034  7046
14521    5295  5225  5306  5308
14522    4880  4858  4866  4853
14523    7035  7037  7033  7779
14524    6941  6938  6940  6974
14525    6903  6900  6902  6929
14526    6939  7688  7686  7718
14527    1995  2098  2104  2000
14528    6915  6912  6914  6954
14529    6694  6716  4710  6715
14530    6974  6976  6973  6978
14531    6927  7672  6929  6901
14532    7676  6927  6929  6933
14533    7676  7672  6929  6927
14534    6984  7732  6945  7730
14535    5132  6955  6952  6956
14536    6830  6791  6762  6790
14537    7033  7777  7779  7775
14538    6965  6966  6963  7008
14539    6901  6898  6903  6900
14540    6976  6978  6974  7722
14541    7720  6939  6974  6976
14542    7720  7718  6974  6939
14543    7722  7720  6974  6976
14544    7722  7718  6974  7720
14545    7672  6901  6903  6929
14546    7672  7645  6903  6901
14547    4626  4609  4630  4624
14548    7048  7039  7044  7046
14549    5310  5312  5259  5262
14550    7058  7059  5264  5312
14551    7033  7035  7032  7037
14552    5297  5296  5294  5229
14553    5227  5297  5229  7051
14554    6943  6950  6944  7003
14555    6770  6768  6759  6761
14556    5213  5212  5217  5221
14557    7032  7037  7034  7036
14558    7021  7018  7016  7042
14559    7025  7022  7024  7027
14560    5281  5277  5279  5288
14561    6943  6983  6980  6985
14562    1823  1830  1828  1821
14563    7043  7039  7060  7048
14564    6680  6682  6675  6676
14565    6937  6973  6935  6968
14566    5149  5086  5152  5151
14567    6694  6692  4710  6716
14568    6938  5092  6975  6976
14569    6927  6900  6901  6929
14570    6974  6976  6938  6973
14571    6940  6974  6938  6973
14572    7032  7035  7034  7037
14573    7025  7036  7034  7027
14574    6822  6770  6832  6771
14575    6704  6713  6709  6754
14576    3473  3402  3403  3505
14577    6780  6859  6860  6853
14578    6882  4993  6896  4998
14579     770   765   766   772
14580    4647  6643  4643  4654
14581    6921  6928  6919  6932
14582    6895  6928  6893  6921
14583    6982  6985  7003  6943
14584    7044  7027  7034  7046
14585    7005  6982  7003  7000
14586    7039  7048  7043  7041
14587    7029  7046  7027  7041
14588    5234  5211  5232  5242
14589    7033  7030  6993  7032
14590    6149  5191  5124  6190
14591    7036  7029  7027  7025
14592    4967  5003  4966  4999
14593    7041  7026  7027  7029
14594    4895  5005  4896  4897
14595    7036  7046  7034  7027
14596    7038  7043  7042  7040
14597    6993  6988  6990  7030
14598    7033  7030  7032  7035
14599    7036  7046  7027  7029
14600    7020  7016  7015  7019
14601    6871  6892  6894  6890
14602    5093  7686  6052  7720
14603    5112  5114  5116  6080
14604    6994  6991  6993  7031
14605    7025  6990  6989  7023
14606    6954  6969  6956  6971
14607    5143  5080  5144  5150
14608    7017  7018  7015  7016
14609    4732  4717  4730  4718
14610    6898  6889  6891  6900
14611    5285  5284  5204  5303
14612    5309  5261  5259  5312
14613    5085  6109  5083  5148
14614    7048  7049  7044  7061
14615    7045  7061  7044  7049
14616    7049  7046  7044  7047
14617    7047  7045  7044  7049
14618    7030  6990  6993  7032
14619    7057  7039  7060  7043
14620    6860  6797  6781  7615
14621    7470  7461  7486  7462
14622    5242  5211  5215  5213
14623    7047  7037  7034  7035
14624    7036  7037  7034  7047
14625    7045  7034  7035  7047
14626    6865  6869  6867  6864
14627    6697  6721  6698  6719
14628    5216  5212  5217  5213
14629    5208  5209  5138  5104
14630    6893  6926  6919  6928
14631    6962  7001  6996  6999
14632    6982  6943  7003  7000
14633    6566  6565  4552  6563
14634    6975  6968  6935  6973
14635    6968  6977  6970  6972
14636    6976  6973  6975  6938
14637    3727  2715  3725  3751
14638    5053  5134  5149  5130
14639    6973  6977  6975  6968
14640    6973  6976  6975  6978
14641    6973  6978  6975  6977
14642    6940  6935  6937  6973
14643    1147  1180  1179  1182
14644    5225  5295  5306  5221
14645    6902  6928  6893  6895
14646    6902  6900  6893  6928
14647    6093  6105  6103  6177
14648    6893  6928  6919  6921
14649    4880  4881  4866  4858
14650    6768  6757  6759  6761
14651    6896  6879  6884  6886
14652    5786  5777  5778  5792
14653    6886  6879  6881  6896
14654    6734  6730  6840  6735
14655    6870  6869  6867  6866
14656    6910  6906  6905  6911
14657    6896  6898  6881  6886
14658    5002  5003  4998  4966
14659    6865  6862  4938  4939
14660    4971  4968  4970  4993
14661    6769  6754  6755  6765
14662    4972  4968  4993  4992
14663    6783  6778  6779  6854
14664    3927  2897  2922  3931
14665     771   765   769   772
14666    6702  6700  6745  6750
14667    6780  6793  6781  6797
14668    7226  7264  6469  7210
14669    6899  7643  7641  6897
14670    6729  6733  6735  6730
14671    4986  5003  5002  4966
14672    4771  4706  4704  4735
14673    6763  6760  6761  6758
14674    2632  2635  2633  2607
14675    4792  4778  4769  4770
14676    6714  6709  6713  6755
14677    6324  6404  6402  6321
14678    6859  6848  6853  6775
14679    6789  6858  6859  6775
14680    6775  6858  6774  6789
14681    6854  7605  6783  6852
14682    6264  6174  6187  6266
14683    6860  6780  6781  6797
14684    4793  4859  4794  4785
14685    7605  7513  6783  7603
14686    4745  4757  4750  4746
14687    4788  4765  4774  4773
14688    4574  6616  4580  6615
14689    4654  4643  4645  4652
14690    6716  6715  4749  4710
14691    4748  4749  4747  4752
14692    6811  6812  6804  6727
14693    7527  7521  6793  7525
14694    6722  6721  6725  6719
14695     883   902   901   916
14696    6889  6896  6881  6879
14697    7605  7603  6783  6852
14698    6905  6907  6873  6920
14699    6865  6861  4938  6862
14700    5952  5936  4987  5950
14701    6749  6712  6754  6764
14702    6634  6672  6633  6629
14703    6796  6780  6860  6797
14704    6745  6752  6704  6750
14705    6745  6750  6704  6702
14706    6831  6821  6770  6832
14707    7525  6797  6781  6793
14708    6826  6763  6762  6830
14709     405   426   424   484
14710    6696  6718  6746  6716
14711    6712  6703  6711  6749
14712    6798  6799  6794  6792
14713    6777  6846  6853  6851
14714    6713  6764  6765  6754
14715    6853  6775  6780  6859
14716    6792  6775  6785  6796
14717    6761  6749  6768  6757
14718    6889  6898  6881  6896
14719    6764  6757  6768  6749
14720    6704  6752  6709  6750
14721    6770  6761  6759  6763
14722    6865  6862  4939  4951
14723    6858  6848  6859  6775
14724    6767  6769  6771  7499
14725    6758  6763  6759  6761
14726    6796  6859  6860  6780
14727    6780  6773  6775  6853
14728    6781  7605  6779  6854
14729    6789  6775  6859  6796
14730    7527  7525  6793  6797
14731    7485  7493  6755  6714
14732    6764  6767  6765  6769
14733     620   639   632   641
14734    6768  6749  6754  6764
14735    7631  7629  6885  7639
14736    6764  6768  6769  6754
14737    6848  6846  6853  6777
14738    6773  6775  6853  6848
14739    6793  6792  6799  6797
14740    6854  7615  6781  7605
14741    6859  6775  6780  6796
14742    6798  6785  6791  6789
14743    6771  7566  6820  6767
14744    7523  6793  6795  7527
14745    6777  6851  6853  6782
14746    6713  6764  6754  6712
14747    6777  6773  6853  6848
14748    7469  6710  6714  7485
14749    6754  6752  6709  6704
14750    6709  6702  6704  6750
14751    6504  7256  6506  6469
14752    6781  7521  7511  7525
14753    6755  6714  6710  7485
14754    6883  7639  6897  6885
14755    7631  7639  6887  7641
14756    6769  7497  6767  6765
14757    6687  6683  6690  6689
14758    6885  6887  6897  6884
14759    6886  6887  6897  6899
14760    4776  7457  6706  4742
14761    6885  7639  6897  6887
14762    7568  7580  6822  7570
14763    6771  6769  6766  6768
14764    6770  6836  6835  6831
14765    6901  6898  6899  6903
14766    6832  7580  6822  7578
14767    6899  7643  7645  7641
14768    3614  3607  3641  3613
14769    6853  6778  6854  6780
14770    6709  6750  6751  6707
14771    6853  6851  6854  6782
14772    6779  7511  7509  7605
14773    6754  6713  6755  6765
14774    6765  6713  6755  6714
14775    7485  6753  7483  6710
14776    6887  7639  6897  7641
14777    6707  6710  6708  6751
14778    7497  7493  6755  7485
14779    6765  7493  6755  7497
14780    4112  4079  4116  4110
14781    7631  7639  6885  6887
14782    6708  7461  7459  7481
14783    4881  4867  4858  4859
14784    3358  3331  3357  3392
14785    6779  7605  6783  6854
14786    6752  6750  6753  6709
14787    7200  5448  4475  7202
14788    6797  7525  6781  7615
14789    7511  7615  6781  7525
14790     628   623   624   630
14791    4776  4740  4733  4734
14792    6896  6882  6897  6884
14793    6884  6886  6897  6896
14794    6887  6886  6897  6884
14795    4733  4740  4739  4721
14796    5735  5733  4768  5725
14797    7001  6999  6962  6981
14798    4858  4881  4856  4880
14799    4785  4791  4792  4794
14800    4771  4773  4774  4763
14801    4792  4791  4783  4769
14802    6652  6638  6656  6663
14803    6877  6896  4993  6889
14804    5608  5610  4651  5612
14805    7369  7371  4581  6616
14806    7216  6461  7202  6459
14807    6477  6476  6474  6458
14808    6554  6552  6547  6551
14809    4741  4776  4739  4775
14810    1132  5358  4393  1140
14811    6481  6508  6465  6509
14812    6643  6636  4643  4579
14813    2958  3960  3958  3974
14814    7385  6644  4651  4583
14815    2156  2159  2158  2124
14816    4567  6619  4618  4566
14817    5632  5615  5617  5634
14818    7098  4409  4453  5414
14819    4575  5550  4581  7369
14820    6644  7385  4651  4655
14821    6660  7405  6646  6664
14822    7389  7391  6648  6644
14823    1264  1204  1219  1217
14824    6630  6627  6629  6634
14825    4651  5610  4649  4653
14826    6650  6664  6646  7405
14827    6643  6647  4654  4647
14828    4818  4810  4874  4871
14829    7391  7405  6646  7387
14830    6310  6305  6307  6356
14831    6528  6516  4515  6563
14832    6659  6652  6665  6663
14833    6567  6570  4556  6569
14834    5751  5827  4794  7607
14835    4869  7607  4794  5827
14836    4794  7513  5751  7603
14837    7439  7437  6684  6688
14838    6505  6506  6501  6384
14839    4778  4767  4775  4777
14840    4778  4776  4775  4767
14841    6449  6439  6448  6447
14842    6479  6482  6484  6463
14843    4690  4675  4682  4715
14844     834   841   836  2975
14845    3786  3789  3787  3795
14846    6618  6616  4581  7371
14847    4389  1130  4393  1129
14848    3547  3554  3594  3553
14849    6654  6658  6687  6665
14850    4794  4791  4793  4785
14851    6569  4553  4556  6567
14852    4385  1124  4391  1123
14853    5552  4581  5550  7371
14854    6603  6565  4554  6604
14855    4548  4537  4541  4523
14856    4571  6615  4577  6612
14857    6391  6393  6395  6394
14858    6413  6411  6417  7158
14859    6404  6408  6387  6389
14860    6534  6538  6559  6545
14861    7168  7174  6427  7170
14862    6523  6513  6517  6524
14863    7226  6467  6469  6485
14864    6460  6475  6474  6458
14865    6534  6536  6545  6543
14866    4594  4598  4629  4599
14867    4582  4650  6643  6644
14868    7363  7361  4573  5542
14869    7407  7405  6660  6664
14870    6543  6539  4546  6544
14871    4546  6544  4550  6543
14872    6316  6307  6313  6366
14873    6649  6643  6650  6645
14874    4565  6611  4576  6613
14875    4345  4349  4351  4358
14876    6501  6502  6432  6430
14877    6647  6643  6650  6649
14878    6659  6664  6645  6663
14879    6357  4409  4408  4453
14880    6822  7580  6834  6824
14881    6553  6554  6547  6551
14882    6534  6555  6541  6559
14883    6434  6438  6437  6439
14884    6381  7122  4475  7200
14885    6472  6473  6454  6470
14886    4447  4403  4402  4445
14887    1666  1675  1673  1738
14888    6490  6494  6443  6445
14889    5448  4473  5446  7122
14890    6544  6568  4550  6543
14891    4574  4581  4580  6616
14892    6458  6475  6474  6477
14893    6468  6485  6510  6469
14894    4476  4482  4478  4483
14895    7200  7216  6459  7218
14896    7200  7202  6459  7216
14897    4447  6356  4405  4452
14898    4549  4535  4530  4534
14899    2026  1987  2021  2120
14900    6506  7256  6502  6385
14901    6539  4539  6532  6543
14902    6474  6476  6455  6458
14903    6536  6543  6532  4539
14904    6474  6458  6455  6460
14905    6640  6636  6649  6642
14906    3317  3320  3318  3380
14907    4621  4618  4620  4616
14908    6672  6674  6667  6668
14909    6478  6480  6462  6481
14910    4395  4362  4394  4437
14911    6305  6307  6356  6351
14912    4551  6544  4546  4547
14913    6461  6459  4474  4475
14914    6365  6315  6410  6403
14915    6463  6482  6484  6466
14916     640   627   628   642
14917    4453  4407  4451  5414
14918    6308  6310  6357  6356
14919    7064  6309  6311  7098
14920    6377  7118  6361  4455
14921    7102  4455  6361  7118
14922    6456  6436  4467  6454
14923    7200  7122  4475  5448
14924    4545  4549  4551  5504
14925    6461  6458  6459  6475
14926    4563  4560  6598  4562
14927    4408  4403  4405  4452
14928    6475  6458  6459  6477
14929    7218  6475  6459  6477
14930    6311  6310  6367  6359
14931    4547  5504  4551  7281
14932    4545  5504  4551  4547
14933    6357  6310  6359  6356
14934    5514  4551  5504  7309
14935    6311  6308  6310  6357
14936    6357  7100  6311  7098
14937    4513  4540  4503  4507
14938    7337  6558  6588  7341
14939    4543  4541  4550  4537
14940    7218  7216  6459  6475
14941    4557  6568  4551  7309
14942    6483  7226  6485  6467
14943    7293  6542  6556  7297
14944    4543  4539  4550  6543
14945    6379  7122  7120  4473
14946    2500  2495  2497  2560
14947    6357  7098  6311  6309
14948    7098  7100  6311  7064
14949    7130  7256  6385  7252
14950    6541  6532  6534  6543
14951    6351  6307  6353  6306
14952    7281  6540  6542  6544
14953    6540  7279  7277  7281
14954    7283  6544  6542  6546
14955    7283  7297  6542  7279
14956    6546  7297  6542  7283
14957    6656  6663  6665  6652
14958    6548  6552  6559  6534
14959    6545  6546  6541  6543
14960    7281  7283  6542  7279
14961    6544  7283  6542  7281
14962    6482  6476  6466  6463
14963    6466  6455  6463  6476
14964    6592  7343  6594  6588
14965    6366  6367  6316  6310
14966    6558  6557  6592  6562
14967    6483  7226  6467  7224
14968    7208  7224  6467  7226
14969    6459  7208  7200  7218
14970    6477  7218  6467  6459
14971    6483  7224  6467  6477
14972    6555  6541  6559  6560
14973    6684  6683  6690  6688
14974    7224  7208  6467  7218
14975    7218  6477  6467  7224
14976    6317  6310  6316  6367
14977    7110  6311  6317  6367
14978    6311  7070  7064  7110
14979    6465  6508  6464  6498
14980    6533  6536  6535  6538
14981    6550  6554  6549  6584
14982    6792  6796  6799  6797
14983    6407  6402  6409  6406
14984    6484  6466  6485  6468
14985    7341  7343  6592  6588
14986    6385  7210  6469  7256
14987    6394  6397  6395  6396
14988    6401  6424  6399  6495
14989    6666  6664  6660  6659
14990    6316  6368  6369  6366
14991    4542  6535  4515  4511
14992    6468  6484  6465  6509
14993    6557  6561  6592  6562
14994    6645  6660  6646  6664
14995    6640  6647  6649  6636
14996    3487  3478  3537  3481
14997    6642  6638  6649  6663
14998    6590  6588  6594  7343
14999    6541  6556  6542  6560
15000    6458  6476  6466  6477
15001    6365  6368  6410  6315
15002    7299  7341  6562  6558
15003    6555  6561  6559  6548
15004    6545  6560  6541  6546
15005    6542  6546  6541  6560
15006    6534  6552  6559  6538
15007    6545  6560  6559  6541
15008    6544  6546  6541  6542
15009    6544  6543  6541  6546
15010    6548  6561  6559  6552
15011    6541  6534  6559  6545
15012    6483  6476  6466  6482
15013    6421  6419  6432  6428
15014    6560  6556  6562  6555
15015    7343  7337  6588  7341
15016    6316  6319  6317  6369
15017    6469  7254  6504  7256
15018    6675  6682  6681  6677
15019    6469  6466  6468  6485
15020    6485  7264  6469  7226
15021    6483  6477  6466  6476
15022    6467  6477  6466  6483
15023    6555  6561  6562  6559
15024    6319  7086  7072  7152
15025    6321  6302  6386  6303
15026    6636  6645  6643  6649
15027    6663  6664  6645  6649
15028    6643  6646  6644  6650
15029    4708  4710  6692  4749
15030    6633  6627  6631  6634
15031    7152  7154  6329  7086
15032    6301  6303  6364  6341
15033    4572  4555  4558  6607
15034    6644  7387  7385  7391
15035    5186  5197  5184  5196
15036    6650  7405  6646  7391
15037    6650  6645  6646  6664
15038    6659  6666  6665  6661
15039    6481  6484  6465  6463
15040    4762  4852  4838  4789
15041    6660  7403  7401  7407
15042    6666  7407  6662  6660
15043    7437  7403  6662  7407
15044    7407  6666  6662  7437
15045    6385  7256  6502  7252
15046    6433  6427  6429  6426
15047    6588  6558  6592  7341
15048    2450  2504  2452  2505
15049    6766  6768  6770  6771
15050    6659  6663  6665  6666
15051    6658  6652  6665  6654
15052    6685  6676  6678  6689
15053    3057  3060  3058   919
15054    6723  6727  6726  6725
15055    6558  6556  6562  7299
15056    6410  6368  6318  6315
15057    6467  7210  7208  7226
15058    7210  7254  6469  7256
15059    6767  6769  6766  6771
15060    6588  7339  7337  7343
15061    6318  6368  6369  6316
15062    6366  6367  6369  6316
15063    7210  7264  6469  7254
15064    6410  6415  6414  6417
15065     851   940   939   946
15066    2232  2265  2234  2268
15067    5446  5449  5448  7123
15068    6389  6408  6387  6393
15069    6427  6414  6415  6417
15070    6583  6572  6579  6585
15071    6559  6560  6562  6555
15072    6416  6426  6428  6429
15073    6463  6479  6481  6484
15074    6554  6561  6550  6548
15075    6552  6561  6554  6548
15076    6552  6533  6547  6551
15077    6591  6587  6593  6580
15078    6550  6561  6591  6557
15079    6313  6312  6365  6363
15080    6313  6363  6365  6368
15081    6428  6426  6432  6433
15082    6661  6654  6687  6665
15083    6416  6427  6417  6414
15084    6316  6367  6369  6317
15085    6395  6420  6418  6424
15086    7112  7152  6369  6319
15087    6411  7154  6329  7152
15088    6367  7112  6369  6317
15089    6317  7112  6369  6319
15090    6313  6318  6316  6368
15091    7299  7341  6558  7295
15092    7449  7412  7442  7453
15093    6560  7299  6562  6556
15094    6369  7152  6411  6319
15095    7168  6415  7156  7158
15096    6485  7264  6510  6469
15097    6411  7156  6415  7158
15098    1028  1088  1033  1029
15099    6465  6509  6503  6468
15100    3195  3215  3214  3212
15101    6584  6550  6591  6580
15102    6411  7154  6413  6329
15103    6509  6484  6510  6468
15104    6428  6419  6409  6421
15105    6385  7172  7130  7252
15106    6403  6410  6416  6412
15107    6411  7152  6329  6319
15108    7158  7154  6411  7152
15109    6329  6318  6328  6411
15110    5447  5426  5427  7121
15111    7172  6427  7168  7174
15112    7340  7337  7339  7344
15113    6330  6325  6327  6412
15114    6427  6431  6433  7174
15115    6469  7264  6504  7254
15116    6510  7264  6504  6469
15117    6469  6468  6504  6510
15118    6433  7174  6429  6427
15119    6469  7256  6506  6385
15120    6469  6468  6506  6504
15121    6469  6384  6385  6506
15122    7154  6329  6331  6413
15123    6502  7252  6433  6431
15124    6431  7252  6433  7174
15125    6582  6579  6581  6586
15126    6685  6689  6690  6683
15127    6384  6506  6501  6502
15128     568   565   567   598
15129    6587  6550  6580  6591
15130    6413  6410  6417  6411
15131    5726  5731  5728  5739
15132    6766  6757  6759  6768
15133    6822  7578  6771  6832
15134    6425  6496  6501  6423
15135    6508  6509  6498  6465
15136     962   993   969  1011
15137    6578  6585  6574  6572
15138    6404  6405  6326  6324
15139    6412  6413  6328  6410
15140    6412  6330  6328  6413
15141    6413  6411  6328  6410
15142    6329  6411  6328  6413
15143    6328  6331  6329  6413
15144    3969  3966  3968  3989
15145    6426  6407  6414  6416
15146    6403  6407  6409  6416
15147    6503  6465  6505  6498
15148    3556  3553  3596  3554
15149    6409  6426  6416  6407
15150    6399  6424  6422  6495
15151    6412  6410  6325  6403
15152    6328  6410  6325  6412
15153    6398  6486  6399  6349
15154    6491  6487  6486  6492
15155    6425  6424  6422  6418
15156    6676  6678  6689  6682
15157    6468  6383  6384  6505
15158    4560  6596  4561  6598
15159    6445  6444  6452  6453
15160    6501  6423  6432  6425
15161    6687  6683  6689  6676
15162    6587  6592  6591  6594
15163    6687  6654  6676  6680
15164    6423  6419  6432  6425
15165    6592  6557  6591  6561
15166    6428  6419  6432  6426
15167    6504  6468  6503  6510
15168    6835  6763  6826  6830
15169    6434  6436  4467  6438
15170    6587  6557  6591  6592
15171    7389  7392  7391  7385
15172    6383  6496  6505  6500
15173    6580  6586  6593  6584
15174    6580  6584  6593  6591
15175    6433  6426  6432  6430
15176    4133  4128  4135  4132
15177    6506  6384  6505  6468
15178    6683  6654  6676  6687
15179    6688  6683  6690  6687
15180    6383  6423  6501  6496
15181    6430  6383  6423  6501
15182    6383  6496  6501  6505
15183    6505  6384  6501  6383
15184    6580  6589  6587  6593
15185    6587  6590  6588  6594
15186    6593  6594  6589  6587
15187    7437  6662  6684  6688
15188    6676  6680  6689  6687
15189    4761  6734  4762  4839
15190    1844  1829  1827  1842
15191    6684  6688  6690  7439
15192    7796  7785  7786  7798
15193    6802  6803  6800  6804
15194    7439  6686  6690  6684
15195    6687  6661  6688  6683
15196    6662  7433  7403  7437
15197    6661  6684  6662  6688
15198    7439  7433  6684  7437
15199     994   969   993  1012
15200    6687  6665  6688  6661
15201    6666  6661  6688  6665
15202    6187  6170  6266  6174
15203    7499  7582  6771  7578
15204    6749  6757  6711  6712
15205    6675  6630  6668  6679
15206    6816  6826  6815  6828
15207    7578  7580  6822  7568
15208    6823  6818  6833  6816
15209    6825  6828  6815  6826
15210    6816  6831  6833  6821
15211    6828  6826  6833  6816
15212    5135  5131  5133  5136
15213    6816  6826  6833  6831
15214    6810  6803  6806  6804
15215    6944  6986  7004  6945
15216    7426  7419  7425  7430
15217    6943  6985  7003  6944
15218    6944  6985  7003  7004
15219    7712  6945  6951  7761
15220    6792  6785  6798  6796
15221    7497  7499  6767  7495
15222    6769  7499  6767  7497
15223    6764  6768  6766  6769
15224    6770  6763  6835  6798
15225    6787  6785  6791  6798
15226    6796  6785  6798  6789
15227    6819  6822  6820  6770
15228    6792  6796  6798  6799
15229    6820  7568  7566  6771
15230    6771  7568  7578  6822
15231    6799  7527  6771  6795
15232    6799  7582  6771  7527
15233    7499  7527  6771  7582
15234    7568  6771  7578  7499
15235    6836  6831  6770  6832
15236    6770  6820  6819  6766
15237    6771  7523  6795  7527
15238    6836  6832  6770  6771
15239    6770  6831  6835  6763
15240    6730  6774  6772  6847
15241    6770  6766  6759  6768
15242    6719  6722  6726  6725
15243    6798  6799  6770  6794
15244    6798  6836  6770  6799
15245    6771  6799  6770  6836
15246    6315  6312  6314  6365
15247    6770  6795  6794  6799
15248    1430  1527  1504  1529
15249    6828  6816  6833  6818
15250    6804  6811  6807  6812
15251    6944  6951  6945  7004
15252    6787  6798  6791  6763
15253    6826  6830  6762  6825
15254    6758  6760  6762  6763
15255    6763  6835  6791  6830
15256    6763  6798  6791  6835
15257    6321  6302  6320  6386
15258    3602  3640  3610  3635
15259    5260  7055  5308  7054
15260    6980  6943  6985  6982
15261    6812  6829  6808  6728
15262    4789  6850  4864  6849
15263    6983  6986  6944  6984
15264    6943  6949  7003  7000
15265    1357  1290  1297  1359
15266    6766  6820  6767  6771
15267    6763  6819  6814  6759
15268    7003  7004  6950  6944
15269    6763  6821  6816  6814
15270    6759  6819  6766  6770
15271    6961  6962  6997  6996
15272    6696  6716  6746  6744
15273    6948  6942  6999  7000
15274    6492  6487  6486  6488
15275    6999  7002  6981  7001
15276    6695  6697  6698  6720
15277    6632  6621  6625  6626
15278    6804  6805  6806  6810
15279    6763  6821  6831  6816
15280    6970  6972  6967  6968
15281    6995  6996  6946  6916
15282    6873  6918  6920  6892
15283    6831  6763  6816  6826
15284    6492  6489  6486  6491
15285    6834  6821  6833  6831
15286    6942  6949  6943  7000
15287    6815  6826  6762  6825
15288    6828  6818  6815  6816
15289    6762  6830  6829  6825
15290    6827  6828  6817  6815
15291    6762  6790  6829  6830
15292    6825  6827  6815  6828
15293    6815  6828  6817  6818
15294    6679  6682  6681  6675
15295    6600  6611  4565  6613
15296    6718  6695  6696  6720
15297    6952  6957  6953  6958
15298    6987  7023  7022  6989
15299    6402  6405  6324  6403
15300    4057  4100  2041  4059
15301    6844  6735  6740  6843
15302    6913  6936  6934  6967
15303    6999  6942  6917  6981
15304    7040  7026  7028  7012
15305    6791  6790  6786  6762
15306    7040  7012  7014  7018
15307    6810  6805  6809  6804
15308    6800  6803  6801  6804
15309    6999  6942  6981  7000
15310    7000  7002  6981  6999
15311    7000  6982  6981  7002
15312    6742  6743  6736  6740
15313    6787  6762  6763  6791
15314    6762  6825  6829  6728
15315    6572  6581  6579  6585
15316    6762  6728  6829  6790
15317    6761  6760  6756  6758
15318    6758  6814  6759  6763
15319    6762  6814  6813  6758
15320    6827  6803  6806  6810
15321    6804  6723  6801  6800
15322    6814  6762  6816  6763
15323    6804  6812  6807  6808
15324    6748  6698  6756  6720
15325    6722  6719  6698  6721
15326    6637  6620  6622  6641
15327    6738  6728  6739  6742
15328    6724  6813  6758  6762
15329    6722  6760  6756  6720
15330    6979  6981  6917  6942
15331    7491  7484  7489  7462
15332    6786  6728  6762  6790
15333    6803  6808  6810  6827
15334    6812  6728  6727  6811
15335    6825  6827  6803  6815
15336    6811  6728  6727  6742
15337    6804  6825  6803  6815
15338    6724  6728  6727  6723
15339    6740  6844  6741  6735
15340    6738  6742  6727  6728
15341    6737  6790  6743  6739
15342    6739  6742  6743  6737
15343    6748  6757  6711  6749
15344    6829  6728  6743  6790
15345    6812  6728  6743  6829
15346    6739  6728  6743  6742
15347    6812  6742  6743  6728
15348    6739  6790  6743  6728
15349    6815  6827  6803  6817
15350    7041  7026  7040  7038
15351    7042  7056  7016  7021
15352    6907  6906  6872  6874
15353    6804  6808  6803  6825
15354    6961  6960  6917  6959
15355    6874  6871  6873  6875
15356    7029  7026  7028  7041
15357    6918  6921  6920  6892
15358    6913  6969  6956  6954
15359     568  1692  1682  1694
15360    5089  5155  5087  5152
15361    6857  6858  6788  6774
15362    6825  6728  6808  6829
15363    6996  6917  6946  6916
15364    5238  5160  5236  5163
15365    6959  6916  6917  6961
15366    6916  6961  6996  6917
15367    6962  6999  6996  6917
15368    6917  6961  6996  6962
15369    7027  7026  7024  7029
15370    6996  6962  6998  7001
15371    6801  6815  6813  6728
15372    6917  6948  6942  6999
15373    6996  6999  6947  6917
15374    6997  6962  6998  6996
15375    6996  6961  6995  6997
15376    6996  6916  6995  6961
15377    5296  7019  5229  7051
15378    6934  6970  6967  6968
15379    4852  4838  4862  4834
15380    6732  6731  6736  6735
15381    6774  6732  6857  6847
15382    6812  6728  6804  6727
15383    6808  6728  6804  6812
15384    6727  6728  6804  6723
15385    6808  6825  6804  6728
15386    6256  6168  6173  6258
15387    6815  6728  6804  6762
15388    6825  6815  6804  6762
15389    6762  6728  6804  6825
15390     335  2538  2585  2535
15391    6803  6728  6801  6804
15392    6815  6728  6762  6813
15393    6804  6728  6801  6723
15394    6724  6723  6801  6728
15395    6722  6724  6726  6725
15396    6810  6804  6809  6808
15397    6584  6586  6579  6580
15398    6804  6803  6806  6805
15399    6807  6808  6809  6804
15400    6732  6735  6844  6840
15401    6620  6641  6626  6622
15402    6804  6803  6805  6802
15403    6891  6881  6880  6889
15404    7240  7133  7273  7215
15405    6697  6719  6698  6720
15406    6672  6668  6630  6679
15407    6857  6732  6788  6741
15408    6632  6634  6627  6628
15409    6675  6680  6679  6682
15410    4697  4704  4735  4727
15411    6522  6583  6549  6553
15412    6653  6628  6630  6657
15413    6667  6673  6669  6674
15414    6345  6346  6434  6344
15415    6672  6674  6671  6667
15416    4503  4500  4502  4507
15417    6464  6349  6382  6499
15418    6675  6678  6676  6682
15419    6745  6702  6699  6700
15420    6325  6403  6324  6405
15421    6585  6586  6579  6583
15422    6679  6668  6681  6672
15423    6674  6672  6681  6668
15424    6674  6668  6681  6670
15425    6675  6668  6681  6679
15426    6677  6668  6670  6681
15427    6816  6762  6826  6763
15428    6499  6495  6382  6500
15429    6513  6518  6517  6524
15430    6445  6486  6443  6490
15431    6521  6576  6522  6526
15432    6704  6701  6703  6745
15433    6519  6526  6520  6524
15434    6492  6490  6443  6486
15435    6409  6402  6404  6408
15436    4385  1123  4384  1127
15437    6314  6403  6402  6324
15438    6395  6424  6399  6401
15439    6551  6553  6520  6547
15440    6404  6389  6387  6321
15441    6315  6365  6314  6403
15442    3910  3915  3912  3937
15443    6387  6321  6402  6404
15444    6325  6314  6324  6403
15445    6387  6389  6386  6321
15446    6488  6487  6486  6400
15447    6387  6408  6391  6393
15448    6387  6404  6402  6408
15449    7575  7507  7572  7574
15450    6404  6389  6321  6323
15451    6364  6403  6314  6365
15452    6321  6326  6324  6404
15453    6349  6488  6399  6495
15454    6314  6303  6402  6364
15455    6549  6520  6522  6553
15456    6393  6418  6408  6391
15457    6585  6572  6576  6583
15458    6533  6538  6535  6537
15459    3261  3160  3195  3265
15460    6578  6575  6576  6571
15461    3855  2806  3800  3836
15462    6671  6629  6633  6672
15463    6300  6301  6339  6341
15464    6571  6574  6578  6573
15465    6321  6387  6402  6303
15466    6322  6389  6320  6388
15467    6490  6489  6445  6486
15468    4366  4361  4363  4420
15469    6296  6299  6297  6332
15470    6490  6489  6486  6492
15471    6492  6486  6443  6349
15472    6418  6393  6420  6395
15473    6400  6488  6398  6486
15474    6443  6490  6507  6494
15475    6394  6393  6395  6397
15476    6493  6489  6445  6494
15477    6470  6438  6456  6436
15478    6299  6352  6335  6362
15479    6376  6360  4454  6377
15480    6480  6507  6464  6508
15481    6362  6306  6352  6363
15482    6387  6386  6341  6303
15483    6405  6402  6404  6409
15484    6349  6486  6399  6488
15485    6396  6397  6395  6401
15486    6651  6657  6655  6628
15487    4433  6370  4435  6343
15488    6397  6420  6395  6424
15489    6395  6401  6398  6394
15490    6396  6401  6394  6400
15491    6492  6488  6349  6499
15492    6387  6393  6386  6389
15493    6321  6389  6386  6320
15494    6391  6390  6386  6393
15495    6392  6388  6386  6393
15496    6395  6401  6399  6398
15497    6398  6401  6399  6400
15498    6401  6397  6395  6424
15499    6341  6338  6339  6300
15500    6401  6495  6399  6488
15501    6370  6343  4433  4431
15502    6392  6397  6394  6396
15503    6394  6401  6398  6400
15504    6635  6639  4646  4623
15505    6391  6393  6394  6390
15506    6390  6393  6394  6392
15507    6397  6392  6394  6393
15508    6486  6488  6349  6492
15509    2323  2320  2322  2327
15510    5198  5251  5299  5250
15511    6443  6497  6507  6490
15512    6579  6584  6549  6583
15513    6488  6495  6349  6499
15514    6406  6419  6418  6408
15515    6719  6717  6720  6697
15516    6526  6522  6520  6553
15517    6521  6576  6526  6525
15518    6494  6453  6443  6445
15519    6409  6406  6408  6419
15520    6453  6444  6450  6451
15521    6521  6572  6522  6576
15522    6553  6584  6549  6554
15523    6549  6554  6547  6553
15524    6445  6453  6452  6494
15525    6349  6486  6443  6348
15526    6452  6444  6450  6453
15527    6445  6442  6443  6486
15528    6442  6348  6443  6486
15529    6499  6500  6464  6497
15530    6658  6657  6655  6651
15531    6480  6451  6441  6453
15532    2672  2675  2677  2673
15533    6494  6489  6445  6490
15534    6576  6572  6522  6583
15535    6653  6657  6630  6679
15536    6576  6583  6522  6526
15537    6307  6304  6306  6351
15538    6465  6481  6464  6508
15539    6507  6443  6464  6497
15540    6349  6495  6382  6499
15541    3885  3890  3892  3886
15542    6654  6658  6653  6680
15543    6499  6497  6443  6490
15544    6492  6499  6443  6490
15545    6349  6499  6443  6492
15546    6635  6638  6636  6642
15547    6445  6442  6440  6441
15548    6554  6548  6547  6552
15549    6547  6550  6548  6554
15550    6301  6314  6312  6364
15551    6342  4431  4433  6343
15552    7356  7353  7355  7360
15553    6441  6478  6449  6451
15554    4522  4501  4503  4526
15555    4370  1100  4373  4372
15556    6418  6391  6406  6408
15557    6441  6444  6449  6439
15558    6302  6386  6341  6340
15559    6303  6386  6341  6302
15560    6364  6365  6314  6312
15561    6300  6340  6302  6341
15562    6353  6363  6352  6306
15563    6478  6480  6441  6462
15564     368   373   375   369
15565    6303  6324  6314  6402
15566    6341  6303  6402  6387
15567    6364  6303  6402  6341
15568    6497  6498  6464  6508
15569    3220  3196  3303  3203
15570    6521  6575  6571  6576
15571    6418  6423  6422  6425
15572    6420  6425  6418  6424
15573    6420  6408  6418  6421
15574    6419  6421  6418  6408
15575    6349  6422  6495  6399
15576    6395  6422  6399  6424
15577    6423  6496  6422  6425
15578    6425  6496  6422  6424
15579    6332  6299  6297  6333
15580    6513  6524  6514  6518
15581    6522  6583  6553  6526
15582    6499  6497  6464  6443
15583    6443  6494  6507  6453
15584    6425  6421  6418  6419
15585    6420  6421  6418  6425
15586    6480  6508  6464  6481
15587    6496  6383  6382  6500
15588    6500  6495  6382  6496
15589    6382  6423  6383  6496
15590    4511  4508  4510  4514
15591    6449  6439  6447  6436
15592    2221  5323  5322  5329
15593    6567  6564  4543  6536
15594    6333  6337  4429  4428
15595    4507  4501  4526  4503
15596    6553  6583  6549  6584
15597    1743  1663  1745  1742
15598    6629  6668  6630  6672
15599    6500  6499  6464  6382
15600    6465  6382  6383  6500
15601    4569  6606  4568  6604
15602      69   111    71   110
15603    6445  6442  6441  6443
15604    6500  6498  6464  6497
15605    6500  6465  6464  6498
15606    6679  6680  6653  6657
15607    6679  6675  6653  6680
15608    6776  6846  4789  6845
15609    6613  6602  4565  6600
15610     767   797   789   798
15611    6630  6672  6634  6629
15612    6679  6672  6634  6630
15613    6630  6657  6634  6679
15614    6621  6631  6627  6632
15615    6364  6301  6339  6362
15616    6699  6745  6701  6702
15617    6651  6656  6655  6658
15618    6364  6301  6362  6312
15619    6605  4563  6598  6611
15620    6847  6774  6772  6848
15621    6632  6622  6655  6628
15622    6626  6622  6655  6632
15623    6626  6641  6655  6622
15624    6777  6846  6776  6848
15625    6626  6622  6619  6620
15626    6622  6651  6637  6655
15627    6632  6628  6655  6657
15628    6657  6634  6632  6628
15629     978   997   991  1038
15630    6652  6637  6651  6656
15631    6655  6641  6637  6622
15632    6626  6622  6632  6621
15633    6628  6621  6627  6632
15634    1858  1893  1889  1902
15635    3392  3335  3336  3331
15636    6637  6642  6635  6641
15637    6656  6641  6637  6655
15638    6364  6341  6339  6301
15639    6652  6656  6651  6658
15640    4609  4586  4608  4613
15641    6651  6656  6637  6655
15642    6654  6651  6653  6658
15643    6636  6640  6635  6642
15644    1184  1179  1186  1183
15645    6636  6614  4579  6643
15646    6656  6642  6637  6641
15647    6638  6642  6637  6656
15648    6364  6312  6362  6365
15649    6453  6445  6441  6443
15650    6446  6447  6448  6439
15651    6453  6443  6441  6480
15652    4091  4088  4095  4089
15653    4465  6434  4435  6345
15654    6332  6299  6333  6335
15655    6441  6451  6449  6444
15656    6478  6451  6441  6480
15657    6345  6343  4435  6372
15658    6462  6473  6472  6479
15659    6345  6347  6434  6346
15660    6534  6536  6533  6538
15661    6548  6533  6547  6552
15662    6470  6436  6456  6454
15663    6462  6479  6472  6478
15664    7286  7319  7317  7321
15665    6552  6538  6533  6537
15666    6552  6534  6533  6538
15667    6563  6535  4515  4542
15668    4378  4427  4426  4428
15669    6441  6439  6449  6436
15670    4446  6355  4448  6354
15671    6478  6481  6462  6479
15672    6463  6479  6462  6481
15673    6465  6462  6464  6481
15674    6463  6473  6462  6479
15675    6335  6334  6332  6298
15676    5121  5189  5188  5191
15677    6453  6451  6441  6444
15678    6440  6441  6436  6439
15679    6549  6580  6550  6584
15680    4379  4376  4378  4427
15681    4552  6566  4554  6565
15682    6525  6519  6523  6526
15683    6519  6524  6523  6526
15684    6519  6522  6520  6526
15685    5429  5422  5423  7125
15686    6436  6441  6472  6449
15687    6441  6444  6439  6440
15688    6513  6520  6514  6524
15689    6450  6444  6449  6451
15690    6436  6462  6454  6472
15691    6533  6536  6531  6535
15692    6551  6524  6514  6520
15693    6551  6518  6514  6524
15694    6547  6514  6520  6551
15695    6551  6537  6514  6518
15696    6533  6537  6514  6551
15697    6439  6435  6436  6440
15698    6362  6339  6335  6299
15699    6362  6306  6299  6352
15700    6299  6312  6306  6362
15701    6339  6301  6299  6362
15702    6299  6352  6350  6333
15703    4577  6614  4576  6612
15704    6335  6334  6298  6339
15705    6335  6339  6298  6299
15706    3437  3448  3450  3438
15707    6371  6355  4449  6376
15708    5917  5934  5922  5954
15709    6456  6438  4467  6436
15710    4447  6356  4452  6360
15711    6533  6537  6535  6514
15712    4446  6351  4404  4447
15713    1123  4390  4384  1095
15714    6564  4553  4552  6566
15715    6471  6476  6473  6455
15716    6349  6422  6382  6495
15717    6447  6439  6438  6436
15718    4433  6343  4435  4432
15719    6515  6516  4514  6528
15720    4538  4536  4542  4543
15721    6511  6514  6512  6515
15722    6439  6447  6437  6446
15723    6439  6436  6434  6438
15724    4466  4464  4467  6434
15725    6347  6436  6434  6346
15726    6515  6514  6516  6518
15727    6537  6518  6516  6514
15728    6438  6447  6437  6439
15729    6436  6435  6434  6346
15730    6516  6515  6512  6514
15731    6613  6635  4567  6602
15732    4567  6619  6620  4618
15733    6980  6942  6943  6982
15734    6373  6380  6378  4469
15735    6342  6343  4433  4432
15736    6536  6564  4542  6535
15737    6298  6299  6332  6335
15738    6335  6299  6333  6352
15739    6471  6456  6457  6454
15740    4545  4549  4544  4551
15741    6354  6337  6370  4431
15742    6596  6605  4561  6598
15743    4514  4508  4513  4509
15744    4380  6297  4381  6332
15745    5940  4987  5936  5950
15746    6299  6306  6350  6352
15747    6299  6333  6350  6297
15748    6297  6306  6304  6350
15749    6567  4553  4543  6564
15750    6353  6306  6350  6351
15751    6352  6306  6350  6353
15752    6470  6436  6454  6472
15753    6514  6516  6535  6512
15754    6530  6565  4519  6603
15755    6512  6533  6531  6535
15756    6472  6462  6454  6473
15757    6454  6457  4470  6456
15758    6436  6447  6472  6470
15759    6441  6462  6472  6478
15760    6436  6449  6472  6447
15761    6463  6454  6462  6473
15762    6471  6455  6454  6457
15763    6470  6473  6454  6471
15764    6455  6471  6454  6473
15765    4362  4417  4437  4363
15766    4521  4534  4527  4523
15767    1289  1292  1290  1356
15768    4519  6565  4554  6603
15769    1409  1447  1410  1449
15770    4540  4543  4542  4536
15771    6516  6515  4514  4511
15772    4515  6528  4514  6516
15773    4543  6564  4542  6536
15774    6603  6596  4519  6530
15775    6531  6534  6532  6536
15776    6556  7295  7293  7299
15777    6345  6347  4465  6434
15778    4428  6337  4429  4431
15779     683   721   712   722
15780    6530  4516  6528  6527
15781    6890  6869  6888  6867
15782    6731  6730  6735  6732
15783    4553  4542  4543  6564
15784    5057  5054  5132  5055
15785    6598  4563  6600  6611
15786    6610  7363  4575  7369
15787    4578  4565  4576  6613
15788    4704  4763  4744  4771
15789    4744  4773  4771  4763
15790    4641  4627  4645  4652
15791    6691  6692  4707  4710
15792    6635  6641  6639  6620
15793    6642  6641  6639  6635
15794    6635  6640  6639  6642
15795    4563  4560  4561  6598
15796    6619  6620  6624  6626
15797    6773  6782  6777  6853
15798    4517  6565  4519  6530
15799    4561  4518  4519  6596
15800    4749  6715  4748  4710
15801    6528  6565  4517  6530
15802    6603  6605  4561  6596
15803    4609  4615  4613  4608
15804    6718  6715  6695  6717
15805    4618  6620  4623  6619
15806    6530  4516  4517  6528
15807    6893  6921  6892  6895
15808    3693  2683  3681  3695
15809    6639  6641  6624  6620
15810    6626  6620  6624  6641
15811    4518  6595  6529  6596
15812    4628  4624  4629  4631
15813    6619  6626  6623  6625
15814    6624  6626  6623  6619
15815    6838  6734  6847  6840
15816    6892  6919  6918  6921
15817    6692  6694  6744  6716
15818    5132  5131  5136  5055
15819    4558  4573  4572  6608
15820    6699  6745  6744  6701
15821    6717  6718  6720  6695
15822    4772  4763  4774  4764
15823    6720  6696  6748  6698
15824    6842  6841  4839  6837
15825    4892  4889  4887  4893
15826    6775  6848  6774  6858
15827    4706  4749  4704  4709
15828    6921  6919  6918  6925
15829    6865  6864  6862  6869
15830    5805  5782  5801  5811
15831    6762  6728  6726  6724
15832    6967  6969  6971  6972
15833    6695  6715  6696  6693
15834    6746  6749  6748  6703
15835    6703  6696  6746  6744
15836     400   409   408   411
15837    6715  6693  4710  6694
15838    6734  6733  6838  6837
15839    6868  6869  6871  6870
15840    6735  6733  6840  6734
15841    6868  6869  6866  6865
15842    6734  6733  6840  6838
15843    4949  4940  4934  4941
15844    6735  6838  6840  6733
15845    6870  6869  6866  6868
15846    6695  6697  6720  6717
15847    6725  6724  6726  6723
15848    5057  5132  5136  5055
15849    6732  6737  6788  6741
15850    6692  6699  6744  6701
15851    6748  6757  6756  6711
15852    6704  6745  6703  6747
15853    6739  6737  6736  6742
15854    6711  6696  6698  6748
15855    6847  6732  6857  6840
15856    6837  6838  6840  6735
15857    6742  6737  6736  6743
15858    6729  6730  6735  6731
15859    6694  6693  6696  6715
15860    6788  6737  6784  6790
15861    6716  6715  6696  6695
15862    6739  6742  6736  6738
15863    6747  6749  6703  6704
15864    4765  4763  4774  4773
15865    6724  6760  6726  6762
15866    6880  6889  6888  6891
15867    7016  7021  7019  7020
15868    6730  6733  6735  6734
15869    6716  6715  6695  6718
15870    6865  6864  6867  6866
15871    6718  6716  6696  6695
15872    6843  6839  6844  6735
15873    6761  6757  6756  6748
15874    6722  6720  6698  6719
15875    6776  6846  6845  6848
15876    6730  6776  6734  6847
15877    6840  6732  6857  6844
15878    6695  6720  6698  6696
15879    6785  6774  6784  6789
15880    6722  6723  6725  6721
15881    6741  6737  6788  6790
15882    6722  6724  6725  6723
15883    6474  6457  6460  6455
15884    6735  6839  6844  6840
15885    6719  6720  6726  6722
15886    6786  6737  6739  6790
15887    6866  6869  6867  6865
15888    6847  6858  6857  6774
15889    6744  6747  6746  6703
15890    6890  6893  6895  6891
15891    6748  6718  6746  6696
15892    6756  6759  6757  6761
15893    6737  6790  6741  6743
15894    6722  6760  6726  6724
15895    6732  6735  6741  6844
15896    6774  6732  6788  6857
15897    6722  6720  6756  6698
15898    6732  6735  6736  6741
15899    6741  6737  6736  6732
15900    6741  6735  6736  6740
15901    6741  6743  6736  6737
15902    6740  6743  6736  6741
15903    7039  7026  7027  7041
15904    6698  6748  6756  6711
15905    6840  6730  6847  6732
15906    6774  6858  6788  6789
15907    6757  6749  6748  6761
15908    6788  6789  6784  6774
15909    6703  6745  6744  6747
15910    6840  6734  6847  6730
15911    1417  1428  1427  1477
15912    4710  4749  4709  4748
15913    6776  6848  6845  6847
15914    6918  6925  6922  6924
15915    6758  6722  6724  6760
15916    6748  6720  6756  6760
15917    3405  3318  3339  3407
15918    6890  6893  6891  6888
15919    6892  6869  6888  6890
15920    6748  6749  6711  6703
15921    6790  6791  6784  6788
15922    6786  6791  6784  6790
15923    6791  6789  6784  6788
15924    6791  6785  6784  6789
15925    6694  6703  6701  6744
15926    6716  6692  4749  6744
15927    6643  6614  4579  6617
15928    4876  4880  4856  4881
15929    6701  6694  6744  6692
15930    4261  3204  4196  4265
15931    4710  6692  4749  6716
15932    4765  4773  4787  4746
15933    6684  7435  7433  7439
15934    6772  6775  6773  6848
15935    6748  6696  6746  6703
15936    4996  4953  4994  4944
15937    7038  7012  7026  7040
15938    6772  6777  6776  6848
15939    4747  4748  4709  4749
15940    4935  4949  4943  4934
15941    6881  6889  6878  6880
15942    6881  6879  6878  6889
15943    6878  6889  6888  6880
15944    6890  6867  6888  6880
15945    6880  6864  6888  6878
15946    4894  4891  4896  4890
15947    4750  4751  4747  4752
15948    6876  6879  6877  6889
15949    6849  4843  4864  4762
15950    6862  6864  6888  6869
15951    6862  6878  6876  6888
15952    6867  6864  6888  6880
15953    6867  6869  6888  6864
15954    6776  6847  6845  6734
15955    6838  6734  6845  6847
15956    4842  4839  4843  6842
15957    7028  7012  7014  7040
15958    7053  7020  7019  7021
15959    7008  7012  7007  7010
15960    6895  6890  6894  6892
15961    5225  5221  5306  5258
15962    7017  7018  7016  7021
15963    6913  6954  6956  6952
15964    6911  6906  6905  6907
15965    6907  6875  6873  6920
15966    7020  7053  7019  7052
15967    6862  6869  4951  6865
15968    5227  7054  5308  5297
15969    7029  7025  7024  7027
15970    7053  7021  7019  7016
15971    4996  4944  4994  4980
15972    6920  6921  6894  6892
15973    1959  1966  1961  3980
15974    6934  6968  6967  6936
15975    6892  6921  6894  6895
15976    7041  7039  7038  7043
15977    5225  5297  5308  5295
15978    7043  7039  7038  7057
15979    5227  5297  5308  5225
15980    5225  5260  5258  5308
15981    6969  6972  6967  6970
15982    5232  5211  5209  5140
15983    6873  6870  6872  6868
15984    6967  6934  6913  6969
15985    6969  6970  6967  6934
15986    7038  7057  7042  7043
15987    7038  7056  7042  7057
15988    6925  6918  6920  6924
15989    6925  6921  6920  6918
15990    7017  7021  7016  7020
15991    7014  7012  7010  7013
15992    7022  7025  6989  7023
15993    7008  7009  7007  6965
15994    7008  6965  7007  6963
15995    6875  6871  6873  6894
15996    6875  6894  6873  6920
15997    6871  6892  6890  6869
15998    6981  6960  6979  6917
15999    5203  6165  5205  5195
16000    7019  7051  5296  7050
16001    5291  5176  5269  5298
16002    6971  6967  6954  6969
16003    7180  7169  7176  7182
16004    4832  4872  4836  4847
16005    7010  7009  7008  6966
16006    7013  7018  7011  7017
16007    5217  5252  5244  5213
16008    4083  4080  4087  4081
16009    5057  5054  5056  5132
16010    6989  7022  6966  7024
16011    7042  7018  7016  7040
16012    5296  7051  5229  5297
16013    7040  7018  7016  7012
16014    7010  7009  7007  7008
16015     531   534   532   594
16016    4842  4839  4838  4843
16017    7011  7010  7007  7012
16018    7011  7009  7007  7010
16019    7014  7028  7010  7012
16020    7040  7038  7016  7042
16021    7675  7670  7677  7674
16022    5276  5279  5274  5278
16023    5592  5607  5611  5606
16024    5690  5726  5734  5691
16025    6845  6846  4789  6850
16026    7008  6966  6963  6964
16027    5221  5252  5306  5258
16028    4762  4839  4838  4761
16029    6873  6918  6905  6920
16030    5157  5160  5158  5231
16031    5088  6935  5089  6970
16032    6849  4762  4864  4789
16033    6907  6924  6905  6911
16034    6874  6875  6872  6907
16035    6873  6907  6872  6875
16036    6920  6924  6905  6907
16037    6920  6918  6905  6924
16038    6874  6870  6872  6873
16039    6971  6958  6956  6954
16040    6892  6920  6873  6894
16041    6870  6871  6873  6874
16042    6870  6868  6873  6871
16043    6873  6875  6872  6874
16044    6872  6907  6904  6906
16045    6905  6906  6904  6907
16046    7010  7013  7011  7009
16047    7010  7026  7024  7008
16048    6872  6873  6904  6907
16049    6905  6907  6904  6873
16050    6967  6954  6913  6915
16051    4834  4838  4862  4841
16052    6954  6958  6956  6952
16053    6954  6958  6952  6953
16054       3    28    10    30
16055    5223  5295  5293  5292
16056    6733  6734  4839  6837
16057    6967  6969  6913  6954
16058    6905  6924  6909  6911
16059    6912  6954  6913  6952
16060    7026  7010  7028  7012
16061    6966  7022  7008  7024
16062    6966  7024  7008  7010
16063    6966  7009  7008  6965
16064    7042  7038  7016  7056
16065    5297  7051  5227  7054
16066    7020  7017  7015  7016
16067    6692  6693  4710  6691
16068    4980  4984  4994  4995
16069    7051  7052  7019  7053
16070    7017  7018  7011  7015
16071    5227  7019  5229  5226
16072    5227  5297  5225  5229
16073    5295  5229  5228  5225
16074    5308  5260  5309  7055
16075    5129  5134  5126  5130
16076    7014  7018  7011  7013
16077    7014  7012  7011  7018
16078    7013  7012  7011  7014
16079    7016  7018  7011  7012
16080    7015  7018  7011  7016
16081    5227  7051  5229  7019
16082    5232  5140  5230  5159
16083    7051  7056  5227  7054
16084    5224  5226  5225  5229
16085    5229  5226  5225  5227
16086    4873  4880  4851  4876
16087    7019  7016  5227  7053
16088    7019  7053  5227  7051
16089    7015  7019  5227  5226
16090    7016  7019  5227  7015
16091    7056  7053  5227  7016
16092    7051  7053  5227  7056
16093    5133  5126  5129  5134
16094    5225  5297  5295  5229
16095    2303  2310  2308  2374
16096    5306  5252  5307  5258
16097    5269  5272  5271  5270
16098    5139  5140  5210  5211
16099    5065  5060  4982  5061
16100    5225  5229  5228  5224
16101    5306  5258  5309  5308
16102    6865  6869  4951  6868
16103    6248  5207  6250  5283
16104    5168  5186  5166  5172
16105    5263  6280  5311  6282
16106    4258  2241  4257  4282
16107    5074  4984  4982  5075
16108    5055  5131  5136  5134
16109    4924  4917  4928  4915
16110    6952  5056  5132  5057
16111    5041  5044  5046  5045
16112    5285  5284  5202  5204
16113    5051  5141  5128  5143
16114    5057  6969  5136  6956
16115    6709  6702  6750  6707
16116    4762  4761  4838  4760
16117    4955  4952  4949  4954
16118    6893  6890  6895  6892
16119    4951  6868  4950  6865
16120    4719  4695  4697  4725
16121    3311  3314  3372  3313
16122    5057  6956  5136  5132
16123    5053  5086  5080  5149
16124    5055  5052  5131  5053
16125    6952  6956  5057  5132
16126    6952  6913  5057  6956
16127    6905  6910  6908  6904
16128    4727  4719  4736  4735
16129    6913  6969  5057  6956
16130    5258  5252  5259  5244
16131    6905  6911  6908  6910
16132    7054  7056  5260  7057
16133    5253  5250  5301  5251
16134     131   128   189   130
16135    5133  5134  5136  5131
16136    5217  5225  5258  5221
16137    5149  5086  5150  5152
16138    4700  4695  4702  4697
16139    6888  6869  4951  6862
16140    6934  6970  5088  6969
16141    4878  4847  4832  4849
16142    4750  4758  4751  4759
16143    4925  5886  5882  4923
16144    4984  4948  4994  5074
16145    6744  6692  4749  6699
16146    4944  4952  4947  4943
16147    6838  6842  4839  6837
16148    6838  6837  4839  6734
16149    4707  4708  4705  4709
16150    6694  6693  4710  6692
16151    5019  5016  4920  5018
16152    4950  6865  4942  4951
16153    4737  4706  4771  4735
16154    4942  4939  4936  4937
16155    4939  6865  4942  4938
16156    4939  4951  4942  6865
16157    4878  4834  4862  4841
16158    4852  4834  4862  4878
16159    4750  4752  4746  4759
16160    4942  4938  4936  4939
16161    4704  4749  4771  4744
16162    4710  4708  4709  4749
16163    5053  5134  5126  5131
16164    6619  6620  4623  6624
16165    4709  4749  4704  4747
16166    4746  4779  4787  4765
16167    4781  4756  4787  4789
16168    4708  4710  4709  4707
16169    4704  4747  4743  4703
16170    4843  4839  4838  4762
16171    6156  6179  6160  6181
16172    6733  6734  4761  4839
16173    4766  4765  4774  4788
16174    4774  4764  4777  4772
16175    4843  4842  4840  4838
16176    4942  4939  4937  4951
16177    4759  4758  4760  4757
16178    5167  5166  5101  5165
16179    4790  4781  4788  4787
16180    4843  4839  4762  6842
16181    4843  6842  4762  6849
16182    4843  4838  4840  4841
16183    4761  4758  4760  4759
16184    4762  6776  4789  6845
16185    4697  4706  4735  4704
16186    4759  4757  4760  4754
16187    4697  4705  4700  4696
16188    6845  6838  4762  6734
16189    6849  6838  4762  6845
16190    6849  6842  4762  6838
16191    4839  6838  4762  6842
16192    6734  6838  4762  4839
16193    4762  4761  4760  4759
16194    4746  4773  4787  4752
16195    6624  6620  4623  6639
16196    4759  4751  4750  4752
16197    4743  4750  4747  4744
16198    4704  4747  4744  4743
16199    4706  4771  4749  4708
16200    4711  4667  4693  4723
16201    4700  4697  4694  4695
16202    5055  5134  5053  5131
16203    4708  4709  4706  4705
16204    4728  4720  4739  4736
16205    4708  4749  4706  4709
16206    6855  6850  4865  4790
16207    5078  5142  5141  5144
16208    5109  5142  5141  5034
16209    5261  7058  5312  5309
16210    4959  4900  4958  4904
16211    4746  4743  4744  4750
16212    5447  5452  5449  7128
16213    4834  4837  4831  4833
16214    4953  4952  4949  4955
16215    4774  4791  4777  4766
16216    4954  4951  4949  4955
16217    4951  4950  4949  4942
16218    4954  4950  4949  4951
16219    4949  4942  4941  4951
16220    4940  4942  4941  4949
16221    4940  4937  4941  4942
16222    4951  4942  4941  4937
16223    4744  4765  4746  4773
16224    4913  4965  4909  5914
16225    4949  4951  4935  4955
16226    4941  4951  4935  4949
16227    6845  6849  4789  4762
16228    4678  4680  4690  4691
16229    7055  7057  5261  7060
16230    4722  5688  4732  5690
16231    4837  4849  4847  4846
16232    4691  5674  5686  4716
16233    5315  2215  2217  5314
16234    5827  4867  4794  4869
16235    4739  4776  4733  4775
16236    4746  4743  4750  4745
16237    5751  5825  4794  5827
16238    4713  4720  4714  4726
16239    4645  4627  4631  4652
16240    4702  4704  4701  4700
16241    4837  4841  4834  4849
16242    4762  4852  4789  4756
16243    4610  4611  4615  4621
16244    4752  4750  4744  4747
16245    4709  4706  4700  4704
16246    4709  4705  4700  4706
16247    4684  4661  4672  4686
16248    4697  4706  4700  4705
16249    4704  4706  4700  4697
16250    6616  6610  4575  7369
16251    4563  4576  4565  6611
16252    4871  4810  4874  4855
16253    4704  4749  4744  4747
16254    4781  4779  4788  4787
16255    4964  4965  4908  4912
16256    4984  4944  4994  4948
16257    4756  4753  4754  4760
16258    4753  4760  4757  4754
16259    4759  4762  4756  4760
16260    4760  4754  4756  4759
16261    4944  4952  4943  4949
16262    4832  4847  4836  4837
16263    5001  5000  4986  5003
16264    4754  4745  4757  4753
16265    4746  4757  4750  4759
16266    4746  4750  4744  4752
16267    4747  4749  4744  4752
16268    4749  4773  4744  4752
16269    4752  4759  4787  4746
16270    4849  4846  4837  4848
16271    5065  4983  5059  5072
16272    4849  4848  4837  4840
16273    4849  4840  4837  4841
16274    4838  4841  4837  4840
16275    4700  4697  4702  4704
16276    4944  4949  4943  4935
16277    2967  2962  2964  2987
16278    5841  4881  4857  4859
16279    4661  4656  4657  4658
16280    4872  4878  4832  4850
16281    4834  4849  4832  4837
16282    4955  4949  4944  4935
16283    4955  4953  4944  4949
16284    4953  4952  4944  4949
16285    4867  5827  4794  5825
16286    5081  5090  5084  5153
16287    4837  4838  4834  4841
16288    4833  4838  4834  4837
16289    4833  4760  4834  4838
16290    4833  4755  4834  4760
16291    5789  4824  5791  4828
16292    4834  4756  4760  4755
16293    4838  4760  4834  4762
16294    5074  5060  4982  4946
16295    4984  4995  4985  5075
16296    5217  5224  5220  5216
16297    4726  4728  4725  4719
16298    4797  4798  4796  4802
16299    5047  4946  5064  5043
16300    4947  4944  4948  4952
16301    5244  5253  5259  5245
16302    5252  5217  5258  5221
16303    4953  4952  4948  4944
16304    5053  5143  5149  5080
16305    1155  1188  1187  1190
16306    5088  6969  5151  5057
16307    5269  5176  5174  5276
16308    4670  4672  4686  4687
16309    4844  4837  4836  4847
16310    2365  2302  2303  2367
16311    5055  5052  5054  5131
16312    1330  1347  1345  1399
16313    5086  5055  5151  5149
16314    5043  4946  5042  5046
16315    5101  5168  5103  5102
16316    5223  5294  5228  5295
16317    5222  5292  5223  5293
16318    5250  5299  5298  5301
16319    5223  5295  5221  5293
16320    5220  5225  5217  5221
16321    5225  5295  5221  5228
16322    5244  5213  5242  5215
16323    5225  5220  5217  5224
16324    5945  5977  5975  6066
16325    5211  5213  5214  5215
16326    5212  5213  5214  5210
16327    5228  5224  5220  5225
16328    5291  5293  5222  5219
16329    5228  5225  5220  5221
16330    5213  5216  5215  5217
16331    4731  4724  4729  4714
16332    4817  4871  4809  4818
16333    5216  5212  5220  5217
16334    5215  5210  5214  5211
16335    5211  5210  5214  5213
16336    5216  5213  5214  5212
16337    4872  4870  4836  4845
16338    5060  5074  4982  5075
16339    7038  7057  5260  7056
16340    4948  4947  5048  5049
16341    4948  4952  5048  4947
16342    5145  5142  5110  5035
16343    4948  4953  5048  4952
16344    5049  4953  5048  4948
16345    4719  4727  4725  4697
16346    4759  4754  4787  4746
16347    4918  4921  5017  4920
16348    5167  5168  5166  5172
16349    4670  4657  4659  4672
16350    5269  5278  5267  5271
16351    5757  5760  5759  5764
16352    7056  7054  5260  5227
16353    5074  4948  4994  4953
16354    4984  4944  4980  4994
16355    6970  6935  5089  6975
16356    5042  5043  4945  4946
16357    5049  4946  5074  4948
16358    5145  5147  5142  5079
16359    4822  4821  4819  4815
16360    5136  5055  5151  5057
16361    5043  4946  5074  5049
16362    5060  4946  5074  5043
16363    4948  4953  5074  5049
16364    5053  5130  5149  5143
16365    5307  5309  5259  5312
16366    5304  5254  5305  5256
16367    5055  5134  5149  5053
16368    5071  6028  5073  5067
16369    5221  5293  5306  5300
16370    7058  7055  5261  7060
16371    5307  5252  5259  5258
16372    5306  5300  5307  5252
16373    5304  5253  5256  5310
16374    5244  5234  5245  5242
16375    5243  5234  5245  5235
16376    4834  4841  4878  4849
16377    5262  5310  5311  5256
16378    5064  4946  5060  5043
16379    5148  6115  5154  5085
16380    4769  4764  4767  4777
16381    5232  5140  5209  5230
16382    5745  5728  5731  5753
16383    4999  4976  4998  4974
16384    4944  4953  4994  4948
16385    4733  4721  4739  4720
16386    5110  5034  5105  5106
16387    4766  4780  4788  4791
16388    6934  5057  6913  6969
16389    4955  4953  4996  4944
16390    6751  6750  4775  6705
16391    4862  4838  4864  4841
16392    2182  2232  2231  2240
16393    2513  2542  2536  2581
16394    6699  6744  4771  4749
16395    5300  5252  5306  5221
16396    3681  3694  3693  3696
16397    4746  4779  4754  4787
16398    5306  5258  5307  5309
16399    5262  5265  5263  5313
16400    3798  3831  3835  3830
16401    5057  6969  5151  5136
16402    5087  5150  5153  5081
16403    4771  4708  4737  6699
16404    4785  4791  4783  4792
16405    4980  4935  4960  4996
16406    4789  4838  4864  4862
16407    4762  4843  4864  4838
16408    4935  4955  4996  4944
16409    7055  7058  5261  5309
16410    4935  4951  4996  4955
16411    5302  5303  5204  5284
16412    4769  4791  4777  4792
16413    4697  4727  4735  4719
16414    5307  5312  5259  5310
16415    5143  5080  5150  5149
16416    5088  6970  5151  6969
16417    6918  6923  6922  6925
16418    4997  5002  4993  4961
16419    4961  4960  4993  4997
16420    5088  5055  5057  5151
16421    5089  6970  5152  5088
16422    4728  4719  4736  4727
16423    2990  2941  2989  2993
16424    4862  4863  4789  4852
16425    4960  4935  4992  4996
16426    4756  4759  4789  4762
16427    4862  4852  4789  4838
16428    4852  4762  4838  4834
16429    6888  6876  4992  6889
16430    4996  4935  4992  4951
16431    4790  4863  4865  4868
16432    4756  4754  4787  4759
16433    4781  4754  4779  4787
16434    7095  7084  7094  7185
16435    4970  4937  4939  4992
16436    7030  7033  6993  7031
16437    4903  4899  4912  4905
16438    1319   195   197  1363
16439    4937  4951  4992  4941
16440    4937  4939  4992  4951
16441    4951  6876  6862  4939
16442    6876  4951  6888  4992
16443    7402  7411  7409  7415
16444    4691  4683  4679  5656
16445    4776  4739  4740  4742
16446    6896  6899  6886  6897
16447    4935  4972  4960  4992
16448    4941  4951  4992  4935
16449    5080  5087  5081  5150
16450    5195  5191  5188  5189
16451    5123  5191  5190  5237
16452    6218  6280  5263  6282
16453    6975  5092  5155  6976
16454    5245  5256  5262  5248
16455    6052  6117  5093  7720
16456    5925  5932  5930  5954
16457    6905  6922  6909  6924
16458    5155  5150  5153  5087
16459    5227  7038  5260  7056
16460    5258  5260  5309  5308
16461    5262  5310  5313  5311
16462    5261  7060  5264  7058
16463    7039  5260  7038  7057
16464    6220  5263  5265  6282
16465    5260  7055  5261  5309
16466    7060  7061  5264  7058
16467    5221  5295  5306  5293
16468    4898  4903  4902  4905
16469    5262  5310  5256  5253
16470    5092  5087  5089  5155
16471    5110  5034  5109  5105
16472    5825  5815  4859  5841
16473    5312  5261  5264  7058
16474    4853  4863  4866  4880
16475    5061  4983  5076  5075
16476    6919  6930  6923  6932
16477    5077  6038  5001  4991
16478    6038  5950  4991  5940
16479    5259  5264  5262  5312
16480    5197  5277  5196  5199
16481     106   109   107  2393
16482    5259  5310  5253  5307
16483    5263  5257  5311  6280
16484    5257  6218  5263  5249
16485    5145  5038  5035  5115
16486    7059  5312  5313  5264
16487    5088  6970  5152  5151
16488    4728  4733  4739  4720
16489    5084  5153  5154  5147
16490    6926  6931  6930  6933
16491    5089  6938  5092  6975
16492    5149  5080  5150  5086
16493    5150  5086  5087  5152
16494    5264  7061  5265  7059
16495    4473  7122  4475  6381
16496    5148  6115  5085  6109
16497    6976  6939  5093  7720
16498    5243  5242  5245  5234
16499    5251  5256  5254  5304
16500    5259  5262  5245  5253
16501    5261  7044  5264  7060
16502    5262  5256  5263  5248
16503    5245  5235  5248  5243
16504    7023  7032  6990  7030
16505    4904  4889  4883  4885
16506    4902  4917  4904  4905
16507    5160  5159  5233  5231
16508    3493  3496  3494  3560
16509    4807  4821  4817  4822
16510    4071  4088  4092  4081
16511    5247  5240  5249  5241
16512    6393  6418  6420  6408
16513    6557  6588  6558  6592
16514    5263  5256  5311  5257
16515    5262  5310  5253  5259
16516    5253  5234  5235  5245
16517    5240  5235  5246  5248
16518    5249  6212  6204  5241
16519    5248  5235  5246  5243
16520    2963  3002  2964  3010
16521    5256  5245  5262  5253
16522    5238  5163  5236  5239
16523    4985  5075  5076  4983
16524    4983  4990  4988  5076
16525    6028  6022  5067  6026
16526    4915  4922  4928  4924
16527    5269  5266  5271  5267
16528    4994  4984  5075  4995
16529    5074  4984  5075  4994
16530     142    86   144   135
16531     564   559   586   563
16532    5063  5072  5059  5070
16533    6204  5247  5249  5241
16534     523   570   590   569
16535    5177  5178  5266  5269
16536    5307  5252  5301  5253
16537    5307  5300  5301  5252
16538     505   577   572   579
16539    5206  5284  5202  5285
16540    5231  5160  5238  5233
16541    5253  5310  5304  5301
16542    5164  6190  5237  6192
16543    5154  6115  5091  5085
16544    5914  5870  4909  4913
16545    5311  6282  5313  5263
16546    5124  5162  6190  5237
16547    6274  6210  5255  6272
16548    5081  5153  5147  5144
16549    5197  5186  5187  5199
16550    5220  5223  5219  5218
16551    5079  5081  5147  5144
16552    5065  4983  5072  5061
16553    6022  4989  5938  6028
16554    6982  6942  7000  6981
16555    5174  5268  5177  5173
16556    4829  4808  4818  4822
16557    4922  4929  4925  4923
16558    5068  4983  5076  5061
16559    5000  4985  5076  4990
16560    5035  5142  5110  5034
16561    5077  5076  4988  4990
16562    5073  5072  4988  5068
16563    5122  5191  5124  6149
16564    5825  5841  4859  4867
16565    6301  6298  6300  6339
16566    6050  5085  5091  6115
16567    4639  5610  4653  4635
16568    4776  5733  4768  5735
16569    5082  5035  5145  5038
16570    5245  5256  5248  5235
16571    5164  6192  5237  5239
16572    5305  6280  5311  5257
16573    5239  5163  5237  5164
16574    5123  5190  5120  5236
16575    5305  6280  5257  6274
16576    5305  5256  5311  5304
16577    6212  6280  5257  6218
16578    5248  5257  5249  5240
16579    4652  4643  4645  4641
16580    5091  5084  5090  5154
16581    5154  5090  5091  5156
16582    5239  6202  5241  5247
16583    4818  4808  4807  4822
16584    5257  6274  5255  5305
16585    5992  5027  5988  6022
16586    5112  6080  5116  5039
16587    6751  6706  4775  4776
16588    6212  5241  6194  6204
16589    4720  4733  4726  4728
16590    5124  5191  5123  5237
16591    5156  5153  5154  5090
16592    7059  7816  5265  5313
16593    5145  5147  5082  5148
16594    3917  2899  3911  3939
16595    5288  5284  5286  5289
16596    5198  5251  5199  5299
16597    5076  4990  5077  5000
16598    7816  6282  5265  5313
16599    5257  5248  5263  5256
16600    5313  6282  5265  5263
16601    5262  5264  5313  5312
16602    5240  5247  5249  5246
16603    5248  5240  5249  5246
16604    7777  7033  7779  7035
16605    5077  4990  5001  5000
16606    5310  5304  5311  5256
16607    7816  6220  5265  6282
16608    6107  6109  5083  6042
16609    6210  5205  5255  6272
16610    5262  5256  5311  5263
16611    7045  5264  7044  7061
16612    7816  7818  5265  6220
16613    7059  7818  5265  7816
16614    7045  7818  5265  7061
16615    7061  7818  5265  7059
16616    3923  3914  3921  3952
16617    6387  6406  6391  6408
16618    7789  5265  7045  7818
16619    7674  6927  7670  7676
16620    6927  7676  6931  6933
16621    5090  5093  5091  5156
16622    5090  5153  5154  5084
16623    5091  6052  6050  6117
16624    5733  4776  4768  4734
16625    5735  4778  4768  4776
16626    5950  4991  4987  5001
16627    5001  5003  4986  4987
16628    5926  4975  4977  5948
16629    4967  5936  4987  5952
16630    5622  5577  5599  5626
16631    5237  5239  5236  5163
16632    4966  4999  4998  4978
16633    4790  4858  4866  4793
16634    4974  4977  4975  4999
16635    6883  7639  4999  6897
16636    4999  7627  6883  4977
16637    6700  4771  6745  4772
16638    4738  4735  4737  4772
16639    4999  7627  7639  6883
16640    7627  4999  7639  5948
16641    5001  5003  4987  5952
16642    4981  4980  4997  4995
16643    4974  4978  4998  4999
16644    4650  6644  4651  4655
16645    5733  4740  4742  4776
16646    5700  4740  4742  5733
16647    7457  4776  7481  5733
16648    7311  6570  4559  4557
16649    7607  6856  4794  6852
16650    6783  7603  4794  6852
16651    7603  7607  4794  6852
16652    7603  5751  4794  7607
16653    4733  4721  4731  4734
16654      76  1199  1234  1197
16655    7181  7132  7259  7133
16656    7180  7169  7182  7173
16657    5688  5690  4722  5682
16658    5698  5682  4722  5690
16659    4768  5727  4770  5735
16660    4778  5735  4768  4770
16661    4471  6455  4470  6375
16662    4966  4979  4967  4999
16663    3363  3332  3358  3415
16664    5948  5952  4967  4999
16665    5948  5916  4967  5952
16666    4876  4881  4856  4877
16667    5825  4867  4859  4794
16668    3214  3212  3209  3195
16669    4810  4818  4809  4871
16670    4874  4813  4825  4875
16671    6607  6610  4572  6609
16672    4722  5690  4734  5698
16673    4740  5733  4734  4776
16674    1965  1984  1967  4002
16675    4769  4784  4783  4792
16676    5682  4718  4722  5688
16677    4683  5674  5644  5656
16678    5688  5676  4718  5686
16679    4765  4773  4788  4787
16680    4855  4876  4874  4871
16681    4690  4678  4682  4671
16682    5544  7369  4575  7363
16683    6643  4650  4654  6644
16684    4770  4767  4768  4778
16685    4786  4783  4784  4792
16686    5735  5749  4770  4778
16687    5735  5727  4770  5749
16688    4770  5741  4784  5749
16689    4792  4778  4770  5749
16690    4792  5749  4770  4784
16691    4871  4873  4870  4854
16692    4898  4905  4904  4900
16693    4790  6851  4793  6855
16694    4777  4764  4775  4772
16695    4727  4704  4702  4697
16696    4780  4785  4782  4791
16697    4640  4645  4644  4642
16698    4771  4763  4774  4772
16699    4961  4986  4981  5002
16700    5001  4990  4986  5000
16701    4793  4868  4866  4790
16702    4991  4986  4987  5001
16703    4720  4719  4736  4728
16704    4987  4966  4967  5003
16705    4777  4767  4775  4764
16706    4902  4905  4904  4898
16707     661   666   665   668
16708    4623  4622  4620  4618
16709    4905  4899  4912  4901
16710    4976  6883  4977  4999
16711    4993  4973  4998  4969
16712    4690  4691  4682  4678
16713    4862  4789  4865  4864
16714    4722  4717  4721  4732
16715    4783  4766  4769  4791
16716    4996  4960  4997  4992
16717      58    73    75    65
16718    4978  4969  4998  4973
16719    5482  5486  4529  5488
16720    6855  6856  4793  4868
16721    4768  4733  4734  4776
16722    4790  4858  4793  4782
16723    2185  4168  4184  4163
16724    4772  4764  4775  4728
16725    4767  4728  4733  4775
16726    4741  4736  4738  4775
16727    4790  6855  4793  4868
16728    6700  6750  4772  6745
16729    4981  4995  5002  5000
16730    4779  4765  4788  4787
16731    4765  4780  4779  4788
16732    5688  4730  5686  4718
16733    4739  4728  4775  4733
16734    6636  6643  4643  4647
16735    1129  1132  1130  4393
16736    7507  7532  7536  7508
16737    6751  6705  4775  6706
16738    4766  4763  4764  4774
16739    4985  4995  4981  5000
16740    4980  4985  4984  4995
16741    2287  2304  2291  2380
16742    4780  4782  4788  4791
16743    4990  4981  4986  5000
16744    4961  4973  4998  4993
16745    4853  4880  4879  4863
16746    4862  4852  4879  4863
16747    4853  4863  4879  4852
16748    4961  4978  4998  4973
16749    4779  4782  4781  4788
16750    2466   201  2522   204
16751    4690  4716  4715  4682
16752    4966  5003  4998  4999
16753    4769  4778  4777  4767
16754    6644  6648  4654  6643
16755    4867  4869  4866  4793
16756    4878  4852  4879  4862
16757    4997  4960  4993  4992
16758    4790  4868  4865  6855
16759    4998  6883  6882  4976
16760    4790  4789  4865  4863
16761    4790  6850  4865  4789
16762    5002  4981  4997  4995
16763    5563  5560  5561  7382
16764    4789  6850  4865  4864
16765    4862  4863  4865  4789
16766    4790  4863  4866  4853
16767    4793  4869  4866  4868
16768     646   643   641   645
16769    4853  4781  4782  4790
16770    4969  4971  4998  4993
16771    4789  4853  4863  4790
16772    6173  6164  6169  6258
16773    4789  6846  4790  6850
16774    4790  6782  4793  6851
16775    4776  4741  4742  6706
16776    4978  4969  4974  4998
16777    6877  4992  6889  4993
16778    6850  6846  4790  6855
16779    6777  6851  4790  6846
16780    6855  6846  4790  6851
16781    4792  4778  4777  4769
16782    5110  5105  5109  5107
16783    4766  4791  4777  4769
16784    4771  6700  6699  4737
16785    6635  4642  4646  6636
16786    4764  4727  4728  4772
16787    4771  4763  4772  4727
16788    4727  4735  4772  4771
16789    4736  4735  4772  4727
16790    6607  6608  4558  4572
16791    6705  4772  6750  4775
16792    4771  4735  4772  4737
16793    6676  6653  6675  6680
16794    4788  4782  4793  4791
16795    4790  4782  4793  4788
16796    4793  4859  4867  4794
16797    4867  4869  4793  4794
16798    4879  4853  4851  4880
16799    4869  6856  4793  4794
16800    4869  4868  4793  6856
16801    6855  6851  4793  6856
16802    6852  6851  4793  6782
16803    4793  6783  4794  6852
16804    6852  6856  4793  6851
16805    4794  6856  4793  6852
16806    4728  4736  4775  4772
16807    4739  4736  4775  4728
16808    4857  5815  5813  5841
16809    4981  5000  5002  4986
16810    4992  6877  6876  4970
16811    2901  2894  2895  2928
16812    4968  4970  4993  4992
16813    4980  4960  4997  4996
16814    4981  4960  4961  4997
16815    4980  4996  4997  4994
16816    4994  4995  4997  4980
16817    4961  4978  4966  4998
16818    6608  6610  4572  6607
16819    4993  6882  6877  4971
16820    4971  6882  4976  4998
16821    4993  6882  6896  6877
16822    4772  6705  6700  4738
16823    5942  5917  5922  5958
16824    4960  4972  4993  4992
16825    4960  4973  4961  4993
16826    7397  7400  7399  7393
16827    4654  4650  4655  6644
16828    2651  2714  2711  2739
16829    6611  6605  4570  6612
16830    4610  4620  4616  4621
16831    4570  4577  4576  6612
16832    4914  4921  4916  4917
16833    4728  4719  4726  4720
16834    4563  6605  4570  6611
16835    7311  7361  4559  6570
16836    6604  6566  4555  6607
16837    6568  7311  4557  6570
16838    6607  6569  4558  6608
16839    6647  6640  4647  6636
16840    4570  4561  4568  6605
16841    4610  4621  4615  4614
16842    4515  4552  4517  6563
16843    4568  4519  4554  6603
16844    6564  6566  4552  6563
16845    6568  6570  4557  4556
16846    4583  5608  4651  7385
16847    6643  6647  4647  6636
16848    4561  6603  4568  6605
16849    4605  5572  4607  4601
16850    4402  4377  4379  4444
16851    6617  6618  4580  4582
16852    6615  6618  4580  6617
16853    6614  6617  4577  4579
16854    4582  4577  4580  6617
16855    4613  4609  4628  4630
16856    6599  4562  4564  6600
16857    4560  6597  6595  6598
16858    6607  6569  4555  4558
16859    6607  6566  4555  6569
16860    4580  4571  4574  6615
16861    6614  6612  4577  6617
16862    4638  4636  4632  4625
16863    4654  6643  4643  4650
16864    6787  6784  6786  6791
16865    4631  4627  4638  4652
16866    4647  4642  4643  6636
16867    6380  6458  4474  4471
16868    4565  6613  4567  6602
16869    4574  4569  4572  6609
16870    4572  6609  4569  6607
16871    6607  6609  4569  6604
16872    6606  6609  4569  4571
16873    6606  6604  4569  6609
16874    6563  6565  4552  4517
16875    4727  4719  4725  4728
16876    4639  4635  4653  4634
16877    4618  6619  4623  4622
16878    4627  4648  4634  4652
16879    4619  6620  4623  4618
16880    4572  4575  4574  6610
16881    4643  4650  4652  4654
16882    4579  4650  4643  6643
16883    4650  4641  4643  4652
16884    4718  5688  4732  4722
16885    4654  4647  4645  4643
16886    4587  4624  4594  4628
16887    4647  4642  4645  4643
16888    6619  6624  4623  4622
16889    4634  4648  4653  4652
16890    4606  4636  4595  4602
16891    4635  5596  4633  4639
16892    4650  4652  4655  4653
16893    4595  4632  4602  4636
16894    4820  4816  4829  4822
16895    4479  4476  4478  4483
16896    4690  4715  4730  4729
16897    5841  5835  4857  4877
16898    4721  4722  4732  4734
16899    5504  5502  4545  4549
16900    6360  6351  4447  6356
16901    4407  4400  4406  4451
16902    1130  5352  4389  5358
16903    4639  4634  4653  4638
16904    4652  4638  4653  4634
16905    6644  7389  4655  6648
16906    4389  5358  4393  1130
16907    7385  7389  4655  6644
16908    7385  5612  4655  7389
16909    4558  6570  4559  6608
16910    5542  4559  5516  7361
16911    4559  4556  4557  6570
16912    6608  7361  4573  7363
16913    4635  5606  5592  5610
16914    6350  6355  4446  6354
16915    1133  1079  1128  4386
16916    4543  4541  4536  4540
16917    7309  7311  4557  6568
16918    7309  5514  4557  7311
16919    4531  4528  4530  4535
16920    6381  7200  4475  6459
16921    7281  5504  4551  7309
16922    4516  6529  6527  6530
16923    4533  4528  4529  4535
16924    5608  4649  4651  5610
16925    1235  1197  1200  1198
16926    4573  5544  4575  7363
16927    4649  4634  4648  4653
16928    1545   421   423  1561
16929    1074  4339  4335  1075
16930    6351  6356  4405  4447
16931    6459  7202  4475  6461
16932    4507  4502  4503  4513
16933    4452  4403  4405  4447
16934    4442  4451  4450  4400
16935    1139  1131  4393  1140
16936    4352  1077  1080  1082
16937    4408  4452  4405  6356
16938    1135  4390  4391  1125
16939    7328  7325  7327  7332
16940    2195  2163  2192  2129
16941    4557  4550  4551  6568
16942    4521  4534  4532  4525
16943    1960  2011  2010  3979
16944    4452  6356  4408  6357
16945    7120  4473  4463  6379
16946    6377  7120  4463  6379
16947    4463  5446  4473  7120
16948    7118  7120  4463  6377
16949    7118  5426  4463  7120
16950    6361  7102  4453  4455
16951    6357  7102  4453  6361
16952    4397  4406  4400  4450
16953    5416  4453  5414  7102
16954    7098  7102  4453  6357
16955    7098  5414  4453  7102
16956    4461  5426  4463  7118
16957    5484  5488  4531  5502
16958    4366  4440  4441  4420
16959    4545  5502  4531  4549
16960      21    16    17    23
16961    4531  5498  5484  5502
16962    4534  4549  4548  4530
16963    1134  1133  4389  4387
16964    1134  1129  1130  4389
16965    4511  6535  4515  6516
16966    1136  1125  4391  1126
16967    4392  1124  4391  4385
16968    1117  1126  1138  1118
16969    4479  4524  4483  4505
16970    6885  6882  6897  6883
16971    1128  1123  1124  4385
16972    1124  1131  1129  4392
16973     444   433   440   446
16974    1437  1418  1420  1491
16975    4523  4544  4530  4548
16976    4389  1129  4388  1133
16977    5364  5406  4401  5412
16978    4443  5412  4401  5406
16979    4403  4447  4452  4445
16980    1136  1126  4391  4392
16981    4401  5370  5364  5412
16982    4443  4451  4401  5412
16983    4407  5412  4401  4451
16984    4529  5486  4495  4533
16985    4393  1129  4388  4389
16986    4392  1129  4388  4393
16987    1124  1129  4388  4392
16988    1124  1133  1128  4388
16989    4417  4415  4420  4361
16990    4344  1078  4351  4350
16991    3804  3833  3841  3832
16992    5464  4499  4497  4493
16993    1135  1125  4391  1136
16994    6351  6355  4446  6350
16995    1124  1128  4385  4388
16996    4474  4469  4472  6380
16997    4333  4339  4332  1074
16998     252   227   229   336
16999    4396  4444  4438  4377
17000    4611  4608  4610  4615
17001    4334  4339  4335  1074
17002    1380  1389  1464  1386
17003    4522  4527  4520  4526
17004    6370  4431  4448  6354
17005    1104  4372  4373  1100
17006    4459  6376  4462  6378
17007    6543  6568  4550  6567
17008    4547  4544  4546  4551
17009    6535  6564  4542  6563
17010    6361  4455  4454  6377
17011    6434  6347  4467  6436
17012    6375  6372  6374  4468
17013    4370  4368  4371  1100
17014    4428  4431  4430  6337
17015    2161  2180  2177  2188
17016    6357  6356  4408  6308
17017    6376  6355  4449  6360
17018    6377  6360  4454  6361
17019    6459  6381  4474  4475
17020    4509  4540  4513  4542
17021    3173  3144  3146  3181
17022    4448  6371  4456  6370
17023    6304  6351  4404  6350
17024    4461  4454  4455  6377
17025    4440  4442  4398  4443
17026    4454  6377  4460  6376
17027    6126  6123  6125  6191
17028    6543  6567  4543  6536
17029    4465  6345  4435  6372
17030    6371  6378  4459  6373
17031    4968  4973  4972  4993
17032    4457  6376  4459  6371
17033    6378  6371  4459  6376
17034    4429  4446  4381  4379
17035    6345  6344  4435  6343
17036    4509  4542  4513  4515
17037    4452  4455  4454  6361
17038    4439  4397  4450  4445
17039    4439  4442  4450  4397
17040    4409  4406  4408  4453
17041    4187  4218  4189  4173
17042    4450  4453  4406  4451
17043    4453  4450  4406  4452
17044    6336  4428  4430  6337
17045    4454  6360  4452  6361
17046    6360  6356  4452  6361
17047    6434  6438  4467  6437
17048    1975  1972  1974  1983
17049    6361  6357  4452  4453
17050    6361  6356  4452  6357
17051    4448  4457  4456  6371
17052    6454  6455  4470  6457
17053    4554  4569  4568  6604
17054    6379  4473  4472  6381
17055    6455  6460  4471  6457
17056    4548  4537  4550  4541
17057    4537  4546  4544  4550
17058    6378  6380  4472  4469
17059    4528  4487  4521  4532
17060    7516  7553  7551  7621
17061    6375  6380  4469  4471
17062    6381  6378  6380  4472
17063    6540  4546  6539  6544
17064    4532  4498  4533  4494
17065    6459  6458  4474  6380
17066     989   992   990  1037
17067    6536  4539  4543  6543
17068    4471  6457  4470  6455
17069    6455  6458  4471  6460
17070    6375  6458  4471  6455
17071    4538  6536  4542  6535
17072    6380  6458  4471  6375
17073    4539  4536  4538  4543
17074    6461  6460  4474  6458
17075    4452  4453  4408  4406
17076    4459  6378  4469  6373
17077    6342  6336  4430  6337
17078    1084  1091  1088  1085
17079    4538  4543  4542  6536
17080    6357  4453  4408  4452
17081    4472  4475  4474  6381
17082    4472  6378  4462  6379
17083    6379  6378  4462  6376
17084    4463  4460  4461  6377
17085    4460  6377  4462  6376
17086    4462  4457  4460  6376
17087    7128  7121  7123  5447
17088    4398  4440  4441  4366
17089    4418  4364  4421  4420
17090    4528  4532  4533  4494
17091    4463  6379  4462  6377
17092    6376  6377  4462  6379
17093    4434  4432  4435  6342
17094    6309  4408  6308  6357
17095    6337  6332  4428  6333
17096    6635  6636  4578  4642
17097    6532  4538  6531  6536
17098    4469  6375  4468  6373
17099    4405  6308  4408  6356
17100    4433  6342  4430  4431
17101    4446  4449  4448  6355
17102    4449  6371  4448  6355
17103    4405  4402  4404  4447
17104    4371  4368  4369  1099
17105    1665  1670  1669  1793
17106    4429  4427  4379  4428
17107    4432  6342  4430  4433
17108    4379  4404  4402  4446
17109    6372  6370  4458  6373
17110    6456  6454  4467  4470
17111    1796   670   672  1800
17112    4429  4446  4379  4427
17113    4456  4431  4448  6370
17114    4446  6350  4404  6351
17115    4458  6373  4468  6372
17116    4434  6434  4435  4465
17117    4563  6611  4565  6600
17118    1123  1126  1124  4391
17119    5302  5284  5204  5199
17120    4459  4456  4457  6371
17121    1123  4385  4384  4391
17122    4447  6351  4404  4405
17123    4471  4468  4469  6375
17124    4598  4591  4585  4587
17125    4470  6374  4468  6375
17126    6512  4510  6511  6515
17127    6596  6529  4518  6530
17128    4459  6373  4458  6371
17129    6370  6371  4458  6373
17130    1229  3405  1258  3411
17131    6167  6249  6248  6251
17132    4543  6536  4538  4539
17133    6531  6536  4538  6535
17134    6374  6375  4470  6455
17135    6374  6455  4470  6454
17136    6434  4464  4465  4434
17137    4428  4429  4381  4379
17138    4404  6305  4405  6351
17139    4434  6345  4435  6434
17140    2955  2962  2956  2982
17141    4888  4882  4886  4889
17142    6333  6332  4381  6297
17143    4428  6332  4381  6333
17144    4428  6333  4381  4429
17145    4428  4427  4379  4378
17146    4424  4376  4425  4427
17147    4514  6527  6515  6528
17148    6333  6297  4381  6350
17149    4429  6333  4381  6350
17150    4381  4378  4380  4428
17151    4448  4429  4446  6354
17152    6337  6333  4429  6354
17153    6354  4431  4429  6337
17154    6354  6333  4429  6350
17155    6354  6350  4429  4446
17156    4540  4507  4526  4503
17157    4505  4501  4526  4507
17158    4376  4427  4377  4425
17159    4444  4427  4379  4446
17160    4444  4446  4379  4402
17161    6304  4381  6297  6350
17162    4536  4540  4509  4542
17163    6652  6661  6659  6665
17164    6344  6345  4434  6434
17165    4511  4515  4509  4514
17166    4509  4515  4513  4514
17167    3964  3971  3991  3970
17168    6454  6436  4467  6347
17169    4470  6454  4467  6374
17170    6347  6374  4467  6454
17171    4371  1100  4373  4370
17172    4467  6347  4465  6374
17173    4470  4465  4468  6374
17174    6343  6342  4435  4432
17175    4468  4435  4458  6372
17176    4434  6342  4435  6344
17177    6343  6344  4435  6342
17178    6372  6370  4435  4458
17179    6372  6343  4435  6370
17180    4512  4502  4506  4513
17181    6516  4511  4514  4515
17182    4510  4511  4514  6515
17183    6516  6515  4511  6512
17184    4578  4565  6613  4567
17185    4542  6535  4511  4538
17186    6516  6512  4511  6535
17187    6531  4511  6512  6535
17188    4623  4618  4620  4621
17189    4502  4509  4503  4513
17190    6588  7339  7343  6590
17191     115   112   114   177
17192    4538  4509  4511  4542
17193    1099  1100  4371  4368
17194    4082  3064  4060  4140
17195    4514  4508  4512  4513
17196    6613  6636  4578  6635
17197    4564  6601  6599  6602
17198    4519  4516  4517  6530
17199    4630  4611  4626  4644
17200    4902  4914  4916  4917
17201    4611  4640  4626  4644
17202    6639  6620  4623  6635
17203    4616  4617  4621  4618
17204    6563  6565  4517  6528
17205    4554  4517  4552  6565
17206    4619  6635  4623  6620
17207    6612  6614  4576  6611
17208    6598  6605  4561  4563
17209    4542  6564  4552  6563
17210    6563  6528  4517  4515
17211    4514  6528  4517  4516
17212    4515  6528  4517  4514
17213    4500  4506  4507  4504
17214    4570  6612  4576  6611
17215    4613  4586  4590  4591
17216    4506  4502  4507  4513
17217    4526  4540  4522  4541
17218    4659  4672  4661  4686
17219    6603  6604  4568  6606
17220    4644  4611  4615  4630
17221    4624  4630  4628  4609
17222    4570  6605  4568  6606
17223    6603  6606  4568  6605
17224    4564  4567  4566  6602
17225    6600  6602  4564  6599
17226    4565  6602  4564  6600
17227    6619  4567  6620  6602
17228    4586  4591  4613  4587
17229    4618  4617  4621  4619
17230    5026  5029  5024  5028
17231    1078  1128  1079  4383
17232    6619  6624  4622  6623
17233    6173  6164  6258  6168
17234    4618  4619  4621  4623
17235    4619  4642  4646  6635
17236    4647  6636  4646  4642
17237    6636  6640  4646  6635
17238    4621  4619  4646  4623
17239    6606  6612  4570  6605
17240    4644  4645  4626  4630
17241    4640  4645  4626  4644
17242    4647  6640  4646  6636
17243    4571  6612  4570  6606
17244    4619  6635  4646  4623
17245    6635  6640  4646  6639
17246    4640  4643  4641  4645
17247    4643  4578  4579  6636
17248    4578  6613  4576  6614
17249    6611  6614  4576  6613
17250    6604  6566  4554  4555
17251    6604  6565  4554  6566
17252    5106  5111  5115  5035
17253    1795  1806  1799  1808
17254    4642  4567  4578  6635
17255    6614  6636  4578  6613
17256    4579  6636  4578  6614
17257    4568  4571  4570  6606
17258    2771  2792  2791  2779
17259    6784  6732  6737  6788
17260    4579  4576  4577  6614
17261    4646  4619  4644  4642
17262    4621  4619  4644  4646
17263    4646  4642  4644  4647
17264    4645  4647  4644  4642
17265    4617  4619  4644  4621
17266    4617  4642  4640  4644
17267    5482  4495  4529  5486
17268    4859  4793  4867  4858
17269    7635  7628  7630  7647
17270    5565  5562  5563  7384
17271    4614  4608  4612  4615
17272    4645  4631  4626  4630
17273    4645  4627  4626  4631
17274    4641  4626  4640  4645
17275    4617  4610  4616  4621
17276    7809  6225  7796  7826
17277    4486  4490  4479  4524
17278    4396  4439  4394  4438
17279    4335  4382  4369  1075
17280    4400  4443  4398  4442
17281    4520  4524  4525  4486
17282    1631  1698  1693  1700
17283    4426  4376  4424  4427
17284    4444  4402  4396  4445
17285    2130   996  2158  2124
17286    1095  1100  4371  1099
17287    1104  1100  4373  1097
17288    1097  4390  4373  1104
17289    1097  1100  4373  1095
17290    3725  2653  3671  3749
17291    4439  4438  4436  4394
17292    4371  1095  4373  1100
17293    1095  4390  4373  1097
17294    4335  1074  4369  4368
17295    4505  4524  4526  4501
17296    4531  5488  4529  4535
17297    4503  4540  4522  4526
17298    4536  4503  4509  4540
17299    4541  4540  4522  4536
17300    4625  4631  4629  4624
17301    4396  4445  4438  4444
17302    4396  4439  4438  4445
17303    4377  4444  4438  4425
17304    4399  4366  4398  4441
17305    4397  4439  4396  4445
17306    4403  4396  4402  4445
17307    1127  1095  1123  4384
17308    4371  1099  4384  1095
17309    4526  4541  4522  4527
17310    4523  4527  4522  4541
17311    4537  4522  4536  4541
17312    4527  4524  4520  4526
17313    4507  4505  4500  4504
17314    4333  4348  4337  4350
17315    1184  1179  1180  1186
17316    1075  4346  4335  4382
17317    4342  4413  4423  4343
17318    4375  4343  4423  4436
17319    4526  4524  4520  4501
17320    4483  4505  4482  4478
17321    5102  5182  5166  5168
17322    4488  4477  4484  4490
17323    4334  1074  4335  4368
17324    4479  4490  4483  4524
17325    1075  1074  4369  4335
17326    4520  4523  4521  4527
17327    4487  4491  4532  4498
17328    2576  2605  2578  2628
17329    4385  1127  4383  1128
17330    4587  4609  4628  4613
17331    4769  4764  4777  4766
17332    4413  4436  4343  4416
17333    4983  5066  5059  5072
17334    4504  4478  4482  4505
17335    4349  4344  4345  4351
17336    4501  4505  4500  4507
17337    4374  4377  4375  4425
17338    4500  4506  4502  4507
17339    4413  4342  4423  4412
17340    4342  4422  4374  4423
17341    7687  6052  7721  6053
17342    4342  4375  4343  4423
17343    1099  4368  4369  1075
17344    4374  4424  4376  4425
17345    4374  4425  4423  4422
17346    4425  4377  4375  4438
17347    4375  4436  4423  4438
17348    4375  4425  4423  4374
17349    4375  4438  4423  4425
17350    4900  4957  4959  4956
17351    4505  4501  4479  4524
17352    5369  5388  5386  5436
17353    4520  4479  4501  4524
17354    4624  4631  4628  4630
17355    4585  4598  4589  4591
17356    4612  4586  4590  4613
17357    4476  4481  4480  4483
17358    4478  4501  4479  4505
17359    6430  6419  6426  6432
17360    4483  4490  4477  4481
17361    4626  4631  4624  4630
17362    3834  3837  3835  3800
17363    4630  4615  4613  4609
17364    4669  4680  4673  4671
17365    4625  4636  4629  4638
17366    4626  4609  4611  4630
17367    4914  4887  4916  4891
17368    4671  4668  4670  4673
17369    6028  5073  4989  5069
17370    4628  4587  4598  4594
17371    4636  4637  4632  4602
17372    4592  4595  4593  4599
17373    4414  4341  4360  4416
17374    5285  6252  6254  6250
17375    4628  4591  4598  4587
17376    4723  4686  4711  4667
17377    4592  4594  4599  4598
17378    1924  1929  1928  1931
17379    4679  5642  4681  5656
17380    5940  4989  4991  6038
17381    4483  4479  4477  4490
17382    6149  5191  5189  5122
17383    6303  6300  6302  6341
17384    1075  4339  4333  1074
17385    4607  5572  4603  4601
17386    4362  4341  4343  4416
17387    5283  5206  5207  5285
17388    5189  6151  5193  6153
17389    4485  4496  4489  4498
17390    1078  1127  4383  4382
17391    5786  5797  5790  5799
17392    5254  5199  5251  5302
17393    4364  4419  4418  4421
17394    4590  4584  4588  4591
17395    7655  5955  7662  5980
17396    3549  3552  3550  3590
17397     327   285   326   329
17398    4587  4584  4586  4591
17399    3061  3116  3062  3130
17400    4333  1074  1073  1075
17401    2217  1081  1083  5314
17402    5257  5254  5256  5305
17403    4345  1078  4351  4344
17404     326   280   321   328
17405    1079  1128  4386  4383
17406    2882  2871  2878  2884
17407    5145  5148  5082  5146
17408    4359  1082  4353  1083
17409    6165  6211  6166  6273
17410    4485  4498  4489  4491
17411    4333  4339  4350  4337
17412    4411  4413  4341  4416
17413    4343  4416  4341  4413
17414    1072  4333  4332  1074
17415     115   130   120   186
17416    4411  4340  4341  4413
17417    1072  4333  1074  1073
17418    4340  4343  4341  4413
17419    4334  1074  4338  4339
17420    5166  5184  5170  5186
17421    4332  4333  4338  4339
17422    4332  4337  4336  4338
17423    4337  4339  4338  4333
17424    4359  1083  4353  5320
17425    4484  4487  4485  4491
17426    2398  2461  2460  2491
17427    4357  4359  4353  5320
17428    4486  4477  4479  4490
17429    4486  4491  4484  4490
17430    4521  4486  4520  4525
17431    4521  4534  4525  4527
17432    4360  4363  4361  4417
17433    1078  1075  4350  4344
17434    1075  1078  4350  4346
17435    4333  1075  4350  4339
17436    4344  1075  4350  4333
17437    4362  4416  4437  4417
17438    1075  4346  4350  4335
17439    4335  4339  4350  1075
17440    4346  1078  4383  4382
17441    4530  4521  4523  4534
17442    4348  4344  4351  4350
17443    5277  5286  5288  5284
17444    5285  6252  5283  5287
17445    4520  4521  4525  4527
17446    4347  1079  4383  1078
17447    4358  1079  4351  4345
17448    2657  2674  2676  2672
17449    4353  5318  4357  5320
17450    4345  1079  4351  1078
17451    4417  4363  4420  4440
17452    4529  4494  4528  4533
17453    4347  1078  4383  4346
17454    4417  4363  4440  4437
17455    1128  4388  4383  4385
17456    4366  4440  4420  4363
17457    4358  4356  4359  4352
17458    6885  6882  6884  6897
17459    1083  1080  1082  4353
17460    4499  4494  4495  4533
17461    4527  4524  4525  4520
17462    4388  1128  4386  1133
17463    4389  1133  4386  4387
17464    4487  4521  4532  4525
17465    4398  4363  4395  4440
17466    4358  1079  4347  4351
17467    4345  4356  4349  4358
17468    4421  5404  4367  5394
17469    4421  4441  4367  5404
17470    1079  4352  4358  1082
17471    4437  4439  4395  4442
17472    4362  4416  4417  4360
17473    4367  4364  4366  4421
17474    4496  4492  4499  4498
17475    4485  4494  4492  4498
17476    4525  4491  4532  4487
17477     991   998   992  1039
17478    4351  1078  4347  4346
17479    4351  1079  4347  1078
17480    4397  4394  4396  4439
17481    4388  1133  4386  4389
17482    4400  4395  4397  4442
17483    4415  4360  4361  4417
17484    4360  4416  4417  4414
17485    4358  1082  4354  1079
17486    3051  3054  3052   913
17487    4358  1079  4354  4347
17488    4486  4490  4525  4491
17489    4362  4394  4437  4436
17490    4486  4524  4525  4490
17491    4401  4398  4400  4443
17492    4437  4363  4440  4395
17493    4395  4442  4440  4437
17494    4361  4418  4415  4420
17495    4528  4535  4533  4532
17496    5518  5521  5520  7316
17497    4421  5394  4367  4365
17498    4532  4521  4528  4534
17499    4532  4534  4528  4535
17500    4530  4535  4528  4534
17501    4529  5484  5482  5488
17502    3612  3609  3610  3639
17503    5332  5394  4367  5404
17504    5350  4387  4355  1083
17505    4398  4443  4441  4440
17506    4441  4398  4399  4443
17507    5241  6202  6194  6204
17508    7401  6646  6660  7405
17509    4420  4364  4421  4366
17510    4355  1083  4359  5320
17511    4533  4498  4499  4494
17512    5364  4399  4401  5406
17513    4441  5406  4399  5404
17514    5362  5404  4399  5406
17515    4441  4443  4399  5406
17516    4401  5406  4399  4443
17517    4354  1082  4355  4387
17518    5392  4365  5330  5394
17519    4607  4604  4600  4606
17520    5332  4365  4367  5394
17521     799   789   797   800
17522     368   373   372   375
17523    5204  5194  5202  5205
17524    4359  4352  4353  1082
17525    4420  4366  4421  4441
17526    5914  5866  4909  5870
17527    5316  1083  4355  5320
17528    4421  4365  4419  5394
17529    5464  5486  4495  5460
17530    4499  5486  4495  5464
17531    4495  4492  4494  4499
17532    5464  4499  4493  4495
17533    4399  5404  4367  4441
17534    5568  5572  4603  5594
17535    5462  4493  5458  5464
17536    5203  6167  5207  6250
17537    4492  4497  4496  4499
17538    4367  5362  5332  5404
17539     572   504   505   574
17540    5460  4493  4495  5464
17541    6022  5027  5067  5031
17542    4601  5568  5566  5572
17543    4602  4637  4606  4636
17544    4358  4352  4359  1082
17545    4354  1082  4359  4355
17546    4354  4358  4359  1082
17547    5268  5179  5174  5269
17548    4300  4268  4304  4298
17549    4602  4633  4603  4637
17550    4625  4638  4629  4631
17551    4631  4627  4625  4638
17552    4604  4593  4600  4606
17553    4601  5570  4605  5572
17554    1079  1076  1078  4345
17555    3872  3897  3899  3895
17556    4594  4628  4629  4598
17557    6153  5189  5195  5193
17558    5590  4603  4633  5594
17559    4636  4625  4629  4595
17560    4592  4597  4596  4599
17561    4606  4599  4595  4636
17562    4602  4607  4606  4637
17563    4637  5596  4633  5594
17564    5596  5590  4633  5594
17565    4595  4599  4629  4636
17566    2798  2805  2800  2826
17567    4678  4691  4681  4680
17568    2344  2337  2339  2386
17569    2961  2964  2962  2984
17570    4607  4637  4603  5594
17571    4633  5594  4603  4637
17572    4594  4624  4629  4628
17573    4682  4716  4683  4691
17574    4607  4637  4602  4603
17575    4627  4624  4626  4631
17576    7288  7325  7319  7329
17577     782   773   774   784
17578    4625  4634  4632  4638
17579    5031  6026  5067  6022
17580    5284  5287  5285  5282
17581    4595  4594  4629  4599
17582    4625  4594  4624  4629
17583    4814  5833  4826  4875
17584    4636  4639  4632  4637
17585    4633  4637  4632  4639
17586    4638  4634  4632  4639
17587    4636  4638  4632  4639
17588    5988  5991  5993  5989
17589    4632  4635  4633  4639
17590    4597  4599  4593  4606
17591    4593  4602  4600  4606
17592    4606  4599  4593  4595
17593    5122  6090  6088  6149
17594    4847  4845  4836  4844
17595    4724  4714  4726  4713
17596    5870  4913  4907  4909
17597    4715  4712  4729  4687
17598    4600  4605  4604  4607
17599    5070  5072  5059  5066
17600    5195  6163  6153  5193
17601    5777  5791  4812  5787
17602    4879  4878  4850  4852
17603    2407  2432  2434  2422
17604    4062  4091  4090  4147
17605    5882  5870  4911  5868
17606    5789  4824  5785  5791
17607    5145  5146  5082  5038
17608    4659  4660  4661  4658
17609    4816  4808  4829  4822
17610    4678  4669  4671  4680
17611    5880  4911  5868  5882
17612    4828  5791  4830  4824
17613    4823  4828  4827  4830
17614    6026  6022  5031  5992
17615    4807  4822  4815  4821
17616    4825  4813  4826  4875
17617    4811  4813  4826  4825
17618    4811  4814  4812  4826
17619    4681  5654  4689  5656
17620    4678  4691  4682  4683
17621    4823  4808  4811  4829
17622    4827  4816  4823  4829
17623     699   696   694   697
17624    4915  4903  4924  4917
17625    4815  4820  4819  4822
17626    4920  4921  4916  4914
17627    4686  4712  4711  4674
17628    5191  6149  5189  6153
17629    5201  5196  5197  5277
17630    4918  4921  4919  5017
17631    2431  3439  3441  3429
17632    5179  5291  5290  5222
17633    3270  3203  3204  3274
17634    5287  5282  5283  5285
17635    5038  5112  5116  5039
17636    4818  4808  4825  4810
17637    4922  4903  4910  4924
17638    4874  4810  4825  4813
17639    4959  4901  4964  4957
17640    5023  5019  5018  5021
17641    4991  6038  4989  5077
17642    5868  4907  5864  5870
17643    4731  4714  4729  4717
17644    4913  4910  4925  4911
17645    4824  5791  4830  4812
17646    4826  5787  4812  5791
17647    5779  4812  4814  5787
17648    4854  4873  4870  4872
17649    4726  4719  4725  4713
17650    3256  4259  4249  4263
17651    4855  4876  4871  4873
17652    3967  3960  3966  3987
17653    4905  4901  4964  4959
17654    5078  5034  5141  5142
17655    4881  5841  4857  4877
17656    4804  4805  4800  4806
17657    4910  4899  4906  4912
17658    7790  7777  7778  7792
17659    4872  4878  4850  4879
17660    4915  4902  4903  4917
17661    4898  4901  4899  4905
17662    4916  4917  4904  4902
17663    4695  4700  4692  4694
17664    4885  4958  4933  4931
17665    4844  4835  4797  4798
17666    4962  4965  4908  4964
17667    4716  4691  4730  5686
17668    4858  4790  4866  4853
17669    4856  4859  4857  4881
17670    4679  4676  4678  4681
17671    4854  4872  4850  4873
17672    3267  3270  3268  3274
17673    4900  4957  4901  4959
17674    4912  4901  4908  4964
17675    4722  5690  4732  4734
17676    4716  5686  4730  4718
17677    4721  4734  4732  4731
17678    4675  4690  4671  4687
17679    4720  4733  4731  4726
17680    4720  4721  4731  4733
17681    4678  4683  4679  4691
17682     734  1853  1871   736
17683    5676  4716  4718  5686
17684    4714  4720  4731  4726
17685    4714  4721  4717  4731
17686    4732  4729  4730  4717
17687    4901  4962  4908  4964
17688    4912  4901  4964  4905
17689    4677  5642  4681  4679
17690    4908  4899  4901  4912
17691    4813  4808  4810  4825
17692    4818  4829  4825  4808
17693    4811  4808  4825  4829
17694    4855  4876  4860  4874
17695    4810  4860  4813  4874
17696    4874  4875  4860  4813
17697    4718  4715  4717  4730
17698    1547  1568  1567  1570
17699    4856  4877  4860  4876
17700    4874  4876  4860  4877
17701    4851  4860  4855  4876
17702    4874  4877  4860  4875
17703    7082  7085  7143  7084
17704    4671  4680  4690  4678
17705    4688  4673  4680  4690
17706    4687  4685  4690  4673
17707    4673  4680  4690  4671
17708    4671  4687  4690  4673
17709    4712  4717  4715  4729
17710    4712  4714  4729  4724
17711     857   948   947   954
17712    4717  4721  4732  4731
17713    6088  6148  6147  6150
17714    5640  5656  4679  5644
17715    4826  4814  4812  5787
17716    5640  5642  4679  5656
17717    6165  6163  5203  6250
17718    4814  5817  5779  5833
17719    4907  5870  4911  4913
17720    5835  5817  4861  5833
17721    5833  5779  4814  5787
17722    4691  5656  4681  4689
17723    5656  4691  4681  4679
17724    4680  4689  4688  4691
17725    4908  4965  4913  4912
17726    4911  4923  4925  5882
17727    4861  4813  4860  4875
17728    4877  5835  4861  4875
17729    4857  5835  4861  4877
17730    5817  4857  5813  5835
17731    4856  4861  4860  4877
17732    5833  4875  4861  5835
17733    4860  4877  4861  4875
17734    4814  4875  4861  5833
17735    4911  4906  4907  4913
17736     698   705   704   707
17737    4729  4715  4730  4717
17738    4683  5644  4679  5656
17739    1851   697   734   699
17740    4679  4691  4681  4678
17741    4811  4824  4823  4830
17742    4829  4823  4830  4811
17743    4826  4825  4830  4811
17744    1551   399  1591  1517
17745    4812  4826  4830  4811
17746    4907  5866  5864  5870
17747    5285  5303  5204  5205
17748     114    88    90   176
17749    5029  5026  5031  5028
17750    5190  5191  5188  5195
17751    5083  5039  5146  6107
17752    2249  2254  2253  5357
17753    5990  5025  5986  5988
17754    4922  4910  4925  4924
17755    4923  4910  4911  4925
17756    5068  5076  4988  5077
17757    5303  6272  5255  5205
17758    5304  5254  5302  5305
17759    5083  6107  5146  6109
17760    4458  4433  4456  6370
17761    5083  6109  5146  5148
17762    6107  5039  5146  5116
17763    6248  5207  6167  6250
17764    5284  5204  5197  5202
17765    5232  5159  5230  5233
17766    6252  5285  6254  5287
17767    5157  5119  5230  5231
17768    5116  5039  5146  5038
17769    6004  5037  5039  6076
17770    5285  6252  6250  5283
17771    4379  4404  4446  4381
17772    5277  5199  5197  5284
17773    6250  5207  5285  5283
17774    5190  5195  5188  5194
17775    4907  5866  5870  4909
17776    5181  5117  5118  5183
17777    4850  4855  4873  4851
17778    5111  5112  5116  5038
17779    4959  4900  4904  4905
17780    5041  5045  5011  5010
17781    5011  5058  5062  5041
17782    5371  5376  5374  5420
17783    5205  5203  5202  5285
17784    4926  4928  4915  4922
17785    4340  4412  4342  4413
17786     785   774   777   787
17787    4929  4926  4928  5025
17788    5269  5174  5177  5178
17789    5026  5017  4921  5019
17790    5880  4911  5882  4923
17791    5030  5019  5021  5028
17792    5070  5063  5023  5059
17793    4415  4360  4417  4414
17794    5035  5115  5106  5110
17795    5110  5034  5106  5035
17796    4927  5986  5025  4929
17797    5007  5006  5009  5004
17798    5019  5016  5018  5021
17799    5284  5287  5282  5286
17800    2167  2205  2181  2210
17801    5886  4927  4929  5986
17802    5116  5038  5115  5111
17803    4923  5886  4927  4929
17804    5011  5058  5041  5007
17805    2640  2671  2673  2641
17806    5120  5190  5183  5236
17807    6042  5039  5083  6107
17808    5083  6044  6042  6109
17809    5073  5068  4988  5069
17810    5073  5069  4988  4989
17811    5249  6212  6218  6204
17812    6212  5255  5257  6274
17813    5123  5191  5121  5190
17814    5144  5079  5142  5147
17815    2574  2624  2576  2612
17816    5123  5162  5124  5237
17817    5305  5254  5302  5303
17818    5115  5110  5108  5106
17819    5146  5148  5082  5083
17820    5291  5298  5219  5176
17821    5236  5231  5183  5120
17822    5076  5068  4988  4983
17823    5145  5079  5082  5147
17824    5121  5124  5122  5191
17825    4924  4929  4925  4922
17826    5071  5073  5066  5067
17827     523   570   524   590
17828    5082  5085  5083  5148
17829    5158  5236  5120  5231
17830    5460  5483  5461  5487
17831    4686  4663  4659  4674
17832    5066  5073  5070  5072
17833    5071  5073  5070  5066
17834    5203  5192  5193  5195
17835    3963  3996  4002  3965
17836    4915  4921  4914  4917
17837    4991  4988  4990  5077
17838    4976  4969  4971  4998
17839    5069  5077  4988  4989
17840    5069  5068  4988  5077
17841    5029  5026  5027  5031
17842    5038  5033  5035  5111
17843    4889  4916  4887  4893
17844    5158  5163  5161  5236
17845    5058  5065  5059  5063
17846    5255  5204  5254  5303
17847    5231  5160  5158  5236
17848    5302  5304  5251  5254
17849    5299  5304  5251  5302
17850    5301  5304  5251  5299
17851    5301  5253  5251  5304
17852    5180  5187  5184  5186
17853    5180  5185  5184  5187
17854    5084  5079  5081  5147
17855    5067  4988  4989  5073
17856    5206  5285  5282  5284
17857    4932  4885  4884  4933
17858    5082  5035  5079  5145
17859    5035  5115  5110  5145
17860    5009  5007  5008  5006
17861    5198  5199  5196  5277
17862    5016  5021  5020  5018
17863    5179  5291  5222  5219
17864    1661   524  1655  1704
17865    5120  5161  5123  5236
17866    2902  2895  2898  2931
17867    5109  5095  5015  5100
17868    5120  5117  5119  5183
17869    5977  5943  5982  5947
17870    5125  5096  5128  5015
17871    4708  4710  4707  6692
17872    5183  5194  5181  5187
17873    4714  4711  4724  4712
17874    5302  5254  5204  5303
17875    5158  5119  5157  5231
17876    5250  5176  5219  5298
17877    5196  5276  5174  5198
17878    5157  5231  5230  5159
17879    5417  5414  5415  7103
17880    5253  5250  5252  5301
17881    3779  3822  3795  3787
17882    2158  1043  2156   996
17883    5066  5071  5030  5070
17884    5038  5083  5039  5146
17885    5067  5026  5066  5030
17886    5031  5026  5027  5067
17887    5071  5067  5030  5031
17888    5066  5067  5030  5071
17889    6298  6338  6300  6339
17890    5108  5105  5106  5110
17891    5169  5172  5170  5174
17892    4922  4929  4926  4928
17893    5064  4946  4982  5060
17894    5019  5066  5026  5030
17895    5023  5066  5059  5019
17896    5023  5066  5070  5059
17897    5033  5111  5106  5035
17898    5007  5004  5009  5005
17899    5007  5020  5009  5022
17900    5120  5190  5118  5183
17901    2474  2465  2471  2530
17902    5078  5144  5141  5143
17903    5123  5118  5120  5190
17904    5175  5176  5173  5179
17905    5138  5159  5157  5230
17906    4807  4810  4808  4818
17907    3310  3319  3389  3315
17908    5250  5198  5298  5299
17909    5111  5114  5113  5116
17910    5188  5193  5192  5195
17911    6000  6031  6035  6030
17912    4674  4712  4675  4687
17913    6571  6574  6572  6578
17914    5051  5014  5125  5015
17915    5110  5142  5109  5034
17916    4985  4982  4984  5075
17917    5208  5104  5138  5137
17918    7732  6945  7761  6986
17919    1320  1329  1373  1326
17920    5062  5045  5011  5041
17921    5284  5199  5197  5204
17922    5039  5036  5038  5112
17923    5197  5206  5201  5284
17924    4928  4919  4915  4921
17925    5179  5291  5268  5290
17926     995   990   992  1042
17927    5251  5299  5250  5301
17928    5172  5176  5174  5173
17929    4927  4922  4923  4929
17930    4928  4919  4921  5024
17931    5095  5012  5096  5094
17932    5106  5113  5108  5115
17933    4661  4667  4665  4666
17934    4928  5026  5024  4921
17935    5027  5026  5024  4928
17936    4919  5024  5017  4921
17937    5017  5026  4921  5024
17938    5026  5017  5019  5028
17939    4979  4974  4975  4999
17940    5029  5024  5025  5027
17941    4928  5025  5024  5027
17942    5197  5184  5185  5187
17943    5286  5275  5282  5284
17944     662   673   666   675
17945    4686  4712  4724  4711
17946    5276  5279  5281  5277
17947    5197  5284  5201  5277
17948    5275  5277  5201  5284
17949    5201  5282  5275  5284
17950    5269  5278  5280  5276
17951    5099  5094  5097  5100
17952    5280  5276  5278  5281
17953    5299  5199  5198  5277
17954    5734  7463  7487  7458
17955    5194  5185  5187  5202
17956    5192  5181  5188  5194
17957    5198  5277  5196  5276
17958    5183  5194  5190  5181
17959    5181  5194  5190  5188
17960     129  1248  1311  1246
17961    5186  5199  5196  5198
17962    5118  5190  5181  5183
17963    5188  5118  5121  5190
17964    7161  7188  7165  7190
17965    5065  5058  4982  5064
17966    5061  5060  4982  5075
17967    5059  4982  4983  5065
17968    5064  5058  5062  5065
17969    1107  1029  1115  1085
17970    5040  5046  4945  4946
17971    5210  5140  5209  5211
17972    5183  5231  5119  5120
17973    5183  5117  5119  5182
17974    5005  5020  5009  5007
17975    5293  5223  5219  5221
17976    5038  5083  5146  5082
17977    5182  5231  5119  5183
17978    5174  5200  5178  5276
17979    5171  5172  5169  5173
17980    5278  5267  5274  5276
17981    5196  5172  5198  5174
17982    2864  2855  2825  2857
17983    5269  5179  5174  5176
17984    5179  5176  5269  5291
17985    5276  5279  5277  5274
17986    4893  4890  4891  4887
17987    1681  1690  1685  1712
17988    5275  5200  5201  5277
17989    5200  5277  5274  5276
17990    4684  4687  4686  4672
17991    5279  5274  5275  5277
17992    6571  6577  6573  6578
17993    5117  5180  5182  5183
17994    4807  4816  4815  4822
17995    5032  5106  5105  5034
17996    5035  5032  5034  5106
17997    4932  4930  4884  4885
17998    4893  4890  4887  4892
17999    5046  5047  5040  5041
18000    5015  5095  5096  5100
18001    5269  5268  5177  5174
18002    5166  5186  5170  5172
18003    5180  5102  5117  5182
18004    5180  5186  5166  5182
18005    5168  5182  5166  5186
18006    5165  5167  5166  5171
18007    3221  3203  3304  3204
18008    5169  5171  5170  5172
18009    5269  5270  5266  5268
18010     293   273   291   295
18011    5166  5172  5170  5171
18012    5102  5119  5117  5182
18013    5168  5104  5102  5182
18014    7643  6899  7645  6901
18015    5103  5104  5102  5168
18016    4671  4687  4670  4675
18017    4914  4921  4918  4920
18018    5492  5483  5485  5496
18019    5176  5198  5174  5276
18020    4844  4845  4836  4798
18021    4892  4888  4886  4887
18022    5098  5094  5095  5100
18023    5004  5007  4897  5005
18024    4893  4892  4896  4891
18025    4893  4891  4896  4897
18026    4543  4556  4553  6567
18027    5219  5293  5222  5223
18028    5020  5022  5007  5018
18029    4685  4672  4673  4687
18030    5506  5485  5499  5510
18031    4887  4890  4886  4892
18032    4673  4687  4670  4671
18033    4672  4687  4670  4673
18034    4693  4723  4699  4695
18035    4849  4834  4832  4878
18036    4714  4711  4713  4724
18037    4724  4686  4711  4723
18038    4664  4660  4661  4666
18039    4723  4713  4711  4724
18040    4959  4956  4958  4900
18041    4057  4100  4098  2041
18042    5179  5218  5175  5219
18043    4871  4873  4854  4855
18044    4855  4809  4854  4871
18045    4798  4835  4836  4844
18046    4885  4889  4933  4958
18047    4958  4904  4885  4889
18048    7465  7468  7466  7488
18049    4727  4697  4702  4725
18050    4698  4692  4666  4667
18051    2475  2468  2474  2531
18052    4489  4484  4485  4491
18053    4666  4664  4665  4661
18054    3267  3250  3260  3271
18055    4873  4872  4850  4879
18056    4850  4855  4854  4873
18057    4850  4853  4851  4879
18058    4697  4695  4702  4725
18059    5143  5080  5078  5144
18060    5063  5058  5062  5022
18061    5022  5059  5058  5018
18062    5104  5157  5119  5230
18063    5269  5278  5276  5267
18064    5250  5301  5298  5300
18065    4984  4946  4948  5074
18066    5300  5252  5250  5301
18067    5064  5060  4982  5065
18068    5180  5187  5182  5183
18069    5186  5187  5182  5180
18070    5172  5176  5173  5175
18071     313  2534  2579  2511
18072    5219  5223  5222  5218
18073    5051  5143  5128  5130
18074    5269  5280  5271  5273
18075    5104  5182  5168  5230
18076    5270  5269  5266  5271
18077    5009  5022  5011  5007
18078    5230  5104  5209  5168
18079    5075  4983  4982  5061
18080    5061  4983  4982  5065
18081    5078  5081  5079  5144
18082    5142  5144  5078  5079
18083    5141  5143  5051  5078
18084    5100  5141  5128  5015
18085    5042  4946  4945  5046
18086    5063  5065  5062  5058
18087    5079  5034  5078  5142
18088    5048  4947  4945  5049
18089    5592  4633  4635  5596
18090    5059  5022  5063  5023
18091    3610  3615  3612  3644
18092    7088  6329  6331  7154
18093    5141  5109  5015  5100
18094    5141  5034  5015  5109
18095    3656  3686  3688  3657
18096    5269  5276  5178  5267
18097    5219  5218  5222  5179
18098    4895  4894  4896  5005
18099    5058  4946  4982  5064
18100    5046  4946  5040  5047
18101    5047  5064  5041  5045
18102    5048  5049  4945  5042
18103    5046  5047  5041  5045
18104    5137  5103  5208  5104
18105    5174  5276  5178  5269
18106    4920  4893  4897  4891
18107    5006  5041  5010  5040
18108    5125  5126  5051  5130
18109    5053  5130  5051  5126
18110    5139  5140  5209  5210
18111    5172  5198  5174  5176
18112    5209  5210  5208  5139
18113    5007  5058  5018  5022
18114    5096  5095  5094  5100
18115    5291  5176  5219  5179
18116    5177  5269  5266  5268
18117    5179  5291  5269  5268
18118    5222  5291  5290  5293
18119    5103  5168  5208  5104
18120    5221  5223  5219  5220
18121    5219  5252  5250  5300
18122    5096  5099  5128  5100
18123    5209  5140  5138  5230
18124    5209  5230  5138  5104
18125    5165  5171  5170  5169
18126    5208  5138  5140  5137
18127    5293  5221  5219  5300
18128    5291  5293  5219  5300
18129    5298  5300  5219  5250
18130    5291  5300  5219  5298
18131    5202  5185  5187  5197
18132    5173  5176  5174  5179
18133    3876  3901  3903  3899
18134    5137  5140  5208  5139
18135    5209  5139  5208  5140
18136    5168  5103  5208  5167
18137    5209  5104  5208  5168
18138    5053  5050  5052  5126
18139    5129  5125  5127  5130
18140    4845  4870  4836  4798
18141    5051  5125  5128  5015
18142    5127  5096  5099  5128
18143    5051  5015  5128  5141
18144    5100  5015  5128  5096
18145    5062  5064  5041  5058
18146    5015  5078  5034  5141
18147    4897  5004  4896  5006
18148    5051  5130  5128  5125
18149    6431  6426  6427  6433
18150    3569  3548  3554  3619
18151    5044  5041  5046  5040
18152    5051  5080  5078  5143
18153    5045  5064  5041  5062
18154    5130  5053  5051  5143
18155    7678  7683  7682  7685
18156    5041  5047  5040  4946
18157    4847  4846  4844  4837
18158    4832  4837  4836  4835
18159    4844  4835  4836  4837
18160    5010  5007  5008  5011
18161    4895  4891  4897  4894
18162    4897  5016  4920  4895
18163    5053  5050  5126  5051
18164    5049  5043  4945  5042
18165    5049  4946  4945  5043
18166    5049  4948  4945  4946
18167    4947  4948  4945  5049
18168    4872  4847  4832  4878
18169    4872  4854  4836  4870
18170    4801  4844  4797  4802
18171    4832  4852  4850  4878
18172    4686  4663  4674  4711
18173    4845  4847  4836  4872
18174    4888  4889  4887  4892
18175    4916  4920  4891  4893
18176    4832  4854  4836  4872
18177    5217  5252  5258  5244
18178    4837  4849  4832  4847
18179    4831  4834  4832  4837
18180    4756  4834  4760  4762
18181    4831  4837  4832  4835
18182    3378  3317  3318  3380
18183    4698  4667  4699  4692
18184    4897  4891  4896  4894
18185    4713  4693  4695  4723
18186    4701  4700  4698  4702
18187    4802  4798  4796  4817
18188    3805  3828  3807  3848
18189    4711  4663  4693  4667
18190    4659  4667  4661  4666
18191    4806  4821  4796  4800
18192    4686  4667  4661  4659
18193    4725  4699  4723  4695
18194    6320  6323  6321  6389
18195    4702  4700  4699  4695
18196    4698  4692  4699  4700
18197    4698  4700  4699  4702
18198    4692  4695  4699  4700
18199    4693  4695  4699  4692
18200    5095  5109  5098  5100
18201    4891  4918  4895  4920
18202    5107  5095  5105  5109
18203       1    12     5    14
18204    5235  5232  5233  5243
18205    4796  4800  4799  4805
18206    4900  4883  4885  4904
18207    4854  4798  4836  4870
18208    4888  4889  4886  4887
18209    4798  4870  4802  4845
18210    4798  4817  4802  4870
18211    4809  4817  4798  4870
18212    5044  5041  5010  5045
18213    4885  4931  4932  4930
18214    4933  4931  4932  4885
18215    4799  4800  4803  4805
18216    5018  4897  5016  4920
18217    4897  4894  4896  4895
18218    4666  4660  4661  4659
18219    5011  5007  5008  5009
18220    4659  4658  4661  4657
18221    4884  4882  4888  4889
18222    4933  4932  4888  4884
18223    4884  4889  4888  4885
18224    4933  4885  4888  4889
18225    4884  4885  4888  4933
18226    4802  4821  4796  4806
18227    4657  4672  4661  4659
18228    4796  4805  4799  4795
18229    4662  4658  4666  4659
18230    4894  5004  4896  5005
18231    4796  4815  4800  4821
18232    4670  4672  4659  4686
18233    4661  4686  4665  4667
18234    4670  4686  4659  4674
18235    4659  4658  4666  4660
18236    4845  4798  4797  4802
18237    4845  4844  4797  4798
18238    4802  4844  4797  4845
18239    4663  4692  4666  4662
18240    4663  4662  4666  4659
18241    4659  4667  4666  4663
18242    4693  4692  4666  4663
18243    4693  4667  4666  4692
18244    4663  4667  4666  4693
18245    4883  4902  4887  4904
18246    1233  1230  1232  3398
18247    4800  4805  4796  4806
18248    4904  4916  4887  4889
18249    4904  4902  4887  4916
18250    4916  4914  4891  4920
18251    4916  4893  4891  4887
18252    4914  4887  4902  4916
18253    4892  4890  4891  4893
18254    4892  4890  4896  4891
18255    4885  4889  4883  4884
18256    4806  4821  4800  4804
18257    4884  4889  4883  4882
18258    4887  4889  4883  4904
18259    4800  4819  4804  4821
18260    3961  3958  3960  3975
18261    4802  4817  4796  4821
18262    4807  4821  4796  4817
18263    4809  4796  4798  4817
18264    4797  4802  4795  4801
18265    4796  4802  4795  4797
18266    4805  4806  4795  4796
18267    4805  4801  4795  4806
18268    4796  4806  4795  4802
18269    4801  4802  4795  4806
18270    4883  4889  4886  4882
18271    4887  4889  4886  4883
18272    4804  4805  4803  4800
18273    5018  5005  4897  5007
18274    5006  5004  5008  5009
18275    5018  5005  5007  5020
18276    5574  5577  5575  5581
18277    3868  3885  3887  3875
18278    5010  5007  5011  5041
18279    5044  5040  5010  5041
18280    4920  4891  4897  4895
18281    2538  2541  2539  2586
18282    5269  5272  5270  5268
18283    5219  5176  5175  5179
18284     649   652   650   656
18285    5041  5006  5010  5007
18286    5166  5171  5170  5165
18287    5007  5010  5008  5006
18288    5168  5101  5103  5167
18289    4648  4651  4649  4653
18290    2916  2892  2915  2920
18291    3251  1093  3229  3275
18292    2956  2965  2985  2962
18293    3867  3878  3880  3868
18294     819   810   837   813
18295     767   797   798   771
18296    4961  4986  5002  4966
18297    3806  3843  3841  3807
18298     528   525   588   526
18299    7065  7062  7099  7063
18300    6303  6324  6402  6321
18301    4484  4487  4491  4486
18302    5918  5867  5920  5874
18303    7441  7404  7445  7411
18304    5651  5646  5648  5650
18305    7317  7320  7322  7319
18306    1380  1377  1463  1378
18307    7651  7679  7681  7652
18308     151   214   216   154
18309     122   125   185   123
18310    1330  1347  1399  1332
18311      56    51    52    58
18312    1960   840  3974   842
18313     147    77   116   146
18314     789   792   800   791
18315    6317  6310  6367  6311
18316    1504  1429  1506  1503
18317    2464  2471  2527  2470
18318    1027  1058  1066  1056
18319    2436  2409  2438  2413
18320    5500  4545  5504  5498
18321    7347  7338  7351  7345
18322    4479  4476  4483  4477
18323    2883  2878  2885  2882
18324    3440  3427  3429  3439
18325    4408  4403  4452  4406
18326      76  1234    78   117
18327    6224  6219  6286  6222
18328    3482  3497  3561  3488
18329    2922  2896  2926  2897
18330    3709  3657  3711  3686
18331     155  1349  1351  1285
18332    4344  1073  1075  4333
18333    2227  2230  2236  2228
18334    1168  1145  1170  1146
18335    6633  6627  6634  6629
18336    1243  1268  1335  1245
18337    1727  1689  1730  1722
18338    1153  1144  1173  1151
18339    1831  1828  1826  1829
18340    5335  5348  5402  5337
18341    6667  6673  6674  6671
18342    4750  4758  4759  4757
18343    1890  1887  1891  1888
18344    4579  4576  6614  4578
18345    3212  3160  3209  3195
18346    7502  7545  7547  7504
18347    5785  5790  5792  5786
18348    1911  1936  1952  1933
18349    2322  2313  2326  2320
18350    7214  7131  7262  7211
18351     624  1746  1748  1742
18352    4112  4075  4110  4106
18353    7327  7302  7331  7325
18354    5235  5256  5248  5240
18355    5180  5102  5182  5166
18356    6547  6550  6554  6549
18357    6677  6668  6681  6675
18358    6301  6314  6364  6303
18359    5675  5680  5692  5677
18360    5385  5348  5433  5349
18361    4567  6619  4566  6602
18362    4461  4454  6377  4460
18363    2232  2265  2268  2263
18364    6471  6456  6454  6470
18365    4584  4589  4591  4585
18366    4827  4816  4829  4820
18367    7034  7023  7025  7027
18368    4663  4686  4659  4667
18369    4614  4608  4615  4610
18370     101   128  2394   106
18371    1128  1123  4385  1127
18372    1110  1131  1121  1113
18373     141   138   209   139
18374     562   559   596   560
18375    3554  3571  3621  3556
18376    1345  1324  1397  1343
18377    3489  3514  3578  3513
18378    2321  3323  3327  2323
18379    6754  6747  6704  6749
18380    6464  6441  6480  6462
18381    4193  4190  4195  4191
18382    3115  3098  3117  3102
18383    3001  3004  3012  3003
18384    1121  3258  3282  3257
18385     400   409   411   401
18386    1199  1235  1197  1200
18387     231   260   334   233
18388    1199    76  1234    78
18389    2540  2535  2585  2538
18390     895   836  2979   890
18391     663   650   667   661
18392     284   281   345   282
18393     261   258   335   259
18394    7079  5390  7135  5391
18395    2302  2305  2367  2304
18396    2303  2310  2374  2305
18397     467   471   472   469
18398     698   691   733   693
18399    4162  1069  4178  2184
18400    5813  5816  5842  5815
18401    3213  3195  3215  3196
18402    4661  4656  4658  4660
18403    2855  2864  2825  2862
18404    5367  5336  5409  5337
18405    1520  1537  1510  1535
18406    6436  6462  6472  6441
18407     279   321   323   320
18408    3249  3225  3277  3247
18409      74    63    65    73
18410    4029  4044  4046  4040
18411    3878  3889  3891  3885
18412     567   578   580   577
18413     202   205   249   204
18414    2441  2430  2443  2440
18415    1382  1478  1483  1401
18416     431  1563  1612   445
18417    1289  1292  1356  1291
18418    2318  2383  2314  2319
18419      73    58    75    68
18420    3920  3915  3944  3919
18421    6917  6948  6999  6947
18422    5400  5335  5402  5397
18423     194   153   238   156
18424    4187  4218  4173  4216
18425    1829  1887  1831  1856
18426    2078  2067  2080  2071
18427    4170  4173  4185  4172
18428    5390  5375  5438  5388
18429    1820   646  1822   695
18430    7774  7785  7783  7781
18431    7555  7516  7621  7520
18432    4713  4693  4723  4711
18433    7240  7213  7250  7238
18434      68    77    75    73
18435    1222  3370  3376  3369
18436      99  2372  2378  2365
18437    5786  5777  5792  5785
18438    6893  6926  6928  6900
18439    6313  6318  6368  6315
18440    4966  4979  4999  4978
18441    5847  5820  5862  5845
18442    5377  7078  7134  7067
18443     970  2122  2146   994
18444    7419  7394  7423  7417
18445    5574  5577  5581  5576
18446     203  1327  1371   205
18447    6571  6577  6578  6575
18448    4855  4809  4871  4810
18449    6628  6621  6632  6622
18450    6522  6579  6583  6572
18451    2221  5323  5329  2222
18452    4458  4433  6370  4435
18453    1424  1503  1505  1429
18454    4523  4544  4548  4537
18455    1299  1342  1394  1341
18456    5397  5334  5399  5396
18457    3219  3199  3204  3200
18458    5499  5508  5512  5501
18459    6512  4510  6515  4511
18460    2018  2009  2040  2013
18461    6540  4546  6544  4547
18462    5189  6151  6153  6147
18463    4397  4394  4439  4395
18464    5026  5031  5028  5030
18465    3738  3747  3811  3740
18466    5015  5012  5095  5013
18467    5111  5114  5116  5112
18468    5254  5199  5302  5204
18469     636   633   638   635
18470    3448  3467  3469  3463
18471    3511  2499  3575  3509
18472    2887  2915  2919  2905
18473    1499   377  1501   381
18474    3865  2863  2865  2867
18475       9    20    22    16
18476    5600  5591  5604  5598
18477    2205  2208  2212  2206
18478    6654  6651  6658  6652
18479    5530  5493  5534  5524
18480    4235  4200  4205  4201
18481    6512  6533  6535  6514
18482    5664  5647  5666  5662
18483    1410  1452  1454  1447
18484    1858  1893  1902  1866
18485    2245  1130  5358  2243
18486     807   768   823   775
18487    3961  3958  3975  3959
18488     661   664   668   663
18489    2289  2364  2366  2302
18490    2217  2248  5351  2247
18491     527   515   587   525
18492    5123  5118  5190  5121
18493    2440  2423  2442  2433
18494    1230  1253  3400  1231
18495    3485  2475  3535  3483
18496     905   908   910   907
18497    3786  3789  3795  3788
18498    6097  6018  6098  6096
18499    2777  2786  2773  2778
18500     108    99  2376   103
18501    2017  1966  3985  2016
18502    6766  6757  6768  6764
18503    1593   462  1595   464
18504    2716  2711  2741  2713
18505     526   535   659   531
18506    2206  2197  2203  2205
18507    1353  1286  1355  1350
18508    5555  5564  7383  5562
18509    5624  5631  5635  5630
18510    2021  2028  2030  2023
18511    2277  2222  5378  2225
18512    5632  5615  5634  5630
18513    7796  7785  7798  7795
18514    2008  2013  2035  2009
18515    2125  2132  2164  2131
18516    5546  5549  7368  5547
18517     444   433   446   437
18518    2483  2456  2551  2457
18519    4399  4366  4441  4367
18520    5868  4907  5870  4911
18521    5454  5431  7146  5451
18522    5571  5566  5573  5570
18523     405   426   484   407
18524    6385  7172  7252  6431
18525    6511  6514  6515  6513
18526    6943  6983  6985  6944
18527     698   705   707   699
18528    4807  4810  4818  4809
18529    4349  4344  4351  4348
18530    4781  4754  4787  4756
18531    5261  7044  7060  7039
18532     712   723   724   721
18533    2679  2644  2646  2678
18534    2921  2893  2925  2896
18535    7409  7388  7413  7395
18536    6513  6520  6524  6519
18537     957   932   959   955
18538    6786  6737  6790  6784
18539     776   773   784   774
18540    3780  2774  3772  3768
18541    2482  2485  2553  2484
18542    3488  3481  3538  3482
18543     103   100  2389   101
18544    4516  6529  6530  4518
18545    6010  5893  5895  5995
18546    5651  5670  5672  5666
18547    5524  5491  5528  5522
18548    5751  7514  7604  7513
18549    4987  4966  5003  4986
18550    5994  5887  5996  5987
18551    5997  6014  5995  5999
18552    5531  5524  5535  5525
18553    3111  3116  3118  3112
18554    4919  4914  4921  4918
18555    6675  6678  6682  6677
18556    2894  2887  2919  2889
18557    2453  2470  2526  2455
18558    5366  5369  5411  5368
18559    4559  4556  6570  4558
18560    4601  5568  5572  4603
18561    4403  4396  4445  4397
18562    4407  4400  4451  4401
18563    2614  2628  2576  2616
18564    2968  4012  4020  3006
18565    1125  1095  4390  1123
18566    7035  7030  7032  7034
18567     441   420   443   440
18568    3801  3798  3835  3800
18569     693   690   730   692
18570     550  2718   483   575
18571    2534   313  2579   334
18572    1699  1634  1701  1698
18573    3005  3008  3020  3007
18574    3255  3268  3272  3267
18575    1285  1350  1352  1286
18576    4120  3022  4122  3120
18577    3181  3150  3144  3152
18578    2663  2690  2692  2686
18579    2786  3782  3792  2788
18580    4379  4376  4427  4377
18581    2640  2621  2670  2638
18582    5337  5334  5399  5335
18583    2171  2168  2185  2169
18584    1802  1805  1809  1804
18585     169   166   221   167
18586    1264  1206  1293  1219
18587    3553  3544  3593  3547
18588    1526  1579  1603  1556
18589    1537  1520  1539  1535
18590    1213  1192  1215  1211
18591    2166  2181  2189  2167
18592    7304  7301  7308  7302
18593    1945  1938  1963  1939
18594    2242  2275  2234  2252
18595    5514  5517  7312  5515
18596     812  1934  1950   814
18597    1812  1817  1819  1813
18598    2651  2698  2739  2691
18599    7091  7096  7186  7093
18600    4558  4553  6569  4555
18601    2465  2462  2521  2463
18602    7389  7392  7385  7390
18603    4680  4689  4691  4681
18604    5121  5189  5191  5122
18605    4374  4424  4425  4422
18606    6257  6173  6259  6256
18607     530   525   658   529
18608    2167  2205  2210  2197
18609    6162  6183  6160  6170
18610    5908  5889  5910  5893
18611    6217  6208  6223  6216
18612    6001  6058  5997  6016
18613    7411  7442  7446  7441
18614    5715  5693  5681  5695
18615    5732  5767  5772  5759
18616    7460  7467  7487  7462
18617    3964  3959  3980  3962
18618    4741  6706  4775  6705
18619    1767  1754  1769  1766
18620    7045  5264  7061  5265
18621    4632  4635  4639  4634
18622    4951  6876  4939  4992
18623    6393  6418  6391  6395
18624    5922  5943  5959  5923
18625    6772  6777  6848  6773
18626     674   669   676   673
18627    7038  7012  7040  7016
18628    7064  6309  7098  7062
18629    4796  4815  4821  4807
18630    3685  3649  3651  3678
18631    5251  5256  5304  5253
18632    6629  6668  6672  6667
18633    7417  7420  7424  7419
18634    5161  5164  5237  5163
18635    4470  4465  6374  4467
18636    6758  6722  6760  6756
18637    4163  2170  2185  2171
18638    5166  5184  5186  5180
18639    2340  2315  2386  2322
18640    5234  5211  5242  5213
18641    6714  6709  6755  6710
18642    7069  7066  7105  7067
18643    6730  6776  6847  6772
18644    2234  2275  2271  2265
18645    1255  1252  1316  1254
18646    5015  5012  5014  5096
18647    4790  6782  6851  6777
18648    5203  5194  5205  5202
18649    4976  4969  4998  4974
18650     528   521   584   527
18651    1078  1073  4344  1076
18652    4357  4352  4359  4356
18653    4686  4663  4711  4667
18654    7627  4977  5948  5926
18655    6212  5249  6218  5257
18656    4472  4475  6381  4473
18657    4832  4852  4878  4834
18658    1083  2247  5350  1134
18659    6653  6628  6657  6651
18660    4670  4657  4672  4668
18661    4900  4883  4904  4898
18662    5201  5282  5284  5206
18663    5104  5157  5230  5138
18664     777   780   788   779
18665    5756  5847  5748  5822
18666    5875  5872  5879  5873
18667    3693  3698  3700  3694
18668     563   513   583   521
18669     891   862   911   883
18670    3081  3084  3088  3083
18671     450   469   470   453
18672    7130  7173  7253  7172
18673     168   222   223   220
18674     670  1798  1800  1794
18675    6236  6172  6288  6185
18676    6124  6090  6191  6091
18677      49   110    47    71
18678    7664  7648  7666  7662
18679    1133  1079  4386  1082
18680    7200  7209  7219  7208
18681     367   455   365   449
18682    2127  2096  2151  2097
18683    6752  6755  6709  6753
18684    6169  6154  6171  6164
18685     680   692   678   682
18686     835   804  2969   806
18687    7084  7075  7142  7082
18688    4017  4038  4042  4019
18689     121   118   181   119
18690    2450  2504  2505  2502
18691      86   142    49   135
18692    3475  3478  3528  3477
18693    3686  3713  3711  3709
18694    3319  3312  3379  3317
18695    2845  2870  2843  2847
18696    1606  1598  1608  1600
18697    2822  2766  2834  2799
18698    2319  2386  2315  2326
18699    2657  2674  2655  2659
18700    6952  6957  6958  6955
18701    5931  5970  5980  5966
18702     852   947   953   857
18703    3251  3225  3277  3229
18704       3    28    30    25
18705    1806  1866  1868  1807
18706    2432  2407  2434  2409
18707    6463  6468  6484  6465
18708    5815  4794  5825  4859
18709    5279  5276  5281  5278
18710    2477  3509  3573  2499
18711    3317  3320  3380  3319
18712    5746  5731  5754  5745
18713    3378  3317  3380  3377
18714    4635  5606  5610  4649
18715    1830  1823  1855  1825
18716    2108  2091  2110  2106
18717    1762  1821  1765  1763
18718    3662  3643  3614  3660
18719    4587  4584  4591  4585
18720    4166  4175  4183  4174
18721    6143  6095  6226  6105
18722    7173  7168  7175  7172
18723    4909  5912  5914  4963
18724    6784  6732  6788  6774
18725    7686  7689  7719  7688
18726    5910  5893  6010  5908
18727    6232  6199  6230  6228
18728    3167  1051  1068  1054
18729    5945  6058  6064  5975
18730    5553  5616  7393  5556
18731    1859   736  1873  1853
18732    5080  5087  5150  5086
18733    5546  5517  7365  5543
18734    6057  7706  7749  7691
18735    7691  7708  7747  7693
18736    7068  7075  7115  7074
18737    4021  4032  4034  4028
18738    1943  3962  3980  3959
18739    3476  1327  3526  1328
18740    1858  1855  1876  1856
18741    6728  6813  6724  6762
18742    4766  4763  4774  4765
18743    6684  7435  7439  6686
18744    5029  5026  5024  5027
18745    2094  2149  2151  2095
18746     738   665   740   737
18747    5099  5094  5100  5096
18748    6772  6775  6848  6774
18749     155  1287  1351   157
18750    4850  4853  4879  4852
18751    5786  5797  5799  5793
18752    4985  4982  5075  4983
18753    4462  4473  6379  4463
18754     782   773   784   781
18755      69    45    71    67
18756    7346  7303  7350  7304
18757    1281  1200  1235  1278
18758    7126  7129  5450  7128
18759     229   258   332   231
18760    5509  5506  5513  5507
18761     291   269   346   273
18762    1944  1935  1962  1938
18763    1924  1927  1931  1926
18764    3999  3996  4009  3997
18765    1541  1524  1603  1539
18766    2856  2839  2858  2854
18767    2867  2862  2864  2866
18768    6619  4566  6602  6601
18769     374   357   384   372
18770     682   700   702   692
18771     614   688   612   678
18772    6939  7688  7718  6941
18773    1005   936  1007  1002
18774     817   794   833   815
18775    1021  1050  1064  1023
18776     853   846   941   851
18777    4013  4018  4030  4015
18778    2625  2591  2596  2592
18779     532  1663  1790  1659
18780    2125  2122  2157  2123
18781    5558  5561  7380  5559
18782    2506  2452  2507  2454
18783    2494  2497  2557  2496
18784     409   436   438   432
18785    4769  4784  4792  4770
18786     313  2534   233   334
18787    1254  1239  1313  1244
18788    2300  2305  2381  2301
18789       1    10    30     3
18790    2764  2816  2758  2797
18791    6667  6670  6674  6669
18792    1343  1322  1395  1341
18793    2308  2311  2375  2310
18794     858  2066  2072  1988
18795     791   794   802   793
18796    7196  7133  7269  7150
18797    3160  3212  3156  3195
18798    3315  3330  3390  3329
18799    4033  4148  4150  4044
18800    2407  2432  2405  2409
18801     422   417   442   420
18802    2751  2779  2747  2771
18803    7755  7697  7753  7710
18804    3485  3510  3574  3509
18805    2382  2299  2295  2357
18806    1282  1205  1240  1281
18807    3805  3828  3848  3826
18808    1171  1146  1173  1153
18809     392   397   395   393
18810    3438  3463  3436  3448
18811    1703  3745  1637  1732
18812    3688  3713  3686  3690
18813    7469  6710  7485  7461
18814    3608  3658  3604  3628
18815    2990  2941  2993  2942
18816    3859  3807  3843  3858
18817    6300  6340  6341  6338
18818    4081  4066  4071  4067
18819    1961  1958  3975  1960
18820    4472  4459  6378  4469
18821       1    12    14     8
18822    1055  1052  1069  1053
18823    3815  3779  3822  3813
18824    1217  1202  1219  1215
18825    3322  3309  3386  3310
18826    1666  1677  1810  1673
18827    3415  3336  3332  3392
18828    7396  7425  7429  7410
18829    2722   576  2775   581
18830    2124   994  2156  2122
18831    3490  3521  3581  3514
18832    1192  1213  1188  1211
18833    1467  3565  1392  1487
18834    3588  3595  3550  3593
18835    6083  6099  6101  6096
18836    1914  1909  1922  1912
18837    1262  1229  3409  1233
18838    3186  4182  3172  4180
18839    6311  7070  7110  6317
18840    4512  4502  4513  4508
18841    3613  3616  3645  3614
18842    1108  1113  1119  1111
18843    4521  4486  4525  4487
18844    1416  1437  1481  1433
18845    1840  1773  1842  1827
18846    2075  2102  2104  2098
18847    2189  4206  2175  2210
18848    6009  6096  6007  6083
18849    2965  2968  2988  2967
18850    1844  1829  1887  1831
18851    4650  4641  4652  4648
18852    1912  1921  1923  1913
18853    1773  1840  1771  1827
18854    1769  1786  1767  1771
18855    1968  1971  1979  1970
18856     428   391   461   398
18857    1062  1112  1120  1063
18858    6222  6225  6287  6224
18859    1987  1996  2118  1992
18860    5467  5478  5480  5474
18861    2029  2026  2031  2027
18862    1939  1936  1955  1937
18863    3923  3914  3952  3916
18864    2879  3881  3883  3877
18865    3632  3614  3662  3616
18866    5559  5540  7378  5558
18867    7295  7338  7342  7337
18868    7238  7205  7246  7233
18869    6055  6048  6120  6049
18870    5738  7473  5705  5762
18871    4426  4376  4427  4378
18872    3034  3069  3030  3065
18873    3690  3717  3719  3713
18874    5888  5893  5895  5889
18875    2691  2686  2693  2690
18876    5225  5260  5308  5227
18877    5960  5875  5962  5898
18878    7759  7743  7801  7757
18879    6216  6211  6278  6214
18880    1666  1675  1738  1668
18881    1665  1670  1793  1666
18882    1430  1527  1529  1442
18883    1228  1233  3382  1229
18884    6218  6221  6283  6220
18885    4906  4909  4913  4908
18886    6256  6168  6258  6249
18887    3251  1093  3275  1117
18888    2444  2397  2490  2398
18889    1501  1512  1499  1511
18890     540   571   573   545
18891    6096  6009  6101  6083
18892    7216  6461  6459  6475
18893    2967  2962  2987  2965
18894    6264  6174  6266  6257
18895    5283  6252  6250  6248
18896    1509  1500  1519  1507
18897    6057  6054  6122  6055
18898    4495  4492  4499  4493
18899    4172  4165  4184  4170
18900    1378  1452  1456  1381
18901     383  1511   381   393
18902    5622  5577  5626  5584
18903    6093  6105  6177  6095
18904    1114  2245  2237  2229
18905    1995  2002  2100  1997
18906    5955  7655  5933  5980
18907    1865  1854  1877  1857
18908    7555  5756  7619  5775
18909    4255  4268  4272  4267
18910    1241  1203  1206  1204
18911    5371  5376  5420  5373
18912    7465  7468  7488  7467
18913    5563  5560  7382  5562
18914    7192  7167  7194  7177
18915    7573  7503  7508  7504
18916    7286  7319  7321  7288
18917    4935  4972  4992  4941
18918    4459  4456  6371  4458
18919    4468  4435  6372  4465
18920    7277  4547  7281  5500
18921    4082  3064  4140  3092
18922    6465  6462  6481  6463
18923    4068  3074  3060  3078
18924    4553  4542  6564  4552
18925    3063  3124  3136  3123
18926    3800  2804  3834  2806
18927    4519  4516  6530  4518
18928     263   256   339   257
18929    3447  3452  3454  3448
18930    1990   856  2114   860
18931    6414  6403  6416  6407
18932     774   779   787   776
18933    3248  3255  3283  3250
18934    7074  7065  7114  7068
18935    7010  7026  7008  7012
18936    6989  6964  7022  6987
18937    5542  4559  7361  4573
18938    5059  5018  5023  5019
18939    7635  7628  7647  7633
18940    5516  4557  7311  4559
18941    5926  4975  5948  5924
18942    6630  6627  6634  6628
18943    6871  6892  6869  6873
18944    6705  4738  4775  4741
18945    4895  5016  4920  4918
18946    7077  7074  7117  7075
18947    3170  4166  4178  3172
18948    6381  6378  4472  6379
18949    5521  5558  7377  5540
18950    4404  6305  6351  6304
18951    5051  5080  5143  5053
18952    2958  3960  3974  2960
18953    5034  5013  5105  5032
18954    5172  5196  5170  5174
18955    6777  4789  6846  4790
18956    2247  1130  5352  1134
18957     139   210   212   150
18958     892   883   912   884
18959     374   385   372   384
18960     375   392   373   385
18961     153   150   213   151
18962      58    73    56    68
18963    1317   157  1361  1287
18964    4671  4668  4673  4669
18965    7444  7441  7448  7442
18966    5364  4399  5406  5362
18967     131   120   187   121
18968      66    63    74    64
18969     383   380   393   381
18970    2898  2893  2925  2895
18971    5928  4967  5948  5916
18972    1572  1567  1574  1571
18973    5566  5569  5573  5568
18974     871   901   903   873
18975    7449  7412  7453  7427
18976    7492  7489  7467  7491
18977    1386  1379  1459  1380
18978     846   939   945   851
18979    5548  5555  7374  5549
18980     683   721   722   686
18981    1636  1631  1702  1634
18982     386   361   388   384
18983     901   862   915   873
18984     610   635   608   612
18985    3500  3497  3564  3498
18986     844   899   983   871
18987    7031  6991  6993  7030
18988    5332  4365  5394  5330
18989    3994  1947  4002  1974
18990    7633  7636  7648  7635
18991    3040  3081  3036  3071
18992    6248  6253  6251  6249
18993     166   220   221   218
18994    3524  3521  3584  3522
18995    5547  5560  7379  5558
18996    3173  3144  3181  3165
18997    4065  4076  4053  4072
18998    3857  3801  3837  3856
18999     141   190   234   167
19000    7077  7094  7184  7091
19001    1558  1587  1642  1572
19002    6328  6315  6410  6318
19003    4121  4132  4134  4128
19004    3404  3467  3517  3452
19005    1546  1543  1562  1544
19006    1033  1089  1090  1088
19007    5429  5422  7125  5428
19008    4604  4593  4606  4597
19009    5823  5780  5837  5783
19010    4446  4449  6355  4447
19011    6153  6164  6151  6163
19012    6018  6021  6098  6020
19013    6209  6238  6201  6217
19014    4205  4240  4201  4226
19015    4975  5928  5948  5924
19016    7426  7419  7430  7420
19017    3543  3550  3588  3549
19018    2277  2250  5380  2254
19019    6220  5263  6282  6218
19020    6580  6589  6593  6582
19021    1093  1125  1087  1097
19022    2179  2176  2187  2178
19023     961   990  1008   989
19024    5649  5646  5651  5647
19025     171   200   244   173
19026     649   655   656   653
19027    3032  3083  3131  3061
19028    1691  1657  1711  1658
19029    2195  2163  2129  2165
19030    4908  4899  4912  4906
19031    1975  1972  1983  1973
19032    1556  1581  1640  1558
19033    2966  3968  3988  2968
19034     813   808   829   811
19035     775   808   824   807
19036     815   818   834   817
19037     891   864   913   868
19038    2710  2649  2733  2703
19039    2956  2953  2970  2954
19040    6783  6778  6854  6782
19041      55    37    57    41
19042    2307  3321  3385  2321
19043    5474  5477  5481  5476
19044    1053  2170  2184  1055
19045    1032  3161  1023  1064
19046    2937  2949  2950  2945
19047    3261  3232  3265  3259
19048    3172  4174  4182  3176
19049    2574  2624  2570  2595
19050    2552  2482  2553  2484
19051    2403  2420  2401  2405
19052    1341  1344  1396  1343
19053    1255  1244  1314  1245
19054    3457  3432  3459  3455
19055    3850  3807  3859  3828
19056     104   109  2377   105
19057    3358  3331  3392  3332
19058    3685  3690  3688  3686
19059    2176  1047  2184  1061
19060    3657  3709  3655  3686
19061     117    75    78    76
19062    3805  3846  3791  3826
19063    4300  4205  4304  4270
19064    3958   822  3974  1942
19065    4603  4600  4607  4601
19066    6862  6878  6888  6864
19067    4079  4112  4075  4110
19068    3872  3897  3870  3874
19069    3876  3901  3874  3886
19070    7090  7073  7160  7076
19071    5476  5523  5527  5522
19072    3671  3698  3750  3697
19073     200  2463  2519  2462
19074    3732  3729  3758  3731
19075      17  1147  1149  1143
19076    3495  3480  3559  3493
19077    1686  1689  1719  1688
19078    3486  3483  3536  3484
19079    2231  2179  2239  2228
19080    3471  2399  3501  2461
19081    1246  1249  1312  1247
19082    1822  1825  1852  1823
19083    3701  3706  3708  3702
19084    3545  1388  1466  1391
19085    5386  5389  5437  5388
19086     115   130   186   125
19087    3259  3227  3263  3249
19088    4764  4727  4772  4763
19089    1358  1297  1360  1357
19090    1557  1572  1617  1571
19091    6198  6207  6200  6206
19092    4114  4063  4160  4091
19093    4580  4583  6618  4581
19094     897   888   919   892
19095    3249  3260  3264  3259
19096    5547  5520  7366  5546
19097    5330  5393  5395  5331
19098    3817  3787  3822  3815
19099    1969  1926  1977  1927
19100    5579  5574  5581  5578
19101    5593  5614  5618  5607
19102    6046  6005  6111  6008
19103    2225  2220  5338  2223
19104    2172  2175  2189  2174
19105    5567  5576  5580  5569
19106    1238   119  1303  1236
19107     952   947   954   951
19108    1993  2002  2134  1998
19109    3998  4001  4011  4000
19110    3778  3787  3774  3779
19111    1967  1964  3981  1966
19112    4731  4724  4714  4726
19113     531   534   594   533
19114    5441  5438  7139  5440
19115    7167  7192  7165  7177
19116     396   462   399   397
19117    5549  5562  7381  5560
19118    7504  7501  7506  7502
19119    5461  5490  5494  5483
19120    5939  5946  6040  5941
19121    5652  5679  5660  5678
19122    5784  5781  5796  5782
19123    6201  6232  6199  6230
19124    6154  6169  6152  6164
19125    3725  2653  3749  2715
19126    1782  1755  1784  1767
19127    1768  1771  1766  1770
19128    1509  1520  1507  1519
19129    5692  5695  5680  5693
19130    5181  5117  5183  5180
19131    4812  5785  5791  5777
19132    1207  1156  1209  1188
19133    1761  1770  1759  1763
19134    1185  1196  1183  1195
19135    1598  1523  1525  1597
19136    4718  4715  4730  4716
19137    5091  5084  5154  5085
19138    5672  5653  5706  5661
19139    5876  5889  5891  5877
19140    6169  6174  6259  6170
19141    1837  1830  1839  1836
19142    3199  3190  3201  3197
19143    7560  7530  7564  7558
19144    5180  5185  5187  5181
19145    6078  5112  6080  5114
19146    3120  3021  3122  3119
19147    2162  2165  2128  2163
19148    1193  1184  1201  1191
19149    6915  6912  6954  6913
19150    7652  7698  7700  7666
19151    6329  6318  6411  6319
19152     642  1762   640   644
19153      66  1195    64    74
19154     738   731   752   732
19155    4267  4250  4271  4255
19156    2882  2922  2924  2883
19157    7508  7590  7592  7573
19158    7508  7590  7504  7549
19159    7784  7805  7782  7786
19160    4572  4555  6607  4569
19161    6467  7210  7226  6469
19162    7076  7091  7161  7090
19163    7531  7500  7535  7524
19164    4590  4584  4591  4586
19165    5940  4987  5950  4991
19166    7490  7541  7468  7539
19167    7479  7468  7541  7477
19168    7451  7442  7455  7449
19169    7177  7166  7179  7176
19170    4594  4585  4598  4592
19171    7520  5755  7610  5756
19172    4971  4968  4993  4969
19173    7086  7089  7155  7088
19174    7412  7409  7416  7410
19175    6683  6686  6690  6685
19176    5633  5564  7418  5632
19177    1124  1131  4392  1126
19178    4366  4361  4420  4364
19179    3322  3331  3335  3324
19180    6531  6534  6536  6533
19181    6587  6550  6591  6557
19182    7070  7073  7113  7072
19183    4771  4708  6699  4749
19184    4929  4926  5025  4927
19185    5866  5913  5915  5912
19186    3082  3067  3072  3068
19187    6531  4511  6535  4538
19188    7082  7069  7140  7080
19189    4448  4429  6354  4431
19190    4897  5016  4895  5005
19191    5018  5005  5020  5016
19192    5217  5252  5213  5221
19193    5278  5269  5280  5271
19194    5227  7038  7056  7016
19195    6884  6877  6896  6882
19196    6076  6079  6081  6077
19197     633   636   631   635
19198     619   600   621   604
19199    4554  4569  6604  4555
19200     634   643   632   636
19201    1417  1428  1477  1418
19202      58    55    68    56
19203     695   643   645   694
19204     616   627   629   623
19205    1928  1913  1930  1921
19206    4898  4903  4905  4899
19207    5940  4989  6038  5938
19208    5194  5185  5202  5192
19209    5194  5203  5192  5202
19210    6780  6793  6797  6792
19211    5755  5822  5747  5821
19212    4530  4521  4534  4528
19213       9    18    34    11
19214    1577  1548  1585  1575
19215    2466  2469  2525  2468
19216    1113  1132  1122  1114
19217    3701  3682  3703  3694
19218     400   403   411   402
19219    5415  5422  7108  5420
19220    5575  5584  5588  5577
19221     991   998  1039   997
19222     905   850   987   855
19223     680   729   682   709
19224     889   806  2973   866
19225    1079  1076  4345  1077
19226    6215  6238  6290  6217
19227    2764  2799  2820  2797
19228    2837  2805  2828  2836
19229    2861  2858  2871  2859
19230    3261  3160  3265  3234
19231    2963  2940  2983  2961
19232     505   577   579   508
19233    2672  2675  2670  2674
19234      64  1195  1185  1183
19235    3083  3042  3087  3081
19236    7509  7512  7606  7511
19237     252   227   336   250
19238    2687  2698  2700  2694
19239    6031  6000  6035  6001
19240    6213  6204  6219  6212
19241    1600  1597  1602  1599
19242    4528  4487  4532  4494
19243    3697  2653  3749  3671
19244    6707  6710  6751  6709
19245    1827  1844  1842  1840
19246    5593  5590  5597  5591
19247    5710  5681  5715  5708
19248    3332  3329  3336  3330
19249    5886  5987  5884  5986
19250    6005  6002  6077  6003
19251    6004  5037  6076  6002
19252    5894  5995  5892  5994
19253    6009  6006  6083  6007
19254    6160  6155  6162  6159
19255    5995  5894  5997  5994
19256    4675  4715  4687  4712
19257    2023  2004  2037  2022
19258    1319  1326  1370  1325
19259    4992  6877  4970  4993
19260    6662  6659  6666  6660
19261    6762  6814  6816  6813
19262    6304  4381  6350  4404
19263    4251  3254  4277  3258
19264    6787  6784  6791  6785
19265    3477  2467  3527  3475
19266     327   285   329   286
19267    1236  1239  1304  1238
19268    2323  2320  2327  2321
19269    4353  1080  1082  4352
19270     857   948   954   858
19271    4641  4626  4645  4627
19272      72    69   111    71
19273     924   943   945   939
19274     989   992  1037   991
19275     978   997  1038   980
19276    6068  6009  6133  6020
19277     662   673   675   669
19278    7773  7776  7740  7774
19279    3329  3310  3389  3315
19280    1994  2075  2081  1995
19281    2050  2015  2062  2019
19282    4191  4200  4202  4193
19283    1970  1937  1978  1968
19284    3112  3123  3125  3119
19285    2477  2474  2533  2475
19286    7304  7353  7357  7346
19287    3195  3213  3215  3212
19288    4262  4196  4266  4261
19289    2751  2779  2791  2753
19290    1974  1945  1982  1972
19291    4058  4051  2035  4056
19292    6582  6579  6586  6580
19293    2640  2671  2638  2670
19294    3320  3315  3390  3319
19295    7345  7296  7349  7303
19296     257  1385  1458   263
19297     536   531   660   535
19298    3377  3312  3379  3370
19299    6345  6374  4465  6347
19300    1204  1201  1206  1202
19301    3484  3477  3534  3478
19302    5543  5516  7362  5542
19303    2682  2673  2684  2675
19304    2546  2537  2587  2540
19305    5368  5363  5410  5366
19306    2241  2252  2233  2251
19307    3353  3356  3388  3355
19308     779   812   828   811
19309    1772  1827  1770  1826
19310    1816  1894  1896  1817
19311     778  1910  1918   780
19312    1824  1833  1835  1825
19313    1799  1794  1801  1798
19314    6557  6588  6592  6587
19315    4568  4571  6606  4569
19316    5518  5521  7316  5519
19317    4367  5362  5404  4399
19318    5999  5996  6001  5998
19319    4891  4918  4920  4914
19320    5887  5994  5885  5987
19321    6008  6003  6082  6006
19322    5195  6163  5193  5203
19323    6162  6159  6170  6160
19324    1057  1062  1070  1060
19325    3706  3673  3756  3674
19326    1197  1200  1195  1199
19327    1933  1938  1954  1935
19328    1760  1763  1758  1762
19329    1693  1682  1695  1683
19330    6000  6031  5996  6001
19331      33    18    35    19
19332    1203  1196  1205  1201
19333    6644  7387  7391  6646
19334    6296  6299  6332  6298
19335    2843  2870  2860  2858
19336      76  1199    74    78
19337     674  1859  1861  1798
19338    1668  1665  1715  1666
19339    6460  6475  6458  6461
19340    4807  4816  4822  4808
19341    6148  6159  6161  6155
19342    4915  4902  4917  4914
19343    7088  6329  7154  7086
19344    2424  2429  2427  2425
19345    6387  6406  6408  6402
19346    6303  6300  6341  6301
19347    1229  3405  3411  3378
19348    6676  6653  6680  6654
19349    6298  6338  6339  6334
19350    6942  6982  6979  6981
19351    6892  6871  6894  6873
19352    5936  5941  5951  5937
19353    5193  6163  6153  6151
19354    4554  4517  6565  4519
19355    1594  1591  1596  1593
19356    3010  3021  3023  3017
19357    5821  5752  5829  5816
19358    1724  1687  1736  1691
19359    5337  5384  5432  5367
19360    4088  4071  4092  4078
19361    3161  1032  3177  1064
19362    6549  6580  6584  6579
19363    4380  6297  6332  6296
19364    4381  4378  4428  4379
19365    4486  4477  4490  4484
19366     643   634   645   636
19367    6301  6298  6339  6299
19368     616   529   618   615
19369    4514  6527  6528  4516
19370    7328  7325  7332  7326
19371    7025  7022  7027  7023
19372    1685  1680  1707  1684
19373    5078  5081  5144  5080
19374     173   170   225   171
19375    5102  5119  5182  5104
19376    4762  4852  4756  4834
19377    4883  4902  4904  4898
19378    5059  4982  5065  5058
19379    5038  5033  5111  5036
19380    5039  5036  5112  5037
19381    5462  4493  5464  4497
19382    6427  6416  6429  6426
19383    5533  5530  5537  5531
19384    1603  1524  1526  1598
19385    4173  4212  4218  4177
19386    6521  6572  6576  6571
19387    4600  4605  4607  4601
19388    5467  5476  5480  5469
19389    4536  4503  4540  4522
19390    6919  6930  6932  6926
19391    4471  4468  6375  4470
19392    5244  5253  5234  5252
19393    6756  6759  6761  6758
19394    1924  1929  1931  1925
19395    5614  5617  5619  5616
19396     326   280   328   285
19397     425   430   488   427
19398      69    72    67    71
19399    1807  1802  1809  1806
19400    1548  1583  1585  1575
19401    1587  1568  1589  1572
19402    4414  4341  4416  4411
19403    6311  6308  6357  6309
19404    1143  1146  1170  1145
19405    5460  5483  5487  5482
19406    4478  4501  4505  4500
19407    6056  7691  7727  7690
19408      76    73    78    74
19409    4756  4852  4789  4781
19410    2074  2079  2081  2075
19411    5035  5032  5106  5033
19412    4180  4183  4166  4181
19413    7519  7510  7611  7514
19414    5847  5756  5852  5822
19415    4411  4340  4413  4410
19416    2818  2784  2803  2789
19417     269   283   344   271
19418     894  2010  4048   896
19419     792   815   831   794
19420    2565  2583  2515  2581
19421    6944  6951  7004  6950
19422    2652  2715  2740  2653
19423    6587  6590  6594  6589
19424     691   698   733   696
19425     743   666   745   738
19426    4295  2242  4306  2271
19427    7518  7515  7612  7516
19428    2440  2445  2447  2441
19429    7649  7652  7647  7651
19430     387   384   389   385
19431     391   388   456   389
19432    4813  4808  4825  4811
19433    5326  5315  5328  5319
19434     690   693   688   692
19435     958   955   960   956
19436    6525  6519  6526  6521
19437    3912  3909  3932  3911
19438    3005  2964  3017  2967
19439    1042  1045   995  1043
19440    2935  2938  2943  2937
19441    4601  5570  5572  5566
19442     199   204   248   201
19443     289   282   348   287
19444     766   781   783   773
19445     110   143    71   142
19446    3341  3318  3407  3339
19447    3612  3609  3639  3611
19448    2857  2854  2859  2855
19449    5923  5970  5980  5935
19450    2823  2799  2835  2800
19451    2595  2625  2591  2596
19452    3260  3269  3273  3262
19453    3061  3116  3130  3115
19454    7345  7348  7352  7347
19455    1126  1117  1138  1125
19456    3218  3196  3220  3203
19457    4991  4988  5077  4989
19458    2301  2320  2384  2313
19459    2958   821  2976   822
19460    4222  4199  4224  4220
19461    3007  3002  3019  3005
19462    2627  2634  2604  2629
19463    3509  3512  3576  3511
19464    7657  7634  7662  7655
19465     575  2719   506   576
19466    1937  1914  1953  1915
19467    1547  1568  1570  1548
19468     819   822   840   821
19469    3743  3730  3764  3732
19470    1597  1516  1518  1592
19471    6125  5162  6190  6123
19472    6431  6384  6502  6385
19473    6310  6305  6356  6308
19474    2093  2090  2095  2091
19475    3064  4124  4138  3124
19476    5501  7285  7289  7278
19477    7560  7508  7564  7532
19478    3092  3089  3096  3090
19479    4492  4497  4499  4493
19480    4374  4377  4425  4376
19481    5886  4927  5986  5884
19482    4260  4249  4264  4250
19483    5556  5617  7394  5557
19484    5865  5876  5878  5872
19485    6238  6209  6242  6217
19486    4983  4990  5076  4985
19487    5996  5999  5994  5998
19488    6208  6217  6200  6216
19489    3073  3078  3059  3074
19490    5499  5484  5503  5485
19491    7317  5509  7321  5532
19492    5944  5947  6041  5946
19493    7694  7733  7762  7695
19494    6068  6071  6132  6070
19495    6320  6323  6389  6322
19496    6762  6814  6758  6763
19497    6888  6893  6891  6889
19498    6236  6239  6241  6238
19499    5444  5429  7144  5431
19500    5925  5932  5954  5927
19501    5794  5781  5800  5793
19502    5105  5013  5015  5095
19503     939   944   946   940
19504     123   100  2391   122
19505    2799  2823  2821  2800
19506     196   203   247   202
19507    2010   842  3978   896
19508     433   416   435   432
19509     334  2535   260   335
19510     300  1495  1497  1423
19511      78    73    75    77
19512    1526  1523  1598  1524
19513     507   504   576   505
19514     204  2467  2523  2466
19515    4448  4457  6371  4449
19516    4502  4509  4513  4508
19517    2889  2900  2927  2894
19518    1134  1129  4389  1133
19519      80   102  2368    98
19520    5384  5387  5435  5386
19521    7459  7462  7482  7461
19522    4121  4024  4123  4120
19523    1330  1323  1374  1324
19524    7207  7244  7205  7235
19525    2483  2496  2556  2485
19526     390   425   456   424
19527    2474  2465  2530  2468
19528    5124  6123  6190  5162
19529    5508  7286  7290  7285
19530     688   614   690   678
19531     115   112   177   113
19532    2387  2326  2322  2386
19533    2310  2301  2384  2305
19534    2582  2589  2543  2587
19535    3689  3702  3704  3690
19536    3081  3036  3071  3067
19537    1109  1085  1115  1087
19538    5578  5567  5580  5571
19539     713   725   726   723
19540    7590  7504  7549  7545
19541    3195  3213  3191  3196
19542    5934  5925  5954  5929
19543    2422  2433  2420  2432
19544    2344  2337  2386  2342
19545    2460  2397  2490  2459
19546    3728  3725  3752  3727
19547     938   989  1007   976
19548    1357  1290  1359  1354
19549    6072  6075  6138  6074
19550    3542  1387  1461  1388
19551    3843  3806  3858  3807
19552    3787  3778  3774  3786
19553    1965  1984  4002  1982
19554    3593  3596  3553  3594
19555    1702  3738  1636  1703
19556    3687  3690  3685  3689
19557    2048  2015  4096  2046
19558    2173  2201  2210  2175
19559    5688  4730  4718  4732
19560     407   404   467   405
19561    3735  2723  3770  3733
19562    4060  4125  4139  4124
19563    3807  3804  3841  3806
19564    3875  3886  3873  3885
19565    3916  3925  3954  3923
19566    5135  5131  5136  5132
19567    1771  1768  1773  1770
19568    4172  4177  4189  4176
19569    2188  4169  2174  2189
19570    2023  2020  2025  2021
19571    3787  3778  3795  3779
19572    3493  3496  3560  3495
19573    2753  2781  2791  2755
19574    6558  6555  6562  6556
19575    2364    80  2370    98
19576    1637  1634  1703  1635
19577    6171  6215  6277  6214
19578    2363  2436  2486  2413
19579    5607  5616  5618  5609
19580    5346  5401  5403  5347
19581    1277   117  1279   147
19582    1154  1175  1177  1172
19583    1578  1575  1586  1576
19584    1321  1288  1365  1291
19585    2300  2313  2381  2312
19586    1551  1554  1611  1553
19587    6195  6216  6208  6200
19588    1522  1519  1524  1520
19589    5916  5937  5953  5917
19590    1746  1759  1761  1747
19591    1381  1453  1457  1382
19592    5650  5639  5641  5643
19593    4345  4356  4358  4352
19594    2275  2250  5382  2273
19595    2221  2254  5355  2253
19596    2028  2005  2042  2023
19597    2998  3111  3113  3013
19598    2222  2219  5323  2220
19599    4375  4396  4438  4377
19600    2253  2218  5354  2221
19601    2251  2238  2261  2246
19602    4362  4341  4416  4360
19603    2244  2253  5356  2249
19604    4253  4258  4284  4254
19605    1972  1939  1980  1970
19606    4922  4903  4924  4915
19607    4129  4032  4131  4128
19608    3881  3928  3930  3882
19609    2164  2157  2125  2159
19610     860   855   986   859
19611    5737  7464  5704  5738
19612    4580  4571  6615  4577
19613    5568  5591  5595  5590
19614    6072  6049  6139  6070
19615    4522  4501  4526  4520
19616    6201  6198  6207  6200
19617    7745  7742  7782  7743
19618    5648  5639  5650  5646
19619    5641  5638  5643  5639
19620    1824   697  1851   699
19621      98  2365  2371  2364
19622    6268  6259  6270  6261
19623    5466  5471  5473  5467
19624    3702  3721  3723  3717
19625    1553   429  1610  1551
19626    7522  7511  7526  7512
19627    5066  5023  5070  5030
19628    1765  1826  1763  1821
19629    1852  1857  1875  1854
19630     795  2936  2943  2935
19631    2181  2207  2213  2205
19632    1155  1188  1190  1156
19633    6164  6153  6166  6163
19634    5514  4551  7309  4557
19635    2902  2895  2931  2901
19636    1664  1659  1791  1663
19637    7428  7425  7432  7426
19638    1991  1988  2069  1989
19639     778  1916  1918  1908
19640    1219  1202  1204  1206
19641    5661  5652  5679  5660
19642     293   273   295   276
19643    1812  1815  1819  1814
19644    3363  3332  3415  3345
19645    5702  5705  5738  5704
19646    6127  6091  6196  6094
19647    6045  6054  6119  6051
19648    3739  3734  3776  3737
19649    1521  1512  1523  1519
19650    1795  1806  1808  1802
19651     646  1820   644   695
19652     692   701   703   693
19653    1599  1592  1601  1594
19654    5322  5327  5329  5323
19655     395  1515   393   397
19656    6050  5085  6115  6044
19657    4520  4523  4527  4522
19658    7783  7786  7781  7785
19659    6327  6324  6405  6325
19660    5954  7634  5932  5955
19661    6785  6774  6789  6775
19662    7473  5738  7537  5762
19663    7715  7696  7766  7697
19664    7567  7495  7500  7496
19665    7436  7433  7440  7434
19666    7157  7176  7166  7164
19667     207   138   209   206
19668    4990  4981  5000  4985
19669    5746  5769  5772  5767
19670    3969  3966  3989  3967
19671    4229  4192  4197  4193
19672     814  1940  1956   820
19673    7696  7737  7734  7736
19674    6786  6728  6790  6739
19675    7278  5500  7282  5501
19676    6129  6124  6196  6127
19677    6694  6703  6744  6696
19678    6409  6406  6419  6407
19679    6309  4408  6357  4409
19680    5945  5977  6066  5947
19681    2444  2433  2446  2437
19682    6395  6422  6424  6418
19683    6728  6815  6804  6803
19684     883   902   916   884
19685    5349  5346  5403  5347
19686    4395  4362  4437  4363
19687    6521  6575  6576  6525
19688    4765  4780  4788  4766
19689    6407  6402  6403  6409
19690    2126  2129  2163  2128
19691    4015  4012  4023  4013
19692    4684  4661  4686  4665
19693    4771  6700  4737  4772
19694    4793  6783  6852  6782
19695    6990  6987  7023  6988
19696    5219  5252  5300  5221
19697    5022  5059  5018  5023
19698    5011  5058  5007  5022
19699    6940  6935  6973  6938
19700    6890  6893  6888  6892
19701    4928  4919  5024  4926
19702    6167  6249  6251  6168
19703    2581  2584  2542  2582
19704    5188  5118  5190  5181
19705    4679  4676  4681  4677
19706    4678  4669  4680  4676
19707     896   841  2980   895
19708    5158  5163  5236  5160
19709    5235  5232  5243  5234
19710    5662  5667  5665  5663
19711    4520  4479  4524  4486
19712    5681  5678  5693  5679
19713    3377  1223  3383  1228
19714    5050  5126  5051  5125
19715    7027  7022  7024  7026
19716    4686  4712  4674  4687
19717     150   211   213   151
19718    4367  4364  4421  4365
19719    1058  1108  1116  1059
19720    5805  5782  5811  5794
19721     967   958  1011   960
19722    1427  1412  1476  1422
19723     854   851   942   852
19724    4257  2238  4281  2241
19725    5615  5600  5619  5601
19726    1148  1187  1189  1155
19727     638   694   636   689
19728     389   384   386   388
19729     646   643   695   644
19730      70    77    68    72
19731    7423  7398  7394  7400
19732    7217  7202  7200  7216
19733    4240  4201  4226  4222
19734    7128  7121  5447  7126
19735    3730  3673  3756  3729
19736     297   300   302   298
19737      10    29    31    28
19738    1992  1997  2119  1993
19739    2538  2541  2586  2540
19740     637   689   635   688
19741    4024  3018  4026  3022
19742     855   906   988   905
19743     960  1009  1011   967
19744     385   374   387   384
19745    5482  5485  5489  5484
19746    2500  2495  2560  2498
19747    3071  3082  3067  3072
19748    2651  2714  2739  2652
19749    6671  6629  6672  6667
19750    2576  2605  2628  2603
19751    4342  4375  4423  4374
19752     193   202   246   199
19753    4898  4901  4905  4900
19754    3889  3934  3936  3890
19755    1273  1253  1339  1255
19756    1318  1287  1362  1288
19757    3490  3487  3540  3488
19758    3846  3791  3826  3820
19759    5624  5599  5628  5622
19760    6094  6089  6157  6092
19761    3610  3615  3644  3613
19762    5416  4453  7102  4455
19763    7221  7206  7204  7220
19764    4767  4728  4775  4764
19765    5640  4677  5642  5638
19766    1299  1290  1359  1297
19767    5241  6202  6204  5247
19768    6166  6214  6276  6211
19769    1129  1132  4393  1131
19770    6765  7495  7497  6767
19771    4204  4235  4200  4205
19772    5333  5330  5395  5331
19773    5447  5426  7121  5446
19774     101   108  2392   103
19775    6763  6819  6821  6814
19776    1183  1196  1186  1184
19777    1117  1126  1109  1125
19778    4649  4634  4653  4635
19779    1836  1825  1838  1833
19780    5106  5113  5115  5111
19781    3792  2778  2786  2794
19782    1152  1163  1165  1159
19783    1994  1997  2077  1996
19784    1778  1751  1780  1755
19785    3740  3737  3777  3738
19786    1386  1391  1466  1388
19787     384   357   359   361
19788    1127  1095  4384  1099
19789    3165  3174  3182  3173
19790    2055  2007  2064  2029
19791      56    51    58    55
19792     321   250   325   320
19793    2797  2817  2783  2798
19794    2780  2771  2792  2772
19795    6315  6312  6365  6313
19796    1064  3162  1050  1065
19797    4725  4699  4695  4702
19798    3009  3014  3016  3010
19799    2798  2805  2826  2803
19800    7213  7204  7223  7205
19801    2418  2421  2416  2420
19802    4627  4624  4631  4625
19803    2128  2133  2165  2132
19804    2780  2771  2767  2779
19805    2417  2426  2339  2424
19806    1770  1827  1773  1771
19807    2535   334  2580   335
19808    7496  7493  7498  7494
19809    3247  3250  3278  3249
19810    6382  6423  6496  6422
19811    4617  4610  4621  4611
19812    3437  3448  3435  3447
19813    3434  3431  3436  3432
19814    7572  7496  7507  7503
19815    7340  7337  7344  7338
19816    4036  3973  4040  4000
19817    5367  5386  5434  5369
19818     860   857   950   858
19819    5683  5676  5689  5677
19820     884   907   921   885
19821     290   285   329   289
19822    3656  3686  3654  3685
19823    3607  3641  3603  3608
19824    3804  3833  3790  3805
19825    3914  3947  3952  3934
19826    3962  3965  3981  3964
19827    3913  3934  3938  3933
19828    4078  4089  4074  4079
19829    3872  3869  3874  3870
19830    3971  4000  4010  3973
19831    2954   817  2970   818
19832    4090  4061  4146  4083
19833    3873  3886  3876  3874
19834    1232  1225  3397  1230
19835    6685  6676  6689  6683
19836    2955  2962  2982  2961
19837    1447  1377  1451  1446
19838     130   123   188   125
19839    6212  5255  6274  6210
19840    1466  3546  1391  1467
19841    3799  3806  3840  3804
19842    4722  4717  4732  4718
19843    5132  6955  6956  5135
19844    1743  1754  1756  1750
19845    1675  1658  1734  1668
19846    1512  1501  1514  1511
19847    1205  1241  1203  1206
19848     294   291   296   293
19849    6548  6533  6552  6534
19850    1853  1860  1874  1859
19851    1325  1328  1372  1327
19852      13     8    15    12
19853    4206  2175  2210  2201
19854    2067  1988  2073  2066
19855    2459  2396  2487  2458
19856    1831  1828  1856  1830
19857    1786  1769  1788  1771
19858    3874  3869  3871  3873
19859    1331  1326  1375  1329
19860    4557  4550  6568  4556
19861    4293  4254  4308  4291
19862    1669  1660  1792  1664
19863    3916  3913  3938  3915
19864    1986  1991  2115  1987
19865    3947  3890  3949  3934
19866    4353  5318  5320  5314
19867    5451  5430  7127  5450
19868    6519  6522  6526  6521
19869    4069  4064  4052  4068
19870    7166  7177  7164  7176
19871    2854  2857  2824  2855
19872    5995  6014  6012  6010
19873    5388  5391  5439  5390
19874    7629  6883  7639  7627
19875    5052  5131  5053  5126
19876    5019  5016  5021  5017
19877    7745  7801  7803  7759
19878     896   893  3056   894
19879    5988  5991  5986  5990
19880    2901  2894  2928  2900
19881    5989  5998  5987  5991
19882    1764  1821  1762  1820
19883    3970  3961  3990  3964
19884     117  1277    78   147
19885    1235  1199  1278  1200
19886    1240  1200  1281  1205
19887    1424  1421  1426  1423
19888    1513  1516  1511  1515
19889    6058  6001  6062  6016
19890    6048  6043  6113  6046
19891    1247  1224  3396  1246
19892     293   369   371   294
19893    7201  7212  7222  7209
19894    7427  7410  7431  7425
19895    7809  6225  7826  6244
19896    2249  2254  5357  2250
19897    2311  2306  2385  2310
19898    4340  4343  4413  4342
19899    4397  4406  4450  4403
19900    3967  3960  3987  3961
19901    6643  6646  6650  6645
19902    3314  3309  3386  3313
19903    7507  7573  7503  7508
19904    4858  4851  4880  4856
19905    7647  7652  7650  7648
19906    4248  4255  4283  4250
19907    5565  5562  7384  5564
19908    7633  5949  7647  5954
19909    5849  5820  5860  5824
19910    5089  5086  5152  5087
19911    6821  6763  6831  6770
19912    3252  3247  3278  3251
19913    5504  5515  7310  5505
19914    6541  6556  6560  6555
19915    7434  7403  7438  7404
19916    7127  7148  5451  7129
19917    4343  4394  4436  4375
19918    4462  4457  6376  4459
19919    7466  7477  7537  7468
19920    7157  7152  7159  7156
19921    3402  3451  3505  3444
19922    6465  6382  6500  6464
19923    6700  4737  4772  4738
19924    5005  5018  4897  5016
19925    2649  2690  2733  2667
19926    7789  5265  7818  6220
19927    4364  4419  4421  4365
19928    4779  4782  4788  4780
19929    4832  4854  4872  4850
19930    4789  4853  4781  4852
19931    5026  5017  5028  5024
19932    4851  4860  4876  4856
19933    2766  2822  2820  2799
19934    5935  5930  5955  5934
19935    5552  4581  7371  4583
19936    1082  1134  4387  1133
19937    5686  5689  5676  5687
19938    3313  2307  3385  2311
19939     851   940   946   852
19940    2138  2097  2154  2112
19941     620   615   622   619
19942     394   385   396   392
19943    5129  5125  5130  5126
19944     116    72   146    77
19945    6156  6179  6181  6175
19946    4609  4586  4613  4587
19947    5314  1081  1083  4353
19948    7067  5376  7105  5377
19949    3444  3439  3446  3443
19950    3355  2343  3387  3353
19951     394   397   392   396
19952    7396  7393  7400  7394
19953    5058  5011  5062  5022
19954    5917  5934  5954  5929
19955    5323  5342  5344  5338
19956    5089  6938  6975  6935
19957    5874  5919  5921  5918
19958    3362  3359  3392  3360
19959     190   193   237   192
19960    7522  7531  7535  7524
19961    5014  5125  5015  5096
19962    1079  4352  1077  4345
19963     958   967   956   960
19964     730   735   753   732
19965     839   842  2976   840
19966    3479  3482  3532  3481
19967    3831  3784  3799  3785
19968    5322  2216  2218  5315
19969    2797  2800  2821  2798
19970    3061  3084  3132  3062
19971    2596  2630  2592  2601
19972    2673  2682  2671  2675
19973    3013  3112  3114  3014
19974    3062  3123  3135  3116
19975    3882  3933  3935  3889
19976    2959  2966  2986  2965
19977    2629  2626  2603  2627
19978    1500  1495  1502  1499
19979    7510  7517  7611  7512
19980    1046  1061  1069  1047
19981    2455  2452  2507  2453
19982    1411  1414  1471  1413
19983    3092  3063  3138  3091
19984     368   276   370   353
19985     777   786   788   778
19986    4014  3006  4022  4012
19987    5369  5388  5436  5375
19988    6792  6795  6799  6794
19989    6780  6773  6853  6778
19990    1910  1933  1949  1932
19991    5374  5377  5421  5376
19992    6094  6128  6197  6127
19993    6205  6216  6195  6213
19994    6375  6372  4468  6373
19995    1123  1126  4391  1125
19996    5088  6935  6970  6934
19997    1237  1244  1307  1239
19998    6993  6988  7030  6991
19999    7294  7303  7307  7296
20000    4401  5370  5412  4407
20001    4673  4668  4670  4672
20002    4967  5936  5952  5916
20003     224   170   225   172
20004     900   849   984   850
20005     397  1591  1517  1515
20006     572   561   574   562
20007     279   284   323   280
20008    3077  3066  3054  3070
20009    3171  3176  3188  3175
20010    3443  2441  3445  2445
20011    2630  2592  2601  2597
20012      82   102  2388    84
20013     107  1226  3393   109
20014    1420  1415  1455  1419
20015     476   468   477   473
20016    4562  4565  6600  4563
20017     530   623   625   535
20018    2671  2640  2673  2670
20019    4593  4602  4606  4595
20020    5582  5587  5589  5583
20021    3196  3218  3220  3213
20022     263  1387  1460   265
20023     890   835  2974   889
20024    3354  3361  3391  3356
20025    7500  7572  7574  7567
20026    3910  3933  3937  3928
20027     508   511   582   510
20028    2304  2289  2366  2302
20029    2772  2785  2768  2777
20030    1191  1180  1193  1184
20031    5642  5655  5657  5643
20032    3405  3318  3407  3378
20033    6547  6514  6551  6533
20034    1507  1496  1509  1500
20035    5374  5365  5418  5368
20036    4053  4050  2034  4051
20037    5824  5783  5838  5784
20038    5469  5466  5473  5467
20039    5557  5632  7417  5564
20040    5339  2223  2226  5338
20041    5721  5703  5762  5719
20042    1823  1830  1821  1825
20043    6937  6934  6968  6935
20044    1822  1825  1820  1824
20045    5364  5371  5413  5370
20046    1392  1389  1467  1390
20047    1523  1512  1514  1516
20048    1507  1520  1510  1508
20049     697  1824   695   699
20050    5262  5265  5313  5264
20051    6051  6056  6121  6053
20052     858  1990  2068   860
20053    5814  5821  5843  5816
20054    1414  1409  1449  1413
20055    1525  1516  1597  1523
20056    7499  7524  7528  7500
20057    1762   642  1764   644
20058    2182  2232  2240  2183
20059    7671  7682  7684  7678
20060    6900  6889  6891  6893
20061    4568  4519  6603  4561
20062    6409  6426  6407  6419
20063    5519  5540  7335  5538
20064    1273  1245  1337  1268
20065     776   811   827   808
20066    4640  4643  4645  4642
20067    6325  6314  6403  6315
20068    4719  4695  4725  4713
20069    6778  6781  6854  6780
20070     697  1824  1851  1822
20071    6095  6092  6158  6093
20072    6901  7670  7672  7643
20073    4815  4820  4822  4816
20074    4409  4406  4453  4407
20075    7092  7087  7162  7090
20076    3166  3175  3187  3174
20077    6662  7433  7437  6684
20078    4361  4418  4420  4364
20079    6330  6325  6412  6328
20080    6474  6457  6455  6471
20081    4857  5815  5841  4859
20082    7532  7529  7536  7530
20083    4968  4973  4993  4969
20084    5174  5200  5276  5196
20085    7032  7023  7034  7030
20086    6898  6889  6900  6896
20087    5058  4946  5064  5041
20088    2365  2302  2367  2364
20089    5112  5036  5038  5111
20090    2026  1987  2120  1992
20091    5090  5093  5156  5092
20092    6877  4970  4993  4971
20093    5884  4923  5880  5886
20094    4811  4824  4830  4812
20095    4489  4484  4491  4488
20096    4270  4204  4274  4269
20097    5240  5233  5246  5235
20098    7651  7640  7642  7644
20099    2244  2251  5360  2246
20100    6771  7523  7527  7499
20101    4583  5608  7385  5552
20102    7778  7795  7797  7785
20103    3927  2897  3931  3909
20104    4611  4640  4644  4617
20105    4062  4091  4147  4063
20106    4345  1076  1078  4344
20107    5319  5314  5321  5318
20108    2129  2142  2195  2133
20109    2827  3836  2806  2829
20110     691   698   689   693
20111    5283  5206  5285  5282
20112     113   120   180   115
20113    1758  1763  1761  1759
20114    2218  2215  5315  2216
20115    1288  1285  1352  1286
20116    2217  1081  5314  2215
20117    3968  4013  4021  4012
20118    2293  2314  2318  2295
20119    2539  3543  3585  2541
20120    5448  4473  7122  4475
20121    5158  5119  5231  5120
20122    4251  1122  4275  2237
20123    3187  3180  3166  3182
20124     250   253   337   252
20125    1014  1038   978  1036
20126    4504  4478  4505  4500
20127    7452  7449  7456  7450
20128    5538  5513  7333  5519
20129    7463  5734  7487  5737
20130    6704  6701  6745  6702
20131    1153  1172  1174  1171
20132     139   152   212   141
20133     456   388   390   455
20134    1934  1941  1957  1940
20135    1148  1143  1150  1147
20136    4036  4039  4043  4038
20137    3555  3550  3595  3553
20138    6787  6762  6791  6786
20139    7643  7671  7673  7644
20140    3491  3404  3517  3474
20141    2868  2859  2878  2866
20142    2864  2855  2866  2862
20143    4627  4648  4652  4641
20144    2828  2800  2836  2805
20145    3196  3269  3273  3203
20146    2641  2678  2639  2671
20147    6070  6073  6137  6072
20148    3119  3014  3121  3112
20149    2875  2870  2877  2874
20150    2416  2421  2419  2417
20151    1698  1683  1700  1688
20152     793   796   803   795
20153     576  2722   507   581
20154    7153  7164  7166  7160
20155    4176  4167  4188  4172
20156    6819  6763  6821  6770
20157    1989  1996  2076  1991
20158    3745  1703  3811  1732
20159     286  1446  1448   327
20160    5743  4784  5749  4786
20161    1531  1504  1533  1508
20162    6317  7072  7112  6319
20163    4485  4494  4498  4487
20164     410   400   411   402
20165    1747  1742  1749  1746
20166    7064  7071  7111  7070
20167    3972  3967  3992  3970
20168    4723  4726  4713  4724
20169    3436  3463  3461  3459
20170    3459  3432  3434  3436
20171    3705  3694  3707  3698
20172    5507  5532  5536  5509
20173    7809  7786  7811  7796
20174    4197  4234  4193  4204
20175     519   615   617   529
20176    5469  5522  5526  5491
20177    5479  5474  5481  5478
20178    6746  6749  6703  6747
20179    4993  6882  4971  4998
20180    6763  6819  6759  6770
20181    5028  5017  5019  5021
20182    5083  6044  6109  5085
20183    6770  6820  6766  6771
20184     976   991  1036   978
20185    4780  4785  4791  4783
20186    4980  4935  4996  4944
20187    2859  2868  2857  2866
20188    1346  1343  1398  1344
20189     671   662   675   669
20190    1986  2021  2117  2020
20191     281   292   347   282
20192    4352  1079  4358  4345
20193     335  2538   261   340
20194    2603  2606  2629  2604
20195    1584  1575  1586  1583
20196     768   765   772   766
20197    6418  6423  6425  6419
20198     886  2012  2032   898
20199    5793  5778  5799  5786
20200    1061  2178  2186  2176
20201    2707  2720  2769  2709
20202    6009  6096  6020  6007
20203    5900  5873  5902  5877
20204     265   262   341   263
20205    3324  3357  3391  3352
20206    2451   172  2503   173
20207    2724  2719  2775  2722
20208    2798  2818  2784  2803
20209     572   504   574   571
20210     201   198   245   199
20211    1065  3167  1051  1068
20212    7410  7395  7414  7396
20213     895   888  3055   893
20214    3006  2967  3018  2968
20215    1727  1635  1730  1699
20216     809   790   825   807
20217    2990  3003  3011  2992
20218    7500  7572  7496  7507
20219    3196  3218  3192  3203
20220    2423  2440  2421  2433
20221    2473  2470  2529  2471
20222    2683  2678  2680  2682
20223    2399  3443  3501  2445
20224    4402  4377  4444  4396
20225    2602  3634  2598  3601
20226    3602  3597  3635  3601
20227    2601  2631  2597  2602
20228    4746  4757  4759  4754
20229    3433  3424  3435  3431
20230    3686  3656  3688  3685
20231    7499  7567  7495  7500
20232    3815  3775  3813  3809
20233    3602  3640  3598  3607
20234    5425  5416  7119  5424
20235    2989  2992  2996  2991
20236    1697  3737  1633  1702
20237    3687  3678  3689  3685
20238     532  1661  1708   534
20239    6464  6349  6499  6443
20240    2867  3877  3867  3865
20241     124    92   184    95
20242    6621  6631  6632  6625
20243    2994  3013  3015  3009
20244    4071  4088  4067  4078
20245    4247  4250  4278  4249
20246    7356  7353  7360  7354
20247    1581  1588  1639  1587
20248    2185  4168  2171  2188
20249    3256  4259  4263  3268
20250    3587  3590  3549  3588
20251    2719   575  2770   576
20252    3401  3444  3502  3443
20253    1191  1180  1187  1193
20254    3737  1697  3776  1702
20255     821   816   839   819
20256    7695  7714  7765  7713
20257     282   297   350   287
20258    6792  6775  6796  6780
20259    1383  1378  1468  1381
20260     172  2502  2503   224
20261    1291  1286  1355  1289
20262     735   744   756   743
20263    5691  5729  5737  5696
20264    5482  4495  5486  5460
20265      21  1179  1181  1147
20266    2806  2803  2827  2805
20267    2158  1043   996  1045
20268    1935  1932  1951  1933
20269    2238  2251  2230  2246
20270    2711  2650  2734  2710
20271    3549  3552  3590  3551
20272    2071  2066  2073  2070
20273    1795  1804  1808  1797
20274    1973  1970  1981  1971
20275    2610  2607  2635  2609
20276    4783  4766  4791  4780
20277    4152  4129  4154  4133
20278    2263  2266  2270  2264
20279    5053  5086  5149  5055
20280    2339  2336  2383  2337
20281    1511   383  1513   393
20282    6313  6306  6363  6307
20283    1631  1698  1700  1634
20284    1798  1860  1862  1799
20285    3262  3259  3266  3260
20286    2699  2694  2701  2698
20287    6316  6307  6366  6310
20288    2871  2858  2860  2870
20289    3120  4124  4126  4120
20290    5545  5554  7373  5548
20291    5447  5452  7128  5450
20292    7159  7176  7157  7169
20293    5734  7463  5701  5737
20294     959   932   934   936
20295     995  1000  1045   999
20296    1796   670  1800  1794
20297    4585  4596  4598  4592
20298    6082  6085  6087  6083
20299    5368  5375  5419  5374
20300    5586  5575  5588  5579
20301    5203  6167  6250  6163
20302    2779  2751  2791  2771
20303    1325   197  1369  1319
20304     251   256   342   253
20305    1517  1592  1515  1591
20306     399  1591   397   462
20307    5625  5622  5629  5623
20308    2221  2216  5322  2219
20309    5657  5678  5645  5660
20310    6008  6047  6112  6046
20311    6763  6794  6798  6770
20312    6088  6148  6150  6089
20313    6249  6260  6258  6256
20314    5930  5933  5955  5932
20315    5993  6030  5989  6000
20316     376   294   378   369
20317    2006  2019  2039  2018
20318     398   462   396   461
20319    3392  3335  3331  3391
20320     154   157   217   156
20321    1511  1516  1514  1512
20322    1684   524  1704  1655
20323    3772  3781  3793  3780
20324    4984  4946  5074  4982
20325    7471  7462  7491  7467
20326    7776  7785  7774  7778
20327    2454  2457  2509  2456
20328    5869  5864  5871  5868
20329    4575  5550  7369  5544
20330    5949  7633  5927  5954
20331    4582  4651  6644  4583
20332    7520  7515  7612  7519
20333    6771  7566  6767  7499
20334    6549  6520  6553  6547
20335    2227  1063  2235  1112
20336    6223  6244  6294  6225
20337    7402  7387  7406  7388
20338    5944  6031  6037  5945
20339    7558  7518  7562  7553
20340    7457  4742  5733  5700
20341    5446  5449  7123  5447
20342    3197  3200  3202  3199
20343    5779  4812  5787  5777
20344    5092  5087  5155  5090
20345    3733  3736  3771  3735
20346    5590  4603  5594  5568
20347    6411  7156  7158  7152
20348    7401  6646  7405  7387
20349    7472  7467  7492  7468
20350    6986  6944  6984  6945
20351    4732  4729  4717  4731
20352    6319  7086  7152  6329
20353    5453  5450  7129  5452
20354    7172  6427  7174  6431
20355    7220  7203  7201  7217
20356    6897  7643  7641  7639
20357    6661  6684  6688  6683
20358    4772  6705  4738  4775
20359    6463  6454  6473  6455
20360    5456  5451  7148  5453
20361    6160  6155  6156  6162
20362    5892  5881  5894  5885
20363    5082  5085  5148  5084
20364    4856  4861  4877  4857
20365    6023  5992  6027  5993
20366    4456  4431  6370  4433
20367    4853  4789  4863  4852
20368    6307  6304  6351  6305
20369    4592  4597  4599  4593
20370    3995  1974  4003  1975
20371    7337  6558  7341  7295
20372    3909  3928  3932  3927
20373     900   907   909   902
20374    5365  5362  5407  5363
20375    4690  4675  4715  4687
20376    5676  4716  5686  5674
20377    1228  3378  3384  3377
20378     902   899   904   900
20379    1083  1080  4353  1081
20380     672   669   676   670
20381     398   389   461   396
20382     820   813   838   814
20383    5986  5991  5989  5987
20384      63    52    65    56
20385    3621  3594  3554  3596
20386    2084   964  2086  2082
20387    4625  4634  4638  4627
20388    4073  4108  4059  4104
20389    6943  6950  7003  6949
20390    5752  5821  5744  5816
20391    7634  5954  7648  5955
20392    3886  3905  3907  3901
20393    4531  5498  5502  4545
20394     287   290   349   289
20395       8    11    31    10
20396     140   167   219   166
20397      16    19    35    18
20398    7649  7640  7651  7647
20399    2008  2011  4049  2010
20400    2771  2780  2767  2772
20401    3832  3785  3804  3790
20402    4529  5484  5488  4531
20403    2916  2892  2920  2893
20404     473   478   479   476
20405    5885  5880  5887  5884
20406    3569  3548  3619  3567
20407    2686  2659  2688  2663
20408    3476  3481  3531  3478
20409     198   169   242   192
20410    2048  1967  4006  2017
20411    6704  6713  6754  6712
20412    5544  5551  7370  5545
20413    2092  2083  2094  2090
20414    6088  6091  6150  6090
20415      52    12    54    51
20416    6328  6331  6413  6330
20417    5157  5160  5231  5159
20418    7302  7287  7306  7288
20419    1545   421  1561  1543
20420    7679  7702  7704  7698
20421    6214  6217  6279  6216
20422    3877  3882  3884  3878
20423    7279  7294  7298  7293
20424    4089  4074  4079  4075
20425    7068  7063  7104  7066
20426    6983  6986  6985  6944
20427    6711  6696  6748  6703
20428    7566  6767  7499  7495
20429    7130  7211  7257  7131
20430    4555  4552  6566  4554
20431    4000  4037  4041  4036
20432      72   116    70    77
20433    2312  2315  2319  2314
20434    1683  1680  1717  1681
20435    1125  1093  1101  1097
20436    1555  1518  1597  1525
20437     708   711   712   710
20438    1989  2074  2080  1994
20439    5250  5176  5298  5198
20440    2695  2682  2697  2694
20441    2543  2536  2582  2537
20442    4537  4522  4541  4523
20443    3267  3270  3274  3269
20444    2126  2089  2150  2096
20445     416   419   435   418
20446    3072  3089  3068  3079
20447     515   529   657   525
20448    2426  2417  2428  2424
20449    2475  2468  2531  2469
20450    2088  2123  2147  2122
20451    2723   510   582   511
20452    1262  1231  3417  1260
20453    3437  3428  3447  3435
20454    6779  7513  7605  7509
20455    7161  7188  7190  7184
20456    5748  5745  5754  5747
20457    3842  3801  3857  3806
20458     283   267   322   271
20459     968  2144  2146  2086
20460    3773  3786  3769  3778
20461    5780  5777  5788  5778
20462    3656  3649  3685  3654
20463    2249  2252  5361  2251
20464    7733  7694  7731  7695
20465    3799  3832  3785  3804
20466     506   481   575   504
20467    2875  2921  2923  2882
20468    1413   288  1470  1411
20469    3864  3873  3862  3866
20470    3868  3885  3866  3878
20471    4028  4033  4035  4029
20472    2327  3387  2323  3327
20473    4197  4236  4320  4231
20474    4257  4248  4283  4252
20475    4267  4270  4274  4269
20476    5931  5968  5980  5933
20477    2896  2899  2926  2897
20478    1519  1500  1502  1512
20479    3253  3258  3284  3254
20480    7678  7644  7680  7671
20481    1461  3545  1388  1466
20482    3733   511  1696  1632
20483     143   110   145   142
20484     436   407   486   426
20485    1323  1318  1367  1321
20486    5492  5483  5496  5490
20487    1205  1196  1198  1200
20488     820  1942  1958   822
20489    1828  1831  1826  1830
20490    4582  4577  6617  4579
20491     699  1832  1834  1824
20492    3182  3179  3165  3181
20493    4956  4885  4958  4900
20494     962   993  1011   990
20495     694   638   696   689
20496    1941  1946  1964  1943
20497    7288  7325  7329  7302
20498    7287  7278  7289  7285
20499    7160  7165  7167  7161
20500    5440  5421  7138  5423
20501    3369  2309  3371  2373
20502    4564  4567  6602  4565
20503     770   765   772   769
20504    5122  6090  6149  5124
20505    5653  5672  5649  5661
20506    7781  7786  7784  7782
20507    6200  6193  6206  6195
20508    7744  7739  7781  7742
20509    1192  1187  1194  1191
20510    3360  3367  3415  3362
20511     298  1423  1425  1421
20512    6770  6795  6799  6771
20513    6523  6513  6524  6519
20514    2550  2456  2551  2482
20515    4734  5725  5733  5690
20516    5987  5998  5996  5994
20517     859   852   949   857
20518    3089  3072  3093  3079
20519    2148  2087  2150  2145
20520    4602  4633  4637  4632
20521    1547  1550  1570  1549
20522    7805  7784  7807  7786
20523     560   567   597   562
20524    1088  1029  1090  1033
20525    7687  7692  7724  7689
20526    5197  5206  5284  5202
20527    7434  7443  7447  7436
20528     440   417   442   433
20529    6652  6661  6665  6654
20530    5122  6147  6149  6088
20531    7674  6927  7676  6931
20532    5338  5343  5345  5339
20533    2960  3966  3986  2966
20534    6659  6638  6663  6645
20535    6467  6458  6477  6459
20536    5197  5186  5199  5196
20537    6385  7210  7256  7130
20538    5133  5126  5134  5131
20539    1968  1915  1976  1926
20540    4488  4477  4490  4481
20541    7120  7123  5446  7122
20542    4572  4575  6610  4573
20543    6431  6426  6433  6430
20544     801   791   802   793
20545    7732  6945  7730  7694
20546    2718   483   575   506
20547    5744  5741  5750  5743
20548    5373  7066  7104  7063
20549    4712  4717  4729  4714
20550    2898  2903  2932  2899
20551    6539  4539  6543  4546
20552    5392  4365  5394  4419
20553    5067  4988  5073  5066
20554    6927  6900  6929  6926
20555    4810  4860  4874  4855
20556    5025  4926  4928  5024
20557    4574  4569  6609  4571
20558    7790  7777  7792  7789
20559    4405  4402  4447  4403
20560    5245  5256  5235  5253
20561    6532  4538  6536  4539
20562    2228  2178  2236  2227
20563     849   854   982   850
20564    6918  6923  6925  6919
20565    5623  5584  5627  5585
20566    5551  5556  7375  5554
20567    3448  3437  3450  3447
20568    4463  4460  6377  4462
20569    5138  5159  5230  5140
20570    4340  4412  4413  4410
20571    1993  2053  2136  2027
20572     966   963   968   964
20573    2472  2455  2528  2470
20574    7035  7789  7791  7777
20575     192   167   236   190
20576     631   604   633   608
20577     264   259   340   262
20578    3447  3428  3430  3440
20579     107  1246  3395  1224
20580     536  1742  1744  1663
20581    1417  1420  1475  1419
20582    4570  4561  6605  4563
20583    2287  2312  2380  2293
20584    2865  2862  2867  2863
20585    2511  2536  2579  2513
20586    2829  2805  2837  2806
20587    3681  2679  2681  2683
20588    2681  2678  2683  2679
20589    2647  2644  2679  2645
20590    5687  5694  5677  5692
20591    3498  3495  3562  3496
20592    3270  3203  3274  3269
20593    1657  1668  1711  1658
20594     154   215   217   155
20595    4529  4494  4533  4495
20596    3168  1054  1069  1055
20597    1960  2011  3979  1961
20598     581  2723   510   582
20599    2457  2494  2554  2483
20600    3510  3515  3579  3512
20601    7483  7486  7461  7484
20602    1770  1761  1772  1763
20603    6637  6620  6641  6635
20604    4642  4567  6635  4619
20605    5506  5485  5510  5492
20606    5701  5698  5734  5699
20607    6096  6100  6102  6097
20608    5813  5818  5836  5814
20609    5609  5606  5611  5607
20610    5675  5656  5687  5657
20611    4648  4651  4653  4650
20612    4511  4508  4514  4509
20613    7697  7755  7769  7710
20614     534   523   590   533
20615    6994  6991  7031  6992
20616    3203  3219  3221  3218
20617    2323  3351  3387  2341
20618    1118  1131  1110  1126
20619     692   680   729   682
20620    6297  6306  6350  6299
20621    5700  4740  5733  5698
20622    5201  5196  5277  5200
20623     693   704   706   698
20624    2639  2678  2646  2644
20625     340  2539   264   341
20626    2942  2939  2952  2940
20627    7512  7529  7533  7522
20628     737   654   739   715
20629    4083  4060  4141  4082
20630    3172  3169  3184  3170
20631     140   218   219   208
20632    5470  5459  5472  5463
20633    2675  2672  2677  2674
20634    2309  3313  3371  2311
20635      51     5    53    37
20636     893   898   920   894
20637    4081  4090  4094  4083
20638    2321  2306  2385  2307
20639    4963  4908  4965  4909
20640    6426  6409  6428  6419
20641    3911  3918  3940  3912
20642    3203  3219  3199  3204
20643    6373  6380  4469  6375
20644    7083  7080  7141  7081
20645    5865  5874  5878  5867
20646    7214  7209  7230  7212
20647    5768  5759  5771  5767
20648    4167  4164  4179  4165
20649    3483  2469  3533  3477
20650    1412  1419  1474  1414
20651    6548  6557  6561  6550
20652    1851  1854  1872  1853
20653    2004  2013  2033  2012
20654    1893  1807  1895  1866
20655     732   743   755   738
20656    2006  2029  2043  2007
20657    7648  7664  7638  7662
20658    4188  4181  4167  4183
20659    5650  5659  5661  5651
20660    7734  7695  7736  7731
20661    2963  3002  3010  3001
20662    1658  1724  1734  1691
20663    4786  4783  4792  4785
20664    2085  2082  2087  2083
20665    5992  6023  5988  5993
20666    7319  7326  7330  7325
20667    1056  1059  1067  1057
20668     327   254   331   326
20669     195   156   239   157
20670    6082  6003  6005  6077
20671    6764  6767  6769  6766
20672    6430  6419  6432  6423
20673    2699  2652  2740  2653
20674    3786  3769  3778  3774
20675    5213  5252  5244  5234
20676    6416  6427  6414  6426
20677    2955  2936  2969  2953
20678    2953   796  2969   817
20679    2544  2515  2583  2542
20680    4563  4576  6611  4570
20681    1222  1227  3374  1223
20682     834   841  2975   839
20683     727   718   728   719
20684    6541  6532  6543  6539
20685    4547  4544  4551  4545
20686    4461  5426  7118  5424
20687    6794  6785  6798  6792
20688    6773  6782  6853  6778
20689    4785  4859  4794  4786
20690    7033  7030  7035  7031
20691    4538  4509  4542  4536
20692    5023  5066  5019  5030
20693    7030  6988  6990  7023
20694    6899  6896  6901  6897
20695    4770  5741  5749  5727
20696    4790  4858  4782  4853
20697    5240  5257  5249  5241
20698    4476  4481  4483  4477
20699    3637  3644  3610  3639
20700    6022  4989  6028  5067
20701    7080  7067  7134  7078
20702    5240  5247  5238  5241
20703    5247  5238  5241  5239
20704    4463  5446  7120  5426
20705    4643  4578  6636  4642
20706    4573  5544  7363  5542
20707    2020   856  2116  1986
20708    6077  6002  6004  6076
20709    5192  5181  5194  5185
20710    2123  2128  2162  2125
20711    6210  5205  6272  6165
20712    3162  1064  3178  1065
20713    1054  1049  1068  1052
20714    4537  4546  4550  4539
20715    5601  5630  5634  5615
20716    7081  7078  7135  7079
20717    6599  4562  6600  6597
20718    4401  4398  4443  4399
20719    7277  7280  7282  7279
20720    5331  5396  5398  5334
20721    7071  7076  7116  7073
20722    5751  5816  5743  5815
20723    5867  5864  5871  5865
20724    5783  5778  5795  5781
20725    6905  6922  6924  6918
20726    7072  7087  7153  7086
20727    2786  2777  2773  2785
20728    4592  4595  4599  4594
20729    1943  1940  1959  1941
20730    1151  1154  1174  1153
20731      77   117    75    78
20732    7641  7644  7639  7643
20733    4901  4962  4964  4957
20734    2177  2160  2185  2176
20735    2022   906  2024  2020
20736    5121  5124  5191  5123
20737    3729  3672  3755  3726
20738     959  1006  1008   960
20739    1048  1051  1065  1050
20740    5519  5512  7314  5518
20741     508   578   580   509
20742    2476  2499  2559  2498
20743    2869  2866  2879  2867
20744    5877  5872  5879  5876
20745    4685  4672  4687  4684
20746    3705  3672  3755  3673
20747     836   833  2970   835
20748    2547  3551  3589  2549
20749    3641  3603  3608  3604
20750    3343  3316  3413  3337
20751    1691  1686  1713  1690
20752    3642  3645  3613  3644
20753    1655  1662  1705  1656
20754    3671  3726  3750  3672
20755    3681  3694  3696  3682
20756     811   814   830   813
20757    3800  3856  3837  3801
20758    5557  5554  7376  5556
20759    5576  5599  5603  5598
20760    5757  5697  5762  5730
20761    5417  5414  7103  5416
20762    4543  4556  6567  4550
20763    4611  4608  4615  4609
20764    5730  5696  5738  5729
20765    6126  6123  6191  6124
20766    7031  7777  7775  7773
20767    6204  6213  6194  6212
20768    2476  2471  2532  2474
20769    2472  2495  2555  2494
20770    1114  1111  1120  1113
20771    1322  1291  1366  1292
20772    4998  6883  4976  4999
20773     731   709   749   729
20774    4980  4985  4995  4981
20775    1865  1799  1867  1860
20776     577   562   579   567
20777    5490  5493  5497  5492
20778    5287  5284  5289  5286
20779    4260  4269  4273  4262
20780     568   565   598   566
20781    2086  2145  2147  2087
20782    3017  3022  3024  3018
20783     785   774   787   782
20784    1661   524  1704   534
20785    3513  3516  3580  3515
20786    1410  1419  1454  1415
20787    4458  4469  6373  4459
20788    2816  2758  2797  2783
20789    2401  2420  2418  2416
20790    3473  3402  3505  3472
20791    1231  1270  3419  1260
20792     110    47    71    69
20793     711   737   751   715
20794    3674  3741  3762  3675
20795    3541   265  1460  1387
20796    2793  2772  2780  2792
20797     377   299   379   376
20798    1684   566  1706   570
20799    1831  1847  1849  1844
20800    1068  3168  1054  1069
20801    6572  6581  6585  6574
20802    1117  3252  3276  3251
20803     807   810   826   809
20804    3267  3250  3271  3255
20805    3079  3090  3075  3080
20806     251   326   330   254
20807    2916  2874  2918  2915
20808    2866  2869  2864  2867
20809    6070  6047  6135  6068
20810    2398  2445  2491  2444
20811    2430  2441  2428  2440
20812    3057  3060   919  3059
20813    1407  1390  1487  1405
20814    3474  3403  3506  3473
20815    1223  1232  3381  1228
20816    3426  3423  3428  3424
20817    3836  3856  3800  3855
20818    1544  1549  1569  1546
20819    1439  1418  1493  1428
20820    3726  3731  3757  3729
20821    2541  3549  3587  2547
20822    6224  7796  7823  7795
20823    4114  4089  4118  4112
20824    4132  4061  4144  4062
20825    1758   628  1760   640
20826    2014  2017  4055  2016
20827    4800  4819  4821  4815
20828    2184  4163  2170  2185
20829    1959  1966  3980  1964
20830    1559  1564  1566  1560
20831    1515  1592  1518  1516
20832    5054  5132  5055  5131
20833    7045  7034  7047  7044
20834    6534  6555  6559  6548
20835    3436  3431  3433  3435
20836     199   192   243   193
20837    2231  2234  2240  2232
20838    3963  1946  3981  1947
20839    4332  4337  4338  4333
20840    1961  2016  3984  1966
20841    1826  1765  1828  1821
20842    2237  2246  2229  2245
20843    4258  2241  4282  2242
20844    5417  5428  7124  5422
20845    4561  4518  6596  4560
20846    6379  7122  4473  6381
20847    5725  5728  5736  5726
20848    4169  2174  2189  2175
20849    4970  4937  4992  4968
20850    1111  1059  1119  1108
20851    1385  1388  1461  1387
20852    4256  4253  4284  4254
20853    4247  4252  4278  4248
20854    2892  2895  2920  2893
20855    3885  3868  3887  3878
20856    2156  2159  2124  2157
20857    3611  2608  3638  2610
20858    5336  5331  5398  5334
20859    7397  7400  7393  7398
20860    4910  4899  4912  4903
20861    2951  2939  2952  2941
20862    4768  4733  4776  4767
20863    7741  7738  7774  7739
20864    3198  4192  4194  3200
20865    5656  5675  5644  5657
20866    7293  7296  7300  7295
20867    5677  5684  5694  5683
20868    6023  5938  6029  6022
20869     138   208   209   206
20870     253   262   338   259
20871    5658  5643  5660  5655
20872    5071  6028  5067  6026
20873    7523  6793  7527  7521
20874    2016  2009  4054  2014
20875     464   461   466   463
20876     799   789   800   791
20877    7776  7773  7778  7774
20878    1057  1040  1065  1056
20879    5803  5782  5807  5801
20880    2437  2396  2487  2397
20881    4681  5654  5656  5642
20882    7517  7530  7534  7529
20883    7678  7683  7685  7679
20884    7458  5700  5734  5701
20885    4530  4545  4549  4544
20886    1894  1889  1892  1890
20887    7690  7693  7725  7692
20888    4579  4650  6643  4582
20889     197   194   241   195
20890      19  1167  1169    33
20891    5423  5442  7144  5440
20892    3401  3472  3502  3402
20893    5536  5539  7334  5537
20894    1942  3959  3975  3958
20895    5592  4633  5596  5590
20896    6468  6383  6505  6465
20897    7288  7285  7290  7286
20898    6471  6476  6455  6474
20899    1226   105  3373   109
20900    4923  4910  4925  4922
20901    5015  5078  5141  5051
20902    5255  5204  5303  5205
20903    7093  7090  7163  7091
20904    4564  6601  6602  4566
20905    6459  7208  7218  6467
20906    1078  1128  4383  1127
20907    7503  7494  7505  7501
20908    4960  4973  4993  4972
20909    1332  1329  1376  1330
20910     106   109  2393   108
20911    5027  5992  5029  5031
20912    6708  7461  7481  6710
20913    7039  7026  7041  7038
20914    4919  4928  4915  4926
20915    4972  4937  4992  4941
20916    1124  1133  4388  1129
20917    7386  7395  7399  7388
20918    4690  4716  4682  4691
20919    2055  2027  2058  2053
20920     818  2957  2975  2954
20921    3781  3788  3794  3783
20922    4125  4120  4127  4124
20923    1508  1503  1510  1507
20924    1571  1554  1616  1557
20925    1635  1653  1732  1637
20926     729   732   750   731
20927    2243  2246  5359  2245
20928    7690  6053  7726  6056
20929     620   639   641   627
20930    2433  2422  2435  2432
20931    2785  2768  2777  2773
20932    5084  5079  5147  5082
20933    4168  2171  2188  2174
20934     940   951   953   947
20935    1543  1560  1562  1544
20936    1319   195  1363  1317
20937    2174  2169  2188  2172
20938    3423  3426  3355  3424
20939    1659  1662  1709  1661
20940    3452  3403  3506  3404
20941    5332  5363  5405  5362
20942    1912  1915  1923  1914
20943    5491  5468  5495  5469
20944     568  1692  1694   578
20945    2462   173  2518   200
20946    5708  5679  5712  5706
20947    1405  1384  1485  1403
20948    6470  6438  6436  6447
20949    1041  1060  1068  1046
20950    4196  4229  4192  4197
20951    4485  4496  4498  4492
20952    2961  2938  2981  2955
20953    7399  7390  7386  7392
20954     381   376   383   380
20955     124    90   182   114
20956    1889  1856  1900  1887
20957     699   696   734   698
20958     766   775   783   768
20959    3965  3998  4008  3971
20960     908   885   922   907
20961     628   623   630   627
20962    2847  2874  2876  2870
20963    6020  6069  6131  6068
20964    2803  2819  2789  2804
20965    2786  2777  2794  2778
20966    2695  3697  3699  3693
20967    5450  5427  7126  5447
20968    2546  2549  2590  2548
20969    2426  2429  2424  2428
20970    2587  2590  2546  2588
20971    5333  5366  5408  5363
20972    3430  3427  3440  3428
20973    6130  6127  6197  6128
20974     114    88   176   112
20975     526   533   593   528
20976    3323  3352  3388  3351
20977    3772  3781  3768  3773
20978    1696  3734  1632  1697
20979    3651  3648  3678  3649
20980    3680  3677  3682  3678
20981    5120  5117  5183  5118
20982    3798  3831  3784  3799
20983    7062  4409  7098  5372
20984    2960  2957  2976  2958
20985     897   884   917   885
20986    2019  2014  2041  2018
20987    4070  4081  4066  4071
20988    3863  3866  3861  3865
20989    3867  3878  3865  3877
20990    3090  4082  4086  3092
20991    4072  4077  4058  4073
20992     661   666   668   662
20993    4762  6776  6845  6734
20994    1010   967  1012  1009
20995    3678  3687  3651  3685
20996    4814  5817  5833  4861
20997    6084  6077  6086  6079
20998    3480  1331  3530  1332
20999    1460  3542  1387  1461
21000    2959  2954  2975  2957
21001    2086   964   966   968
21002    3424  3433  3356  3431
21003     393   380   382   392
21004     696   734   698   733
21005    2335  2314  2383  2315
21006    3546  1391  1467  1392
21007    1238  1249  1310  1248
21008    1496  1423  1498  1495
21009    2124  2131  2159  2130
21010    5541  5538  7336  5540
21011    1932   780  1948  1910
21012    1437  1418  1491  1435
21013    4133  4062  4145  4063
21014    2094  2083  2085  2087
21015    6237  6185  6189  6186
21016    3780  3783  3793  3782
21017     809   816   832   815
21018     994   969  1012   970
21019     427   444   490   437
21020    1556  1525  1598  1526
21021     886  2022  2036  2004
21022    7158  7169  7156  7168
21023    5733  7458  5700  5734
21024    4610  4620  4621  4614
21025    7716  7697  7769  7710
21026    6195  6192  6203  6194
21027    5819  5824  5840  5820
21028    4704  4763  4771  4727
21029    5927  5924  5949  5925
21030    5678  5657  5692  5660
21031    6939  5092  6976  5093
21032    4560  6597  6598  4562
21033    4269  4197  4273  4262
21034    6256  6261  6259  6257
21035    5525  5522  5529  5523
21036    1681  1688  1718  1683
21037    4991  4986  5001  4990
21038    5949  5926  7628  5948
21039    5937  5946  5956  5942
21040    1857  1866  1878  1865
21041    3781  3768  3773  3769
21042    4713  4720  4726  4719
21043    7514  7509  7606  7513
21044    7491  7484  7462  7486
21045    3897  3872  3899  3874
21046    4455  5424  7118  5416
21047    6316  6319  6369  6318
21048    2334  2295  2382  2314
21049    5275  5200  5277  5274
21050    5253  5244  5259  5252
21051    1774  1670  1776  1751
21052    2152  2095  2154  2149
21053    5259  5264  5312  5261
21054    5747  5742  5753  5744
21055    3163  3166  3178  3165
21056    4776  4741  6706  4775
21057    4776  4741  4739  4742
21058    5031  5026  5067  5030
21059    4927  4922  4929  4926
21060    5427  5424  7119  5426
21061    4688  4673  4690  4685
21062    4716  4690  4730  4691
21063    5016  5019  4920  5017
21064    4625  4594  4629  4595
21065    5553  5550  7372  5552
21066    1415  1453  1455  1452
21067    5248  5257  5240  5256
21068    4587  4624  4628  4609
21069    5257  5254  5305  5255
21070    6539  6542  6544  6541
21071    4405  6308  6356  6305
21072    1145    17  1169  1143
21073    6145  6128  6226  6143
21074    3738  1702  3777  1703
21075    3522  3499  3582  3500
21076    1681  1690  1712  1686
21077    3494  1347  3558  1348
21078    3863  2863  3865  3861
21079    6876  4939  4992  4970
21080    2829  3855  2806  2837
21081    3195  3262  3266  3196
21082    3679  2679  3681  3677
21083    6466  6455  6476  6458
21084     522   569   589   564
21085    3268  4261  4265  3270
21086    5430  5425  7124  5427
21087    3451  3440  3453  3444
21088     582  3733   511  1696
21089    4333  4348  4350  4344
21090    3678  3648  3650  3677
21091     509  1632  1696   511
21092     420   423   443   422
21093    6636  6645  6649  6638
21094     106   129  2395   107
21095     538   561   595   540
21096    1039  1036   991  1038
21097    1917  1908  1919  1916
21098    5093  7686  7720  6939
21099    6469  6384  6506  6468
21100    5222  5292  5293  5290
21101    4999  7627  4977  5948
21102    5784  5849  5858  5824
21103    7740  6992  7773  7738
21104    4259  4262  4266  4261
21105    1121  1132  1113  1131
21106    4856  4859  4881  4858
21107    6945  7732  7761  7694
21108     341  3541   265  1460
21109    3547  3542  3591  3545
21110     654   649   656   653
21111    4052  3058   920  4050
21112    5598  5569  5602  5576
21113    1478  1416  1481  1433
21114    2632  2635  2607  2634
21115     445   440   447   444
21116    5730  5759  5765  5757
21117    3256  3253  3284  3254
21118     432   437   439   433
21119    4981  4960  4997  4980
21120     151   156   216   153
21121    5431  5428  7125  5430
21122    3204  4228  3200  4196
21123    5767  5770  5774  5768
21124    2788  2785  2794  2786
21125    3388  3327  3323  3387
21126    7180  7131  7258  7132
21127    1225  1252  3399  1230
21128    1069  4162  1055  2184
21129    1122  2245  1114  1132
21130    5127  5096  5128  5125
21131    1155  1144  1157  1148
21132    5794  5809  5811  5805
21133    5884  4923  5886  4927
21134    7781  7739  7741  7774
21135    6045  6042  6110  6043
21136    6683  6654  6687  6661
21137    2229  1112  2235  1114
21138    5819  5822  5844  5821
21139    4768  5727  5735  5725
21140    5817  4857  5835  4861
21141    7181  7176  7183  7180
21142    6417  7168  6415  6427
21143    6622  6651  6655  6628
21144    6675  6630  6679  6653
21145    6093  6175  6177  6103
21146    6469  6466  6485  6467
21147    4400  4395  4442  4398
21148    2940  2937  2950  2938
21149    5727  5742  5750  5728
21150    5232  5243  5234  5242
21151    3830  2790  3798  3784
21152    6912  6953  6954  6952
21153    5240  5247  5246  5238
21154    6934  5057  6969  5088
21155    5108  5105  5110  5107
21156    4595  4632  4636  4625
21157    4793  4859  4785  4858
21158    7094  7097  7187  7096
21159    5674  5677  5687  5676
21160    7402  7411  7415  7404
21161    5685  5680  5695  5681
21162    4823  4828  4830  4824
21163    3488  3499  3563  3490
21164    2670  2621  2623  2655
21165    4295  4254  4308  4258
21166    4794  5815  4786  4859
21167    7524  7521  7528  7522
21168    4861  4813  4875  4814
21169     560   569   591   565
21170    3855  2829  2831  2837
21171    7208  7211  7227  7210
21172    4460  4449  6376  4457
21173     424   427   485   426
21174    4186  4189  4172  4187
21175    5608  4649  5610  5606
21176     509  1692  1694  1630
21177    2498  2473  2558  2476
21178     286  1413  1448  1409
21179    6899  7643  6897  6901
21180    2263  2183  2268  2232
21181    1201  1204  1193  1202
21182     565   570   592   566
21183    2869  3877  2867  2879
21184    1747  1766  1768  1754
21185    3650  2645  3677  3648
21186     114   125   183   124
21187    2451  2464  2520  2453
21188    4020  4025  4027  4021
21189    3565  1467  3617  1487
21190     105  3369  3375  2373
21191    3254  4249  4277  3256
21192    4298  4256  4302  4293
21193    2961  2964  2984  2963
21194    2633  3638  2608  2635
21195    5223  5294  5295  5292
21196    4452  4455  6361  4453
21197    5682  4718  5688  5676
21198    1056  1019  1064  1027
21199    7385  7388  7392  7387
21200    4691  5674  4683  5656
21201    5249  6212  5241  5257
21202    7630  7627  7640  7628
21203    4854  4798  4870  4809
21204    6556  7295  7299  6558
21205     463   456   465   458
21206    5460  4493  5464  5458
21207    4398  4363  4440  4366
21208     665   650   667   654
21209    1446   255  1450   327
21210    1688  1699  1701  1698
21211     566  1682  1716   568
21212    2712  2703  2735  2705
21213    1320  1317  1364  1318
21214    7354  7327  7358  7328
21215    1687  1722  1740  1689
21216    6092  6156  6158  6093
21217    5338  2220  2222  5323
21218    4407  5372  5414  4409
21219    5505  5518  7313  5512
21220    1348  1345  1400  1346
21221     993   996  1043   995
21222    2543  2548  2589  2545
21223    3734  1632  1697  1633
21224     401   432   434   416
21225    3727  2715  3751  2717
21226    3541  3544  3586  3543
21227     104  2373  2379  2372
21228    1751  1669  1753  1750
21229    2804  3830  2790  3798
21230    3780  2778  3792  3772
21231     103    98  2369   102
21232    3493  1332  3557  1347
21233    3091  3062  3137  3084
21234    6942  6949  7000  6948
21235    5468  5459  5472  5466
21236    3080  4080  3076  4070
21237    3911  2897  3931  2899
21238    3119  3124  3126  3120
21239    2161  2180  2188  2166
21240    3425  2425  3427  3423
21241    1422  1429  1431  1427
21242    2431  3439  2429  2441
21243    1564  1553  1613  1554
21244    6635  6638  6642  6637
21245    1794  1797  1801  1796
21246    4025  4128  4130  4032
21247    3721  3674  3762  3675
21248    3164  3171  3183  3166
21249    2429  3439  3429  3427
21250    1240  1200  1198  1235
21251     121  1248  1309   131
21252    7212  7215  7231  7214
21253    6336  4428  6337  6332
21254    4911  4906  4913  4910
21255    1422  1411  1473  1421
21256    4776  7457  4742  5733
21257    4738  4735  4772  4736
21258    6748  6718  6696  6720
21259    2604  2609  2634  2607
21260    6194  5239  6202  5241
21261    1630  1693  1695  1631
21262    4681  4676  4678  4680
21263    4574  4581  6616  4575
21264    5992  5027  6022  5031
21265    7033  7777  7031  7035
21266    4708  6699  4749  6692
21267    1242  1245  1308  1244
21268    2713  2710  2736  2712
21269    6892  6919  6921  6893
21270    6781  7521  7525  6793
21271    4342  4422  4423  4412
21272    6770  6822  6832  6821
21273     522   533   589   523
21274    5461  5458  5465  5459
21275    6913  6936  6967  6915
21276    6430  6383  6501  6384
21277    2851  2915  2917  2874
21278    1206  1264  1204  1219
21279    6540  7279  7281  6542
21280    7293  6542  7297  7279
21281    7168  6417  7170  6427
21282    5091  6052  6117  5093
21283    6165  6211  6273  6210
21284    5543  5548  7367  5546
21285    4714  4721  4731  4720
21286    3090  3075  3080  3076
21287    1814  1803  1818  1812
21288    3154  3191  3193  3156
# Generated by ./tetgen /home/yuzhang/Downloads/siggraph_asia.ply 
