7828  3  0  0
   0    -3.3436298  -0.30131912  -0.30000186000000001
   1    -3.3452318000000001  -0.30029057999999997  -0.26320314
   2    -3.3641803000000001  -0.28649760000000002  -0.30000186000000001
   3    -3.3641803000000001  -0.28649760000000002  -0.26320314
   4    -3.3105242000000001  -0.32199549999999999  -0.30000186000000001
   5    -3.3052964  -0.32423449999999998  -0.26320314
   6    -3.2862148000000002  -0.23288154999999999  -0.30000162000000002
   7    -3.2797966000000001  -0.2364173  -0.26320314
   8    -3.3452318000000001  -0.30029057999999997  -0.20471358000000001
   9    -3.3452318000000001  -0.30029057999999997  -0.14622402000000001
  10    -3.3641803000000001  -0.28649760000000002  -0.20471358000000001
  11    -3.3641803000000001  -0.28649760000000002  -0.14622402000000001
  12    -3.3052964  -0.32423449999999998  -0.20471358000000001
  13    -3.3052964  -0.32423449999999998  -0.14622402000000001
  14    -3.2797966000000001  -0.2364173  -0.20471358000000001
  15    -3.2797966000000001  -0.2364173  -0.14622402000000001
  16    -3.3452318000000001  -0.30029057999999997  -0.08773446
  17    -3.3452318000000001  -0.30029057999999997  -0.029244900000000001
  18    -3.3641803000000001  -0.28649760000000002  -0.08773446
  19    -3.3641803000000001  -0.28649760000000002  -0.029244900000000001
  20    -3.3052964  -0.32423449999999998  -0.08773446
  21    -3.3052964  -0.32423449999999998  -0.029244900000000001
  22    -3.2797966000000001  -0.2364173  -0.08773446
  23    -3.2797966000000001  -0.2364173  -0.029244900000000001
  24    -3.3641803000000001  -0.16762829000000001  -0.30000186000000001
  25    -3.3641806000000001  -0.16762780999999999  -0.26320314
  26    -3.3130598  -0.21604872  -0.30000186000000001
  27    -3.3108787999999998  -0.21769857000000001  -0.26320314
  28    -3.3641806000000001  -0.16762780999999999  -0.20471358000000001
  29    -3.3641806000000001  -0.16762780999999999  -0.14622402000000001
  30    -3.3108787999999998  -0.21769857000000001  -0.20471358000000001
  31    -3.3108787999999998  -0.21769857000000001  -0.14622402000000001
  32    -3.3641806000000001  -0.16762780999999999  -0.08773446
  33    -3.3641806000000001  -0.16762780999999999  -0.029244900000000001
  34    -3.3108787999999998  -0.21769857000000001  -0.08773446
  35    -3.3108787999999998  -0.21769857000000001  -0.029244900000000001
  36    -3.2507519999999999  -0.3420415  -0.30000186000000001
  37    -3.2458667999999999  -0.34306479000000001  -0.26320314
  38    -3.2408389999999998  -0.25571775000000002  -0.30000186000000001
  39    -3.2419845999999999  -0.25536585000000001  -0.26320314
  40    -3.1878364000000001  -0.35040617000000002  -0.30000186000000001
  41    -3.1869475999999999  -0.35043429999999998  -0.26320314
  42    -3.1870809000000002  -0.26332736000000001  -0.30000186000000001
  43    -3.1867836  -0.26332188000000001  -0.26320314
  44    -3.1231667999999999  -0.34528231999999998  -0.30000186000000001
  45    -3.1276937  -0.34612106999999998  -0.26320314
  46    -3.1265798  -0.25389837999999998  -0.30000162000000002
  47    -3.1265795000000001  -0.25389837999999998  -0.26320314
  48    -3.0609666999999998  -0.32138252  -0.30000186000000001
  49    -3.0730730999999998  -0.32806373  -0.26320314
  50    -3.0698832999999999  -0.26270031999999999  -0.30000186000000001
  51    -3.2458667999999999  -0.34306479000000001  -0.20471358000000001
  52    -3.2458667999999999  -0.34306479000000001  -0.14622402000000001
  53    -3.2419845999999999  -0.25536585000000001  -0.20471358000000001
  54    -3.2419845999999999  -0.25536585000000001  -0.14622402000000001
  55    -3.1869475999999999  -0.35043429999999998  -0.20471358000000001
  56    -3.1869475999999999  -0.35043429999999998  -0.14622402000000001
  57    -3.1867836  -0.26332188000000001  -0.20471358000000001
  58    -3.1867836  -0.26332188000000001  -0.14622402000000001
  59    -3.2458667999999999  -0.34306479000000001  -0.08773446
  60    -3.2458667999999999  -0.34306479000000001  -0.029244900000000001
  61    -3.2419845999999999  -0.25536585000000001  -0.08773446
  62    -3.2419845999999999  -0.25536585000000001  -0.029244900000000001
  63    -3.1869475999999999  -0.35043429999999998  -0.08773446
  64    -3.1869475999999999  -0.35043429999999998  -0.029244900000000001
  65    -3.1867836  -0.26332188000000001  -0.08773446
  66    -3.1867836  -0.26332188000000001  -0.029244900000000001
  67    -3.1276937  -0.34612106999999998  -0.20471358000000001
  68    -3.1276937  -0.34612106999999998  -0.14622402000000001
  69    -3.1265795000000001  -0.25389837999999998  -0.20471358000000001
  70    -3.1265795000000001  -0.25389837999999998  -0.14622402000000001
  71    -3.0730730999999998  -0.32806373  -0.20471358000000001
  72    -3.0730730999999998  -0.32806373  -0.14622402000000001
  73    -3.1276937  -0.34612106999999998  -0.08773446
  74    -3.1276937  -0.34612106999999998  -0.029244900000000001
  75    -3.1265795000000001  -0.25389837999999998  -0.08773446
  76    -3.1265795000000001  -0.25389837999999998  -0.029244900000000001
  77    -3.0730730999999998  -0.32806373  -0.08773446
  78    -3.0730730999999998  -0.32806373  -0.029244900000000001
  79    -3.2324858000000001  -0.013429402999999999  -0.30000186000000001
  80    -3.2352777000000001  -0.011697054  -0.26320314
  81    -3.1590102  -0.059171439999999999  -0.30000186000000001
  82    -3.1592316999999999  -0.059028625000000001  -0.26320314
  83    -3.1892176000000001  -0.039768457  -0.30000162000000002
  84    -3.1882396000000002  -0.040381193000000003  -0.26320314
  85    -3.1000128  -0.23259115  -0.30000186000000001
  86    -3.1000375999999998  -0.23261403999999999  -0.26320314
  87    -3.0688580000000001  -0.19994687999999999  -0.30000162000000002
  88    -3.0688580000000001  -0.19994712000000001  -0.26320314
  89    -3.0761113  -0.15073943000000001  -0.30000186000000001
  90    -3.0789854999999999  -0.14269018  -0.26320314
  91    -3.1320684000000001  -0.075907946000000004  -0.30000186000000001
  92    -3.1254553999999999  -0.081387039999999994  -0.26320314
  93    -3.1283729999999998  -0.028742074999999999  -0.30000186000000001
  94    -3.0985100000000001  -0.109341145  -0.30000162000000002
  95    -3.0959658999999999  -0.11278963  -0.26320314
  96    -3.0549295000000001  -0.010661840000000001  -0.30000162000000002
  97    -3.0541532  -0.011325836000000001  -0.26320314
  98    -3.2352777000000001  -0.011697054  -0.20471358000000001
  99    -3.2352777000000001  -0.011697054  -0.14622402000000001
 100    -3.1592316999999999  -0.059028625000000001  -0.20471358000000001
 101    -3.1592316999999999  -0.059028625000000001  -0.14622402000000001
 102    -3.1882396000000002  -0.040381193000000003  -0.20471358000000001
 103    -3.1882396000000002  -0.040381193000000003  -0.14622402000000001
 104    -3.2352777000000001  -0.011697054  -0.08773446
 105    -3.2352777000000001  -0.011697054  -0.029244900000000001
 106    -3.1592316999999999  -0.059028625000000001  -0.08773446
 107    -3.1592316999999999  -0.059028625000000001  -0.029244900000000001
 108    -3.1882396000000002  -0.040381193000000003  -0.08773446
 109    -3.1882396000000002  -0.040381193000000003  -0.029244900000000001
 110    -3.1000375999999998  -0.23261403999999999  -0.20471358000000001
 111    -3.1000375999999998  -0.23261403999999999  -0.14622402000000001
 112    -3.0688580000000001  -0.19994712000000001  -0.20471358000000001
 113    -3.0688580000000001  -0.19994712000000001  -0.14622402000000001
 114    -3.0789854999999999  -0.14269018  -0.20471358000000001
 115    -3.0789854999999999  -0.14269018  -0.14622402000000001
 116    -3.1000375999999998  -0.23261403999999999  -0.08773446
 117    -3.1000375999999998  -0.23261403999999999  -0.029244900000000001
 118    -3.0688580000000001  -0.19994712000000001  -0.08773446
 119    -3.0688580000000001  -0.19994712000000001  -0.029244900000000001
 120    -3.0789854999999999  -0.14269018  -0.08773446
 121    -3.0789854999999999  -0.14269018  -0.029244900000000001
 122    -3.1254553999999999  -0.081387039999999994  -0.20471358000000001
 123    -3.1254553999999999  -0.081387039999999994  -0.14622402000000001
 124    -3.0959658999999999  -0.11278963  -0.20471358000000001
 125    -3.0959658999999999  -0.11278963  -0.14622402000000001
 126    -3.0541532  -0.011325836000000001  -0.20471358000000001
 127    -3.0541532  -0.011325836000000001  -0.14622402000000001
 128    -3.1254553999999999  -0.081387039999999994  -0.08773446
 129    -3.1254553999999999  -0.081387039999999994  -0.029244900000000001
 130    -3.0959658999999999  -0.11278963  -0.08773446
 131    -3.0959658999999999  -0.11278963  -0.029244900000000001
 132    -3.0541532  -0.011325836000000001  -0.08773446
 133    -3.0541532  -0.011325836000000001  -0.029244900000000001
 134    -3.0359403999999999  -0.29665160000000002  -0.30000186000000001
 135    -3.0359026999999998  -0.29661535999999999  -0.26320314
 136    -3.0106342000000001  -0.27228140000000001  -0.30000186000000001
 137    -3.0043777999999999  -0.26161669999999998  -0.26320314
 138    -2.8641844000000001  -0.34050322  -0.30000186000000001
 139    -2.8641844000000001  -0.34050322  -0.26320314
 140    -2.8641844000000001  -0.26270031999999999  -0.30000186000000001
 141    -2.8641844000000001  -0.26270031999999999  -0.26320314
 142    -3.0359026999999998  -0.29661535999999999  -0.20471358000000001
 143    -3.0359026999999998  -0.29661535999999999  -0.14622402000000001
 144    -3.0043777999999999  -0.26161669999999998  -0.20471358000000001
 145    -3.0043777999999999  -0.26161669999999998  -0.14622402000000001
 146    -3.0359026999999998  -0.29661535999999999  -0.08773446
 147    -3.0359026999999998  -0.29661535999999999  -0.029244900000000001
 148    -3.0043777999999999  -0.26161669999999998  -0.08773446
 149    -3.0043777999999999  -0.26161669999999998  -0.029244900000000001
 150    -2.8641844000000001  -0.34050322  -0.20471358000000001
 151    -2.8641844000000001  -0.34050322  -0.14622402000000001
 152    -2.8641844000000001  -0.26270031999999999  -0.20471358000000001
 153    -2.8641844000000001  -0.26270031999999999  -0.14622402000000001
 154    -2.8641844000000001  -0.34050322  -0.08773446
 155    -2.8641844000000001  -0.34050322  -0.029244900000000001
 156    -2.8641844000000001  -0.26270031999999999  -0.08773446
 157    -2.8641844000000001  -0.26270031999999999  -0.029244900000000001
 158    -2.9859328000000001  -0.20990275999999999  -0.30000186000000001
 159    -2.9849595999999998  -0.20497751  -0.26320314
 160    -2.9826983999999999  -0.14492606999999999  -0.30000186000000001
 161    -2.9826796  -0.14565206  -0.26320314
 162    -2.9905984000000001  -0.092189069999999998  -0.30000186000000001
 163    -2.9905982  -0.092189069999999998  -0.26320314
 164    -3.0249329  -0.041298389999999997  -0.30000186000000001
 165    -3.0257974000000001  -0.040267706  -0.26320314
 166    -2.8641844000000001  -0.20421075999999999  -0.30000186000000001
 167    -2.8641844000000001  -0.20421075999999999  -0.26320314
 168    -2.8641844000000001  -0.1457212  -0.30000186000000001
 169    -2.8641844000000001  -0.1457212  -0.26320314
 170    -2.8641844000000001  -0.087231636000000001  -0.30000186000000001
 171    -2.8641844000000001  -0.087231636000000001  -0.26320314
 172    -2.8641844000000001  -0.028742074999999999  -0.30000186000000001
 173    -2.8641844000000001  -0.028742074999999999  -0.26320314
 174    -2.9849595999999998  -0.20497751  -0.20471358000000001
 175    -2.9849595999999998  -0.20497751  -0.14622402000000001
 176    -2.9826796  -0.14565206  -0.20471358000000001
 177    -2.9826796  -0.14565206  -0.14622402000000001
 178    -2.9849595999999998  -0.20497751  -0.08773446
 179    -2.9849595999999998  -0.20497751  -0.029244900000000001
 180    -2.9826796  -0.14565206  -0.08773446
 181    -2.9826796  -0.14565206  -0.029244900000000001
 182    -2.9905982  -0.092189069999999998  -0.20471358000000001
 183    -2.9905982  -0.092189069999999998  -0.14622402000000001
 184    -3.0257974000000001  -0.040267706  -0.20471358000000001
 185    -3.0257974000000001  -0.040267706  -0.14622402000000001
 186    -2.9905982  -0.092189069999999998  -0.08773446
 187    -2.9905982  -0.092189069999999998  -0.029244900000000001
 188    -3.0257974000000001  -0.040267706  -0.08773446
 189    -3.0257974000000001  -0.040267706  -0.029244900000000001
 190    -2.8641844000000001  -0.20421075999999999  -0.20471358000000001
 191    -2.8641844000000001  -0.20421075999999999  -0.14622402000000001
 192    -2.8641844000000001  -0.1457212  -0.20471358000000001
 193    -2.8641844000000001  -0.1457212  -0.14622402000000001
 194    -2.8641844000000001  -0.20421075999999999  -0.08773446
 195    -2.8641844000000001  -0.20421075999999999  -0.029244900000000001
 196    -2.8641844000000001  -0.1457212  -0.08773446
 197    -2.8641844000000001  -0.1457212  -0.029244900000000001
 198    -2.8641844000000001  -0.087231636000000001  -0.20471358000000001
 199    -2.8641844000000001  -0.087231636000000001  -0.14622402000000001
 200    -2.8641844000000001  -0.028742074999999999  -0.20471358000000001
 201    -2.8641844000000001  -0.028742074999999999  -0.14622402000000001
 202    -2.8641844000000001  -0.087231636000000001  -0.08773446
 203    -2.8641844000000001  -0.087231636000000001  -0.029244900000000001
 204    -2.8641844000000001  -0.028742074999999999  -0.08773446
 205    -2.8641844000000001  -0.028742074999999999  -0.029244900000000001
 206    -2.7661829999999998  -0.34050322  -0.30000186000000001
 207    -2.7661829999999998  -0.34050322  -0.26320314
 208    -2.7661829999999998  -0.26270031999999999  -0.30000186000000001
 209    -2.7661829999999998  -0.26270031999999999  -0.26320314
 210    -2.7661829999999998  -0.34050322  -0.20471358000000001
 211    -2.7661829999999998  -0.34050322  -0.14622402000000001
 212    -2.7661829999999998  -0.26270031999999999  -0.20471358000000001
 213    -2.7661829999999998  -0.26270031999999999  -0.14622402000000001
 214    -2.7661829999999998  -0.34050322  -0.08773446
 215    -2.7661829999999998  -0.34050322  -0.029244900000000001
 216    -2.7661829999999998  -0.26270031999999999  -0.08773446
 217    -2.7661829999999998  -0.26270031999999999  -0.029244900000000001
 218    -2.7661829999999998  -0.20421075999999999  -0.30000186000000001
 219    -2.7661829999999998  -0.20421075999999999  -0.26320314
 220    -2.7661829999999998  -0.1457212  -0.30000186000000001
 221    -2.7661829999999998  -0.1457212  -0.26320314
 222    -2.7661829999999998  -0.087231636000000001  -0.30000186000000001
 223    -2.7661829999999998  -0.087231636000000001  -0.26320314
 224    -2.7661829999999998  -0.028742074999999999  -0.30000186000000001
 225    -2.7661829999999998  -0.028742074999999999  -0.26320314
 226    -2.5811386000000001  -0.18440603999999999  -0.30000186000000001
 227    -2.5801655999999999  -0.18603826000000001  -0.26320314
 228    -2.5989084  -0.15126966999999999  -0.30000186000000001
 229    -2.6008963999999999  -0.14657377999999999  -0.26320314
 230    -2.6191650000000002  -0.093573089999999998  -0.30000186000000001
 231    -2.6207379999999998  -0.087764024999999996  -0.26320314
 232    -2.6316535000000001  -0.030802965000000002  -0.30000186000000001
 233    -2.6317724999999998  -0.028995989999999999  -0.26320314
 234    -2.7661829999999998  -0.20421075999999999  -0.20471358000000001
 235    -2.7661829999999998  -0.20421075999999999  -0.14622402000000001
 236    -2.7661829999999998  -0.1457212  -0.20471358000000001
 237    -2.7661829999999998  -0.1457212  -0.14622402000000001
 238    -2.7661829999999998  -0.20421075999999999  -0.08773446
 239    -2.7661829999999998  -0.20421075999999999  -0.029244900000000001
 240    -2.7661829999999998  -0.1457212  -0.08773446
 241    -2.7661829999999998  -0.1457212  -0.029244900000000001
 242    -2.7661829999999998  -0.087231636000000001  -0.20471358000000001
 243    -2.7661829999999998  -0.087231636000000001  -0.14622402000000001
 244    -2.7661829999999998  -0.028742074999999999  -0.20471358000000001
 245    -2.7661829999999998  -0.028742074999999999  -0.14622402000000001
 246    -2.7661829999999998  -0.087231636000000001  -0.08773446
 247    -2.7661829999999998  -0.087231636000000001  -0.029244900000000001
 248    -2.7661829999999998  -0.028742074999999999  -0.08773446
 249    -2.7661829999999998  -0.028742074999999999  -0.029244900000000001
 250    -2.5801655999999999  -0.18603826000000001  -0.20471358000000001
 251    -2.5801655999999999  -0.18603826000000001  -0.14622402000000001
 252    -2.6008963999999999  -0.14657377999999999  -0.20471358000000001
 253    -2.6008963999999999  -0.14657377999999999  -0.14622402000000001
 254    -2.5801655999999999  -0.18603826000000001  -0.08773446
 255    -2.5801655999999999  -0.18603826000000001  -0.029244900000000001
 256    -2.6008963999999999  -0.14657377999999999  -0.08773446
 257    -2.6008963999999999  -0.14657377999999999  -0.029244900000000001
 258    -2.6207379999999998  -0.087764024999999996  -0.20471358000000001
 259    -2.6207379999999998  -0.087764024999999996  -0.14622402000000001
 260    -2.6317724999999998  -0.028995989999999999  -0.20471358000000001
 261    -2.6317724999999998  -0.028995989999999999  -0.14622402000000001
 262    -2.6207379999999998  -0.087764024999999996  -0.08773446
 263    -2.6207379999999998  -0.087764024999999996  -0.029244900000000001
 264    -2.6317724999999998  -0.028995989999999999  -0.08773446
 265    -2.6317724999999998  -0.028995989999999999  -0.029244900000000001
 266    -2.5296987999999998  -0.24898100000000001  -0.30000186000000001
 267    -2.5298786  -0.24881028999999999  -0.26320314
 268    -2.4634523000000002  -0.29842447999999999  -0.30000186000000001
 269    -2.4647592999999999  -0.29760431999999998  -0.26320314
 270    -2.494472  -0.27877784  -0.30000162000000002
 271    -2.4949859999999999  -0.27840543000000001  -0.26320314
 272    -2.4327388000000001  -0.31738305  -0.30000186000000001
 273    -2.4282192999999999  -0.31946516000000003  -0.26320314
 274    -2.426498  -0.26270031999999999  -0.30000186000000001
 275    -2.3735008  -0.33607720000000002  -0.30000186000000001
 276    -2.3684552000000001  -0.33731699999999998  -0.26320314
 277    -2.3634324000000002  -0.24086284999999999  -0.30000162000000002
 278    -2.3600066000000002  -0.24213456999999999  -0.26320314
 279    -2.5298786  -0.24881028999999999  -0.20471358000000001
 280    -2.5298786  -0.24881028999999999  -0.14622402000000001
 281    -2.4647592999999999  -0.29760431999999998  -0.20471358000000001
 282    -2.4647592999999999  -0.29760431999999998  -0.14622402000000001
 283    -2.4949859999999999  -0.27840543000000001  -0.20471358000000001
 284    -2.4949859999999999  -0.27840543000000001  -0.14622402000000001
 285    -2.5298786  -0.24881028999999999  -0.08773446
 286    -2.5298786  -0.24881028999999999  -0.029244900000000001
 287    -2.4647592999999999  -0.29760431999999998  -0.08773446
 288    -2.4647592999999999  -0.29760431999999998  -0.029244900000000001
 289    -2.4949859999999999  -0.27840543000000001  -0.08773446
 290    -2.4949859999999999  -0.27840543000000001  -0.029244900000000001
 291    -2.4282192999999999  -0.31946516000000003  -0.20471358000000001
 292    -2.4282192999999999  -0.31946516000000003  -0.14622402000000001
 293    -2.3684552000000001  -0.33731699999999998  -0.20471358000000001
 294    -2.3684552000000001  -0.33731699999999998  -0.14622402000000001
 295    -2.3600066000000002  -0.24213456999999999  -0.20471358000000001
 296    -2.3600066000000002  -0.24213456999999999  -0.14622402000000001
 297    -2.4282192999999999  -0.31946516000000003  -0.08773446
 298    -2.4282192999999999  -0.31946516000000003  -0.029244900000000001
 299    -2.3684552000000001  -0.33731699999999998  -0.08773446
 300    -2.3684552000000001  -0.33731699999999998  -0.029244900000000001
 301    -2.3600066000000002  -0.24213456999999999  -0.08773446
 302    -2.3600066000000002  -0.24213456999999999  -0.029244900000000001
 303    -2.5596766  -0.21553945999999999  -0.30000162000000002
 304    -2.5594286999999998  -0.21584987999999999  -0.26320314
 305    -2.5434770000000002  -0.1457212  -0.30000186000000001
 306    -2.4587379999999999  -0.17966866000000001  -0.30000162000000002
 307    -2.4594206999999999  -0.17893266999999999  -0.26320314
 308    -2.4922656999999999  -0.14127087999999999  -0.30000186000000001
 309    -2.4871888000000002  -0.14856934999999999  -0.26320314
 310    -2.5174894000000001  -0.08179736  -0.30000162000000002
 311    -2.5195937000000002  -0.07393479  -0.26320314
 312    -2.5298853000000001  -0.027483463  -0.30000186000000001
 313    -2.5297877999999998  -0.0289886  -0.26320314
 314    -2.5082621999999999  -0.106472015  -0.30000186000000001
 315    -2.5096014000000002  -0.1032908  -0.26320314
 316    -2.4225246999999999  -0.21405648999999999  -0.30000186000000001
 317    -2.4296570000000002  -0.20821333  -0.26320314
 318    -2.3907406  -0.22928429  -0.30000186000000001
 319    -2.389049  -0.23017406000000001  -0.26320314
 320    -2.5594286999999998  -0.21584987999999999  -0.20471358000000001
 321    -2.5594286999999998  -0.21584987999999999  -0.14622402000000001
 322    -2.4594206999999999  -0.17893266999999999  -0.20471358000000001
 323    -2.4594206999999999  -0.17893266999999999  -0.14622402000000001
 324    -2.4871888000000002  -0.14856934999999999  -0.20471358000000001
 325    -2.4871888000000002  -0.14856934999999999  -0.14622402000000001
 326    -2.5594286999999998  -0.21584987999999999  -0.08773446
 327    -2.5594286999999998  -0.21584987999999999  -0.029244900000000001
 328    -2.4594206999999999  -0.17893266999999999  -0.08773446
 329    -2.4594206999999999  -0.17893266999999999  -0.029244900000000001
 330    -2.4871888000000002  -0.14856934999999999  -0.08773446
 331    -2.4871888000000002  -0.14856934999999999  -0.029244900000000001
 332    -2.5195937000000002  -0.07393479  -0.20471358000000001
 333    -2.5195937000000002  -0.07393479  -0.14622402000000001
 334    -2.5297877999999998  -0.0289886  -0.20471358000000001
 335    -2.5297877999999998  -0.0289886  -0.14622402000000001
 336    -2.5096014000000002  -0.1032908  -0.20471358000000001
 337    -2.5096014000000002  -0.1032908  -0.14622402000000001
 338    -2.5195937000000002  -0.07393479  -0.08773446
 339    -2.5195937000000002  -0.07393479  -0.029244900000000001
 340    -2.5297877999999998  -0.0289886  -0.08773446
 341    -2.5297877999999998  -0.0289886  -0.029244900000000001
 342    -2.5096014000000002  -0.1032908  -0.08773446
 343    -2.5096014000000002  -0.1032908  -0.029244900000000001
 344    -2.4296570000000002  -0.20821333  -0.20471358000000001
 345    -2.4296570000000002  -0.20821333  -0.14622402000000001
 346    -2.389049  -0.23017406000000001  -0.20471358000000001
 347    -2.389049  -0.23017406000000001  -0.14622402000000001
 348    -2.4296570000000002  -0.20821333  -0.08773446
 349    -2.4296570000000002  -0.20821333  -0.029244900000000001
 350    -2.389049  -0.23017406000000001  -0.08773446
 351    -2.389049  -0.23017406000000001  -0.029244900000000001
 352    -2.3128912000000001  -0.34715128000000001  -0.30000186000000001
 353    -2.3097284  -0.34752822  -0.26320314
 354    -2.3068194000000002  -0.25715159999999998  -0.30000186000000001
 355    -2.3101286999999999  -0.25657010000000002  -0.26320314
 356    -2.251217  -0.34996724000000001  -0.30000186000000001
 357    -2.2510385999999998  -0.34996843  -0.26320314
 358    -2.251287  -0.26017118  -0.30000186000000001
 359    -2.2509918  -0.26016616999999997  -0.26320314
 360    -2.1897533  -0.34621167000000003  -0.30000186000000001
 361    -2.1923803999999998  -0.34647489999999997  -0.26320314
 362    -2.1952634  -0.25597143  -0.30000186000000001
 363    -2.1921978000000002  -0.255471  -0.26320314
 364    -2.129235  -0.33595538000000003  -0.30000186000000001
 365    -2.1336846  -0.33691262999999999  -0.26320314
 366    -2.1339177999999999  -0.2416017  -0.30000162000000002
 367    -2.1355027999999998  -0.24203730000000001  -0.26320314
 368    -2.3097284  -0.34752822  -0.20471358000000001
 369    -2.3097284  -0.34752822  -0.14622402000000001
 370    -2.3101286999999999  -0.25657010000000002  -0.20471358000000001
 371    -2.3101286999999999  -0.25657010000000002  -0.14622402000000001
 372    -2.2510385999999998  -0.34996843  -0.20471358000000001
 373    -2.2510385999999998  -0.34996843  -0.14622402000000001
 374    -2.2509918  -0.26016616999999997  -0.20471358000000001
 375    -2.2509918  -0.26016616999999997  -0.14622402000000001
 376    -2.3097284  -0.34752822  -0.08773446
 377    -2.3097284  -0.34752822  -0.029244900000000001
 378    -2.3101286999999999  -0.25657010000000002  -0.08773446
 379    -2.3101286999999999  -0.25657010000000002  -0.029244900000000001
 380    -2.2510385999999998  -0.34996843  -0.08773446
 381    -2.2510385999999998  -0.34996843  -0.029244900000000001
 382    -2.2509918  -0.26016616999999997  -0.08773446
 383    -2.2509918  -0.26016616999999997  -0.029244900000000001
 384    -2.1923803999999998  -0.34647489999999997  -0.20471358000000001
 385    -2.1923803999999998  -0.34647489999999997  -0.14622402000000001
 386    -2.1921978000000002  -0.255471  -0.20471358000000001
 387    -2.1921978000000002  -0.255471  -0.14622402000000001
 388    -2.1336846  -0.33691262999999999  -0.20471358000000001
 389    -2.1336846  -0.33691262999999999  -0.14622402000000001
 390    -2.1355027999999998  -0.24203730000000001  -0.20471358000000001
 391    -2.1355027999999998  -0.24203730000000001  -0.14622402000000001
 392    -2.1923803999999998  -0.34647489999999997  -0.08773446
 393    -2.1923803999999998  -0.34647489999999997  -0.029244900000000001
 394    -2.1921978000000002  -0.255471  -0.08773446
 395    -2.1921978000000002  -0.255471  -0.029244900000000001
 396    -2.1336846  -0.33691262999999999  -0.08773446
 397    -2.1336846  -0.33691262999999999  -0.029244900000000001
 398    -2.1355027999999998  -0.24203730000000001  -0.08773446
 399    -2.1355027999999998  -0.24203730000000001  -0.029244900000000001
 400    -2.2361852999999998  -0.092500689999999997  -0.30000186000000001
 401    -2.2361852999999998  -0.092500689999999997  -0.26320314
 402    -2.2361852999999998  -0.0045022964000000004  -0.30000186000000001
 403    -2.2361852999999998  -0.0045022964000000004  -0.26320314
 404    -2.1051834  -0.23249887999999999  -0.30000186000000001
 405    -2.1051834  -0.23249887999999999  -0.26320314
 406    -2.1051836000000002  -0.1457212  -0.30000186000000001
 407    -2.1051836000000002  -0.1457212  -0.26320314
 408    -2.1925395000000001  -0.092500689999999997  -0.30000186000000001
 409    -2.1925395000000001  -0.092500689999999997  -0.26320314
 410    -2.1925395000000001  -0.0045022964000000004  -0.30000186000000001
 411    -2.1925395000000001  -0.0045022964000000004  -0.26320314
 412    -2.1051836000000002  -0.092500689999999997  -0.30000162000000002
 413    -2.1051836000000002  -0.092500689999999997  -0.26320314
 414    -2.1340499999999998  -0.0045022964000000004  -0.30000186000000001
 415    -2.1340499999999998  -0.0045022964000000004  -0.26320314
 416    -2.2361852999999998  -0.092500689999999997  -0.20471358000000001
 417    -2.2361852999999998  -0.092500689999999997  -0.14622402000000001
 418    -2.2361852999999998  -0.0045022964000000004  -0.20471358000000001
 419    -2.2361852999999998  -0.0045022964000000004  -0.14622402000000001
 420    -2.2361852999999998  -0.092500689999999997  -0.08773446
 421    -2.2361852999999998  -0.092500689999999997  -0.029244900000000001
 422    -2.2361852999999998  -0.0045022964000000004  -0.08773446
 423    -2.2361852999999998  -0.0045022964000000004  -0.029244900000000001
 424    -2.1051834  -0.23249887999999999  -0.20471358000000001
 425    -2.1051834  -0.23249887999999999  -0.14622402000000001
 426    -2.1051836000000002  -0.1457212  -0.20471358000000001
 427    -2.1051836000000002  -0.1457212  -0.14622402000000001
 428    -2.1051834  -0.23249887999999999  -0.08773446
 429    -2.1051834  -0.23249887999999999  -0.029244900000000001
 430    -2.1051836000000002  -0.1457212  -0.08773446
 431    -2.1051836000000002  -0.1457212  -0.029244900000000001
 432    -2.1925395000000001  -0.092500689999999997  -0.20471358000000001
 433    -2.1925395000000001  -0.092500689999999997  -0.14622402000000001
 434    -2.1925395000000001  -0.0045022964000000004  -0.20471358000000001
 435    -2.1925395000000001  -0.0045022964000000004  -0.14622402000000001
 436    -2.1051836000000002  -0.092500689999999997  -0.20471358000000001
 437    -2.1051836000000002  -0.092500689999999997  -0.14622402000000001
 438    -2.1340499999999998  -0.0045022964000000004  -0.20471358000000001
 439    -2.1340499999999998  -0.0045022964000000004  -0.14622402000000001
 440    -2.1925395000000001  -0.092500689999999997  -0.08773446
 441    -2.1925395000000001  -0.092500689999999997  -0.029244900000000001
 442    -2.1925395000000001  -0.0045022964000000004  -0.08773446
 443    -2.1925395000000001  -0.0045022964000000004  -0.029244900000000001
 444    -2.1051836000000002  -0.092500689999999997  -0.08773446
 445    -2.1051836000000002  -0.092500689999999997  -0.029244900000000001
 446    -2.1340499999999998  -0.0045022964000000004  -0.08773446
 447    -2.1340499999999998  -0.0045022964000000004  -0.029244900000000001
 448    -2.0709843999999999  -0.31931209999999999  -0.30000186000000001
 449    -2.0750617999999998  -0.32066894000000001  -0.26320314
 450    -2.0755602999999998  -0.26270031999999999  -0.30000186000000001
 451    -2.0071816  -0.29424644  -0.30000186000000001
 452    -2.0071821000000001  -0.29424644  -0.26320314
 453    -2.0071821000000001  -0.26270031999999999  -0.30000186000000001
 454    -2.0071821000000001  -0.26270031999999999  -0.26320314
 455    -2.0750617999999998  -0.32066894000000001  -0.20471358000000001
 456    -2.0750617999999998  -0.32066894000000001  -0.14622402000000001
 457    -2.0071821000000001  -0.29424644  -0.20471358000000001
 458    -2.0071821000000001  -0.29424644  -0.14622402000000001
 459    -2.0071821000000001  -0.26270031999999999  -0.20471358000000001
 460    -2.0071821000000001  -0.26270031999999999  -0.14622402000000001
 461    -2.0750617999999998  -0.32066894000000001  -0.08773446
 462    -2.0750617999999998  -0.32066894000000001  -0.029244900000000001
 463    -2.0071821000000001  -0.29424644  -0.08773446
 464    -2.0071821000000001  -0.29424644  -0.029244900000000001
 465    -2.0071821000000001  -0.26270031999999999  -0.08773446
 466    -2.0071821000000001  -0.26270031999999999  -0.029244900000000001
 467    -2.0755602999999998  -0.20421075999999999  -0.30000186000000001
 468    -2.0755602999999998  -0.1457212  -0.30000186000000001
 469    -2.0071821000000001  -0.20421075999999999  -0.30000186000000001
 470    -2.0071821000000001  -0.20421075999999999  -0.26320314
 471    -2.0071821000000001  -0.1457212  -0.30000186000000001
 472    -2.0071821000000001  -0.1457212  -0.26320314
 473    -2.0755602999999998  -0.087231636000000001  -0.30000186000000001
 474    -2.0755602999999998  -0.0045022964000000004  -0.30000186000000001
 475    -2.0755602999999998  -0.0045022964000000004  -0.26320314
 476    -2.0071821000000001  -0.087231636000000001  -0.30000186000000001
 477    -2.0071821000000001  -0.087231636000000001  -0.26320314
 478    -2.0071821000000001  -0.0045022964000000004  -0.30000186000000001
 479    -2.0071821000000001  -0.0045022964000000004  -0.26320314
 480    -1.8741517000000001  -0.066756250000000003  -0.30000186000000001
 481    -1.8733736999999999  -0.070656300000000005  -0.26320314
 482    -1.8817579  -0.029226780000000001  -0.30000186000000001
 483    -1.8817729999999999  -0.028995752  -0.26320314
 484    -2.0071821000000001  -0.20421075999999999  -0.20471358000000001
 485    -2.0071821000000001  -0.20421075999999999  -0.14622402000000001
 486    -2.0071821000000001  -0.1457212  -0.20471358000000001
 487    -2.0071821000000001  -0.1457212  -0.14622402000000001
 488    -2.0071821000000001  -0.20421075999999999  -0.08773446
 489    -2.0071821000000001  -0.20421075999999999  -0.029244900000000001
 490    -2.0071821000000001  -0.1457212  -0.08773446
 491    -2.0071821000000001  -0.1457212  -0.029244900000000001
 492    -2.0755602999999998  -0.0045022964000000004  -0.20471358000000001
 493    -2.0755602999999998  -0.0045022964000000004  -0.14622402000000001
 494    -2.0071821000000001  -0.087231636000000001  -0.20471358000000001
 495    -2.0071821000000001  -0.087231636000000001  -0.14622402000000001
 496    -2.0071821000000001  -0.0045022964000000004  -0.20471358000000001
 497    -2.0071821000000001  -0.0045022964000000004  -0.14622402000000001
 498    -2.0755602999999998  -0.0045022964000000004  -0.08773446
 499    -2.0755602999999998  -0.0045022964000000004  -0.029244900000000001
 500    -2.0071821000000001  -0.087231636000000001  -0.08773446
 501    -2.0071821000000001  -0.087231636000000001  -0.029244900000000001
 502    -2.0071821000000001  -0.0045022964000000004  -0.08773446
 503    -2.0071821000000001  -0.0045022964000000004  -0.029244900000000001
 504    -1.8733736999999999  -0.070656300000000005  -0.20471358000000001
 505    -1.8733736999999999  -0.070656300000000005  -0.14622402000000001
 506    -1.8817729999999999  -0.028995752  -0.20471358000000001
 507    -1.8817729999999999  -0.028995752  -0.14622402000000001
 508    -1.8733736999999999  -0.070656300000000005  -0.08773446
 509    -1.8733736999999999  -0.070656300000000005  -0.029244900000000001
 510    -1.8817729999999999  -0.028995752  -0.08773446
 511    -1.8817729999999999  -0.028995752  -0.029244900000000001
 512    -1.7746420999999999  -0.25379847999999999  -0.30000186000000001
 513    -1.7750102000000001  -0.25344752999999998  -0.26320314
 514    -1.7075583999999999  -0.30241537000000002  -0.30000186000000001
 515    -1.7100837  -0.30105162000000002  -0.26320314
 516    -1.7382152  -0.28331208000000002  -0.30000162000000002
 517    -1.7395406  -0.2823522  -0.26320314
 518    -1.6715202  -0.31993221999999999  -0.30000186000000001
 519    -1.6668508  -0.32172465  -0.26320314
 520    -1.6661332  -0.26270031999999999  -0.30000186000000001
 521    -1.7750102000000001  -0.25344752999999998  -0.20471358000000001
 522    -1.7750102000000001  -0.25344752999999998  -0.14622402000000001
 523    -1.7750102000000001  -0.25344752999999998  -0.08773446
 524    -1.7750102000000001  -0.25344752999999998  -0.029244900000000001
 525    -1.7100837  -0.30105162000000002  -0.20471358000000001
 526    -1.7100837  -0.30105162000000002  -0.14622402000000001
 527    -1.7395406  -0.2823522  -0.20471358000000001
 528    -1.7395406  -0.2823522  -0.14622402000000001
 529    -1.6668508  -0.32172465  -0.20471358000000001
 530    -1.6668508  -0.32172465  -0.14622402000000001
 531    -1.7100837  -0.30105162000000002  -0.08773446
 532    -1.7100837  -0.30105162000000002  -0.029244900000000001
 533    -1.7395406  -0.2823522  -0.08773446
 534    -1.7395406  -0.2823522  -0.029244900000000001
 535    -1.6668508  -0.32172465  -0.08773446
 536    -1.6668508  -0.32172465  -0.029244900000000001
 537    -1.8271371000000001  -0.19112514999999999  -0.30000186000000001
 538    -1.8255205000000001  -0.19383812  -0.26320314
 539    -1.8481177  -0.15312766999999999  -0.30000186000000001
 540    -1.850892  -0.14657234999999999  -0.26320314
 541    -1.8049877000000001  -0.22140979999999999  -0.30000162000000002
 542    -1.8037628000000001  -0.22294235000000001  -0.26320314
 543    -1.7831124  -0.1457212  -0.30000186000000001
 544    -1.8693483  -0.092879295000000001  -0.30000162000000002
 545    -1.8673643  -0.10020566  -0.26320314
 546    -1.841602  -0.028742074999999999  -0.30000186000000001
 547    -1.7671907  -0.088011980000000004  -0.30000162000000002
 548    -1.7672619000000001  -0.087803839999999994  -0.26320314
 549    -1.7798615  -0.027818440999999999  -0.30000186000000001
 550    -1.7797856000000001  -0.028988123000000001  -0.26320314
 551    -1.7053607  -0.18378377000000001  -0.30000162000000002
 552    -1.7048239999999999  -0.18428779000000001  -0.26320314
 553    -1.7405752999999999  -0.14370155000000001  -0.30000186000000001
 554    -1.7371886000000001  -0.14857101  -0.26320314
 555    -1.6636677  -0.21844077000000001  -0.30000186000000001
 556    -1.6685829000000001  -0.21541524000000001  -0.26320314
 557    -1.753401  -0.11585784  -0.30000186000000001
 558    -1.7534778  -0.11570525  -0.26320314
 559    -1.8255205000000001  -0.19383812  -0.20471358000000001
 560    -1.8255205000000001  -0.19383812  -0.14622402000000001
 561    -1.850892  -0.14657234999999999  -0.20471358000000001
 562    -1.850892  -0.14657234999999999  -0.14622402000000001
 563    -1.8037628000000001  -0.22294235000000001  -0.20471358000000001
 564    -1.8037628000000001  -0.22294235000000001  -0.14622402000000001
 565    -1.8255205000000001  -0.19383812  -0.08773446
 566    -1.8255205000000001  -0.19383812  -0.029244900000000001
 567    -1.850892  -0.14657234999999999  -0.08773446
 568    -1.850892  -0.14657234999999999  -0.029244900000000001
 569    -1.8037628000000001  -0.22294235000000001  -0.08773446
 570    -1.8037628000000001  -0.22294235000000001  -0.029244900000000001
 571    -1.8673643  -0.10020566  -0.20471358000000001
 572    -1.8673643  -0.10020566  -0.14622402000000001
 573    -1.7672619000000001  -0.087803839999999994  -0.20471358000000001
 574    -1.7672619000000001  -0.087803839999999994  -0.14622402000000001
 575    -1.7797856000000001  -0.028988123000000001  -0.20471358000000001
 576    -1.7797856000000001  -0.028988123000000001  -0.14622402000000001
 577    -1.8673643  -0.10020566  -0.08773446
 578    -1.8673643  -0.10020566  -0.029244900000000001
 579    -1.7672619000000001  -0.087803839999999994  -0.08773446
 580    -1.7672619000000001  -0.087803839999999994  -0.029244900000000001
 581    -1.7797856000000001  -0.028988123000000001  -0.08773446
 582    -1.7797856000000001  -0.028988123000000001  -0.029244900000000001
 583    -1.7048239999999999  -0.18428779000000001  -0.20471358000000001
 584    -1.7048239999999999  -0.18428779000000001  -0.14622402000000001
 585    -1.7371886000000001  -0.14857101  -0.20471358000000001
 586    -1.7371886000000001  -0.14857101  -0.14622402000000001
 587    -1.6685829000000001  -0.21541524000000001  -0.20471358000000001
 588    -1.6685829000000001  -0.21541524000000001  -0.14622402000000001
 589    -1.7048239999999999  -0.18428779000000001  -0.08773446
 590    -1.7048239999999999  -0.18428779000000001  -0.029244900000000001
 591    -1.7371886000000001  -0.14857101  -0.08773446
 592    -1.7371886000000001  -0.14857101  -0.029244900000000001
 593    -1.6685829000000001  -0.21541524000000001  -0.08773446
 594    -1.6685829000000001  -0.21541524000000001  -0.029244900000000001
 595    -1.7534778  -0.11570525  -0.20471358000000001
 596    -1.7534778  -0.11570525  -0.14622402000000001
 597    -1.7534778  -0.11570525  -0.08773446
 598    -1.7534778  -0.11570525  -0.029244900000000001
 599    -1.6134299999999999  -0.33855010000000002  -0.30000186000000001
 600    -1.6080878000000001  -0.33986259000000002  -0.26320314
 601    -1.6074657000000001  -0.2449007  -0.30000162000000002
 602    -1.6053302  -0.24554944000000001  -0.26320314
 603    -1.5525992  -0.34837817999999998  -0.30000186000000001
 604    -1.5493634000000001  -0.34876417999999998  -0.26320314
 605    -1.5472623999999999  -0.25678395999999998  -0.30000186000000001
 606    -1.5493471999999999  -0.25654650000000001  -0.26320314
 607    -1.4903419  -0.35036135000000002  -0.30000186000000001
 608    -1.4906428  -0.35036468999999998  -0.26320314
 609    -1.4911506000000001  -0.26043486999999998  -0.30000186000000001
 610    -1.4905763000000001  -0.26041555  -0.26320314
 611    -1.4284699000000001  -0.34478282999999998  -0.30000186000000001
 612    -1.4319477  -0.34526013999999999  -0.26320314
 613    -1.4353974  -0.25387929999999997  -0.30000186000000001
 614    -1.4318835999999999  -0.25324701999999999  -0.26320314
 615    -1.6080878000000001  -0.33986259000000002  -0.20471358000000001
 616    -1.6080878000000001  -0.33986259000000002  -0.14622402000000001
 617    -1.6053302  -0.24554944000000001  -0.20471358000000001
 618    -1.6053302  -0.24554944000000001  -0.14622402000000001
 619    -1.5493634000000001  -0.34876417999999998  -0.20471358000000001
 620    -1.5493634000000001  -0.34876417999999998  -0.14622402000000001
 621    -1.5493471999999999  -0.25654650000000001  -0.20471358000000001
 622    -1.5493471999999999  -0.25654650000000001  -0.14622402000000001
 623    -1.6080878000000001  -0.33986259000000002  -0.08773446
 624    -1.6080878000000001  -0.33986259000000002  -0.029244900000000001
 625    -1.6053302  -0.24554944000000001  -0.08773446
 626    -1.6053302  -0.24554944000000001  -0.029244900000000001
 627    -1.5493634000000001  -0.34876417999999998  -0.08773446
 628    -1.5493634000000001  -0.34876417999999998  -0.029244900000000001
 629    -1.5493471999999999  -0.25654650000000001  -0.08773446
 630    -1.5493471999999999  -0.25654650000000001  -0.029244900000000001
 631    -1.4906428  -0.35036468999999998  -0.20471358000000001
 632    -1.4906428  -0.35036468999999998  -0.14622402000000001
 633    -1.4905763000000001  -0.26041555  -0.20471358000000001
 634    -1.4905763000000001  -0.26041555  -0.14622402000000001
 635    -1.4319477  -0.34526013999999999  -0.20471358000000001
 636    -1.4319477  -0.34526013999999999  -0.14622402000000001
 637    -1.4318835999999999  -0.25324701999999999  -0.20471358000000001
 638    -1.4318835999999999  -0.25324701999999999  -0.14622402000000001
 639    -1.4906428  -0.35036468999999998  -0.08773446
 640    -1.4906428  -0.35036468999999998  -0.029244900000000001
 641    -1.4905763000000001  -0.26041555  -0.08773446
 642    -1.4905763000000001  -0.26041555  -0.029244900000000001
 643    -1.4319477  -0.34526013999999999  -0.08773446
 644    -1.4319477  -0.34526013999999999  -0.029244900000000001
 645    -1.4318835999999999  -0.25324701999999999  -0.08773446
 646    -1.4318835999999999  -0.25324701999999999  -0.029244900000000001
 647    -1.6343219  -0.23165749999999999  -0.30000186000000001
 648    -1.6335846999999999  -0.23198509  -0.26320314
 649    -1.4861804999999999  -0.092500689999999997  -0.30000186000000001
 650    -1.4861804999999999  -0.092500689999999997  -0.26320314
 651    -1.4861804999999999  -0.0045022964000000004  -0.30000186000000001
 652    -1.4861804999999999  -0.0045022964000000004  -0.26320314
 653    -1.4321748999999999  -0.092500689999999997  -0.30000186000000001
 654    -1.4321748999999999  -0.092500689999999997  -0.26320314
 655    -1.4321748999999999  -0.0045022964000000004  -0.30000186000000001
 656    -1.4321748999999999  -0.0045022964000000004  -0.26320314
 657    -1.6335846999999999  -0.23198509  -0.20471358000000001
 658    -1.6335846999999999  -0.23198509  -0.14622402000000001
 659    -1.6335846999999999  -0.23198509  -0.08773446
 660    -1.6335846999999999  -0.23198509  -0.029244900000000001
 661    -1.4861804999999999  -0.092500689999999997  -0.20471358000000001
 662    -1.4861804999999999  -0.092500689999999997  -0.14622402000000001
 663    -1.4861804999999999  -0.0045022964000000004  -0.20471358000000001
 664    -1.4861804999999999  -0.0045022964000000004  -0.14622402000000001
 665    -1.4321748999999999  -0.092500689999999997  -0.20471358000000001
 666    -1.4321748999999999  -0.092500689999999997  -0.14622402000000001
 667    -1.4321748999999999  -0.0045022964000000004  -0.20471358000000001
 668    -1.4321748999999999  -0.0045022964000000004  -0.14622402000000001
 669    -1.4861804999999999  -0.092500689999999997  -0.08773446
 670    -1.4861804999999999  -0.092500689999999997  -0.029244900000000001
 671    -1.4861804999999999  -0.0045022964000000004  -0.08773446
 672    -1.4861804999999999  -0.0045022964000000004  -0.029244900000000001
 673    -1.4321748999999999  -0.092500689999999997  -0.08773446
 674    -1.4321748999999999  -0.092500689999999997  -0.029244900000000001
 675    -1.4321748999999999  -0.0045022964000000004  -0.08773446
 676    -1.4321748999999999  -0.0045022964000000004  -0.029244900000000001
 677    -1.3688471  -0.33295249999999998  -0.30000186000000001
 678    -1.3734195  -0.33403015000000003  -0.26320314
 679    -1.3760831  -0.23944736  -0.30000162000000002
 680    -1.3803711000000001  -0.24062586  -0.26320314
 681    -1.3111345999999999  -0.31603335999999999  -0.30000186000000001
 682    -1.3146941999999999  -0.31721782999999998  -0.26320314
 683    -1.3151956  -0.26270031999999999  -0.30000186000000001
 684    -1.2571840000000001  -0.29424620000000001  -0.30000186000000001
 685    -1.2571843  -0.29424644  -0.26320314
 686    -1.2571844999999999  -0.26270031999999999  -0.30000186000000001
 687    -1.2571844999999999  -0.26270031999999999  -0.26320314
 688    -1.3734195  -0.33403015000000003  -0.20471358000000001
 689    -1.3734195  -0.33403015000000003  -0.14622402000000001
 690    -1.3803711000000001  -0.24062586  -0.20471358000000001
 691    -1.3803711000000001  -0.24062586  -0.14622402000000001
 692    -1.3146941999999999  -0.31721782999999998  -0.20471358000000001
 693    -1.3146941999999999  -0.31721782999999998  -0.14622402000000001
 694    -1.3734195  -0.33403015000000003  -0.08773446
 695    -1.3734195  -0.33403015000000003  -0.029244900000000001
 696    -1.3803711000000001  -0.24062586  -0.08773446
 697    -1.3803711000000001  -0.24062586  -0.029244900000000001
 698    -1.3146941999999999  -0.31721782999999998  -0.08773446
 699    -1.3146941999999999  -0.31721782999999998  -0.029244900000000001
 700    -1.2571843  -0.29424644  -0.20471358000000001
 701    -1.2571843  -0.29424644  -0.14622402000000001
 702    -1.2571844999999999  -0.26270031999999999  -0.20471358000000001
 703    -1.2571844999999999  -0.26270031999999999  -0.14622402000000001
 704    -1.2571843  -0.29424644  -0.08773446
 705    -1.2571843  -0.29424644  -0.029244900000000001
 706    -1.2571844999999999  -0.26270031999999999  -0.08773446
 707    -1.2571844999999999  -0.26270031999999999  -0.029244900000000001
 708    -1.3551857  -0.23249865  -0.30000186000000001
 709    -1.3551857  -0.23249865  -0.26320314
 710    -1.355186  -0.1457212  -0.30000186000000001
 711    -1.355186  -0.1457212  -0.26320314
 712    -1.3151956  -0.20421075999999999  -0.30000186000000001
 713    -1.3151956  -0.1457212  -0.30000186000000001
 714    -1.355186  -0.092500689999999997  -0.30000162000000002
 715    -1.355186  -0.092500689999999997  -0.26320314
 716    -1.3736851000000001  -0.0045022964000000004  -0.30000186000000001
 717    -1.3736851000000001  -0.0045022964000000004  -0.26320314
 718    -1.3151956  -0.087231636000000001  -0.30000186000000001
 719    -1.3151956  -0.0045022964000000004  -0.30000186000000001
 720    -1.3151956  -0.0045022964000000004  -0.26320314
 721    -1.2571844999999999  -0.20421075999999999  -0.30000186000000001
 722    -1.2571844999999999  -0.20421075999999999  -0.26320314
 723    -1.2571844999999999  -0.1457212  -0.30000186000000001
 724    -1.2571844999999999  -0.1457212  -0.26320314
 725    -1.2571844999999999  -0.087231636000000001  -0.30000186000000001
 726    -1.2571844999999999  -0.087231636000000001  -0.26320314
 727    -1.2571844999999999  -0.0045022964000000004  -0.30000186000000001
 728    -1.2571844999999999  -0.0045022964000000004  -0.26320314
 729    -1.3551857  -0.23249865  -0.20471358000000001
 730    -1.3551857  -0.23249865  -0.14622402000000001
 731    -1.355186  -0.1457212  -0.20471358000000001
 732    -1.355186  -0.1457212  -0.14622402000000001
 733    -1.3551857  -0.23249865  -0.08773446
 734    -1.3551857  -0.23249865  -0.029244900000000001
 735    -1.355186  -0.1457212  -0.08773446
 736    -1.355186  -0.1457212  -0.029244900000000001
 737    -1.355186  -0.092500689999999997  -0.20471358000000001
 738    -1.355186  -0.092500689999999997  -0.14622402000000001
 739    -1.3736851000000001  -0.0045022964000000004  -0.20471358000000001
 740    -1.3736851000000001  -0.0045022964000000004  -0.14622402000000001
 741    -1.3151956  -0.0045022964000000004  -0.20471358000000001
 742    -1.3151956  -0.0045022964000000004  -0.14622402000000001
 743    -1.355186  -0.092500689999999997  -0.08773446
 744    -1.355186  -0.092500689999999997  -0.029244900000000001
 745    -1.3736851000000001  -0.0045022964000000004  -0.08773446
 746    -1.3736851000000001  -0.0045022964000000004  -0.029244900000000001
 747    -1.3151956  -0.0045022964000000004  -0.08773446
 748    -1.3151956  -0.0045022964000000004  -0.029244900000000001
 749    -1.2571844999999999  -0.20421075999999999  -0.20471358000000001
 750    -1.2571844999999999  -0.20421075999999999  -0.14622402000000001
 751    -1.2571844999999999  -0.1457212  -0.20471358000000001
 752    -1.2571844999999999  -0.1457212  -0.14622402000000001
 753    -1.2571844999999999  -0.20421075999999999  -0.08773446
 754    -1.2571844999999999  -0.20421075999999999  -0.029244900000000001
 755    -1.2571844999999999  -0.1457212  -0.08773446
 756    -1.2571844999999999  -0.1457212  -0.029244900000000001
 757    -1.2571844999999999  -0.087231636000000001  -0.20471358000000001
 758    -1.2571844999999999  -0.087231636000000001  -0.14622402000000001
 759    -1.2571844999999999  -0.0045022964000000004  -0.20471358000000001
 760    -1.2571844999999999  -0.0045022964000000004  -0.14622402000000001
 761    -1.2571844999999999  -0.087231636000000001  -0.08773446
 762    -1.2571844999999999  -0.087231636000000001  -0.029244900000000001
 763    -1.2571844999999999  -0.0045022964000000004  -0.08773446
 764    -1.2571844999999999  -0.0045022964000000004  -0.029244900000000001
 765    -1.1031852  -0.34050322  -0.30000186000000001
 766    -1.1031852  -0.34050322  -0.26320314
 767    -1.1031852  -0.26270031999999999  -0.30000186000000001
 768    -1.1031852  -0.26270031999999999  -0.26320314
 769    -1.0051836999999999  -0.34050322  -0.30000186000000001
 770    -1.0051836999999999  -0.34050322  -0.26320314
 771    -1.0051836999999999  -0.26270031999999999  -0.30000186000000001
 772    -1.0051836999999999  -0.26270031999999999  -0.26320314
 773    -1.1031852  -0.34050322  -0.20471358000000001
 774    -1.1031852  -0.34050322  -0.14622402000000001
 775    -1.1031852  -0.26270031999999999  -0.20471358000000001
 776    -1.1031852  -0.26270031999999999  -0.14622402000000001
 777    -1.1031852  -0.34050322  -0.08773446
 778    -1.1031852  -0.34050322  -0.029244900000000001
 779    -1.1031852  -0.26270031999999999  -0.08773446
 780    -1.1031852  -0.26270031999999999  -0.029244900000000001
 781    -1.0051836999999999  -0.34050322  -0.20471358000000001
 782    -1.0051836999999999  -0.34050322  -0.14622402000000001
 783    -1.0051836999999999  -0.26270031999999999  -0.20471358000000001
 784    -1.0051836999999999  -0.26270031999999999  -0.14622402000000001
 785    -1.0051836999999999  -0.34050322  -0.08773446
 786    -1.0051836999999999  -0.34050322  -0.029244900000000001
 787    -1.0051836999999999  -0.26270031999999999  -0.08773446
 788    -1.0051836999999999  -0.26270031999999999  -0.029244900000000001
 789    -1.1031852  -0.20421075999999999  -0.30000186000000001
 790    -1.1031852  -0.20421075999999999  -0.26320314
 791    -1.1031852  -0.1457212  -0.30000186000000001
 792    -1.1031852  -0.1457212  -0.26320314
 793    -1.1031852  -0.087231636000000001  -0.30000186000000001
 794    -1.1031852  -0.087231636000000001  -0.26320314
 795    -1.1031852  -0.028742074999999999  -0.30000186000000001
 796    -1.1031852  -0.028742074999999999  -0.26320314
 797    -1.0051836999999999  -0.20421075999999999  -0.30000186000000001
 798    -1.0051836999999999  -0.20421075999999999  -0.26320314
 799    -1.0051836999999999  -0.1457212  -0.30000186000000001
 800    -1.0051836999999999  -0.1457212  -0.26320314
 801    -1.0051836999999999  -0.087231636000000001  -0.30000186000000001
 802    -1.0051836999999999  -0.087231636000000001  -0.26320314
 803    -1.0051836999999999  -0.044499636000000002  -0.30000162000000002
 804    -1.0051836999999999  -0.044499636000000002  -0.26320314
 805    -0.9665184  -0.042304516  -0.30000186000000001
 806    -0.96387124000000002  -0.042610407000000003  -0.26320314
 807    -1.1031852  -0.20421075999999999  -0.20471358000000001
 808    -1.1031852  -0.20421075999999999  -0.14622402000000001
 809    -1.1031852  -0.1457212  -0.20471358000000001
 810    -1.1031852  -0.1457212  -0.14622402000000001
 811    -1.1031852  -0.20421075999999999  -0.08773446
 812    -1.1031852  -0.20421075999999999  -0.029244900000000001
 813    -1.1031852  -0.1457212  -0.08773446
 814    -1.1031852  -0.1457212  -0.029244900000000001
 815    -1.1031852  -0.087231636000000001  -0.20471358000000001
 816    -1.1031852  -0.087231636000000001  -0.14622402000000001
 817    -1.1031852  -0.028742074999999999  -0.20471358000000001
 818    -1.1031852  -0.028742074999999999  -0.14622402000000001
 819    -1.1031852  -0.087231636000000001  -0.08773446
 820    -1.1031852  -0.087231636000000001  -0.029244900000000001
 821    -1.1031852  -0.028742074999999999  -0.08773446
 822    -1.1031852  -0.028742074999999999  -0.029244900000000001
 823    -1.0051836999999999  -0.20421075999999999  -0.20471358000000001
 824    -1.0051836999999999  -0.20421075999999999  -0.14622402000000001
 825    -1.0051836999999999  -0.1457212  -0.20471358000000001
 826    -1.0051836999999999  -0.1457212  -0.14622402000000001
 827    -1.0051836999999999  -0.20421075999999999  -0.08773446
 828    -1.0051836999999999  -0.20421075999999999  -0.029244900000000001
 829    -1.0051836999999999  -0.1457212  -0.08773446
 830    -1.0051836999999999  -0.1457212  -0.029244900000000001
 831    -1.0051836999999999  -0.087231636000000001  -0.20471358000000001
 832    -1.0051836999999999  -0.087231636000000001  -0.14622402000000001
 833    -1.0051836999999999  -0.044499636000000002  -0.20471358000000001
 834    -1.0051836999999999  -0.044499636000000002  -0.14622402000000001
 835    -0.96387124000000002  -0.042610407000000003  -0.20471358000000001
 836    -0.96387124000000002  -0.042610407000000003  -0.14622402000000001
 837    -1.0051836999999999  -0.087231636000000001  -0.08773446
 838    -1.0051836999999999  -0.087231636000000001  -0.029244900000000001
 839    -1.0051836999999999  -0.044499636000000002  -0.08773446
 840    -1.0051836999999999  -0.044499636000000002  -0.029244900000000001
 841    -0.96387124000000002  -0.042610407000000003  -0.08773446
 842    -0.96387124000000002  -0.042610407000000003  -0.029244900000000001
 843    -0.76094150000000005  -0.23510027  -0.30000186000000001
 844    -0.76077150000000004  -0.23536444000000001  -0.26320314
 845    -0.71434379999999997  -0.30759096000000002  -0.30000186000000001
 846    -0.71272800000000003  -0.31010412999999998  -0.26320314
 847    -0.74139619999999995  -0.26550626999999999  -0.30000162000000002
 848    -0.74197270000000004  -0.26460934000000003  -0.26320314
 849    -0.76077150000000004  -0.23536444000000001  -0.20471358000000001
 850    -0.76077150000000004  -0.23536444000000001  -0.14622402000000001
 851    -0.71272800000000003  -0.31010412999999998  -0.20471358000000001
 852    -0.71272800000000003  -0.31010412999999998  -0.14622402000000001
 853    -0.74197270000000004  -0.26460934000000003  -0.20471358000000001
 854    -0.74197270000000004  -0.26460934000000003  -0.14622402000000001
 855    -0.76077150000000004  -0.23536444000000001  -0.08773446
 856    -0.76077150000000004  -0.23536444000000001  -0.029244900000000001
 857    -0.71272800000000003  -0.31010412999999998  -0.08773446
 858    -0.71272800000000003  -0.31010412999999998  -0.029244900000000001
 859    -0.74197270000000004  -0.26460934000000003  -0.08773446
 860    -0.74197270000000004  -0.26460934000000003  -0.029244900000000001
 861    -0.8307812  -0.13089203999999999  -0.30000186000000001
 862    -0.82970759999999999  -0.13226199  -0.26320314
 863    -0.88892435999999997  -0.068656919999999996  -0.30000186000000001
 864    -0.89067744999999998  -0.067462919999999996  -0.26320314
 865    -0.91388320000000001  -0.053355694000000002  -0.30000162000000002
 866    -0.92042970000000002  -0.050900698000000001  -0.26320314
 867    -0.85801243999999999  -0.097519875000000006  -0.30000162000000002
 868    -0.85840415999999997  -0.097130060000000004  -0.26320314
 869    -0.84159830000000002  -0.025635241999999999  -0.30000186000000001
 870    -0.77763629999999995  -0.20900059000000001  -0.30000186000000001
 871    -0.78084682999999999  -0.20408009999999999  -0.26320314
 872    -0.81040239999999997  -0.1597035  -0.30000162000000002
 873    -0.80885386000000004  -0.16196060000000001  -0.26320314
 874    -0.7302997  -0.20421075999999999  -0.30000186000000001
 875    -0.71227764999999998  -0.13613057000000001  -0.30000162000000002
 876    -0.71302794999999997  -0.13498901999999999  -0.26320314
 877    -0.76500939999999995  -0.065683839999999993  -0.30000162000000002
 878    -0.76573944000000005  -0.064876080000000003  -0.26320314
 879    -0.81280660000000005  -0.014890670999999999  -0.30000186000000001
 880    -0.81280684000000003  -0.014890670999999999  -0.26320314
 881    -0.73992395  -0.095279454999999999  -0.30000186000000001
 882    -0.74140499999999998  -0.093350169999999996  -0.26320314
 883    -0.82970759999999999  -0.13226199  -0.20471358000000001
 884    -0.82970759999999999  -0.13226199  -0.14622402000000001
 885    -0.82970759999999999  -0.13226199  -0.08773446
 886    -0.82970759999999999  -0.13226199  -0.029244900000000001
 887    -0.89067744999999998  -0.067462919999999996  -0.20471358000000001
 888    -0.89067744999999998  -0.067462919999999996  -0.14622402000000001
 889    -0.92042970000000002  -0.050900698000000001  -0.20471358000000001
 890    -0.92042970000000002  -0.050900698000000001  -0.14622402000000001
 891    -0.85840415999999997  -0.097130060000000004  -0.20471358000000001
 892    -0.85840415999999997  -0.097130060000000004  -0.14622402000000001
 893    -0.89067744999999998  -0.067462919999999996  -0.08773446
 894    -0.89067744999999998  -0.067462919999999996  -0.029244900000000001
 895    -0.92042970000000002  -0.050900698000000001  -0.08773446
 896    -0.92042970000000002  -0.050900698000000001  -0.029244900000000001
 897    -0.85840415999999997  -0.097130060000000004  -0.08773446
 898    -0.85840415999999997  -0.097130060000000004  -0.029244900000000001
 899    -0.78084682999999999  -0.20408009999999999  -0.20471358000000001
 900    -0.78084682999999999  -0.20408009999999999  -0.14622402000000001
 901    -0.80885386000000004  -0.16196060000000001  -0.20471358000000001
 902    -0.80885386000000004  -0.16196060000000001  -0.14622402000000001
 903    -0.71302794999999997  -0.13498901999999999  -0.20471358000000001
 904    -0.71302794999999997  -0.13498901999999999  -0.14622402000000001
 905    -0.78084682999999999  -0.20408009999999999  -0.08773446
 906    -0.78084682999999999  -0.20408009999999999  -0.029244900000000001
 907    -0.80885386000000004  -0.16196060000000001  -0.08773446
 908    -0.80885386000000004  -0.16196060000000001  -0.029244900000000001
 909    -0.71302794999999997  -0.13498901999999999  -0.08773446
 910    -0.71302794999999997  -0.13498901999999999  -0.029244900000000001
 911    -0.76573944000000005  -0.064876080000000003  -0.20471358000000001
 912    -0.76573944000000005  -0.064876080000000003  -0.14622402000000001
 913    -0.81280684000000003  -0.014890670999999999  -0.20471358000000001
 914    -0.81280684000000003  -0.014890670999999999  -0.14622402000000001
 915    -0.74140499999999998  -0.093350169999999996  -0.20471358000000001
 916    -0.74140499999999998  -0.093350169999999996  -0.14622402000000001
 917    -0.76573944000000005  -0.064876080000000003  -0.08773446
 918    -0.76573944000000005  -0.064876080000000003  -0.029244900000000001
 919    -0.81280684000000003  -0.014890670999999999  -0.08773446
 920    -0.81280684000000003  -0.014890670999999999  -0.029244900000000001
 921    -0.74140499999999998  -0.093350169999999996  -0.08773446
 922    -0.74140499999999998  -0.093350169999999996  -0.029244900000000001
 923    -0.693187  -0.34050322  -0.30000186000000001
 924    -0.693187  -0.34050322  -0.26320314
 925    -0.64452266999999996  -0.24418902000000001  -0.30000162000000002
 926    -0.64710330000000005  -0.24029136000000001  -0.26320314
 927    -0.57629799999999998  -0.34050274000000003  -0.30000186000000001
 928    -0.57629750000000002  -0.34050274000000003  -0.26320314
 929    -0.62540269999999998  -0.27229476000000002  -0.30000186000000001
 930    -0.62720629999999999  -0.26970506  -0.26320314
 931    -0.57033920000000005  -0.34335947  -0.30000186000000001
 932    -0.57033944000000003  -0.34335923000000002  -0.26320314
 933    -0.53780364999999997  -0.27405643000000002  -0.30000186000000001
 934    -0.53551530000000003  -0.26869870000000001  -0.26320314
 935    -0.49634147000000001  -0.34050322  -0.30000186000000001
 936    -0.49634147000000001  -0.34050322  -0.26320314
 937    -0.52680300000000002  -0.24830078999999999  -0.30000162000000002
 938    -0.5230243  -0.23945379999999999  -0.26320314
 939    -0.693187  -0.34050322  -0.20471358000000001
 940    -0.693187  -0.34050322  -0.14622402000000001
 941    -0.64710330000000005  -0.24029136000000001  -0.20471358000000001
 942    -0.64710330000000005  -0.24029136000000001  -0.14622402000000001
 943    -0.57629750000000002  -0.34050274000000003  -0.20471358000000001
 944    -0.57629750000000002  -0.34050274000000003  -0.14622402000000001
 945    -0.62720629999999999  -0.26970506  -0.20471358000000001
 946    -0.62720629999999999  -0.26970506  -0.14622402000000001
 947    -0.693187  -0.34050322  -0.08773446
 948    -0.693187  -0.34050322  -0.029244900000000001
 949    -0.64710330000000005  -0.24029136000000001  -0.08773446
 950    -0.64710330000000005  -0.24029136000000001  -0.029244900000000001
 951    -0.57629750000000002  -0.34050274000000003  -0.08773446
 952    -0.57629750000000002  -0.34050274000000003  -0.029244900000000001
 953    -0.62720629999999999  -0.26970506  -0.08773446
 954    -0.62720629999999999  -0.26970506  -0.029244900000000001
 955    -0.57033944000000003  -0.34335923000000002  -0.20471358000000001
 956    -0.57033944000000003  -0.34335923000000002  -0.14622402000000001
 957    -0.53551530000000003  -0.26869870000000001  -0.20471358000000001
 958    -0.53551530000000003  -0.26869870000000001  -0.14622402000000001
 959    -0.49634147000000001  -0.34050322  -0.20471358000000001
 960    -0.49634147000000001  -0.34050322  -0.14622402000000001
 961    -0.5230243  -0.23945379999999999  -0.20471358000000001
 962    -0.5230243  -0.23945379999999999  -0.14622402000000001
 963    -0.57033944000000003  -0.34335923000000002  -0.08773446
 964    -0.57033944000000003  -0.34335923000000002  -0.029244900000000001
 965    -0.53551530000000003  -0.26869870000000001  -0.08773446
 966    -0.53551530000000003  -0.26869870000000001  -0.029244900000000001
 967    -0.49634147000000001  -0.34050322  -0.08773446
 968    -0.49634147000000001  -0.34050322  -0.029244900000000001
 969    -0.5230243  -0.23945379999999999  -0.08773446
 970    -0.5230243  -0.23945379999999999  -0.029244900000000001
 971    -0.67451095999999999  -0.19732904000000001  -0.30000186000000001
 972    -0.67003199999999996  -0.20440817  -0.26320314
 973    -0.69348549999999998  -0.16596842000000001  -0.30000186000000001
 974    -0.69444539999999999  -0.16443157  -0.26320314
 975    -0.50481869999999995  -0.19682837  -0.30000186000000001
 976    -0.50797175999999999  -0.20421075999999999  -0.26320314
 977    -0.48176432000000002  -0.14285039999999999  -0.30000186000000001
 978    -0.48299026  -0.1457212  -0.26320314
 979    -0.46919035999999997  -0.11341047  -0.30000186000000001
 980    -0.46879816000000002  -0.11249232000000001  -0.26320314
 981    -0.67003199999999996  -0.20440817  -0.20471358000000001
 982    -0.67003199999999996  -0.20440817  -0.14622402000000001
 983    -0.69444539999999999  -0.16443157  -0.20471358000000001
 984    -0.69444539999999999  -0.16443157  -0.14622402000000001
 985    -0.67003199999999996  -0.20440817  -0.08773446
 986    -0.67003199999999996  -0.20440817  -0.029244900000000001
 987    -0.69444539999999999  -0.16443157  -0.08773446
 988    -0.69444539999999999  -0.16443157  -0.029244900000000001
 989    -0.50797175999999999  -0.20421075999999999  -0.20471358000000001
 990    -0.50797175999999999  -0.20421075999999999  -0.14622402000000001
 991    -0.48299026  -0.1457212  -0.20471358000000001
 992    -0.48299026  -0.1457212  -0.14622402000000001
 993    -0.50797175999999999  -0.20421075999999999  -0.08773446
 994    -0.50797175999999999  -0.20421075999999999  -0.029244900000000001
 995    -0.48299026  -0.1457212  -0.08773446
 996    -0.48299026  -0.1457212  -0.029244900000000001
 997    -0.46879816000000002  -0.11249232000000001  -0.20471358000000001
 998    -0.46879816000000002  -0.11249232000000001  -0.14622402000000001
 999    -0.46879816000000002  -0.11249232000000001  -0.08773446
1000    -0.46879816000000002  -0.11249232000000001  -0.029244900000000001
1001    -0.46618247000000002  -0.34050274000000003  -0.30000186000000001
1002    -0.46618247000000002  -0.34050298000000001  -0.26320314
1003    -0.43554043999999997  -0.26888489999999998  -0.30000186000000001
1004    -0.43289422999999999  -0.26270031999999999  -0.26320314
1005    -0.46618247000000002  -0.34050298000000001  -0.20471358000000001
1006    -0.46618247000000002  -0.34050298000000001  -0.14622402000000001
1007    -0.43289422999999999  -0.26270031999999999  -0.20471358000000001
1008    -0.43289422999999999  -0.26270031999999999  -0.14622402000000001
1009    -0.46618247000000002  -0.34050298000000001  -0.08773446
1010    -0.46618247000000002  -0.34050298000000001  -0.029244900000000001
1011    -0.43289422999999999  -0.26270031999999999  -0.08773446
1012    -0.43289422999999999  -0.26270031999999999  -0.029244900000000001
1013    -0.41209245  -0.21408176000000001  -0.30000162000000002
1014    -0.41449427999999999  -0.21969532999999999  -0.26320314
1015    -0.43785167000000003  -0.1457212  -0.30000186000000001
1016    -0.40045667000000001  -0.18688631  -0.30000186000000001
1017    -0.40198159999999999  -0.19045043  -0.26320314
1018    -0.38018321999999999  -0.13950229  -0.30000162000000002
1019    -0.38018321999999999  -0.13950229  -0.26320314
1020    -0.45667289999999999  -0.084103109999999995  -0.30000162000000002
1021    -0.45630739999999997  -0.083247420000000003  -0.26320314
1022    -0.43114375999999999  -0.024331331000000001  -0.30000186000000001
1023    -0.43302750000000001  -0.028742074999999999  -0.26320314
1024    -0.37936209999999998  -0.087231636000000001  -0.30000186000000001
1025    -0.37936209999999998  -0.028742074999999999  -0.30000186000000001
1026    -0.32087254999999998  -0.13950229  -0.30000186000000001
1027    -0.32087254999999998  -0.13950229  -0.26320314
1028    -0.26238297999999999  -0.13950229  -0.30000186000000001
1029    -0.26238297999999999  -0.13950229  -0.26320314
1030    -0.32087254999999998  -0.087231636000000001  -0.30000186000000001
1031    -0.34218502000000001  -0.051503897  -0.30000162000000002
1032    -0.34218502000000001  -0.051504135  -0.26320314
1033    -0.26238297999999999  -0.087231636000000001  -0.30000186000000001
1034    -0.26238297999999999  -0.051503897  -0.30000186000000001
1035    -0.26238297999999999  -0.051503897  -0.26320314
1036    -0.41449427999999999  -0.21969532999999999  -0.20471358000000001
1037    -0.41449427999999999  -0.21969532999999999  -0.14622402000000001
1038    -0.40198159999999999  -0.19045043  -0.20471358000000001
1039    -0.40198159999999999  -0.19045043  -0.14622402000000001
1040    -0.38018321999999999  -0.13950229  -0.20471358000000001
1041    -0.38018321999999999  -0.13950229  -0.14622402000000001
1042    -0.41449427999999999  -0.21969532999999999  -0.08773446
1043    -0.41449427999999999  -0.21969532999999999  -0.029244900000000001
1044    -0.40198159999999999  -0.19045043  -0.08773446
1045    -0.40198159999999999  -0.19045043  -0.029244900000000001
1046    -0.38018321999999999  -0.13950229  -0.08773446
1047    -0.38018321999999999  -0.13950229  -0.029244900000000001
1048    -0.45630739999999997  -0.083247420000000003  -0.20471358000000001
1049    -0.45630739999999997  -0.083247420000000003  -0.14622402000000001
1050    -0.43302750000000001  -0.028742074999999999  -0.20471358000000001
1051    -0.43302750000000001  -0.028742074999999999  -0.14622402000000001
1052    -0.45630739999999997  -0.083247420000000003  -0.08773446
1053    -0.45630739999999997  -0.083247420000000003  -0.029244900000000001
1054    -0.43302750000000001  -0.028742074999999999  -0.08773446
1055    -0.43302750000000001  -0.028742074999999999  -0.029244900000000001
1056    -0.32087254999999998  -0.13950229  -0.20471358000000001
1057    -0.32087254999999998  -0.13950229  -0.14622402000000001
1058    -0.26238297999999999  -0.13950229  -0.20471358000000001
1059    -0.26238297999999999  -0.13950229  -0.14622402000000001
1060    -0.32087254999999998  -0.13950229  -0.08773446
1061    -0.32087254999999998  -0.13950229  -0.029244900000000001
1062    -0.26238297999999999  -0.13950229  -0.08773446
1063    -0.26238297999999999  -0.13950229  -0.029244900000000001
1064    -0.34218502000000001  -0.051504135  -0.20471358000000001
1065    -0.34218502000000001  -0.051504135  -0.14622402000000001
1066    -0.26238297999999999  -0.051503897  -0.20471358000000001
1067    -0.26238297999999999  -0.051503897  -0.14622402000000001
1068    -0.34218502000000001  -0.051504135  -0.08773446
1069    -0.34218502000000001  -0.051504135  -0.029244900000000001
1070    -0.26238297999999999  -0.051503897  -0.08773446
1071    -0.26238297999999999  -0.051503897  -0.029244900000000001
1072    0.00082063674999999995  -0.34050370000000002  -0.30000186000000001
1073    0.00082063674999999995  -0.34050370000000002  -0.26320314
1074    -0.031409263999999999  -0.2693181  -0.30000186000000001
1075    -0.034405709999999999  -0.26270031999999999  -0.26320314
1076    0.00082063674999999995  -0.34050370000000002  -0.20471358000000001
1077    0.00082063674999999995  -0.34050370000000002  -0.14622402000000001
1078    -0.034405709999999999  -0.26270031999999999  -0.20471358000000001
1079    -0.034405709999999999  -0.26270031999999999  -0.14622402000000001
1080    0.00082063674999999995  -0.34050370000000002  -0.08773446
1081    0.00082063674999999995  -0.34050370000000002  -0.029244900000000001
1082    -0.034405709999999999  -0.26270031999999999  -0.08773446
1083    -0.034405709999999999  -0.26270031999999999  -0.029244900000000001
1084    -0.20389341999999999  -0.13950229  -0.30000186000000001
1085    -0.20389341999999999  -0.13950229  -0.26320314
1086    -0.14540386  -0.13950229  -0.30000186000000001
1087    -0.14540386  -0.13950229  -0.26320314
1088    -0.20389341999999999  -0.087231636000000001  -0.30000186000000001
1089    -0.20389341999999999  -0.051503897  -0.30000186000000001
1090    -0.20389341999999999  -0.051503897  -0.26320314
1091    -0.14540386  -0.087231636000000001  -0.30000186000000001
1092    -0.13018178999999999  -0.05150366  -0.30000162000000002
1093    -0.13018178999999999  -0.051503420000000001  -0.26320314
1094    -0.067708489999999996  -0.18914460999999999  -0.30000186000000001
1095    -0.065898659999999998  -0.1931417  -0.26320314
1096    -0.090183735000000001  -0.13950276  -0.30000162000000002
1097    -0.090184689999999998  -0.13950229  -0.26320314
1098    -0.055484533000000003  -0.21614312999999999  -0.30000162000000002
1099    -0.052657843000000003  -0.22238659999999999  -0.26320314
1100    -0.02842474  -0.1457212  -0.30000186000000001
1101    -0.0869143  -0.087231636000000001  -0.30000186000000001
1102    -0.0869143  -0.028742074999999999  -0.30000186000000001
1103    -0.012310982  -0.086063619999999993  -0.30000162000000002
1104    -0.011987448  -0.086792709999999995  -0.26320314
1105    -0.039436579999999999  -0.025053262999999999  -0.30000186000000001
1106    -0.037796973999999997  -0.028742074999999999  -0.26320314
1107    -0.20389341999999999  -0.13950229  -0.20471358000000001
1108    -0.20389341999999999  -0.13950229  -0.14622402000000001
1109    -0.14540386  -0.13950229  -0.20471358000000001
1110    -0.14540386  -0.13950229  -0.14622402000000001
1111    -0.20389341999999999  -0.13950229  -0.08773446
1112    -0.20389341999999999  -0.13950229  -0.029244900000000001
1113    -0.14540386  -0.13950229  -0.08773446
1114    -0.14540386  -0.13950229  -0.029244900000000001
1115    -0.20389341999999999  -0.051503897  -0.20471358000000001
1116    -0.20389341999999999  -0.051503897  -0.14622402000000001
1117    -0.13018178999999999  -0.051503420000000001  -0.20471358000000001
1118    -0.13018178999999999  -0.051503420000000001  -0.14622402000000001
1119    -0.20389341999999999  -0.051503897  -0.08773446
1120    -0.20389341999999999  -0.051503897  -0.029244900000000001
1121    -0.13018178999999999  -0.051503420000000001  -0.08773446
1122    -0.13018178999999999  -0.051503420000000001  -0.029244900000000001
1123    -0.065898659999999998  -0.1931417  -0.20471358000000001
1124    -0.065898659999999998  -0.1931417  -0.14622402000000001
1125    -0.090184689999999998  -0.13950229  -0.20471358000000001
1126    -0.090184689999999998  -0.13950229  -0.14622402000000001
1127    -0.052657843000000003  -0.22238659999999999  -0.20471358000000001
1128    -0.052657843000000003  -0.22238659999999999  -0.14622402000000001
1129    -0.065898659999999998  -0.1931417  -0.08773446
1130    -0.065898659999999998  -0.1931417  -0.029244900000000001
1131    -0.090184689999999998  -0.13950229  -0.08773446
1132    -0.090184689999999998  -0.13950229  -0.029244900000000001
1133    -0.052657843000000003  -0.22238659999999999  -0.08773446
1134    -0.052657843000000003  -0.22238659999999999  -0.029244900000000001
1135    -0.011987448  -0.086792709999999995  -0.20471358000000001
1136    -0.011987448  -0.086792709999999995  -0.14622402000000001
1137    -0.037796973999999997  -0.028742074999999999  -0.20471358000000001
1138    -0.037796973999999997  -0.028742074999999999  -0.14622402000000001
1139    -0.011987448  -0.086792709999999995  -0.08773446
1140    -0.011987448  -0.086792709999999995  -0.029244900000000001
1141    -0.037796973999999997  -0.028742074999999999  -0.08773446
1142    -0.037796973999999997  -0.028742074999999999  -0.029244900000000001
1143    -3.3452318000000001  -0.30029057999999997  0.029244900000000001
1144    -3.3452318000000001  -0.30029057999999997  0.08773446
1145    -3.3641803000000001  -0.28649760000000002  0.029244900000000001
1146    -3.3641803000000001  -0.28649760000000002  0.08773446
1147    -3.3052964  -0.32423449999999998  0.029244900000000001
1148    -3.3052964  -0.32423449999999998  0.08773446
1149    -3.2797966000000001  -0.2364173  0.029244900000000001
1150    -3.2797966000000001  -0.2364173  0.08773446
1151    -3.3452318000000001  -0.30029057999999997  0.14622402000000001
1152    -3.3452318000000001  -0.30029057999999997  0.20471358000000001
1153    -3.3641803000000001  -0.28649760000000002  0.14622402000000001
1154    -3.3641803000000001  -0.28649760000000002  0.20471358000000001
1155    -3.3052964  -0.32423449999999998  0.14622402000000001
1156    -3.3052964  -0.32423449999999998  0.20471358000000001
1157    -3.2797966000000001  -0.2364173  0.14622402000000001
1158    -3.2797966000000001  -0.2364173  0.20471358000000001
1159    -3.3452318000000001  -0.30029057999999997  0.26320314
1160    -3.3436298  -0.30131912  0.29999494999999998
1161    -3.3641803000000001  -0.28649760000000002  0.26320314
1162    -3.3641803000000001  -0.28649760000000002  0.29999494999999998
1163    -3.3052964  -0.32423449999999998  0.26320314
1164    -3.3105242000000001  -0.32199549999999999  0.29999494999999998
1165    -3.2797966000000001  -0.2364173  0.26320314
1166    -3.2862148000000002  -0.23288154999999999  0.29999494999999998
1167    -3.3641806000000001  -0.16762780999999999  0.029244900000000001
1168    -3.3641806000000001  -0.16762780999999999  0.08773446
1169    -3.3108787999999998  -0.21769857000000001  0.029244900000000001
1170    -3.3108787999999998  -0.21769857000000001  0.08773446
1171    -3.3641806000000001  -0.16762780999999999  0.14622402000000001
1172    -3.3641806000000001  -0.16762780999999999  0.20471358000000001
1173    -3.3108787999999998  -0.21769857000000001  0.14622402000000001
1174    -3.3108787999999998  -0.21769857000000001  0.20471358000000001
1175    -3.3641806000000001  -0.16762780999999999  0.26320314
1176    -3.3641803000000001  -0.16762829000000001  0.29999494999999998
1177    -3.3108787999999998  -0.21769857000000001  0.26320314
1178    -3.3130598  -0.21604872  0.29999494999999998
1179    -3.2458667999999999  -0.34306479000000001  0.029244900000000001
1180    -3.2458667999999999  -0.34306479000000001  0.08773446
1181    -3.2419845999999999  -0.25536585000000001  0.029244900000000001
1182    -3.2419845999999999  -0.25536585000000001  0.08773446
1183    -3.1869475999999999  -0.35043429999999998  0.029244900000000001
1184    -3.1869475999999999  -0.35043429999999998  0.08773446
1185    -3.1867836  -0.26332188000000001  0.029244900000000001
1186    -3.1867836  -0.26332188000000001  0.08773446
1187    -3.2458667999999999  -0.34306479000000001  0.14622402000000001
1188    -3.2458667999999999  -0.34306479000000001  0.20471358000000001
1189    -3.2419845999999999  -0.25536585000000001  0.14622402000000001
1190    -3.2419845999999999  -0.25536585000000001  0.20471358000000001
1191    -3.1869475999999999  -0.35043429999999998  0.14622402000000001
1192    -3.1869475999999999  -0.35043429999999998  0.20471358000000001
1193    -3.1867836  -0.26332188000000001  0.14622402000000001
1194    -3.1867836  -0.26332188000000001  0.20471358000000001
1195    -3.1276937  -0.34612106999999998  0.029244900000000001
1196    -3.1276937  -0.34612106999999998  0.08773446
1197    -3.1265795000000001  -0.25389837999999998  0.029244900000000001
1198    -3.1265795000000001  -0.25389837999999998  0.08773446
1199    -3.0730730999999998  -0.32806373  0.029244900000000001
1200    -3.0730730999999998  -0.32806373  0.08773446
1201    -3.1276937  -0.34612106999999998  0.14622402000000001
1202    -3.1276937  -0.34612106999999998  0.20471358000000001
1203    -3.1265795000000001  -0.25389837999999998  0.14622402000000001
1204    -3.1265795000000001  -0.25389837999999998  0.20471358000000001
1205    -3.0730730999999998  -0.32806373  0.14622402000000001
1206    -3.0730730999999998  -0.32806373  0.20471358000000001
1207    -3.2458667999999999  -0.34306479000000001  0.26320314
1208    -3.2507519999999999  -0.3420415  0.29999494999999998
1209    -3.2419845999999999  -0.25536585000000001  0.26320314
1210    -3.2408389999999998  -0.25571775000000002  0.29999494999999998
1211    -3.1869475999999999  -0.35043429999999998  0.26320314
1212    -3.1878364000000001  -0.35040617000000002  0.29999494999999998
1213    -3.1867836  -0.26332188000000001  0.26320314
1214    -3.1870809000000002  -0.26332736000000001  0.29999494999999998
1215    -3.1276937  -0.34612106999999998  0.26320314
1216    -3.1231667999999999  -0.34528231999999998  0.29999494999999998
1217    -3.1265795000000001  -0.25389837999999998  0.26320314
1218    -3.1265798  -0.25389837999999998  0.29999494999999998
1219    -3.0730730999999998  -0.32806373  0.26320314
1220    -3.0609666999999998  -0.32138252  0.29999494999999998
1221    -3.0698832999999999  -0.26270031999999999  0.29999494999999998
1222    -3.2352777000000001  -0.011697054  0.029244900000000001
1223    -3.2352777000000001  -0.011697054  0.08773446
1224    -3.1592316999999999  -0.059028625000000001  0.029244900000000001
1225    -3.1592316999999999  -0.059028625000000001  0.08773446
1226    -3.1882396000000002  -0.040381193000000003  0.029244900000000001
1227    -3.1882396000000002  -0.040381193000000003  0.08773446
1228    -3.2352777000000001  -0.011697054  0.14622402000000001
1229    -3.2352777000000001  -0.011697054  0.20471358000000001
1230    -3.1592316999999999  -0.059028625000000001  0.14622402000000001
1231    -3.1592316999999999  -0.059028625000000001  0.20471358000000001
1232    -3.1882396000000002  -0.040381193000000003  0.14622402000000001
1233    -3.1882396000000002  -0.040381193000000003  0.20471358000000001
1234    -3.1000375999999998  -0.23261403999999999  0.029244900000000001
1235    -3.1000375999999998  -0.23261403999999999  0.08773446
1236    -3.0688580000000001  -0.19994712000000001  0.029244900000000001
1237    -3.0688580000000001  -0.19994712000000001  0.08773446
1238    -3.0789854999999999  -0.14269018  0.029244900000000001
1239    -3.0789854999999999  -0.14269018  0.08773446
1240    -3.1000375999999998  -0.23261403999999999  0.14622402000000001
1241    -3.1000375999999998  -0.23261403999999999  0.20471358000000001
1242    -3.0688580000000001  -0.19994712000000001  0.14622402000000001
1243    -3.0688580000000001  -0.19994712000000001  0.20471358000000001
1244    -3.0789854999999999  -0.14269018  0.14622402000000001
1245    -3.0789854999999999  -0.14269018  0.20471358000000001
1246    -3.1254553999999999  -0.081387039999999994  0.029244900000000001
1247    -3.1254553999999999  -0.081387039999999994  0.08773446
1248    -3.0959658999999999  -0.11278963  0.029244900000000001
1249    -3.0959658999999999  -0.11278963  0.08773446
1250    -3.0541532  -0.011325836000000001  0.029244900000000001
1251    -3.0541532  -0.011325836000000001  0.08773446
1252    -3.1254553999999999  -0.081387039999999994  0.14622402000000001
1253    -3.1254553999999999  -0.081387039999999994  0.20471358000000001
1254    -3.0959658999999999  -0.11278963  0.14622402000000001
1255    -3.0959658999999999  -0.11278963  0.20471358000000001
1256    -3.0541532  -0.011325836000000001  0.14622402000000001
1257    -3.0541532  -0.011325836000000001  0.20471358000000001
1258    -3.2352777000000001  -0.011697054  0.26320314
1259    -3.2324858000000001  -0.013429402999999999  0.29999494999999998
1260    -3.1592316999999999  -0.059028625000000001  0.26320314
1261    -3.1590102  -0.059171439999999999  0.29999494999999998
1262    -3.1882396000000002  -0.040381193000000003  0.26320314
1263    -3.1892176000000001  -0.039768457  0.29999494999999998
1264    -3.1000375999999998  -0.23261403999999999  0.26320314
1265    -3.1000128  -0.23259115  0.29999494999999998
1266    -3.0688580000000001  -0.19994712000000001  0.26320314
1267    -3.0688580000000001  -0.19994687999999999  0.29999494999999998
1268    -3.0789854999999999  -0.14269018  0.26320314
1269    -3.0761113  -0.15073943000000001  0.29999494999999998
1270    -3.1254553999999999  -0.081387039999999994  0.26320314
1271    -3.1320684000000001  -0.075907946000000004  0.29999494999999998
1272    -3.1283729999999998  -0.028742074999999999  0.29999494999999998
1273    -3.0959658999999999  -0.11278963  0.26320314
1274    -3.0985100000000001  -0.109341145  0.29999494999999998
1275    -3.0541532  -0.011325836000000001  0.26320314
1276    -3.0549295000000001  -0.010661840000000001  0.29999494999999998
1277    -3.0359026999999998  -0.29661535999999999  0.029244900000000001
1278    -3.0359026999999998  -0.29661535999999999  0.08773446
1279    -3.0043777999999999  -0.26161669999999998  0.029244900000000001
1280    -3.0043777999999999  -0.26161669999999998  0.08773446
1281    -3.0359026999999998  -0.29661535999999999  0.14622402000000001
1282    -3.0359026999999998  -0.29661535999999999  0.20471358000000001
1283    -3.0043777999999999  -0.26161669999999998  0.14622402000000001
1284    -3.0043777999999999  -0.26161669999999998  0.20471358000000001
1285    -2.8641844000000001  -0.34050322  0.029244900000000001
1286    -2.8641844000000001  -0.34050322  0.08773446
1287    -2.8641844000000001  -0.26270031999999999  0.029244900000000001
1288    -2.8641844000000001  -0.26270031999999999  0.08773446
1289    -2.8641844000000001  -0.34050322  0.14622402000000001
1290    -2.8641844000000001  -0.34050322  0.20471358000000001
1291    -2.8641844000000001  -0.26270031999999999  0.14622402000000001
1292    -2.8641844000000001  -0.26270031999999999  0.20471358000000001
1293    -3.0359026999999998  -0.29661535999999999  0.26320314
1294    -3.0359403999999999  -0.29665160000000002  0.29999494999999998
1295    -3.0043777999999999  -0.26161669999999998  0.26320314
1296    -3.0106342000000001  -0.27228140000000001  0.29999494999999998
1297    -2.8641844000000001  -0.34050322  0.26320314
1298    -2.8641844000000001  -0.34050322  0.29999494999999998
1299    -2.8641844000000001  -0.26270031999999999  0.26320314
1300    -2.8641844000000001  -0.26270031999999999  0.29999494999999998
1301    -2.9849595999999998  -0.20497751  0.029244900000000001
1302    -2.9849595999999998  -0.20497751  0.08773446
1303    -2.9826796  -0.14565206  0.029244900000000001
1304    -2.9826796  -0.14565206  0.08773446
1305    -2.9849595999999998  -0.20497751  0.14622402000000001
1306    -2.9849595999999998  -0.20497751  0.20471358000000001
1307    -2.9826796  -0.14565206  0.14622402000000001
1308    -2.9826796  -0.14565206  0.20471358000000001
1309    -2.9905982  -0.092189069999999998  0.029244900000000001
1310    -2.9905982  -0.092189069999999998  0.08773446
1311    -3.0257974000000001  -0.040267706  0.029244900000000001
1312    -3.0257974000000001  -0.040267706  0.08773446
1313    -2.9905982  -0.092189069999999998  0.14622402000000001
1314    -2.9905982  -0.092189069999999998  0.20471358000000001
1315    -3.0257974000000001  -0.040267706  0.14622402000000001
1316    -3.0257974000000001  -0.040267706  0.20471358000000001
1317    -2.8641844000000001  -0.20421075999999999  0.029244900000000001
1318    -2.8641844000000001  -0.20421075999999999  0.08773446
1319    -2.8641844000000001  -0.1457212  0.029244900000000001
1320    -2.8641844000000001  -0.1457212  0.08773446
1321    -2.8641844000000001  -0.20421075999999999  0.14622402000000001
1322    -2.8641844000000001  -0.20421075999999999  0.20471358000000001
1323    -2.8641844000000001  -0.1457212  0.14622402000000001
1324    -2.8641844000000001  -0.1457212  0.20471358000000001
1325    -2.8641844000000001  -0.087231636000000001  0.029244900000000001
1326    -2.8641844000000001  -0.087231636000000001  0.08773446
1327    -2.8641844000000001  -0.028742074999999999  0.029244900000000001
1328    -2.8641844000000001  -0.028742074999999999  0.08773446
1329    -2.8641844000000001  -0.087231636000000001  0.14622402000000001
1330    -2.8641844000000001  -0.087231636000000001  0.20471358000000001
1331    -2.8641844000000001  -0.028742074999999999  0.14622402000000001
1332    -2.8641844000000001  -0.028742074999999999  0.20471358000000001
1333    -2.9849595999999998  -0.20497751  0.26320314
1334    -2.9859328000000001  -0.20990275999999999  0.29999494999999998
1335    -2.9826796  -0.14565206  0.26320314
1336    -2.9826983999999999  -0.14492606999999999  0.29999494999999998
1337    -2.9905982  -0.092189069999999998  0.26320314
1338    -2.9905984000000001  -0.092189069999999998  0.29999494999999998
1339    -3.0257974000000001  -0.040267706  0.26320314
1340    -3.0249329  -0.041298389999999997  0.29999494999999998
1341    -2.8641844000000001  -0.20421075999999999  0.26320314
1342    -2.8641844000000001  -0.20421075999999999  0.29999494999999998
1343    -2.8641844000000001  -0.1457212  0.26320314
1344    -2.8641844000000001  -0.1457212  0.29999494999999998
1345    -2.8641844000000001  -0.087231636000000001  0.26320314
1346    -2.8641844000000001  -0.087231636000000001  0.29999494999999998
1347    -2.8641844000000001  -0.028742074999999999  0.26320314
1348    -2.8641844000000001  -0.028742074999999999  0.29999494999999998
1349    -2.7661829999999998  -0.34050322  0.029244900000000001
1350    -2.7661829999999998  -0.34050322  0.08773446
1351    -2.7661829999999998  -0.26270031999999999  0.029244900000000001
1352    -2.7661829999999998  -0.26270031999999999  0.08773446
1353    -2.7661829999999998  -0.34050322  0.14622402000000001
1354    -2.7661829999999998  -0.34050322  0.20471358000000001
1355    -2.7661829999999998  -0.26270031999999999  0.14622402000000001
1356    -2.7661829999999998  -0.26270031999999999  0.20471358000000001
1357    -2.7661829999999998  -0.34050322  0.26320314
1358    -2.7661829999999998  -0.34050322  0.29999494999999998
1359    -2.7661829999999998  -0.26270031999999999  0.26320314
1360    -2.7661829999999998  -0.26270031999999999  0.29999494999999998
1361    -2.7661829999999998  -0.20421075999999999  0.029244900000000001
1362    -2.7661829999999998  -0.20421075999999999  0.08773446
1363    -2.7661829999999998  -0.1457212  0.029244900000000001
1364    -2.7661829999999998  -0.1457212  0.08773446
1365    -2.7661829999999998  -0.20421075999999999  0.14622402000000001
1366    -2.7661829999999998  -0.20421075999999999  0.20471358000000001
1367    -2.7661829999999998  -0.1457212  0.14622402000000001
1368    -2.7661829999999998  -0.1457212  0.20471358000000001
1369    -2.7661829999999998  -0.087231636000000001  0.029244900000000001
1370    -2.7661829999999998  -0.087231636000000001  0.08773446
1371    -2.7661829999999998  -0.028742074999999999  0.029244900000000001
1372    -2.7661829999999998  -0.028742074999999999  0.08773446
1373    -2.7661829999999998  -0.087231636000000001  0.14622402000000001
1374    -2.7661829999999998  -0.087231636000000001  0.20471358000000001
1375    -2.7661829999999998  -0.028742074999999999  0.14622402000000001
1376    -2.7661829999999998  -0.028742074999999999  0.20471358000000001
1377    -2.5801655999999999  -0.18603826000000001  0.029244900000000001
1378    -2.5801655999999999  -0.18603826000000001  0.08773446
1379    -2.6008963999999999  -0.14657377999999999  0.029244900000000001
1380    -2.6008963999999999  -0.14657377999999999  0.08773446
1381    -2.5801655999999999  -0.18603826000000001  0.14622402000000001
1382    -2.5801655999999999  -0.18603826000000001  0.20471358000000001
1383    -2.6008963999999999  -0.14657377999999999  0.14622402000000001
1384    -2.6008963999999999  -0.14657377999999999  0.20471358000000001
1385    -2.6207379999999998  -0.087764024999999996  0.029244900000000001
1386    -2.6207379999999998  -0.087764024999999996  0.08773446
1387    -2.6317724999999998  -0.028995989999999999  0.029244900000000001
1388    -2.6317724999999998  -0.028995989999999999  0.08773446
1389    -2.6207379999999998  -0.087764024999999996  0.14622402000000001
1390    -2.6207379999999998  -0.087764024999999996  0.20471358000000001
1391    -2.6317724999999998  -0.028995989999999999  0.14622402000000001
1392    -2.6317724999999998  -0.028995989999999999  0.20471358000000001
1393    -2.7661829999999998  -0.20421075999999999  0.26320314
1394    -2.7661829999999998  -0.20421075999999999  0.29999494999999998
1395    -2.7661829999999998  -0.1457212  0.26320314
1396    -2.7661829999999998  -0.1457212  0.29999494999999998
1397    -2.7661829999999998  -0.087231636000000001  0.26320314
1398    -2.7661829999999998  -0.087231636000000001  0.29999494999999998
1399    -2.7661829999999998  -0.028742074999999999  0.26320314
1400    -2.7661829999999998  -0.028742074999999999  0.29999494999999998
1401    -2.5801655999999999  -0.18603826000000001  0.26320314
1402    -2.5811386000000001  -0.18440603999999999  0.29999494999999998
1403    -2.6008963999999999  -0.14657377999999999  0.26320314
1404    -2.5989084  -0.15126966999999999  0.29999494999999998
1405    -2.6207379999999998  -0.087764024999999996  0.26320314
1406    -2.6191650000000002  -0.093573089999999998  0.29999494999999998
1407    -2.6317724999999998  -0.028995989999999999  0.26320314
1408    -2.6316535000000001  -0.030802965000000002  0.29999494999999998
1409    -2.5298786  -0.24881028999999999  0.029244900000000001
1410    -2.5298786  -0.24881028999999999  0.08773446
1411    -2.4647592999999999  -0.29760431999999998  0.029244900000000001
1412    -2.4647592999999999  -0.29760431999999998  0.08773446
1413    -2.4949859999999999  -0.27840543000000001  0.029244900000000001
1414    -2.4949859999999999  -0.27840543000000001  0.08773446
1415    -2.5298786  -0.24881028999999999  0.14622402000000001
1416    -2.5298786  -0.24881028999999999  0.20471358000000001
1417    -2.4647592999999999  -0.29760431999999998  0.14622402000000001
1418    -2.4647592999999999  -0.29760431999999998  0.20471358000000001
1419    -2.4949859999999999  -0.27840543000000001  0.14622402000000001
1420    -2.4949859999999999  -0.27840543000000001  0.20471358000000001
1421    -2.4282192999999999  -0.31946516000000003  0.029244900000000001
1422    -2.4282192999999999  -0.31946516000000003  0.08773446
1423    -2.3684552000000001  -0.33731699999999998  0.029244900000000001
1424    -2.3684552000000001  -0.33731699999999998  0.08773446
1425    -2.3600066000000002  -0.24213456999999999  0.029244900000000001
1426    -2.3600066000000002  -0.24213456999999999  0.08773446
1427    -2.4282192999999999  -0.31946516000000003  0.14622402000000001
1428    -2.4282192999999999  -0.31946516000000003  0.20471358000000001
1429    -2.3684552000000001  -0.33731699999999998  0.14622402000000001
1430    -2.3684552000000001  -0.33731699999999998  0.20471358000000001
1431    -2.3600066000000002  -0.24213456999999999  0.14622402000000001
1432    -2.3600066000000002  -0.24213456999999999  0.20471358000000001
1433    -2.5298786  -0.24881028999999999  0.26320314
1434    -2.5296987999999998  -0.24898100000000001  0.29999494999999998
1435    -2.4647592999999999  -0.29760431999999998  0.26320314
1436    -2.4634523000000002  -0.29842447999999999  0.29999494999999998
1437    -2.4949859999999999  -0.27840543000000001  0.26320314
1438    -2.494472  -0.27877784  0.29999494999999998
1439    -2.4282192999999999  -0.31946516000000003  0.26320314
1440    -2.4327388000000001  -0.31738305  0.29999494999999998
1441    -2.426498  -0.26270031999999999  0.29999494999999998
1442    -2.3684552000000001  -0.33731699999999998  0.26320314
1443    -2.3735008  -0.33607720000000002  0.29999494999999998
1444    -2.3600066000000002  -0.24213456999999999  0.26320314
1445    -2.3634324000000002  -0.24086284999999999  0.29999494999999998
1446    -2.5594286999999998  -0.21584987999999999  0.029244900000000001
1447    -2.5594286999999998  -0.21584987999999999  0.08773446
1448    -2.4594206999999999  -0.17893266999999999  0.029244900000000001
1449    -2.4594206999999999  -0.17893266999999999  0.08773446
1450    -2.4871888000000002  -0.14856934999999999  0.029244900000000001
1451    -2.4871888000000002  -0.14856934999999999  0.08773446
1452    -2.5594286999999998  -0.21584987999999999  0.14622402000000001
1453    -2.5594286999999998  -0.21584987999999999  0.20471358000000001
1454    -2.4594206999999999  -0.17893266999999999  0.14622402000000001
1455    -2.4594206999999999  -0.17893266999999999  0.20471358000000001
1456    -2.4871888000000002  -0.14856934999999999  0.14622402000000001
1457    -2.4871888000000002  -0.14856934999999999  0.20471358000000001
1458    -2.5195937000000002  -0.07393479  0.029244900000000001
1459    -2.5195937000000002  -0.07393479  0.08773446
1460    -2.5297877999999998  -0.0289886  0.029244900000000001
1461    -2.5297877999999998  -0.0289886  0.08773446
1462    -2.5096014000000002  -0.1032908  0.029244900000000001
1463    -2.5096014000000002  -0.1032908  0.08773446
1464    -2.5195937000000002  -0.07393479  0.14622402000000001
1465    -2.5195937000000002  -0.07393479  0.20471358000000001
1466    -2.5297877999999998  -0.0289886  0.14622402000000001
1467    -2.5297877999999998  -0.0289886  0.20471358000000001
1468    -2.5096014000000002  -0.1032908  0.14622402000000001
1469    -2.5096014000000002  -0.1032908  0.20471358000000001
1470    -2.4296570000000002  -0.20821333  0.029244900000000001
1471    -2.4296570000000002  -0.20821333  0.08773446
1472    -2.389049  -0.23017406000000001  0.029244900000000001
1473    -2.389049  -0.23017406000000001  0.08773446
1474    -2.4296570000000002  -0.20821333  0.14622402000000001
1475    -2.4296570000000002  -0.20821333  0.20471358000000001
1476    -2.389049  -0.23017406000000001  0.14622402000000001
1477    -2.389049  -0.23017406000000001  0.20471358000000001
1478    -2.5594286999999998  -0.21584987999999999  0.26320314
1479    -2.5596766  -0.21553945999999999  0.29999494999999998
1480    -2.5434770000000002  -0.1457212  0.29999494999999998
1481    -2.4594206999999999  -0.17893266999999999  0.26320314
1482    -2.4587379999999999  -0.17966866000000001  0.29999494999999998
1483    -2.4871888000000002  -0.14856934999999999  0.26320314
1484    -2.4922656999999999  -0.14127087999999999  0.29999494999999998
1485    -2.5195937000000002  -0.07393479  0.26320314
1486    -2.5174894000000001  -0.08179736  0.29999494999999998
1487    -2.5297877999999998  -0.0289886  0.26320314
1488    -2.5298853000000001  -0.027483463  0.29999494999999998
1489    -2.5096014000000002  -0.1032908  0.26320314
1490    -2.5082621999999999  -0.106472015  0.29999494999999998
1491    -2.4296570000000002  -0.20821333  0.26320314
1492    -2.4225246999999999  -0.21405648999999999  0.29999494999999998
1493    -2.389049  -0.23017406000000001  0.26320314
1494    -2.3907406  -0.22928429  0.29999494999999998
1495    -2.3097284  -0.34752822  0.029244900000000001
1496    -2.3097284  -0.34752822  0.08773446
1497    -2.3101286999999999  -0.25657010000000002  0.029244900000000001
1498    -2.3101286999999999  -0.25657010000000002  0.08773446
1499    -2.2510385999999998  -0.34996843  0.029244900000000001
1500    -2.2510385999999998  -0.34996843  0.08773446
1501    -2.2509918  -0.26016616999999997  0.029244900000000001
1502    -2.2509918  -0.26016616999999997  0.08773446
1503    -2.3097284  -0.34752822  0.14622402000000001
1504    -2.3097284  -0.34752822  0.20471358000000001
1505    -2.3101286999999999  -0.25657010000000002  0.14622402000000001
1506    -2.3101286999999999  -0.25657010000000002  0.20471358000000001
1507    -2.2510385999999998  -0.34996843  0.14622402000000001
1508    -2.2510385999999998  -0.34996843  0.20471358000000001
1509    -2.2509918  -0.26016616999999997  0.14622402000000001
1510    -2.2509918  -0.26016616999999997  0.20471358000000001
1511    -2.1923803999999998  -0.34647489999999997  0.029244900000000001
1512    -2.1923803999999998  -0.34647489999999997  0.08773446
1513    -2.1921978000000002  -0.255471  0.029244900000000001
1514    -2.1921978000000002  -0.255471  0.08773446
1515    -2.1336846  -0.33691262999999999  0.029244900000000001
1516    -2.1336846  -0.33691262999999999  0.08773446
1517    -2.1355027999999998  -0.24203730000000001  0.029244900000000001
1518    -2.1355027999999998  -0.24203730000000001  0.08773446
1519    -2.1923803999999998  -0.34647489999999997  0.14622402000000001
1520    -2.1923803999999998  -0.34647489999999997  0.20471358000000001
1521    -2.1921978000000002  -0.255471  0.14622402000000001
1522    -2.1921978000000002  -0.255471  0.20471358000000001
1523    -2.1336846  -0.33691262999999999  0.14622402000000001
1524    -2.1336846  -0.33691262999999999  0.20471358000000001
1525    -2.1355027999999998  -0.24203730000000001  0.14622402000000001
1526    -2.1355027999999998  -0.24203730000000001  0.20471358000000001
1527    -2.3097284  -0.34752822  0.26320314
1528    -2.3128912000000001  -0.34715128000000001  0.29999494999999998
1529    -2.3101286999999999  -0.25657010000000002  0.26320314
1530    -2.3068194000000002  -0.25715159999999998  0.29999494999999998
1531    -2.2510385999999998  -0.34996843  0.26320314
1532    -2.251217  -0.34996724000000001  0.29999494999999998
1533    -2.2509918  -0.26016616999999997  0.26320314
1534    -2.251287  -0.26017118  0.29999494999999998
1535    -2.1923803999999998  -0.34647489999999997  0.26320314
1536    -2.1897533  -0.34621167000000003  0.29999494999999998
1537    -2.1921978000000002  -0.255471  0.26320314
1538    -2.1952634  -0.25597143  0.29999494999999998
1539    -2.1336846  -0.33691262999999999  0.26320314
1540    -2.129235  -0.33595538000000003  0.29999494999999998
1541    -2.1355027999999998  -0.24203730000000001  0.26320314
1542    -2.1339177999999999  -0.2416017  0.29999494999999998
1543    -2.2361852999999998  -0.092500689999999997  0.029244900000000001
1544    -2.2361852999999998  -0.092500689999999997  0.08773446
1545    -2.2361852999999998  -0.0045022964000000004  0.029244900000000001
1546    -2.2361852999999998  -0.0045022964000000004  0.08773446
1547    -2.2361852999999998  -0.092500689999999997  0.14622402000000001
1548    -2.2361852999999998  -0.092500689999999997  0.20471358000000001
1549    -2.2361852999999998  -0.0045022964000000004  0.14622402000000001
1550    -2.2361852999999998  -0.0045022964000000004  0.20471358000000001
1551    -2.1051834  -0.23249887999999999  0.029244900000000001
1552    -2.1051834  -0.23249887999999999  0.08773446
1553    -2.1051836000000002  -0.1457212  0.029244900000000001
1554    -2.1051836000000002  -0.1457212  0.08773446
1555    -2.1051834  -0.23249887999999999  0.14622402000000001
1556    -2.1051834  -0.23249887999999999  0.20471358000000001
1557    -2.1051836000000002  -0.1457212  0.14622402000000001
1558    -2.1051836000000002  -0.1457212  0.20471358000000001
1559    -2.1925395000000001  -0.092500689999999997  0.029244900000000001
1560    -2.1925395000000001  -0.092500689999999997  0.08773446
1561    -2.1925395000000001  -0.0045022964000000004  0.029244900000000001
1562    -2.1925395000000001  -0.0045022964000000004  0.08773446
1563    -2.1051836000000002  -0.092500689999999997  0.029244900000000001
1564    -2.1051836000000002  -0.092500689999999997  0.08773446
1565    -2.1340499999999998  -0.0045022964000000004  0.029244900000000001
1566    -2.1340499999999998  -0.0045022964000000004  0.08773446
1567    -2.1925395000000001  -0.092500689999999997  0.14622402000000001
1568    -2.1925395000000001  -0.092500689999999997  0.20471358000000001
1569    -2.1925395000000001  -0.0045022964000000004  0.14622402000000001
1570    -2.1925395000000001  -0.0045022964000000004  0.20471358000000001
1571    -2.1051836000000002  -0.092500689999999997  0.14622402000000001
1572    -2.1051836000000002  -0.092500689999999997  0.20471358000000001
1573    -2.1340499999999998  -0.0045022964000000004  0.14622402000000001
1574    -2.1340499999999998  -0.0045022964000000004  0.20471358000000001
1575    -2.2361852999999998  -0.092500689999999997  0.26320314
1576    -2.2361852999999998  -0.092500689999999997  0.29999494999999998
1577    -2.2361852999999998  -0.0045022964000000004  0.26320314
1578    -2.2361852999999998  -0.0045022964000000004  0.29999494999999998
1579    -2.1051834  -0.23249887999999999  0.26320314
1580    -2.1051834  -0.23249887999999999  0.29999494999999998
1581    -2.1051836000000002  -0.1457212  0.26320314
1582    -2.1051836000000002  -0.1457212  0.29999494999999998
1583    -2.1925395000000001  -0.092500689999999997  0.26320314
1584    -2.1925395000000001  -0.092500689999999997  0.29999494999999998
1585    -2.1925395000000001  -0.0045022964000000004  0.26320314
1586    -2.1925395000000001  -0.0045022964000000004  0.29999494999999998
1587    -2.1051836000000002  -0.092500689999999997  0.26320314
1588    -2.1051836000000002  -0.092500689999999997  0.29999494999999998
1589    -2.1340499999999998  -0.0045022964000000004  0.26320314
1590    -2.1340499999999998  -0.0045022964000000004  0.29999494999999998
1591    -2.0750617999999998  -0.32066894000000001  0.029244900000000001
1592    -2.0750617999999998  -0.32066894000000001  0.08773446
1593    -2.0071821000000001  -0.29424644  0.029244900000000001
1594    -2.0071821000000001  -0.29424644  0.08773446
1595    -2.0071821000000001  -0.26270031999999999  0.029244900000000001
1596    -2.0071821000000001  -0.26270031999999999  0.08773446
1597    -2.0750617999999998  -0.32066894000000001  0.14622402000000001
1598    -2.0750617999999998  -0.32066894000000001  0.20471358000000001
1599    -2.0071821000000001  -0.29424644  0.14622402000000001
1600    -2.0071821000000001  -0.29424644  0.20471358000000001
1601    -2.0071821000000001  -0.26270031999999999  0.14622402000000001
1602    -2.0071821000000001  -0.26270031999999999  0.20471358000000001
1603    -2.0750617999999998  -0.32066894000000001  0.26320314
1604    -2.0709843999999999  -0.31931209999999999  0.29999494999999998
1605    -2.0755602999999998  -0.26270031999999999  0.29999494999999998
1606    -2.0071821000000001  -0.29424644  0.26320314
1607    -2.0071816  -0.29424644  0.29999494999999998
1608    -2.0071821000000001  -0.26270031999999999  0.26320314
1609    -2.0071821000000001  -0.26270031999999999  0.29999494999999998
1610    -2.0071821000000001  -0.20421075999999999  0.029244900000000001
1611    -2.0071821000000001  -0.20421075999999999  0.08773446
1612    -2.0071821000000001  -0.1457212  0.029244900000000001
1613    -2.0071821000000001  -0.1457212  0.08773446
1614    -2.0071821000000001  -0.20421075999999999  0.14622402000000001
1615    -2.0071821000000001  -0.20421075999999999  0.20471358000000001
1616    -2.0071821000000001  -0.1457212  0.14622402000000001
1617    -2.0071821000000001  -0.1457212  0.20471358000000001
1618    -2.0755602999999998  -0.0045022964000000004  0.029244900000000001
1619    -2.0755602999999998  -0.0045022964000000004  0.08773446
1620    -2.0071821000000001  -0.087231636000000001  0.029244900000000001
1621    -2.0071821000000001  -0.087231636000000001  0.08773446
1622    -2.0071821000000001  -0.0045022964000000004  0.029244900000000001
1623    -2.0071821000000001  -0.0045022964000000004  0.08773446
1624    -2.0755602999999998  -0.0045022964000000004  0.14622402000000001
1625    -2.0755602999999998  -0.0045022964000000004  0.20471358000000001
1626    -2.0071821000000001  -0.087231636000000001  0.14622402000000001
1627    -2.0071821000000001  -0.087231636000000001  0.20471358000000001
1628    -2.0071821000000001  -0.0045022964000000004  0.14622402000000001
1629    -2.0071821000000001  -0.0045022964000000004  0.20471358000000001
1630    -1.8733736999999999  -0.070656300000000005  0.029244900000000001
1631    -1.8733736999999999  -0.070656300000000005  0.08773446
1632    -1.8817729999999999  -0.028995752  0.029244900000000001
1633    -1.8817729999999999  -0.028995752  0.08773446
1634    -1.8733736999999999  -0.070656300000000005  0.14622402000000001
1635    -1.8733736999999999  -0.070656300000000005  0.20471358000000001
1636    -1.8817729999999999  -0.028995752  0.14622402000000001
1637    -1.8817729999999999  -0.028995752  0.20471358000000001
1638    -2.0755602999999998  -0.20421075999999999  0.29999494999999998
1639    -2.0755602999999998  -0.1457212  0.29999494999999998
1640    -2.0071821000000001  -0.20421075999999999  0.26320314
1641    -2.0071821000000001  -0.20421075999999999  0.29999494999999998
1642    -2.0071821000000001  -0.1457212  0.26320314
1643    -2.0071821000000001  -0.1457212  0.29999494999999998
1644    -2.0755602999999998  -0.087231636000000001  0.29999494999999998
1645    -2.0755602999999998  -0.0045022964000000004  0.26320314
1646    -2.0755602999999998  -0.0045022964000000004  0.29999494999999998
1647    -2.0071821000000001  -0.087231636000000001  0.26320314
1648    -2.0071821000000001  -0.087231636000000001  0.29999494999999998
1649    -2.0071821000000001  -0.0045022964000000004  0.26320314
1650    -2.0071821000000001  -0.0045022964000000004  0.29999494999999998
1651    -1.8733736999999999  -0.070656300000000005  0.26320314
1652    -1.8741517000000001  -0.066756250000000003  0.29999494999999998
1653    -1.8817729999999999  -0.028995752  0.26320314
1654    -1.8817579  -0.029226780000000001  0.29999494999999998
1655    -1.7750102000000001  -0.25344752999999998  0.029244900000000001
1656    -1.7750102000000001  -0.25344752999999998  0.08773446
1657    -1.7750102000000001  -0.25344752999999998  0.14622402000000001
1658    -1.7750102000000001  -0.25344752999999998  0.20471358000000001
1659    -1.7100837  -0.30105162000000002  0.029244900000000001
1660    -1.7100837  -0.30105162000000002  0.08773446
1661    -1.7395406  -0.2823522  0.029244900000000001
1662    -1.7395406  -0.2823522  0.08773446
1663    -1.6668508  -0.32172465  0.029244900000000001
1664    -1.6668508  -0.32172465  0.08773446
1665    -1.7100837  -0.30105162000000002  0.14622402000000001
1666    -1.7100837  -0.30105162000000002  0.20471358000000001
1667    -1.7395406  -0.2823522  0.14622402000000001
1668    -1.7395406  -0.2823522  0.20471358000000001
1669    -1.6668508  -0.32172465  0.14622402000000001
1670    -1.6668508  -0.32172465  0.20471358000000001
1671    -1.7750102000000001  -0.25344752999999998  0.26320314
1672    -1.7746420999999999  -0.25379847999999999  0.29999494999999998
1673    -1.7100837  -0.30105162000000002  0.26320314
1674    -1.7075583999999999  -0.30241537000000002  0.29999494999999998
1675    -1.7395406  -0.2823522  0.26320314
1676    -1.7382152  -0.28331208000000002  0.29999494999999998
1677    -1.6668508  -0.32172465  0.26320314
1678    -1.6715202  -0.31993221999999999  0.29999494999999998
1679    -1.6661332  -0.26270031999999999  0.29999494999999998
1680    -1.8255205000000001  -0.19383812  0.029244900000000001
1681    -1.8255205000000001  -0.19383812  0.08773446
1682    -1.850892  -0.14657234999999999  0.029244900000000001
1683    -1.850892  -0.14657234999999999  0.08773446
1684    -1.8037628000000001  -0.22294235000000001  0.029244900000000001
1685    -1.8037628000000001  -0.22294235000000001  0.08773446
1686    -1.8255205000000001  -0.19383812  0.14622402000000001
1687    -1.8255205000000001  -0.19383812  0.20471358000000001
1688    -1.850892  -0.14657234999999999  0.14622402000000001
1689    -1.850892  -0.14657234999999999  0.20471358000000001
1690    -1.8037628000000001  -0.22294235000000001  0.14622402000000001
1691    -1.8037628000000001  -0.22294235000000001  0.20471358000000001
1692    -1.8673643  -0.10020566  0.029244900000000001
1693    -1.8673643  -0.10020566  0.08773446
1694    -1.7672619000000001  -0.087803839999999994  0.029244900000000001
1695    -1.7672619000000001  -0.087803839999999994  0.08773446
1696    -1.7797856000000001  -0.028988123000000001  0.029244900000000001
1697    -1.7797856000000001  -0.028988123000000001  0.08773446
1698    -1.8673643  -0.10020566  0.14622402000000001
1699    -1.8673643  -0.10020566  0.20471358000000001
1700    -1.7672619000000001  -0.087803839999999994  0.14622402000000001
1701    -1.7672619000000001  -0.087803839999999994  0.20471358000000001
1702    -1.7797856000000001  -0.028988123000000001  0.14622402000000001
1703    -1.7797856000000001  -0.028988123000000001  0.20471358000000001
1704    -1.7048239999999999  -0.18428779000000001  0.029244900000000001
1705    -1.7048239999999999  -0.18428779000000001  0.08773446
1706    -1.7371886000000001  -0.14857101  0.029244900000000001
1707    -1.7371886000000001  -0.14857101  0.08773446
1708    -1.6685829000000001  -0.21541524000000001  0.029244900000000001
1709    -1.6685829000000001  -0.21541524000000001  0.08773446
1710    -1.7048239999999999  -0.18428779000000001  0.14622402000000001
1711    -1.7048239999999999  -0.18428779000000001  0.20471358000000001
1712    -1.7371886000000001  -0.14857101  0.14622402000000001
1713    -1.7371886000000001  -0.14857101  0.20471358000000001
1714    -1.6685829000000001  -0.21541524000000001  0.14622402000000001
1715    -1.6685829000000001  -0.21541524000000001  0.20471358000000001
1716    -1.7534778  -0.11570525  0.029244900000000001
1717    -1.7534778  -0.11570525  0.08773446
1718    -1.7534778  -0.11570525  0.14622402000000001
1719    -1.7534778  -0.11570525  0.20471358000000001
1720    -1.8255205000000001  -0.19383812  0.26320314
1721    -1.8271371000000001  -0.19112514999999999  0.29999494999999998
1722    -1.850892  -0.14657234999999999  0.26320314
1723    -1.8481177  -0.15312766999999999  0.29999494999999998
1724    -1.8037628000000001  -0.22294235000000001  0.26320314
1725    -1.8049877000000001  -0.22140979999999999  0.29999494999999998
1726    -1.7831124  -0.1457212  0.29999494999999998
1727    -1.8673643  -0.10020566  0.26320314
1728    -1.8693483  -0.092879295000000001  0.29999494999999998
1729    -1.841602  -0.028742074999999999  0.29999494999999998
1730    -1.7672619000000001  -0.087803839999999994  0.26320314
1731    -1.7671907  -0.088011980000000004  0.29999494999999998
1732    -1.7797856000000001  -0.028988123000000001  0.26320314
1733    -1.7798615  -0.027818440999999999  0.29999494999999998
1734    -1.7048239999999999  -0.18428779000000001  0.26320314
1735    -1.7053607  -0.18378377000000001  0.29999494999999998
1736    -1.7371886000000001  -0.14857101  0.26320314
1737    -1.7405752999999999  -0.14370155000000001  0.29999494999999998
1738    -1.6685829000000001  -0.21541524000000001  0.26320314
1739    -1.6636677  -0.21844077000000001  0.29999494999999998
1740    -1.7534778  -0.11570525  0.26320314
1741    -1.753401  -0.11585784  0.29999494999999998
1742    -1.6080878000000001  -0.33986259000000002  0.029244900000000001
1743    -1.6080878000000001  -0.33986259000000002  0.08773446
1744    -1.6053302  -0.24554944000000001  0.029244900000000001
1745    -1.6053302  -0.24554944000000001  0.08773446
1746    -1.5493634000000001  -0.34876417999999998  0.029244900000000001
1747    -1.5493634000000001  -0.34876417999999998  0.08773446
1748    -1.5493471999999999  -0.25654650000000001  0.029244900000000001
1749    -1.5493471999999999  -0.25654650000000001  0.08773446
1750    -1.6080878000000001  -0.33986259000000002  0.14622402000000001
1751    -1.6080878000000001  -0.33986259000000002  0.20471358000000001
1752    -1.6053302  -0.24554944000000001  0.14622402000000001
1753    -1.6053302  -0.24554944000000001  0.20471358000000001
1754    -1.5493634000000001  -0.34876417999999998  0.14622402000000001
1755    -1.5493634000000001  -0.34876417999999998  0.20471358000000001
1756    -1.5493471999999999  -0.25654650000000001  0.14622402000000001
1757    -1.5493471999999999  -0.25654650000000001  0.20471358000000001
1758    -1.4906428  -0.35036468999999998  0.029244900000000001
1759    -1.4906428  -0.35036468999999998  0.08773446
1760    -1.4905763000000001  -0.26041555  0.029244900000000001
1761    -1.4905763000000001  -0.26041555  0.08773446
1762    -1.4319477  -0.34526013999999999  0.029244900000000001
1763    -1.4319477  -0.34526013999999999  0.08773446
1764    -1.4318835999999999  -0.25324701999999999  0.029244900000000001
1765    -1.4318835999999999  -0.25324701999999999  0.08773446
1766    -1.4906428  -0.35036468999999998  0.14622402000000001
1767    -1.4906428  -0.35036468999999998  0.20471358000000001
1768    -1.4905763000000001  -0.26041555  0.14622402000000001
1769    -1.4905763000000001  -0.26041555  0.20471358000000001
1770    -1.4319477  -0.34526013999999999  0.14622402000000001
1771    -1.4319477  -0.34526013999999999  0.20471358000000001
1772    -1.4318835999999999  -0.25324701999999999  0.14622402000000001
1773    -1.4318835999999999  -0.25324701999999999  0.20471358000000001
1774    -1.6080878000000001  -0.33986259000000002  0.26320314
1775    -1.6134299999999999  -0.33855010000000002  0.29999494999999998
1776    -1.6053302  -0.24554944000000001  0.26320314
1777    -1.6074657000000001  -0.2449007  0.29999494999999998
1778    -1.5493634000000001  -0.34876417999999998  0.26320314
1779    -1.5525992  -0.34837817999999998  0.29999494999999998
1780    -1.5493471999999999  -0.25654650000000001  0.26320314
1781    -1.5472623999999999  -0.25678395999999998  0.29999494999999998
1782    -1.4906428  -0.35036468999999998  0.26320314
1783    -1.4903419  -0.35036135000000002  0.29999494999999998
1784    -1.4905763000000001  -0.26041555  0.26320314
1785    -1.4911506000000001  -0.26043486999999998  0.29999494999999998
1786    -1.4319477  -0.34526013999999999  0.26320314
1787    -1.4284699000000001  -0.34478282999999998  0.29999494999999998
1788    -1.4318835999999999  -0.25324701999999999  0.26320314
1789    -1.4353974  -0.25387929999999997  0.29999494999999998
1790    -1.6335846999999999  -0.23198509  0.029244900000000001
1791    -1.6335846999999999  -0.23198509  0.08773446
1792    -1.6335846999999999  -0.23198509  0.14622402000000001
1793    -1.6335846999999999  -0.23198509  0.20471358000000001
1794    -1.4861804999999999  -0.092500689999999997  0.029244900000000001
1795    -1.4861804999999999  -0.092500689999999997  0.08773446
1796    -1.4861804999999999  -0.0045022964000000004  0.029244900000000001
1797    -1.4861804999999999  -0.0045022964000000004  0.08773446
1798    -1.4321748999999999  -0.092500689999999997  0.029244900000000001
1799    -1.4321748999999999  -0.092500689999999997  0.08773446
1800    -1.4321748999999999  -0.0045022964000000004  0.029244900000000001
1801    -1.4321748999999999  -0.0045022964000000004  0.08773446
1802    -1.4861804999999999  -0.092500689999999997  0.14622402000000001
1803    -1.4861804999999999  -0.092500689999999997  0.20471358000000001
1804    -1.4861804999999999  -0.0045022964000000004  0.14622402000000001
1805    -1.4861804999999999  -0.0045022964000000004  0.20471358000000001
1806    -1.4321748999999999  -0.092500689999999997  0.14622402000000001
1807    -1.4321748999999999  -0.092500689999999997  0.20471358000000001
1808    -1.4321748999999999  -0.0045022964000000004  0.14622402000000001
1809    -1.4321748999999999  -0.0045022964000000004  0.20471358000000001
1810    -1.6335846999999999  -0.23198509  0.26320314
1811    -1.6343219  -0.23165749999999999  0.29999494999999998
1812    -1.4861804999999999  -0.092500689999999997  0.26320314
1813    -1.4861804999999999  -0.092500689999999997  0.29999494999999998
1814    -1.4861804999999999  -0.0045022964000000004  0.26320314
1815    -1.4861804999999999  -0.0045022964000000004  0.29999494999999998
1816    -1.4321748999999999  -0.092500689999999997  0.26320314
1817    -1.4321748999999999  -0.092500689999999997  0.29999494999999998
1818    -1.4321748999999999  -0.0045022964000000004  0.26320314
1819    -1.4321748999999999  -0.0045022964000000004  0.29999494999999998
1820    -1.3734195  -0.33403015000000003  0.029244900000000001
1821    -1.3734195  -0.33403015000000003  0.08773446
1822    -1.3803711000000001  -0.24062586  0.029244900000000001
1823    -1.3803711000000001  -0.24062586  0.08773446
1824    -1.3146941999999999  -0.31721782999999998  0.029244900000000001
1825    -1.3146941999999999  -0.31721782999999998  0.08773446
1826    -1.3734195  -0.33403015000000003  0.14622402000000001
1827    -1.3734195  -0.33403015000000003  0.20471358000000001
1828    -1.3803711000000001  -0.24062586  0.14622402000000001
1829    -1.3803711000000001  -0.24062586  0.20471358000000001
1830    -1.3146941999999999  -0.31721782999999998  0.14622402000000001
1831    -1.3146941999999999  -0.31721782999999998  0.20471358000000001
1832    -1.2571843  -0.29424644  0.029244900000000001
1833    -1.2571843  -0.29424644  0.08773446
1834    -1.2571844999999999  -0.26270031999999999  0.029244900000000001
1835    -1.2571844999999999  -0.26270031999999999  0.08773446
1836    -1.2571843  -0.29424644  0.14622402000000001
1837    -1.2571843  -0.29424644  0.20471358000000001
1838    -1.2571844999999999  -0.26270031999999999  0.14622402000000001
1839    -1.2571844999999999  -0.26270031999999999  0.20471358000000001
1840    -1.3734195  -0.33403015000000003  0.26320314
1841    -1.3688471  -0.33295249999999998  0.29999494999999998
1842    -1.3803711000000001  -0.24062586  0.26320314
1843    -1.3760831  -0.23944736  0.29999494999999998
1844    -1.3146941999999999  -0.31721782999999998  0.26320314
1845    -1.3111345999999999  -0.31603335999999999  0.29999494999999998
1846    -1.3151956  -0.26270031999999999  0.29999494999999998
1847    -1.2571843  -0.29424644  0.26320314
1848    -1.2571840000000001  -0.29424620000000001  0.29999494999999998
1849    -1.2571844999999999  -0.26270031999999999  0.26320314
1850    -1.2571844999999999  -0.26270031999999999  0.29999494999999998
1851    -1.3551857  -0.23249865  0.029244900000000001
1852    -1.3551857  -0.23249865  0.08773446
1853    -1.355186  -0.1457212  0.029244900000000001
1854    -1.355186  -0.1457212  0.08773446
1855    -1.3551857  -0.23249865  0.14622402000000001
1856    -1.3551857  -0.23249865  0.20471358000000001
1857    -1.355186  -0.1457212  0.14622402000000001
1858    -1.355186  -0.1457212  0.20471358000000001
1859    -1.355186  -0.092500689999999997  0.029244900000000001
1860    -1.355186  -0.092500689999999997  0.08773446
1861    -1.3736851000000001  -0.0045022964000000004  0.029244900000000001
1862    -1.3736851000000001  -0.0045022964000000004  0.08773446
1863    -1.3151956  -0.0045022964000000004  0.029244900000000001
1864    -1.3151956  -0.0045022964000000004  0.08773446
1865    -1.355186  -0.092500689999999997  0.14622402000000001
1866    -1.355186  -0.092500689999999997  0.20471358000000001
1867    -1.3736851000000001  -0.0045022964000000004  0.14622402000000001
1868    -1.3736851000000001  -0.0045022964000000004  0.20471358000000001
1869    -1.3151956  -0.0045022964000000004  0.14622402000000001
1870    -1.3151956  -0.0045022964000000004  0.20471358000000001
1871    -1.2571844999999999  -0.20421075999999999  0.029244900000000001
1872    -1.2571844999999999  -0.20421075999999999  0.08773446
1873    -1.2571844999999999  -0.1457212  0.029244900000000001
1874    -1.2571844999999999  -0.1457212  0.08773446
1875    -1.2571844999999999  -0.20421075999999999  0.14622402000000001
1876    -1.2571844999999999  -0.20421075999999999  0.20471358000000001
1877    -1.2571844999999999  -0.1457212  0.14622402000000001
1878    -1.2571844999999999  -0.1457212  0.20471358000000001
1879    -1.2571844999999999  -0.087231636000000001  0.029244900000000001
1880    -1.2571844999999999  -0.087231636000000001  0.08773446
1881    -1.2571844999999999  -0.0045022964000000004  0.029244900000000001
1882    -1.2571844999999999  -0.0045022964000000004  0.08773446
1883    -1.2571844999999999  -0.087231636000000001  0.14622402000000001
1884    -1.2571844999999999  -0.087231636000000001  0.20471358000000001
1885    -1.2571844999999999  -0.0045022964000000004  0.14622402000000001
1886    -1.2571844999999999  -0.0045022964000000004  0.20471358000000001
1887    -1.3551857  -0.23249865  0.26320314
1888    -1.3551857  -0.23249865  0.29999494999999998
1889    -1.355186  -0.1457212  0.26320314
1890    -1.355186  -0.1457212  0.29999494999999998
1891    -1.3151956  -0.20421075999999999  0.29999494999999998
1892    -1.3151956  -0.1457212  0.29999494999999998
1893    -1.355186  -0.092500689999999997  0.26320314
1894    -1.355186  -0.092500689999999997  0.29999494999999998
1895    -1.3736851000000001  -0.0045022964000000004  0.26320314
1896    -1.3736851000000001  -0.0045022964000000004  0.29999494999999998
1897    -1.3151956  -0.087231636000000001  0.29999494999999998
1898    -1.3151956  -0.0045022964000000004  0.26320314
1899    -1.3151956  -0.0045022964000000004  0.29999494999999998
1900    -1.2571844999999999  -0.20421075999999999  0.26320314
1901    -1.2571844999999999  -0.20421075999999999  0.29999494999999998
1902    -1.2571844999999999  -0.1457212  0.26320314
1903    -1.2571844999999999  -0.1457212  0.29999494999999998
1904    -1.2571844999999999  -0.087231636000000001  0.26320314
1905    -1.2571844999999999  -0.087231636000000001  0.29999494999999998
1906    -1.2571844999999999  -0.0045022964000000004  0.26320314
1907    -1.2571844999999999  -0.0045022964000000004  0.29999494999999998
1908    -1.1031852  -0.34050322  0.029244900000000001
1909    -1.1031852  -0.34050322  0.08773446
1910    -1.1031852  -0.26270031999999999  0.029244900000000001
1911    -1.1031852  -0.26270031999999999  0.08773446
1912    -1.1031852  -0.34050322  0.14622402000000001
1913    -1.1031852  -0.34050322  0.20471358000000001
1914    -1.1031852  -0.26270031999999999  0.14622402000000001
1915    -1.1031852  -0.26270031999999999  0.20471358000000001
1916    -1.0051836999999999  -0.34050322  0.029244900000000001
1917    -1.0051836999999999  -0.34050322  0.08773446
1918    -1.0051836999999999  -0.26270031999999999  0.029244900000000001
1919    -1.0051836999999999  -0.26270031999999999  0.08773446
1920    -1.0051836999999999  -0.34050322  0.14622402000000001
1921    -1.0051836999999999  -0.34050322  0.20471358000000001
1922    -1.0051836999999999  -0.26270031999999999  0.14622402000000001
1923    -1.0051836999999999  -0.26270031999999999  0.20471358000000001
1924    -1.1031852  -0.34050322  0.26320314
1925    -1.1031852  -0.34050322  0.29999494999999998
1926    -1.1031852  -0.26270031999999999  0.26320314
1927    -1.1031852  -0.26270031999999999  0.29999494999999998
1928    -1.0051836999999999  -0.34050322  0.26320314
1929    -1.0051836999999999  -0.34050322  0.29999494999999998
1930    -1.0051836999999999  -0.26270031999999999  0.26320314
1931    -1.0051836999999999  -0.26270031999999999  0.29999494999999998
1932    -1.1031852  -0.20421075999999999  0.029244900000000001
1933    -1.1031852  -0.20421075999999999  0.08773446
1934    -1.1031852  -0.1457212  0.029244900000000001
1935    -1.1031852  -0.1457212  0.08773446
1936    -1.1031852  -0.20421075999999999  0.14622402000000001
1937    -1.1031852  -0.20421075999999999  0.20471358000000001
1938    -1.1031852  -0.1457212  0.14622402000000001
1939    -1.1031852  -0.1457212  0.20471358000000001
1940    -1.1031852  -0.087231636000000001  0.029244900000000001
1941    -1.1031852  -0.087231636000000001  0.08773446
1942    -1.1031852  -0.028742074999999999  0.029244900000000001
1943    -1.1031852  -0.028742074999999999  0.08773446
1944    -1.1031852  -0.087231636000000001  0.14622402000000001
1945    -1.1031852  -0.087231636000000001  0.20471358000000001
1946    -1.1031852  -0.028742074999999999  0.14622402000000001
1947    -1.1031852  -0.028742074999999999  0.20471358000000001
1948    -1.0051836999999999  -0.20421075999999999  0.029244900000000001
1949    -1.0051836999999999  -0.20421075999999999  0.08773446
1950    -1.0051836999999999  -0.1457212  0.029244900000000001
1951    -1.0051836999999999  -0.1457212  0.08773446
1952    -1.0051836999999999  -0.20421075999999999  0.14622402000000001
1953    -1.0051836999999999  -0.20421075999999999  0.20471358000000001
1954    -1.0051836999999999  -0.1457212  0.14622402000000001
1955    -1.0051836999999999  -0.1457212  0.20471358000000001
1956    -1.0051836999999999  -0.087231636000000001  0.029244900000000001
1957    -1.0051836999999999  -0.087231636000000001  0.08773446
1958    -1.0051836999999999  -0.044499636000000002  0.029244900000000001
1959    -1.0051836999999999  -0.044499636000000002  0.08773446
1960    -0.96387124000000002  -0.042610407000000003  0.029244900000000001
1961    -0.96387124000000002  -0.042610407000000003  0.08773446
1962    -1.0051836999999999  -0.087231636000000001  0.14622402000000001
1963    -1.0051836999999999  -0.087231636000000001  0.20471358000000001
1964    -1.0051836999999999  -0.044499636000000002  0.14622402000000001
1965    -1.0051836999999999  -0.044499636000000002  0.20471358000000001
1966    -0.96387124000000002  -0.042610407000000003  0.14622402000000001
1967    -0.96387124000000002  -0.042610407000000003  0.20471358000000001
1968    -1.1031852  -0.20421075999999999  0.26320314
1969    -1.1031852  -0.20421075999999999  0.29999494999999998
1970    -1.1031852  -0.1457212  0.26320314
1971    -1.1031852  -0.1457212  0.29999494999999998
1972    -1.1031852  -0.087231636000000001  0.26320314
1973    -1.1031852  -0.087231636000000001  0.29999494999999998
1974    -1.1031852  -0.028742074999999999  0.26320314
1975    -1.1031852  -0.028742074999999999  0.29999494999999998
1976    -1.0051836999999999  -0.20421075999999999  0.26320314
1977    -1.0051836999999999  -0.20421075999999999  0.29999494999999998
1978    -1.0051836999999999  -0.1457212  0.26320314
1979    -1.0051836999999999  -0.1457212  0.29999494999999998
1980    -1.0051836999999999  -0.087231636000000001  0.26320314
1981    -1.0051836999999999  -0.087231636000000001  0.29999494999999998
1982    -1.0051836999999999  -0.044499636000000002  0.26320314
1983    -1.0051836999999999  -0.044499636000000002  0.29999494999999998
1984    -0.96387124000000002  -0.042610407000000003  0.26320314
1985    -0.9665184  -0.042304516  0.29999494999999998
1986    -0.76077150000000004  -0.23536444000000001  0.029244900000000001
1987    -0.76077150000000004  -0.23536444000000001  0.08773446
1988    -0.71272800000000003  -0.31010412999999998  0.029244900000000001
1989    -0.71272800000000003  -0.31010412999999998  0.08773446
1990    -0.74197270000000004  -0.26460934000000003  0.029244900000000001
1991    -0.74197270000000004  -0.26460934000000003  0.08773446
1992    -0.76077150000000004  -0.23536444000000001  0.14622402000000001
1993    -0.76077150000000004  -0.23536444000000001  0.20471358000000001
1994    -0.71272800000000003  -0.31010412999999998  0.14622402000000001
1995    -0.71272800000000003  -0.31010412999999998  0.20471358000000001
1996    -0.74197270000000004  -0.26460934000000003  0.14622402000000001
1997    -0.74197270000000004  -0.26460934000000003  0.20471358000000001
1998    -0.76077150000000004  -0.23536444000000001  0.26320314
1999    -0.76094150000000005  -0.23510027  0.29999494999999998
2000    -0.71272800000000003  -0.31010412999999998  0.26320314
2001    -0.71434379999999997  -0.30759096000000002  0.29999494999999998
2002    -0.74197270000000004  -0.26460934000000003  0.26320314
2003    -0.74139619999999995  -0.26550626999999999  0.29999494999999998
2004    -0.82970759999999999  -0.13226199  0.029244900000000001
2005    -0.82970759999999999  -0.13226199  0.08773446
2006    -0.82970759999999999  -0.13226199  0.14622402000000001
2007    -0.82970759999999999  -0.13226199  0.20471358000000001
2008    -0.89067744999999998  -0.067462919999999996  0.029244900000000001
2009    -0.89067744999999998  -0.067462919999999996  0.08773446
2010    -0.92042970000000002  -0.050900698000000001  0.029244900000000001
2011    -0.92042970000000002  -0.050900698000000001  0.08773446
2012    -0.85840415999999997  -0.097130060000000004  0.029244900000000001
2013    -0.85840415999999997  -0.097130060000000004  0.08773446
2014    -0.89067744999999998  -0.067462919999999996  0.14622402000000001
2015    -0.89067744999999998  -0.067462919999999996  0.20471358000000001
2016    -0.92042970000000002  -0.050900698000000001  0.14622402000000001
2017    -0.92042970000000002  -0.050900698000000001  0.20471358000000001
2018    -0.85840415999999997  -0.097130060000000004  0.14622402000000001
2019    -0.85840415999999997  -0.097130060000000004  0.20471358000000001
2020    -0.78084682999999999  -0.20408009999999999  0.029244900000000001
2021    -0.78084682999999999  -0.20408009999999999  0.08773446
2022    -0.80885386000000004  -0.16196060000000001  0.029244900000000001
2023    -0.80885386000000004  -0.16196060000000001  0.08773446
2024    -0.71302794999999997  -0.13498901999999999  0.029244900000000001
2025    -0.71302794999999997  -0.13498901999999999  0.08773446
2026    -0.78084682999999999  -0.20408009999999999  0.14622402000000001
2027    -0.78084682999999999  -0.20408009999999999  0.20471358000000001
2028    -0.80885386000000004  -0.16196060000000001  0.14622402000000001
2029    -0.80885386000000004  -0.16196060000000001  0.20471358000000001
2030    -0.71302794999999997  -0.13498901999999999  0.14622402000000001
2031    -0.71302794999999997  -0.13498901999999999  0.20471358000000001
2032    -0.76573944000000005  -0.064876080000000003  0.029244900000000001
2033    -0.76573944000000005  -0.064876080000000003  0.08773446
2034    -0.81280684000000003  -0.014890670999999999  0.029244900000000001
2035    -0.81280684000000003  -0.014890670999999999  0.08773446
2036    -0.74140499999999998  -0.093350169999999996  0.029244900000000001
2037    -0.74140499999999998  -0.093350169999999996  0.08773446
2038    -0.76573944000000005  -0.064876080000000003  0.14622402000000001
2039    -0.76573944000000005  -0.064876080000000003  0.20471358000000001
2040    -0.81280684000000003  -0.014890670999999999  0.14622402000000001
2041    -0.81280684000000003  -0.014890670999999999  0.20471358000000001
2042    -0.74140499999999998  -0.093350169999999996  0.14622402000000001
2043    -0.74140499999999998  -0.093350169999999996  0.20471358000000001
2044    -0.82970759999999999  -0.13226199  0.26320314
2045    -0.8307812  -0.13089203999999999  0.29999494999999998
2046    -0.89067744999999998  -0.067462919999999996  0.26320314
2047    -0.88892435999999997  -0.068656919999999996  0.29999494999999998
2048    -0.92042970000000002  -0.050900698000000001  0.26320314
2049    -0.91388320000000001  -0.053355694000000002  0.29999494999999998
2050    -0.85840415999999997  -0.097130060000000004  0.26320314
2051    -0.85801243999999999  -0.097519875000000006  0.29999494999999998
2052    -0.84159830000000002  -0.025635241999999999  0.29999494999999998
2053    -0.78084682999999999  -0.20408009999999999  0.26320314
2054    -0.77763629999999995  -0.20900059000000001  0.29999494999999998
2055    -0.80885386000000004  -0.16196060000000001  0.26320314
2056    -0.81040239999999997  -0.1597035  0.29999494999999998
2057    -0.7302997  -0.20421075999999999  0.29999494999999998
2058    -0.71302794999999997  -0.13498901999999999  0.26320314
2059    -0.71227764999999998  -0.13613057000000001  0.29999494999999998
2060    -0.76573944000000005  -0.064876080000000003  0.26320314
2061    -0.76500939999999995  -0.065683839999999993  0.29999494999999998
2062    -0.81280684000000003  -0.014890670999999999  0.26320314
2063    -0.81280660000000005  -0.014890670999999999  0.29999494999999998
2064    -0.74140499999999998  -0.093350169999999996  0.26320314
2065    -0.73992395  -0.095279454999999999  0.29999494999999998
2066    -0.693187  -0.34050322  0.029244900000000001
2067    -0.693187  -0.34050322  0.08773446
2068    -0.64710330000000005  -0.24029136000000001  0.029244900000000001
2069    -0.64710330000000005  -0.24029136000000001  0.08773446
2070    -0.57629750000000002  -0.34050274000000003  0.029244900000000001
2071    -0.57629750000000002  -0.34050274000000003  0.08773446
2072    -0.62720629999999999  -0.26970506  0.029244900000000001
2073    -0.62720629999999999  -0.26970506  0.08773446
2074    -0.693187  -0.34050322  0.14622402000000001
2075    -0.693187  -0.34050322  0.20471358000000001
2076    -0.64710330000000005  -0.24029136000000001  0.14622402000000001
2077    -0.64710330000000005  -0.24029136000000001  0.20471358000000001
2078    -0.57629750000000002  -0.34050274000000003  0.14622402000000001
2079    -0.57629750000000002  -0.34050274000000003  0.20471358000000001
2080    -0.62720629999999999  -0.26970506  0.14622402000000001
2081    -0.62720629999999999  -0.26970506  0.20471358000000001
2082    -0.57033944000000003  -0.34335923000000002  0.029244900000000001
2083    -0.57033944000000003  -0.34335923000000002  0.08773446
2084    -0.53551530000000003  -0.26869870000000001  0.029244900000000001
2085    -0.53551530000000003  -0.26869870000000001  0.08773446
2086    -0.49634147000000001  -0.34050322  0.029244900000000001
2087    -0.49634147000000001  -0.34050322  0.08773446
2088    -0.5230243  -0.23945379999999999  0.029244900000000001
2089    -0.5230243  -0.23945379999999999  0.08773446
2090    -0.57033944000000003  -0.34335923000000002  0.14622402000000001
2091    -0.57033944000000003  -0.34335923000000002  0.20471358000000001
2092    -0.53551530000000003  -0.26869870000000001  0.14622402000000001
2093    -0.53551530000000003  -0.26869870000000001  0.20471358000000001
2094    -0.49634147000000001  -0.34050322  0.14622402000000001
2095    -0.49634147000000001  -0.34050322  0.20471358000000001
2096    -0.5230243  -0.23945379999999999  0.14622402000000001
2097    -0.5230243  -0.23945379999999999  0.20471358000000001
2098    -0.693187  -0.34050322  0.26320314
2099    -0.693187  -0.34050322  0.29999494999999998
2100    -0.64710330000000005  -0.24029136000000001  0.26320314
2101    -0.64452266999999996  -0.24418902000000001  0.29999494999999998
2102    -0.57629750000000002  -0.34050274000000003  0.26320314
2103    -0.57629799999999998  -0.34050274000000003  0.29999494999999998
2104    -0.62720629999999999  -0.26970506  0.26320314
2105    -0.62540269999999998  -0.27229476000000002  0.29999494999999998
2106    -0.57033944000000003  -0.34335923000000002  0.26320314
2107    -0.57033920000000005  -0.34335947  0.29999494999999998
2108    -0.53551530000000003  -0.26869870000000001  0.26320314
2109    -0.53780364999999997  -0.27405643000000002  0.29999494999999998
2110    -0.49634147000000001  -0.34050322  0.26320314
2111    -0.49634147000000001  -0.34050322  0.29999494999999998
2112    -0.5230243  -0.23945379999999999  0.26320314
2113    -0.52680300000000002  -0.24830078999999999  0.29999494999999998
2114    -0.67003199999999996  -0.20440817  0.029244900000000001
2115    -0.67003199999999996  -0.20440817  0.08773446
2116    -0.69444539999999999  -0.16443157  0.029244900000000001
2117    -0.69444539999999999  -0.16443157  0.08773446
2118    -0.67003199999999996  -0.20440817  0.14622402000000001
2119    -0.67003199999999996  -0.20440817  0.20471358000000001
2120    -0.69444539999999999  -0.16443157  0.14622402000000001
2121    -0.69444539999999999  -0.16443157  0.20471358000000001
2122    -0.50797175999999999  -0.20421075999999999  0.029244900000000001
2123    -0.50797175999999999  -0.20421075999999999  0.08773446
2124    -0.48299026  -0.1457212  0.029244900000000001
2125    -0.48299026  -0.1457212  0.08773446
2126    -0.50797175999999999  -0.20421075999999999  0.14622402000000001
2127    -0.50797175999999999  -0.20421075999999999  0.20471358000000001
2128    -0.48299026  -0.1457212  0.14622402000000001
2129    -0.48299026  -0.1457212  0.20471358000000001
2130    -0.46879816000000002  -0.11249232000000001  0.029244900000000001
2131    -0.46879816000000002  -0.11249232000000001  0.08773446
2132    -0.46879816000000002  -0.11249232000000001  0.14622402000000001
2133    -0.46879816000000002  -0.11249232000000001  0.20471358000000001
2134    -0.67003199999999996  -0.20440817  0.26320314
2135    -0.67451095999999999  -0.19732904000000001  0.29999494999999998
2136    -0.69444539999999999  -0.16443157  0.26320314
2137    -0.69348549999999998  -0.16596842000000001  0.29999494999999998
2138    -0.50797175999999999  -0.20421075999999999  0.26320314
2139    -0.50481869999999995  -0.19682837  0.29999494999999998
2140    -0.48299026  -0.1457212  0.26320314
2141    -0.48176432000000002  -0.14285039999999999  0.29999494999999998
2142    -0.46879816000000002  -0.11249232000000001  0.26320314
2143    -0.46919035999999997  -0.11341047  0.29999494999999998
2144    -0.46618247000000002  -0.34050298000000001  0.029244900000000001
2145    -0.46618247000000002  -0.34050298000000001  0.08773446
2146    -0.43289422999999999  -0.26270031999999999  0.029244900000000001
2147    -0.43289422999999999  -0.26270031999999999  0.08773446
2148    -0.46618247000000002  -0.34050298000000001  0.14622402000000001
2149    -0.46618247000000002  -0.34050298000000001  0.20471358000000001
2150    -0.43289422999999999  -0.26270031999999999  0.14622402000000001
2151    -0.43289422999999999  -0.26270031999999999  0.20471358000000001
2152    -0.46618247000000002  -0.34050298000000001  0.26320314
2153    -0.46618247000000002  -0.34050274000000003  0.29999494999999998
2154    -0.43289422999999999  -0.26270031999999999  0.26320314
2155    -0.43554043999999997  -0.26888489999999998  0.29999494999999998
2156    -0.41449427999999999  -0.21969532999999999  0.029244900000000001
2157    -0.41449427999999999  -0.21969532999999999  0.08773446
2158    -0.40198159999999999  -0.19045043  0.029244900000000001
2159    -0.40198159999999999  -0.19045043  0.08773446
2160    -0.38018321999999999  -0.13950229  0.029244900000000001
2161    -0.38018321999999999  -0.13950229  0.08773446
2162    -0.41449427999999999  -0.21969532999999999  0.14622402000000001
2163    -0.41449427999999999  -0.21969532999999999  0.20471358000000001
2164    -0.40198159999999999  -0.19045043  0.14622402000000001
2165    -0.40198159999999999  -0.19045043  0.20471358000000001
2166    -0.38018321999999999  -0.13950229  0.14622402000000001
2167    -0.38018321999999999  -0.13950229  0.20471358000000001
2168    -0.45630739999999997  -0.083247420000000003  0.029244900000000001
2169    -0.45630739999999997  -0.083247420000000003  0.08773446
2170    -0.43302750000000001  -0.028742074999999999  0.029244900000000001
2171    -0.43302750000000001  -0.028742074999999999  0.08773446
2172    -0.45630739999999997  -0.083247420000000003  0.14622402000000001
2173    -0.45630739999999997  -0.083247420000000003  0.20471358000000001
2174    -0.43302750000000001  -0.028742074999999999  0.14622402000000001
2175    -0.43302750000000001  -0.028742074999999999  0.20471358000000001
2176    -0.32087254999999998  -0.13950229  0.029244900000000001
2177    -0.32087254999999998  -0.13950229  0.08773446
2178    -0.26238297999999999  -0.13950229  0.029244900000000001
2179    -0.26238297999999999  -0.13950229  0.08773446
2180    -0.32087254999999998  -0.13950229  0.14622402000000001
2181    -0.32087254999999998  -0.13950229  0.20471358000000001
2182    -0.26238297999999999  -0.13950229  0.14622402000000001
2183    -0.26238297999999999  -0.13950229  0.20471358000000001
2184    -0.34218502000000001  -0.051504135  0.029244900000000001
2185    -0.34218502000000001  -0.051504135  0.08773446
2186    -0.26238297999999999  -0.051503897  0.029244900000000001
2187    -0.26238297999999999  -0.051503897  0.08773446
2188    -0.34218502000000001  -0.051504135  0.14622402000000001
2189    -0.34218502000000001  -0.051504135  0.20471358000000001
2190    -0.26238297999999999  -0.051503897  0.14622402000000001
2191    -0.26238297999999999  -0.051503897  0.20471358000000001
2192    -0.41449427999999999  -0.21969532999999999  0.26320314
2193    -0.41209245  -0.21408176000000001  0.29999494999999998
2194    -0.43785167000000003  -0.1457212  0.29999494999999998
2195    -0.40198159999999999  -0.19045043  0.26320314
2196    -0.40045667000000001  -0.18688631  0.29999494999999998
2197    -0.38018321999999999  -0.13950229  0.26320314
2198    -0.38018321999999999  -0.13950229  0.29999494999999998
2199    -0.45630739999999997  -0.083247420000000003  0.26320314
2200    -0.45667289999999999  -0.084103109999999995  0.29999494999999998
2201    -0.43302750000000001  -0.028742074999999999  0.26320314
2202    -0.43114375999999999  -0.024331331000000001  0.29999494999999998
2203    -0.37936209999999998  -0.087231636000000001  0.29999494999999998
2204    -0.37936209999999998  -0.028742074999999999  0.29999494999999998
2205    -0.32087254999999998  -0.13950229  0.26320314
2206    -0.32087254999999998  -0.13950229  0.29999494999999998
2207    -0.26238297999999999  -0.13950229  0.26320314
2208    -0.26238297999999999  -0.13950229  0.29999494999999998
2209    -0.32087254999999998  -0.087231636000000001  0.29999494999999998
2210    -0.34218502000000001  -0.051504135  0.26320314
2211    -0.34218502000000001  -0.051503897  0.29999494999999998
2212    -0.26238297999999999  -0.087231636000000001  0.29999494999999998
2213    -0.26238297999999999  -0.051503897  0.26320314
2214    -0.26238297999999999  -0.051503897  0.29999494999999998
2215    0.00082063674999999995  -0.34050370000000002  0.029244900000000001
2216    0.00082063674999999995  -0.34050370000000002  0.08773446
2217    -0.034405709999999999  -0.26270031999999999  0.029244900000000001
2218    -0.034405709999999999  -0.26270031999999999  0.08773446
2219    0.00082063674999999995  -0.34050370000000002  0.14622402000000001
2220    0.00082063674999999995  -0.34050370000000002  0.20471358000000001
2221    -0.034405709999999999  -0.26270031999999999  0.14622402000000001
2222    -0.034405709999999999  -0.26270031999999999  0.20471358000000001
2223    0.00082063674999999995  -0.34050370000000002  0.26320314
2224    0.00082063674999999995  -0.34050370000000002  0.29999494999999998
2225    -0.034405709999999999  -0.26270031999999999  0.26320314
2226    -0.031409263999999999  -0.2693181  0.29999494999999998
2227    -0.20389341999999999  -0.13950229  0.029244900000000001
2228    -0.20389341999999999  -0.13950229  0.08773446
2229    -0.14540386  -0.13950229  0.029244900000000001
2230    -0.14540386  -0.13950229  0.08773446
2231    -0.20389341999999999  -0.13950229  0.14622402000000001
2232    -0.20389341999999999  -0.13950229  0.20471358000000001
2233    -0.14540386  -0.13950229  0.14622402000000001
2234    -0.14540386  -0.13950229  0.20471358000000001
2235    -0.20389341999999999  -0.051503897  0.029244900000000001
2236    -0.20389341999999999  -0.051503897  0.08773446
2237    -0.13018178999999999  -0.051503420000000001  0.029244900000000001
2238    -0.13018178999999999  -0.051503420000000001  0.08773446
2239    -0.20389341999999999  -0.051503897  0.14622402000000001
2240    -0.20389341999999999  -0.051503897  0.20471358000000001
2241    -0.13018178999999999  -0.051503420000000001  0.14622402000000001
2242    -0.13018178999999999  -0.051503420000000001  0.20471358000000001
2243    -0.065898659999999998  -0.1931417  0.029244900000000001
2244    -0.065898659999999998  -0.1931417  0.08773446
2245    -0.090184689999999998  -0.13950229  0.029244900000000001
2246    -0.090184689999999998  -0.13950229  0.08773446
2247    -0.052657843000000003  -0.22238659999999999  0.029244900000000001
2248    -0.052657843000000003  -0.22238659999999999  0.08773446
2249    -0.065898659999999998  -0.1931417  0.14622402000000001
2250    -0.065898659999999998  -0.1931417  0.20471358000000001
2251    -0.090184689999999998  -0.13950229  0.14622402000000001
2252    -0.090184689999999998  -0.13950229  0.20471358000000001
2253    -0.052657843000000003  -0.22238659999999999  0.14622402000000001
2254    -0.052657843000000003  -0.22238659999999999  0.20471358000000001
2255    -0.011987448  -0.086792709999999995  0.029244900000000001
2256    -0.011987448  -0.086792709999999995  0.08773446
2257    -0.037796973999999997  -0.028742074999999999  0.029244900000000001
2258    -0.037796973999999997  -0.028742074999999999  0.08773446
2259    -0.011987448  -0.086792709999999995  0.14622402000000001
2260    -0.011987448  -0.086792709999999995  0.20471358000000001
2261    -0.037796973999999997  -0.028742074999999999  0.14622402000000001
2262    -0.037796973999999997  -0.028742074999999999  0.20471358000000001
2263    -0.20389341999999999  -0.13950229  0.26320314
2264    -0.20389341999999999  -0.13950229  0.29999494999999998
2265    -0.14540386  -0.13950229  0.26320314
2266    -0.14540386  -0.13950229  0.29999494999999998
2267    -0.20389341999999999  -0.087231636000000001  0.29999494999999998
2268    -0.20389341999999999  -0.051503897  0.26320314
2269    -0.20389341999999999  -0.051503897  0.29999494999999998
2270    -0.14540386  -0.087231636000000001  0.29999494999999998
2271    -0.13018178999999999  -0.051503420000000001  0.26320314
2272    -0.13018178999999999  -0.05150366  0.29999494999999998
2273    -0.065898659999999998  -0.1931417  0.26320314
2274    -0.067708489999999996  -0.18914460999999999  0.29999494999999998
2275    -0.090184689999999998  -0.13950229  0.26320314
2276    -0.090183735000000001  -0.13950276  0.29999494999999998
2277    -0.052657843000000003  -0.22238659999999999  0.26320314
2278    -0.055484533000000003  -0.21614312999999999  0.29999494999999998
2279    -0.02842474  -0.1457212  0.29999494999999998
2280    -0.0869143  -0.087231636000000001  0.29999494999999998
2281    -0.0869143  -0.028742074999999999  0.29999494999999998
2282    -0.011987448  -0.086792709999999995  0.26320314
2283    -0.012310982  -0.086063619999999993  0.29999494999999998
2284    -0.037796973999999997  -0.028742074999999999  0.26320314
2285    -0.039436579999999999  -0.025053262999999999  0.29999494999999998
2286    -3.3511996000000002  0.096265554000000003  -0.30000186000000001
2287    -3.3488764999999998  0.092264414000000003  -0.26320314
2288    -3.3024886000000002  0.032943487  -0.30000186000000001
2289    -3.3030586  0.033504962999999999  -0.26320314
2290    -3.3309057000000002  0.067393300000000003  -0.30000162000000002
2291    -3.3288332999999999  0.064641000000000004  -0.26320314
2292    -3.3698196  0.14241123  -0.30000186000000001
2293    -3.3698196  0.14241171  -0.26320314
2294    -3.3656332  0.20884823999999999  -0.30000186000000001
2295    -3.3662030000000001  0.20602583999999999  -0.26320314
2296    -3.2722769999999999  0.15599822999999999  -0.30000162000000002
2297    -3.2753576999999998  0.17201567000000001  -0.26320314
2298    -3.2775872000000001  0.20363665  -0.30000162000000002
2299    -3.2780369999999999  0.18594551000000001  -0.26320314
2300    -3.3488764999999998  0.092264414000000003  -0.20471358000000001
2301    -3.3488764999999998  0.092264414000000003  -0.14622402000000001
2302    -3.3030586  0.033504962999999999  -0.20471358000000001
2303    -3.3030586  0.033504962999999999  -0.14622402000000001
2304    -3.3288332999999999  0.064641000000000004  -0.20471358000000001
2305    -3.3288332999999999  0.064641000000000004  -0.14622402000000001
2306    -3.3488764999999998  0.092264414000000003  -0.08773446
2307    -3.3488764999999998  0.092264414000000003  -0.029244900000000001
2308    -3.3030586  0.033504962999999999  -0.08773446
2309    -3.3030586  0.033504962999999999  -0.029244900000000001
2310    -3.3288332999999999  0.064641000000000004  -0.08773446
2311    -3.3288332999999999  0.064641000000000004  -0.029244900000000001
2312    -3.3698196  0.14241171  -0.20471358000000001
2313    -3.3698196  0.14241171  -0.14622402000000001
2314    -3.3662030000000001  0.20602583999999999  -0.20471358000000001
2315    -3.3662030000000001  0.20602583999999999  -0.14622402000000001
2316    -3.2753576999999998  0.17201567000000001  -0.20471358000000001
2317    -3.2753576999999998  0.17201567000000001  -0.14622402000000001
2318    -3.2780369999999999  0.18594551000000001  -0.20471358000000001
2319    -3.2780369999999999  0.18594551000000001  -0.14622402000000001
2320    -3.3698196  0.14241171  -0.08773446
2321    -3.3698196  0.14241171  -0.029244900000000001
2322    -3.3662030000000001  0.20602583999999999  -0.08773446
2323    -3.3662030000000001  0.20602583999999999  -0.029244900000000001
2324    -3.2753576999999998  0.17201567000000001  -0.08773446
2325    -3.2753576999999998  0.17201567000000001  -0.029244900000000001
2326    -3.2780369999999999  0.18594551000000001  -0.08773446
2327    -3.2780369999999999  0.18594551000000001  -0.029244900000000001
2328    -3.3502269999999998  0.25372052  -0.30000186000000001
2329    -3.3481160000000001  0.25774216999999999  -0.26320314
2330    -3.3280799999999999  0.2844293  -0.30000162000000002
2331    -3.3269343  0.28577590000000003  -0.26320314
2332    -3.2973775999999999  0.31403995000000001  -0.30000186000000001
2333    -3.2995002000000002  0.31242204000000001  -0.26320314
2334    -3.3481160000000001  0.25774216999999999  -0.20471358000000001
2335    -3.3481160000000001  0.25774216999999999  -0.14622402000000001
2336    -3.3269343  0.28577590000000003  -0.20471358000000001
2337    -3.3269343  0.28577590000000003  -0.14622402000000001
2338    -3.2995002000000002  0.31242204000000001  -0.20471358000000001
2339    -3.2995002000000002  0.31242204000000001  -0.14622402000000001
2340    -3.3481160000000001  0.25774216999999999  -0.08773446
2341    -3.3481160000000001  0.25774216999999999  -0.029244900000000001
2342    -3.3269343  0.28577590000000003  -0.08773446
2343    -3.3269343  0.28577590000000003  -0.029244900000000001
2344    -3.2995002000000002  0.31242204000000001  -0.08773446
2345    -3.2995002000000002  0.31242204000000001  -0.029244900000000001
2346    -3.2616703999999999  0.0054302216  -0.30000162000000002
2347    -3.2646380000000002  0.0074489116999999997  -0.26320314
2348    -3.2332664000000002  0.10444378999999999  -0.30000162000000002
2349    -3.2324212000000001  0.10376334  -0.26320314
2350    -3.1666422000000001  0.061799765  -0.30000162000000002
2351    -3.1596658  0.057826042000000001  -0.26320314
2352    -3.1936296999999998  0.077057120000000007  -0.30000186000000001
2353    -3.1896276000000001  0.074547530000000001  -0.26320314
2354    -3.2688405999999999  0.13812995  -0.30000186000000001
2355    -3.2688402999999999  0.13812947  -0.26320314
2356    -3.2695460000000001  0.22051477  -0.30000186000000001
2357    -3.2695460000000001  0.22051525  -0.26320314
2358    -3.1195526  0.034732579999999999  -0.30000186000000001
2359    -3.1280584  0.039783955000000003  -0.26320314
2360    -3.0855627000000001  0.01300025  -0.30000186000000001
2361    -3.0838234  0.0118198395  -0.26320314
2362    -3.0511205000000001  0.22577691  -0.30000186000000001
2363    -3.0530186000000001  0.22693132999999999  -0.26320314
2364    -3.2646380000000002  0.0074489116999999997  -0.20471358000000001
2365    -3.2646380000000002  0.0074489116999999997  -0.14622402000000001
2366    -3.2324212000000001  0.10376334  -0.20471358000000001
2367    -3.2324212000000001  0.10376334  -0.14622402000000001
2368    -3.1596658  0.057826042000000001  -0.20471358000000001
2369    -3.1596658  0.057826042000000001  -0.14622402000000001
2370    -3.1896276000000001  0.074547530000000001  -0.20471358000000001
2371    -3.1896276000000001  0.074547530000000001  -0.14622402000000001
2372    -3.2646380000000002  0.0074489116999999997  -0.08773446
2373    -3.2646380000000002  0.0074489116999999997  -0.029244900000000001
2374    -3.2324212000000001  0.10376334  -0.08773446
2375    -3.2324212000000001  0.10376334  -0.029244900000000001
2376    -3.1596658  0.057826042000000001  -0.08773446
2377    -3.1596658  0.057826042000000001  -0.029244900000000001
2378    -3.1896276000000001  0.074547530000000001  -0.08773446
2379    -3.1896276000000001  0.074547530000000001  -0.029244900000000001
2380    -3.2688402999999999  0.13812947  -0.20471358000000001
2381    -3.2688402999999999  0.13812947  -0.14622402000000001
2382    -3.2695460000000001  0.22051525  -0.20471358000000001
2383    -3.2695460000000001  0.22051525  -0.14622402000000001
2384    -3.2688402999999999  0.13812947  -0.08773446
2385    -3.2688402999999999  0.13812947  -0.029244900000000001
2386    -3.2695460000000001  0.22051525  -0.08773446
2387    -3.2695460000000001  0.22051525  -0.029244900000000001
2388    -3.1280584  0.039783955000000003  -0.20471358000000001
2389    -3.1280584  0.039783955000000003  -0.14622402000000001
2390    -3.0838234  0.0118198395  -0.20471358000000001
2391    -3.0838234  0.0118198395  -0.14622402000000001
2392    -3.1280584  0.039783955000000003  -0.08773446
2393    -3.1280584  0.039783955000000003  -0.029244900000000001
2394    -3.0838234  0.0118198395  -0.08773446
2395    -3.0838234  0.0118198395  -0.029244900000000001
2396    -3.0530186000000001  0.22693132999999999  -0.20471358000000001
2397    -3.0530186000000001  0.22693132999999999  -0.14622402000000001
2398    -3.0530186000000001  0.22693132999999999  -0.08773446
2399    -3.0530186000000001  0.22693132999999999  -0.029244900000000001
2400    -3.2384466999999999  0.24734449999999999  -0.30000162000000002
2401    -3.2378119999999999  0.24771141999999999  -0.26320314
2402    -3.2537017000000001  0.33853792999999999  -0.30000186000000001
2403    -3.2481520000000002  0.34044242000000002  -0.26320314
2404    -3.1851064999999998  0.26459384000000002  -0.30000186000000001
2405    -3.1938154999999999  0.26323627999999999  -0.26320314
2406    -3.1887417  0.35033393000000002  -0.30000186000000001
2407    -3.1870248000000001  0.35044170000000002  -0.26320314
2408    -3.1308965999999998  0.26127982  -0.30000186000000001
2409    -3.1313616999999998  0.2613685  -0.26320314
2410    -3.1246154000000002  0.3491571  -0.30000186000000001
2411    -3.1279902000000002  0.34958815999999998  -0.26320314
2412    -3.0778937000000002  0.24118829  -0.30000162000000002
2413    -3.0822932999999999  0.24313164000000001  -0.26320314
2414    -3.0622926000000001  0.33310200000000001  -0.30000186000000001
2415    -3.0685663000000001  0.33539986999999999  -0.26320314
2416    -3.2378119999999999  0.24771141999999999  -0.20471358000000001
2417    -3.2378119999999999  0.24771141999999999  -0.14622402000000001
2418    -3.2481520000000002  0.34044242000000002  -0.20471358000000001
2419    -3.2481520000000002  0.34044242000000002  -0.14622402000000001
2420    -3.1938154999999999  0.26323627999999999  -0.20471358000000001
2421    -3.1938154999999999  0.26323627999999999  -0.14622402000000001
2422    -3.1870248000000001  0.35044170000000002  -0.20471358000000001
2423    -3.1870248000000001  0.35044170000000002  -0.14622402000000001
2424    -3.2378119999999999  0.24771141999999999  -0.08773446
2425    -3.2378119999999999  0.24771141999999999  -0.029244900000000001
2426    -3.2481520000000002  0.34044242000000002  -0.08773446
2427    -3.2481520000000002  0.34044242000000002  -0.029244900000000001
2428    -3.1938154999999999  0.26323627999999999  -0.08773446
2429    -3.1938154999999999  0.26323627999999999  -0.029244900000000001
2430    -3.1870248000000001  0.35044170000000002  -0.08773446
2431    -3.1870248000000001  0.35044170000000002  -0.029244900000000001
2432    -3.1313616999999998  0.2613685  -0.20471358000000001
2433    -3.1313616999999998  0.2613685  -0.14622402000000001
2434    -3.1279902000000002  0.34958815999999998  -0.20471358000000001
2435    -3.1279902000000002  0.34958815999999998  -0.14622402000000001
2436    -3.0822932999999999  0.24313164000000001  -0.20471358000000001
2437    -3.0822932999999999  0.24313164000000001  -0.14622402000000001
2438    -3.0685663000000001  0.33539986999999999  -0.20471358000000001
2439    -3.0685663000000001  0.33539986999999999  -0.14622402000000001
2440    -3.1313616999999998  0.2613685  -0.08773446
2441    -3.1313616999999998  0.2613685  -0.029244900000000001
2442    -3.1279902000000002  0.34958815999999998  -0.08773446
2443    -3.1279902000000002  0.34958815999999998  -0.029244900000000001
2444    -3.0822932999999999  0.24313164000000001  -0.08773446
2445    -3.0822932999999999  0.24313164000000001  -0.029244900000000001
2446    -3.0685663000000001  0.33539986999999999  -0.08773446
2447    -3.0685663000000001  0.33539986999999999  -0.029244900000000001
2448    -3.0091804999999998  0.19569802  -0.30000186000000001
2449    -3.0091804999999998  0.19569755  -0.26320314
2450    -2.8641844000000001  0.029747724999999999  -0.30000186000000001
2451    -2.8641844000000001  0.029747724999999999  -0.26320314
2452    -2.8641844000000001  0.088237285999999998  -0.30000186000000001
2453    -2.8641844000000001  0.088237285999999998  -0.26320314
2454    -2.8641844000000001  0.14672684999999999  -0.30000186000000001
2455    -2.8641844000000001  0.14672684999999999  -0.26320314
2456    -2.8641844000000001  0.20521640999999999  -0.30000186000000001
2457    -2.8641844000000001  0.20521640999999999  -0.26320314
2458    -3.0091804999999998  0.19569755  -0.20471358000000001
2459    -3.0091804999999998  0.19569755  -0.14622402000000001
2460    -3.0091804999999998  0.19569755  -0.08773446
2461    -3.0091804999999998  0.19569755  -0.029244900000000001
2462    -2.8641844000000001  0.029747724999999999  -0.20471358000000001
2463    -2.8641844000000001  0.029747724999999999  -0.14622402000000001
2464    -2.8641844000000001  0.088237285999999998  -0.20471358000000001
2465    -2.8641844000000001  0.088237285999999998  -0.14622402000000001
2466    -2.8641844000000001  0.029747724999999999  -0.08773446
2467    -2.8641844000000001  0.029747724999999999  -0.029244900000000001
2468    -2.8641844000000001  0.088237285999999998  -0.08773446
2469    -2.8641844000000001  0.088237285999999998  -0.029244900000000001
2470    -2.8641844000000001  0.14672684999999999  -0.20471358000000001
2471    -2.8641844000000001  0.14672684999999999  -0.14622402000000001
2472    -2.8641844000000001  0.20521640999999999  -0.20471358000000001
2473    -2.8641844000000001  0.20521640999999999  -0.14622402000000001
2474    -2.8641844000000001  0.14672684999999999  -0.08773446
2475    -2.8641844000000001  0.14672684999999999  -0.029244900000000001
2476    -2.8641844000000001  0.20521640999999999  -0.08773446
2477    -2.8641844000000001  0.20521640999999999  -0.029244900000000001
2478    -3.0091804999999998  0.26370597000000001  -0.30000186000000001
2479    -3.0091804999999998  0.26370597000000001  -0.26320314
2480    -3.0091804999999998  0.30472207000000001  -0.30000186000000001
2481    -3.0091803000000001  0.30472159999999998  -0.26320314
2482    -2.8641844000000001  0.26370597000000001  -0.30000186000000001
2483    -2.8641844000000001  0.26370597000000001  -0.26320314
2484    -2.8641844000000001  0.34150146999999997  -0.30000186000000001
2485    -2.8641844000000001  0.34150146999999997  -0.26320314
2486    -3.0091804999999998  0.26370597000000001  -0.20471358000000001
2487    -3.0091804999999998  0.26370597000000001  -0.14622402000000001
2488    -3.0091803000000001  0.30472159999999998  -0.20471358000000001
2489    -3.0091803000000001  0.30472159999999998  -0.14622402000000001
2490    -3.0091804999999998  0.26370597000000001  -0.08773446
2491    -3.0091804999999998  0.26370597000000001  -0.029244900000000001
2492    -3.0091803000000001  0.30472159999999998  -0.08773446
2493    -3.0091803000000001  0.30472159999999998  -0.029244900000000001
2494    -2.8641844000000001  0.26370597000000001  -0.20471358000000001
2495    -2.8641844000000001  0.26370597000000001  -0.14622402000000001
2496    -2.8641844000000001  0.34150146999999997  -0.20471358000000001
2497    -2.8641844000000001  0.34150146999999997  -0.14622402000000001
2498    -2.8641844000000001  0.26370597000000001  -0.08773446
2499    -2.8641844000000001  0.26370597000000001  -0.029244900000000001
2500    -2.8641844000000001  0.34150146999999997  -0.08773446
2501    -2.8641844000000001  0.34150146999999997  -0.029244900000000001
2502    -2.7661829999999998  0.029747724999999999  -0.30000186000000001
2503    -2.7661829999999998  0.029747724999999999  -0.26320314
2504    -2.7661829999999998  0.088237285999999998  -0.30000186000000001
2505    -2.7661829999999998  0.088237285999999998  -0.26320314
2506    -2.7661829999999998  0.14672684999999999  -0.30000186000000001
2507    -2.7661829999999998  0.14672684999999999  -0.26320314
2508    -2.7661829999999998  0.20521640999999999  -0.30000186000000001
2509    -2.7661829999999998  0.20521640999999999  -0.26320314
2510    -2.6285696000000001  0.033558846000000003  -0.30000186000000001
2511    -2.6290420999999999  0.030006409000000001  -0.26320314
2512    -2.6170203999999999  0.094336989999999996  -0.30000186000000001
2513    -2.6185372  0.088772773999999999  -0.26320314
2514    -2.5958602000000002  0.15168142000000001  -0.30000186000000001
2515    -2.5976016999999998  0.14757108999999999  -0.26320314
2516    -2.5786742999999999  0.18241048000000001  -0.30000186000000001
2517    -2.5780357999999999  0.18348718  -0.26320314
2518    -2.7661829999999998  0.029747724999999999  -0.20471358000000001
2519    -2.7661829999999998  0.029747724999999999  -0.14622402000000001
2520    -2.7661829999999998  0.088237285999999998  -0.20471358000000001
2521    -2.7661829999999998  0.088237285999999998  -0.14622402000000001
2522    -2.7661829999999998  0.029747724999999999  -0.08773446
2523    -2.7661829999999998  0.029747724999999999  -0.029244900000000001
2524    -2.7661829999999998  0.088237285999999998  -0.08773446
2525    -2.7661829999999998  0.088237285999999998  -0.029244900000000001
2526    -2.7661829999999998  0.14672684999999999  -0.20471358000000001
2527    -2.7661829999999998  0.14672684999999999  -0.14622402000000001
2528    -2.7661829999999998  0.20521640999999999  -0.20471358000000001
2529    -2.7661829999999998  0.20521640999999999  -0.14622402000000001
2530    -2.7661829999999998  0.14672684999999999  -0.08773446
2531    -2.7661829999999998  0.14672684999999999  -0.029244900000000001
2532    -2.7661829999999998  0.20521640999999999  -0.08773446
2533    -2.7661829999999998  0.20521640999999999  -0.029244900000000001
2534    -2.6290420999999999  0.030006409000000001  -0.20471358000000001
2535    -2.6290420999999999  0.030006409000000001  -0.14622402000000001
2536    -2.6185372  0.088772773999999999  -0.20471358000000001
2537    -2.6185372  0.088772773999999999  -0.14622402000000001
2538    -2.6290420999999999  0.030006409000000001  -0.08773446
2539    -2.6290420999999999  0.030006409000000001  -0.029244900000000001
2540    -2.6185372  0.088772773999999999  -0.08773446
2541    -2.6185372  0.088772773999999999  -0.029244900000000001
2542    -2.5976016999999998  0.14757108999999999  -0.20471358000000001
2543    -2.5976016999999998  0.14757108999999999  -0.14622402000000001
2544    -2.5780357999999999  0.18348718  -0.20471358000000001
2545    -2.5780357999999999  0.18348718  -0.14622402000000001
2546    -2.5976016999999998  0.14757108999999999  -0.08773446
2547    -2.5976016999999998  0.14757108999999999  -0.029244900000000001
2548    -2.5780357999999999  0.18348718  -0.08773446
2549    -2.5780357999999999  0.18348718  -0.029244900000000001
2550    -2.7661829999999998  0.26370597000000001  -0.30000186000000001
2551    -2.7661829999999998  0.26370597000000001  -0.26320314
2552    -2.7661829999999998  0.34150146999999997  -0.30000186000000001
2553    -2.7661829999999998  0.34150146999999997  -0.26320314
2554    -2.7661829999999998  0.26370597000000001  -0.20471358000000001
2555    -2.7661829999999998  0.26370597000000001  -0.14622402000000001
2556    -2.7661829999999998  0.34150146999999997  -0.20471358000000001
2557    -2.7661829999999998  0.34150146999999997  -0.14622402000000001
2558    -2.7661829999999998  0.26370597000000001  -0.08773446
2559    -2.7661829999999998  0.26370597000000001  -0.029244900000000001
2560    -2.7661829999999998  0.34150146999999997  -0.08773446
2561    -2.7661829999999998  0.34150146999999997  -0.029244900000000001
2562    -2.5279832  0.026965380000000001  -0.30000186000000001
2563    -2.5275850000000002  0.029999733000000001  -0.26320314
2564    -2.5168202000000002  0.081988095999999996  -0.30000162000000002
2565    -2.5191574000000001  0.073285820000000002  -0.26320314
2566    -2.5074190000000001  0.10626745  -0.30000186000000001
2567    -2.5089060999999999  0.10269952  -0.26320314
2568    -2.5434770000000002  0.14672684999999999  -0.30000186000000001
2569    -2.5568759999999999  0.21367717  -0.30000162000000002
2570    -2.5569424999999999  0.21359323999999999  -0.26320314
2571    -2.4905914999999998  0.14179230000000001  -0.30000186000000001
2572    -2.4854946  0.14935470000000001  -0.26320314
2573    -2.4575732000000001  0.18054556999999999  -0.30000162000000002
2574    -2.4586839999999999  0.17929173000000001  -0.26320314
2575    -2.4237945000000001  0.21610475000000001  -0.30000186000000001
2576    -2.4307349999999999  0.21083593  -0.26320314
2577    -2.3912689999999999  0.23004078999999999  -0.30000186000000001
2578    -2.3897195  0.23079537999999999  -0.26320314
2579    -2.5275850000000002  0.029999733000000001  -0.20471358000000001
2580    -2.5275850000000002  0.029999733000000001  -0.14622402000000001
2581    -2.5191574000000001  0.073285820000000002  -0.20471358000000001
2582    -2.5191574000000001  0.073285820000000002  -0.14622402000000001
2583    -2.5089060999999999  0.10269952  -0.20471358000000001
2584    -2.5089060999999999  0.10269952  -0.14622402000000001
2585    -2.5275850000000002  0.029999733000000001  -0.08773446
2586    -2.5275850000000002  0.029999733000000001  -0.029244900000000001
2587    -2.5191574000000001  0.073285820000000002  -0.08773446
2588    -2.5191574000000001  0.073285820000000002  -0.029244900000000001
2589    -2.5089060999999999  0.10269952  -0.08773446
2590    -2.5089060999999999  0.10269952  -0.029244900000000001
2591    -2.5569424999999999  0.21359323999999999  -0.20471358000000001
2592    -2.5569424999999999  0.21359323999999999  -0.14622402000000001
2593    -2.4854946  0.14935470000000001  -0.20471358000000001
2594    -2.4854946  0.14935470000000001  -0.14622402000000001
2595    -2.4586839999999999  0.17929173000000001  -0.20471358000000001
2596    -2.4586839999999999  0.17929173000000001  -0.14622402000000001
2597    -2.5569424999999999  0.21359323999999999  -0.08773446
2598    -2.5569424999999999  0.21359323999999999  -0.029244900000000001
2599    -2.4854946  0.14935470000000001  -0.08773446
2600    -2.4854946  0.14935470000000001  -0.029244900000000001
2601    -2.4586839999999999  0.17929173000000001  -0.08773446
2602    -2.4586839999999999  0.17929173000000001  -0.029244900000000001
2603    -2.4307349999999999  0.21083593  -0.20471358000000001
2604    -2.4307349999999999  0.21083593  -0.14622402000000001
2605    -2.3897195  0.23079537999999999  -0.20471358000000001
2606    -2.3897195  0.23079537999999999  -0.14622402000000001
2607    -2.4307349999999999  0.21083593  -0.08773446
2608    -2.4307349999999999  0.21083593  -0.029244900000000001
2609    -2.3897195  0.23079537999999999  -0.08773446
2610    -2.3897195  0.23079537999999999  -0.029244900000000001
2611    -2.5269172000000002  0.24720001  -0.30000186000000001
2612    -2.5270092000000002  0.24711132  -0.26320314
2613    -2.4922118000000002  0.27701209999999998  -0.30000162000000002
2614    -2.4921160000000002  0.27708316  -0.26320314
2615    -2.4609103000000001  0.29734206000000002  -0.30000186000000001
2616    -2.4617374000000001  0.29680942999999999  -0.26320314
2617    -2.426498  0.26370597000000001  -0.30000186000000001
2618    -2.4323568  0.31582522000000002  -0.30000186000000001
2619    -2.4282856000000002  0.31775498000000002  -0.26320314
2620    -2.3634691000000001  0.24308109999999999  -0.30000162000000002
2621    -2.3610473000000001  0.24406958000000001  -0.26320314
2622    -2.3735363  0.33568071999999999  -0.30000186000000001
2623    -2.3684850000000002  0.33696959999999998  -0.26320314
2624    -2.5270092000000002  0.24711132  -0.20471358000000001
2625    -2.5270092000000002  0.24711132  -0.14622402000000001
2626    -2.4921160000000002  0.27708316  -0.20471358000000001
2627    -2.4921160000000002  0.27708316  -0.14622402000000001
2628    -2.4617374000000001  0.29680942999999999  -0.20471358000000001
2629    -2.4617374000000001  0.29680942999999999  -0.14622402000000001
2630    -2.5270092000000002  0.24711132  -0.08773446
2631    -2.5270092000000002  0.24711132  -0.029244900000000001
2632    -2.4921160000000002  0.27708316  -0.08773446
2633    -2.4921160000000002  0.27708316  -0.029244900000000001
2634    -2.4617374000000001  0.29680942999999999  -0.08773446
2635    -2.4617374000000001  0.29680942999999999  -0.029244900000000001
2636    -2.4282856000000002  0.31775498000000002  -0.20471358000000001
2637    -2.4282856000000002  0.31775498000000002  -0.14622402000000001
2638    -2.3610473000000001  0.24406958000000001  -0.20471358000000001
2639    -2.3610473000000001  0.24406958000000001  -0.14622402000000001
2640    -2.3684850000000002  0.33696959999999998  -0.20471358000000001
2641    -2.3684850000000002  0.33696959999999998  -0.14622402000000001
2642    -2.4282856000000002  0.31775498000000002  -0.08773446
2643    -2.4282856000000002  0.31775498000000002  -0.029244900000000001
2644    -2.3610473000000001  0.24406958000000001  -0.08773446
2645    -2.3610473000000001  0.24406958000000001  -0.029244900000000001
2646    -2.3684850000000002  0.33696959999999998  -0.08773446
2647    -2.3684850000000002  0.33696959999999998  -0.029244900000000001
2648    -2.1081251999999999  0.232512  -0.30000186000000001
2649    -2.1093125000000001  0.23291802  -0.26320314
2650    -2.1093125000000001  0.23291802  -0.20471358000000001
2651    -2.1093125000000001  0.23291802  -0.14622402000000001
2652    -2.1093125000000001  0.23291802  -0.08773446
2653    -2.1093125000000001  0.23291802  -0.029244900000000001
2654    -2.3067047999999999  0.25970529999999997  -0.30000186000000001
2655    -2.3102564999999999  0.25901102999999998  -0.26320314
2656    -2.3130107  0.34762836000000003  -0.30000186000000001
2657    -2.3097463  0.34803462000000002  -0.26320314
2658    -2.2513990000000002  0.26153779999999999  -0.30000186000000001
2659    -2.2509617999999998  0.26152635000000002  -0.26320314
2660    -2.2506694999999999  0.3513868  -0.30000186000000001
2661    -2.2510037000000001  0.3513906  -0.26320314
2662    -2.1956853999999999  0.25597120000000001  -0.30000186000000001
2663    -2.1921892000000001  0.25533222999999999  -0.26320314
2664    -2.1884614999999998  0.34609962  -0.30000186000000001
2665    -2.1922606999999998  0.34666848  -0.26320314
2666    -2.1356063000000001  0.24178624000000001  -0.30000162000000002
2667    -2.1382523  0.24257064  -0.26320314
2668    -2.1285603000000002  0.33278774999999999  -0.30000186000000001
2669    -2.1336075999999999  0.33417057999999999  -0.26320314
2670    -2.3102564999999999  0.25901102999999998  -0.20471358000000001
2671    -2.3102564999999999  0.25901102999999998  -0.14622402000000001
2672    -2.3097463  0.34803462000000002  -0.20471358000000001
2673    -2.3097463  0.34803462000000002  -0.14622402000000001
2674    -2.2509617999999998  0.26152635000000002  -0.20471358000000001
2675    -2.2509617999999998  0.26152635000000002  -0.14622402000000001
2676    -2.2510037000000001  0.3513906  -0.20471358000000001
2677    -2.2510037000000001  0.3513906  -0.14622402000000001
2678    -2.3102564999999999  0.25901102999999998  -0.08773446
2679    -2.3102564999999999  0.25901102999999998  -0.029244900000000001
2680    -2.3097463  0.34803462000000002  -0.08773446
2681    -2.3097463  0.34803462000000002  -0.029244900000000001
2682    -2.2509617999999998  0.26152635000000002  -0.08773446
2683    -2.2509617999999998  0.26152635000000002  -0.029244900000000001
2684    -2.2510037000000001  0.3513906  -0.08773446
2685    -2.2510037000000001  0.3513906  -0.029244900000000001
2686    -2.1921892000000001  0.25533222999999999  -0.20471358000000001
2687    -2.1921892000000001  0.25533222999999999  -0.14622402000000001
2688    -2.1922606999999998  0.34666848  -0.20471358000000001
2689    -2.1922606999999998  0.34666848  -0.14622402000000001
2690    -2.1382523  0.24257064  -0.20471358000000001
2691    -2.1382523  0.24257064  -0.14622402000000001
2692    -2.1336075999999999  0.33417057999999999  -0.20471358000000001
2693    -2.1336075999999999  0.33417057999999999  -0.14622402000000001
2694    -2.1921892000000001  0.25533222999999999  -0.08773446
2695    -2.1921892000000001  0.25533222999999999  -0.029244900000000001
2696    -2.1922606999999998  0.34666848  -0.08773446
2697    -2.1922606999999998  0.34666848  -0.029244900000000001
2698    -2.1382523  0.24257064  -0.08773446
2699    -2.1382523  0.24257064  -0.029244900000000001
2700    -2.1336075999999999  0.33417057999999999  -0.08773446
2701    -2.1336075999999999  0.33417057999999999  -0.029244900000000001
2702    -2.0775733000000001  0.22178173000000001  -0.30000186000000001
2703    -2.0748508000000001  0.22066711999999999  -0.26320314
2704    -2.0211833000000001  0.1944294  -0.30000186000000001
2705    -2.0211830000000002  0.1944294  -0.26320314
2706    -1.8789830000000001  0.030413866000000001  -0.30000186000000001
2707    -1.8790374000000001  0.030005455  -0.26320314
2708    -1.8730857000000001  0.064881090000000002  -0.30000186000000001
2709    -1.8725594000000001  0.067494154000000001  -0.26320314
2710    -2.0748508000000001  0.22066711999999999  -0.20471358000000001
2711    -2.0748508000000001  0.22066711999999999  -0.14622402000000001
2712    -2.0211830000000002  0.1944294  -0.20471358000000001
2713    -2.0211830000000002  0.1944294  -0.14622402000000001
2714    -2.0748508000000001  0.22066711999999999  -0.08773446
2715    -2.0748508000000001  0.22066711999999999  -0.029244900000000001
2716    -2.0211830000000002  0.1944294  -0.08773446
2717    -2.0211830000000002  0.1944294  -0.029244900000000001
2718    -1.8790374000000001  0.030005455  -0.20471358000000001
2719    -1.8790374000000001  0.030005455  -0.14622402000000001
2720    -1.8725594000000001  0.067494154000000001  -0.20471358000000001
2721    -1.8725594000000001  0.067494154000000001  -0.14622402000000001
2722    -1.8790374000000001  0.030005455  -0.08773446
2723    -1.8790374000000001  0.030005455  -0.029244900000000001
2724    -1.8725594000000001  0.067494154000000001  -0.08773446
2725    -1.8725594000000001  0.067494154000000001  -0.029244900000000001
2726    -2.0755602999999998  0.26370597000000001  -0.30000186000000001
2727    -2.0718024000000002  0.31339526000000001  -0.30000186000000001
2728    -2.0751900000000001  0.31465745000000001  -0.26320314
2729    -2.0211830000000002  0.29250026000000001  -0.30000186000000001
2730    -2.0211830000000002  0.29250026000000001  -0.26320314
2731    -2.0371408  0.29907155000000002  -0.30000186000000001
2732    -2.0342958000000002  0.29789996000000002  -0.26320314
2733    -2.0751900000000001  0.31465745000000001  -0.20471358000000001
2734    -2.0751900000000001  0.31465745000000001  -0.14622402000000001
2735    -2.0211830000000002  0.29250026000000001  -0.20471358000000001
2736    -2.0211830000000002  0.29250026000000001  -0.14622402000000001
2737    -2.0342958000000002  0.29789996000000002  -0.20471358000000001
2738    -2.0342958000000002  0.29789996000000002  -0.14622402000000001
2739    -2.0751900000000001  0.31465745000000001  -0.08773446
2740    -2.0751900000000001  0.31465745000000001  -0.029244900000000001
2741    -2.0211830000000002  0.29250026000000001  -0.08773446
2742    -2.0211830000000002  0.29250026000000001  -0.029244900000000001
2743    -2.0342958000000002  0.29789996000000002  -0.08773446
2744    -2.0342958000000002  0.29789996000000002  -0.029244900000000001
2745    -1.841602  0.029747724999999999  -0.30000186000000001
2746    -1.8676724  0.091953515999999999  -0.30000162000000002
2747    -1.8662639000000001  0.097121953999999996  -0.26320314
2748    -1.7778976  0.027633667000000001  -0.30000186000000001
2749    -1.7775877  0.029999733000000001  -0.26320314
2750    -1.7662799  0.088164809999999996  -0.30000162000000002
2751    -1.7666276000000001  0.087144849999999996  -0.26320314
2752    -1.8450719  0.15354443000000001  -0.30000186000000001
2753    -1.8476025  0.14757203999999999  -0.26320314
2754    -1.8246689  0.18915677  -0.30000186000000001
2755    -1.8233779999999999  0.19133353  -0.26320314
2756    -1.7831124  0.14672684999999999  -0.30000186000000001
2757    -1.8022175  0.21956396  -0.30000162000000002
2758    -1.8012798999999999  0.22074962000000001  -0.26320314
2759    -1.7524858000000001  0.11563277  -0.30000186000000001
2760    -1.7527176  0.115166426  -0.26320314
2761    -1.7389762  0.14419580000000001  -0.30000186000000001
2762    -1.7354974999999999  0.14935683999999999  -0.26320314
2763    -1.7041375999999999  0.18455052  -0.30000162000000002
2764    -1.7040317  0.18465543000000001  -0.26320314
2765    -1.6635864  0.21948528  -0.30000186000000001
2766    -1.6687007  0.21610736999999999  -0.26320314
2767    -1.8662639000000001  0.097121953999999996  -0.20471358000000001
2768    -1.8662639000000001  0.097121953999999996  -0.14622402000000001
2769    -1.7775877  0.029999733000000001  -0.20471358000000001
2770    -1.7775877  0.029999733000000001  -0.14622402000000001
2771    -1.7666276000000001  0.087144849999999996  -0.20471358000000001
2772    -1.7666276000000001  0.087144849999999996  -0.14622402000000001
2773    -1.8662639000000001  0.097121953999999996  -0.08773446
2774    -1.8662639000000001  0.097121953999999996  -0.029244900000000001
2775    -1.7775877  0.029999733000000001  -0.08773446
2776    -1.7775877  0.029999733000000001  -0.029244900000000001
2777    -1.7666276000000001  0.087144849999999996  -0.08773446
2778    -1.7666276000000001  0.087144849999999996  -0.029244900000000001
2779    -1.8476025  0.14757203999999999  -0.20471358000000001
2780    -1.8476025  0.14757203999999999  -0.14622402000000001
2781    -1.8233779999999999  0.19133353  -0.20471358000000001
2782    -1.8233779999999999  0.19133353  -0.14622402000000001
2783    -1.8012798999999999  0.22074962000000001  -0.20471358000000001
2784    -1.8012798999999999  0.22074962000000001  -0.14622402000000001
2785    -1.8476025  0.14757203999999999  -0.08773446
2786    -1.8476025  0.14757203999999999  -0.029244900000000001
2787    -1.8233779999999999  0.19133353  -0.08773446
2788    -1.8233779999999999  0.19133353  -0.029244900000000001
2789    -1.8012798999999999  0.22074962000000001  -0.08773446
2790    -1.8012798999999999  0.22074962000000001  -0.029244900000000001
2791    -1.7527176  0.115166426  -0.20471358000000001
2792    -1.7527176  0.115166426  -0.14622402000000001
2793    -1.7527176  0.115166426  -0.08773446
2794    -1.7527176  0.115166426  -0.029244900000000001
2795    -1.7354974999999999  0.14935683999999999  -0.20471358000000001
2796    -1.7354974999999999  0.14935683999999999  -0.14622402000000001
2797    -1.7040317  0.18465543000000001  -0.20471358000000001
2798    -1.7040317  0.18465543000000001  -0.14622402000000001
2799    -1.6687007  0.21610736999999999  -0.20471358000000001
2800    -1.6687007  0.21610736999999999  -0.14622402000000001
2801    -1.7354974999999999  0.14935683999999999  -0.08773446
2802    -1.7354974999999999  0.14935683999999999  -0.029244900000000001
2803    -1.7040317  0.18465543000000001  -0.08773446
2804    -1.7040317  0.18465543000000001  -0.029244900000000001
2805    -1.6687007  0.21610736999999999  -0.08773446
2806    -1.6687007  0.21610736999999999  -0.029244900000000001
2807    -1.7718834000000001  0.25206659999999997  -0.30000186000000001
2808    -1.7721355000000001  0.25182270000000001  -0.26320314
2809    -1.7360184000000001  0.28160024  -0.30000162000000002
2810    -1.7366706999999999  0.28111671999999999  -0.26320314
2811    -1.7050635999999999  0.30142045000000001  -0.30000186000000001
2812    -1.7069677999999999  0.30036283000000003  -0.26320314
2813    -1.6661332  0.26370597000000001  -0.30000186000000001
2814    -1.6712606000000001  0.31863570000000002  -0.30000186000000001
2815    -1.6668847  0.32037187  -0.26320314
2816    -1.7721355000000001  0.25182270000000001  -0.20471358000000001
2817    -1.7721355000000001  0.25182270000000001  -0.14622402000000001
2818    -1.7721355000000001  0.25182270000000001  -0.08773446
2819    -1.7721355000000001  0.25182270000000001  -0.029244900000000001
2820    -1.7366706999999999  0.28111671999999999  -0.20471358000000001
2821    -1.7366706999999999  0.28111671999999999  -0.14622402000000001
2822    -1.7069677999999999  0.30036283000000003  -0.20471358000000001
2823    -1.7069677999999999  0.30036283000000003  -0.14622402000000001
2824    -1.6668847  0.32037187  -0.20471358000000001
2825    -1.6668847  0.32037187  -0.14622402000000001
2826    -1.7366706999999999  0.28111671999999999  -0.08773446
2827    -1.7366706999999999  0.28111671999999999  -0.029244900000000001
2828    -1.7069677999999999  0.30036283000000003  -0.08773446
2829    -1.7069677999999999  0.30036283000000003  -0.029244900000000001
2830    -1.6668847  0.32037187  -0.08773446
2831    -1.6668847  0.32037187  -0.029244900000000001
2832    -1.6350217  0.23308229999999999  -0.30000186000000001
2833    -1.6345384000000001  0.23331737999999999  -0.26320314
2834    -1.6345384000000001  0.23331737999999999  -0.20471358000000001
2835    -1.6345384000000001  0.23331737999999999  -0.14622402000000001
2836    -1.6345384000000001  0.23331737999999999  -0.08773446
2837    -1.6345384000000001  0.23331737999999999  -0.029244900000000001
2838    -1.6076547999999999  0.24693989999999999  -0.30000162000000002
2839    -1.6064763  0.24733377000000001  -0.26320314
2840    -1.6134869999999999  0.33824705999999999  -0.30000186000000001
2841    -1.6081178  0.33961750000000002  -0.26320314
2842    -1.5471007999999999  0.25887559999999998  -0.30000186000000001
2843    -1.5493962999999999  0.25857950000000002  -0.26320314
2844    -1.5527244  0.3489082  -0.30000186000000001
2845    -1.5493808  0.34932446  -0.26320314
2846    -1.4910376000000001  0.26127124000000002  -0.30000186000000001
2847    -1.4905969999999999  0.26125932000000002  -0.26320314
2848    -1.4903052000000001  0.35126471999999997  -0.30000186000000001
2849    -1.490639  0.35126805  -0.26320314
2850    -1.4354875  0.25410748  -0.30000186000000001
2851    -1.4318230000000001  0.25343752000000003  -0.26320314
2852    -1.42821  0.34456277000000002  -0.30000186000000001
2853    -1.4318953000000001  0.34511447000000001  -0.26320314
2854    -1.6064763  0.24733377000000001  -0.20471358000000001
2855    -1.6064763  0.24733377000000001  -0.14622402000000001
2856    -1.6081178  0.33961750000000002  -0.20471358000000001
2857    -1.6081178  0.33961750000000002  -0.14622402000000001
2858    -1.5493962999999999  0.25857950000000002  -0.20471358000000001
2859    -1.5493962999999999  0.25857950000000002  -0.14622402000000001
2860    -1.5493808  0.34932446  -0.20471358000000001
2861    -1.5493808  0.34932446  -0.14622402000000001
2862    -1.6064763  0.24733377000000001  -0.08773446
2863    -1.6064763  0.24733377000000001  -0.029244900000000001
2864    -1.6081178  0.33961750000000002  -0.08773446
2865    -1.6081178  0.33961750000000002  -0.029244900000000001
2866    -1.5493962999999999  0.25857950000000002  -0.08773446
2867    -1.5493962999999999  0.25857950000000002  -0.029244900000000001
2868    -1.5493808  0.34932446  -0.08773446
2869    -1.5493808  0.34932446  -0.029244900000000001
2870    -1.4905969999999999  0.26125932000000002  -0.20471358000000001
2871    -1.4905969999999999  0.26125932000000002  -0.14622402000000001
2872    -1.490639  0.35126805  -0.20471358000000001
2873    -1.490639  0.35126805  -0.14622402000000001
2874    -1.4318230000000001  0.25343752000000003  -0.20471358000000001
2875    -1.4318230000000001  0.25343752000000003  -0.14622402000000001
2876    -1.4318953000000001  0.34511447000000001  -0.20471358000000001
2877    -1.4318953000000001  0.34511447000000001  -0.14622402000000001
2878    -1.4905969999999999  0.26125932000000002  -0.08773446
2879    -1.4905969999999999  0.26125932000000002  -0.029244900000000001
2880    -1.490639  0.35126805  -0.08773446
2881    -1.490639  0.35126805  -0.029244900000000001
2882    -1.4318230000000001  0.25343752000000003  -0.08773446
2883    -1.4318230000000001  0.25343752000000003  -0.029244900000000001
2884    -1.4318953000000001  0.34511447000000001  -0.08773446
2885    -1.4318953000000001  0.34511447000000001  -0.029244900000000001
2886    -1.3515842  0.23026156  -0.30000186000000001
2887    -1.3540599  0.23116565  -0.26320314
2888    -1.3182210999999999  0.21777534000000001  -0.30000186000000001
2889    -1.3144338  0.21605015  -0.26320314
2890    -1.2711854  0.19349957000000001  -0.30000186000000001
2891    -1.2711851999999999  0.1934998  -0.26320314
2892    -1.3540599  0.23116565  -0.20471358000000001
2893    -1.3540599  0.23116565  -0.14622402000000001
2894    -1.3144338  0.21605015  -0.20471358000000001
2895    -1.3144338  0.21605015  -0.14622402000000001
2896    -1.3540599  0.23116565  -0.08773446
2897    -1.3540599  0.23116565  -0.029244900000000001
2898    -1.3144338  0.21605015  -0.08773446
2899    -1.3144338  0.21605015  -0.029244900000000001
2900    -1.2711851999999999  0.1934998  -0.20471358000000001
2901    -1.2711851999999999  0.1934998  -0.14622402000000001
2902    -1.2711851999999999  0.1934998  -0.08773446
2903    -1.2711851999999999  0.1934998  -0.029244900000000001
2904    -1.3778424  0.23948502999999999  -0.30000162000000002
2905    -1.3831344000000001  0.24105357999999999  -0.26320314
2906    -1.3685577  0.33004642000000001  -0.30000186000000001
2907    -1.3732409999999999  0.33132909999999999  -0.26320314
2908    -1.3151956  0.26370597000000001  -0.30000186000000001
2909    -1.312068  0.30977178  -0.30000186000000001
2910    -1.3148229  0.31079793  -0.26320314
2911    -1.2711861  0.29250120000000002  -0.30000186000000001
2912    -1.2711855999999999  0.29250072999999999  -0.26320314
2913    -1.2807324  0.29643177999999998  -0.30000186000000001
2914    -1.2791142  0.29576612000000002  -0.26320314
2915    -1.3831344000000001  0.24105357999999999  -0.20471358000000001
2916    -1.3831344000000001  0.24105357999999999  -0.14622402000000001
2917    -1.3732409999999999  0.33132909999999999  -0.20471358000000001
2918    -1.3732409999999999  0.33132909999999999  -0.14622402000000001
2919    -1.3148229  0.31079793  -0.20471358000000001
2920    -1.3148229  0.31079793  -0.14622402000000001
2921    -1.3831344000000001  0.24105357999999999  -0.08773446
2922    -1.3831344000000001  0.24105357999999999  -0.029244900000000001
2923    -1.3732409999999999  0.33132909999999999  -0.08773446
2924    -1.3732409999999999  0.33132909999999999  -0.029244900000000001
2925    -1.3148229  0.31079793  -0.08773446
2926    -1.3148229  0.31079793  -0.029244900000000001
2927    -1.2711855999999999  0.29250072999999999  -0.20471358000000001
2928    -1.2711855999999999  0.29250072999999999  -0.14622402000000001
2929    -1.2791142  0.29576612000000002  -0.20471358000000001
2930    -1.2791142  0.29576612000000002  -0.14622402000000001
2931    -1.2711855999999999  0.29250072999999999  -0.08773446
2932    -1.2711855999999999  0.29250072999999999  -0.029244900000000001
2933    -1.2791142  0.29576612000000002  -0.08773446
2934    -1.2791142  0.29576612000000002  -0.029244900000000001
2935    -1.1031852  0.029747724999999999  -0.30000186000000001
2936    -1.1031852  0.029747724999999999  -0.26320314
2937    -1.1031852  0.088237285999999998  -0.30000186000000001
2938    -1.1031852  0.088237285999999998  -0.26320314
2939    -1.1031852  0.14672684999999999  -0.30000186000000001
2940    -1.1031852  0.14672684999999999  -0.26320314
2941    -1.1031852  0.20521640999999999  -0.30000186000000001
2942    -1.1031852  0.20521640999999999  -0.26320314
2943    -1.0051836999999999  0.043498993  -0.30000162000000002
2944    -1.0051836999999999  0.043498993  -0.26320314
2945    -1.0051836999999999  0.088237285999999998  -0.30000186000000001
2946    -1.0051836999999999  0.088237285999999998  -0.26320314
2947    -0.96472334999999998  0.042998314000000003  -0.30000186000000001
2948    -0.96424365000000001  0.043009042999999997  -0.26320314
2949    -1.0051836999999999  0.14672684999999999  -0.30000186000000001
2950    -1.0051836999999999  0.14672684999999999  -0.26320314
2951    -1.0051836999999999  0.20521640999999999  -0.30000186000000001
2952    -1.0051836999999999  0.20521640999999999  -0.26320314
2953    -1.1031852  0.029747724999999999  -0.20471358000000001
2954    -1.1031852  0.029747724999999999  -0.14622402000000001
2955    -1.1031852  0.088237285999999998  -0.20471358000000001
2956    -1.1031852  0.088237285999999998  -0.14622402000000001
2957    -1.1031852  0.029747724999999999  -0.08773446
2958    -1.1031852  0.029747724999999999  -0.029244900000000001
2959    -1.1031852  0.088237285999999998  -0.08773446
2960    -1.1031852  0.088237285999999998  -0.029244900000000001
2961    -1.1031852  0.14672684999999999  -0.20471358000000001
2962    -1.1031852  0.14672684999999999  -0.14622402000000001
2963    -1.1031852  0.20521640999999999  -0.20471358000000001
2964    -1.1031852  0.20521640999999999  -0.14622402000000001
2965    -1.1031852  0.14672684999999999  -0.08773446
2966    -1.1031852  0.14672684999999999  -0.029244900000000001
2967    -1.1031852  0.20521640999999999  -0.08773446
2968    -1.1031852  0.20521640999999999  -0.029244900000000001
2969    -1.0051836999999999  0.043498993  -0.20471358000000001
2970    -1.0051836999999999  0.043498993  -0.14622402000000001
2971    -1.0051836999999999  0.088237285999999998  -0.20471358000000001
2972    -1.0051836999999999  0.088237285999999998  -0.14622402000000001
2973    -0.96424365000000001  0.043009042999999997  -0.20471358000000001
2974    -0.96424365000000001  0.043009042999999997  -0.14622402000000001
2975    -1.0051836999999999  0.043498993  -0.08773446
2976    -1.0051836999999999  0.043498993  -0.029244900000000001
2977    -1.0051836999999999  0.088237285999999998  -0.08773446
2978    -1.0051836999999999  0.088237285999999998  -0.029244900000000001
2979    -0.96424365000000001  0.043009042999999997  -0.08773446
2980    -0.96424365000000001  0.043009042999999997  -0.029244900000000001
2981    -1.0051836999999999  0.14672684999999999  -0.20471358000000001
2982    -1.0051836999999999  0.14672684999999999  -0.14622402000000001
2983    -1.0051836999999999  0.20521640999999999  -0.20471358000000001
2984    -1.0051836999999999  0.20521640999999999  -0.14622402000000001
2985    -1.0051836999999999  0.14672684999999999  -0.08773446
2986    -1.0051836999999999  0.14672684999999999  -0.029244900000000001
2987    -1.0051836999999999  0.20521640999999999  -0.08773446
2988    -1.0051836999999999  0.20521640999999999  -0.029244900000000001
2989    -1.1031852  0.26370597000000001  -0.30000186000000001
2990    -1.1031852  0.26370597000000001  -0.26320314
2991    -1.1031852  0.34150146999999997  -0.30000186000000001
2992    -1.1031852  0.34150146999999997  -0.26320314
2993    -1.0051836999999999  0.25750136000000001  -0.30000162000000002
2994    -1.0051836999999999  0.25750136000000001  -0.26320314
2995    -1.0227478000000001  0.34150146999999997  -0.30000186000000001
2996    -1.0227478000000001  0.34150146999999997  -0.26320314
2997    -0.96456646999999995  0.25790190000000002  -0.30000186000000001
2998    -0.96424865999999998  0.25789570000000001  -0.26320314
2999    -0.96425819999999995  0.34150146999999997  -0.30000186000000001
3000    -0.96425819999999995  0.34150146999999997  -0.26320314
3001    -1.1031852  0.26370597000000001  -0.20471358000000001
3002    -1.1031852  0.26370597000000001  -0.14622402000000001
3003    -1.1031852  0.34150146999999997  -0.20471358000000001
3004    -1.1031852  0.34150146999999997  -0.14622402000000001
3005    -1.1031852  0.26370597000000001  -0.08773446
3006    -1.1031852  0.26370597000000001  -0.029244900000000001
3007    -1.1031852  0.34150146999999997  -0.08773446
3008    -1.1031852  0.34150146999999997  -0.029244900000000001
3009    -1.0051836999999999  0.25750136000000001  -0.20471358000000001
3010    -1.0051836999999999  0.25750136000000001  -0.14622402000000001
3011    -1.0227478000000001  0.34150146999999997  -0.20471358000000001
3012    -1.0227478000000001  0.34150146999999997  -0.14622402000000001
3013    -0.96424865999999998  0.25789570000000001  -0.20471358000000001
3014    -0.96424865999999998  0.25789570000000001  -0.14622402000000001
3015    -0.96425819999999995  0.34150146999999997  -0.20471358000000001
3016    -0.96425819999999995  0.34150146999999997  -0.14622402000000001
3017    -1.0051836999999999  0.25750136000000001  -0.08773446
3018    -1.0051836999999999  0.25750136000000001  -0.029244900000000001
3019    -1.0227478000000001  0.34150146999999997  -0.08773446
3020    -1.0227478000000001  0.34150146999999997  -0.029244900000000001
3021    -0.96424865999999998  0.25789570000000001  -0.08773446
3022    -0.96424865999999998  0.25789570000000001  -0.029244900000000001
3023    -0.96425819999999995  0.34150146999999997  -0.08773446
3024    -0.96425819999999995  0.34150146999999997  -0.029244900000000001
3025    -0.90972229999999998  0.042137146  -0.30000186000000001
3026    -0.8940418  0.045641422000000001  -0.26320314
3027    -0.86072539999999997  0.059540750000000003  -0.30000162000000002
3028    -0.869282  0.055971383999999999  -0.26320314
3029    -0.83076024000000004  0.072043179999999998  -0.30000186000000001
3030    -0.83076024000000004  0.072043179999999998  -0.26320314
3031    -0.82848359999999999  0.22200179  -0.30000186000000001
3032    -0.82848405999999997  0.22200249999999999  -0.26320314
3033    -0.77414583999999997  0.009510994  -0.30000162000000002
3034    -0.77289960000000002  0.010470152  -0.26320314
3035    -0.81846832999999997  0.099485160000000003  -0.30000162000000002
3036    -0.81492734  0.11013149999999999  -0.26320314
3037    -0.74101686  0.039122342999999997  -0.30000186000000001
3038    -0.74576189999999998  0.033559800000000001  -0.26320314
3039    -0.71621440000000003  0.079843520000000001  -0.30000186000000001
3040    -0.71433519999999995  0.085125919999999994  -0.26320314
3041    -0.80506443999999999  0.14742732  -0.30000186000000001
3042    -0.80506659999999997  0.14736437999999999  -0.26320314
3043    -0.81501319999999999  0.19706035  -0.30000162000000002
3044    -0.81237864000000004  0.18922043  -0.26320314
3045    -0.70646310000000001  0.14569235  -0.30000186000000001
3046    -0.70642877000000004  0.14661932  -0.26320314
3047    -0.71218539999999997  0.2125485  -0.30000186000000001
3048    -0.71072080000000004  0.20734453  -0.26320314
3049    -0.8940418  0.045641422000000001  -0.20471358000000001
3050    -0.8940418  0.045641422000000001  -0.14622402000000001
3051    -0.869282  0.055971383999999999  -0.20471358000000001
3052    -0.869282  0.055971383999999999  -0.14622402000000001
3053    -0.83076024000000004  0.072043179999999998  -0.20471358000000001
3054    -0.83076024000000004  0.072043179999999998  -0.14622402000000001
3055    -0.8940418  0.045641422000000001  -0.08773446
3056    -0.8940418  0.045641422000000001  -0.029244900000000001
3057    -0.869282  0.055971383999999999  -0.08773446
3058    -0.869282  0.055971383999999999  -0.029244900000000001
3059    -0.83076024000000004  0.072043179999999998  -0.08773446
3060    -0.83076024000000004  0.072043179999999998  -0.029244900000000001
3061    -0.82848405999999997  0.22200249999999999  -0.20471358000000001
3062    -0.82848405999999997  0.22200249999999999  -0.14622402000000001
3063    -0.82848405999999997  0.22200249999999999  -0.08773446
3064    -0.82848405999999997  0.22200249999999999  -0.029244900000000001
3065    -0.77289960000000002  0.010470152  -0.20471358000000001
3066    -0.77289960000000002  0.010470152  -0.14622402000000001
3067    -0.81492734  0.11013149999999999  -0.20471358000000001
3068    -0.81492734  0.11013149999999999  -0.14622402000000001
3069    -0.74576189999999998  0.033559800000000001  -0.20471358000000001
3070    -0.74576189999999998  0.033559800000000001  -0.14622402000000001
3071    -0.71433519999999995  0.085125919999999994  -0.20471358000000001
3072    -0.71433519999999995  0.085125919999999994  -0.14622402000000001
3073    -0.77289960000000002  0.010470152  -0.08773446
3074    -0.77289960000000002  0.010470152  -0.029244900000000001
3075    -0.81492734  0.11013149999999999  -0.08773446
3076    -0.81492734  0.11013149999999999  -0.029244900000000001
3077    -0.74576189999999998  0.033559800000000001  -0.08773446
3078    -0.74576189999999998  0.033559800000000001  -0.029244900000000001
3079    -0.71433519999999995  0.085125919999999994  -0.08773446
3080    -0.71433519999999995  0.085125919999999994  -0.029244900000000001
3081    -0.80506659999999997  0.14736437999999999  -0.20471358000000001
3082    -0.80506659999999997  0.14736437999999999  -0.14622402000000001
3083    -0.81237864000000004  0.18922043  -0.20471358000000001
3084    -0.81237864000000004  0.18922043  -0.14622402000000001
3085    -0.70642877000000004  0.14661932  -0.20471358000000001
3086    -0.70642877000000004  0.14661932  -0.14622402000000001
3087    -0.71072080000000004  0.20734453  -0.20471358000000001
3088    -0.71072080000000004  0.20734453  -0.14622402000000001
3089    -0.80506659999999997  0.14736437999999999  -0.08773446
3090    -0.80506659999999997  0.14736437999999999  -0.029244900000000001
3091    -0.81237864000000004  0.18922043  -0.08773446
3092    -0.81237864000000004  0.18922043  -0.029244900000000001
3093    -0.70642877000000004  0.14661932  -0.08773446
3094    -0.70642877000000004  0.14661932  -0.029244900000000001
3095    -0.71072080000000004  0.20734453  -0.08773446
3096    -0.71072080000000004  0.20734453  -0.029244900000000001
3097    -0.90853050000000002  0.25792575000000001  -0.30000186000000001
3098    -0.90498639999999997  0.25727581999999999  -0.26320314
3099    -0.90398290000000003  0.34119295999999999  -0.30000186000000001
3100    -0.9056206  0.34130883000000001  -0.26320314
3101    -0.85663056000000004  0.24185991000000001  -0.30000162000000002
3102    -0.86034920000000004  0.24374175000000001  -0.26320314
3103    -0.84205865999999996  0.33095717000000002  -0.30000186000000001
3104    -0.84641886  0.33209013999999998  -0.26320314
3105    -0.76649283999999995  0.28944945  -0.30000162000000002
3106    -0.76495623999999995  0.28813909999999998  -0.26320314
3107    -0.79691290000000004  0.31221031999999999  -0.30000186000000001
3108    -0.79282569999999997  0.30998015000000001  -0.26320314
3109    -0.7368808  0.25875735  -0.30000186000000001
3110    -0.73866653000000004  0.26116109999999998  -0.26320314
3111    -0.90498639999999997  0.25727581999999999  -0.20471358000000001
3112    -0.90498639999999997  0.25727581999999999  -0.14622402000000001
3113    -0.9056206  0.34130883000000001  -0.20471358000000001
3114    -0.9056206  0.34130883000000001  -0.14622402000000001
3115    -0.86034920000000004  0.24374175000000001  -0.20471358000000001
3116    -0.86034920000000004  0.24374175000000001  -0.14622402000000001
3117    -0.84641886  0.33209013999999998  -0.20471358000000001
3118    -0.84641886  0.33209013999999998  -0.14622402000000001
3119    -0.90498639999999997  0.25727581999999999  -0.08773446
3120    -0.90498639999999997  0.25727581999999999  -0.029244900000000001
3121    -0.9056206  0.34130883000000001  -0.08773446
3122    -0.9056206  0.34130883000000001  -0.029244900000000001
3123    -0.86034920000000004  0.24374175000000001  -0.08773446
3124    -0.86034920000000004  0.24374175000000001  -0.029244900000000001
3125    -0.84641886  0.33209013999999998  -0.08773446
3126    -0.84641886  0.33209013999999998  -0.029244900000000001
3127    -0.76495623999999995  0.28813909999999998  -0.20471358000000001
3128    -0.76495623999999995  0.28813909999999998  -0.14622402000000001
3129    -0.79282569999999997  0.30998015000000001  -0.20471358000000001
3130    -0.79282569999999997  0.30998015000000001  -0.14622402000000001
3131    -0.73866653000000004  0.26116109999999998  -0.20471358000000001
3132    -0.73866653000000004  0.26116109999999998  -0.14622402000000001
3133    -0.76495623999999995  0.28813909999999998  -0.08773446
3134    -0.76495623999999995  0.28813909999999998  -0.029244900000000001
3135    -0.79282569999999997  0.30998015000000001  -0.08773446
3136    -0.79282569999999997  0.30998015000000001  -0.029244900000000001
3137    -0.73866653000000004  0.26116109999999998  -0.08773446
3138    -0.73866653000000004  0.26116109999999998  -0.029244900000000001
3139    -0.41594671999999999  0.011249542  -0.30000186000000001
3140    -0.414572  0.0144684315  -0.26320314
3141    -0.40421533999999998  0.038716555  -0.30000162000000002
3142    -0.40208149999999998  0.043713093000000001  -0.26320314
3143    -0.38052297000000002  0.094187740000000006  -0.30000186000000001
3144    -0.38306475000000001  0.088237285999999998  -0.26320314
3145    -0.36270308000000001  0.13591027  -0.30000186000000001
3146    -0.36034559999999999  0.1414299  -0.26320314
3147    -0.31165385000000001  0.022429705000000001  -0.30000186000000001
3148    -0.30863214  0.029747724999999999  -0.26320314
3149    -0.29029369999999999  0.074156046000000003  -0.30000162000000002
3150    -0.29409170000000001  0.064959050000000004  -0.26320314
3151    -0.2797444  0.099702360000000004  -0.30000186000000001
3152    -0.28201510000000002  0.094203949999999995  -0.26320314
3153    -0.35175775999999997  0.16153670000000001  -0.30000162000000002
3154    -0.34785460000000001  0.17067479999999999  -0.26320314
3155    -0.32990239999999998  0.21270703999999999  -0.30000186000000001
3156    -0.33310200000000001  0.20521640999999999  -0.26320314
3157    -0.26260567000000001  0.14120506999999999  -0.30000186000000001
3158    -0.26032567000000001  0.14672684999999999  -0.26320314
3159    -0.24018502  0.19549942000000001  -0.30000162000000002
3160    -0.24018502  0.19549942000000001  -0.26320314
3161    -0.414572  0.0144684315  -0.20471358000000001
3162    -0.414572  0.0144684315  -0.14622402000000001
3163    -0.40208149999999998  0.043713093000000001  -0.20471358000000001
3164    -0.40208149999999998  0.043713093000000001  -0.14622402000000001
3165    -0.38306475000000001  0.088237285999999998  -0.20471358000000001
3166    -0.38306475000000001  0.088237285999999998  -0.14622402000000001
3167    -0.414572  0.0144684315  -0.08773446
3168    -0.414572  0.0144684315  -0.029244900000000001
3169    -0.40208149999999998  0.043713093000000001  -0.08773446
3170    -0.40208149999999998  0.043713093000000001  -0.029244900000000001
3171    -0.38306475000000001  0.088237285999999998  -0.08773446
3172    -0.38306475000000001  0.088237285999999998  -0.029244900000000001
3173    -0.36034559999999999  0.1414299  -0.20471358000000001
3174    -0.36034559999999999  0.1414299  -0.14622402000000001
3175    -0.36034559999999999  0.1414299  -0.08773446
3176    -0.36034559999999999  0.1414299  -0.029244900000000001
3177    -0.30863214  0.029747724999999999  -0.20471358000000001
3178    -0.30863214  0.029747724999999999  -0.14622402000000001
3179    -0.29409170000000001  0.064959050000000004  -0.20471358000000001
3180    -0.29409170000000001  0.064959050000000004  -0.14622402000000001
3181    -0.28201510000000002  0.094203949999999995  -0.20471358000000001
3182    -0.28201510000000002  0.094203949999999995  -0.14622402000000001
3183    -0.30863214  0.029747724999999999  -0.08773446
3184    -0.30863214  0.029747724999999999  -0.029244900000000001
3185    -0.29409170000000001  0.064959050000000004  -0.08773446
3186    -0.29409170000000001  0.064959050000000004  -0.029244900000000001
3187    -0.28201510000000002  0.094203949999999995  -0.08773446
3188    -0.28201510000000002  0.094203949999999995  -0.029244900000000001
3189    -0.34785460000000001  0.17067479999999999  -0.20471358000000001
3190    -0.34785460000000001  0.17067479999999999  -0.14622402000000001
3191    -0.33310200000000001  0.20521640999999999  -0.20471358000000001
3192    -0.33310200000000001  0.20521640999999999  -0.14622402000000001
3193    -0.26032567000000001  0.14672684999999999  -0.20471358000000001
3194    -0.26032567000000001  0.14672684999999999  -0.14622402000000001
3195    -0.24018502  0.19549942000000001  -0.20471358000000001
3196    -0.24018502  0.19549942000000001  -0.14622402000000001
3197    -0.34785460000000001  0.17067479999999999  -0.08773446
3198    -0.34785460000000001  0.17067479999999999  -0.029244900000000001
3199    -0.33310200000000001  0.20521640999999999  -0.08773446
3200    -0.33310200000000001  0.20521640999999999  -0.029244900000000001
3201    -0.26032567000000001  0.14672684999999999  -0.08773446
3202    -0.26032567000000001  0.14672684999999999  -0.029244900000000001
3203    -0.24018502  0.19549942000000001  -0.08773446
3204    -0.24018502  0.19549942000000001  -0.029244900000000001
3205    -0.30684830000000002  0.26668477000000002  -0.30000186000000001
3206    -0.30812050000000002  0.26370597000000001  -0.26320314
3207    -0.29409003  0.29655576  -0.30000186000000001
3208    -0.29362893000000001  0.29763580000000001  -0.26320314
3209    -0.26238297999999999  0.26370597000000001  -0.30000186000000001
3210    -0.27318550000000003  0.34550023000000002  -0.30000186000000001
3211    -0.27318573000000002  0.34550023000000002  -0.26320314
3212    -0.30812050000000002  0.26370597000000001  -0.20471358000000001
3213    -0.30812050000000002  0.26370597000000001  -0.14622402000000001
3214    -0.29362893000000001  0.29763580000000001  -0.20471358000000001
3215    -0.29362893000000001  0.29763580000000001  -0.14622402000000001
3216    -0.27318573000000002  0.34550023000000002  -0.20471358000000001
3217    -0.27318573000000002  0.34550023000000002  -0.14622402000000001
3218    -0.30812050000000002  0.26370597000000001  -0.08773446
3219    -0.30812050000000002  0.26370597000000001  -0.029244900000000001
3220    -0.29362893000000001  0.29763580000000001  -0.08773446
3221    -0.29362893000000001  0.29763580000000001  -0.029244900000000001
3222    -0.27318573000000002  0.34550023000000002  -0.08773446
3223    -0.27318573000000002  0.34550023000000002  -0.029244900000000001
3224    -0.17754888999999999  0.05485487  -0.30000186000000001
3225    -0.17701982999999999  0.053667544999999997  -0.26320314
3226    -0.19094515000000001  0.084935899999999995  -0.30000186000000001
3227    -0.19241595  0.088237285999999998  -0.26320314
3228    -0.16454244000000001  0.025650263  -0.30000162000000002
3229    -0.16399598000000001  0.024422645999999999  -0.26320314
3230    -0.14540386  0.088237285999999998  -0.30000186000000001
3231    -0.21483803000000001  0.13858508999999999  -0.30000186000000001
3232    -0.21846436999999999  0.14672684999999999  -0.26320314
3233    -0.23680449000000001  0.18790889  -0.30000162000000002
3234    -0.23231315999999999  0.17782354  -0.26320314
3235    -0.12020588  0.15661096999999999  -0.30000162000000002
3236    -0.12248659000000001  0.16174102000000001  -0.26320314
3237    -0.14452529  0.21131063  -0.30000186000000001
3238    -0.14181589999999999  0.20521640999999999  -0.26320314
3239    -0.066258670000000006  0.035273314  -0.30000162000000002
3240    -0.067236660000000004  0.037473917000000002  -0.26320314
3241    -0.09198046  0.093128920000000004  -0.30000186000000001
3242    -0.089805599999999999  0.088237285999999998  -0.26320314
3243    -0.053467274000000002  0.0065038203999999997  -0.30000186000000001
3244    -0.054234266000000003  0.0082290169999999999  -0.26320314
3245    -0.10799265  0.12914395000000001  -0.30000186000000001
3246    -0.10948419600000001  0.13249612  -0.26320314
3247    -0.17701982999999999  0.053667544999999997  -0.20471358000000001
3248    -0.17701982999999999  0.053667544999999997  -0.14622402000000001
3249    -0.19241595  0.088237285999999998  -0.20471358000000001
3250    -0.19241595  0.088237285999999998  -0.14622402000000001
3251    -0.16399598000000001  0.024422645999999999  -0.20471358000000001
3252    -0.16399598000000001  0.024422645999999999  -0.14622402000000001
3253    -0.17701982999999999  0.053667544999999997  -0.08773446
3254    -0.17701982999999999  0.053667544999999997  -0.029244900000000001
3255    -0.19241595  0.088237285999999998  -0.08773446
3256    -0.19241595  0.088237285999999998  -0.029244900000000001
3257    -0.16399598000000001  0.024422645999999999  -0.08773446
3258    -0.16399598000000001  0.024422645999999999  -0.029244900000000001
3259    -0.21846436999999999  0.14672684999999999  -0.20471358000000001
3260    -0.21846436999999999  0.14672684999999999  -0.14622402000000001
3261    -0.23231315999999999  0.17782354  -0.20471358000000001
3262    -0.23231315999999999  0.17782354  -0.14622402000000001
3263    -0.12248659000000001  0.16174102000000001  -0.20471358000000001
3264    -0.12248659000000001  0.16174102000000001  -0.14622402000000001
3265    -0.14181589999999999  0.20521640999999999  -0.20471358000000001
3266    -0.14181589999999999  0.20521640999999999  -0.14622402000000001
3267    -0.21846436999999999  0.14672684999999999  -0.08773446
3268    -0.21846436999999999  0.14672684999999999  -0.029244900000000001
3269    -0.23231315999999999  0.17782354  -0.08773446
3270    -0.23231315999999999  0.17782354  -0.029244900000000001
3271    -0.12248659000000001  0.16174102000000001  -0.08773446
3272    -0.12248659000000001  0.16174102000000001  -0.029244900000000001
3273    -0.14181589999999999  0.20521640999999999  -0.08773446
3274    -0.14181589999999999  0.20521640999999999  -0.029244900000000001
3275    -0.067236660000000004  0.037473917000000002  -0.20471358000000001
3276    -0.067236660000000004  0.037473917000000002  -0.14622402000000001
3277    -0.089805599999999999  0.088237285999999998  -0.20471358000000001
3278    -0.089805599999999999  0.088237285999999998  -0.14622402000000001
3279    -0.054234266000000003  0.0082290169999999999  -0.20471358000000001
3280    -0.054234266000000003  0.0082290169999999999  -0.14622402000000001
3281    -0.067236660000000004  0.037473917000000002  -0.08773446
3282    -0.067236660000000004  0.037473917000000002  -0.029244900000000001
3283    -0.089805599999999999  0.088237285999999998  -0.08773446
3284    -0.089805599999999999  0.088237285999999998  -0.029244900000000001
3285    -0.054234266000000003  0.0082290169999999999  -0.08773446
3286    -0.054234266000000003  0.0082290169999999999  -0.029244900000000001
3287    -0.10948419600000001  0.13249612  -0.20471358000000001
3288    -0.10948419600000001  0.13249612  -0.14622402000000001
3289    -0.10948419600000001  0.13249612  -0.08773446
3290    -0.10948419600000001  0.13249612  -0.029244900000000001
3291    -0.17415261000000001  0.27794861999999998  -0.30000162000000002
3292    -0.1777358  0.28600716999999998  -0.26320314
3293    -0.20418644  0.34550023000000002  -0.30000186000000001
3294    -0.20418644  0.34550023000000002  -0.26320314
3295    -0.16251921999999999  0.25178242000000001  -0.30000186000000001
3296    -0.16473365000000001  0.2567625  -0.26320314
3297    -0.1777358  0.28600716999999998  -0.20471358000000001
3298    -0.1777358  0.28600716999999998  -0.14622402000000001
3299    -0.20418644  0.34550023000000002  -0.20471358000000001
3300    -0.20418644  0.34550023000000002  -0.14622402000000001
3301    -0.16473365000000001  0.2567625  -0.20471358000000001
3302    -0.16473365000000001  0.2567625  -0.14622402000000001
3303    -0.1777358  0.28600716999999998  -0.08773446
3304    -0.1777358  0.28600716999999998  -0.029244900000000001
3305    -0.20418644  0.34550023000000002  -0.08773446
3306    -0.20418644  0.34550023000000002  -0.029244900000000001
3307    -0.16473365000000001  0.2567625  -0.08773446
3308    -0.16473365000000001  0.2567625  -0.029244900000000001
3309    -3.3488764999999998  0.092264414000000003  0.029244900000000001
3310    -3.3488764999999998  0.092264414000000003  0.08773446
3311    -3.3030586  0.033504962999999999  0.029244900000000001
3312    -3.3030586  0.033504962999999999  0.08773446
3313    -3.3288332999999999  0.064641000000000004  0.029244900000000001
3314    -3.3288332999999999  0.064641000000000004  0.08773446
3315    -3.3488764999999998  0.092264414000000003  0.14622402000000001
3316    -3.3488764999999998  0.092264414000000003  0.20471358000000001
3317    -3.3030586  0.033504962999999999  0.14622402000000001
3318    -3.3030586  0.033504962999999999  0.20471358000000001
3319    -3.3288332999999999  0.064641000000000004  0.14622402000000001
3320    -3.3288332999999999  0.064641000000000004  0.20471358000000001
3321    -3.3698196  0.14241171  0.029244900000000001
3322    -3.3698196  0.14241171  0.08773446
3323    -3.3662030000000001  0.20602583999999999  0.029244900000000001
3324    -3.3662030000000001  0.20602583999999999  0.08773446
3325    -3.2753576999999998  0.17201567000000001  0.029244900000000001
3326    -3.2753576999999998  0.17201567000000001  0.08773446
3327    -3.2780369999999999  0.18594551000000001  0.029244900000000001
3328    -3.2780369999999999  0.18594551000000001  0.08773446
3329    -3.3698196  0.14241171  0.14622402000000001
3330    -3.3698196  0.14241171  0.20471358000000001
3331    -3.3662030000000001  0.20602583999999999  0.14622402000000001
3332    -3.3662030000000001  0.20602583999999999  0.20471358000000001
3333    -3.2753576999999998  0.17201567000000001  0.14622402000000001
3334    -3.2753576999999998  0.17201567000000001  0.20471358000000001
3335    -3.2780369999999999  0.18594551000000001  0.14622402000000001
3336    -3.2780369999999999  0.18594551000000001  0.20471358000000001
3337    -3.3488764999999998  0.092264414000000003  0.26320314
3338    -3.3511996000000002  0.096265554000000003  0.29999494999999998
3339    -3.3030586  0.033504962999999999  0.26320314
3340    -3.3024886000000002  0.032943487  0.29999494999999998
3341    -3.3288332999999999  0.064641000000000004  0.26320314
3342    -3.3309057000000002  0.067393300000000003  0.29999494999999998
3343    -3.3698196  0.14241171  0.26320314
3344    -3.3698196  0.14241123  0.29999494999999998
3345    -3.3662030000000001  0.20602583999999999  0.26320314
3346    -3.3656332  0.20884823999999999  0.29999494999999998
3347    -3.2753576999999998  0.17201567000000001  0.26320314
3348    -3.2722769999999999  0.15599822999999999  0.29999494999999998
3349    -3.2780369999999999  0.18594551000000001  0.26320314
3350    -3.2775872000000001  0.20363665  0.29999494999999998
3351    -3.3481160000000001  0.25774216999999999  0.029244900000000001
3352    -3.3481160000000001  0.25774216999999999  0.08773446
3353    -3.3269343  0.28577590000000003  0.029244900000000001
3354    -3.3269343  0.28577590000000003  0.08773446
3355    -3.2995002000000002  0.31242204000000001  0.029244900000000001
3356    -3.2995002000000002  0.31242204000000001  0.08773446
3357    -3.3481160000000001  0.25774216999999999  0.14622402000000001
3358    -3.3481160000000001  0.25774216999999999  0.20471358000000001
3359    -3.3269343  0.28577590000000003  0.14622402000000001
3360    -3.3269343  0.28577590000000003  0.20471358000000001
3361    -3.2995002000000002  0.31242204000000001  0.14622402000000001
3362    -3.2995002000000002  0.31242204000000001  0.20471358000000001
3363    -3.3481160000000001  0.25774216999999999  0.26320314
3364    -3.3502269999999998  0.25372052  0.29999494999999998
3365    -3.3269343  0.28577590000000003  0.26320314
3366    -3.3280799999999999  0.2844293  0.29999494999999998
3367    -3.2995002000000002  0.31242204000000001  0.26320314
3368    -3.2973775999999999  0.31403995000000001  0.29999494999999998
3369    -3.2646380000000002  0.0074489116999999997  0.029244900000000001
3370    -3.2646380000000002  0.0074489116999999997  0.08773446
3371    -3.2324212000000001  0.10376334  0.029244900000000001
3372    -3.2324212000000001  0.10376334  0.08773446
3373    -3.1596658  0.057826042000000001  0.029244900000000001
3374    -3.1596658  0.057826042000000001  0.08773446
3375    -3.1896276000000001  0.074547530000000001  0.029244900000000001
3376    -3.1896276000000001  0.074547530000000001  0.08773446
3377    -3.2646380000000002  0.0074489116999999997  0.14622402000000001
3378    -3.2646380000000002  0.0074489116999999997  0.20471358000000001
3379    -3.2324212000000001  0.10376334  0.14622402000000001
3380    -3.2324212000000001  0.10376334  0.20471358000000001
3381    -3.1596658  0.057826042000000001  0.14622402000000001
3382    -3.1596658  0.057826042000000001  0.20471358000000001
3383    -3.1896276000000001  0.074547530000000001  0.14622402000000001
3384    -3.1896276000000001  0.074547530000000001  0.20471358000000001
3385    -3.2688402999999999  0.13812947  0.029244900000000001
3386    -3.2688402999999999  0.13812947  0.08773446
3387    -3.2695460000000001  0.22051525  0.029244900000000001
3388    -3.2695460000000001  0.22051525  0.08773446
3389    -3.2688402999999999  0.13812947  0.14622402000000001
3390    -3.2688402999999999  0.13812947  0.20471358000000001
3391    -3.2695460000000001  0.22051525  0.14622402000000001
3392    -3.2695460000000001  0.22051525  0.20471358000000001
3393    -3.1280584  0.039783955000000003  0.029244900000000001
3394    -3.1280584  0.039783955000000003  0.08773446
3395    -3.0838234  0.0118198395  0.029244900000000001
3396    -3.0838234  0.0118198395  0.08773446
3397    -3.1280584  0.039783955000000003  0.14622402000000001
3398    -3.1280584  0.039783955000000003  0.20471358000000001
3399    -3.0838234  0.0118198395  0.14622402000000001
3400    -3.0838234  0.0118198395  0.20471358000000001
3401    -3.0530186000000001  0.22693132999999999  0.029244900000000001
3402    -3.0530186000000001  0.22693132999999999  0.08773446
3403    -3.0530186000000001  0.22693132999999999  0.14622402000000001
3404    -3.0530186000000001  0.22693132999999999  0.20471358000000001
3405    -3.2646380000000002  0.0074489116999999997  0.26320314
3406    -3.2616703999999999  0.0054302216  0.29999494999999998
3407    -3.2324212000000001  0.10376334  0.26320314
3408    -3.2332664000000002  0.10444378999999999  0.29999494999999998
3409    -3.1596658  0.057826042000000001  0.26320314
3410    -3.1666422000000001  0.061799765  0.29999494999999998
3411    -3.1896276000000001  0.074547530000000001  0.26320314
3412    -3.1936296999999998  0.077057120000000007  0.29999494999999998
3413    -3.2688402999999999  0.13812947  0.26320314
3414    -3.2688405999999999  0.13812995  0.29999494999999998
3415    -3.2695460000000001  0.22051525  0.26320314
3416    -3.2695460000000001  0.22051477  0.29999494999999998
3417    -3.1280584  0.039783955000000003  0.26320314
3418    -3.1195526  0.034732579999999999  0.29999494999999998
3419    -3.0838234  0.0118198395  0.26320314
3420    -3.0855627000000001  0.01300025  0.29999494999999998
3421    -3.0530186000000001  0.22693132999999999  0.26320314
3422    -3.0511205000000001  0.22577691  0.29999494999999998
3423    -3.2378119999999999  0.24771141999999999  0.029244900000000001
3424    -3.2378119999999999  0.24771141999999999  0.08773446
3425    -3.2481520000000002  0.34044242000000002  0.029244900000000001
3426    -3.2481520000000002  0.34044242000000002  0.08773446
3427    -3.1938154999999999  0.26323627999999999  0.029244900000000001
3428    -3.1938154999999999  0.26323627999999999  0.08773446
3429    -3.1870248000000001  0.35044170000000002  0.029244900000000001
3430    -3.1870248000000001  0.35044170000000002  0.08773446
3431    -3.2378119999999999  0.24771141999999999  0.14622402000000001
3432    -3.2378119999999999  0.24771141999999999  0.20471358000000001
3433    -3.2481520000000002  0.34044242000000002  0.14622402000000001
3434    -3.2481520000000002  0.34044242000000002  0.20471358000000001
3435    -3.1938154999999999  0.26323627999999999  0.14622402000000001
3436    -3.1938154999999999  0.26323627999999999  0.20471358000000001
3437    -3.1870248000000001  0.35044170000000002  0.14622402000000001
3438    -3.1870248000000001  0.35044170000000002  0.20471358000000001
3439    -3.1313616999999998  0.2613685  0.029244900000000001
3440    -3.1313616999999998  0.2613685  0.08773446
3441    -3.1279902000000002  0.34958815999999998  0.029244900000000001
3442    -3.1279902000000002  0.34958815999999998  0.08773446
3443    -3.0822932999999999  0.24313164000000001  0.029244900000000001
3444    -3.0822932999999999  0.24313164000000001  0.08773446
3445    -3.0685663000000001  0.33539986999999999  0.029244900000000001
3446    -3.0685663000000001  0.33539986999999999  0.08773446
3447    -3.1313616999999998  0.2613685  0.14622402000000001
3448    -3.1313616999999998  0.2613685  0.20471358000000001
3449    -3.1279902000000002  0.34958815999999998  0.14622402000000001
3450    -3.1279902000000002  0.34958815999999998  0.20471358000000001
3451    -3.0822932999999999  0.24313164000000001  0.14622402000000001
3452    -3.0822932999999999  0.24313164000000001  0.20471358000000001
3453    -3.0685663000000001  0.33539986999999999  0.14622402000000001
3454    -3.0685663000000001  0.33539986999999999  0.20471358000000001
3455    -3.2378119999999999  0.24771141999999999  0.26320314
3456    -3.2384466999999999  0.24734449999999999  0.29999494999999998
3457    -3.2481520000000002  0.34044242000000002  0.26320314
3458    -3.2537017000000001  0.33853792999999999  0.29999494999999998
3459    -3.1938154999999999  0.26323627999999999  0.26320314
3460    -3.1851064999999998  0.26459384000000002  0.29999494999999998
3461    -3.1870248000000001  0.35044170000000002  0.26320314
3462    -3.1887417  0.35033393000000002  0.29999494999999998
3463    -3.1313616999999998  0.2613685  0.26320314
3464    -3.1308965999999998  0.26127982  0.29999494999999998
3465    -3.1279902000000002  0.34958815999999998  0.26320314
3466    -3.1246154000000002  0.3491571  0.29999494999999998
3467    -3.0822932999999999  0.24313164000000001  0.26320314
3468    -3.0778937000000002  0.24118829  0.29999494999999998
3469    -3.0685663000000001  0.33539986999999999  0.26320314
3470    -3.0622926000000001  0.33310200000000001  0.29999494999999998
3471    -3.0091804999999998  0.19569755  0.029244900000000001
3472    -3.0091804999999998  0.19569755  0.08773446
3473    -3.0091804999999998  0.19569755  0.14622402000000001
3474    -3.0091804999999998  0.19569755  0.20471358000000001
3475    -2.8641844000000001  0.029747724999999999  0.029244900000000001
3476    -2.8641844000000001  0.029747724999999999  0.08773446
3477    -2.8641844000000001  0.088237285999999998  0.029244900000000001
3478    -2.8641844000000001  0.088237285999999998  0.08773446
3479    -2.8641844000000001  0.029747724999999999  0.14622402000000001
3480    -2.8641844000000001  0.029747724999999999  0.20471358000000001
3481    -2.8641844000000001  0.088237285999999998  0.14622402000000001
3482    -2.8641844000000001  0.088237285999999998  0.20471358000000001
3483    -2.8641844000000001  0.14672684999999999  0.029244900000000001
3484    -2.8641844000000001  0.14672684999999999  0.08773446
3485    -2.8641844000000001  0.20521640999999999  0.029244900000000001
3486    -2.8641844000000001  0.20521640999999999  0.08773446
3487    -2.8641844000000001  0.14672684999999999  0.14622402000000001
3488    -2.8641844000000001  0.14672684999999999  0.20471358000000001
3489    -2.8641844000000001  0.20521640999999999  0.14622402000000001
3490    -2.8641844000000001  0.20521640999999999  0.20471358000000001
3491    -3.0091804999999998  0.19569755  0.26320314
3492    -3.0091804999999998  0.19569802  0.29999494999999998
3493    -2.8641844000000001  0.029747724999999999  0.26320314
3494    -2.8641844000000001  0.029747724999999999  0.29999494999999998
3495    -2.8641844000000001  0.088237285999999998  0.26320314
3496    -2.8641844000000001  0.088237285999999998  0.29999494999999998
3497    -2.8641844000000001  0.14672684999999999  0.26320314
3498    -2.8641844000000001  0.14672684999999999  0.29999494999999998
3499    -2.8641844000000001  0.20521640999999999  0.26320314
3500    -2.8641844000000001  0.20521640999999999  0.29999494999999998
3501    -3.0091804999999998  0.26370597000000001  0.029244900000000001
3502    -3.0091804999999998  0.26370597000000001  0.08773446
3503    -3.0091803000000001  0.30472159999999998  0.029244900000000001
3504    -3.0091803000000001  0.30472159999999998  0.08773446
3505    -3.0091804999999998  0.26370597000000001  0.14622402000000001
3506    -3.0091804999999998  0.26370597000000001  0.20471358000000001
3507    -3.0091803000000001  0.30472159999999998  0.14622402000000001
3508    -3.0091803000000001  0.30472159999999998  0.20471358000000001
3509    -2.8641844000000001  0.26370597000000001  0.029244900000000001
3510    -2.8641844000000001  0.26370597000000001  0.08773446
3511    -2.8641844000000001  0.34150146999999997  0.029244900000000001
3512    -2.8641844000000001  0.34150146999999997  0.08773446
3513    -2.8641844000000001  0.26370597000000001  0.14622402000000001
3514    -2.8641844000000001  0.26370597000000001  0.20471358000000001
3515    -2.8641844000000001  0.34150146999999997  0.14622402000000001
3516    -2.8641844000000001  0.34150146999999997  0.20471358000000001
3517    -3.0091804999999998  0.26370597000000001  0.26320314
3518    -3.0091804999999998  0.26370597000000001  0.29999494999999998
3519    -3.0091803000000001  0.30472159999999998  0.26320314
3520    -3.0091804999999998  0.30472207000000001  0.29999494999999998
3521    -2.8641844000000001  0.26370597000000001  0.26320314
3522    -2.8641844000000001  0.26370597000000001  0.29999494999999998
3523    -2.8641844000000001  0.34150146999999997  0.26320314
3524    -2.8641844000000001  0.34150146999999997  0.29999494999999998
3525    -2.7661829999999998  0.029747724999999999  0.029244900000000001
3526    -2.7661829999999998  0.029747724999999999  0.08773446
3527    -2.7661829999999998  0.088237285999999998  0.029244900000000001
3528    -2.7661829999999998  0.088237285999999998  0.08773446
3529    -2.7661829999999998  0.029747724999999999  0.14622402000000001
3530    -2.7661829999999998  0.029747724999999999  0.20471358000000001
3531    -2.7661829999999998  0.088237285999999998  0.14622402000000001
3532    -2.7661829999999998  0.088237285999999998  0.20471358000000001
3533    -2.7661829999999998  0.14672684999999999  0.029244900000000001
3534    -2.7661829999999998  0.14672684999999999  0.08773446
3535    -2.7661829999999998  0.20521640999999999  0.029244900000000001
3536    -2.7661829999999998  0.20521640999999999  0.08773446
3537    -2.7661829999999998  0.14672684999999999  0.14622402000000001
3538    -2.7661829999999998  0.14672684999999999  0.20471358000000001
3539    -2.7661829999999998  0.20521640999999999  0.14622402000000001
3540    -2.7661829999999998  0.20521640999999999  0.20471358000000001
3541    -2.6290420999999999  0.030006409000000001  0.029244900000000001
3542    -2.6290420999999999  0.030006409000000001  0.08773446
3543    -2.6185372  0.088772773999999999  0.029244900000000001
3544    -2.6185372  0.088772773999999999  0.08773446
3545    -2.6290420999999999  0.030006409000000001  0.14622402000000001
3546    -2.6290420999999999  0.030006409000000001  0.20471358000000001
3547    -2.6185372  0.088772773999999999  0.14622402000000001
3548    -2.6185372  0.088772773999999999  0.20471358000000001
3549    -2.5976016999999998  0.14757108999999999  0.029244900000000001
3550    -2.5976016999999998  0.14757108999999999  0.08773446
3551    -2.5780357999999999  0.18348718  0.029244900000000001
3552    -2.5780357999999999  0.18348718  0.08773446
3553    -2.5976016999999998  0.14757108999999999  0.14622402000000001
3554    -2.5976016999999998  0.14757108999999999  0.20471358000000001
3555    -2.5780357999999999  0.18348718  0.14622402000000001
3556    -2.5780357999999999  0.18348718  0.20471358000000001
3557    -2.7661829999999998  0.029747724999999999  0.26320314
3558    -2.7661829999999998  0.029747724999999999  0.29999494999999998
3559    -2.7661829999999998  0.088237285999999998  0.26320314
3560    -2.7661829999999998  0.088237285999999998  0.29999494999999998
3561    -2.7661829999999998  0.14672684999999999  0.26320314
3562    -2.7661829999999998  0.14672684999999999  0.29999494999999998
3563    -2.7661829999999998  0.20521640999999999  0.26320314
3564    -2.7661829999999998  0.20521640999999999  0.29999494999999998
3565    -2.6290420999999999  0.030006409000000001  0.26320314
3566    -2.6285696000000001  0.033558846000000003  0.29999494999999998
3567    -2.6185372  0.088772773999999999  0.26320314
3568    -2.6170203999999999  0.094336989999999996  0.29999494999999998
3569    -2.5976016999999998  0.14757108999999999  0.26320314
3570    -2.5958602000000002  0.15168142000000001  0.29999494999999998
3571    -2.5780357999999999  0.18348718  0.26320314
3572    -2.5786742999999999  0.18241048000000001  0.29999494999999998
3573    -2.7661829999999998  0.26370597000000001  0.029244900000000001
3574    -2.7661829999999998  0.26370597000000001  0.08773446
3575    -2.7661829999999998  0.34150146999999997  0.029244900000000001
3576    -2.7661829999999998  0.34150146999999997  0.08773446
3577    -2.7661829999999998  0.26370597000000001  0.14622402000000001
3578    -2.7661829999999998  0.26370597000000001  0.20471358000000001
3579    -2.7661829999999998  0.34150146999999997  0.14622402000000001
3580    -2.7661829999999998  0.34150146999999997  0.20471358000000001
3581    -2.7661829999999998  0.26370597000000001  0.26320314
3582    -2.7661829999999998  0.26370597000000001  0.29999494999999998
3583    -2.7661829999999998  0.34150146999999997  0.26320314
3584    -2.7661829999999998  0.34150146999999997  0.29999494999999998
3585    -2.5275850000000002  0.029999733000000001  0.029244900000000001
3586    -2.5275850000000002  0.029999733000000001  0.08773446
3587    -2.5191574000000001  0.073285820000000002  0.029244900000000001
3588    -2.5191574000000001  0.073285820000000002  0.08773446
3589    -2.5089060999999999  0.10269952  0.029244900000000001
3590    -2.5089060999999999  0.10269952  0.08773446
3591    -2.5275850000000002  0.029999733000000001  0.14622402000000001
3592    -2.5275850000000002  0.029999733000000001  0.20471358000000001
3593    -2.5191574000000001  0.073285820000000002  0.14622402000000001
3594    -2.5191574000000001  0.073285820000000002  0.20471358000000001
3595    -2.5089060999999999  0.10269952  0.14622402000000001
3596    -2.5089060999999999  0.10269952  0.20471358000000001
3597    -2.5569424999999999  0.21359323999999999  0.029244900000000001
3598    -2.5569424999999999  0.21359323999999999  0.08773446
3599    -2.4854946  0.14935470000000001  0.029244900000000001
3600    -2.4854946  0.14935470000000001  0.08773446
3601    -2.4586839999999999  0.17929173000000001  0.029244900000000001
3602    -2.4586839999999999  0.17929173000000001  0.08773446
3603    -2.5569424999999999  0.21359323999999999  0.14622402000000001
3604    -2.5569424999999999  0.21359323999999999  0.20471358000000001
3605    -2.4854946  0.14935470000000001  0.14622402000000001
3606    -2.4854946  0.14935470000000001  0.20471358000000001
3607    -2.4586839999999999  0.17929173000000001  0.14622402000000001
3608    -2.4586839999999999  0.17929173000000001  0.20471358000000001
3609    -2.4307349999999999  0.21083593  0.029244900000000001
3610    -2.4307349999999999  0.21083593  0.08773446
3611    -2.3897195  0.23079537999999999  0.029244900000000001
3612    -2.3897195  0.23079537999999999  0.08773446
3613    -2.4307349999999999  0.21083593  0.14622402000000001
3614    -2.4307349999999999  0.21083593  0.20471358000000001
3615    -2.3897195  0.23079537999999999  0.14622402000000001
3616    -2.3897195  0.23079537999999999  0.20471358000000001
3617    -2.5275850000000002  0.029999733000000001  0.26320314
3618    -2.5279832  0.026965380000000001  0.29999494999999998
3619    -2.5191574000000001  0.073285820000000002  0.26320314
3620    -2.5168202000000002  0.081988095999999996  0.29999494999999998
3621    -2.5089060999999999  0.10269952  0.26320314
3622    -2.5074190000000001  0.10626745  0.29999494999999998
3623    -2.5434770000000002  0.14672684999999999  0.29999494999999998
3624    -2.5569424999999999  0.21359323999999999  0.26320314
3625    -2.5568759999999999  0.21367717  0.29999494999999998
3626    -2.4854946  0.14935470000000001  0.26320314
3627    -2.4905914999999998  0.14179230000000001  0.29999494999999998
3628    -2.4586839999999999  0.17929173000000001  0.26320314
3629    -2.4575732000000001  0.18054556999999999  0.29999494999999998
3630    -2.4307349999999999  0.21083593  0.26320314
3631    -2.4237945000000001  0.21610475000000001  0.29999494999999998
3632    -2.3897195  0.23079537999999999  0.26320314
3633    -2.3912689999999999  0.23004078999999999  0.29999494999999998
3634    -2.5270092000000002  0.24711132  0.029244900000000001
3635    -2.5270092000000002  0.24711132  0.08773446
3636    -2.4921160000000002  0.27708316  0.029244900000000001
3637    -2.4921160000000002  0.27708316  0.08773446
3638    -2.4617374000000001  0.29680942999999999  0.029244900000000001
3639    -2.4617374000000001  0.29680942999999999  0.08773446
3640    -2.5270092000000002  0.24711132  0.14622402000000001
3641    -2.5270092000000002  0.24711132  0.20471358000000001
3642    -2.4921160000000002  0.27708316  0.14622402000000001
3643    -2.4921160000000002  0.27708316  0.20471358000000001
3644    -2.4617374000000001  0.29680942999999999  0.14622402000000001
3645    -2.4617374000000001  0.29680942999999999  0.20471358000000001
3646    -2.4282856000000002  0.31775498000000002  0.029244900000000001
3647    -2.4282856000000002  0.31775498000000002  0.08773446
3648    -2.3610473000000001  0.24406958000000001  0.029244900000000001
3649    -2.3610473000000001  0.24406958000000001  0.08773446
3650    -2.3684850000000002  0.33696959999999998  0.029244900000000001
3651    -2.3684850000000002  0.33696959999999998  0.08773446
3652    -2.4282856000000002  0.31775498000000002  0.14622402000000001
3653    -2.4282856000000002  0.31775498000000002  0.20471358000000001
3654    -2.3610473000000001  0.24406958000000001  0.14622402000000001
3655    -2.3610473000000001  0.24406958000000001  0.20471358000000001
3656    -2.3684850000000002  0.33696959999999998  0.14622402000000001
3657    -2.3684850000000002  0.33696959999999998  0.20471358000000001
3658    -2.5270092000000002  0.24711132  0.26320314
3659    -2.5269172000000002  0.24720001  0.29999494999999998
3660    -2.4921160000000002  0.27708316  0.26320314
3661    -2.4922118000000002  0.27701209999999998  0.29999494999999998
3662    -2.4617374000000001  0.29680942999999999  0.26320314
3663    -2.4609103000000001  0.29734206000000002  0.29999494999999998
3664    -2.426498  0.26370597000000001  0.29999494999999998
3665    -2.4282856000000002  0.31775498000000002  0.26320314
3666    -2.4323568  0.31582522000000002  0.29999494999999998
3667    -2.3610473000000001  0.24406958000000001  0.26320314
3668    -2.3634691000000001  0.24308109999999999  0.29999494999999998
3669    -2.3684850000000002  0.33696959999999998  0.26320314
3670    -2.3735363  0.33568071999999999  0.29999494999999998
3671    -2.1093125000000001  0.23291802  0.029244900000000001
3672    -2.1093125000000001  0.23291802  0.08773446
3673    -2.1093125000000001  0.23291802  0.14622402000000001
3674    -2.1093125000000001  0.23291802  0.20471358000000001
3675    -2.1093125000000001  0.23291802  0.26320314
3676    -2.1081251999999999  0.232512  0.29999494999999998
3677    -2.3102564999999999  0.25901102999999998  0.029244900000000001
3678    -2.3102564999999999  0.25901102999999998  0.08773446
3679    -2.3097463  0.34803462000000002  0.029244900000000001
3680    -2.3097463  0.34803462000000002  0.08773446
3681    -2.2509617999999998  0.26152635000000002  0.029244900000000001
3682    -2.2509617999999998  0.26152635000000002  0.08773446
3683    -2.2510037000000001  0.3513906  0.029244900000000001
3684    -2.2510037000000001  0.3513906  0.08773446
3685    -2.3102564999999999  0.25901102999999998  0.14622402000000001
3686    -2.3102564999999999  0.25901102999999998  0.20471358000000001
3687    -2.3097463  0.34803462000000002  0.14622402000000001
3688    -2.3097463  0.34803462000000002  0.20471358000000001
3689    -2.2509617999999998  0.26152635000000002  0.14622402000000001
3690    -2.2509617999999998  0.26152635000000002  0.20471358000000001
3691    -2.2510037000000001  0.3513906  0.14622402000000001
3692    -2.2510037000000001  0.3513906  0.20471358000000001
3693    -2.1921892000000001  0.25533222999999999  0.029244900000000001
3694    -2.1921892000000001  0.25533222999999999  0.08773446
3695    -2.1922606999999998  0.34666848  0.029244900000000001
3696    -2.1922606999999998  0.34666848  0.08773446
3697    -2.1382523  0.24257064  0.029244900000000001
3698    -2.1382523  0.24257064  0.08773446
3699    -2.1336075999999999  0.33417057999999999  0.029244900000000001
3700    -2.1336075999999999  0.33417057999999999  0.08773446
3701    -2.1921892000000001  0.25533222999999999  0.14622402000000001
3702    -2.1921892000000001  0.25533222999999999  0.20471358000000001
3703    -2.1922606999999998  0.34666848  0.14622402000000001
3704    -2.1922606999999998  0.34666848  0.20471358000000001
3705    -2.1382523  0.24257064  0.14622402000000001
3706    -2.1382523  0.24257064  0.20471358000000001
3707    -2.1336075999999999  0.33417057999999999  0.14622402000000001
3708    -2.1336075999999999  0.33417057999999999  0.20471358000000001
3709    -2.3102564999999999  0.25901102999999998  0.26320314
3710    -2.3067047999999999  0.25970529999999997  0.29999494999999998
3711    -2.3097463  0.34803462000000002  0.26320314
3712    -2.3130107  0.34762836000000003  0.29999494999999998
3713    -2.2509617999999998  0.26152635000000002  0.26320314
3714    -2.2513990000000002  0.26153779999999999  0.29999494999999998
3715    -2.2510037000000001  0.3513906  0.26320314
3716    -2.2506694999999999  0.3513868  0.29999494999999998
3717    -2.1921892000000001  0.25533222999999999  0.26320314
3718    -2.1956853999999999  0.25597120000000001  0.29999494999999998
3719    -2.1922606999999998  0.34666848  0.26320314
3720    -2.1884614999999998  0.34609962  0.29999494999999998
3721    -2.1382523  0.24257064  0.26320314
3722    -2.1356063000000001  0.24178624000000001  0.29999494999999998
3723    -2.1336075999999999  0.33417057999999999  0.26320314
3724    -2.1285603000000002  0.33278774999999999  0.29999494999999998
3725    -2.0748508000000001  0.22066711999999999  0.029244900000000001
3726    -2.0748508000000001  0.22066711999999999  0.08773446
3727    -2.0211830000000002  0.1944294  0.029244900000000001
3728    -2.0211830000000002  0.1944294  0.08773446
3729    -2.0748508000000001  0.22066711999999999  0.14622402000000001
3730    -2.0748508000000001  0.22066711999999999  0.20471358000000001
3731    -2.0211830000000002  0.1944294  0.14622402000000001
3732    -2.0211830000000002  0.1944294  0.20471358000000001
3733    -1.8790374000000001  0.030005455  0.029244900000000001
3734    -1.8790374000000001  0.030005455  0.08773446
3735    -1.8725594000000001  0.067494154000000001  0.029244900000000001
3736    -1.8725594000000001  0.067494154000000001  0.08773446
3737    -1.8790374000000001  0.030005455  0.14622402000000001
3738    -1.8790374000000001  0.030005455  0.20471358000000001
3739    -1.8725594000000001  0.067494154000000001  0.14622402000000001
3740    -1.8725594000000001  0.067494154000000001  0.20471358000000001
3741    -2.0748508000000001  0.22066711999999999  0.26320314
3742    -2.0775733000000001  0.22178173000000001  0.29999494999999998
3743    -2.0211830000000002  0.1944294  0.26320314
3744    -2.0211833000000001  0.1944294  0.29999494999999998
3745    -1.8790374000000001  0.030005455  0.26320314
3746    -1.8789830000000001  0.030413866000000001  0.29999494999999998
3747    -1.8725594000000001  0.067494154000000001  0.26320314
3748    -1.8730857000000001  0.064881090000000002  0.29999494999999998
3749    -2.0751900000000001  0.31465745000000001  0.029244900000000001
3750    -2.0751900000000001  0.31465745000000001  0.08773446
3751    -2.0211830000000002  0.29250026000000001  0.029244900000000001
3752    -2.0211830000000002  0.29250026000000001  0.08773446
3753    -2.0342958000000002  0.29789996000000002  0.029244900000000001
3754    -2.0342958000000002  0.29789996000000002  0.08773446
3755    -2.0751900000000001  0.31465745000000001  0.14622402000000001
3756    -2.0751900000000001  0.31465745000000001  0.20471358000000001
3757    -2.0211830000000002  0.29250026000000001  0.14622402000000001
3758    -2.0211830000000002  0.29250026000000001  0.20471358000000001
3759    -2.0342958000000002  0.29789996000000002  0.14622402000000001
3760    -2.0342958000000002  0.29789996000000002  0.20471358000000001
3761    -2.0755602999999998  0.26370597000000001  0.29999494999999998
3762    -2.0751900000000001  0.31465745000000001  0.26320314
3763    -2.0718024000000002  0.31339526000000001  0.29999494999999998
3764    -2.0211830000000002  0.29250026000000001  0.26320314
3765    -2.0211830000000002  0.29250026000000001  0.29999494999999998
3766    -2.0342958000000002  0.29789996000000002  0.26320314
3767    -2.0371408  0.29907155000000002  0.29999494999999998
3768    -1.8662639000000001  0.097121953999999996  0.029244900000000001
3769    -1.8662639000000001  0.097121953999999996  0.08773446
3770    -1.7775877  0.029999733000000001  0.029244900000000001
3771    -1.7775877  0.029999733000000001  0.08773446
3772    -1.7666276000000001  0.087144849999999996  0.029244900000000001
3773    -1.7666276000000001  0.087144849999999996  0.08773446
3774    -1.8662639000000001  0.097121953999999996  0.14622402000000001
3775    -1.8662639000000001  0.097121953999999996  0.20471358000000001
3776    -1.7775877  0.029999733000000001  0.14622402000000001
3777    -1.7775877  0.029999733000000001  0.20471358000000001
3778    -1.7666276000000001  0.087144849999999996  0.14622402000000001
3779    -1.7666276000000001  0.087144849999999996  0.20471358000000001
3780    -1.8476025  0.14757203999999999  0.029244900000000001
3781    -1.8476025  0.14757203999999999  0.08773446
3782    -1.8233779999999999  0.19133353  0.029244900000000001
3783    -1.8233779999999999  0.19133353  0.08773446
3784    -1.8012798999999999  0.22074962000000001  0.029244900000000001
3785    -1.8012798999999999  0.22074962000000001  0.08773446
3786    -1.8476025  0.14757203999999999  0.14622402000000001
3787    -1.8476025  0.14757203999999999  0.20471358000000001
3788    -1.8233779999999999  0.19133353  0.14622402000000001
3789    -1.8233779999999999  0.19133353  0.20471358000000001
3790    -1.8012798999999999  0.22074962000000001  0.14622402000000001
3791    -1.8012798999999999  0.22074962000000001  0.20471358000000001
3792    -1.7527176  0.115166426  0.029244900000000001
3793    -1.7527176  0.115166426  0.08773446
3794    -1.7527176  0.115166426  0.14622402000000001
3795    -1.7527176  0.115166426  0.20471358000000001
3796    -1.7354974999999999  0.14935683999999999  0.029244900000000001
3797    -1.7354974999999999  0.14935683999999999  0.08773446
3798    -1.7040317  0.18465543000000001  0.029244900000000001
3799    -1.7040317  0.18465543000000001  0.08773446
3800    -1.6687007  0.21610736999999999  0.029244900000000001
3801    -1.6687007  0.21610736999999999  0.08773446
3802    -1.7354974999999999  0.14935683999999999  0.14622402000000001
3803    -1.7354974999999999  0.14935683999999999  0.20471358000000001
3804    -1.7040317  0.18465543000000001  0.14622402000000001
3805    -1.7040317  0.18465543000000001  0.20471358000000001
3806    -1.6687007  0.21610736999999999  0.14622402000000001
3807    -1.6687007  0.21610736999999999  0.20471358000000001
3808    -1.841602  0.029747724999999999  0.29999494999999998
3809    -1.8662639000000001  0.097121953999999996  0.26320314
3810    -1.8676724  0.091953515999999999  0.29999494999999998
3811    -1.7775877  0.029999733000000001  0.26320314
3812    -1.7778976  0.027633667000000001  0.29999494999999998
3813    -1.7666276000000001  0.087144849999999996  0.26320314
3814    -1.7662799  0.088164809999999996  0.29999494999999998
3815    -1.8476025  0.14757203999999999  0.26320314
3816    -1.8450719  0.15354443000000001  0.29999494999999998
3817    -1.8233779999999999  0.19133353  0.26320314
3818    -1.8246689  0.18915677  0.29999494999999998
3819    -1.7831124  0.14672684999999999  0.29999494999999998
3820    -1.8012798999999999  0.22074962000000001  0.26320314
3821    -1.8022175  0.21956396  0.29999494999999998
3822    -1.7527176  0.115166426  0.26320314
3823    -1.7524858000000001  0.11563277  0.29999494999999998
3824    -1.7354974999999999  0.14935683999999999  0.26320314
3825    -1.7389762  0.14419580000000001  0.29999494999999998
3826    -1.7040317  0.18465543000000001  0.26320314
3827    -1.7041375999999999  0.18455052  0.29999494999999998
3828    -1.6687007  0.21610736999999999  0.26320314
3829    -1.6635864  0.21948528  0.29999494999999998
3830    -1.7721355000000001  0.25182270000000001  0.029244900000000001
3831    -1.7721355000000001  0.25182270000000001  0.08773446
3832    -1.7721355000000001  0.25182270000000001  0.14622402000000001
3833    -1.7721355000000001  0.25182270000000001  0.20471358000000001
3834    -1.7366706999999999  0.28111671999999999  0.029244900000000001
3835    -1.7366706999999999  0.28111671999999999  0.08773446
3836    -1.7069677999999999  0.30036283000000003  0.029244900000000001
3837    -1.7069677999999999  0.30036283000000003  0.08773446
3838    -1.6668847  0.32037187  0.029244900000000001
3839    -1.6668847  0.32037187  0.08773446
3840    -1.7366706999999999  0.28111671999999999  0.14622402000000001
3841    -1.7366706999999999  0.28111671999999999  0.20471358000000001
3842    -1.7069677999999999  0.30036283000000003  0.14622402000000001
3843    -1.7069677999999999  0.30036283000000003  0.20471358000000001
3844    -1.6668847  0.32037187  0.14622402000000001
3845    -1.6668847  0.32037187  0.20471358000000001
3846    -1.7721355000000001  0.25182270000000001  0.26320314
3847    -1.7718834000000001  0.25206659999999997  0.29999494999999998
3848    -1.7366706999999999  0.28111671999999999  0.26320314
3849    -1.7360184000000001  0.28160024  0.29999494999999998
3850    -1.7069677999999999  0.30036283000000003  0.26320314
3851    -1.7050635999999999  0.30142045000000001  0.29999494999999998
3852    -1.6661332  0.26370597000000001  0.29999494999999998
3853    -1.6668847  0.32037187  0.26320314
3854    -1.6712606000000001  0.31863570000000002  0.29999494999999998
3855    -1.6345384000000001  0.23331737999999999  0.029244900000000001
3856    -1.6345384000000001  0.23331737999999999  0.08773446
3857    -1.6345384000000001  0.23331737999999999  0.14622402000000001
3858    -1.6345384000000001  0.23331737999999999  0.20471358000000001
3859    -1.6345384000000001  0.23331737999999999  0.26320314
3860    -1.6350217  0.23308229999999999  0.29999494999999998
3861    -1.6064763  0.24733377000000001  0.029244900000000001
3862    -1.6064763  0.24733377000000001  0.08773446
3863    -1.6081178  0.33961750000000002  0.029244900000000001
3864    -1.6081178  0.33961750000000002  0.08773446
3865    -1.5493962999999999  0.25857950000000002  0.029244900000000001
3866    -1.5493962999999999  0.25857950000000002  0.08773446
3867    -1.5493808  0.34932446  0.029244900000000001
3868    -1.5493808  0.34932446  0.08773446
3869    -1.6064763  0.24733377000000001  0.14622402000000001
3870    -1.6064763  0.24733377000000001  0.20471358000000001
3871    -1.6081178  0.33961750000000002  0.14622402000000001
3872    -1.6081178  0.33961750000000002  0.20471358000000001
3873    -1.5493962999999999  0.25857950000000002  0.14622402000000001
3874    -1.5493962999999999  0.25857950000000002  0.20471358000000001
3875    -1.5493808  0.34932446  0.14622402000000001
3876    -1.5493808  0.34932446  0.20471358000000001
3877    -1.4905969999999999  0.26125932000000002  0.029244900000000001
3878    -1.4905969999999999  0.26125932000000002  0.08773446
3879    -1.490639  0.35126805  0.029244900000000001
3880    -1.490639  0.35126805  0.08773446
3881    -1.4318230000000001  0.25343752000000003  0.029244900000000001
3882    -1.4318230000000001  0.25343752000000003  0.08773446
3883    -1.4318953000000001  0.34511447000000001  0.029244900000000001
3884    -1.4318953000000001  0.34511447000000001  0.08773446
3885    -1.4905969999999999  0.26125932000000002  0.14622402000000001
3886    -1.4905969999999999  0.26125932000000002  0.20471358000000001
3887    -1.490639  0.35126805  0.14622402000000001
3888    -1.490639  0.35126805  0.20471358000000001
3889    -1.4318230000000001  0.25343752000000003  0.14622402000000001
3890    -1.4318230000000001  0.25343752000000003  0.20471358000000001
3891    -1.4318953000000001  0.34511447000000001  0.14622402000000001
3892    -1.4318953000000001  0.34511447000000001  0.20471358000000001
3893    -1.6064763  0.24733377000000001  0.26320314
3894    -1.6076547999999999  0.24693989999999999  0.29999494999999998
3895    -1.6081178  0.33961750000000002  0.26320314
3896    -1.6134869999999999  0.33824705999999999  0.29999494999999998
3897    -1.5493962999999999  0.25857950000000002  0.26320314
3898    -1.5471007999999999  0.25887559999999998  0.29999494999999998
3899    -1.5493808  0.34932446  0.26320314
3900    -1.5527244  0.3489082  0.29999494999999998
3901    -1.4905969999999999  0.26125932000000002  0.26320314
3902    -1.4910376000000001  0.26127124000000002  0.29999494999999998
3903    -1.490639  0.35126805  0.26320314
3904    -1.4903052000000001  0.35126471999999997  0.29999494999999998
3905    -1.4318230000000001  0.25343752000000003  0.26320314
3906    -1.4354875  0.25410748  0.29999494999999998
3907    -1.4318953000000001  0.34511447000000001  0.26320314
3908    -1.42821  0.34456277000000002  0.29999494999999998
3909    -1.3540599  0.23116565  0.029244900000000001
3910    -1.3540599  0.23116565  0.08773446
3911    -1.3144338  0.21605015  0.029244900000000001
3912    -1.3144338  0.21605015  0.08773446
3913    -1.3540599  0.23116565  0.14622402000000001
3914    -1.3540599  0.23116565  0.20471358000000001
3915    -1.3144338  0.21605015  0.14622402000000001
3916    -1.3144338  0.21605015  0.20471358000000001
3917    -1.2711851999999999  0.1934998  0.029244900000000001
3918    -1.2711851999999999  0.1934998  0.08773446
3919    -1.2711851999999999  0.1934998  0.14622402000000001
3920    -1.2711851999999999  0.1934998  0.20471358000000001
3921    -1.3540599  0.23116565  0.26320314
3922    -1.3515842  0.23026156  0.29999494999999998
3923    -1.3144338  0.21605015  0.26320314
3924    -1.3182210999999999  0.21777534000000001  0.29999494999999998
3925    -1.2711851999999999  0.1934998  0.26320314
3926    -1.2711854  0.19349957000000001  0.29999494999999998
3927    -1.3831344000000001  0.24105357999999999  0.029244900000000001
3928    -1.3831344000000001  0.24105357999999999  0.08773446
3929    -1.3732409999999999  0.33132909999999999  0.029244900000000001
3930    -1.3732409999999999  0.33132909999999999  0.08773446
3931    -1.3148229  0.31079793  0.029244900000000001
3932    -1.3148229  0.31079793  0.08773446
3933    -1.3831344000000001  0.24105357999999999  0.14622402000000001
3934    -1.3831344000000001  0.24105357999999999  0.20471358000000001
3935    -1.3732409999999999  0.33132909999999999  0.14622402000000001
3936    -1.3732409999999999  0.33132909999999999  0.20471358000000001
3937    -1.3148229  0.31079793  0.14622402000000001
3938    -1.3148229  0.31079793  0.20471358000000001
3939    -1.2711855999999999  0.29250072999999999  0.029244900000000001
3940    -1.2711855999999999  0.29250072999999999  0.08773446
3941    -1.2791142  0.29576612000000002  0.029244900000000001
3942    -1.2791142  0.29576612000000002  0.08773446
3943    -1.2711855999999999  0.29250072999999999  0.14622402000000001
3944    -1.2711855999999999  0.29250072999999999  0.20471358000000001
3945    -1.2791142  0.29576612000000002  0.14622402000000001
3946    -1.2791142  0.29576612000000002  0.20471358000000001
3947    -1.3831344000000001  0.24105357999999999  0.26320314
3948    -1.3778424  0.23948502999999999  0.29999494999999998
3949    -1.3732409999999999  0.33132909999999999  0.26320314
3950    -1.3685577  0.33004642000000001  0.29999494999999998
3951    -1.3151956  0.26370597000000001  0.29999494999999998
3952    -1.3148229  0.31079793  0.26320314
3953    -1.312068  0.30977178  0.29999494999999998
3954    -1.2711855999999999  0.29250072999999999  0.26320314
3955    -1.2711861  0.29250120000000002  0.29999494999999998
3956    -1.2791142  0.29576612000000002  0.26320314
3957    -1.2807324  0.29643177999999998  0.29999494999999998
3958    -1.1031852  0.029747724999999999  0.029244900000000001
3959    -1.1031852  0.029747724999999999  0.08773446
3960    -1.1031852  0.088237285999999998  0.029244900000000001
3961    -1.1031852  0.088237285999999998  0.08773446
3962    -1.1031852  0.029747724999999999  0.14622402000000001
3963    -1.1031852  0.029747724999999999  0.20471358000000001
3964    -1.1031852  0.088237285999999998  0.14622402000000001
3965    -1.1031852  0.088237285999999998  0.20471358000000001
3966    -1.1031852  0.14672684999999999  0.029244900000000001
3967    -1.1031852  0.14672684999999999  0.08773446
3968    -1.1031852  0.20521640999999999  0.029244900000000001
3969    -1.1031852  0.20521640999999999  0.08773446
3970    -1.1031852  0.14672684999999999  0.14622402000000001
3971    -1.1031852  0.14672684999999999  0.20471358000000001
3972    -1.1031852  0.20521640999999999  0.14622402000000001
3973    -1.1031852  0.20521640999999999  0.20471358000000001
3974    -1.0051836999999999  0.043498993  0.029244900000000001
3975    -1.0051836999999999  0.043498993  0.08773446
3976    -1.0051836999999999  0.088237285999999998  0.029244900000000001
3977    -1.0051836999999999  0.088237285999999998  0.08773446
3978    -0.96424365000000001  0.043009042999999997  0.029244900000000001
3979    -0.96424365000000001  0.043009042999999997  0.08773446
3980    -1.0051836999999999  0.043498993  0.14622402000000001
3981    -1.0051836999999999  0.043498993  0.20471358000000001
3982    -1.0051836999999999  0.088237285999999998  0.14622402000000001
3983    -1.0051836999999999  0.088237285999999998  0.20471358000000001
3984    -0.96424365000000001  0.043009042999999997  0.14622402000000001
3985    -0.96424365000000001  0.043009042999999997  0.20471358000000001
3986    -1.0051836999999999  0.14672684999999999  0.029244900000000001
3987    -1.0051836999999999  0.14672684999999999  0.08773446
3988    -1.0051836999999999  0.20521640999999999  0.029244900000000001
3989    -1.0051836999999999  0.20521640999999999  0.08773446
3990    -1.0051836999999999  0.14672684999999999  0.14622402000000001
3991    -1.0051836999999999  0.14672684999999999  0.20471358000000001
3992    -1.0051836999999999  0.20521640999999999  0.14622402000000001
3993    -1.0051836999999999  0.20521640999999999  0.20471358000000001
3994    -1.1031852  0.029747724999999999  0.26320314
3995    -1.1031852  0.029747724999999999  0.29999494999999998
3996    -1.1031852  0.088237285999999998  0.26320314
3997    -1.1031852  0.088237285999999998  0.29999494999999998
3998    -1.1031852  0.14672684999999999  0.26320314
3999    -1.1031852  0.14672684999999999  0.29999494999999998
4000    -1.1031852  0.20521640999999999  0.26320314
4001    -1.1031852  0.20521640999999999  0.29999494999999998
4002    -1.0051836999999999  0.043498993  0.26320314
4003    -1.0051836999999999  0.043498993  0.29999494999999998
4004    -1.0051836999999999  0.088237285999999998  0.26320314
4005    -1.0051836999999999  0.088237285999999998  0.29999494999999998
4006    -0.96424365000000001  0.043009042999999997  0.26320314
4007    -0.96472334999999998  0.042998314000000003  0.29999494999999998
4008    -1.0051836999999999  0.14672684999999999  0.26320314
4009    -1.0051836999999999  0.14672684999999999  0.29999494999999998
4010    -1.0051836999999999  0.20521640999999999  0.26320314
4011    -1.0051836999999999  0.20521640999999999  0.29999494999999998
4012    -1.1031852  0.26370597000000001  0.029244900000000001
4013    -1.1031852  0.26370597000000001  0.08773446
4014    -1.1031852  0.34150146999999997  0.029244900000000001
4015    -1.1031852  0.34150146999999997  0.08773446
4016    -1.1031852  0.26370597000000001  0.14622402000000001
4017    -1.1031852  0.26370597000000001  0.20471358000000001
4018    -1.1031852  0.34150146999999997  0.14622402000000001
4019    -1.1031852  0.34150146999999997  0.20471358000000001
4020    -1.0051836999999999  0.25750136000000001  0.029244900000000001
4021    -1.0051836999999999  0.25750136000000001  0.08773446
4022    -1.0227478000000001  0.34150146999999997  0.029244900000000001
4023    -1.0227478000000001  0.34150146999999997  0.08773446
4024    -0.96424865999999998  0.25789570000000001  0.029244900000000001
4025    -0.96424865999999998  0.25789570000000001  0.08773446
4026    -0.96425819999999995  0.34150146999999997  0.029244900000000001
4027    -0.96425819999999995  0.34150146999999997  0.08773446
4028    -1.0051836999999999  0.25750136000000001  0.14622402000000001
4029    -1.0051836999999999  0.25750136000000001  0.20471358000000001
4030    -1.0227478000000001  0.34150146999999997  0.14622402000000001
4031    -1.0227478000000001  0.34150146999999997  0.20471358000000001
4032    -0.96424865999999998  0.25789570000000001  0.14622402000000001
4033    -0.96424865999999998  0.25789570000000001  0.20471358000000001
4034    -0.96425819999999995  0.34150146999999997  0.14622402000000001
4035    -0.96425819999999995  0.34150146999999997  0.20471358000000001
4036    -1.1031852  0.26370597000000001  0.26320314
4037    -1.1031852  0.26370597000000001  0.29999494999999998
4038    -1.1031852  0.34150146999999997  0.26320314
4039    -1.1031852  0.34150146999999997  0.29999494999999998
4040    -1.0051836999999999  0.25750136000000001  0.26320314
4041    -1.0051836999999999  0.25750136000000001  0.29999494999999998
4042    -1.0227478000000001  0.34150146999999997  0.26320314
4043    -1.0227478000000001  0.34150146999999997  0.29999494999999998
4044    -0.96424865999999998  0.25789570000000001  0.26320314
4045    -0.96456646999999995  0.25790190000000002  0.29999494999999998
4046    -0.96425819999999995  0.34150146999999997  0.26320314
4047    -0.96425819999999995  0.34150146999999997  0.29999494999999998
4048    -0.8940418  0.045641422000000001  0.029244900000000001
4049    -0.8940418  0.045641422000000001  0.08773446
4050    -0.869282  0.055971383999999999  0.029244900000000001
4051    -0.869282  0.055971383999999999  0.08773446
4052    -0.83076024000000004  0.072043179999999998  0.029244900000000001
4053    -0.83076024000000004  0.072043179999999998  0.08773446
4054    -0.8940418  0.045641422000000001  0.14622402000000001
4055    -0.8940418  0.045641422000000001  0.20471358000000001
4056    -0.869282  0.055971383999999999  0.14622402000000001
4057    -0.869282  0.055971383999999999  0.20471358000000001
4058    -0.83076024000000004  0.072043179999999998  0.14622402000000001
4059    -0.83076024000000004  0.072043179999999998  0.20471358000000001
4060    -0.82848405999999997  0.22200249999999999  0.029244900000000001
4061    -0.82848405999999997  0.22200249999999999  0.08773446
4062    -0.82848405999999997  0.22200249999999999  0.14622402000000001
4063    -0.82848405999999997  0.22200249999999999  0.20471358000000001
4064    -0.77289960000000002  0.010470152  0.029244900000000001
4065    -0.77289960000000002  0.010470152  0.08773446
4066    -0.81492734  0.11013149999999999  0.029244900000000001
4067    -0.81492734  0.11013149999999999  0.08773446
4068    -0.74576189999999998  0.033559800000000001  0.029244900000000001
4069    -0.74576189999999998  0.033559800000000001  0.08773446
4070    -0.71433519999999995  0.085125919999999994  0.029244900000000001
4071    -0.71433519999999995  0.085125919999999994  0.08773446
4072    -0.77289960000000002  0.010470152  0.14622402000000001
4073    -0.77289960000000002  0.010470152  0.20471358000000001
4074    -0.81492734  0.11013149999999999  0.14622402000000001
4075    -0.81492734  0.11013149999999999  0.20471358000000001
4076    -0.74576189999999998  0.033559800000000001  0.14622402000000001
4077    -0.74576189999999998  0.033559800000000001  0.20471358000000001
4078    -0.71433519999999995  0.085125919999999994  0.14622402000000001
4079    -0.71433519999999995  0.085125919999999994  0.20471358000000001
4080    -0.80506659999999997  0.14736437999999999  0.029244900000000001
4081    -0.80506659999999997  0.14736437999999999  0.08773446
4082    -0.81237864000000004  0.18922043  0.029244900000000001
4083    -0.81237864000000004  0.18922043  0.08773446
4084    -0.70642877000000004  0.14661932  0.029244900000000001
4085    -0.70642877000000004  0.14661932  0.08773446
4086    -0.71072080000000004  0.20734453  0.029244900000000001
4087    -0.71072080000000004  0.20734453  0.08773446
4088    -0.80506659999999997  0.14736437999999999  0.14622402000000001
4089    -0.80506659999999997  0.14736437999999999  0.20471358000000001
4090    -0.81237864000000004  0.18922043  0.14622402000000001
4091    -0.81237864000000004  0.18922043  0.20471358000000001
4092    -0.70642877000000004  0.14661932  0.14622402000000001
4093    -0.70642877000000004  0.14661932  0.20471358000000001
4094    -0.71072080000000004  0.20734453  0.14622402000000001
4095    -0.71072080000000004  0.20734453  0.20471358000000001
4096    -0.8940418  0.045641422000000001  0.26320314
4097    -0.90972229999999998  0.042137146  0.29999494999999998
4098    -0.869282  0.055971383999999999  0.26320314
4099    -0.86072539999999997  0.059540750000000003  0.29999494999999998
4100    -0.83076024000000004  0.072043179999999998  0.26320314
4101    -0.83076024000000004  0.072043179999999998  0.29999494999999998
4102    -0.82848405999999997  0.22200249999999999  0.26320314
4103    -0.82848359999999999  0.22200179  0.29999494999999998
4104    -0.77289960000000002  0.010470152  0.26320314
4105    -0.77414583999999997  0.009510994  0.29999494999999998
4106    -0.81492734  0.11013149999999999  0.26320314
4107    -0.81846832999999997  0.099485160000000003  0.29999494999999998
4108    -0.74576189999999998  0.033559800000000001  0.26320314
4109    -0.74101686  0.039122342999999997  0.29999494999999998
4110    -0.71433519999999995  0.085125919999999994  0.26320314
4111    -0.71621440000000003  0.079843520000000001  0.29999494999999998
4112    -0.80506659999999997  0.14736437999999999  0.26320314
4113    -0.80506443999999999  0.14742732  0.29999494999999998
4114    -0.81237864000000004  0.18922043  0.26320314
4115    -0.81501319999999999  0.19706035  0.29999494999999998
4116    -0.70642877000000004  0.14661932  0.26320314
4117    -0.70646310000000001  0.14569235  0.29999494999999998
4118    -0.71072080000000004  0.20734453  0.26320314
4119    -0.71218539999999997  0.2125485  0.29999494999999998
4120    -0.90498639999999997  0.25727581999999999  0.029244900000000001
4121    -0.90498639999999997  0.25727581999999999  0.08773446
4122    -0.9056206  0.34130883000000001  0.029244900000000001
4123    -0.9056206  0.34130883000000001  0.08773446
4124    -0.86034920000000004  0.24374175000000001  0.029244900000000001
4125    -0.86034920000000004  0.24374175000000001  0.08773446
4126    -0.84641886  0.33209013999999998  0.029244900000000001
4127    -0.84641886  0.33209013999999998  0.08773446
4128    -0.90498639999999997  0.25727581999999999  0.14622402000000001
4129    -0.90498639999999997  0.25727581999999999  0.20471358000000001
4130    -0.9056206  0.34130883000000001  0.14622402000000001
4131    -0.9056206  0.34130883000000001  0.20471358000000001
4132    -0.86034920000000004  0.24374175000000001  0.14622402000000001
4133    -0.86034920000000004  0.24374175000000001  0.20471358000000001
4134    -0.84641886  0.33209013999999998  0.14622402000000001
4135    -0.84641886  0.33209013999999998  0.20471358000000001
4136    -0.76495623999999995  0.28813909999999998  0.029244900000000001
4137    -0.76495623999999995  0.28813909999999998  0.08773446
4138    -0.79282569999999997  0.30998015000000001  0.029244900000000001
4139    -0.79282569999999997  0.30998015000000001  0.08773446
4140    -0.73866653000000004  0.26116109999999998  0.029244900000000001
4141    -0.73866653000000004  0.26116109999999998  0.08773446
4142    -0.76495623999999995  0.28813909999999998  0.14622402000000001
4143    -0.76495623999999995  0.28813909999999998  0.20471358000000001
4144    -0.79282569999999997  0.30998015000000001  0.14622402000000001
4145    -0.79282569999999997  0.30998015000000001  0.20471358000000001
4146    -0.73866653000000004  0.26116109999999998  0.14622402000000001
4147    -0.73866653000000004  0.26116109999999998  0.20471358000000001
4148    -0.90498639999999997  0.25727581999999999  0.26320314
4149    -0.90853050000000002  0.25792575000000001  0.29999494999999998
4150    -0.9056206  0.34130883000000001  0.26320314
4151    -0.90398290000000003  0.34119295999999999  0.29999494999999998
4152    -0.86034920000000004  0.24374175000000001  0.26320314
4153    -0.85663056000000004  0.24185991000000001  0.29999494999999998
4154    -0.84641886  0.33209013999999998  0.26320314
4155    -0.84205865999999996  0.33095717000000002  0.29999494999999998
4156    -0.76495623999999995  0.28813909999999998  0.26320314
4157    -0.76649283999999995  0.28944945  0.29999494999999998
4158    -0.79282569999999997  0.30998015000000001  0.26320314
4159    -0.79691290000000004  0.31221031999999999  0.29999494999999998
4160    -0.73866653000000004  0.26116109999999998  0.26320314
4161    -0.7368808  0.25875735  0.29999494999999998
4162    -0.414572  0.0144684315  0.029244900000000001
4163    -0.414572  0.0144684315  0.08773446
4164    -0.40208149999999998  0.043713093000000001  0.029244900000000001
4165    -0.40208149999999998  0.043713093000000001  0.08773446
4166    -0.38306475000000001  0.088237285999999998  0.029244900000000001
4167    -0.38306475000000001  0.088237285999999998  0.08773446
4168    -0.414572  0.0144684315  0.14622402000000001
4169    -0.414572  0.0144684315  0.20471358000000001
4170    -0.40208149999999998  0.043713093000000001  0.14622402000000001
4171    -0.40208149999999998  0.043713093000000001  0.20471358000000001
4172    -0.38306475000000001  0.088237285999999998  0.14622402000000001
4173    -0.38306475000000001  0.088237285999999998  0.20471358000000001
4174    -0.36034559999999999  0.1414299  0.029244900000000001
4175    -0.36034559999999999  0.1414299  0.08773446
4176    -0.36034559999999999  0.1414299  0.14622402000000001
4177    -0.36034559999999999  0.1414299  0.20471358000000001
4178    -0.30863214  0.029747724999999999  0.029244900000000001
4179    -0.30863214  0.029747724999999999  0.08773446
4180    -0.29409170000000001  0.064959050000000004  0.029244900000000001
4181    -0.29409170000000001  0.064959050000000004  0.08773446
4182    -0.28201510000000002  0.094203949999999995  0.029244900000000001
4183    -0.28201510000000002  0.094203949999999995  0.08773446
4184    -0.30863214  0.029747724999999999  0.14622402000000001
4185    -0.30863214  0.029747724999999999  0.20471358000000001
4186    -0.29409170000000001  0.064959050000000004  0.14622402000000001
4187    -0.29409170000000001  0.064959050000000004  0.20471358000000001
4188    -0.28201510000000002  0.094203949999999995  0.14622402000000001
4189    -0.28201510000000002  0.094203949999999995  0.20471358000000001
4190    -0.34785460000000001  0.17067479999999999  0.029244900000000001
4191    -0.34785460000000001  0.17067479999999999  0.08773446
4192    -0.33310200000000001  0.20521640999999999  0.029244900000000001
4193    -0.33310200000000001  0.20521640999999999  0.08773446
4194    -0.26032567000000001  0.14672684999999999  0.029244900000000001
4195    -0.26032567000000001  0.14672684999999999  0.08773446
4196    -0.24018502  0.19549942000000001  0.029244900000000001
4197    -0.24018502  0.19549942000000001  0.08773446
4198    -0.34785460000000001  0.17067479999999999  0.14622402000000001
4199    -0.34785460000000001  0.17067479999999999  0.20471358000000001
4200    -0.33310200000000001  0.20521640999999999  0.14622402000000001
4201    -0.33310200000000001  0.20521640999999999  0.20471358000000001
4202    -0.26032567000000001  0.14672684999999999  0.14622402000000001
4203    -0.26032567000000001  0.14672684999999999  0.20471358000000001
4204    -0.24018502  0.19549942000000001  0.14622402000000001
4205    -0.24018502  0.19549942000000001  0.20471358000000001
4206    -0.414572  0.0144684315  0.26320314
4207    -0.41594671999999999  0.011249542  0.29999494999999998
4208    -0.40208149999999998  0.043713093000000001  0.26320314
4209    -0.40421533999999998  0.038716555  0.29999494999999998
4210    -0.38306475000000001  0.088237285999999998  0.26320314
4211    -0.38052297000000002  0.094187740000000006  0.29999494999999998
4212    -0.36034559999999999  0.1414299  0.26320314
4213    -0.36270308000000001  0.13591027  0.29999494999999998
4214    -0.30863214  0.029747724999999999  0.26320314
4215    -0.31165385000000001  0.022429705000000001  0.29999494999999998
4216    -0.29409170000000001  0.064959050000000004  0.26320314
4217    -0.29029369999999999  0.074156046000000003  0.29999494999999998
4218    -0.28201510000000002  0.094203949999999995  0.26320314
4219    -0.2797444  0.099702360000000004  0.29999494999999998
4220    -0.34785460000000001  0.17067479999999999  0.26320314
4221    -0.35175775999999997  0.16153670000000001  0.29999494999999998
4222    -0.33310200000000001  0.20521640999999999  0.26320314
4223    -0.32990239999999998  0.21270703999999999  0.29999494999999998
4224    -0.26032567000000001  0.14672684999999999  0.26320314
4225    -0.26260567000000001  0.14120506999999999  0.29999494999999998
4226    -0.24018502  0.19549942000000001  0.26320314
4227    -0.24018502  0.19549942000000001  0.29999494999999998
4228    -0.30812050000000002  0.26370597000000001  0.029244900000000001
4229    -0.30812050000000002  0.26370597000000001  0.08773446
4230    -0.29362893000000001  0.29763580000000001  0.029244900000000001
4231    -0.29362893000000001  0.29763580000000001  0.08773446
4232    -0.27318573000000002  0.34550023000000002  0.029244900000000001
4233    -0.27318573000000002  0.34550023000000002  0.08773446
4234    -0.30812050000000002  0.26370597000000001  0.14622402000000001
4235    -0.30812050000000002  0.26370597000000001  0.20471358000000001
4236    -0.29362893000000001  0.29763580000000001  0.14622402000000001
4237    -0.29362893000000001  0.29763580000000001  0.20471358000000001
4238    -0.27318573000000002  0.34550023000000002  0.14622402000000001
4239    -0.27318573000000002  0.34550023000000002  0.20471358000000001
4240    -0.30812050000000002  0.26370597000000001  0.26320314
4241    -0.30684830000000002  0.26668477000000002  0.29999494999999998
4242    -0.29362893000000001  0.29763580000000001  0.26320314
4243    -0.29409003  0.29655576  0.29999494999999998
4244    -0.26238297999999999  0.26370597000000001  0.29999494999999998
4245    -0.27318573000000002  0.34550023000000002  0.26320314
4246    -0.27318550000000003  0.34550023000000002  0.29999494999999998
4247    -0.17701982999999999  0.053667544999999997  0.029244900000000001
4248    -0.17701982999999999  0.053667544999999997  0.08773446
4249    -0.19241595  0.088237285999999998  0.029244900000000001
4250    -0.19241595  0.088237285999999998  0.08773446
4251    -0.16399598000000001  0.024422645999999999  0.029244900000000001
4252    -0.16399598000000001  0.024422645999999999  0.08773446
4253    -0.17701982999999999  0.053667544999999997  0.14622402000000001
4254    -0.17701982999999999  0.053667544999999997  0.20471358000000001
4255    -0.19241595  0.088237285999999998  0.14622402000000001
4256    -0.19241595  0.088237285999999998  0.20471358000000001
4257    -0.16399598000000001  0.024422645999999999  0.14622402000000001
4258    -0.16399598000000001  0.024422645999999999  0.20471358000000001
4259    -0.21846436999999999  0.14672684999999999  0.029244900000000001
4260    -0.21846436999999999  0.14672684999999999  0.08773446
4261    -0.23231315999999999  0.17782354  0.029244900000000001
4262    -0.23231315999999999  0.17782354  0.08773446
4263    -0.12248659000000001  0.16174102000000001  0.029244900000000001
4264    -0.12248659000000001  0.16174102000000001  0.08773446
4265    -0.14181589999999999  0.20521640999999999  0.029244900000000001
4266    -0.14181589999999999  0.20521640999999999  0.08773446
4267    -0.21846436999999999  0.14672684999999999  0.14622402000000001
4268    -0.21846436999999999  0.14672684999999999  0.20471358000000001
4269    -0.23231315999999999  0.17782354  0.14622402000000001
4270    -0.23231315999999999  0.17782354  0.20471358000000001
4271    -0.12248659000000001  0.16174102000000001  0.14622402000000001
4272    -0.12248659000000001  0.16174102000000001  0.20471358000000001
4273    -0.14181589999999999  0.20521640999999999  0.14622402000000001
4274    -0.14181589999999999  0.20521640999999999  0.20471358000000001
4275    -0.067236660000000004  0.037473917000000002  0.029244900000000001
4276    -0.067236660000000004  0.037473917000000002  0.08773446
4277    -0.089805599999999999  0.088237285999999998  0.029244900000000001
4278    -0.089805599999999999  0.088237285999999998  0.08773446
4279    -0.054234266000000003  0.0082290169999999999  0.029244900000000001
4280    -0.054234266000000003  0.0082290169999999999  0.08773446
4281    -0.067236660000000004  0.037473917000000002  0.14622402000000001
4282    -0.067236660000000004  0.037473917000000002  0.20471358000000001
4283    -0.089805599999999999  0.088237285999999998  0.14622402000000001
4284    -0.089805599999999999  0.088237285999999998  0.20471358000000001
4285    -0.054234266000000003  0.0082290169999999999  0.14622402000000001
4286    -0.054234266000000003  0.0082290169999999999  0.20471358000000001
4287    -0.10948419600000001  0.13249612  0.029244900000000001
4288    -0.10948419600000001  0.13249612  0.08773446
4289    -0.10948419600000001  0.13249612  0.14622402000000001
4290    -0.10948419600000001  0.13249612  0.20471358000000001
4291    -0.17701982999999999  0.053667544999999997  0.26320314
4292    -0.17754888999999999  0.05485487  0.29999494999999998
4293    -0.19241595  0.088237285999999998  0.26320314
4294    -0.19094515000000001  0.084935899999999995  0.29999494999999998
4295    -0.16399598000000001  0.024422645999999999  0.26320314
4296    -0.16454244000000001  0.025650263  0.29999494999999998
4297    -0.14540386  0.088237285999999998  0.29999494999999998
4298    -0.21846436999999999  0.14672684999999999  0.26320314
4299    -0.21483803000000001  0.13858508999999999  0.29999494999999998
4300    -0.23231315999999999  0.17782354  0.26320314
4301    -0.23680449000000001  0.18790889  0.29999494999999998
4302    -0.12248659000000001  0.16174102000000001  0.26320314
4303    -0.12020588  0.15661096999999999  0.29999494999999998
4304    -0.14181589999999999  0.20521640999999999  0.26320314
4305    -0.14452529  0.21131063  0.29999494999999998
4306    -0.067236660000000004  0.037473917000000002  0.26320314
4307    -0.066258670000000006  0.035273314  0.29999494999999998
4308    -0.089805599999999999  0.088237285999999998  0.26320314
4309    -0.09198046  0.093128920000000004  0.29999494999999998
4310    -0.054234266000000003  0.0082290169999999999  0.26320314
4311    -0.053467274000000002  0.0065038203999999997  0.29999494999999998
4312    -0.10948419600000001  0.13249612  0.26320314
4313    -0.10799265  0.12914395000000001  0.29999494999999998
4314    -0.1777358  0.28600716999999998  0.029244900000000001
4315    -0.1777358  0.28600716999999998  0.08773446
4316    -0.20418644  0.34550023000000002  0.029244900000000001
4317    -0.20418644  0.34550023000000002  0.08773446
4318    -0.16473365000000001  0.2567625  0.029244900000000001
4319    -0.16473365000000001  0.2567625  0.08773446
4320    -0.1777358  0.28600716999999998  0.14622402000000001
4321    -0.1777358  0.28600716999999998  0.20471358000000001
4322    -0.20418644  0.34550023000000002  0.14622402000000001
4323    -0.20418644  0.34550023000000002  0.20471358000000001
4324    -0.16473365000000001  0.2567625  0.14622402000000001
4325    -0.16473365000000001  0.2567625  0.20471358000000001
4326    -0.1777358  0.28600716999999998  0.26320314
4327    -0.17415261000000001  0.27794861999999998  0.29999494999999998
4328    -0.20418644  0.34550023000000002  0.26320314
4329    -0.20418644  0.34550023000000002  0.29999494999999998
4330    -0.16473365000000001  0.2567625  0.26320314
4331    -0.16251921999999999  0.25178242000000001  0.29999494999999998
4332    0.030065060000000001  -0.34050322  -0.30000186000000001
4333    0.030065060000000001  -0.34050322  -0.26320314
4334    0.059864760000000003  -0.24840069000000001  -0.30000162000000002
4335    0.056264639999999998  -0.24030446999999999  -0.26320314
4336    0.10081315  -0.34050322  -0.30000186000000001
4337    0.10081315  -0.34050322  -0.26320314
4338    0.071490764999999998  -0.27455020000000002  -0.30000186000000001
4339    0.069267270000000006  -0.26954913000000003  -0.26320314
4340    0.1808157  -0.34050322  -0.30000186000000001
4341    0.1808157  -0.34050322  -0.26320314
4342    0.1808157  -0.26270031999999999  -0.30000186000000001
4343    0.1808157  -0.26270031999999999  -0.26320314
4344    0.030065060000000001  -0.34050322  -0.20471358000000001
4345    0.030065060000000001  -0.34050322  -0.14622402000000001
4346    0.056264639999999998  -0.24030446999999999  -0.20471358000000001
4347    0.056264639999999998  -0.24030446999999999  -0.14622402000000001
4348    0.10081315  -0.34050322  -0.20471358000000001
4349    0.10081315  -0.34050322  -0.14622402000000001
4350    0.069267270000000006  -0.26954913000000003  -0.20471358000000001
4351    0.069267270000000006  -0.26954913000000003  -0.14622402000000001
4352    0.030065060000000001  -0.34050322  -0.08773446
4353    0.030065060000000001  -0.34050322  -0.029244900000000001
4354    0.056264639999999998  -0.24030446999999999  -0.08773446
4355    0.056264639999999998  -0.24030446999999999  -0.029244900000000001
4356    0.10081315  -0.34050322  -0.08773446
4357    0.10081315  -0.34050322  -0.029244900000000001
4358    0.069267270000000006  -0.26954913000000003  -0.08773446
4359    0.069267270000000006  -0.26954913000000003  -0.029244900000000001
4360    0.1808157  -0.34050322  -0.20471358000000001
4361    0.1808157  -0.34050322  -0.14622402000000001
4362    0.1808157  -0.26270031999999999  -0.20471358000000001
4363    0.1808157  -0.26270031999999999  -0.14622402000000001
4364    0.1808157  -0.34050322  -0.08773446
4365    0.1808157  -0.34050322  -0.029244900000000001
4366    0.1808157  -0.26270031999999999  -0.08773446
4367    0.1808157  -0.26270031999999999  -0.029244900000000001
4368    0.036966562000000001  -0.19689822000000001  -0.30000186000000001
4369    0.040217876  -0.20421075999999999  -0.26320314
4370    0.013107776999999999  -0.14323520000000001  -0.30000186000000001
4371    0.014213085  -0.1457212  -0.26320314
4372    0.0010588169000000001  -0.11613536000000001  -0.30000186000000001
4373    0.0010151863000000001  -0.11603737  -0.26320314
4374    0.1808157  -0.20421075999999999  -0.30000186000000001
4375    0.1808157  -0.20421075999999999  -0.26320314
4376    0.1808157  -0.1457212  -0.30000186000000001
4377    0.1808157  -0.1457212  -0.26320314
4378    0.1808157  -0.087231636000000001  -0.30000186000000001
4379    0.1808157  -0.087231636000000001  -0.26320314
4380    0.1808157  -0.028742074999999999  -0.30000186000000001
4381    0.1808157  -0.028742074999999999  -0.26320314
4382    0.040217876  -0.20421075999999999  -0.20471358000000001
4383    0.040217876  -0.20421075999999999  -0.14622402000000001
4384    0.014213085  -0.1457212  -0.20471358000000001
4385    0.014213085  -0.1457212  -0.14622402000000001
4386    0.040217876  -0.20421075999999999  -0.08773446
4387    0.040217876  -0.20421075999999999  -0.029244900000000001
4388    0.014213085  -0.1457212  -0.08773446
4389    0.014213085  -0.1457212  -0.029244900000000001
4390    0.0010151863000000001  -0.11603737  -0.20471358000000001
4391    0.0010151863000000001  -0.11603737  -0.14622402000000001
4392    0.0010151863000000001  -0.11603737  -0.08773446
4393    0.0010151863000000001  -0.11603737  -0.029244900000000001
4394    0.1808157  -0.20421075999999999  -0.20471358000000001
4395    0.1808157  -0.20421075999999999  -0.14622402000000001
4396    0.1808157  -0.1457212  -0.20471358000000001
4397    0.1808157  -0.1457212  -0.14622402000000001
4398    0.1808157  -0.20421075999999999  -0.08773446
4399    0.1808157  -0.20421075999999999  -0.029244900000000001
4400    0.1808157  -0.1457212  -0.08773446
4401    0.1808157  -0.1457212  -0.029244900000000001
4402    0.1808157  -0.087231636000000001  -0.20471358000000001
4403    0.1808157  -0.087231636000000001  -0.14622402000000001
4404    0.1808157  -0.028742074999999999  -0.20471358000000001
4405    0.1808157  -0.028742074999999999  -0.14622402000000001
4406    0.1808157  -0.087231636000000001  -0.08773446
4407    0.1808157  -0.087231636000000001  -0.029244900000000001
4408    0.1808157  -0.028742074999999999  -0.08773446
4409    0.1808157  -0.028742074999999999  -0.029244900000000001
4410    0.27881718  -0.34050322  -0.30000186000000001
4411    0.27881718  -0.34050322  -0.26320314
4412    0.27881718  -0.26270031999999999  -0.30000186000000001
4413    0.27881718  -0.26270031999999999  -0.26320314
4414    0.27881718  -0.34050322  -0.20471358000000001
4415    0.27881718  -0.34050322  -0.14622402000000001
4416    0.27881718  -0.26270031999999999  -0.20471358000000001
4417    0.27881718  -0.26270031999999999  -0.14622402000000001
4418    0.27881718  -0.34050322  -0.08773446
4419    0.27881718  -0.34050322  -0.029244900000000001
4420    0.27881718  -0.26270031999999999  -0.08773446
4421    0.27881718  -0.26270031999999999  -0.029244900000000001
4422    0.27881718  -0.20421075999999999  -0.30000186000000001
4423    0.27881718  -0.20421075999999999  -0.26320314
4424    0.27881718  -0.1457212  -0.30000186000000001
4425    0.27881718  -0.1457212  -0.26320314
4426    0.27881718  -0.087231636000000001  -0.30000186000000001
4427    0.27881718  -0.087231636000000001  -0.26320314
4428    0.27881718  -0.045499086000000001  -0.30000162000000002
4429    0.27881718  -0.045499086000000001  -0.26320314
4430    0.3225131  -0.045499086000000001  -0.30000186000000001
4431    0.3225131  -0.045499086000000001  -0.26320314
4432    0.38153172000000002  -0.045483111999999999  -0.30000186000000001
4433    0.38101768000000003  -0.045494794999999998  -0.26320314
4434    0.44293737  -0.042025804999999999  -0.30000186000000001
4435    0.43996668  -0.042478559999999999  -0.26320314
4436    0.27881718  -0.20421075999999999  -0.20471358000000001
4437    0.27881718  -0.20421075999999999  -0.14622402000000001
4438    0.27881718  -0.1457212  -0.20471358000000001
4439    0.27881718  -0.1457212  -0.14622402000000001
4440    0.27881718  -0.20421075999999999  -0.08773446
4441    0.27881718  -0.20421075999999999  -0.029244900000000001
4442    0.27881718  -0.1457212  -0.08773446
4443    0.27881718  -0.1457212  -0.029244900000000001
4444    0.27881718  -0.087231636000000001  -0.20471358000000001
4445    0.27881718  -0.087231636000000001  -0.14622402000000001
4446    0.27881718  -0.045499086000000001  -0.20471358000000001
4447    0.27881718  -0.045499086000000001  -0.14622402000000001
4448    0.3225131  -0.045499086000000001  -0.20471358000000001
4449    0.3225131  -0.045499086000000001  -0.14622402000000001
4450    0.27881718  -0.087231636000000001  -0.08773446
4451    0.27881718  -0.087231636000000001  -0.029244900000000001
4452    0.27881718  -0.045499086000000001  -0.08773446
4453    0.27881718  -0.045499086000000001  -0.029244900000000001
4454    0.3225131  -0.045499086000000001  -0.08773446
4455    0.3225131  -0.045499086000000001  -0.029244900000000001
4456    0.38101768000000003  -0.045494794999999998  -0.20471358000000001
4457    0.38101768000000003  -0.045494794999999998  -0.14622402000000001
4458    0.43996668  -0.042478559999999999  -0.20471358000000001
4459    0.43996668  -0.042478559999999999  -0.14622402000000001
4460    0.38101768000000003  -0.045494794999999998  -0.08773446
4461    0.38101768000000003  -0.045494794999999998  -0.029244900000000001
4462    0.43996668  -0.042478559999999999  -0.08773446
4463    0.43996668  -0.042478559999999999  -0.029244900000000001
4464    0.50356290000000004  -0.024647951000000001  -0.30000186000000001
4465    0.49954843999999998  -0.026286601999999999  -0.26320314
4466    0.53455160000000002  -0.0061569214000000002  -0.30000186000000001
4467    0.53553819999999996  -0.0054953099999999998  -0.26320314
4468    0.49954843999999998  -0.026286601999999999  -0.20471358000000001
4469    0.49954843999999998  -0.026286601999999999  -0.14622402000000001
4470    0.53553819999999996  -0.0054953099999999998  -0.20471358000000001
4471    0.53553819999999996  -0.0054953099999999998  -0.14622402000000001
4472    0.49954843999999998  -0.026286601999999999  -0.08773446
4473    0.49954843999999998  -0.026286601999999999  -0.029244900000000001
4474    0.53553819999999996  -0.0054953099999999998  -0.08773446
4475    0.53553819999999996  -0.0054953099999999998  -0.029244900000000001
4476    0.70581530000000003  -0.34050322  -0.30000186000000001
4477    0.70581530000000003  -0.34050322  -0.26320314
4478    0.70581530000000003  -0.26270031999999999  -0.30000186000000001
4479    0.70581530000000003  -0.26270031999999999  -0.26320314
4480    0.8038168  -0.34050322  -0.30000186000000001
4481    0.8038168  -0.34050322  -0.26320314
4482    0.8038168  -0.26270031999999999  -0.30000186000000001
4483    0.8038168  -0.26270031999999999  -0.26320314
4484    0.70581530000000003  -0.34050322  -0.20471358000000001
4485    0.70581530000000003  -0.34050322  -0.14622402000000001
4486    0.70581530000000003  -0.26270031999999999  -0.20471358000000001
4487    0.70581530000000003  -0.26270031999999999  -0.14622402000000001
4488    0.8038168  -0.34050322  -0.20471358000000001
4489    0.8038168  -0.34050322  -0.14622402000000001
4490    0.8038168  -0.26270031999999999  -0.20471358000000001
4491    0.8038168  -0.26270031999999999  -0.14622402000000001
4492    0.70581530000000003  -0.34050322  -0.08773446
4493    0.70581530000000003  -0.34050322  -0.029244900000000001
4494    0.70581530000000003  -0.26270031999999999  -0.08773446
4495    0.70581530000000003  -0.26270031999999999  -0.029244900000000001
4496    0.8038168  -0.34050322  -0.08773446
4497    0.8038168  -0.34050322  -0.029244900000000001
4498    0.8038168  -0.26270031999999999  -0.08773446
4499    0.8038168  -0.26270031999999999  -0.029244900000000001
4500    0.70581530000000003  -0.20421075999999999  -0.30000186000000001
4501    0.70581530000000003  -0.20421075999999999  -0.26320314
4502    0.70581530000000003  -0.1457212  -0.30000186000000001
4503    0.70581530000000003  -0.1457212  -0.26320314
4504    0.8038168  -0.20421075999999999  -0.30000186000000001
4505    0.8038168  -0.20421075999999999  -0.26320314
4506    0.8038168  -0.1457212  -0.30000186000000001
4507    0.8038168  -0.1457212  -0.26320314
4508    0.70581530000000003  -0.087231636000000001  -0.30000186000000001
4509    0.70581530000000003  -0.087231636000000001  -0.26320314
4510    0.70581530000000003  -0.028742074999999999  -0.30000186000000001
4511    0.70581530000000003  -0.028742074999999999  -0.26320314
4512    0.8038168  -0.087231636000000001  -0.30000186000000001
4513    0.8038168  -0.087231636000000001  -0.26320314
4514    0.8038168  -0.043499946999999997  -0.30000162000000002
4515    0.8038168  -0.043499946999999997  -0.26320314
4516    0.84891939999999999  -0.043499946999999997  -0.30000186000000001
4517    0.84891939999999999  -0.043499946999999997  -0.26320314
4518    0.90740869999999996  -0.043499946999999997  -0.30000186000000001
4519    0.90740869999999996  -0.043499946999999997  -0.26320314
4520    0.70581530000000003  -0.20421075999999999  -0.20471358000000001
4521    0.70581530000000003  -0.20421075999999999  -0.14622402000000001
4522    0.70581530000000003  -0.1457212  -0.20471358000000001
4523    0.70581530000000003  -0.1457212  -0.14622402000000001
4524    0.8038168  -0.20421075999999999  -0.20471358000000001
4525    0.8038168  -0.20421075999999999  -0.14622402000000001
4526    0.8038168  -0.1457212  -0.20471358000000001
4527    0.8038168  -0.1457212  -0.14622402000000001
4528    0.70581530000000003  -0.20421075999999999  -0.08773446
4529    0.70581530000000003  -0.20421075999999999  -0.029244900000000001
4530    0.70581530000000003  -0.1457212  -0.08773446
4531    0.70581530000000003  -0.1457212  -0.029244900000000001
4532    0.8038168  -0.20421075999999999  -0.08773446
4533    0.8038168  -0.20421075999999999  -0.029244900000000001
4534    0.8038168  -0.1457212  -0.08773446
4535    0.8038168  -0.1457212  -0.029244900000000001
4536    0.70581530000000003  -0.087231636000000001  -0.20471358000000001
4537    0.70581530000000003  -0.087231636000000001  -0.14622402000000001
4538    0.70581530000000003  -0.028742074999999999  -0.20471358000000001
4539    0.70581530000000003  -0.028742074999999999  -0.14622402000000001
4540    0.8038168  -0.087231636000000001  -0.20471358000000001
4541    0.8038168  -0.087231636000000001  -0.14622402000000001
4542    0.8038168  -0.043499946999999997  -0.20471358000000001
4543    0.8038168  -0.043499946999999997  -0.14622402000000001
4544    0.70581530000000003  -0.087231636000000001  -0.08773446
4545    0.70581530000000003  -0.087231636000000001  -0.029244900000000001
4546    0.70581530000000003  -0.028742074999999999  -0.08773446
4547    0.70581530000000003  -0.028742074999999999  -0.029244900000000001
4548    0.8038168  -0.087231636000000001  -0.08773446
4549    0.8038168  -0.087231636000000001  -0.029244900000000001
4550    0.8038168  -0.043499946999999997  -0.08773446
4551    0.8038168  -0.043499946999999997  -0.029244900000000001
4552    0.84891939999999999  -0.043499946999999997  -0.20471358000000001
4553    0.84891939999999999  -0.043499946999999997  -0.14622402000000001
4554    0.90740869999999996  -0.043499946999999997  -0.20471358000000001
4555    0.90740869999999996  -0.043499946999999997  -0.14622402000000001
4556    0.84891939999999999  -0.043499946999999997  -0.08773446
4557    0.84891939999999999  -0.043499946999999997  -0.029244900000000001
4558    0.90740869999999996  -0.043499946999999997  -0.08773446
4559    0.90740869999999996  -0.043499946999999997  -0.029244900000000001
4560    0.96589849999999999  -0.043499946999999997  -0.30000186000000001
4561    0.96589849999999999  -0.043499946999999997  -0.26320314
4562    1.0243878  -0.043499946999999997  -0.30000186000000001
4563    1.0243878  -0.043499946999999997  -0.26320314
4564    1.0828776  -0.043499946999999997  -0.30000186000000001
4565    1.0828776  -0.043499946999999997  -0.26320314
4566    1.141367  -0.043499946999999997  -0.30000186000000001
4567    1.141367  -0.043499946999999997  -0.26320314
4568    0.96589849999999999  -0.043499946999999997  -0.20471358000000001
4569    0.96589849999999999  -0.043499946999999997  -0.14622402000000001
4570    1.0243878  -0.043499946999999997  -0.20471358000000001
4571    1.0243878  -0.043499946999999997  -0.14622402000000001
4572    0.96589849999999999  -0.043499946999999997  -0.08773446
4573    0.96589849999999999  -0.043499946999999997  -0.029244900000000001
4574    1.0243878  -0.043499946999999997  -0.08773446
4575    1.0243878  -0.043499946999999997  -0.029244900000000001
4576    1.0828776  -0.043499946999999997  -0.20471358000000001
4577    1.0828776  -0.043499946999999997  -0.14622402000000001
4578    1.141367  -0.043499946999999997  -0.20471358000000001
4579    1.141367  -0.043499946999999997  -0.14622402000000001
4580    1.0828776  -0.043499946999999997  -0.08773446
4581    1.0828776  -0.043499946999999997  -0.029244900000000001
4582    1.141367  -0.043499946999999997  -0.08773446
4583    1.141367  -0.043499946999999997  -0.029244900000000001
4584    1.1858196000000001  -0.34050322  -0.30000186000000001
4585    1.1858196000000001  -0.34050322  -0.26320314
4586    1.1858196000000001  -0.26270031999999999  -0.30000186000000001
4587    1.1858196000000001  -0.26270031999999999  -0.26320314
4588    1.283814  -0.34050322  -0.30000186000000001
4589    1.283814  -0.34050322  -0.26320314
4590    1.283814  -0.26270031999999999  -0.30000186000000001
4591    1.283814  -0.26270031999999999  -0.26320314
4592    1.1858196000000001  -0.34050322  -0.20471358000000001
4593    1.1858196000000001  -0.34050322  -0.14622402000000001
4594    1.1858196000000001  -0.26270031999999999  -0.20471358000000001
4595    1.1858196000000001  -0.26270031999999999  -0.14622402000000001
4596    1.283814  -0.34050322  -0.20471358000000001
4597    1.283814  -0.34050322  -0.14622402000000001
4598    1.283814  -0.26270031999999999  -0.20471358000000001
4599    1.283814  -0.26270031999999999  -0.14622402000000001
4600    1.1858196000000001  -0.34050322  -0.08773446
4601    1.1858196000000001  -0.34050322  -0.029244900000000001
4602    1.1858196000000001  -0.26270031999999999  -0.08773446
4603    1.1858196000000001  -0.26270031999999999  -0.029244900000000001
4604    1.283814  -0.34050322  -0.08773446
4605    1.283814  -0.34050322  -0.029244900000000001
4606    1.283814  -0.26270031999999999  -0.08773446
4607    1.283814  -0.26270031999999999  -0.029244900000000001
4608    1.1858196000000001  -0.20421075999999999  -0.30000186000000001
4609    1.1858196000000001  -0.20421075999999999  -0.26320314
4610    1.1858196000000001  -0.1457212  -0.30000186000000001
4611    1.1858196000000001  -0.1457212  -0.26320314
4612    1.283814  -0.20421075999999999  -0.30000186000000001
4613    1.283814  -0.20421075999999999  -0.26320314
4614    1.283814  -0.1457212  -0.30000186000000001
4615    1.283814  -0.1457212  -0.26320314
4616    1.1858196000000001  -0.087231636000000001  -0.30000186000000001
4617    1.1858196000000001  -0.087231636000000001  -0.26320314
4618    1.1858196000000001  -0.043499946999999997  -0.30000162000000002
4619    1.1858196000000001  -0.043499946999999997  -0.26320314
4620    1.283814  -0.087231636000000001  -0.30000186000000001
4621    1.283814  -0.087231636000000001  -0.26320314
4622    1.283814  -0.028742074999999999  -0.30000186000000001
4623    1.283814  -0.028742074999999999  -0.26320314
4624    1.1858196000000001  -0.20421075999999999  -0.20471358000000001
4625    1.1858196000000001  -0.20421075999999999  -0.14622402000000001
4626    1.1858196000000001  -0.1457212  -0.20471358000000001
4627    1.1858196000000001  -0.1457212  -0.14622402000000001
4628    1.283814  -0.20421075999999999  -0.20471358000000001
4629    1.283814  -0.20421075999999999  -0.14622402000000001
4630    1.283814  -0.1457212  -0.20471358000000001
4631    1.283814  -0.1457212  -0.14622402000000001
4632    1.1858196000000001  -0.20421075999999999  -0.08773446
4633    1.1858196000000001  -0.20421075999999999  -0.029244900000000001
4634    1.1858196000000001  -0.1457212  -0.08773446
4635    1.1858196000000001  -0.1457212  -0.029244900000000001
4636    1.283814  -0.20421075999999999  -0.08773446
4637    1.283814  -0.20421075999999999  -0.029244900000000001
4638    1.283814  -0.1457212  -0.08773446
4639    1.283814  -0.1457212  -0.029244900000000001
4640    1.1858196000000001  -0.087231636000000001  -0.20471358000000001
4641    1.1858196000000001  -0.087231636000000001  -0.14622402000000001
4642    1.1858196000000001  -0.043499946999999997  -0.20471358000000001
4643    1.1858196000000001  -0.043499946999999997  -0.14622402000000001
4644    1.283814  -0.087231636000000001  -0.20471358000000001
4645    1.283814  -0.087231636000000001  -0.14622402000000001
4646    1.283814  -0.028742074999999999  -0.20471358000000001
4647    1.283814  -0.028742074999999999  -0.14622402000000001
4648    1.1858196000000001  -0.087231636000000001  -0.08773446
4649    1.1858196000000001  -0.087231636000000001  -0.029244900000000001
4650    1.1858196000000001  -0.043499946999999997  -0.08773446
4651    1.1858196000000001  -0.043499946999999997  -0.029244900000000001
4652    1.283814  -0.087231636000000001  -0.08773446
4653    1.283814  -0.087231636000000001  -0.029244900000000001
4654    1.283814  -0.028742074999999999  -0.08773446
4655    1.283814  -0.028742074999999999  -0.029244900000000001
4656    1.6578135000000001  -0.34050274000000003  -0.30000186000000001
4657    1.6578135000000001  -0.34050274000000003  -0.26320314
4658    1.6856580000000001  -0.27531147  -0.30000186000000001
4659    1.6877856  -0.27032970000000001  -0.26320314
4660    1.7262630000000001  -0.34050322  -0.30000186000000001
4661    1.7262630000000001  -0.34050322  -0.26320314
4662    1.6967874000000001  -0.2492547  -0.30000162000000002
4663    1.7002769  -0.24108481000000001  -0.26320314
4664    1.7578144  -0.34050298000000001  -0.30000186000000001
4665    1.7578138999999999  -0.34050322  -0.26320314
4666    1.7883492000000001  -0.26913690000000001  -0.30000186000000001
4667    1.7911029000000001  -0.26270031999999999  -0.26320314
4668    1.6578135000000001  -0.34050274000000003  -0.20471358000000001
4669    1.6578135000000001  -0.34050274000000003  -0.14622402000000001
4670    1.6877856  -0.27032970000000001  -0.20471358000000001
4671    1.6877856  -0.27032970000000001  -0.14622402000000001
4672    1.7262630000000001  -0.34050322  -0.20471358000000001
4673    1.7262630000000001  -0.34050322  -0.14622402000000001
4674    1.7002769  -0.24108481000000001  -0.20471358000000001
4675    1.7002769  -0.24108481000000001  -0.14622402000000001
4676    1.6578135000000001  -0.34050274000000003  -0.08773446
4677    1.6578135000000001  -0.34050274000000003  -0.029244900000000001
4678    1.6877856  -0.27032970000000001  -0.08773446
4679    1.6877856  -0.27032970000000001  -0.029244900000000001
4680    1.7262630000000001  -0.34050322  -0.08773446
4681    1.7262630000000001  -0.34050322  -0.029244900000000001
4682    1.7002769  -0.24108481000000001  -0.08773446
4683    1.7002769  -0.24108481000000001  -0.029244900000000001
4684    1.7578138999999999  -0.34050322  -0.20471358000000001
4685    1.7578138999999999  -0.34050322  -0.14622402000000001
4686    1.7911029000000001  -0.26270031999999999  -0.20471358000000001
4687    1.7911029000000001  -0.26270031999999999  -0.14622402000000001
4688    1.7578138999999999  -0.34050322  -0.08773446
4689    1.7578138999999999  -0.34050322  -0.029244900000000001
4690    1.7911029000000001  -0.26270031999999999  -0.08773446
4691    1.7911029000000001  -0.26270031999999999  -0.029244900000000001
4692    1.7190723000000001  -0.19708013999999999  -0.30000186000000001
4693    1.7160268000000001  -0.20421075999999999  -0.26320314
4694    1.742127  -0.14310241000000001  -0.30000186000000001
4695    1.7410083000000001  -0.14572096000000001  -0.26320314
4696    1.7542724999999999  -0.11466717999999999  -0.30000186000000001
4697    1.7545037000000001  -0.11412501  -0.26320314
4698    1.8114962999999999  -0.21503472000000001  -0.30000162000000002
4699    1.8088063999999999  -0.2213223  -0.26320314
4700    1.7847527999999999  -0.1457212  -0.30000186000000001
4701    1.8230038  -0.18813895999999999  -0.30000186000000001
4702    1.8213185999999999  -0.19207740000000001  -0.26320314
4703    1.8438133999999999  -0.13950253000000001  -0.30000162000000002
4704    1.8438133999999999  -0.13950204999999999  -0.26320314
4705    1.7669187  -0.085058690000000006  -0.30000162000000002
4706    1.7669950000000001  -0.084880349999999993  -0.26320314
4707    1.7927489000000001  -0.024583339999999999  -0.30000186000000001
4708    1.7909727  -0.028742074999999999  -0.26320314
4709    1.8432421999999999  -0.087231636000000001  -0.30000186000000001
4710    1.8432421999999999  -0.028742074999999999  -0.30000186000000001
4711    1.7160268000000001  -0.20421075999999999  -0.20471358000000001
4712    1.7160268000000001  -0.20421075999999999  -0.14622402000000001
4713    1.7410083000000001  -0.14572096000000001  -0.20471358000000001
4714    1.7410083000000001  -0.14572096000000001  -0.14622402000000001
4715    1.7160268000000001  -0.20421075999999999  -0.08773446
4716    1.7160268000000001  -0.20421075999999999  -0.029244900000000001
4717    1.7410083000000001  -0.14572096000000001  -0.08773446
4718    1.7410083000000001  -0.14572096000000001  -0.029244900000000001
4719    1.7545037000000001  -0.11412501  -0.20471358000000001
4720    1.7545037000000001  -0.11412501  -0.14622402000000001
4721    1.7545037000000001  -0.11412501  -0.08773446
4722    1.7545037000000001  -0.11412501  -0.029244900000000001
4723    1.8088063999999999  -0.2213223  -0.20471358000000001
4724    1.8088063999999999  -0.2213223  -0.14622402000000001
4725    1.8213185999999999  -0.19207740000000001  -0.20471358000000001
4726    1.8213185999999999  -0.19207740000000001  -0.14622402000000001
4727    1.8438133999999999  -0.13950204999999999  -0.20471358000000001
4728    1.8438133999999999  -0.13950204999999999  -0.14622402000000001
4729    1.8088063999999999  -0.2213223  -0.08773446
4730    1.8088063999999999  -0.2213223  -0.029244900000000001
4731    1.8213185999999999  -0.19207740000000001  -0.08773446
4732    1.8213185999999999  -0.19207740000000001  -0.029244900000000001
4733    1.8438133999999999  -0.13950204999999999  -0.08773446
4734    1.8438133999999999  -0.13950204999999999  -0.029244900000000001
4735    1.7669950000000001  -0.084880349999999993  -0.20471358000000001
4736    1.7669950000000001  -0.084880349999999993  -0.14622402000000001
4737    1.7909727  -0.028742074999999999  -0.20471358000000001
4738    1.7909727  -0.028742074999999999  -0.14622402000000001
4739    1.7669950000000001  -0.084880349999999993  -0.08773446
4740    1.7669950000000001  -0.084880349999999993  -0.029244900000000001
4741    1.7909727  -0.028742074999999999  -0.08773446
4742    1.7909727  -0.028742074999999999  -0.029244900000000001
4743    1.901732  -0.13950229  -0.30000186000000001
4744    1.901732  -0.13950229  -0.26320314
4745    1.9602212999999999  -0.13950229  -0.30000186000000001
4746    1.9602212999999999  -0.13950229  -0.26320314
4747    1.901732  -0.087231636000000001  -0.30000186000000001
4748    1.8818188  -0.051503897  -0.30000162000000002
4749    1.8818188  -0.051503897  -0.26320314
4750    1.9602212999999999  -0.087231636000000001  -0.30000186000000001
4751    1.9602212999999999  -0.051503897  -0.30000186000000001
4752    1.9602212999999999  -0.051503897  -0.26320314
4753    2.0187110000000001  -0.13950229  -0.30000186000000001
4754    2.0187110000000001  -0.13950229  -0.26320314
4755    2.0772004000000002  -0.13950229  -0.30000186000000001
4756    2.0772004000000002  -0.13950229  -0.26320314
4757    2.0187110000000001  -0.087231636000000001  -0.30000186000000001
4758    2.0187110000000001  -0.051503897  -0.30000186000000001
4759    2.0187110000000001  -0.051503897  -0.26320314
4760    2.0772004000000002  -0.087231636000000001  -0.30000186000000001
4761    2.0938148000000001  -0.051503897  -0.30000162000000002
4762    2.0938153000000002  -0.051503897  -0.26320314
4763    1.901732  -0.13950229  -0.20471358000000001
4764    1.901732  -0.13950229  -0.14622402000000001
4765    1.9602212999999999  -0.13950229  -0.20471358000000001
4766    1.9602212999999999  -0.13950229  -0.14622402000000001
4767    1.901732  -0.13950229  -0.08773446
4768    1.901732  -0.13950229  -0.029244900000000001
4769    1.9602212999999999  -0.13950229  -0.08773446
4770    1.9602212999999999  -0.13950229  -0.029244900000000001
4771    1.8818188  -0.051503897  -0.20471358000000001
4772    1.8818188  -0.051503897  -0.14622402000000001
4773    1.9602212999999999  -0.051503897  -0.20471358000000001
4774    1.9602212999999999  -0.051503897  -0.14622402000000001
4775    1.8818188  -0.051503897  -0.08773446
4776    1.8818188  -0.051503897  -0.029244900000000001
4777    1.9602212999999999  -0.051503897  -0.08773446
4778    1.9602212999999999  -0.051503897  -0.029244900000000001
4779    2.0187110000000001  -0.13950229  -0.20471358000000001
4780    2.0187110000000001  -0.13950229  -0.14622402000000001
4781    2.0772004000000002  -0.13950229  -0.20471358000000001
4782    2.0772004000000002  -0.13950229  -0.14622402000000001
4783    2.0187110000000001  -0.13950229  -0.08773446
4784    2.0187110000000001  -0.13950229  -0.029244900000000001
4785    2.0772004000000002  -0.13950229  -0.08773446
4786    2.0772004000000002  -0.13950229  -0.029244900000000001
4787    2.0187110000000001  -0.051503897  -0.20471358000000001
4788    2.0187110000000001  -0.051503897  -0.14622402000000001
4789    2.0938153000000002  -0.051503897  -0.20471358000000001
4790    2.0938153000000002  -0.051503897  -0.14622402000000001
4791    2.0187110000000001  -0.051503897  -0.08773446
4792    2.0187110000000001  -0.051503897  -0.029244900000000001
4793    2.0938153000000002  -0.051503897  -0.08773446
4794    2.0938153000000002  -0.051503897  -0.029244900000000001
4795    2.2108645  -0.30968475000000001  -0.30000186000000001
4796    2.2131289999999999  -0.31468654000000001  -0.26320314
4797    2.1924709999999998  -0.26905560000000001  -0.30000186000000001
4798    2.1895937999999999  -0.26270056000000003  -0.26320314
4799    2.2248158  -0.34050322  -0.30000186000000001
4800    2.2248163000000001  -0.34050370000000002  -0.26320314
4801    2.2834501  -0.24745940999999999  -0.30000162000000002
4802    2.2795690999999998  -0.23873042999999999  -0.26320314
4803    2.3248180999999999  -0.34050344999999999  -0.30000186000000001
4804    2.3248186  -0.34050416999999999  -0.26320314
4805    2.2949514  -0.2733276  -0.30000186000000001
4806    2.2925715000000002  -0.26797510000000002  -0.26320314
4807    2.2131289999999999  -0.31468654000000001  -0.20471358000000001
4808    2.2131289999999999  -0.31468654000000001  -0.14622402000000001
4809    2.1895937999999999  -0.26270056000000003  -0.20471358000000001
4810    2.1895937999999999  -0.26270056000000003  -0.14622402000000001
4811    2.2131289999999999  -0.31468654000000001  -0.08773446
4812    2.2131289999999999  -0.31468654000000001  -0.029244900000000001
4813    2.1895937999999999  -0.26270056000000003  -0.08773446
4814    2.1895937999999999  -0.26270056000000003  -0.029244900000000001
4815    2.2248163000000001  -0.34050370000000002  -0.20471358000000001
4816    2.2248163000000001  -0.34050370000000002  -0.14622402000000001
4817    2.2795690999999998  -0.23873042999999999  -0.20471358000000001
4818    2.2795690999999998  -0.23873042999999999  -0.14622402000000001
4819    2.3248186  -0.34050416999999999  -0.20471358000000001
4820    2.3248186  -0.34050416999999999  -0.14622402000000001
4821    2.2925715000000002  -0.26797510000000002  -0.20471358000000001
4822    2.2925715000000002  -0.26797510000000002  -0.14622402000000001
4823    2.2248163000000001  -0.34050370000000002  -0.08773446
4824    2.2248163000000001  -0.34050370000000002  -0.029244900000000001
4825    2.2795690999999998  -0.23873042999999999  -0.08773446
4826    2.2795690999999998  -0.23873042999999999  -0.029244900000000001
4827    2.3248186  -0.34050416999999999  -0.08773446
4828    2.3248186  -0.34050416999999999  -0.029244900000000001
4829    2.2925715000000002  -0.26797510000000002  -0.08773446
4830    2.2925715000000002  -0.26797510000000002  -0.029244900000000001
4831    2.1557488  -0.18794106999999999  -0.30000186000000001
4832    2.1574049999999998  -0.19159936999999999  -0.26320314
4833    2.1338195999999998  -0.13950253000000001  -0.30000162000000002
4834    2.1338189999999999  -0.13950204999999999  -0.26320314
4835    2.1680942000000001  -0.21521067999999999  -0.30000162000000002
4836    2.1706443000000002  -0.22084403  -0.26320314
4837    2.1941799999999998  -0.1457212  -0.30000186000000001
4838    2.1356902  -0.087231636000000001  -0.30000186000000001
4839    2.1356902  -0.028742074999999999  -0.30000186000000001
4840    2.2112745999999999  -0.085122349999999999  -0.30000162000000002
4841    2.2113174999999998  -0.085218909999999995  -0.26320314
4842    2.1844519999999998  -0.024793386000000001  -0.30000186000000001
4843    2.1862073  -0.028741836999999999  -0.26320314
4844    2.2608546999999999  -0.19663858000000001  -0.30000186000000001
4845    2.2642216999999998  -0.20421075999999999  -0.26320314
4846    2.2369962000000001  -0.14297533000000001  -0.30000186000000001
4847    2.2382168999999998  -0.1457212  -0.26320314
4848    2.2245192999999999  -0.11491346  -0.30000186000000001
4849    2.2243200000000001  -0.114463806  -0.26320314
4850    2.1574049999999998  -0.19159936999999999  -0.20471358000000001
4851    2.1574049999999998  -0.19159936999999999  -0.14622402000000001
4852    2.1338189999999999  -0.13950204999999999  -0.20471358000000001
4853    2.1338189999999999  -0.13950204999999999  -0.14622402000000001
4854    2.1706443000000002  -0.22084403  -0.20471358000000001
4855    2.1706443000000002  -0.22084403  -0.14622402000000001
4856    2.1574049999999998  -0.19159936999999999  -0.08773446
4857    2.1574049999999998  -0.19159936999999999  -0.029244900000000001
4858    2.1338189999999999  -0.13950204999999999  -0.08773446
4859    2.1338189999999999  -0.13950204999999999  -0.029244900000000001
4860    2.1706443000000002  -0.22084403  -0.08773446
4861    2.1706443000000002  -0.22084403  -0.029244900000000001
4862    2.2113174999999998  -0.085218909999999995  -0.20471358000000001
4863    2.2113174999999998  -0.085218909999999995  -0.14622402000000001
4864    2.1862073  -0.028741836999999999  -0.20471358000000001
4865    2.1862073  -0.028741836999999999  -0.14622402000000001
4866    2.2113174999999998  -0.085218909999999995  -0.08773446
4867    2.2113174999999998  -0.085218909999999995  -0.029244900000000001
4868    2.1862073  -0.028741836999999999  -0.08773446
4869    2.1862073  -0.028741836999999999  -0.029244900000000001
4870    2.2642216999999998  -0.20421075999999999  -0.20471358000000001
4871    2.2642216999999998  -0.20421075999999999  -0.14622402000000001
4872    2.2382168999999998  -0.1457212  -0.20471358000000001
4873    2.2382168999999998  -0.1457212  -0.14622402000000001
4874    2.2642216999999998  -0.20421075999999999  -0.08773446
4875    2.2642216999999998  -0.20421075999999999  -0.029244900000000001
4876    2.2382168999999998  -0.1457212  -0.08773446
4877    2.2382168999999998  -0.1457212  -0.029244900000000001
4878    2.2243200000000001  -0.114463806  -0.20471358000000001
4879    2.2243200000000001  -0.114463806  -0.14622402000000001
4880    2.2243200000000001  -0.114463806  -0.08773446
4881    2.2243200000000001  -0.114463806  -0.029244900000000001
4882    2.3758168  -0.30901383999999998  -0.30000186000000001
4883    2.3758178000000001  -0.30901432000000001  -0.26320314
4884    2.3758173  -0.26270031999999999  -0.30000186000000001
4885    2.3758173  -0.26270031999999999  -0.26320314
4886    2.4211763999999998  -0.33120322000000002  -0.30000186000000001
4887    2.4271060000000002  -0.3332579  -0.26320314
4888    2.4317975000000001  -0.24628568000000001  -0.30000162000000002
4889    2.4325356  -0.24664736000000001  -0.26320314
4890    2.4824986  -0.34704947000000003  -0.30000186000000001
4891    2.4862508999999999  -0.34759116000000001  -0.26320314
4892    2.4884189999999999  -0.26994443000000001  -0.30000186000000001
4893    2.4889177999999998  -0.27005552999999999  -0.26320314
4894    2.5486626999999999  -0.3513906  -0.30000186000000001
4895    2.5515237000000002  -0.35107326999999999  -0.26320314
4896    2.5503382999999999  -0.27268004000000001  -0.30000186000000001
4897    2.5503387000000002  -0.27267980000000003  -0.26320314
4898    2.3758178000000001  -0.30901432000000001  -0.20471358000000001
4899    2.3758178000000001  -0.30901432000000001  -0.14622402000000001
4900    2.3758173  -0.26270031999999999  -0.20471358000000001
4901    2.3758173  -0.26270031999999999  -0.14622402000000001
4902    2.4271060000000002  -0.3332579  -0.20471358000000001
4903    2.4271060000000002  -0.3332579  -0.14622402000000001
4904    2.4325356  -0.24664736000000001  -0.20471358000000001
4905    2.4325356  -0.24664736000000001  -0.14622402000000001
4906    2.3758178000000001  -0.30901432000000001  -0.08773446
4907    2.3758178000000001  -0.30901432000000001  -0.029244900000000001
4908    2.3758173  -0.26270031999999999  -0.08773446
4909    2.3758173  -0.26270031999999999  -0.029244900000000001
4910    2.4271060000000002  -0.3332579  -0.08773446
4911    2.4271060000000002  -0.3332579  -0.029244900000000001
4912    2.4325356  -0.24664736000000001  -0.08773446
4913    2.4325356  -0.24664736000000001  -0.029244900000000001
4914    2.4862508999999999  -0.34759116000000001  -0.20471358000000001
4915    2.4862508999999999  -0.34759116000000001  -0.14622402000000001
4916    2.4889177999999998  -0.27005552999999999  -0.20471358000000001
4917    2.4889177999999998  -0.27005552999999999  -0.14622402000000001
4918    2.5515237000000002  -0.35107326999999999  -0.20471358000000001
4919    2.5515237000000002  -0.35107326999999999  -0.14622402000000001
4920    2.5503387000000002  -0.27267980000000003  -0.20471358000000001
4921    2.5503387000000002  -0.27267980000000003  -0.14622402000000001
4922    2.4862508999999999  -0.34759116000000001  -0.08773446
4923    2.4862508999999999  -0.34759116000000001  -0.029244900000000001
4924    2.4889177999999998  -0.27005552999999999  -0.08773446
4925    2.4889177999999998  -0.27005552999999999  -0.029244900000000001
4926    2.5515237000000002  -0.35107326999999999  -0.08773446
4927    2.5515237000000002  -0.35107326999999999  -0.029244900000000001
4928    2.5503387000000002  -0.27267980000000003  -0.08773446
4929    2.5503387000000002  -0.27267980000000003  -0.029244900000000001
4930    2.3758178000000001  -0.2132299  -0.30000186000000001
4931    2.3758173  -0.21322942  -0.26320314
4932    2.4031281  -0.23003625999999999  -0.30000186000000001
4933    2.4039497000000001  -0.23052168000000001  -0.26320314
4934    2.4564004000000002  -0.11735463  -0.30000186000000001
4935    2.4562887999999998  -0.11727333  -0.26320314
4936    2.3959617999999998  -0.060849905000000003  -0.30000186000000001
4937    2.3962050000000001  -0.061254024999999997  -0.26320314
4938    2.3777175000000002  -0.021428823  -0.30000186000000001
4939    2.3777170000000001  -0.021426916000000001  -0.26320314
4940    2.4227175999999999  -0.093731165000000005  -0.30000162000000002
4941    2.4232109999999998  -0.094210859999999993  -0.26320314
4942    2.4281383000000001  -0.028742074999999999  -0.30000186000000001
4943    2.4812750000000001  -0.13426447  -0.30000186000000001
4944    2.4856471999999998  -0.13711071  -0.26320314
4945    2.5652865999999999  -0.18264913999999999  -0.30000186000000001
4946    2.5686517000000002  -0.18565822000000001  -0.26320314
4947    2.5358315  -0.16472149  -0.30000162000000002
4948    2.5340972000000002  -0.16366839999999999  -0.26320314
4949    2.4866275999999998  -0.087231636000000001  -0.30000186000000001
4950    2.4682445999999998  -0.020710706999999998  -0.30000162000000002
4951    2.4682436000000001  -0.02071023  -0.26320314
4952    2.5492148000000001  -0.074354169999999997  -0.30000162000000002
4953    2.5488371999999999  -0.074117180000000005  -0.26320314
4954    2.5194907  -0.054865120000000003  -0.30000186000000001
4955    2.5200233000000001  -0.055220127000000001  -0.26320314
4956    2.3758173  -0.21322942  -0.20471358000000001
4957    2.3758173  -0.21322942  -0.14622402000000001
4958    2.4039497000000001  -0.23052168000000001  -0.20471358000000001
4959    2.4039497000000001  -0.23052168000000001  -0.14622402000000001
4960    2.4562887999999998  -0.11727333  -0.20471358000000001
4961    2.4562887999999998  -0.11727333  -0.14622402000000001
4962    2.3758173  -0.21322942  -0.08773446
4963    2.3758173  -0.21322942  -0.029244900000000001
4964    2.4039497000000001  -0.23052168000000001  -0.08773446
4965    2.4039497000000001  -0.23052168000000001  -0.029244900000000001
4966    2.4562887999999998  -0.11727333  -0.08773446
4967    2.4562887999999998  -0.11727333  -0.029244900000000001
4968    2.3962050000000001  -0.061254024999999997  -0.20471358000000001
4969    2.3962050000000001  -0.061254024999999997  -0.14622402000000001
4970    2.3777170000000001  -0.021426916000000001  -0.20471358000000001
4971    2.3777170000000001  -0.021426916000000001  -0.14622402000000001
4972    2.4232109999999998  -0.094210859999999993  -0.20471358000000001
4973    2.4232109999999998  -0.094210859999999993  -0.14622402000000001
4974    2.3962050000000001  -0.061254024999999997  -0.08773446
4975    2.3962050000000001  -0.061254024999999997  -0.029244900000000001
4976    2.3777170000000001  -0.021426916000000001  -0.08773446
4977    2.3777170000000001  -0.021426916000000001  -0.029244900000000001
4978    2.4232109999999998  -0.094210859999999993  -0.08773446
4979    2.4232109999999998  -0.094210859999999993  -0.029244900000000001
4980    2.4856471999999998  -0.13711071  -0.20471358000000001
4981    2.4856471999999998  -0.13711071  -0.14622402000000001
4982    2.5686517000000002  -0.18565822000000001  -0.20471358000000001
4983    2.5686517000000002  -0.18565822000000001  -0.14622402000000001
4984    2.5340972000000002  -0.16366839999999999  -0.20471358000000001
4985    2.5340972000000002  -0.16366839999999999  -0.14622402000000001
4986    2.4856471999999998  -0.13711071  -0.08773446
4987    2.4856471999999998  -0.13711071  -0.029244900000000001
4988    2.5686517000000002  -0.18565822000000001  -0.08773446
4989    2.5686517000000002  -0.18565822000000001  -0.029244900000000001
4990    2.5340972000000002  -0.16366839999999999  -0.08773446
4991    2.5340972000000002  -0.16366839999999999  -0.029244900000000001
4992    2.4682436000000001  -0.02071023  -0.20471358000000001
4993    2.4682436000000001  -0.02071023  -0.14622402000000001
4994    2.5488371999999999  -0.074117180000000005  -0.20471358000000001
4995    2.5488371999999999  -0.074117180000000005  -0.14622402000000001
4996    2.5200233000000001  -0.055220127000000001  -0.20471358000000001
4997    2.5200233000000001  -0.055220127000000001  -0.14622402000000001
4998    2.4682436000000001  -0.02071023  -0.08773446
4999    2.4682436000000001  -0.02071023  -0.029244900000000001
5000    2.5488371999999999  -0.074117180000000005  -0.08773446
5001    2.5488371999999999  -0.074117180000000005  -0.029244900000000001
5002    2.5200233000000001  -0.055220127000000001  -0.08773446
5003    2.5200233000000001  -0.055220127000000001  -0.029244900000000001
5004    2.6141209999999999  -0.33236575000000002  -0.30000186000000001
5005    2.6093879000000002  -0.33473206  -0.26320314
5006    2.5838656000000002  -0.2454238  -0.30000162000000002
5007    2.5838652  -0.24542402999999999  -0.26320314
5008    2.6465301999999999  -0.30595422  -0.30000186000000001
5009    2.6464061999999999  -0.30607985999999998  -0.26320314
5010    2.6766238000000002  -0.26493883000000001  -0.30000186000000001
5011    2.6766214000000002  -0.26494455  -0.26320314
5012    2.7948189000000001  -0.34050322  -0.30000186000000001
5013    2.7948189000000001  -0.34050322  -0.26320314
5014    2.7948189000000001  -0.26270031999999999  -0.30000186000000001
5015    2.7948189000000001  -0.26270031999999999  -0.26320314
5016    2.6093879000000002  -0.33473206  -0.20471358000000001
5017    2.6093879000000002  -0.33473206  -0.14622402000000001
5018    2.5838652  -0.24542402999999999  -0.20471358000000001
5019    2.5838652  -0.24542402999999999  -0.14622402000000001
5020    2.6464061999999999  -0.30607985999999998  -0.20471358000000001
5021    2.6464061999999999  -0.30607985999999998  -0.14622402000000001
5022    2.6766214000000002  -0.26494455  -0.20471358000000001
5023    2.6766214000000002  -0.26494455  -0.14622402000000001
5024    2.6093879000000002  -0.33473206  -0.08773446
5025    2.6093879000000002  -0.33473206  -0.029244900000000001
5026    2.5838652  -0.24542402999999999  -0.08773446
5027    2.5838652  -0.24542402999999999  -0.029244900000000001
5028    2.6464061999999999  -0.30607985999999998  -0.08773446
5029    2.6464061999999999  -0.30607985999999998  -0.029244900000000001
5030    2.6766214000000002  -0.26494455  -0.08773446
5031    2.6766214000000002  -0.26494455  -0.029244900000000001
5032    2.7948189000000001  -0.34050322  -0.20471358000000001
5033    2.7948189000000001  -0.34050322  -0.14622402000000001
5034    2.7948189000000001  -0.26270031999999999  -0.20471358000000001
5035    2.7948189000000001  -0.26270031999999999  -0.14622402000000001
5036    2.7948189000000001  -0.34050322  -0.08773446
5037    2.7948189000000001  -0.34050322  -0.029244900000000001
5038    2.7948189000000001  -0.26270031999999999  -0.08773446
5039    2.7948189000000001  -0.26270031999999999  -0.029244900000000001
5040    2.5917140000000001  -0.21425295  -0.30000162000000002
5041    2.5917143999999999  -0.21425366000000001  -0.26320314
5042    2.6223225999999999  -0.12254213999999999  -0.30000162000000002
5043    2.6237740000000001  -0.12372589000000001  -0.26320314
5044    2.6813622000000001  -0.19455051000000001  -0.30000186000000001
5045    2.6813617000000001  -0.19454908000000001  -0.26320314
5046    2.6560945999999999  -0.15133905  -0.30000186000000001
5047    2.6559781999999998  -0.15120006  -0.26320314
5048    2.5928019999999998  -0.099746704000000005  -0.30000186000000001
5049    2.5952234000000001  -0.10139084  -0.26320314
5050    2.7948189000000001  -0.20421075999999999  -0.30000186000000001
5051    2.7948189000000001  -0.20421075999999999  -0.26320314
5052    2.7948189000000001  -0.1457212  -0.30000186000000001
5053    2.7948189000000001  -0.1457212  -0.26320314
5054    2.7948189000000001  -0.087231636000000001  -0.30000186000000001
5055    2.7948189000000001  -0.087231636000000001  -0.26320314
5056    2.7948189000000001  -0.028742074999999999  -0.30000186000000001
5057    2.7948189000000001  -0.028742074999999999  -0.26320314
5058    2.5917143999999999  -0.21425366000000001  -0.20471358000000001
5059    2.5917143999999999  -0.21425366000000001  -0.14622402000000001
5060    2.6237740000000001  -0.12372589000000001  -0.20471358000000001
5061    2.6237740000000001  -0.12372589000000001  -0.14622402000000001
5062    2.6813617000000001  -0.19454908000000001  -0.20471358000000001
5063    2.6813617000000001  -0.19454908000000001  -0.14622402000000001
5064    2.6559781999999998  -0.15120006  -0.20471358000000001
5065    2.6559781999999998  -0.15120006  -0.14622402000000001
5066    2.5917143999999999  -0.21425366000000001  -0.08773446
5067    2.5917143999999999  -0.21425366000000001  -0.029244900000000001
5068    2.6237740000000001  -0.12372589000000001  -0.08773446
5069    2.6237740000000001  -0.12372589000000001  -0.029244900000000001
5070    2.6813617000000001  -0.19454908000000001  -0.08773446
5071    2.6813617000000001  -0.19454908000000001  -0.029244900000000001
5072    2.6559781999999998  -0.15120006  -0.08773446
5073    2.6559781999999998  -0.15120006  -0.029244900000000001
5074    2.5952234000000001  -0.10139084  -0.20471358000000001
5075    2.5952234000000001  -0.10139084  -0.14622402000000001
5076    2.5952234000000001  -0.10139084  -0.08773446
5077    2.5952234000000001  -0.10139084  -0.029244900000000001
5078    2.7948189000000001  -0.20421075999999999  -0.20471358000000001
5079    2.7948189000000001  -0.20421075999999999  -0.14622402000000001
5080    2.7948189000000001  -0.1457212  -0.20471358000000001
5081    2.7948189000000001  -0.1457212  -0.14622402000000001
5082    2.7948189000000001  -0.20421075999999999  -0.08773446
5083    2.7948189000000001  -0.20421075999999999  -0.029244900000000001
5084    2.7948189000000001  -0.1457212  -0.08773446
5085    2.7948189000000001  -0.1457212  -0.029244900000000001
5086    2.7948189000000001  -0.087231636000000001  -0.20471358000000001
5087    2.7948189000000001  -0.087231636000000001  -0.14622402000000001
5088    2.7948189000000001  -0.028742074999999999  -0.20471358000000001
5089    2.7948189000000001  -0.028742074999999999  -0.14622402000000001
5090    2.7948189000000001  -0.087231636000000001  -0.08773446
5091    2.7948189000000001  -0.087231636000000001  -0.029244900000000001
5092    2.7948189000000001  -0.028742074999999999  -0.08773446
5093    2.7948189000000001  -0.028742074999999999  -0.029244900000000001
5094    2.8375653999999999  -0.34050322  -0.30000186000000001
5095    2.8375653999999999  -0.34050322  -0.26320314
5096    2.8375653999999999  -0.26270031999999999  -0.30000186000000001
5097    2.8838172000000002  -0.34050322  -0.30000186000000001
5098    2.8838172000000002  -0.34050322  -0.26320314
5099    2.8838172000000002  -0.26270031999999999  -0.30000186000000001
5100    2.8838172000000002  -0.26270031999999999  -0.26320314
5101    3.0113158000000002  -0.32066703000000002  -0.30000186000000001
5102    3.0113148999999999  -0.3206656  -0.26320314
5103    2.9831572  -0.26083635999999999  -0.30000186000000001
5104    2.9831561999999998  -0.26083255  -0.26320314
5105    2.8375653999999999  -0.34050322  -0.20471358000000001
5106    2.8375653999999999  -0.34050322  -0.14622402000000001
5107    2.8838172000000002  -0.34050322  -0.20471358000000001
5108    2.8838172000000002  -0.34050322  -0.14622402000000001
5109    2.8838172000000002  -0.26270031999999999  -0.20471358000000001
5110    2.8838172000000002  -0.26270031999999999  -0.14622402000000001
5111    2.8375653999999999  -0.34050322  -0.08773446
5112    2.8375653999999999  -0.34050322  -0.029244900000000001
5113    2.8838172000000002  -0.34050322  -0.08773446
5114    2.8838172000000002  -0.34050322  -0.029244900000000001
5115    2.8838172000000002  -0.26270031999999999  -0.08773446
5116    2.8838172000000002  -0.26270031999999999  -0.029244900000000001
5117    3.0113148999999999  -0.3206656  -0.20471358000000001
5118    3.0113148999999999  -0.3206656  -0.14622402000000001
5119    2.9831561999999998  -0.26083255  -0.20471358000000001
5120    2.9831561999999998  -0.26083255  -0.14622402000000001
5121    3.0113148999999999  -0.3206656  -0.08773446
5122    3.0113148999999999  -0.3206656  -0.029244900000000001
5123    2.9831561999999998  -0.26083255  -0.08773446
5124    2.9831561999999998  -0.26083255  -0.029244900000000001
5125    2.8375653999999999  -0.20421075999999999  -0.30000186000000001
5126    2.8375653999999999  -0.1457212  -0.30000186000000001
5127    2.8838172000000002  -0.20421075999999999  -0.30000186000000001
5128    2.8838172000000002  -0.20421075999999999  -0.26320314
5129    2.8838172000000002  -0.1457212  -0.30000186000000001
5130    2.8838172000000002  -0.1457212  -0.26320314
5131    2.8375653999999999  -0.087231636000000001  -0.30000186000000001
5132    2.8375653999999999  -0.028742074999999999  -0.30000186000000001
5133    2.8838172000000002  -0.087231636000000001  -0.30000186000000001
5134    2.8838172000000002  -0.087231636000000001  -0.26320314
5135    2.8838172000000002  -0.028742074999999999  -0.30000186000000001
5136    2.8838172000000002  -0.028742074999999999  -0.26320314
5137    2.9879704  -0.19901109  -0.30000186000000001
5138    2.9879699  -0.19901252  -0.26320314
5139    3.0199756999999998  -0.15333104  -0.30000186000000001
5140    3.0173663999999998  -0.15588260000000001  -0.26320314
5141    2.8838172000000002  -0.20421075999999999  -0.20471358000000001
5142    2.8838172000000002  -0.20421075999999999  -0.14622402000000001
5143    2.8838172000000002  -0.1457212  -0.20471358000000001
5144    2.8838172000000002  -0.1457212  -0.14622402000000001
5145    2.8838172000000002  -0.20421075999999999  -0.08773446
5146    2.8838172000000002  -0.20421075999999999  -0.029244900000000001
5147    2.8838172000000002  -0.1457212  -0.08773446
5148    2.8838172000000002  -0.1457212  -0.029244900000000001
5149    2.8838172000000002  -0.087231636000000001  -0.20471358000000001
5150    2.8838172000000002  -0.087231636000000001  -0.14622402000000001
5151    2.8838172000000002  -0.028742074999999999  -0.20471358000000001
5152    2.8838172000000002  -0.028742074999999999  -0.14622402000000001
5153    2.8838172000000002  -0.087231636000000001  -0.08773446
5154    2.8838172000000002  -0.087231636000000001  -0.029244900000000001
5155    2.8838172000000002  -0.028742074999999999  -0.08773446
5156    2.8838172000000002  -0.028742074999999999  -0.029244900000000001
5157    2.9879699  -0.19901252  -0.20471358000000001
5158    2.9879699  -0.19901252  -0.14622402000000001
5159    3.0173663999999998  -0.15588260000000001  -0.20471358000000001
5160    3.0173663999999998  -0.15588260000000001  -0.14622402000000001
5161    2.9879699  -0.19901252  -0.08773446
5162    2.9879699  -0.19901252  -0.029244900000000001
5163    3.0173663999999998  -0.15588260000000001  -0.08773446
5164    3.0173663999999998  -0.15588260000000001  -0.029244900000000001
5165    3.0688740000000001  -0.3502941  -0.30000186000000001
5166    3.0688743999999999  -0.35029460000000001  -0.26320314
5167    3.0810727999999998  -0.26255630000000002  -0.30000162000000002
5168    3.0810723000000002  -0.26255583999999998  -0.26320314
5169    3.1363382  -0.34725165000000002  -0.30000186000000001
5170    3.130979  -0.34839105999999997  -0.26320314
5171    3.1254181999999999  -0.29096793999999998  -0.30000186000000001
5172    3.1254187  -0.29096793999999998  -0.26320314
5173    3.2185191999999998  -0.31257079999999998  -0.30000186000000001
5174    3.2185191999999998  -0.31257105000000002  -0.26320314
5175    3.2168193  -0.2721305  -0.30000162000000002
5176    3.2168193  -0.2721305  -0.26320314
5177    3.2289957999999999  -0.34778904999999999  -0.30000186000000001
5178    3.2289957999999999  -0.34778930000000002  -0.26320314
5179    3.2469926  -0.26270031999999999  -0.30000186000000001
5180    3.0688743999999999  -0.35029460000000001  -0.20471358000000001
5181    3.0688743999999999  -0.35029460000000001  -0.14622402000000001
5182    3.0810723000000002  -0.26255583999999998  -0.20471358000000001
5183    3.0810723000000002  -0.26255583999999998  -0.14622402000000001
5184    3.130979  -0.34839105999999997  -0.20471358000000001
5185    3.130979  -0.34839105999999997  -0.14622402000000001
5186    3.1254187  -0.29096793999999998  -0.20471358000000001
5187    3.1254187  -0.29096793999999998  -0.14622402000000001
5188    3.0688743999999999  -0.35029460000000001  -0.08773446
5189    3.0688743999999999  -0.35029460000000001  -0.029244900000000001
5190    3.0810723000000002  -0.26255583999999998  -0.08773446
5191    3.0810723000000002  -0.26255583999999998  -0.029244900000000001
5192    3.130979  -0.34839105999999997  -0.08773446
5193    3.130979  -0.34839105999999997  -0.029244900000000001
5194    3.1254187  -0.29096793999999998  -0.08773446
5195    3.1254187  -0.29096793999999998  -0.029244900000000001
5196    3.2185191999999998  -0.31257105000000002  -0.20471358000000001
5197    3.2185191999999998  -0.31257105000000002  -0.14622402000000001
5198    3.2168193  -0.2721305  -0.20471358000000001
5199    3.2168193  -0.2721305  -0.14622402000000001
5200    3.2289957999999999  -0.34778930000000002  -0.20471358000000001
5201    3.2289957999999999  -0.34778930000000002  -0.14622402000000001
5202    3.2185191999999998  -0.31257105000000002  -0.08773446
5203    3.2185191999999998  -0.31257105000000002  -0.029244900000000001
5204    3.2168193  -0.2721305  -0.08773446
5205    3.2168193  -0.2721305  -0.029244900000000001
5206    3.2289957999999999  -0.34778930000000002  -0.08773446
5207    3.2289957999999999  -0.34778930000000002  -0.029244900000000001
5208    3.0693573999999999  -0.20081735000000001  -0.30000186000000001
5209    3.0693570000000001  -0.20081758  -0.26320314
5210    3.0802182999999999  -0.15143846999999999  -0.30000186000000001
5211    3.0823621999999999  -0.15108895  -0.26320314
5212    3.1362332999999998  -0.14631605  -0.30000186000000001
5213    3.1271776999999998  -0.15205598000000001  -0.26320314
5214    3.0957737000000001  -0.11317849000000001  -0.30000186000000001
5215    3.0942025000000002  -0.11381531  -0.26320314
5216    3.1271209999999998  -0.10088372  -0.30000186000000001
5217    3.1297674  -0.099879029999999994  -0.26320314
5218    3.2168193  -0.20421075999999999  -0.30000186000000001
5219    3.2168193  -0.20421075999999999  -0.26320314
5220    3.2168198000000001  -0.11492419  -0.30000162000000002
5221    3.2168198000000001  -0.11492419  -0.26320314
5222    3.2469926  -0.20421075999999999  -0.30000186000000001
5223    3.2469926  -0.1457212  -0.30000186000000001
5224    3.2168188  -0.06950307  -0.30000162000000002
5225    3.2168193  -0.06950307  -0.26320314
5226    3.2168193  -0.014660358  -0.30000186000000001
5227    3.2168188  -0.014657974000000001  -0.26320314
5228    3.2469926  -0.087231636000000001  -0.30000186000000001
5229    3.2469926  -0.028742074999999999  -0.30000186000000001
5230    3.0693570000000001  -0.20081758  -0.20471358000000001
5231    3.0693570000000001  -0.20081758  -0.14622402000000001
5232    3.0823621999999999  -0.15108895  -0.20471358000000001
5233    3.0823621999999999  -0.15108895  -0.14622402000000001
5234    3.1271776999999998  -0.15205598000000001  -0.20471358000000001
5235    3.1271776999999998  -0.15205598000000001  -0.14622402000000001
5236    3.0693570000000001  -0.20081758  -0.08773446
5237    3.0693570000000001  -0.20081758  -0.029244900000000001
5238    3.0823621999999999  -0.15108895  -0.08773446
5239    3.0823621999999999  -0.15108895  -0.029244900000000001
5240    3.1271776999999998  -0.15205598000000001  -0.08773446
5241    3.1271776999999998  -0.15205598000000001  -0.029244900000000001
5242    3.0942025000000002  -0.11381531  -0.20471358000000001
5243    3.0942025000000002  -0.11381531  -0.14622402000000001
5244    3.1297674  -0.099879029999999994  -0.20471358000000001
5245    3.1297674  -0.099879029999999994  -0.14622402000000001
5246    3.0942025000000002  -0.11381531  -0.08773446
5247    3.0942025000000002  -0.11381531  -0.029244900000000001
5248    3.1297674  -0.099879029999999994  -0.08773446
5249    3.1297674  -0.099879029999999994  -0.029244900000000001
5250    3.2168193  -0.20421075999999999  -0.20471358000000001
5251    3.2168193  -0.20421075999999999  -0.14622402000000001
5252    3.2168198000000001  -0.11492419  -0.20471358000000001
5253    3.2168198000000001  -0.11492419  -0.14622402000000001
5254    3.2168193  -0.20421075999999999  -0.08773446
5255    3.2168193  -0.20421075999999999  -0.029244900000000001
5256    3.2168198000000001  -0.11492419  -0.08773446
5257    3.2168198000000001  -0.11492419  -0.029244900000000001
5258    3.2168193  -0.06950307  -0.20471358000000001
5259    3.2168193  -0.06950307  -0.14622402000000001
5260    3.2168188  -0.014657974000000001  -0.20471358000000001
5261    3.2168188  -0.014657974000000001  -0.14622402000000001
5262    3.2168193  -0.06950307  -0.08773446
5263    3.2168193  -0.06950307  -0.029244900000000001
5264    3.2168188  -0.014657974000000001  -0.08773446
5265    3.2168188  -0.014657974000000001  -0.029244900000000001
5266    3.3069324  -0.35022068000000001  -0.30000186000000001
5267    3.3069339000000002  -0.35021996  -0.26320314
5268    3.3058179999999999  -0.29395342000000002  -0.30000162000000002
5269    3.3058179999999999  -0.29395342000000002  -0.26320314
5270    3.3698182000000001  -0.31800627999999997  -0.30000186000000001
5271    3.3698182000000001  -0.31800652000000001  -0.26320314
5272    3.3698191999999998  -0.26647162000000002  -0.30000186000000001
5273    3.3698196  -0.26647162000000002  -0.26320314
5274    3.3069339000000002  -0.35021996  -0.20471358000000001
5275    3.3069339000000002  -0.35021996  -0.14622402000000001
5276    3.3058179999999999  -0.29395342000000002  -0.20471358000000001
5277    3.3058179999999999  -0.29395342000000002  -0.14622402000000001
5278    3.3698182000000001  -0.31800652000000001  -0.20471358000000001
5279    3.3698182000000001  -0.31800652000000001  -0.14622402000000001
5280    3.3698196  -0.26647162000000002  -0.20471358000000001
5281    3.3698196  -0.26647162000000002  -0.14622402000000001
5282    3.3069339000000002  -0.35021996  -0.08773446
5283    3.3069339000000002  -0.35021996  -0.029244900000000001
5284    3.3058179999999999  -0.29395342000000002  -0.08773446
5285    3.3058179999999999  -0.29395342000000002  -0.029244900000000001
5286    3.3698182000000001  -0.31800652000000001  -0.08773446
5287    3.3698182000000001  -0.31800652000000001  -0.029244900000000001
5288    3.3698196  -0.26647162000000002  -0.08773446
5289    3.3698196  -0.26647162000000002  -0.029244900000000001
5290    3.3058176000000001  -0.20421075999999999  -0.30000186000000001
5291    3.3058176000000001  -0.20421075999999999  -0.26320314
5292    3.3058176000000001  -0.1457212  -0.30000186000000001
5293    3.3058176000000001  -0.1457212  -0.26320314
5294    3.3058176000000001  -0.087231636000000001  -0.30000186000000001
5295    3.3058176000000001  -0.087231636000000001  -0.26320314
5296    3.3071079999999999  -0.027127266000000001  -0.30000186000000001
5297    3.3072371  -0.028472185000000001  -0.26320314
5298    3.3058176000000001  -0.20421075999999999  -0.20471358000000001
5299    3.3058176000000001  -0.20421075999999999  -0.14622402000000001
5300    3.3058176000000001  -0.1457212  -0.20471358000000001
5301    3.3058176000000001  -0.1457212  -0.14622402000000001
5302    3.3058176000000001  -0.20421075999999999  -0.08773446
5303    3.3058176000000001  -0.20421075999999999  -0.029244900000000001
5304    3.3058176000000001  -0.1457212  -0.08773446
5305    3.3058176000000001  -0.1457212  -0.029244900000000001
5306    3.3058176000000001  -0.087231636000000001  -0.20471358000000001
5307    3.3058176000000001  -0.087231636000000001  -0.14622402000000001
5308    3.3072371  -0.028472185000000001  -0.20471358000000001
5309    3.3072371  -0.028472185000000001  -0.14622402000000001
5310    3.3058176000000001  -0.087231636000000001  -0.08773446
5311    3.3058176000000001  -0.087231636000000001  -0.029244900000000001
5312    3.3072371  -0.028472185000000001  -0.08773446
5313    3.3072371  -0.028472185000000001  -0.029244900000000001
5314    0.030065060000000001  -0.34050322  0.029244900000000001
5315    0.030065060000000001  -0.34050322  0.08773446
5316    0.056264639999999998  -0.24030446999999999  0.029244900000000001
5317    0.056264639999999998  -0.24030446999999999  0.08773446
5318    0.10081315  -0.34050322  0.029244900000000001
5319    0.10081315  -0.34050322  0.08773446
5320    0.069267270000000006  -0.26954913000000003  0.029244900000000001
5321    0.069267270000000006  -0.26954913000000003  0.08773446
5322    0.030065060000000001  -0.34050322  0.14622402000000001
5323    0.030065060000000001  -0.34050322  0.20471358000000001
5324    0.056264639999999998  -0.24030446999999999  0.14622402000000001
5325    0.056264639999999998  -0.24030446999999999  0.20471358000000001
5326    0.10081315  -0.34050322  0.14622402000000001
5327    0.10081315  -0.34050322  0.20471358000000001
5328    0.069267270000000006  -0.26954913000000003  0.14622402000000001
5329    0.069267270000000006  -0.26954913000000003  0.20471358000000001
5330    0.1808157  -0.34050322  0.029244900000000001
5331    0.1808157  -0.34050322  0.08773446
5332    0.1808157  -0.26270031999999999  0.029244900000000001
5333    0.1808157  -0.26270031999999999  0.08773446
5334    0.1808157  -0.34050322  0.14622402000000001
5335    0.1808157  -0.34050322  0.20471358000000001
5336    0.1808157  -0.26270031999999999  0.14622402000000001
5337    0.1808157  -0.26270031999999999  0.20471358000000001
5338    0.030065060000000001  -0.34050322  0.26320314
5339    0.030065060000000001  -0.34050322  0.29999494999999998
5340    0.056264639999999998  -0.24030446999999999  0.26320314
5341    0.059864760000000003  -0.24840069000000001  0.29999494999999998
5342    0.10081315  -0.34050322  0.26320314
5343    0.10081315  -0.34050322  0.29999494999999998
5344    0.069267270000000006  -0.26954913000000003  0.26320314
5345    0.071490764999999998  -0.27455020000000002  0.29999494999999998
5346    0.1808157  -0.34050322  0.26320314
5347    0.1808157  -0.34050322  0.29999494999999998
5348    0.1808157  -0.26270031999999999  0.26320314
5349    0.1808157  -0.26270031999999999  0.29999494999999998
5350    0.040217876  -0.20421075999999999  0.029244900000000001
5351    0.040217876  -0.20421075999999999  0.08773446
5352    0.014213085  -0.1457212  0.029244900000000001
5353    0.014213085  -0.1457212  0.08773446
5354    0.040217876  -0.20421075999999999  0.14622402000000001
5355    0.040217876  -0.20421075999999999  0.20471358000000001
5356    0.014213085  -0.1457212  0.14622402000000001
5357    0.014213085  -0.1457212  0.20471358000000001
5358    0.0010151863000000001  -0.11603737  0.029244900000000001
5359    0.0010151863000000001  -0.11603737  0.08773446
5360    0.0010151863000000001  -0.11603737  0.14622402000000001
5361    0.0010151863000000001  -0.11603737  0.20471358000000001
5362    0.1808157  -0.20421075999999999  0.029244900000000001
5363    0.1808157  -0.20421075999999999  0.08773446
5364    0.1808157  -0.1457212  0.029244900000000001
5365    0.1808157  -0.1457212  0.08773446
5366    0.1808157  -0.20421075999999999  0.14622402000000001
5367    0.1808157  -0.20421075999999999  0.20471358000000001
5368    0.1808157  -0.1457212  0.14622402000000001
5369    0.1808157  -0.1457212  0.20471358000000001
5370    0.1808157  -0.087231636000000001  0.029244900000000001
5371    0.1808157  -0.087231636000000001  0.08773446
5372    0.1808157  -0.028742074999999999  0.029244900000000001
5373    0.1808157  -0.028742074999999999  0.08773446
5374    0.1808157  -0.087231636000000001  0.14622402000000001
5375    0.1808157  -0.087231636000000001  0.20471358000000001
5376    0.1808157  -0.028742074999999999  0.14622402000000001
5377    0.1808157  -0.028742074999999999  0.20471358000000001
5378    0.040217876  -0.20421075999999999  0.26320314
5379    0.036966562000000001  -0.19689822000000001  0.29999494999999998
5380    0.014213085  -0.1457212  0.26320314
5381    0.013107776999999999  -0.14323520000000001  0.29999494999999998
5382    0.0010151863000000001  -0.11603737  0.26320314
5383    0.0010588169000000001  -0.11613536000000001  0.29999494999999998
5384    0.1808157  -0.20421075999999999  0.26320314
5385    0.1808157  -0.20421075999999999  0.29999494999999998
5386    0.1808157  -0.1457212  0.26320314
5387    0.1808157  -0.1457212  0.29999494999999998
5388    0.1808157  -0.087231636000000001  0.26320314
5389    0.1808157  -0.087231636000000001  0.29999494999999998
5390    0.1808157  -0.028742074999999999  0.26320314
5391    0.1808157  -0.028742074999999999  0.29999494999999998
5392    0.27881718  -0.34050322  0.029244900000000001
5393    0.27881718  -0.34050322  0.08773446
5394    0.27881718  -0.26270031999999999  0.029244900000000001
5395    0.27881718  -0.26270031999999999  0.08773446
5396    0.27881718  -0.34050322  0.14622402000000001
5397    0.27881718  -0.34050322  0.20471358000000001
5398    0.27881718  -0.26270031999999999  0.14622402000000001
5399    0.27881718  -0.26270031999999999  0.20471358000000001
5400    0.27881718  -0.34050322  0.26320314
5401    0.27881718  -0.34050322  0.29999494999999998
5402    0.27881718  -0.26270031999999999  0.26320314
5403    0.27881718  -0.26270031999999999  0.29999494999999998
5404    0.27881718  -0.20421075999999999  0.029244900000000001
5405    0.27881718  -0.20421075999999999  0.08773446
5406    0.27881718  -0.1457212  0.029244900000000001
5407    0.27881718  -0.1457212  0.08773446
5408    0.27881718  -0.20421075999999999  0.14622402000000001
5409    0.27881718  -0.20421075999999999  0.20471358000000001
5410    0.27881718  -0.1457212  0.14622402000000001
5411    0.27881718  -0.1457212  0.20471358000000001
5412    0.27881718  -0.087231636000000001  0.029244900000000001
5413    0.27881718  -0.087231636000000001  0.08773446
5414    0.27881718  -0.045499086000000001  0.029244900000000001
5415    0.27881718  -0.045499086000000001  0.08773446
5416    0.3225131  -0.045499086000000001  0.029244900000000001
5417    0.3225131  -0.045499086000000001  0.08773446
5418    0.27881718  -0.087231636000000001  0.14622402000000001
5419    0.27881718  -0.087231636000000001  0.20471358000000001
5420    0.27881718  -0.045499086000000001  0.14622402000000001
5421    0.27881718  -0.045499086000000001  0.20471358000000001
5422    0.3225131  -0.045499086000000001  0.14622402000000001
5423    0.3225131  -0.045499086000000001  0.20471358000000001
5424    0.38101768000000003  -0.045494794999999998  0.029244900000000001
5425    0.38101768000000003  -0.045494794999999998  0.08773446
5426    0.43996668  -0.042478559999999999  0.029244900000000001
5427    0.43996668  -0.042478559999999999  0.08773446
5428    0.38101768000000003  -0.045494794999999998  0.14622402000000001
5429    0.38101768000000003  -0.045494794999999998  0.20471358000000001
5430    0.43996668  -0.042478559999999999  0.14622402000000001
5431    0.43996668  -0.042478559999999999  0.20471358000000001
5432    0.27881718  -0.20421075999999999  0.26320314
5433    0.27881718  -0.20421075999999999  0.29999494999999998
5434    0.27881718  -0.1457212  0.26320314
5435    0.27881718  -0.1457212  0.29999494999999998
5436    0.27881718  -0.087231636000000001  0.26320314
5437    0.27881718  -0.087231636000000001  0.29999494999999998
5438    0.27881718  -0.045499086000000001  0.26320314
5439    0.27881718  -0.045499086000000001  0.29999494999999998
5440    0.3225131  -0.045499086000000001  0.26320314
5441    0.3225131  -0.045499086000000001  0.29999494999999998
5442    0.38101768000000003  -0.045494794999999998  0.26320314
5443    0.38153172000000002  -0.045483111999999999  0.29999494999999998
5444    0.43996668  -0.042478559999999999  0.26320314
5445    0.44293737  -0.042025804999999999  0.29999494999999998
5446    0.49954843999999998  -0.026286601999999999  0.029244900000000001
5447    0.49954843999999998  -0.026286601999999999  0.08773446
5448    0.53553819999999996  -0.0054953099999999998  0.029244900000000001
5449    0.53553819999999996  -0.0054953099999999998  0.08773446
5450    0.49954843999999998  -0.026286601999999999  0.14622402000000001
5451    0.49954843999999998  -0.026286601999999999  0.20471358000000001
5452    0.53553819999999996  -0.0054953099999999998  0.14622402000000001
5453    0.53553819999999996  -0.0054953099999999998  0.20471358000000001
5454    0.49954843999999998  -0.026286601999999999  0.26320314
5455    0.50356290000000004  -0.024647951000000001  0.29999494999999998
5456    0.53553819999999996  -0.0054953099999999998  0.26320314
5457    0.53455160000000002  -0.0061569214000000002  0.29999494999999998
5458    0.70581530000000003  -0.34050322  0.029244900000000001
5459    0.70581530000000003  -0.34050322  0.08773446
5460    0.70581530000000003  -0.26270031999999999  0.029244900000000001
5461    0.70581530000000003  -0.26270031999999999  0.08773446
5462    0.8038168  -0.34050322  0.029244900000000001
5463    0.8038168  -0.34050322  0.08773446
5464    0.8038168  -0.26270031999999999  0.029244900000000001
5465    0.8038168  -0.26270031999999999  0.08773446
5466    0.70581530000000003  -0.34050322  0.14622402000000001
5467    0.70581530000000003  -0.34050322  0.20471358000000001
5468    0.70581530000000003  -0.26270031999999999  0.14622402000000001
5469    0.70581530000000003  -0.26270031999999999  0.20471358000000001
5470    0.8038168  -0.34050322  0.14622402000000001
5471    0.8038168  -0.34050322  0.20471358000000001
5472    0.8038168  -0.26270031999999999  0.14622402000000001
5473    0.8038168  -0.26270031999999999  0.20471358000000001
5474    0.70581530000000003  -0.34050322  0.26320314
5475    0.70581530000000003  -0.34050322  0.29999494999999998
5476    0.70581530000000003  -0.26270031999999999  0.26320314
5477    0.70581530000000003  -0.26270031999999999  0.29999494999999998
5478    0.8038168  -0.34050322  0.26320314
5479    0.8038168  -0.34050322  0.29999494999999998
5480    0.8038168  -0.26270031999999999  0.26320314
5481    0.8038168  -0.26270031999999999  0.29999494999999998
5482    0.70581530000000003  -0.20421075999999999  0.029244900000000001
5483    0.70581530000000003  -0.20421075999999999  0.08773446
5484    0.70581530000000003  -0.1457212  0.029244900000000001
5485    0.70581530000000003  -0.1457212  0.08773446
5486    0.8038168  -0.20421075999999999  0.029244900000000001
5487    0.8038168  -0.20421075999999999  0.08773446
5488    0.8038168  -0.1457212  0.029244900000000001
5489    0.8038168  -0.1457212  0.08773446
5490    0.70581530000000003  -0.20421075999999999  0.14622402000000001
5491    0.70581530000000003  -0.20421075999999999  0.20471358000000001
5492    0.70581530000000003  -0.1457212  0.14622402000000001
5493    0.70581530000000003  -0.1457212  0.20471358000000001
5494    0.8038168  -0.20421075999999999  0.14622402000000001
5495    0.8038168  -0.20421075999999999  0.20471358000000001
5496    0.8038168  -0.1457212  0.14622402000000001
5497    0.8038168  -0.1457212  0.20471358000000001
5498    0.70581530000000003  -0.087231636000000001  0.029244900000000001
5499    0.70581530000000003  -0.087231636000000001  0.08773446
5500    0.70581530000000003  -0.028742074999999999  0.029244900000000001
5501    0.70581530000000003  -0.028742074999999999  0.08773446
5502    0.8038168  -0.087231636000000001  0.029244900000000001
5503    0.8038168  -0.087231636000000001  0.08773446
5504    0.8038168  -0.043499946999999997  0.029244900000000001
5505    0.8038168  -0.043499946999999997  0.08773446
5506    0.70581530000000003  -0.087231636000000001  0.14622402000000001
5507    0.70581530000000003  -0.087231636000000001  0.20471358000000001
5508    0.70581530000000003  -0.028742074999999999  0.14622402000000001
5509    0.70581530000000003  -0.028742074999999999  0.20471358000000001
5510    0.8038168  -0.087231636000000001  0.14622402000000001
5511    0.8038168  -0.087231636000000001  0.20471358000000001
5512    0.8038168  -0.043499946999999997  0.14622402000000001
5513    0.8038168  -0.043499946999999997  0.20471358000000001
5514    0.84891939999999999  -0.043499946999999997  0.029244900000000001
5515    0.84891939999999999  -0.043499946999999997  0.08773446
5516    0.90740869999999996  -0.043499946999999997  0.029244900000000001
5517    0.90740869999999996  -0.043499946999999997  0.08773446
5518    0.84891939999999999  -0.043499946999999997  0.14622402000000001
5519    0.84891939999999999  -0.043499946999999997  0.20471358000000001
5520    0.90740869999999996  -0.043499946999999997  0.14622402000000001
5521    0.90740869999999996  -0.043499946999999997  0.20471358000000001
5522    0.70581530000000003  -0.20421075999999999  0.26320314
5523    0.70581530000000003  -0.20421075999999999  0.29999494999999998
5524    0.70581530000000003  -0.1457212  0.26320314
5525    0.70581530000000003  -0.1457212  0.29999494999999998
5526    0.8038168  -0.20421075999999999  0.26320314
5527    0.8038168  -0.20421075999999999  0.29999494999999998
5528    0.8038168  -0.1457212  0.26320314
5529    0.8038168  -0.1457212  0.29999494999999998
5530    0.70581530000000003  -0.087231636000000001  0.26320314
5531    0.70581530000000003  -0.087231636000000001  0.29999494999999998
5532    0.70581530000000003  -0.028742074999999999  0.26320314
5533    0.70581530000000003  -0.028742074999999999  0.29999494999999998
5534    0.8038168  -0.087231636000000001  0.26320314
5535    0.8038168  -0.087231636000000001  0.29999494999999998
5536    0.8038168  -0.043499946999999997  0.26320314
5537    0.8038168  -0.043499946999999997  0.29999494999999998
5538    0.84891939999999999  -0.043499946999999997  0.26320314
5539    0.84891939999999999  -0.043499946999999997  0.29999494999999998
5540    0.90740869999999996  -0.043499946999999997  0.26320314
5541    0.90740869999999996  -0.043499946999999997  0.29999494999999998
5542    0.96589849999999999  -0.043499946999999997  0.029244900000000001
5543    0.96589849999999999  -0.043499946999999997  0.08773446
5544    1.0243878  -0.043499946999999997  0.029244900000000001
5545    1.0243878  -0.043499946999999997  0.08773446
5546    0.96589849999999999  -0.043499946999999997  0.14622402000000001
5547    0.96589849999999999  -0.043499946999999997  0.20471358000000001
5548    1.0243878  -0.043499946999999997  0.14622402000000001
5549    1.0243878  -0.043499946999999997  0.20471358000000001
5550    1.0828776  -0.043499946999999997  0.029244900000000001
5551    1.0828776  -0.043499946999999997  0.08773446
5552    1.141367  -0.043499946999999997  0.029244900000000001
5553    1.141367  -0.043499946999999997  0.08773446
5554    1.0828776  -0.043499946999999997  0.14622402000000001
5555    1.0828776  -0.043499946999999997  0.20471358000000001
5556    1.141367  -0.043499946999999997  0.14622402000000001
5557    1.141367  -0.043499946999999997  0.20471358000000001
5558    0.96589849999999999  -0.043499946999999997  0.26320314
5559    0.96589849999999999  -0.043499946999999997  0.29999494999999998
5560    1.0243878  -0.043499946999999997  0.26320314
5561    1.0243878  -0.043499946999999997  0.29999494999999998
5562    1.0828776  -0.043499946999999997  0.26320314
5563    1.0828776  -0.043499946999999997  0.29999494999999998
5564    1.141367  -0.043499946999999997  0.26320314
5565    1.141367  -0.043499946999999997  0.29999494999999998
5566    1.1858196000000001  -0.34050322  0.029244900000000001
5567    1.1858196000000001  -0.34050322  0.08773446
5568    1.1858196000000001  -0.26270031999999999  0.029244900000000001
5569    1.1858196000000001  -0.26270031999999999  0.08773446
5570    1.283814  -0.34050322  0.029244900000000001
5571    1.283814  -0.34050322  0.08773446
5572    1.283814  -0.26270031999999999  0.029244900000000001
5573    1.283814  -0.26270031999999999  0.08773446
5574    1.1858196000000001  -0.34050322  0.14622402000000001
5575    1.1858196000000001  -0.34050322  0.20471358000000001
5576    1.1858196000000001  -0.26270031999999999  0.14622402000000001
5577    1.1858196000000001  -0.26270031999999999  0.20471358000000001
5578    1.283814  -0.34050322  0.14622402000000001
5579    1.283814  -0.34050322  0.20471358000000001
5580    1.283814  -0.26270031999999999  0.14622402000000001
5581    1.283814  -0.26270031999999999  0.20471358000000001
5582    1.1858196000000001  -0.34050322  0.26320314
5583    1.1858196000000001  -0.34050322  0.29999494999999998
5584    1.1858196000000001  -0.26270031999999999  0.26320314
5585    1.1858196000000001  -0.26270031999999999  0.29999494999999998
5586    1.283814  -0.34050322  0.26320314
5587    1.283814  -0.34050322  0.29999494999999998
5588    1.283814  -0.26270031999999999  0.26320314
5589    1.283814  -0.26270031999999999  0.29999494999999998
5590    1.1858196000000001  -0.20421075999999999  0.029244900000000001
5591    1.1858196000000001  -0.20421075999999999  0.08773446
5592    1.1858196000000001  -0.1457212  0.029244900000000001
5593    1.1858196000000001  -0.1457212  0.08773446
5594    1.283814  -0.20421075999999999  0.029244900000000001
5595    1.283814  -0.20421075999999999  0.08773446
5596    1.283814  -0.1457212  0.029244900000000001
5597    1.283814  -0.1457212  0.08773446
5598    1.1858196000000001  -0.20421075999999999  0.14622402000000001
5599    1.1858196000000001  -0.20421075999999999  0.20471358000000001
5600    1.1858196000000001  -0.1457212  0.14622402000000001
5601    1.1858196000000001  -0.1457212  0.20471358000000001
5602    1.283814  -0.20421075999999999  0.14622402000000001
5603    1.283814  -0.20421075999999999  0.20471358000000001
5604    1.283814  -0.1457212  0.14622402000000001
5605    1.283814  -0.1457212  0.20471358000000001
5606    1.1858196000000001  -0.087231636000000001  0.029244900000000001
5607    1.1858196000000001  -0.087231636000000001  0.08773446
5608    1.1858196000000001  -0.043499946999999997  0.029244900000000001
5609    1.1858196000000001  -0.043499946999999997  0.08773446
5610    1.283814  -0.087231636000000001  0.029244900000000001
5611    1.283814  -0.087231636000000001  0.08773446
5612    1.283814  -0.028742074999999999  0.029244900000000001
5613    1.283814  -0.028742074999999999  0.08773446
5614    1.1858196000000001  -0.087231636000000001  0.14622402000000001
5615    1.1858196000000001  -0.087231636000000001  0.20471358000000001
5616    1.1858196000000001  -0.043499946999999997  0.14622402000000001
5617    1.1858196000000001  -0.043499946999999997  0.20471358000000001
5618    1.283814  -0.087231636000000001  0.14622402000000001
5619    1.283814  -0.087231636000000001  0.20471358000000001
5620    1.283814  -0.028742074999999999  0.14622402000000001
5621    1.283814  -0.028742074999999999  0.20471358000000001
5622    1.1858196000000001  -0.20421075999999999  0.26320314
5623    1.1858196000000001  -0.20421075999999999  0.29999494999999998
5624    1.1858196000000001  -0.1457212  0.26320314
5625    1.1858196000000001  -0.1457212  0.29999494999999998
5626    1.283814  -0.20421075999999999  0.26320314
5627    1.283814  -0.20421075999999999  0.29999494999999998
5628    1.283814  -0.1457212  0.26320314
5629    1.283814  -0.1457212  0.29999494999999998
5630    1.1858196000000001  -0.087231636000000001  0.26320314
5631    1.1858196000000001  -0.087231636000000001  0.29999494999999998
5632    1.1858196000000001  -0.043499946999999997  0.26320314
5633    1.1858196000000001  -0.043499946999999997  0.29999494999999998
5634    1.283814  -0.087231636000000001  0.26320314
5635    1.283814  -0.087231636000000001  0.29999494999999998
5636    1.283814  -0.028742074999999999  0.26320314
5637    1.283814  -0.028742074999999999  0.29999494999999998
5638    1.6578135000000001  -0.34050274000000003  0.029244900000000001
5639    1.6578135000000001  -0.34050274000000003  0.08773446
5640    1.6877856  -0.27032970000000001  0.029244900000000001
5641    1.6877856  -0.27032970000000001  0.08773446
5642    1.7262630000000001  -0.34050322  0.029244900000000001
5643    1.7262630000000001  -0.34050322  0.08773446
5644    1.7002769  -0.24108481000000001  0.029244900000000001
5645    1.7002769  -0.24108481000000001  0.08773446
5646    1.6578135000000001  -0.34050274000000003  0.14622402000000001
5647    1.6578135000000001  -0.34050274000000003  0.20471358000000001
5648    1.6877856  -0.27032970000000001  0.14622402000000001
5649    1.6877856  -0.27032970000000001  0.20471358000000001
5650    1.7262630000000001  -0.34050322  0.14622402000000001
5651    1.7262630000000001  -0.34050322  0.20471358000000001
5652    1.7002769  -0.24108481000000001  0.14622402000000001
5653    1.7002769  -0.24108481000000001  0.20471358000000001
5654    1.7578138999999999  -0.34050322  0.029244900000000001
5655    1.7578138999999999  -0.34050322  0.08773446
5656    1.7911029000000001  -0.26270031999999999  0.029244900000000001
5657    1.7911029000000001  -0.26270031999999999  0.08773446
5658    1.7578138999999999  -0.34050322  0.14622402000000001
5659    1.7578138999999999  -0.34050322  0.20471358000000001
5660    1.7911029000000001  -0.26270031999999999  0.14622402000000001
5661    1.7911029000000001  -0.26270031999999999  0.20471358000000001
5662    1.6578135000000001  -0.34050274000000003  0.26320314
5663    1.6578135000000001  -0.34050274000000003  0.29999494999999998
5664    1.6877856  -0.27032970000000001  0.26320314
5665    1.6856580000000001  -0.27531147  0.29999494999999998
5666    1.7262630000000001  -0.34050322  0.26320314
5667    1.7262630000000001  -0.34050322  0.29999494999999998
5668    1.7002769  -0.24108481000000001  0.26320314
5669    1.6967874000000001  -0.2492547  0.29999494999999998
5670    1.7578138999999999  -0.34050322  0.26320314
5671    1.7578144  -0.34050298000000001  0.29999494999999998
5672    1.7911029000000001  -0.26270031999999999  0.26320314
5673    1.7883492000000001  -0.26913690000000001  0.29999494999999998
5674    1.7160268000000001  -0.20421075999999999  0.029244900000000001
5675    1.7160268000000001  -0.20421075999999999  0.08773446
5676    1.7410083000000001  -0.14572096000000001  0.029244900000000001
5677    1.7410083000000001  -0.14572096000000001  0.08773446
5678    1.7160268000000001  -0.20421075999999999  0.14622402000000001
5679    1.7160268000000001  -0.20421075999999999  0.20471358000000001
5680    1.7410083000000001  -0.14572096000000001  0.14622402000000001
5681    1.7410083000000001  -0.14572096000000001  0.20471358000000001
5682    1.7545037000000001  -0.11412501  0.029244900000000001
5683    1.7545037000000001  -0.11412501  0.08773446
5684    1.7545037000000001  -0.11412501  0.14622402000000001
5685    1.7545037000000001  -0.11412501  0.20471358000000001
5686    1.8088063999999999  -0.2213223  0.029244900000000001
5687    1.8088063999999999  -0.2213223  0.08773446
5688    1.8213185999999999  -0.19207740000000001  0.029244900000000001
5689    1.8213185999999999  -0.19207740000000001  0.08773446
5690    1.8438133999999999  -0.13950204999999999  0.029244900000000001
5691    1.8438133999999999  -0.13950204999999999  0.08773446
5692    1.8088063999999999  -0.2213223  0.14622402000000001
5693    1.8088063999999999  -0.2213223  0.20471358000000001
5694    1.8213185999999999  -0.19207740000000001  0.14622402000000001
5695    1.8213185999999999  -0.19207740000000001  0.20471358000000001
5696    1.8438133999999999  -0.13950204999999999  0.14622402000000001
5697    1.8438133999999999  -0.13950204999999999  0.20471358000000001
5698    1.7669950000000001  -0.084880349999999993  0.029244900000000001
5699    1.7669950000000001  -0.084880349999999993  0.08773446
5700    1.7909727  -0.028742074999999999  0.029244900000000001
5701    1.7909727  -0.028742074999999999  0.08773446
5702    1.7669950000000001  -0.084880349999999993  0.14622402000000001
5703    1.7669950000000001  -0.084880349999999993  0.20471358000000001
5704    1.7909727  -0.028742074999999999  0.14622402000000001
5705    1.7909727  -0.028742074999999999  0.20471358000000001
5706    1.7160268000000001  -0.20421075999999999  0.26320314
5707    1.7190723000000001  -0.19708013999999999  0.29999494999999998
5708    1.7410083000000001  -0.14572096000000001  0.26320314
5709    1.742127  -0.14310241000000001  0.29999494999999998
5710    1.7545037000000001  -0.11412501  0.26320314
5711    1.7542724999999999  -0.11466717999999999  0.29999494999999998
5712    1.8088063999999999  -0.2213223  0.26320314
5713    1.8114962999999999  -0.21503472000000001  0.29999494999999998
5714    1.7847527999999999  -0.1457212  0.29999494999999998
5715    1.8213185999999999  -0.19207740000000001  0.26320314
5716    1.8230038  -0.18813895999999999  0.29999494999999998
5717    1.8438133999999999  -0.13950204999999999  0.26320314
5718    1.8438133999999999  -0.13950253000000001  0.29999494999999998
5719    1.7669950000000001  -0.084880349999999993  0.26320314
5720    1.7669187  -0.085058690000000006  0.29999494999999998
5721    1.7909727  -0.028742074999999999  0.26320314
5722    1.7927489000000001  -0.024583339999999999  0.29999494999999998
5723    1.8432421999999999  -0.087231636000000001  0.29999494999999998
5724    1.8432421999999999  -0.028742074999999999  0.29999494999999998
5725    1.901732  -0.13950229  0.029244900000000001
5726    1.901732  -0.13950229  0.08773446
5727    1.9602212999999999  -0.13950229  0.029244900000000001
5728    1.9602212999999999  -0.13950229  0.08773446
5729    1.901732  -0.13950229  0.14622402000000001
5730    1.901732  -0.13950229  0.20471358000000001
5731    1.9602212999999999  -0.13950229  0.14622402000000001
5732    1.9602212999999999  -0.13950229  0.20471358000000001
5733    1.8818188  -0.051503897  0.029244900000000001
5734    1.8818188  -0.051503897  0.08773446
5735    1.9602212999999999  -0.051503897  0.029244900000000001
5736    1.9602212999999999  -0.051503897  0.08773446
5737    1.8818188  -0.051503897  0.14622402000000001
5738    1.8818188  -0.051503897  0.20471358000000001
5739    1.9602212999999999  -0.051503897  0.14622402000000001
5740    1.9602212999999999  -0.051503897  0.20471358000000001
5741    2.0187110000000001  -0.13950229  0.029244900000000001
5742    2.0187110000000001  -0.13950229  0.08773446
5743    2.0772004000000002  -0.13950229  0.029244900000000001
5744    2.0772004000000002  -0.13950229  0.08773446
5745    2.0187110000000001  -0.13950229  0.14622402000000001
5746    2.0187110000000001  -0.13950229  0.20471358000000001
5747    2.0772004000000002  -0.13950229  0.14622402000000001
5748    2.0772004000000002  -0.13950229  0.20471358000000001
5749    2.0187110000000001  -0.051503897  0.029244900000000001
5750    2.0187110000000001  -0.051503897  0.08773446
5751    2.0938153000000002  -0.051503897  0.029244900000000001
5752    2.0938153000000002  -0.051503897  0.08773446
5753    2.0187110000000001  -0.051503897  0.14622402000000001
5754    2.0187110000000001  -0.051503897  0.20471358000000001
5755    2.0938153000000002  -0.051503897  0.14622402000000001
5756    2.0938153000000002  -0.051503897  0.20471358000000001
5757    1.901732  -0.13950229  0.26320314
5758    1.901732  -0.13950229  0.29999494999999998
5759    1.9602212999999999  -0.13950229  0.26320314
5760    1.9602212999999999  -0.13950229  0.29999494999999998
5761    1.901732  -0.087231636000000001  0.29999494999999998
5762    1.8818188  -0.051503897  0.26320314
5763    1.8818188  -0.051503897  0.29999494999999998
5764    1.9602212999999999  -0.087231636000000001  0.29999494999999998
5765    1.9602212999999999  -0.051503897  0.26320314
5766    1.9602212999999999  -0.051503897  0.29999494999999998
5767    2.0187110000000001  -0.13950229  0.26320314
5768    2.0187110000000001  -0.13950229  0.29999494999999998
5769    2.0772004000000002  -0.13950229  0.26320314
5770    2.0772004000000002  -0.13950229  0.29999494999999998
5771    2.0187110000000001  -0.087231636000000001  0.29999494999999998
5772    2.0187110000000001  -0.051503897  0.26320314
5773    2.0187110000000001  -0.051503897  0.29999494999999998
5774    2.0772004000000002  -0.087231636000000001  0.29999494999999998
5775    2.0938153000000002  -0.051503897  0.26320314
5776    2.0938148000000001  -0.051503897  0.29999494999999998
5777    2.2131289999999999  -0.31468654000000001  0.029244900000000001
5778    2.2131289999999999  -0.31468654000000001  0.08773446
5779    2.1895937999999999  -0.26270056000000003  0.029244900000000001
5780    2.1895937999999999  -0.26270056000000003  0.08773446
5781    2.2131289999999999  -0.31468654000000001  0.14622402000000001
5782    2.2131289999999999  -0.31468654000000001  0.20471358000000001
5783    2.1895937999999999  -0.26270056000000003  0.14622402000000001
5784    2.1895937999999999  -0.26270056000000003  0.20471358000000001
5785    2.2248163000000001  -0.34050370000000002  0.029244900000000001
5786    2.2248163000000001  -0.34050370000000002  0.08773446
5787    2.2795690999999998  -0.23873042999999999  0.029244900000000001
5788    2.2795690999999998  -0.23873042999999999  0.08773446
5789    2.3248186  -0.34050416999999999  0.029244900000000001
5790    2.3248186  -0.34050416999999999  0.08773446
5791    2.2925715000000002  -0.26797510000000002  0.029244900000000001
5792    2.2925715000000002  -0.26797510000000002  0.08773446
5793    2.2248163000000001  -0.34050370000000002  0.14622402000000001
5794    2.2248163000000001  -0.34050370000000002  0.20471358000000001
5795    2.2795690999999998  -0.23873042999999999  0.14622402000000001
5796    2.2795690999999998  -0.23873042999999999  0.20471358000000001
5797    2.3248186  -0.34050416999999999  0.14622402000000001
5798    2.3248186  -0.34050416999999999  0.20471358000000001
5799    2.2925715000000002  -0.26797510000000002  0.14622402000000001
5800    2.2925715000000002  -0.26797510000000002  0.20471358000000001
5801    2.2131289999999999  -0.31468654000000001  0.26320314
5802    2.2108645  -0.30968475000000001  0.29999494999999998
5803    2.1895937999999999  -0.26270056000000003  0.26320314
5804    2.1924709999999998  -0.26905560000000001  0.29999494999999998
5805    2.2248163000000001  -0.34050370000000002  0.26320314
5806    2.2248158  -0.34050322  0.29999494999999998
5807    2.2795690999999998  -0.23873042999999999  0.26320314
5808    2.2834501  -0.24745940999999999  0.29999494999999998
5809    2.3248186  -0.34050416999999999  0.26320314
5810    2.3248180999999999  -0.34050344999999999  0.29999494999999998
5811    2.2925715000000002  -0.26797510000000002  0.26320314
5812    2.2949514  -0.2733276  0.29999494999999998
5813    2.1574049999999998  -0.19159936999999999  0.029244900000000001
5814    2.1574049999999998  -0.19159936999999999  0.08773446
5815    2.1338189999999999  -0.13950204999999999  0.029244900000000001
5816    2.1338189999999999  -0.13950204999999999  0.08773446
5817    2.1706443000000002  -0.22084403  0.029244900000000001
5818    2.1706443000000002  -0.22084403  0.08773446
5819    2.1574049999999998  -0.19159936999999999  0.14622402000000001
5820    2.1574049999999998  -0.19159936999999999  0.20471358000000001
5821    2.1338189999999999  -0.13950204999999999  0.14622402000000001
5822    2.1338189999999999  -0.13950204999999999  0.20471358000000001
5823    2.1706443000000002  -0.22084403  0.14622402000000001
5824    2.1706443000000002  -0.22084403  0.20471358000000001
5825    2.2113174999999998  -0.085218909999999995  0.029244900000000001
5826    2.2113174999999998  -0.085218909999999995  0.08773446
5827    2.1862073  -0.028741836999999999  0.029244900000000001
5828    2.1862073  -0.028741836999999999  0.08773446
5829    2.2113174999999998  -0.085218909999999995  0.14622402000000001
5830    2.2113174999999998  -0.085218909999999995  0.20471358000000001
5831    2.1862073  -0.028741836999999999  0.14622402000000001
5832    2.1862073  -0.028741836999999999  0.20471358000000001
5833    2.2642216999999998  -0.20421075999999999  0.029244900000000001
5834    2.2642216999999998  -0.20421075999999999  0.08773446
5835    2.2382168999999998  -0.1457212  0.029244900000000001
5836    2.2382168999999998  -0.1457212  0.08773446
5837    2.2642216999999998  -0.20421075999999999  0.14622402000000001
5838    2.2642216999999998  -0.20421075999999999  0.20471358000000001
5839    2.2382168999999998  -0.1457212  0.14622402000000001
5840    2.2382168999999998  -0.1457212  0.20471358000000001
5841    2.2243200000000001  -0.114463806  0.029244900000000001
5842    2.2243200000000001  -0.114463806  0.08773446
5843    2.2243200000000001  -0.114463806  0.14622402000000001
5844    2.2243200000000001  -0.114463806  0.20471358000000001
5845    2.1574049999999998  -0.19159936999999999  0.26320314
5846    2.1557488  -0.18794106999999999  0.29999494999999998
5847    2.1338189999999999  -0.13950204999999999  0.26320314
5848    2.1338195999999998  -0.13950253000000001  0.29999494999999998
5849    2.1706443000000002  -0.22084403  0.26320314
5850    2.1680942000000001  -0.21521067999999999  0.29999494999999998
5851    2.1941799999999998  -0.1457212  0.29999494999999998
5852    2.1356902  -0.087231636000000001  0.29999494999999998
5853    2.1356902  -0.028742074999999999  0.29999494999999998
5854    2.2113174999999998  -0.085218909999999995  0.26320314
5855    2.2112745999999999  -0.085122349999999999  0.29999494999999998
5856    2.1862073  -0.028741836999999999  0.26320314
5857    2.1844519999999998  -0.024793386000000001  0.29999494999999998
5858    2.2642216999999998  -0.20421075999999999  0.26320314
5859    2.2608546999999999  -0.19663858000000001  0.29999494999999998
5860    2.2382168999999998  -0.1457212  0.26320314
5861    2.2369962000000001  -0.14297533000000001  0.29999494999999998
5862    2.2243200000000001  -0.114463806  0.26320314
5863    2.2245192999999999  -0.11491346  0.29999494999999998
5864    2.3758178000000001  -0.30901432000000001  0.029244900000000001
5865    2.3758178000000001  -0.30901432000000001  0.08773446
5866    2.3758173  -0.26270031999999999  0.029244900000000001
5867    2.3758173  -0.26270031999999999  0.08773446
5868    2.4271060000000002  -0.3332579  0.029244900000000001
5869    2.4271060000000002  -0.3332579  0.08773446
5870    2.4325356  -0.24664736000000001  0.029244900000000001
5871    2.4325356  -0.24664736000000001  0.08773446
5872    2.3758178000000001  -0.30901432000000001  0.14622402000000001
5873    2.3758178000000001  -0.30901432000000001  0.20471358000000001
5874    2.3758173  -0.26270031999999999  0.14622402000000001
5875    2.3758173  -0.26270031999999999  0.20471358000000001
5876    2.4271060000000002  -0.3332579  0.14622402000000001
5877    2.4271060000000002  -0.3332579  0.20471358000000001
5878    2.4325356  -0.24664736000000001  0.14622402000000001
5879    2.4325356  -0.24664736000000001  0.20471358000000001
5880    2.4862508999999999  -0.34759116000000001  0.029244900000000001
5881    2.4862508999999999  -0.34759116000000001  0.08773446
5882    2.4889177999999998  -0.27005552999999999  0.029244900000000001
5883    2.4889177999999998  -0.27005552999999999  0.08773446
5884    2.5515237000000002  -0.35107326999999999  0.029244900000000001
5885    2.5515237000000002  -0.35107326999999999  0.08773446
5886    2.5503387000000002  -0.27267980000000003  0.029244900000000001
5887    2.5503387000000002  -0.27267980000000003  0.08773446
5888    2.4862508999999999  -0.34759116000000001  0.14622402000000001
5889    2.4862508999999999  -0.34759116000000001  0.20471358000000001
5890    2.4889177999999998  -0.27005552999999999  0.14622402000000001
5891    2.4889177999999998  -0.27005552999999999  0.20471358000000001
5892    2.5515237000000002  -0.35107326999999999  0.14622402000000001
5893    2.5515237000000002  -0.35107326999999999  0.20471358000000001
5894    2.5503387000000002  -0.27267980000000003  0.14622402000000001
5895    2.5503387000000002  -0.27267980000000003  0.20471358000000001
5896    2.3758178000000001  -0.30901432000000001  0.26320314
5897    2.3758168  -0.30901383999999998  0.29999494999999998
5898    2.3758173  -0.26270031999999999  0.26320314
5899    2.3758173  -0.26270031999999999  0.29999494999999998
5900    2.4271060000000002  -0.3332579  0.26320314
5901    2.4211763999999998  -0.33120322000000002  0.29999494999999998
5902    2.4325356  -0.24664736000000001  0.26320314
5903    2.4317975000000001  -0.24628568000000001  0.29999494999999998
5904    2.4862508999999999  -0.34759116000000001  0.26320314
5905    2.4824986  -0.34704947000000003  0.29999494999999998
5906    2.4889177999999998  -0.27005552999999999  0.26320314
5907    2.4884189999999999  -0.26994443000000001  0.29999494999999998
5908    2.5515237000000002  -0.35107326999999999  0.26320314
5909    2.5486626999999999  -0.3513906  0.29999494999999998
5910    2.5503387000000002  -0.27267980000000003  0.26320314
5911    2.5503382999999999  -0.27268004000000001  0.29999494999999998
5912    2.3758173  -0.21322942  0.029244900000000001
5913    2.3758173  -0.21322942  0.08773446
5914    2.4039497000000001  -0.23052168000000001  0.029244900000000001
5915    2.4039497000000001  -0.23052168000000001  0.08773446
5916    2.4562887999999998  -0.11727333  0.029244900000000001
5917    2.4562887999999998  -0.11727333  0.08773446
5918    2.3758173  -0.21322942  0.14622402000000001
5919    2.3758173  -0.21322942  0.20471358000000001
5920    2.4039497000000001  -0.23052168000000001  0.14622402000000001
5921    2.4039497000000001  -0.23052168000000001  0.20471358000000001
5922    2.4562887999999998  -0.11727333  0.14622402000000001
5923    2.4562887999999998  -0.11727333  0.20471358000000001
5924    2.3962050000000001  -0.061254024999999997  0.029244900000000001
5925    2.3962050000000001  -0.061254024999999997  0.08773446
5926    2.3777170000000001  -0.021426916000000001  0.029244900000000001
5927    2.3777170000000001  -0.021426916000000001  0.08773446
5928    2.4232109999999998  -0.094210859999999993  0.029244900000000001
5929    2.4232109999999998  -0.094210859999999993  0.08773446
5930    2.3962050000000001  -0.061254024999999997  0.14622402000000001
5931    2.3962050000000001  -0.061254024999999997  0.20471358000000001
5932    2.3777170000000001  -0.021426916000000001  0.14622402000000001
5933    2.3777170000000001  -0.021426916000000001  0.20471358000000001
5934    2.4232109999999998  -0.094210859999999993  0.14622402000000001
5935    2.4232109999999998  -0.094210859999999993  0.20471358000000001
5936    2.4856471999999998  -0.13711071  0.029244900000000001
5937    2.4856471999999998  -0.13711071  0.08773446
5938    2.5686517000000002  -0.18565822000000001  0.029244900000000001
5939    2.5686517000000002  -0.18565822000000001  0.08773446
5940    2.5340972000000002  -0.16366839999999999  0.029244900000000001
5941    2.5340972000000002  -0.16366839999999999  0.08773446
5942    2.4856471999999998  -0.13711071  0.14622402000000001
5943    2.4856471999999998  -0.13711071  0.20471358000000001
5944    2.5686517000000002  -0.18565822000000001  0.14622402000000001
5945    2.5686517000000002  -0.18565822000000001  0.20471358000000001
5946    2.5340972000000002  -0.16366839999999999  0.14622402000000001
5947    2.5340972000000002  -0.16366839999999999  0.20471358000000001
5948    2.4682436000000001  -0.02071023  0.029244900000000001
5949    2.4682436000000001  -0.02071023  0.08773446
5950    2.5488371999999999  -0.074117180000000005  0.029244900000000001
5951    2.5488371999999999  -0.074117180000000005  0.08773446
5952    2.5200233000000001  -0.055220127000000001  0.029244900000000001
5953    2.5200233000000001  -0.055220127000000001  0.08773446
5954    2.4682436000000001  -0.02071023  0.14622402000000001
5955    2.4682436000000001  -0.02071023  0.20471358000000001
5956    2.5488371999999999  -0.074117180000000005  0.14622402000000001
5957    2.5488371999999999  -0.074117180000000005  0.20471358000000001
5958    2.5200233000000001  -0.055220127000000001  0.14622402000000001
5959    2.5200233000000001  -0.055220127000000001  0.20471358000000001
5960    2.3758173  -0.21322942  0.26320314
5961    2.3758178000000001  -0.2132299  0.29999494999999998
5962    2.4039497000000001  -0.23052168000000001  0.26320314
5963    2.4031281  -0.23003625999999999  0.29999494999999998
5964    2.4562887999999998  -0.11727333  0.26320314
5965    2.4564004000000002  -0.11735463  0.29999494999999998
5966    2.3962050000000001  -0.061254024999999997  0.26320314
5967    2.3959617999999998  -0.060849905000000003  0.29999494999999998
5968    2.3777170000000001  -0.021426916000000001  0.26320314
5969    2.3777175000000002  -0.021428823  0.29999494999999998
5970    2.4232109999999998  -0.094210859999999993  0.26320314
5971    2.4227175999999999  -0.093731165000000005  0.29999494999999998
5972    2.4281383000000001  -0.028742074999999999  0.29999494999999998
5973    2.4856471999999998  -0.13711071  0.26320314
5974    2.4812750000000001  -0.13426447  0.29999494999999998
5975    2.5686517000000002  -0.18565822000000001  0.26320314
5976    2.5652865999999999  -0.18264913999999999  0.29999494999999998
5977    2.5340972000000002  -0.16366839999999999  0.26320314
5978    2.5358315  -0.16472149  0.29999494999999998
5979    2.4866275999999998  -0.087231636000000001  0.29999494999999998
5980    2.4682436000000001  -0.02071023  0.26320314
5981    2.4682445999999998  -0.020710706999999998  0.29999494999999998
5982    2.5488371999999999  -0.074117180000000005  0.26320314
5983    2.5492148000000001  -0.074354169999999997  0.29999494999999998
5984    2.5200233000000001  -0.055220127000000001  0.26320314
5985    2.5194907  -0.054865120000000003  0.29999494999999998
5986    2.6093879000000002  -0.33473206  0.029244900000000001
5987    2.6093879000000002  -0.33473206  0.08773446
5988    2.5838652  -0.24542402999999999  0.029244900000000001
5989    2.5838652  -0.24542402999999999  0.08773446
5990    2.6464061999999999  -0.30607985999999998  0.029244900000000001
5991    2.6464061999999999  -0.30607985999999998  0.08773446
5992    2.6766214000000002  -0.26494455  0.029244900000000001
5993    2.6766214000000002  -0.26494455  0.08773446
5994    2.6093879000000002  -0.33473206  0.14622402000000001
5995    2.6093879000000002  -0.33473206  0.20471358000000001
5996    2.5838652  -0.24542402999999999  0.14622402000000001
5997    2.5838652  -0.24542402999999999  0.20471358000000001
5998    2.6464061999999999  -0.30607985999999998  0.14622402000000001
5999    2.6464061999999999  -0.30607985999999998  0.20471358000000001
6000    2.6766214000000002  -0.26494455  0.14622402000000001
6001    2.6766214000000002  -0.26494455  0.20471358000000001
6002    2.7948189000000001  -0.34050322  0.029244900000000001
6003    2.7948189000000001  -0.34050322  0.08773446
6004    2.7948189000000001  -0.26270031999999999  0.029244900000000001
6005    2.7948189000000001  -0.26270031999999999  0.08773446
6006    2.7948189000000001  -0.34050322  0.14622402000000001
6007    2.7948189000000001  -0.34050322  0.20471358000000001
6008    2.7948189000000001  -0.26270031999999999  0.14622402000000001
6009    2.7948189000000001  -0.26270031999999999  0.20471358000000001
6010    2.6093879000000002  -0.33473206  0.26320314
6011    2.6141209999999999  -0.33236575000000002  0.29999494999999998
6012    2.5838652  -0.24542402999999999  0.26320314
6013    2.5838656000000002  -0.2454238  0.29999494999999998
6014    2.6464061999999999  -0.30607985999999998  0.26320314
6015    2.6465301999999999  -0.30595422  0.29999494999999998
6016    2.6766214000000002  -0.26494455  0.26320314
6017    2.6766238000000002  -0.26493883000000001  0.29999494999999998
6018    2.7948189000000001  -0.34050322  0.26320314
6019    2.7948189000000001  -0.34050322  0.29999494999999998
6020    2.7948189000000001  -0.26270031999999999  0.26320314
6021    2.7948189000000001  -0.26270031999999999  0.29999494999999998
6022    2.5917143999999999  -0.21425366000000001  0.029244900000000001
6023    2.5917143999999999  -0.21425366000000001  0.08773446
6024    2.6237740000000001  -0.12372589000000001  0.029244900000000001
6025    2.6237740000000001  -0.12372589000000001  0.08773446
6026    2.6813617000000001  -0.19454908000000001  0.029244900000000001
6027    2.6813617000000001  -0.19454908000000001  0.08773446
6028    2.6559781999999998  -0.15120006  0.029244900000000001
6029    2.6559781999999998  -0.15120006  0.08773446
6030    2.5917143999999999  -0.21425366000000001  0.14622402000000001
6031    2.5917143999999999  -0.21425366000000001  0.20471358000000001
6032    2.6237740000000001  -0.12372589000000001  0.14622402000000001
6033    2.6237740000000001  -0.12372589000000001  0.20471358000000001
6034    2.6813617000000001  -0.19454908000000001  0.14622402000000001
6035    2.6813617000000001  -0.19454908000000001  0.20471358000000001
6036    2.6559781999999998  -0.15120006  0.14622402000000001
6037    2.6559781999999998  -0.15120006  0.20471358000000001
6038    2.5952234000000001  -0.10139084  0.029244900000000001
6039    2.5952234000000001  -0.10139084  0.08773446
6040    2.5952234000000001  -0.10139084  0.14622402000000001
6041    2.5952234000000001  -0.10139084  0.20471358000000001
6042    2.7948189000000001  -0.20421075999999999  0.029244900000000001
6043    2.7948189000000001  -0.20421075999999999  0.08773446
6044    2.7948189000000001  -0.1457212  0.029244900000000001
6045    2.7948189000000001  -0.1457212  0.08773446
6046    2.7948189000000001  -0.20421075999999999  0.14622402000000001
6047    2.7948189000000001  -0.20421075999999999  0.20471358000000001
6048    2.7948189000000001  -0.1457212  0.14622402000000001
6049    2.7948189000000001  -0.1457212  0.20471358000000001
6050    2.7948189000000001  -0.087231636000000001  0.029244900000000001
6051    2.7948189000000001  -0.087231636000000001  0.08773446
6052    2.7948189000000001  -0.028742074999999999  0.029244900000000001
6053    2.7948189000000001  -0.028742074999999999  0.08773446
6054    2.7948189000000001  -0.087231636000000001  0.14622402000000001
6055    2.7948189000000001  -0.087231636000000001  0.20471358000000001
6056    2.7948189000000001  -0.028742074999999999  0.14622402000000001
6057    2.7948189000000001  -0.028742074999999999  0.20471358000000001
6058    2.5917143999999999  -0.21425366000000001  0.26320314
6059    2.5917140000000001  -0.21425295  0.29999494999999998
6060    2.6237740000000001  -0.12372589000000001  0.26320314
6061    2.6223225999999999  -0.12254213999999999  0.29999494999999998
6062    2.6813617000000001  -0.19454908000000001  0.26320314
6063    2.6813622000000001  -0.19455051000000001  0.29999494999999998
6064    2.6559781999999998  -0.15120006  0.26320314
6065    2.6560945999999999  -0.15133905  0.29999494999999998
6066    2.5952234000000001  -0.10139084  0.26320314
6067    2.5928019999999998  -0.099746704000000005  0.29999494999999998
6068    2.7948189000000001  -0.20421075999999999  0.26320314
6069    2.7948189000000001  -0.20421075999999999  0.29999494999999998
6070    2.7948189000000001  -0.1457212  0.26320314
6071    2.7948189000000001  -0.1457212  0.29999494999999998
6072    2.7948189000000001  -0.087231636000000001  0.26320314
6073    2.7948189000000001  -0.087231636000000001  0.29999494999999998
6074    2.7948189000000001  -0.028742074999999999  0.26320314
6075    2.7948189000000001  -0.028742074999999999  0.29999494999999998
6076    2.8375653999999999  -0.34050322  0.029244900000000001
6077    2.8375653999999999  -0.34050322  0.08773446
6078    2.8838172000000002  -0.34050322  0.029244900000000001
6079    2.8838172000000002  -0.34050322  0.08773446
6080    2.8838172000000002  -0.26270031999999999  0.029244900000000001
6081    2.8838172000000002  -0.26270031999999999  0.08773446
6082    2.8375653999999999  -0.34050322  0.14622402000000001
6083    2.8375653999999999  -0.34050322  0.20471358000000001
6084    2.8838172000000002  -0.34050322  0.14622402000000001
6085    2.8838172000000002  -0.34050322  0.20471358000000001
6086    2.8838172000000002  -0.26270031999999999  0.14622402000000001
6087    2.8838172000000002  -0.26270031999999999  0.20471358000000001
6088    3.0113148999999999  -0.3206656  0.029244900000000001
6089    3.0113148999999999  -0.3206656  0.08773446
6090    2.9831561999999998  -0.26083255  0.029244900000000001
6091    2.9831561999999998  -0.26083255  0.08773446
6092    3.0113148999999999  -0.3206656  0.14622402000000001
6093    3.0113148999999999  -0.3206656  0.20471358000000001
6094    2.9831561999999998  -0.26083255  0.14622402000000001
6095    2.9831561999999998  -0.26083255  0.20471358000000001
6096    2.8375653999999999  -0.34050322  0.26320314
6097    2.8375653999999999  -0.34050322  0.29999494999999998
6098    2.8375653999999999  -0.26270031999999999  0.29999494999999998
6099    2.8838172000000002  -0.34050322  0.26320314
6100    2.8838172000000002  -0.34050322  0.29999494999999998
6101    2.8838172000000002  -0.26270031999999999  0.26320314
6102    2.8838172000000002  -0.26270031999999999  0.29999494999999998
6103    3.0113148999999999  -0.3206656  0.26320314
6104    3.0113158000000002  -0.32066703000000002  0.29999494999999998
6105    2.9831561999999998  -0.26083255  0.26320314
6106    2.9831572  -0.26083635999999999  0.29999494999999998
6107    2.8838172000000002  -0.20421075999999999  0.029244900000000001
6108    2.8838172000000002  -0.20421075999999999  0.08773446
6109    2.8838172000000002  -0.1457212  0.029244900000000001
6110    2.8838172000000002  -0.1457212  0.08773446
6111    2.8838172000000002  -0.20421075999999999  0.14622402000000001
6112    2.8838172000000002  -0.20421075999999999  0.20471358000000001
6113    2.8838172000000002  -0.1457212  0.14622402000000001
6114    2.8838172000000002  -0.1457212  0.20471358000000001
6115    2.8838172000000002  -0.087231636000000001  0.029244900000000001
6116    2.8838172000000002  -0.087231636000000001  0.08773446
6117    2.8838172000000002  -0.028742074999999999  0.029244900000000001
6118    2.8838172000000002  -0.028742074999999999  0.08773446
6119    2.8838172000000002  -0.087231636000000001  0.14622402000000001
6120    2.8838172000000002  -0.087231636000000001  0.20471358000000001
6121    2.8838172000000002  -0.028742074999999999  0.14622402000000001
6122    2.8838172000000002  -0.028742074999999999  0.20471358000000001
6123    2.9879699  -0.19901252  0.029244900000000001
6124    2.9879699  -0.19901252  0.08773446
6125    3.0173663999999998  -0.15588260000000001  0.029244900000000001
6126    3.0173663999999998  -0.15588260000000001  0.08773446
6127    2.9879699  -0.19901252  0.14622402000000001
6128    2.9879699  -0.19901252  0.20471358000000001
6129    3.0173663999999998  -0.15588260000000001  0.14622402000000001
6130    3.0173663999999998  -0.15588260000000001  0.20471358000000001
6131    2.8375653999999999  -0.20421075999999999  0.29999494999999998
6132    2.8375653999999999  -0.1457212  0.29999494999999998
6133    2.8838172000000002  -0.20421075999999999  0.26320314
6134    2.8838172000000002  -0.20421075999999999  0.29999494999999998
6135    2.8838172000000002  -0.1457212  0.26320314
6136    2.8838172000000002  -0.1457212  0.29999494999999998
6137    2.8375653999999999  -0.087231636000000001  0.29999494999999998
6138    2.8375653999999999  -0.028742074999999999  0.29999494999999998
6139    2.8838172000000002  -0.087231636000000001  0.26320314
6140    2.8838172000000002  -0.087231636000000001  0.29999494999999998
6141    2.8838172000000002  -0.028742074999999999  0.26320314
6142    2.8838172000000002  -0.028742074999999999  0.29999494999999998
6143    2.9879699  -0.19901252  0.26320314
6144    2.9879704  -0.19901109  0.29999494999999998
6145    3.0173663999999998  -0.15588260000000001  0.26320314
6146    3.0199756999999998  -0.15333104  0.29999494999999998
6147    3.0688743999999999  -0.35029460000000001  0.029244900000000001
6148    3.0688743999999999  -0.35029460000000001  0.08773446
6149    3.0810723000000002  -0.26255583999999998  0.029244900000000001
6150    3.0810723000000002  -0.26255583999999998  0.08773446
6151    3.130979  -0.34839105999999997  0.029244900000000001
6152    3.130979  -0.34839105999999997  0.08773446
6153    3.1254187  -0.29096793999999998  0.029244900000000001
6154    3.1254187  -0.29096793999999998  0.08773446
6155    3.0688743999999999  -0.35029460000000001  0.14622402000000001
6156    3.0688743999999999  -0.35029460000000001  0.20471358000000001
6157    3.0810723000000002  -0.26255583999999998  0.14622402000000001
6158    3.0810723000000002  -0.26255583999999998  0.20471358000000001
6159    3.130979  -0.34839105999999997  0.14622402000000001
6160    3.130979  -0.34839105999999997  0.20471358000000001
6161    3.1254187  -0.29096793999999998  0.14622402000000001
6162    3.1254187  -0.29096793999999998  0.20471358000000001
6163    3.2185191999999998  -0.31257105000000002  0.029244900000000001
6164    3.2185191999999998  -0.31257105000000002  0.08773446
6165    3.2168193  -0.2721305  0.029244900000000001
6166    3.2168193  -0.2721305  0.08773446
6167    3.2289957999999999  -0.34778930000000002  0.029244900000000001
6168    3.2289957999999999  -0.34778930000000002  0.08773446
6169    3.2185191999999998  -0.31257105000000002  0.14622402000000001
6170    3.2185191999999998  -0.31257105000000002  0.20471358000000001
6171    3.2168193  -0.2721305  0.14622402000000001
6172    3.2168193  -0.2721305  0.20471358000000001
6173    3.2289957999999999  -0.34778930000000002  0.14622402000000001
6174    3.2289957999999999  -0.34778930000000002  0.20471358000000001
6175    3.0688743999999999  -0.35029460000000001  0.26320314
6176    3.0688740000000001  -0.3502941  0.29999494999999998
6177    3.0810723000000002  -0.26255583999999998  0.26320314
6178    3.0810727999999998  -0.26255630000000002  0.29999494999999998
6179    3.130979  -0.34839105999999997  0.26320314
6180    3.1363382  -0.34725165000000002  0.29999494999999998
6181    3.1254187  -0.29096793999999998  0.26320314
6182    3.1254181999999999  -0.29096793999999998  0.29999494999999998
6183    3.2185191999999998  -0.31257105000000002  0.26320314
6184    3.2185191999999998  -0.31257079999999998  0.29999494999999998
6185    3.2168193  -0.2721305  0.26320314
6186    3.2168193  -0.2721305  0.29999494999999998
6187    3.2289957999999999  -0.34778930000000002  0.26320314
6188    3.2289957999999999  -0.34778904999999999  0.29999494999999998
6189    3.2469926  -0.26270031999999999  0.29999494999999998
6190    3.0693570000000001  -0.20081758  0.029244900000000001
6191    3.0693570000000001  -0.20081758  0.08773446
6192    3.0823621999999999  -0.15108895  0.029244900000000001
6193    3.0823621999999999  -0.15108895  0.08773446
6194    3.1271776999999998  -0.15205598000000001  0.029244900000000001
6195    3.1271776999999998  -0.15205598000000001  0.08773446
6196    3.0693570000000001  -0.20081758  0.14622402000000001
6197    3.0693570000000001  -0.20081758  0.20471358000000001
6198    3.0823621999999999  -0.15108895  0.14622402000000001
6199    3.0823621999999999  -0.15108895  0.20471358000000001
6200    3.1271776999999998  -0.15205598000000001  0.14622402000000001
6201    3.1271776999999998  -0.15205598000000001  0.20471358000000001
6202    3.0942025000000002  -0.11381531  0.029244900000000001
6203    3.0942025000000002  -0.11381531  0.08773446
6204    3.1297674  -0.099879029999999994  0.029244900000000001
6205    3.1297674  -0.099879029999999994  0.08773446
6206    3.0942025000000002  -0.11381531  0.14622402000000001
6207    3.0942025000000002  -0.11381531  0.20471358000000001
6208    3.1297674  -0.099879029999999994  0.14622402000000001
6209    3.1297674  -0.099879029999999994  0.20471358000000001
6210    3.2168193  -0.20421075999999999  0.029244900000000001
6211    3.2168193  -0.20421075999999999  0.08773446
6212    3.2168198000000001  -0.11492419  0.029244900000000001
6213    3.2168198000000001  -0.11492419  0.08773446
6214    3.2168193  -0.20421075999999999  0.14622402000000001
6215    3.2168193  -0.20421075999999999  0.20471358000000001
6216    3.2168198000000001  -0.11492419  0.14622402000000001
6217    3.2168198000000001  -0.11492419  0.20471358000000001
6218    3.2168193  -0.06950307  0.029244900000000001
6219    3.2168193  -0.06950307  0.08773446
6220    3.2168188  -0.014657974000000001  0.029244900000000001
6221    3.2168188  -0.014657974000000001  0.08773446
6222    3.2168193  -0.06950307  0.14622402000000001
6223    3.2168193  -0.06950307  0.20471358000000001
6224    3.2168188  -0.014657974000000001  0.14622402000000001
6225    3.2168188  -0.014657974000000001  0.20471358000000001
6226    3.0693570000000001  -0.20081758  0.26320314
6227    3.0693573999999999  -0.20081735000000001  0.29999494999999998
6228    3.0823621999999999  -0.15108895  0.26320314
6229    3.0802182999999999  -0.15143846999999999  0.29999494999999998
6230    3.1271776999999998  -0.15205598000000001  0.26320314
6231    3.1362332999999998  -0.14631605  0.29999494999999998
6232    3.0942025000000002  -0.11381531  0.26320314
6233    3.0957737000000001  -0.11317849000000001  0.29999494999999998
6234    3.1297674  -0.099879029999999994  0.26320314
6235    3.1271209999999998  -0.10088372  0.29999494999999998
6236    3.2168193  -0.20421075999999999  0.26320314
6237    3.2168193  -0.20421075999999999  0.29999494999999998
6238    3.2168198000000001  -0.11492419  0.26320314
6239    3.2168198000000001  -0.11492419  0.29999494999999998
6240    3.2469926  -0.20421075999999999  0.29999494999999998
6241    3.2469926  -0.1457212  0.29999494999999998
6242    3.2168193  -0.06950307  0.26320314
6243    3.2168188  -0.06950307  0.29999494999999998
6244    3.2168188  -0.014657974000000001  0.26320314
6245    3.2168193  -0.014660358  0.29999494999999998
6246    3.2469926  -0.087231636000000001  0.29999494999999998
6247    3.2469926  -0.028742074999999999  0.29999494999999998
6248    3.3069339000000002  -0.35021996  0.029244900000000001
6249    3.3069339000000002  -0.35021996  0.08773446
6250    3.3058179999999999  -0.29395342000000002  0.029244900000000001
6251    3.3058179999999999  -0.29395342000000002  0.08773446
6252    3.3698182000000001  -0.31800652000000001  0.029244900000000001
6253    3.3698182000000001  -0.31800652000000001  0.08773446
6254    3.3698196  -0.26647162000000002  0.029244900000000001
6255    3.3698196  -0.26647162000000002  0.08773446
6256    3.3069339000000002  -0.35021996  0.14622402000000001
6257    3.3069339000000002  -0.35021996  0.20471358000000001
6258    3.3058179999999999  -0.29395342000000002  0.14622402000000001
6259    3.3058179999999999  -0.29395342000000002  0.20471358000000001
6260    3.3698182000000001  -0.31800652000000001  0.14622402000000001
6261    3.3698182000000001  -0.31800652000000001  0.20471358000000001
6262    3.3698196  -0.26647162000000002  0.14622402000000001
6263    3.3698196  -0.26647162000000002  0.20471358000000001
6264    3.3069339000000002  -0.35021996  0.26320314
6265    3.3069324  -0.35022068000000001  0.29999494999999998
6266    3.3058179999999999  -0.29395342000000002  0.26320314
6267    3.3058179999999999  -0.29395342000000002  0.29999494999999998
6268    3.3698182000000001  -0.31800652000000001  0.26320314
6269    3.3698182000000001  -0.31800627999999997  0.29999494999999998
6270    3.3698196  -0.26647162000000002  0.26320314
6271    3.3698191999999998  -0.26647162000000002  0.29999494999999998
6272    3.3058176000000001  -0.20421075999999999  0.029244900000000001
6273    3.3058176000000001  -0.20421075999999999  0.08773446
6274    3.3058176000000001  -0.1457212  0.029244900000000001
6275    3.3058176000000001  -0.1457212  0.08773446
6276    3.3058176000000001  -0.20421075999999999  0.14622402000000001
6277    3.3058176000000001  -0.20421075999999999  0.20471358000000001
6278    3.3058176000000001  -0.1457212  0.14622402000000001
6279    3.3058176000000001  -0.1457212  0.20471358000000001
6280    3.3058176000000001  -0.087231636000000001  0.029244900000000001
6281    3.3058176000000001  -0.087231636000000001  0.08773446
6282    3.3072371  -0.028472185000000001  0.029244900000000001
6283    3.3072371  -0.028472185000000001  0.08773446
6284    3.3058176000000001  -0.087231636000000001  0.14622402000000001
6285    3.3058176000000001  -0.087231636000000001  0.20471358000000001
6286    3.3072371  -0.028472185000000001  0.14622402000000001
6287    3.3072371  -0.028472185000000001  0.20471358000000001
6288    3.3058176000000001  -0.20421075999999999  0.26320314
6289    3.3058176000000001  -0.20421075999999999  0.29999494999999998
6290    3.3058176000000001  -0.1457212  0.26320314
6291    3.3058176000000001  -0.1457212  0.29999494999999998
6292    3.3058176000000001  -0.087231636000000001  0.26320314
6293    3.3058176000000001  -0.087231636000000001  0.29999494999999998
6294    3.3072371  -0.028472185000000001  0.26320314
6295    3.3071079999999999  -0.027127266000000001  0.29999494999999998
6296    0.1808157  0.029747724999999999  -0.30000186000000001
6297    0.1808157  0.029747724999999999  -0.26320314
6298    0.1808157  0.088237285999999998  -0.30000186000000001
6299    0.1808157  0.088237285999999998  -0.26320314
6300    0.1808157  0.14672684999999999  -0.30000186000000001
6301    0.1808157  0.14672684999999999  -0.26320314
6302    0.1808157  0.20521640999999999  -0.30000186000000001
6303    0.1808157  0.20521640999999999  -0.26320314
6304    0.1808157  0.029747724999999999  -0.20471358000000001
6305    0.1808157  0.029747724999999999  -0.14622402000000001
6306    0.1808157  0.088237285999999998  -0.20471358000000001
6307    0.1808157  0.088237285999999998  -0.14622402000000001
6308    0.1808157  0.029747724999999999  -0.08773446
6309    0.1808157  0.029747724999999999  -0.029244900000000001
6310    0.1808157  0.088237285999999998  -0.08773446
6311    0.1808157  0.088237285999999998  -0.029244900000000001
6312    0.1808157  0.14672684999999999  -0.20471358000000001
6313    0.1808157  0.14672684999999999  -0.14622402000000001
6314    0.1808157  0.20521640999999999  -0.20471358000000001
6315    0.1808157  0.20521640999999999  -0.14622402000000001
6316    0.1808157  0.14672684999999999  -0.08773446
6317    0.1808157  0.14672684999999999  -0.029244900000000001
6318    0.1808157  0.20521640999999999  -0.08773446
6319    0.1808157  0.20521640999999999  -0.029244900000000001
6320    0.1808157  0.26370597000000001  -0.30000186000000001
6321    0.1808157  0.26370597000000001  -0.26320314
6322    0.1808157  0.34150146999999997  -0.30000186000000001
6323    0.1808157  0.34150146999999997  -0.26320314
6324    0.1808157  0.26370597000000001  -0.20471358000000001
6325    0.1808157  0.26370597000000001  -0.14622402000000001
6326    0.1808157  0.34150146999999997  -0.20471358000000001
6327    0.1808157  0.34150146999999997  -0.14622402000000001
6328    0.1808157  0.26370597000000001  -0.08773446
6329    0.1808157  0.26370597000000001  -0.029244900000000001
6330    0.1808157  0.34150146999999997  -0.08773446
6331    0.1808157  0.34150146999999997  -0.029244900000000001
6332    0.27881718  0.042499304000000002  -0.30000162000000002
6333    0.27881718  0.042499304000000002  -0.26320314
6334    0.27881718  0.088237285999999998  -0.30000186000000001
6335    0.27881718  0.088237285999999998  -0.26320314
6336    0.3225131  0.042499304000000002  -0.30000186000000001
6337    0.3225131  0.042499304000000002  -0.26320314
6338    0.27881718  0.14672684999999999  -0.30000186000000001
6339    0.27881718  0.14672684999999999  -0.26320314
6340    0.27881718  0.20521640999999999  -0.30000186000000001
6341    0.27881718  0.20521640999999999  -0.26320314
6342    0.37962580000000001  0.040889263000000002  -0.30000186000000001
6343    0.38115406000000002  0.040999173999999999  -0.26320314
6344    0.43866490000000002  0.047448160000000003  -0.30000162000000002
6345    0.4406371  0.048110485000000001  -0.26320314
6346    0.46533632000000003  0.061660529999999998  -0.30000186000000001
6347    0.46474648000000002  0.061279060000000003  -0.26320314
6348    0.46846675999999998  0.23422646999999999  -0.30000186000000001
6349    0.46842957000000002  0.2342515  -0.26320314
6350    0.27881718  0.042499304000000002  -0.20471358000000001
6351    0.27881718  0.042499304000000002  -0.14622402000000001
6352    0.27881718  0.088237285999999998  -0.20471358000000001
6353    0.27881718  0.088237285999999998  -0.14622402000000001
6354    0.3225131  0.042499304000000002  -0.20471358000000001
6355    0.3225131  0.042499304000000002  -0.14622402000000001
6356    0.27881718  0.042499304000000002  -0.08773446
6357    0.27881718  0.042499304000000002  -0.029244900000000001
6358    0.27881718  0.088237285999999998  -0.08773446
6359    0.27881718  0.088237285999999998  -0.029244900000000001
6360    0.3225131  0.042499304000000002  -0.08773446
6361    0.3225131  0.042499304000000002  -0.029244900000000001
6362    0.27881718  0.14672684999999999  -0.20471358000000001
6363    0.27881718  0.14672684999999999  -0.14622402000000001
6364    0.27881718  0.20521640999999999  -0.20471358000000001
6365    0.27881718  0.20521640999999999  -0.14622402000000001
6366    0.27881718  0.14672684999999999  -0.08773446
6367    0.27881718  0.14672684999999999  -0.029244900000000001
6368    0.27881718  0.20521640999999999  -0.08773446
6369    0.27881718  0.20521640999999999  -0.029244900000000001
6370    0.38115406000000002  0.040999173999999999  -0.20471358000000001
6371    0.38115406000000002  0.040999173999999999  -0.14622402000000001
6372    0.4406371  0.048110485000000001  -0.20471358000000001
6373    0.4406371  0.048110485000000001  -0.14622402000000001
6374    0.46474648000000002  0.061279060000000003  -0.20471358000000001
6375    0.46474648000000002  0.061279060000000003  -0.14622402000000001
6376    0.38115406000000002  0.040999173999999999  -0.08773446
6377    0.38115406000000002  0.040999173999999999  -0.029244900000000001
6378    0.4406371  0.048110485000000001  -0.08773446
6379    0.4406371  0.048110485000000001  -0.029244900000000001
6380    0.46474648000000002  0.061279060000000003  -0.08773446
6381    0.46474648000000002  0.061279060000000003  -0.029244900000000001
6382    0.46842957000000002  0.2342515  -0.20471358000000001
6383    0.46842957000000002  0.2342515  -0.14622402000000001
6384    0.46842957000000002  0.2342515  -0.08773446
6385    0.46842957000000002  0.2342515  -0.029244900000000001
6386    0.27881718  0.25349592999999998  -0.30000162000000002
6387    0.27881718  0.25349592999999998  -0.26320314
6388    0.26402330000000002  0.34150146999999997  -0.30000186000000001
6389    0.26402330000000002  0.34150146999999997  -0.26320314
6390    0.3225131  0.25349592999999998  -0.30000186000000001
6391    0.3225131  0.25349592999999998  -0.26320314
6392    0.3225131  0.34150146999999997  -0.30000186000000001
6393    0.3225131  0.34150146999999997  -0.26320314
6394    0.38050652000000001  0.25383997000000003  -0.30000186000000001
6395    0.38102197999999998  0.25382613999999998  -0.26320314
6396    0.381629  0.34181  -0.30000186000000001
6397    0.38102101999999999  0.34182572  -0.26320314
6398    0.44397880000000001  0.25090075000000001  -0.30000162000000002
6399    0.44397639999999999  0.25090121999999998  -0.26320314
6400    0.44363117000000002  0.33934187999999998  -0.30000186000000001
6401    0.44006394999999998  0.33994173999999999  -0.26320314
6402    0.27881718  0.25349592999999998  -0.20471358000000001
6403    0.27881718  0.25349592999999998  -0.14622402000000001
6404    0.26402330000000002  0.34150146999999997  -0.20471358000000001
6405    0.26402330000000002  0.34150146999999997  -0.14622402000000001
6406    0.3225131  0.25349592999999998  -0.20471358000000001
6407    0.3225131  0.25349592999999998  -0.14622402000000001
6408    0.3225131  0.34150146999999997  -0.20471358000000001
6409    0.3225131  0.34150146999999997  -0.14622402000000001
6410    0.27881718  0.25349592999999998  -0.08773446
6411    0.27881718  0.25349592999999998  -0.029244900000000001
6412    0.26402330000000002  0.34150146999999997  -0.08773446
6413    0.26402330000000002  0.34150146999999997  -0.029244900000000001
6414    0.3225131  0.25349592999999998  -0.08773446
6415    0.3225131  0.25349592999999998  -0.029244900000000001
6416    0.3225131  0.34150146999999997  -0.08773446
6417    0.3225131  0.34150146999999997  -0.029244900000000001
6418    0.38102197999999998  0.25382613999999998  -0.20471358000000001
6419    0.38102197999999998  0.25382613999999998  -0.14622402000000001
6420    0.38102101999999999  0.34182572  -0.20471358000000001
6421    0.38102101999999999  0.34182572  -0.14622402000000001
6422    0.44397639999999999  0.25090121999999998  -0.20471358000000001
6423    0.44397639999999999  0.25090121999999998  -0.14622402000000001
6424    0.44006394999999998  0.33994173999999999  -0.20471358000000001
6425    0.44006394999999998  0.33994173999999999  -0.14622402000000001
6426    0.38102197999999998  0.25382613999999998  -0.08773446
6427    0.38102197999999998  0.25382613999999998  -0.029244900000000001
6428    0.38102101999999999  0.34182572  -0.08773446
6429    0.38102101999999999  0.34182572  -0.029244900000000001
6430    0.44397639999999999  0.25090121999999998  -0.08773446
6431    0.44397639999999999  0.25090121999999998  -0.029244900000000001
6432    0.44006394999999998  0.33994173999999999  -0.08773446
6433    0.44006394999999998  0.33994173999999999  -0.029244900000000001
6434    0.49798155  0.029747724999999999  -0.30000186000000001
6435    0.49436521999999999  0.083413360000000006  -0.30000162000000002
6436    0.49436616999999999  0.083414790000000003  -0.26320314
6437    0.56756589999999996  0.02033186  -0.30000162000000002
6438    0.56792399999999998  0.020712614000000001  -0.26320314
6439    0.55647135000000003  0.088237285999999998  -0.30000186000000001
6440    0.51510619999999996  0.14500260000000001  -0.30000186000000001
6441    0.5151057  0.14500260000000001  -0.26320314
6442    0.49691105000000002  0.2148583  -0.30000162000000002
6443    0.49691105000000002  0.2148583  -0.26320314
6444    0.55647135000000003  0.14672684999999999  -0.30000186000000001
6445    0.55647135000000003  0.20521640999999999  -0.30000186000000001
6446    0.58958816999999997  0.054043055  -0.30000186000000001
6447    0.58900355999999998  0.053043604000000001  -0.26320314
6448    0.60352707000000005  0.084771630000000001  -0.30000186000000001
6449    0.60423325999999999  0.086921214999999996  -0.26320314
6450    0.61398220000000003  0.14662360999999999  -0.30000186000000001
6451    0.61397265999999995  0.14494419  -0.26320314
6452    0.60353564999999998  0.20840216  -0.30000186000000001
6453    0.60415890000000005  0.20635510000000001  -0.26320314
6454    0.49436616999999999  0.083414790000000003  -0.20471358000000001
6455    0.49436616999999999  0.083414790000000003  -0.14622402000000001
6456    0.56792399999999998  0.020712614000000001  -0.20471358000000001
6457    0.56792399999999998  0.020712614000000001  -0.14622402000000001
6458    0.49436616999999999  0.083414790000000003  -0.08773446
6459    0.49436616999999999  0.083414790000000003  -0.029244900000000001
6460    0.56792399999999998  0.020712614000000001  -0.08773446
6461    0.56792399999999998  0.020712614000000001  -0.029244900000000001
6462    0.5151057  0.14500260000000001  -0.20471358000000001
6463    0.5151057  0.14500260000000001  -0.14622402000000001
6464    0.49691105000000002  0.2148583  -0.20471358000000001
6465    0.49691105000000002  0.2148583  -0.14622402000000001
6466    0.5151057  0.14500260000000001  -0.08773446
6467    0.5151057  0.14500260000000001  -0.029244900000000001
6468    0.49691105000000002  0.2148583  -0.08773446
6469    0.49691105000000002  0.2148583  -0.029244900000000001
6470    0.58900355999999998  0.053043604000000001  -0.20471358000000001
6471    0.58900355999999998  0.053043604000000001  -0.14622402000000001
6472    0.60423325999999999  0.086921214999999996  -0.20471358000000001
6473    0.60423325999999999  0.086921214999999996  -0.14622402000000001
6474    0.58900355999999998  0.053043604000000001  -0.08773446
6475    0.58900355999999998  0.053043604000000001  -0.029244900000000001
6476    0.60423325999999999  0.086921214999999996  -0.08773446
6477    0.60423325999999999  0.086921214999999996  -0.029244900000000001
6478    0.61397265999999995  0.14494419  -0.20471358000000001
6479    0.61397265999999995  0.14494419  -0.14622402000000001
6480    0.60415890000000005  0.20635510000000001  -0.20471358000000001
6481    0.60415890000000005  0.20635510000000001  -0.14622402000000001
6482    0.61397265999999995  0.14494419  -0.08773446
6483    0.61397265999999995  0.14494419  -0.029244900000000001
6484    0.60415890000000005  0.20635510000000001  -0.08773446
6485    0.60415890000000005  0.20635510000000001  -0.029244900000000001
6486    0.49798155  0.26370597000000001  -0.30000186000000001
6487    0.50485469999999999  0.32188440000000001  -0.30000186000000001
6488    0.49978495000000001  0.32415509999999997  -0.26320314
6489    0.56976079999999996  0.27346443999999998  -0.30000162000000002
6490    0.57008979999999998  0.27308392999999997  -0.26320314
6491    0.53700495000000004  0.30191826999999999  -0.30000186000000001
6492    0.53804015999999999  0.30115769999999997  -0.26320314
6493    0.59002019999999999  0.23994183999999999  -0.30000186000000001
6494    0.58935930000000003  0.2411673  -0.26320314
6495    0.49978495000000001  0.32415509999999997  -0.20471358000000001
6496    0.49978495000000001  0.32415509999999997  -0.14622402000000001
6497    0.57008979999999998  0.27308392999999997  -0.20471358000000001
6498    0.57008979999999998  0.27308392999999997  -0.14622402000000001
6499    0.53804015999999999  0.30115769999999997  -0.20471358000000001
6500    0.53804015999999999  0.30115769999999997  -0.14622402000000001
6501    0.49978495000000001  0.32415509999999997  -0.08773446
6502    0.49978495000000001  0.32415509999999997  -0.029244900000000001
6503    0.57008979999999998  0.27308392999999997  -0.08773446
6504    0.57008979999999998  0.27308392999999997  -0.029244900000000001
6505    0.53804015999999999  0.30115769999999997  -0.08773446
6506    0.53804015999999999  0.30115769999999997  -0.029244900000000001
6507    0.58935930000000003  0.2411673  -0.20471358000000001
6508    0.58935930000000003  0.2411673  -0.14622402000000001
6509    0.58935930000000003  0.2411673  -0.08773446
6510    0.58935930000000003  0.2411673  -0.029244900000000001
6511    0.70581530000000003  0.029747724999999999  -0.30000186000000001
6512    0.70581530000000003  0.029747724999999999  -0.26320314
6513    0.70581530000000003  0.088237285999999998  -0.30000186000000001
6514    0.70581530000000003  0.088237285999999998  -0.26320314
6515    0.8038168  0.044498443999999998  -0.30000162000000002
6516    0.8038168  0.044498443999999998  -0.26320314
6517    0.8038168  0.088237285999999998  -0.30000186000000001
6518    0.8038168  0.088237285999999998  -0.26320314
6519    0.70581530000000003  0.14672684999999999  -0.30000186000000001
6520    0.70581530000000003  0.14672684999999999  -0.26320314
6521    0.70581530000000003  0.20521640999999999  -0.30000186000000001
6522    0.70581530000000003  0.20521640999999999  -0.26320314
6523    0.8038168  0.14672684999999999  -0.30000186000000001
6524    0.8038168  0.14672684999999999  -0.26320314
6525    0.8038168  0.20521640999999999  -0.30000186000000001
6526    0.8038168  0.20521640999999999  -0.26320314
6527    0.84891939999999999  0.044498443999999998  -0.30000186000000001
6528    0.84891939999999999  0.044498443999999998  -0.26320314
6529    0.90740869999999996  0.044498443999999998  -0.30000186000000001
6530    0.90740869999999996  0.044498443999999998  -0.26320314
6531    0.70581530000000003  0.029747724999999999  -0.20471358000000001
6532    0.70581530000000003  0.029747724999999999  -0.14622402000000001
6533    0.70581530000000003  0.088237285999999998  -0.20471358000000001
6534    0.70581530000000003  0.088237285999999998  -0.14622402000000001
6535    0.8038168  0.044498443999999998  -0.20471358000000001
6536    0.8038168  0.044498443999999998  -0.14622402000000001
6537    0.8038168  0.088237285999999998  -0.20471358000000001
6538    0.8038168  0.088237285999999998  -0.14622402000000001
6539    0.70581530000000003  0.029747724999999999  -0.08773446
6540    0.70581530000000003  0.029747724999999999  -0.029244900000000001
6541    0.70581530000000003  0.088237285999999998  -0.08773446
6542    0.70581530000000003  0.088237285999999998  -0.029244900000000001
6543    0.8038168  0.044498443999999998  -0.08773446
6544    0.8038168  0.044498443999999998  -0.029244900000000001
6545    0.8038168  0.088237285999999998  -0.08773446
6546    0.8038168  0.088237285999999998  -0.029244900000000001
6547    0.70581530000000003  0.14672684999999999  -0.20471358000000001
6548    0.70581530000000003  0.14672684999999999  -0.14622402000000001
6549    0.70581530000000003  0.20521640999999999  -0.20471358000000001
6550    0.70581530000000003  0.20521640999999999  -0.14622402000000001
6551    0.8038168  0.14672684999999999  -0.20471358000000001
6552    0.8038168  0.14672684999999999  -0.14622402000000001
6553    0.8038168  0.20521640999999999  -0.20471358000000001
6554    0.8038168  0.20521640999999999  -0.14622402000000001
6555    0.70581530000000003  0.14672684999999999  -0.08773446
6556    0.70581530000000003  0.14672684999999999  -0.029244900000000001
6557    0.70581530000000003  0.20521640999999999  -0.08773446
6558    0.70581530000000003  0.20521640999999999  -0.029244900000000001
6559    0.8038168  0.14672684999999999  -0.08773446
6560    0.8038168  0.14672684999999999  -0.029244900000000001
6561    0.8038168  0.20521640999999999  -0.08773446
6562    0.8038168  0.20521640999999999  -0.029244900000000001
6563    0.84891939999999999  0.044498443999999998  -0.20471358000000001
6564    0.84891939999999999  0.044498443999999998  -0.14622402000000001
6565    0.90740869999999996  0.044498443999999998  -0.20471358000000001
6566    0.90740869999999996  0.044498443999999998  -0.14622402000000001
6567    0.84891939999999999  0.044498443999999998  -0.08773446
6568    0.84891939999999999  0.044498443999999998  -0.029244900000000001
6569    0.90740869999999996  0.044498443999999998  -0.08773446
6570    0.90740869999999996  0.044498443999999998  -0.029244900000000001
6571    0.70581530000000003  0.26370597000000001  -0.30000186000000001
6572    0.70581530000000003  0.26370597000000001  -0.26320314
6573    0.70581530000000003  0.34150146999999997  -0.30000186000000001
6574    0.70581530000000003  0.34150146999999997  -0.26320314
6575    0.8038168  0.26370597000000001  -0.30000186000000001
6576    0.8038168  0.26370597000000001  -0.26320314
6577    0.8038168  0.34150146999999997  -0.30000186000000001
6578    0.8038168  0.34150146999999997  -0.26320314
6579    0.70581530000000003  0.26370597000000001  -0.20471358000000001
6580    0.70581530000000003  0.26370597000000001  -0.14622402000000001
6581    0.70581530000000003  0.34150146999999997  -0.20471358000000001
6582    0.70581530000000003  0.34150146999999997  -0.14622402000000001
6583    0.8038168  0.26370597000000001  -0.20471358000000001
6584    0.8038168  0.26370597000000001  -0.14622402000000001
6585    0.8038168  0.34150146999999997  -0.20471358000000001
6586    0.8038168  0.34150146999999997  -0.14622402000000001
6587    0.70581530000000003  0.26370597000000001  -0.08773446
6588    0.70581530000000003  0.26370597000000001  -0.029244900000000001
6589    0.70581530000000003  0.34150146999999997  -0.08773446
6590    0.70581530000000003  0.34150146999999997  -0.029244900000000001
6591    0.8038168  0.26370597000000001  -0.08773446
6592    0.8038168  0.26370597000000001  -0.029244900000000001
6593    0.8038168  0.34150146999999997  -0.08773446
6594    0.8038168  0.34150146999999997  -0.029244900000000001
6595    0.96589849999999999  0.044498443999999998  -0.30000186000000001
6596    0.96589849999999999  0.044498443999999998  -0.26320314
6597    1.0243878  0.044498443999999998  -0.30000186000000001
6598    1.0243878  0.044498443999999998  -0.26320314
6599    1.0828776  0.044498443999999998  -0.30000186000000001
6600    1.0828776  0.044498443999999998  -0.26320314
6601    1.141367  0.044498443999999998  -0.30000186000000001
6602    1.141367  0.044498443999999998  -0.26320314
6603    0.96589849999999999  0.044498443999999998  -0.20471358000000001
6604    0.96589849999999999  0.044498443999999998  -0.14622402000000001
6605    1.0243878  0.044498443999999998  -0.20471358000000001
6606    1.0243878  0.044498443999999998  -0.14622402000000001
6607    0.96589849999999999  0.044498443999999998  -0.08773446
6608    0.96589849999999999  0.044498443999999998  -0.029244900000000001
6609    1.0243878  0.044498443999999998  -0.08773446
6610    1.0243878  0.044498443999999998  -0.029244900000000001
6611    1.0828776  0.044498443999999998  -0.20471358000000001
6612    1.0828776  0.044498443999999998  -0.14622402000000001
6613    1.141367  0.044498443999999998  -0.20471358000000001
6614    1.141367  0.044498443999999998  -0.14622402000000001
6615    1.0828776  0.044498443999999998  -0.08773446
6616    1.0828776  0.044498443999999998  -0.029244900000000001
6617    1.141367  0.044498443999999998  -0.08773446
6618    1.141367  0.044498443999999998  -0.029244900000000001
6619    1.1858196000000001  0.044498443999999998  -0.30000162000000002
6620    1.1858196000000001  0.044498443999999998  -0.26320314
6621    1.1858196000000001  0.088237285999999998  -0.30000186000000001
6622    1.1858196000000001  0.088237285999999998  -0.26320314
6623    1.283814  0.029747724999999999  -0.30000186000000001
6624    1.283814  0.029747724999999999  -0.26320314
6625    1.283814  0.088237285999999998  -0.30000186000000001
6626    1.283814  0.088237285999999998  -0.26320314
6627    1.1858196000000001  0.14672684999999999  -0.30000186000000001
6628    1.1858196000000001  0.14672684999999999  -0.26320314
6629    1.1858196000000001  0.20521640999999999  -0.30000186000000001
6630    1.1858196000000001  0.20521640999999999  -0.26320314
6631    1.283814  0.14672684999999999  -0.30000186000000001
6632    1.283814  0.14672684999999999  -0.26320314
6633    1.283814  0.20521640999999999  -0.30000186000000001
6634    1.283814  0.20521640999999999  -0.26320314
6635    1.1858196000000001  0.044498443999999998  -0.20471358000000001
6636    1.1858196000000001  0.044498443999999998  -0.14622402000000001
6637    1.1858196000000001  0.088237285999999998  -0.20471358000000001
6638    1.1858196000000001  0.088237285999999998  -0.14622402000000001
6639    1.283814  0.029747724999999999  -0.20471358000000001
6640    1.283814  0.029747724999999999  -0.14622402000000001
6641    1.283814  0.088237285999999998  -0.20471358000000001
6642    1.283814  0.088237285999999998  -0.14622402000000001
6643    1.1858196000000001  0.044498443999999998  -0.08773446
6644    1.1858196000000001  0.044498443999999998  -0.029244900000000001
6645    1.1858196000000001  0.088237285999999998  -0.08773446
6646    1.1858196000000001  0.088237285999999998  -0.029244900000000001
6647    1.283814  0.029747724999999999  -0.08773446
6648    1.283814  0.029747724999999999  -0.029244900000000001
6649    1.283814  0.088237285999999998  -0.08773446
6650    1.283814  0.088237285999999998  -0.029244900000000001
6651    1.1858196000000001  0.14672684999999999  -0.20471358000000001
6652    1.1858196000000001  0.14672684999999999  -0.14622402000000001
6653    1.1858196000000001  0.20521640999999999  -0.20471358000000001
6654    1.1858196000000001  0.20521640999999999  -0.14622402000000001
6655    1.283814  0.14672684999999999  -0.20471358000000001
6656    1.283814  0.14672684999999999  -0.14622402000000001
6657    1.283814  0.20521640999999999  -0.20471358000000001
6658    1.283814  0.20521640999999999  -0.14622402000000001
6659    1.1858196000000001  0.14672684999999999  -0.08773446
6660    1.1858196000000001  0.14672684999999999  -0.029244900000000001
6661    1.1858196000000001  0.20521640999999999  -0.08773446
6662    1.1858196000000001  0.20521640999999999  -0.029244900000000001
6663    1.283814  0.14672684999999999  -0.08773446
6664    1.283814  0.14672684999999999  -0.029244900000000001
6665    1.283814  0.20521640999999999  -0.08773446
6666    1.283814  0.20521640999999999  -0.029244900000000001
6667    1.1858196000000001  0.26370597000000001  -0.30000186000000001
6668    1.1858196000000001  0.26370597000000001  -0.26320314
6669    1.1858196000000001  0.34150146999999997  -0.30000186000000001
6670    1.1858196000000001  0.34150146999999997  -0.26320314
6671    1.283814  0.26370597000000001  -0.30000186000000001
6672    1.283814  0.26370597000000001  -0.26320314
6673    1.283814  0.34150146999999997  -0.30000186000000001
6674    1.283814  0.34150146999999997  -0.26320314
6675    1.1858196000000001  0.26370597000000001  -0.20471358000000001
6676    1.1858196000000001  0.26370597000000001  -0.14622402000000001
6677    1.1858196000000001  0.34150146999999997  -0.20471358000000001
6678    1.1858196000000001  0.34150146999999997  -0.14622402000000001
6679    1.283814  0.26370597000000001  -0.20471358000000001
6680    1.283814  0.26370597000000001  -0.14622402000000001
6681    1.283814  0.34150146999999997  -0.20471358000000001
6682    1.283814  0.34150146999999997  -0.14622402000000001
6683    1.1858196000000001  0.26370597000000001  -0.08773446
6684    1.1858196000000001  0.26370597000000001  -0.029244900000000001
6685    1.1858196000000001  0.34150146999999997  -0.08773446
6686    1.1858196000000001  0.34150146999999997  -0.029244900000000001
6687    1.283814  0.26370597000000001  -0.08773446
6688    1.283814  0.26370597000000001  -0.029244900000000001
6689    1.283814  0.34150146999999997  -0.08773446
6690    1.283814  0.34150146999999997  -0.029244900000000001
6691    1.8075161  0.0099921230000000003  -0.30000186000000001
6692    1.8087301  0.0128343105  -0.26320314
6693    1.819377  0.037760257999999998  -0.30000162000000002
6694    1.8212214  0.042078971999999999  -0.26320314
6695    1.8433704  0.093935729999999995  -0.30000186000000001
6696    1.8409367000000001  0.088237285999999998  -0.26320314
6697    1.8607606999999999  0.13465166000000001  -0.30000186000000001
6698    1.862957  0.13979411  -0.26320314
6699    1.8087301  0.0128343105  -0.20471358000000001
6700    1.8087301  0.0128343105  -0.14622402000000001
6701    1.8212214  0.042078971999999999  -0.20471358000000001
6702    1.8212214  0.042078971999999999  -0.14622402000000001
6703    1.8409367000000001  0.088237285999999998  -0.20471358000000001
6704    1.8409367000000001  0.088237285999999998  -0.14622402000000001
6705    1.8087301  0.0128343105  -0.08773446
6706    1.8087301  0.0128343105  -0.029244900000000001
6707    1.8212214  0.042078971999999999  -0.08773446
6708    1.8212214  0.042078971999999999  -0.029244900000000001
6709    1.8409367000000001  0.088237285999999998  -0.08773446
6710    1.8409367000000001  0.088237285999999998  -0.029244900000000001
6711    1.862957  0.13979411  -0.20471358000000001
6712    1.862957  0.13979411  -0.14622402000000001
6713    1.862957  0.13979411  -0.08773446
6714    1.862957  0.13979411  -0.029244900000000001
6715    1.9122481  0.022182941000000001  -0.30000186000000001
6716    1.9153713999999999  0.029747724999999999  -0.26320314
6717    1.9333072  0.073181869999999996  -0.30000162000000002
6718    1.9292121  0.063264609999999999  -0.26320314
6719    1.9437245999999999  0.098408460000000003  -0.30000186000000001
6720    1.941289  0.092509985000000003  -0.26320314
6721    1.8718357000000001  0.16057991999999999  -0.30000162000000002
6722    1.8754481999999999  0.16903877  -0.26320314
6723    1.8939923999999999  0.21245432  -0.30000186000000001
6724    1.8909001000000001  0.20521640999999999  -0.26320314
6725    1.9612961  0.14095831  -0.30000186000000001
6726    1.9636779  0.14672684999999999  -0.26320314
6727    1.9838184999999999  0.19549917999999999  -0.30000162000000002
6728    1.9838180000000001  0.19549917999999999  -0.26320314
6729    2.0459094000000002  0.056072234999999998  -0.30000186000000001
6730    2.0462818  0.055234194  -0.26320314
6731    2.0329404000000002  0.08519554  -0.30000186000000001
6732    2.0315846999999998  0.088237285999999998  -0.26320314
6733    2.0590386000000001  0.026588201999999998  -0.30000162000000002
6734    2.0593056999999999  0.025989294  -0.26320314
6735    2.0772004000000002  0.088237285999999998  -0.30000186000000001
6736    2.0090474999999999  0.13884497000000001  -0.30000186000000001
6737    2.0055375  0.14672684999999999  -0.26320314
6738    1.9867797  0.18885015999999999  -0.30000162000000002
6739    1.9909901999999999  0.17939425000000001  -0.26320314
6740    2.1033802000000001  0.15755295999999999  -0.30000162000000002
6741    2.1008182  0.16331434  -0.26320314
6742    2.0793632999999998  0.21157049999999999  -0.30000186000000001
6743    2.0821885999999998  0.20521640999999999  -0.26320314
6744    1.9153713999999999  0.029747724999999999  -0.20471358000000001
6745    1.9153713999999999  0.029747724999999999  -0.14622402000000001
6746    1.9292121  0.063264609999999999  -0.20471358000000001
6747    1.9292121  0.063264609999999999  -0.14622402000000001
6748    1.941289  0.092509985000000003  -0.20471358000000001
6749    1.941289  0.092509985000000003  -0.14622402000000001
6750    1.9153713999999999  0.029747724999999999  -0.08773446
6751    1.9153713999999999  0.029747724999999999  -0.029244900000000001
6752    1.9292121  0.063264609999999999  -0.08773446
6753    1.9292121  0.063264609999999999  -0.029244900000000001
6754    1.941289  0.092509985000000003  -0.08773446
6755    1.941289  0.092509985000000003  -0.029244900000000001
6756    1.8754481999999999  0.16903877  -0.20471358000000001
6757    1.8754481999999999  0.16903877  -0.14622402000000001
6758    1.8909001000000001  0.20521640999999999  -0.20471358000000001
6759    1.8909001000000001  0.20521640999999999  -0.14622402000000001
6760    1.9636779  0.14672684999999999  -0.20471358000000001
6761    1.9636779  0.14672684999999999  -0.14622402000000001
6762    1.9838180000000001  0.19549917999999999  -0.20471358000000001
6763    1.9838180000000001  0.19549917999999999  -0.14622402000000001
6764    1.8754481999999999  0.16903877  -0.08773446
6765    1.8754481999999999  0.16903877  -0.029244900000000001
6766    1.8909001000000001  0.20521640999999999  -0.08773446
6767    1.8909001000000001  0.20521640999999999  -0.029244900000000001
6768    1.9636779  0.14672684999999999  -0.08773446
6769    1.9636779  0.14672684999999999  -0.029244900000000001
6770    1.9838180000000001  0.19549917999999999  -0.08773446
6771    1.9838180000000001  0.19549917999999999  -0.029244900000000001
6772    2.0462818  0.055234194  -0.20471358000000001
6773    2.0462818  0.055234194  -0.14622402000000001
6774    2.0315846999999998  0.088237285999999998  -0.20471358000000001
6775    2.0315846999999998  0.088237285999999998  -0.14622402000000001
6776    2.0593056999999999  0.025989294  -0.20471358000000001
6777    2.0593056999999999  0.025989294  -0.14622402000000001
6778    2.0462818  0.055234194  -0.08773446
6779    2.0462818  0.055234194  -0.029244900000000001
6780    2.0315846999999998  0.088237285999999998  -0.08773446
6781    2.0315846999999998  0.088237285999999998  -0.029244900000000001
6782    2.0593056999999999  0.025989294  -0.08773446
6783    2.0593056999999999  0.025989294  -0.029244900000000001
6784    2.0055375  0.14672684999999999  -0.20471358000000001
6785    2.0055375  0.14672684999999999  -0.14622402000000001
6786    1.9909901999999999  0.17939425000000001  -0.20471358000000001
6787    1.9909901999999999  0.17939425000000001  -0.14622402000000001
6788    2.1008182  0.16331434  -0.20471358000000001
6789    2.1008182  0.16331434  -0.14622402000000001
6790    2.0821885999999998  0.20521640999999999  -0.20471358000000001
6791    2.0821885999999998  0.20521640999999999  -0.14622402000000001
6792    2.0055375  0.14672684999999999  -0.08773446
6793    2.0055375  0.14672684999999999  -0.029244900000000001
6794    1.9909901999999999  0.17939425000000001  -0.08773446
6795    1.9909901999999999  0.17939425000000001  -0.029244900000000001
6796    2.1008182  0.16331434  -0.08773446
6797    2.1008182  0.16331434  -0.029244900000000001
6798    2.0821885999999998  0.20521640999999999  -0.08773446
6799    2.0821885999999998  0.20521640999999999  -0.029244900000000001
6800    1.9170469999999999  0.26643204999999998  -0.30000186000000001
6801    1.9158820999999999  0.26370597000000001  -0.26320314
6802    1.9293752  0.29529643  -0.30000186000000001
6803    1.9296751000000001  0.29599832999999998  -0.26320314
6804    1.9602212999999999  0.26370597000000001  -0.30000186000000001
6805    1.9508181  0.34550023000000002  -0.30000186000000001
6806    1.9508181  0.34550023000000002  -0.26320314
6807    2.0494327999999999  0.27889037  -0.30000162000000002
6808    2.045569  0.28758168000000001  -0.26320314
6809    2.0198182999999998  0.34549974999999999  -0.30000186000000001
6810    2.0198182999999998  0.34549974999999999  -0.26320314
6811    2.0609411999999998  0.25300503000000002  -0.30000186000000001
6812    2.0585713000000001  0.25833677999999999  -0.26320314
6813    1.9158820999999999  0.26370597000000001  -0.20471358000000001
6814    1.9158820999999999  0.26370597000000001  -0.14622402000000001
6815    1.9296751000000001  0.29599832999999998  -0.20471358000000001
6816    1.9296751000000001  0.29599832999999998  -0.14622402000000001
6817    1.9508181  0.34550023000000002  -0.20471358000000001
6818    1.9508181  0.34550023000000002  -0.14622402000000001
6819    1.9158820999999999  0.26370597000000001  -0.08773446
6820    1.9158820999999999  0.26370597000000001  -0.029244900000000001
6821    1.9296751000000001  0.29599832999999998  -0.08773446
6822    1.9296751000000001  0.29599832999999998  -0.029244900000000001
6823    1.9508181  0.34550023000000002  -0.08773446
6824    1.9508181  0.34550023000000002  -0.029244900000000001
6825    2.045569  0.28758168000000001  -0.20471358000000001
6826    2.045569  0.28758168000000001  -0.14622402000000001
6827    2.0198182999999998  0.34549974999999999  -0.20471358000000001
6828    2.0198182999999998  0.34549974999999999  -0.14622402000000001
6829    2.0585713000000001  0.25833677999999999  -0.20471358000000001
6830    2.0585713000000001  0.25833677999999999  -0.14622402000000001
6831    2.045569  0.28758168000000001  -0.08773446
6832    2.045569  0.28758168000000001  -0.029244900000000001
6833    2.0198182999999998  0.34549974999999999  -0.08773446
6834    2.0198182999999998  0.34549974999999999  -0.029244900000000001
6835    2.0585713000000001  0.25833677999999999  -0.08773446
6836    2.0585713000000001  0.25833677999999999  -0.029244900000000001
6837    2.1573272000000001  0.036215544000000002  -0.30000162000000002
6838    2.1560678000000002  0.039048195000000001  -0.26320314
6839    2.1319080000000001  0.093388559999999995  -0.30000186000000001
6840    2.1341982000000002  0.088237285999999998  -0.26320314
6841    2.1699929999999998  0.0077266692999999999  -0.30000186000000001
6842    2.1690697999999999  0.0098032950000000001  -0.26320314
6843    2.1154674999999998  0.13036537000000001  -0.30000186000000001
6844    2.1138205999999999  0.13406968  -0.26320314
6845    2.1560678000000002  0.039048195000000001  -0.20471358000000001
6846    2.1560678000000002  0.039048195000000001  -0.14622402000000001
6847    2.1341982000000002  0.088237285999999998  -0.20471358000000001
6848    2.1341982000000002  0.088237285999999998  -0.14622402000000001
6849    2.1690697999999999  0.0098032950000000001  -0.20471358000000001
6850    2.1690697999999999  0.0098032950000000001  -0.14622402000000001
6851    2.1560678000000002  0.039048195000000001  -0.08773446
6852    2.1560678000000002  0.039048195000000001  -0.029244900000000001
6853    2.1341982000000002  0.088237285999999998  -0.08773446
6854    2.1341982000000002  0.088237285999999998  -0.029244900000000001
6855    2.1690697999999999  0.0098032950000000001  -0.08773446
6856    2.1690697999999999  0.0098032950000000001  -0.029244900000000001
6857    2.1138205999999999  0.13406968  -0.20471358000000001
6858    2.1138205999999999  0.13406968  -0.14622402000000001
6859    2.1138205999999999  0.13406968  -0.08773446
6860    2.1138205999999999  0.13406968  -0.029244900000000001
6861    2.3815336  0.033186436  -0.30000186000000001
6862    2.3811836  0.031991720000000001  -0.26320314
6863    2.3971748000000002  0.060887574999999999  -0.30000186000000001
6864    2.3973498000000002  0.061152696999999999  -0.26320314
6865    2.4281383000000001  0.029747724999999999  -0.30000186000000001
6866    2.4222250000000001  0.093106030000000006  -0.30000186000000001
6867    2.4222239999999999  0.093105315999999994  -0.26320314
6868    2.4726490000000001  0.033205032000000002  -0.30000162000000002
6869    2.4726490000000001  0.033205032000000002  -0.26320314
6870    2.480648  0.11507273  -0.30000186000000001
6871    2.4857149999999999  0.116089344  -0.26320314
6872    2.5447109999999999  0.041303872999999998  -0.30000186000000001
6873    2.5398903000000002  0.041632414  -0.26320314
6874    2.5424123000000001  0.118489504  -0.30000186000000001
6875    2.5390277000000001  0.11862492600000001  -0.26320314
6876    2.3811836  0.031991720000000001  -0.20471358000000001
6877    2.3811836  0.031991720000000001  -0.14622402000000001
6878    2.3973498000000002  0.061152696999999999  -0.20471358000000001
6879    2.3973498000000002  0.061152696999999999  -0.14622402000000001
6880    2.4222239999999999  0.093105315999999994  -0.20471358000000001
6881    2.4222239999999999  0.093105315999999994  -0.14622402000000001
6882    2.3811836  0.031991720000000001  -0.08773446
6883    2.3811836  0.031991720000000001  -0.029244900000000001
6884    2.3973498000000002  0.061152696999999999  -0.08773446
6885    2.3973498000000002  0.061152696999999999  -0.029244900000000001
6886    2.4222239999999999  0.093105315999999994  -0.08773446
6887    2.4222239999999999  0.093105315999999994  -0.029244900000000001
6888    2.4726490000000001  0.033205032000000002  -0.20471358000000001
6889    2.4726490000000001  0.033205032000000002  -0.14622402000000001
6890    2.4857149999999999  0.116089344  -0.20471358000000001
6891    2.4857149999999999  0.116089344  -0.14622402000000001
6892    2.5398903000000002  0.041632414  -0.20471358000000001
6893    2.5398903000000002  0.041632414  -0.14622402000000001
6894    2.5390277000000001  0.11862492600000001  -0.20471358000000001
6895    2.5390277000000001  0.11862492600000001  -0.14622402000000001
6896    2.4726490000000001  0.033205032000000002  -0.08773446
6897    2.4726490000000001  0.033205032000000002  -0.029244900000000001
6898    2.4857149999999999  0.116089344  -0.08773446
6899    2.4857149999999999  0.116089344  -0.029244900000000001
6900    2.5398903000000002  0.041632414  -0.08773446
6901    2.5398903000000002  0.041632414  -0.029244900000000001
6902    2.5390277000000001  0.11862492600000001  -0.08773446
6903    2.5390277000000001  0.11862492600000001  -0.029244900000000001
6904    2.5983356999999998  0.026114702  -0.30000186000000001
6905    2.6048898999999999  0.023559093  -0.26320314
6906    2.6108593999999998  0.10366607  -0.30000186000000001
6907    2.6045375000000002  0.10567760499999999  -0.26320314
6908    2.6587915  -0.0061376095000000002  -0.30000186000000001
6909    2.6587934  -0.0061392783999999999  -0.26320314
6910    2.6588191999999999  0.081918000000000005  -0.30000186000000001
6911    2.6588181999999998  0.081918480000000002  -0.26320314
6912    2.7948189000000001  0.029747724999999999  -0.30000186000000001
6913    2.7948189000000001  0.029747724999999999  -0.26320314
6914    2.7948189000000001  0.108500004  -0.30000186000000001
6915    2.7948189000000001  0.108500004  -0.26320314
6916    2.7923732000000001  0.21290278000000001  -0.30000186000000001
6917    2.7923746  0.21290207  -0.26320314
6918    2.6048898999999999  0.023559093  -0.20471358000000001
6919    2.6048898999999999  0.023559093  -0.14622402000000001
6920    2.6045375000000002  0.10567760499999999  -0.20471358000000001
6921    2.6045375000000002  0.10567760499999999  -0.14622402000000001
6922    2.6587934  -0.0061392783999999999  -0.20471358000000001
6923    2.6587934  -0.0061392783999999999  -0.14622402000000001
6924    2.6588181999999998  0.081918480000000002  -0.20471358000000001
6925    2.6588181999999998  0.081918480000000002  -0.14622402000000001
6926    2.6048898999999999  0.023559093  -0.08773446
6927    2.6048898999999999  0.023559093  -0.029244900000000001
6928    2.6045375000000002  0.10567760499999999  -0.08773446
6929    2.6045375000000002  0.10567760499999999  -0.029244900000000001
6930    2.6587934  -0.0061392783999999999  -0.08773446
6931    2.6587934  -0.0061392783999999999  -0.029244900000000001
6932    2.6588181999999998  0.081918480000000002  -0.08773446
6933    2.6588181999999998  0.081918480000000002  -0.029244900000000001
6934    2.7948189000000001  0.029747724999999999  -0.20471358000000001
6935    2.7948189000000001  0.029747724999999999  -0.14622402000000001
6936    2.7948189000000001  0.108500004  -0.20471358000000001
6937    2.7948189000000001  0.108500004  -0.14622402000000001
6938    2.7948189000000001  0.029747724999999999  -0.08773446
6939    2.7948189000000001  0.029747724999999999  -0.029244900000000001
6940    2.7948189000000001  0.108500004  -0.08773446
6941    2.7948189000000001  0.108500004  -0.029244900000000001
6942    2.7923746  0.21290207  -0.20471358000000001
6943    2.7923746  0.21290207  -0.14622402000000001
6944    2.7923746  0.21290207  -0.08773446
6945    2.7923746  0.21290207  -0.029244900000000001
6946    2.7808980000000001  0.26832032  -0.30000186000000001
6947    2.7808975999999999  0.26832032  -0.26320314
6948    2.7808975999999999  0.26832032  -0.20471358000000001
6949    2.7808975999999999  0.26832032  -0.14622402000000001
6950    2.7808975999999999  0.26832032  -0.08773446
6951    2.7808975999999999  0.26832032  -0.029244900000000001
6952    2.8375653999999999  0.029747724999999999  -0.30000186000000001
6953    2.8375653999999999  0.108500004  -0.30000186000000001
6954    2.8375653999999999  0.108500004  -0.26320314
6955    2.8838172000000002  0.029747724999999999  -0.30000186000000001
6956    2.8838172000000002  0.029747724999999999  -0.26320314
6957    2.8838172000000002  0.108500004  -0.30000186000000001
6958    2.8838172000000002  0.108500004  -0.26320314
6959    2.8398336999999998  0.18074225999999999  -0.30000186000000001
6960    2.8398341999999999  0.18074322000000001  -0.26320314
6961    2.8872643  0.2129221  -0.30000186000000001
6962    2.887267  0.21292423999999999  -0.26320314
6963    3.0327206000000002  0.026685  -0.30000186000000001
6964    3.0255312999999999  0.020831822999999999  -0.26320314
6965    3.0180793000000001  0.082327603999999999  -0.30000186000000001
6966    3.0164485000000001  0.081046103999999994  -0.26320314
6967    2.8375653999999999  0.108500004  -0.20471358000000001
6968    2.8375653999999999  0.108500004  -0.14622402000000001
6969    2.8838172000000002  0.029747724999999999  -0.20471358000000001
6970    2.8838172000000002  0.029747724999999999  -0.14622402000000001
6971    2.8838172000000002  0.108500004  -0.20471358000000001
6972    2.8838172000000002  0.108500004  -0.14622402000000001
6973    2.8375653999999999  0.108500004  -0.08773446
6974    2.8375653999999999  0.108500004  -0.029244900000000001
6975    2.8838172000000002  0.029747724999999999  -0.08773446
6976    2.8838172000000002  0.029747724999999999  -0.029244900000000001
6977    2.8838172000000002  0.108500004  -0.08773446
6978    2.8838172000000002  0.108500004  -0.029244900000000001
6979    2.8398341999999999  0.18074322000000001  -0.20471358000000001
6980    2.8398341999999999  0.18074322000000001  -0.14622402000000001
6981    2.887267  0.21292423999999999  -0.20471358000000001
6982    2.887267  0.21292423999999999  -0.14622402000000001
6983    2.8398341999999999  0.18074322000000001  -0.08773446
6984    2.8398341999999999  0.18074322000000001  -0.029244900000000001
6985    2.887267  0.21292423999999999  -0.08773446
6986    2.887267  0.21292423999999999  -0.029244900000000001
6987    3.0255312999999999  0.020831822999999999  -0.20471358000000001
6988    3.0255312999999999  0.020831822999999999  -0.14622402000000001
6989    3.0164485000000001  0.081046103999999994  -0.20471358000000001
6990    3.0164485000000001  0.081046103999999994  -0.14622402000000001
6991    3.0255312999999999  0.020831822999999999  -0.08773446
6992    3.0255312999999999  0.020831822999999999  -0.029244900000000001
6993    3.0164485000000001  0.081046103999999994  -0.08773446
6994    3.0164485000000001  0.081046103999999994  -0.029244900000000001
6995    2.8413724999999999  0.30686116000000002  -0.30000186000000001
6996    2.8413715000000002  0.30686020000000003  -0.26320314
6997    2.8987316999999999  0.26829648  -0.30000186000000001
6998    2.8987340000000001  0.26829553  -0.26320314
6999    2.8413715000000002  0.30686020000000003  -0.20471358000000001
7000    2.8413715000000002  0.30686020000000003  -0.14622402000000001
7001    2.8987340000000001  0.26829553  -0.20471358000000001
7002    2.8987340000000001  0.26829553  -0.14622402000000001
7003    2.8413715000000002  0.30686020000000003  -0.08773446
7004    2.8413715000000002  0.30686020000000003  -0.029244900000000001
7005    2.8987340000000001  0.26829553  -0.08773446
7006    2.8987340000000001  0.26829553  -0.029244900000000001
7007    3.0766249000000001  0.025251388999999999  -0.30000186000000001
7008    3.0737066  0.024061203  -0.26320314
7009    3.0628000000000002  0.10785532  -0.30000186000000001
7010    3.0678535  0.10955405  -0.26320314
7011    3.1303557999999998  0.035346030000000001  -0.30000186000000001
7012    3.1301990000000002  0.03534031  -0.26320314
7013    3.1314378  0.11794615  -0.30000186000000001
7014    3.1340194000000001  0.11805272  -0.26320314
7015    3.1905098000000001  0.027792214999999999  -0.30000162000000002
7016    3.1905103000000001  0.027791738999999999  -0.26320314
7017    3.1943955000000002  0.11428331999999999  -0.30000186000000001
7018    3.1894163999999998  0.11528015  -0.26320314
7019    3.2469926  0.029747724999999999  -0.30000186000000001
7020    3.2552694999999998  0.090866565999999996  -0.30000186000000001
7021    3.2552720000000002  0.090865135  -0.26320314
7022    3.0737066  0.024061203  -0.20471358000000001
7023    3.0737066  0.024061203  -0.14622402000000001
7024    3.0678535  0.10955405  -0.20471358000000001
7025    3.0678535  0.10955405  -0.14622402000000001
7026    3.1301990000000002  0.03534031  -0.20471358000000001
7027    3.1301990000000002  0.03534031  -0.14622402000000001
7028    3.1340194000000001  0.11805272  -0.20471358000000001
7029    3.1340194000000001  0.11805272  -0.14622402000000001
7030    3.0737066  0.024061203  -0.08773446
7031    3.0737066  0.024061203  -0.029244900000000001
7032    3.0678535  0.10955405  -0.08773446
7033    3.0678535  0.10955405  -0.029244900000000001
7034    3.1301990000000002  0.03534031  -0.08773446
7035    3.1301990000000002  0.03534031  -0.029244900000000001
7036    3.1340194000000001  0.11805272  -0.08773446
7037    3.1340194000000001  0.11805272  -0.029244900000000001
7038    3.1905103000000001  0.027791738999999999  -0.20471358000000001
7039    3.1905103000000001  0.027791738999999999  -0.14622402000000001
7040    3.1894163999999998  0.11528015  -0.20471358000000001
7041    3.1894163999999998  0.11528015  -0.14622402000000001
7042    3.2552720000000002  0.090865135  -0.20471358000000001
7043    3.2552720000000002  0.090865135  -0.14622402000000001
7044    3.1905103000000001  0.027791738999999999  -0.08773446
7045    3.1905103000000001  0.027791738999999999  -0.029244900000000001
7046    3.1894163999999998  0.11528015  -0.08773446
7047    3.1894163999999998  0.11528015  -0.029244900000000001
7048    3.2552720000000002  0.090865135  -0.08773446
7049    3.2552720000000002  0.090865135  -0.029244900000000001
7050    3.2959304  0.037143945999999997  -0.30000186000000001
7051    3.2959331999999999  0.037136793000000001  -0.26320314
7052    3.2779588999999998  0.060889006000000002  -0.30000186000000001
7053    3.2778157999999999  0.061078069999999998  -0.26320314
7054    3.2959331999999999  0.037136793000000001  -0.20471358000000001
7055    3.2959331999999999  0.037136793000000001  -0.14622402000000001
7056    3.2778157999999999  0.061078069999999998  -0.20471358000000001
7057    3.2778157999999999  0.061078069999999998  -0.14622402000000001
7058    3.2959331999999999  0.037136793000000001  -0.08773446
7059    3.2959331999999999  0.037136793000000001  -0.029244900000000001
7060    3.2778157999999999  0.061078069999999998  -0.08773446
7061    3.2778157999999999  0.061078069999999998  -0.029244900000000001
7062    0.1808157  0.029747724999999999  0.029244900000000001
7063    0.1808157  0.029747724999999999  0.08773446
7064    0.1808157  0.088237285999999998  0.029244900000000001
7065    0.1808157  0.088237285999999998  0.08773446
7066    0.1808157  0.029747724999999999  0.14622402000000001
7067    0.1808157  0.029747724999999999  0.20471358000000001
7068    0.1808157  0.088237285999999998  0.14622402000000001
7069    0.1808157  0.088237285999999998  0.20471358000000001
7070    0.1808157  0.14672684999999999  0.029244900000000001
7071    0.1808157  0.14672684999999999  0.08773446
7072    0.1808157  0.20521640999999999  0.029244900000000001
7073    0.1808157  0.20521640999999999  0.08773446
7074    0.1808157  0.14672684999999999  0.14622402000000001
7075    0.1808157  0.14672684999999999  0.20471358000000001
7076    0.1808157  0.20521640999999999  0.14622402000000001
7077    0.1808157  0.20521640999999999  0.20471358000000001
7078    0.1808157  0.029747724999999999  0.26320314
7079    0.1808157  0.029747724999999999  0.29999494999999998
7080    0.1808157  0.088237285999999998  0.26320314
7081    0.1808157  0.088237285999999998  0.29999494999999998
7082    0.1808157  0.14672684999999999  0.26320314
7083    0.1808157  0.14672684999999999  0.29999494999999998
7084    0.1808157  0.20521640999999999  0.26320314
7085    0.1808157  0.20521640999999999  0.29999494999999998
7086    0.1808157  0.26370597000000001  0.029244900000000001
7087    0.1808157  0.26370597000000001  0.08773446
7088    0.1808157  0.34150146999999997  0.029244900000000001
7089    0.1808157  0.34150146999999997  0.08773446
7090    0.1808157  0.26370597000000001  0.14622402000000001
7091    0.1808157  0.26370597000000001  0.20471358000000001
7092    0.1808157  0.34150146999999997  0.14622402000000001
7093    0.1808157  0.34150146999999997  0.20471358000000001
7094    0.1808157  0.26370597000000001  0.26320314
7095    0.1808157  0.26370597000000001  0.29999494999999998
7096    0.1808157  0.34150146999999997  0.26320314
7097    0.1808157  0.34150146999999997  0.29999494999999998
7098    0.27881718  0.042499304000000002  0.029244900000000001
7099    0.27881718  0.042499304000000002  0.08773446
7100    0.27881718  0.088237285999999998  0.029244900000000001
7101    0.27881718  0.088237285999999998  0.08773446
7102    0.3225131  0.042499304000000002  0.029244900000000001
7103    0.3225131  0.042499304000000002  0.08773446
7104    0.27881718  0.042499304000000002  0.14622402000000001
7105    0.27881718  0.042499304000000002  0.20471358000000001
7106    0.27881718  0.088237285999999998  0.14622402000000001
7107    0.27881718  0.088237285999999998  0.20471358000000001
7108    0.3225131  0.042499304000000002  0.14622402000000001
7109    0.3225131  0.042499304000000002  0.20471358000000001
7110    0.27881718  0.14672684999999999  0.029244900000000001
7111    0.27881718  0.14672684999999999  0.08773446
7112    0.27881718  0.20521640999999999  0.029244900000000001
7113    0.27881718  0.20521640999999999  0.08773446
7114    0.27881718  0.14672684999999999  0.14622402000000001
7115    0.27881718  0.14672684999999999  0.20471358000000001
7116    0.27881718  0.20521640999999999  0.14622402000000001
7117    0.27881718  0.20521640999999999  0.20471358000000001
7118    0.38115406000000002  0.040999173999999999  0.029244900000000001
7119    0.38115406000000002  0.040999173999999999  0.08773446
7120    0.4406371  0.048110485000000001  0.029244900000000001
7121    0.4406371  0.048110485000000001  0.08773446
7122    0.46474648000000002  0.061279060000000003  0.029244900000000001
7123    0.46474648000000002  0.061279060000000003  0.08773446
7124    0.38115406000000002  0.040999173999999999  0.14622402000000001
7125    0.38115406000000002  0.040999173999999999  0.20471358000000001
7126    0.4406371  0.048110485000000001  0.14622402000000001
7127    0.4406371  0.048110485000000001  0.20471358000000001
7128    0.46474648000000002  0.061279060000000003  0.14622402000000001
7129    0.46474648000000002  0.061279060000000003  0.20471358000000001
7130    0.46842957000000002  0.2342515  0.029244900000000001
7131    0.46842957000000002  0.2342515  0.08773446
7132    0.46842957000000002  0.2342515  0.14622402000000001
7133    0.46842957000000002  0.2342515  0.20471358000000001
7134    0.27881718  0.042499304000000002  0.26320314
7135    0.27881718  0.042499304000000002  0.29999494999999998
7136    0.27881718  0.088237285999999998  0.26320314
7137    0.27881718  0.088237285999999998  0.29999494999999998
7138    0.3225131  0.042499304000000002  0.26320314
7139    0.3225131  0.042499304000000002  0.29999494999999998
7140    0.27881718  0.14672684999999999  0.26320314
7141    0.27881718  0.14672684999999999  0.29999494999999998
7142    0.27881718  0.20521640999999999  0.26320314
7143    0.27881718  0.20521640999999999  0.29999494999999998
7144    0.38115406000000002  0.040999173999999999  0.26320314
7145    0.37962580000000001  0.040889263000000002  0.29999494999999998
7146    0.4406371  0.048110485000000001  0.26320314
7147    0.43866490000000002  0.047448160000000003  0.29999494999999998
7148    0.46474648000000002  0.061279060000000003  0.26320314
7149    0.46533632000000003  0.061660529999999998  0.29999494999999998
7150    0.46842957000000002  0.2342515  0.26320314
7151    0.46846675999999998  0.23422646999999999  0.29999494999999998
7152    0.27881718  0.25349592999999998  0.029244900000000001
7153    0.27881718  0.25349592999999998  0.08773446
7154    0.26402330000000002  0.34150146999999997  0.029244900000000001
7155    0.26402330000000002  0.34150146999999997  0.08773446
7156    0.3225131  0.25349592999999998  0.029244900000000001
7157    0.3225131  0.25349592999999998  0.08773446
7158    0.3225131  0.34150146999999997  0.029244900000000001
7159    0.3225131  0.34150146999999997  0.08773446
7160    0.27881718  0.25349592999999998  0.14622402000000001
7161    0.27881718  0.25349592999999998  0.20471358000000001
7162    0.26402330000000002  0.34150146999999997  0.14622402000000001
7163    0.26402330000000002  0.34150146999999997  0.20471358000000001
7164    0.3225131  0.25349592999999998  0.14622402000000001
7165    0.3225131  0.25349592999999998  0.20471358000000001
7166    0.3225131  0.34150146999999997  0.14622402000000001
7167    0.3225131  0.34150146999999997  0.20471358000000001
7168    0.38102197999999998  0.25382613999999998  0.029244900000000001
7169    0.38102197999999998  0.25382613999999998  0.08773446
7170    0.38102101999999999  0.34182572  0.029244900000000001
7171    0.38102101999999999  0.34182572  0.08773446
7172    0.44397639999999999  0.25090121999999998  0.029244900000000001
7173    0.44397639999999999  0.25090121999999998  0.08773446
7174    0.44006394999999998  0.33994173999999999  0.029244900000000001
7175    0.44006394999999998  0.33994173999999999  0.08773446
7176    0.38102197999999998  0.25382613999999998  0.14622402000000001
7177    0.38102197999999998  0.25382613999999998  0.20471358000000001
7178    0.38102101999999999  0.34182572  0.14622402000000001
7179    0.38102101999999999  0.34182572  0.20471358000000001
7180    0.44397639999999999  0.25090121999999998  0.14622402000000001
7181    0.44397639999999999  0.25090121999999998  0.20471358000000001
7182    0.44006394999999998  0.33994173999999999  0.14622402000000001
7183    0.44006394999999998  0.33994173999999999  0.20471358000000001
7184    0.27881718  0.25349592999999998  0.26320314
7185    0.27881718  0.25349592999999998  0.29999494999999998
7186    0.26402330000000002  0.34150146999999997  0.26320314
7187    0.26402330000000002  0.34150146999999997  0.29999494999999998
7188    0.3225131  0.25349592999999998  0.26320314
7189    0.3225131  0.25349592999999998  0.29999494999999998
7190    0.3225131  0.34150146999999997  0.26320314
7191    0.3225131  0.34150146999999997  0.29999494999999998
7192    0.38102197999999998  0.25382613999999998  0.26320314
7193    0.38050652000000001  0.25383997000000003  0.29999494999999998
7194    0.38102101999999999  0.34182572  0.26320314
7195    0.381629  0.34181  0.29999494999999998
7196    0.44397639999999999  0.25090121999999998  0.26320314
7197    0.44397880000000001  0.25090075000000001  0.29999494999999998
7198    0.44006394999999998  0.33994173999999999  0.26320314
7199    0.44363117000000002  0.33934187999999998  0.29999494999999998
7200    0.49436616999999999  0.083414790000000003  0.029244900000000001
7201    0.49436616999999999  0.083414790000000003  0.08773446
7202    0.56792399999999998  0.020712614000000001  0.029244900000000001
7203    0.56792399999999998  0.020712614000000001  0.08773446
7204    0.49436616999999999  0.083414790000000003  0.14622402000000001
7205    0.49436616999999999  0.083414790000000003  0.20471358000000001
7206    0.56792399999999998  0.020712614000000001  0.14622402000000001
7207    0.56792399999999998  0.020712614000000001  0.20471358000000001
7208    0.5151057  0.14500260000000001  0.029244900000000001
7209    0.5151057  0.14500260000000001  0.08773446
7210    0.49691105000000002  0.2148583  0.029244900000000001
7211    0.49691105000000002  0.2148583  0.08773446
7212    0.5151057  0.14500260000000001  0.14622402000000001
7213    0.5151057  0.14500260000000001  0.20471358000000001
7214    0.49691105000000002  0.2148583  0.14622402000000001
7215    0.49691105000000002  0.2148583  0.20471358000000001
7216    0.58900355999999998  0.053043604000000001  0.029244900000000001
7217    0.58900355999999998  0.053043604000000001  0.08773446
7218    0.60423325999999999  0.086921214999999996  0.029244900000000001
7219    0.60423325999999999  0.086921214999999996  0.08773446
7220    0.58900355999999998  0.053043604000000001  0.14622402000000001
7221    0.58900355999999998  0.053043604000000001  0.20471358000000001
7222    0.60423325999999999  0.086921214999999996  0.14622402000000001
7223    0.60423325999999999  0.086921214999999996  0.20471358000000001
7224    0.61397265999999995  0.14494419  0.029244900000000001
7225    0.61397265999999995  0.14494419  0.08773446
7226    0.60415890000000005  0.20635510000000001  0.029244900000000001
7227    0.60415890000000005  0.20635510000000001  0.08773446
7228    0.61397265999999995  0.14494419  0.14622402000000001
7229    0.61397265999999995  0.14494419  0.20471358000000001
7230    0.60415890000000005  0.20635510000000001  0.14622402000000001
7231    0.60415890000000005  0.20635510000000001  0.20471358000000001
7232    0.49798155  0.029747724999999999  0.29999494999999998
7233    0.49436616999999999  0.083414790000000003  0.26320314
7234    0.49436521999999999  0.083413360000000006  0.29999494999999998
7235    0.56792399999999998  0.020712614000000001  0.26320314
7236    0.56756589999999996  0.02033186  0.29999494999999998
7237    0.55647135000000003  0.088237285999999998  0.29999494999999998
7238    0.5151057  0.14500260000000001  0.26320314
7239    0.51510619999999996  0.14500260000000001  0.29999494999999998
7240    0.49691105000000002  0.2148583  0.26320314
7241    0.49691105000000002  0.2148583  0.29999494999999998
7242    0.55647135000000003  0.14672684999999999  0.29999494999999998
7243    0.55647135000000003  0.20521640999999999  0.29999494999999998
7244    0.58900355999999998  0.053043604000000001  0.26320314
7245    0.58958816999999997  0.054043055  0.29999494999999998
7246    0.60423325999999999  0.086921214999999996  0.26320314
7247    0.60352707000000005  0.084771630000000001  0.29999494999999998
7248    0.61397265999999995  0.14494419  0.26320314
7249    0.61398220000000003  0.14662360999999999  0.29999494999999998
7250    0.60415890000000005  0.20635510000000001  0.26320314
7251    0.60353564999999998  0.20840216  0.29999494999999998
7252    0.49978495000000001  0.32415509999999997  0.029244900000000001
7253    0.49978495000000001  0.32415509999999997  0.08773446
7254    0.57008979999999998  0.27308392999999997  0.029244900000000001
7255    0.57008979999999998  0.27308392999999997  0.08773446
7256    0.53804015999999999  0.30115769999999997  0.029244900000000001
7257    0.53804015999999999  0.30115769999999997  0.08773446
7258    0.49978495000000001  0.32415509999999997  0.14622402000000001
7259    0.49978495000000001  0.32415509999999997  0.20471358000000001
7260    0.57008979999999998  0.27308392999999997  0.14622402000000001
7261    0.57008979999999998  0.27308392999999997  0.20471358000000001
7262    0.53804015999999999  0.30115769999999997  0.14622402000000001
7263    0.53804015999999999  0.30115769999999997  0.20471358000000001
7264    0.58935930000000003  0.2411673  0.029244900000000001
7265    0.58935930000000003  0.2411673  0.08773446
7266    0.58935930000000003  0.2411673  0.14622402000000001
7267    0.58935930000000003  0.2411673  0.20471358000000001
7268    0.49798155  0.26370597000000001  0.29999494999999998
7269    0.49978495000000001  0.32415509999999997  0.26320314
7270    0.50485469999999999  0.32188440000000001  0.29999494999999998
7271    0.57008979999999998  0.27308392999999997  0.26320314
7272    0.56976079999999996  0.27346443999999998  0.29999494999999998
7273    0.53804015999999999  0.30115769999999997  0.26320314
7274    0.53700495000000004  0.30191826999999999  0.29999494999999998
7275    0.58935930000000003  0.2411673  0.26320314
7276    0.59002019999999999  0.23994183999999999  0.29999494999999998
7277    0.70581530000000003  0.029747724999999999  0.029244900000000001
7278    0.70581530000000003  0.029747724999999999  0.08773446
7279    0.70581530000000003  0.088237285999999998  0.029244900000000001
7280    0.70581530000000003  0.088237285999999998  0.08773446
7281    0.8038168  0.044498443999999998  0.029244900000000001
7282    0.8038168  0.044498443999999998  0.08773446
7283    0.8038168  0.088237285999999998  0.029244900000000001
7284    0.8038168  0.088237285999999998  0.08773446
7285    0.70581530000000003  0.029747724999999999  0.14622402000000001
7286    0.70581530000000003  0.029747724999999999  0.20471358000000001
7287    0.70581530000000003  0.088237285999999998  0.14622402000000001
7288    0.70581530000000003  0.088237285999999998  0.20471358000000001
7289    0.8038168  0.044498443999999998  0.14622402000000001
7290    0.8038168  0.044498443999999998  0.20471358000000001
7291    0.8038168  0.088237285999999998  0.14622402000000001
7292    0.8038168  0.088237285999999998  0.20471358000000001
7293    0.70581530000000003  0.14672684999999999  0.029244900000000001
7294    0.70581530000000003  0.14672684999999999  0.08773446
7295    0.70581530000000003  0.20521640999999999  0.029244900000000001
7296    0.70581530000000003  0.20521640999999999  0.08773446
7297    0.8038168  0.14672684999999999  0.029244900000000001
7298    0.8038168  0.14672684999999999  0.08773446
7299    0.8038168  0.20521640999999999  0.029244900000000001
7300    0.8038168  0.20521640999999999  0.08773446
7301    0.70581530000000003  0.14672684999999999  0.14622402000000001
7302    0.70581530000000003  0.14672684999999999  0.20471358000000001
7303    0.70581530000000003  0.20521640999999999  0.14622402000000001
7304    0.70581530000000003  0.20521640999999999  0.20471358000000001
7305    0.8038168  0.14672684999999999  0.14622402000000001
7306    0.8038168  0.14672684999999999  0.20471358000000001
7307    0.8038168  0.20521640999999999  0.14622402000000001
7308    0.8038168  0.20521640999999999  0.20471358000000001
7309    0.84891939999999999  0.044498443999999998  0.029244900000000001
7310    0.84891939999999999  0.044498443999999998  0.08773446
7311    0.90740869999999996  0.044498443999999998  0.029244900000000001
7312    0.90740869999999996  0.044498443999999998  0.08773446
7313    0.84891939999999999  0.044498443999999998  0.14622402000000001
7314    0.84891939999999999  0.044498443999999998  0.20471358000000001
7315    0.90740869999999996  0.044498443999999998  0.14622402000000001
7316    0.90740869999999996  0.044498443999999998  0.20471358000000001
7317    0.70581530000000003  0.029747724999999999  0.26320314
7318    0.70581530000000003  0.029747724999999999  0.29999494999999998
7319    0.70581530000000003  0.088237285999999998  0.26320314
7320    0.70581530000000003  0.088237285999999998  0.29999494999999998
7321    0.8038168  0.044498443999999998  0.26320314
7322    0.8038168  0.044498443999999998  0.29999494999999998
7323    0.8038168  0.088237285999999998  0.26320314
7324    0.8038168  0.088237285999999998  0.29999494999999998
7325    0.70581530000000003  0.14672684999999999  0.26320314
7326    0.70581530000000003  0.14672684999999999  0.29999494999999998
7327    0.70581530000000003  0.20521640999999999  0.26320314
7328    0.70581530000000003  0.20521640999999999  0.29999494999999998
7329    0.8038168  0.14672684999999999  0.26320314
7330    0.8038168  0.14672684999999999  0.29999494999999998
7331    0.8038168  0.20521640999999999  0.26320314
7332    0.8038168  0.20521640999999999  0.29999494999999998
7333    0.84891939999999999  0.044498443999999998  0.26320314
7334    0.84891939999999999  0.044498443999999998  0.29999494999999998
7335    0.90740869999999996  0.044498443999999998  0.26320314
7336    0.90740869999999996  0.044498443999999998  0.29999494999999998
7337    0.70581530000000003  0.26370597000000001  0.029244900000000001
7338    0.70581530000000003  0.26370597000000001  0.08773446
7339    0.70581530000000003  0.34150146999999997  0.029244900000000001
7340    0.70581530000000003  0.34150146999999997  0.08773446
7341    0.8038168  0.26370597000000001  0.029244900000000001
7342    0.8038168  0.26370597000000001  0.08773446
7343    0.8038168  0.34150146999999997  0.029244900000000001
7344    0.8038168  0.34150146999999997  0.08773446
7345    0.70581530000000003  0.26370597000000001  0.14622402000000001
7346    0.70581530000000003  0.26370597000000001  0.20471358000000001
7347    0.70581530000000003  0.34150146999999997  0.14622402000000001
7348    0.70581530000000003  0.34150146999999997  0.20471358000000001
7349    0.8038168  0.26370597000000001  0.14622402000000001
7350    0.8038168  0.26370597000000001  0.20471358000000001
7351    0.8038168  0.34150146999999997  0.14622402000000001
7352    0.8038168  0.34150146999999997  0.20471358000000001
7353    0.70581530000000003  0.26370597000000001  0.26320314
7354    0.70581530000000003  0.26370597000000001  0.29999494999999998
7355    0.70581530000000003  0.34150146999999997  0.26320314
7356    0.70581530000000003  0.34150146999999997  0.29999494999999998
7357    0.8038168  0.26370597000000001  0.26320314
7358    0.8038168  0.26370597000000001  0.29999494999999998
7359    0.8038168  0.34150146999999997  0.26320314
7360    0.8038168  0.34150146999999997  0.29999494999999998
7361    0.96589849999999999  0.044498443999999998  0.029244900000000001
7362    0.96589849999999999  0.044498443999999998  0.08773446
7363    1.0243878  0.044498443999999998  0.029244900000000001
7364    1.0243878  0.044498443999999998  0.08773446
7365    0.96589849999999999  0.044498443999999998  0.14622402000000001
7366    0.96589849999999999  0.044498443999999998  0.20471358000000001
7367    1.0243878  0.044498443999999998  0.14622402000000001
7368    1.0243878  0.044498443999999998  0.20471358000000001
7369    1.0828776  0.044498443999999998  0.029244900000000001
7370    1.0828776  0.044498443999999998  0.08773446
7371    1.141367  0.044498443999999998  0.029244900000000001
7372    1.141367  0.044498443999999998  0.08773446
7373    1.0828776  0.044498443999999998  0.14622402000000001
7374    1.0828776  0.044498443999999998  0.20471358000000001
7375    1.141367  0.044498443999999998  0.14622402000000001
7376    1.141367  0.044498443999999998  0.20471358000000001
7377    0.96589849999999999  0.044498443999999998  0.26320314
7378    0.96589849999999999  0.044498443999999998  0.29999494999999998
7379    1.0243878  0.044498443999999998  0.26320314
7380    1.0243878  0.044498443999999998  0.29999494999999998
7381    1.0828776  0.044498443999999998  0.26320314
7382    1.0828776  0.044498443999999998  0.29999494999999998
7383    1.141367  0.044498443999999998  0.26320314
7384    1.141367  0.044498443999999998  0.29999494999999998
7385    1.1858196000000001  0.044498443999999998  0.029244900000000001
7386    1.1858196000000001  0.044498443999999998  0.08773446
7387    1.1858196000000001  0.088237285999999998  0.029244900000000001
7388    1.1858196000000001  0.088237285999999998  0.08773446
7389    1.283814  0.029747724999999999  0.029244900000000001
7390    1.283814  0.029747724999999999  0.08773446
7391    1.283814  0.088237285999999998  0.029244900000000001
7392    1.283814  0.088237285999999998  0.08773446
7393    1.1858196000000001  0.044498443999999998  0.14622402000000001
7394    1.1858196000000001  0.044498443999999998  0.20471358000000001
7395    1.1858196000000001  0.088237285999999998  0.14622402000000001
7396    1.1858196000000001  0.088237285999999998  0.20471358000000001
7397    1.283814  0.029747724999999999  0.14622402000000001
7398    1.283814  0.029747724999999999  0.20471358000000001
7399    1.283814  0.088237285999999998  0.14622402000000001
7400    1.283814  0.088237285999999998  0.20471358000000001
7401    1.1858196000000001  0.14672684999999999  0.029244900000000001
7402    1.1858196000000001  0.14672684999999999  0.08773446
7403    1.1858196000000001  0.20521640999999999  0.029244900000000001
7404    1.1858196000000001  0.20521640999999999  0.08773446
7405    1.283814  0.14672684999999999  0.029244900000000001
7406    1.283814  0.14672684999999999  0.08773446
7407    1.283814  0.20521640999999999  0.029244900000000001
7408    1.283814  0.20521640999999999  0.08773446
7409    1.1858196000000001  0.14672684999999999  0.14622402000000001
7410    1.1858196000000001  0.14672684999999999  0.20471358000000001
7411    1.1858196000000001  0.20521640999999999  0.14622402000000001
7412    1.1858196000000001  0.20521640999999999  0.20471358000000001
7413    1.283814  0.14672684999999999  0.14622402000000001
7414    1.283814  0.14672684999999999  0.20471358000000001
7415    1.283814  0.20521640999999999  0.14622402000000001
7416    1.283814  0.20521640999999999  0.20471358000000001
7417    1.1858196000000001  0.044498443999999998  0.26320314
7418    1.1858196000000001  0.044498443999999998  0.29999494999999998
7419    1.1858196000000001  0.088237285999999998  0.26320314
7420    1.1858196000000001  0.088237285999999998  0.29999494999999998
7421    1.283814  0.029747724999999999  0.26320314
7422    1.283814  0.029747724999999999  0.29999494999999998
7423    1.283814  0.088237285999999998  0.26320314
7424    1.283814  0.088237285999999998  0.29999494999999998
7425    1.1858196000000001  0.14672684999999999  0.26320314
7426    1.1858196000000001  0.14672684999999999  0.29999494999999998
7427    1.1858196000000001  0.20521640999999999  0.26320314
7428    1.1858196000000001  0.20521640999999999  0.29999494999999998
7429    1.283814  0.14672684999999999  0.26320314
7430    1.283814  0.14672684999999999  0.29999494999999998
7431    1.283814  0.20521640999999999  0.26320314
7432    1.283814  0.20521640999999999  0.29999494999999998
7433    1.1858196000000001  0.26370597000000001  0.029244900000000001
7434    1.1858196000000001  0.26370597000000001  0.08773446
7435    1.1858196000000001  0.34150146999999997  0.029244900000000001
7436    1.1858196000000001  0.34150146999999997  0.08773446
7437    1.283814  0.26370597000000001  0.029244900000000001
7438    1.283814  0.26370597000000001  0.08773446
7439    1.283814  0.34150146999999997  0.029244900000000001
7440    1.283814  0.34150146999999997  0.08773446
7441    1.1858196000000001  0.26370597000000001  0.14622402000000001
7442    1.1858196000000001  0.26370597000000001  0.20471358000000001
7443    1.1858196000000001  0.34150146999999997  0.14622402000000001
7444    1.1858196000000001  0.34150146999999997  0.20471358000000001
7445    1.283814  0.26370597000000001  0.14622402000000001
7446    1.283814  0.26370597000000001  0.20471358000000001
7447    1.283814  0.34150146999999997  0.14622402000000001
7448    1.283814  0.34150146999999997  0.20471358000000001
7449    1.1858196000000001  0.26370597000000001  0.26320314
7450    1.1858196000000001  0.26370597000000001  0.29999494999999998
7451    1.1858196000000001  0.34150146999999997  0.26320314
7452    1.1858196000000001  0.34150146999999997  0.29999494999999998
7453    1.283814  0.26370597000000001  0.26320314
7454    1.283814  0.26370597000000001  0.29999494999999998
7455    1.283814  0.34150146999999997  0.26320314
7456    1.283814  0.34150146999999997  0.29999494999999998
7457    1.8087301  0.0128343105  0.029244900000000001
7458    1.8087301  0.0128343105  0.08773446
7459    1.8212214  0.042078971999999999  0.029244900000000001
7460    1.8212214  0.042078971999999999  0.08773446
7461    1.8409367000000001  0.088237285999999998  0.029244900000000001
7462    1.8409367000000001  0.088237285999999998  0.08773446
7463    1.8087301  0.0128343105  0.14622402000000001
7464    1.8087301  0.0128343105  0.20471358000000001
7465    1.8212214  0.042078971999999999  0.14622402000000001
7466    1.8212214  0.042078971999999999  0.20471358000000001
7467    1.8409367000000001  0.088237285999999998  0.14622402000000001
7468    1.8409367000000001  0.088237285999999998  0.20471358000000001
7469    1.862957  0.13979411  0.029244900000000001
7470    1.862957  0.13979411  0.08773446
7471    1.862957  0.13979411  0.14622402000000001
7472    1.862957  0.13979411  0.20471358000000001
7473    1.8087301  0.0128343105  0.26320314
7474    1.8075161  0.0099921230000000003  0.29999494999999998
7475    1.8212214  0.042078971999999999  0.26320314
7476    1.819377  0.037760257999999998  0.29999494999999998
7477    1.8409367000000001  0.088237285999999998  0.26320314
7478    1.8433704  0.093935729999999995  0.29999494999999998
7479    1.862957  0.13979411  0.26320314
7480    1.8607606999999999  0.13465166000000001  0.29999494999999998
7481    1.9153713999999999  0.029747724999999999  0.029244900000000001
7482    1.9153713999999999  0.029747724999999999  0.08773446
7483    1.9292121  0.063264609999999999  0.029244900000000001
7484    1.9292121  0.063264609999999999  0.08773446
7485    1.941289  0.092509985000000003  0.029244900000000001
7486    1.941289  0.092509985000000003  0.08773446
7487    1.9153713999999999  0.029747724999999999  0.14622402000000001
7488    1.9153713999999999  0.029747724999999999  0.20471358000000001
7489    1.9292121  0.063264609999999999  0.14622402000000001
7490    1.9292121  0.063264609999999999  0.20471358000000001
7491    1.941289  0.092509985000000003  0.14622402000000001
7492    1.941289  0.092509985000000003  0.20471358000000001
7493    1.8754481999999999  0.16903877  0.029244900000000001
7494    1.8754481999999999  0.16903877  0.08773446
7495    1.8909001000000001  0.20521640999999999  0.029244900000000001
7496    1.8909001000000001  0.20521640999999999  0.08773446
7497    1.9636779  0.14672684999999999  0.029244900000000001
7498    1.9636779  0.14672684999999999  0.08773446
7499    1.9838180000000001  0.19549917999999999  0.029244900000000001
7500    1.9838180000000001  0.19549917999999999  0.08773446
7501    1.8754481999999999  0.16903877  0.14622402000000001
7502    1.8754481999999999  0.16903877  0.20471358000000001
7503    1.8909001000000001  0.20521640999999999  0.14622402000000001
7504    1.8909001000000001  0.20521640999999999  0.20471358000000001
7505    1.9636779  0.14672684999999999  0.14622402000000001
7506    1.9636779  0.14672684999999999  0.20471358000000001
7507    1.9838180000000001  0.19549917999999999  0.14622402000000001
7508    1.9838180000000001  0.19549917999999999  0.20471358000000001
7509    2.0462818  0.055234194  0.029244900000000001
7510    2.0462818  0.055234194  0.08773446
7511    2.0315846999999998  0.088237285999999998  0.029244900000000001
7512    2.0315846999999998  0.088237285999999998  0.08773446
7513    2.0593056999999999  0.025989294  0.029244900000000001
7514    2.0593056999999999  0.025989294  0.08773446
7515    2.0462818  0.055234194  0.14622402000000001
7516    2.0462818  0.055234194  0.20471358000000001
7517    2.0315846999999998  0.088237285999999998  0.14622402000000001
7518    2.0315846999999998  0.088237285999999998  0.20471358000000001
7519    2.0593056999999999  0.025989294  0.14622402000000001
7520    2.0593056999999999  0.025989294  0.20471358000000001
7521    2.0055375  0.14672684999999999  0.029244900000000001
7522    2.0055375  0.14672684999999999  0.08773446
7523    1.9909901999999999  0.17939425000000001  0.029244900000000001
7524    1.9909901999999999  0.17939425000000001  0.08773446
7525    2.1008182  0.16331434  0.029244900000000001
7526    2.1008182  0.16331434  0.08773446
7527    2.0821885999999998  0.20521640999999999  0.029244900000000001
7528    2.0821885999999998  0.20521640999999999  0.08773446
7529    2.0055375  0.14672684999999999  0.14622402000000001
7530    2.0055375  0.14672684999999999  0.20471358000000001
7531    1.9909901999999999  0.17939425000000001  0.14622402000000001
7532    1.9909901999999999  0.17939425000000001  0.20471358000000001
7533    2.1008182  0.16331434  0.14622402000000001
7534    2.1008182  0.16331434  0.20471358000000001
7535    2.0821885999999998  0.20521640999999999  0.14622402000000001
7536    2.0821885999999998  0.20521640999999999  0.20471358000000001
7537    1.9153713999999999  0.029747724999999999  0.26320314
7538    1.9122481  0.022182941000000001  0.29999494999999998
7539    1.9292121  0.063264609999999999  0.26320314
7540    1.9333072  0.073181869999999996  0.29999494999999998
7541    1.941289  0.092509985000000003  0.26320314
7542    1.9437245999999999  0.098408460000000003  0.29999494999999998
7543    1.8754481999999999  0.16903877  0.26320314
7544    1.8718357000000001  0.16057991999999999  0.29999494999999998
7545    1.8909001000000001  0.20521640999999999  0.26320314
7546    1.8939923999999999  0.21245432  0.29999494999999998
7547    1.9636779  0.14672684999999999  0.26320314
7548    1.9612961  0.14095831  0.29999494999999998
7549    1.9838180000000001  0.19549917999999999  0.26320314
7550    1.9838184999999999  0.19549917999999999  0.29999494999999998
7551    2.0462818  0.055234194  0.26320314
7552    2.0459094000000002  0.056072234999999998  0.29999494999999998
7553    2.0315846999999998  0.088237285999999998  0.26320314
7554    2.0329404000000002  0.08519554  0.29999494999999998
7555    2.0593056999999999  0.025989294  0.26320314
7556    2.0590386000000001  0.026588201999999998  0.29999494999999998
7557    2.0772004000000002  0.088237285999999998  0.29999494999999998
7558    2.0055375  0.14672684999999999  0.26320314
7559    2.0090474999999999  0.13884497000000001  0.29999494999999998
7560    1.9909901999999999  0.17939425000000001  0.26320314
7561    1.9867797  0.18885015999999999  0.29999494999999998
7562    2.1008182  0.16331434  0.26320314
7563    2.1033802000000001  0.15755295999999999  0.29999494999999998
7564    2.0821885999999998  0.20521640999999999  0.26320314
7565    2.0793632999999998  0.21157049999999999  0.29999494999999998
7566    1.9158820999999999  0.26370597000000001  0.029244900000000001
7567    1.9158820999999999  0.26370597000000001  0.08773446
7568    1.9296751000000001  0.29599832999999998  0.029244900000000001
7569    1.9296751000000001  0.29599832999999998  0.08773446
7570    1.9508181  0.34550023000000002  0.029244900000000001
7571    1.9508181  0.34550023000000002  0.08773446
7572    1.9158820999999999  0.26370597000000001  0.14622402000000001
7573    1.9158820999999999  0.26370597000000001  0.20471358000000001
7574    1.9296751000000001  0.29599832999999998  0.14622402000000001
7575    1.9296751000000001  0.29599832999999998  0.20471358000000001
7576    1.9508181  0.34550023000000002  0.14622402000000001
7577    1.9508181  0.34550023000000002  0.20471358000000001
7578    2.045569  0.28758168000000001  0.029244900000000001
7579    2.045569  0.28758168000000001  0.08773446
7580    2.0198182999999998  0.34549974999999999  0.029244900000000001
7581    2.0198182999999998  0.34549974999999999  0.08773446
7582    2.0585713000000001  0.25833677999999999  0.029244900000000001
7583    2.0585713000000001  0.25833677999999999  0.08773446
7584    2.045569  0.28758168000000001  0.14622402000000001
7585    2.045569  0.28758168000000001  0.20471358000000001
7586    2.0198182999999998  0.34549974999999999  0.14622402000000001
7587    2.0198182999999998  0.34549974999999999  0.20471358000000001
7588    2.0585713000000001  0.25833677999999999  0.14622402000000001
7589    2.0585713000000001  0.25833677999999999  0.20471358000000001
7590    1.9158820999999999  0.26370597000000001  0.26320314
7591    1.9170469999999999  0.26643204999999998  0.29999494999999998
7592    1.9296751000000001  0.29599832999999998  0.26320314
7593    1.9293752  0.29529643  0.29999494999999998
7594    1.9602212999999999  0.26370597000000001  0.29999494999999998
7595    1.9508181  0.34550023000000002  0.26320314
7596    1.9508181  0.34550023000000002  0.29999494999999998
7597    2.045569  0.28758168000000001  0.26320314
7598    2.0494327999999999  0.27889037  0.29999494999999998
7599    2.0198182999999998  0.34549974999999999  0.26320314
7600    2.0198182999999998  0.34549974999999999  0.29999494999999998
7601    2.0585713000000001  0.25833677999999999  0.26320314
7602    2.0609411999999998  0.25300503000000002  0.29999494999999998
7603    2.1560678000000002  0.039048195000000001  0.029244900000000001
7604    2.1560678000000002  0.039048195000000001  0.08773446
7605    2.1341982000000002  0.088237285999999998  0.029244900000000001
7606    2.1341982000000002  0.088237285999999998  0.08773446
7607    2.1690697999999999  0.0098032950000000001  0.029244900000000001
7608    2.1690697999999999  0.0098032950000000001  0.08773446
7609    2.1560678000000002  0.039048195000000001  0.14622402000000001
7610    2.1560678000000002  0.039048195000000001  0.20471358000000001
7611    2.1341982000000002  0.088237285999999998  0.14622402000000001
7612    2.1341982000000002  0.088237285999999998  0.20471358000000001
7613    2.1690697999999999  0.0098032950000000001  0.14622402000000001
7614    2.1690697999999999  0.0098032950000000001  0.20471358000000001
7615    2.1138205999999999  0.13406968  0.029244900000000001
7616    2.1138205999999999  0.13406968  0.08773446
7617    2.1138205999999999  0.13406968  0.14622402000000001
7618    2.1138205999999999  0.13406968  0.20471358000000001
7619    2.1560678000000002  0.039048195000000001  0.26320314
7620    2.1573272000000001  0.036215544000000002  0.29999494999999998
7621    2.1341982000000002  0.088237285999999998  0.26320314
7622    2.1319080000000001  0.093388559999999995  0.29999494999999998
7623    2.1690697999999999  0.0098032950000000001  0.26320314
7624    2.1699929999999998  0.0077266692999999999  0.29999494999999998
7625    2.1138205999999999  0.13406968  0.26320314
7626    2.1154674999999998  0.13036537000000001  0.29999494999999998
7627    2.3811836  0.031991720000000001  0.029244900000000001
7628    2.3811836  0.031991720000000001  0.08773446
7629    2.3973498000000002  0.061152696999999999  0.029244900000000001
7630    2.3973498000000002  0.061152696999999999  0.08773446
7631    2.4222239999999999  0.093105315999999994  0.029244900000000001
7632    2.4222239999999999  0.093105315999999994  0.08773446
7633    2.3811836  0.031991720000000001  0.14622402000000001
7634    2.3811836  0.031991720000000001  0.20471358000000001
7635    2.3973498000000002  0.061152696999999999  0.14622402000000001
7636    2.3973498000000002  0.061152696999999999  0.20471358000000001
7637    2.4222239999999999  0.093105315999999994  0.14622402000000001
7638    2.4222239999999999  0.093105315999999994  0.20471358000000001
7639    2.4726490000000001  0.033205032000000002  0.029244900000000001
7640    2.4726490000000001  0.033205032000000002  0.08773446
7641    2.4857149999999999  0.116089344  0.029244900000000001
7642    2.4857149999999999  0.116089344  0.08773446
7643    2.5398903000000002  0.041632414  0.029244900000000001
7644    2.5398903000000002  0.041632414  0.08773446
7645    2.5390277000000001  0.11862492600000001  0.029244900000000001
7646    2.5390277000000001  0.11862492600000001  0.08773446
7647    2.4726490000000001  0.033205032000000002  0.14622402000000001
7648    2.4726490000000001  0.033205032000000002  0.20471358000000001
7649    2.4857149999999999  0.116089344  0.14622402000000001
7650    2.4857149999999999  0.116089344  0.20471358000000001
7651    2.5398903000000002  0.041632414  0.14622402000000001
7652    2.5398903000000002  0.041632414  0.20471358000000001
7653    2.5390277000000001  0.11862492600000001  0.14622402000000001
7654    2.5390277000000001  0.11862492600000001  0.20471358000000001
7655    2.3811836  0.031991720000000001  0.26320314
7656    2.3815336  0.033186436  0.29999494999999998
7657    2.3973498000000002  0.061152696999999999  0.26320314
7658    2.3971748000000002  0.060887574999999999  0.29999494999999998
7659    2.4281383000000001  0.029747724999999999  0.29999494999999998
7660    2.4222239999999999  0.093105315999999994  0.26320314
7661    2.4222250000000001  0.093106030000000006  0.29999494999999998
7662    2.4726490000000001  0.033205032000000002  0.26320314
7663    2.4726490000000001  0.033205032000000002  0.29999494999999998
7664    2.4857149999999999  0.116089344  0.26320314
7665    2.480648  0.11507273  0.29999494999999998
7666    2.5398903000000002  0.041632414  0.26320314
7667    2.5447109999999999  0.041303872999999998  0.29999494999999998
7668    2.5390277000000001  0.11862492600000001  0.26320314
7669    2.5424123000000001  0.118489504  0.29999494999999998
7670    2.6048898999999999  0.023559093  0.029244900000000001
7671    2.6048898999999999  0.023559093  0.08773446
7672    2.6045375000000002  0.10567760499999999  0.029244900000000001
7673    2.6045375000000002  0.10567760499999999  0.08773446
7674    2.6587934  -0.0061392783999999999  0.029244900000000001
7675    2.6587934  -0.0061392783999999999  0.08773446
7676    2.6588181999999998  0.081918480000000002  0.029244900000000001
7677    2.6588181999999998  0.081918480000000002  0.08773446
7678    2.6048898999999999  0.023559093  0.14622402000000001
7679    2.6048898999999999  0.023559093  0.20471358000000001
7680    2.6045375000000002  0.10567760499999999  0.14622402000000001
7681    2.6045375000000002  0.10567760499999999  0.20471358000000001
7682    2.6587934  -0.0061392783999999999  0.14622402000000001
7683    2.6587934  -0.0061392783999999999  0.20471358000000001
7684    2.6588181999999998  0.081918480000000002  0.14622402000000001
7685    2.6588181999999998  0.081918480000000002  0.20471358000000001
7686    2.7948189000000001  0.029747724999999999  0.029244900000000001
7687    2.7948189000000001  0.029747724999999999  0.08773446
7688    2.7948189000000001  0.108500004  0.029244900000000001
7689    2.7948189000000001  0.108500004  0.08773446
7690    2.7948189000000001  0.029747724999999999  0.14622402000000001
7691    2.7948189000000001  0.029747724999999999  0.20471358000000001
7692    2.7948189000000001  0.108500004  0.14622402000000001
7693    2.7948189000000001  0.108500004  0.20471358000000001
7694    2.7923746  0.21290207  0.029244900000000001
7695    2.7923746  0.21290207  0.08773446
7696    2.7923746  0.21290207  0.14622402000000001
7697    2.7923746  0.21290207  0.20471358000000001
7698    2.6048898999999999  0.023559093  0.26320314
7699    2.5983356999999998  0.026114702  0.29999494999999998
7700    2.6045375000000002  0.10567760499999999  0.26320314
7701    2.6108593999999998  0.10366607  0.29999494999999998
7702    2.6587934  -0.0061392783999999999  0.26320314
7703    2.6587915  -0.0061376095000000002  0.29999494999999998
7704    2.6588181999999998  0.081918480000000002  0.26320314
7705    2.6588191999999999  0.081918000000000005  0.29999494999999998
7706    2.7948189000000001  0.029747724999999999  0.26320314
7707    2.7948189000000001  0.029747724999999999  0.29999494999999998
7708    2.7948189000000001  0.108500004  0.26320314
7709    2.7948189000000001  0.108500004  0.29999494999999998
7710    2.7923746  0.21290207  0.26320314
7711    2.7923732000000001  0.21290278000000001  0.29999494999999998
7712    2.7808975999999999  0.26832032  0.029244900000000001
7713    2.7808975999999999  0.26832032  0.08773446
7714    2.7808975999999999  0.26832032  0.14622402000000001
7715    2.7808975999999999  0.26832032  0.20471358000000001
7716    2.7808975999999999  0.26832032  0.26320314
7717    2.7808980000000001  0.26832032  0.29999494999999998
7718    2.8375653999999999  0.108500004  0.029244900000000001
7719    2.8375653999999999  0.108500004  0.08773446
7720    2.8838172000000002  0.029747724999999999  0.029244900000000001
7721    2.8838172000000002  0.029747724999999999  0.08773446
7722    2.8838172000000002  0.108500004  0.029244900000000001
7723    2.8838172000000002  0.108500004  0.08773446
7724    2.8375653999999999  0.108500004  0.14622402000000001
7725    2.8375653999999999  0.108500004  0.20471358000000001
7726    2.8838172000000002  0.029747724999999999  0.14622402000000001
7727    2.8838172000000002  0.029747724999999999  0.20471358000000001
7728    2.8838172000000002  0.108500004  0.14622402000000001
7729    2.8838172000000002  0.108500004  0.20471358000000001
7730    2.8398341999999999  0.18074322000000001  0.029244900000000001
7731    2.8398341999999999  0.18074322000000001  0.08773446
7732    2.887267  0.21292423999999999  0.029244900000000001
7733    2.887267  0.21292423999999999  0.08773446
7734    2.8398341999999999  0.18074322000000001  0.14622402000000001
7735    2.8398341999999999  0.18074322000000001  0.20471358000000001
7736    2.887267  0.21292423999999999  0.14622402000000001
7737    2.887267  0.21292423999999999  0.20471358000000001
7738    3.0255312999999999  0.020831822999999999  0.029244900000000001
7739    3.0255312999999999  0.020831822999999999  0.08773446
7740    3.0164485000000001  0.081046103999999994  0.029244900000000001
7741    3.0164485000000001  0.081046103999999994  0.08773446
7742    3.0255312999999999  0.020831822999999999  0.14622402000000001
7743    3.0255312999999999  0.020831822999999999  0.20471358000000001
7744    3.0164485000000001  0.081046103999999994  0.14622402000000001
7745    3.0164485000000001  0.081046103999999994  0.20471358000000001
7746    2.8375653999999999  0.029747724999999999  0.29999494999999998
7747    2.8375653999999999  0.108500004  0.26320314
7748    2.8375653999999999  0.108500004  0.29999494999999998
7749    2.8838172000000002  0.029747724999999999  0.26320314
7750    2.8838172000000002  0.029747724999999999  0.29999494999999998
7751    2.8838172000000002  0.108500004  0.26320314
7752    2.8838172000000002  0.108500004  0.29999494999999998
7753    2.8398341999999999  0.18074322000000001  0.26320314
7754    2.8398336999999998  0.18074225999999999  0.29999494999999998
7755    2.887267  0.21292423999999999  0.26320314
7756    2.8872643  0.2129221  0.29999494999999998
7757    3.0255312999999999  0.020831822999999999  0.26320314
7758    3.0327206000000002  0.026685  0.29999494999999998
7759    3.0164485000000001  0.081046103999999994  0.26320314
7760    3.0180793000000001  0.082327603999999999  0.29999494999999998
7761    2.8413715000000002  0.30686020000000003  0.029244900000000001
7762    2.8413715000000002  0.30686020000000003  0.08773446
7763    2.8987340000000001  0.26829553  0.029244900000000001
7764    2.8987340000000001  0.26829553  0.08773446
7765    2.8413715000000002  0.30686020000000003  0.14622402000000001
7766    2.8413715000000002  0.30686020000000003  0.20471358000000001
7767    2.8987340000000001  0.26829553  0.14622402000000001
7768    2.8987340000000001  0.26829553  0.20471358000000001
7769    2.8413715000000002  0.30686020000000003  0.26320314
7770    2.8413724999999999  0.30686116000000002  0.29999494999999998
7771    2.8987340000000001  0.26829553  0.26320314
7772    2.8987316999999999  0.26829648  0.29999494999999998
7773    3.0737066  0.024061203  0.029244900000000001
7774    3.0737066  0.024061203  0.08773446
7775    3.0678535  0.10955405  0.029244900000000001
7776    3.0678535  0.10955405  0.08773446
7777    3.1301990000000002  0.03534031  0.029244900000000001
7778    3.1301990000000002  0.03534031  0.08773446
7779    3.1340194000000001  0.11805272  0.029244900000000001
7780    3.1340194000000001  0.11805272  0.08773446
7781    3.0737066  0.024061203  0.14622402000000001
7782    3.0737066  0.024061203  0.20471358000000001
7783    3.0678535  0.10955405  0.14622402000000001
7784    3.0678535  0.10955405  0.20471358000000001
7785    3.1301990000000002  0.03534031  0.14622402000000001
7786    3.1301990000000002  0.03534031  0.20471358000000001
7787    3.1340194000000001  0.11805272  0.14622402000000001
7788    3.1340194000000001  0.11805272  0.20471358000000001
7789    3.1905103000000001  0.027791738999999999  0.029244900000000001
7790    3.1905103000000001  0.027791738999999999  0.08773446
7791    3.1894163999999998  0.11528015  0.029244900000000001
7792    3.1894163999999998  0.11528015  0.08773446
7793    3.2552720000000002  0.090865135  0.029244900000000001
7794    3.2552720000000002  0.090865135  0.08773446
7795    3.1905103000000001  0.027791738999999999  0.14622402000000001
7796    3.1905103000000001  0.027791738999999999  0.20471358000000001
7797    3.1894163999999998  0.11528015  0.14622402000000001
7798    3.1894163999999998  0.11528015  0.20471358000000001
7799    3.2552720000000002  0.090865135  0.14622402000000001
7800    3.2552720000000002  0.090865135  0.20471358000000001
7801    3.0737066  0.024061203  0.26320314
7802    3.0766249000000001  0.025251388999999999  0.29999494999999998
7803    3.0678535  0.10955405  0.26320314
7804    3.0628000000000002  0.10785532  0.29999494999999998
7805    3.1301990000000002  0.03534031  0.26320314
7806    3.1303557999999998  0.035346030000000001  0.29999494999999998
7807    3.1340194000000001  0.11805272  0.26320314
7808    3.1314378  0.11794615  0.29999494999999998
7809    3.1905103000000001  0.027791738999999999  0.26320314
7810    3.1905098000000001  0.027792214999999999  0.29999494999999998
7811    3.1894163999999998  0.11528015  0.26320314
7812    3.1943955000000002  0.11428331999999999  0.29999494999999998
7813    3.2469926  0.029747724999999999  0.29999494999999998
7814    3.2552720000000002  0.090865135  0.26320314
7815    3.2552694999999998  0.090866565999999996  0.29999494999999998
7816    3.2959331999999999  0.037136793000000001  0.029244900000000001
7817    3.2959331999999999  0.037136793000000001  0.08773446
7818    3.2778157999999999  0.061078069999999998  0.029244900000000001
7819    3.2778157999999999  0.061078069999999998  0.08773446
7820    3.2959331999999999  0.037136793000000001  0.14622402000000001
7821    3.2959331999999999  0.037136793000000001  0.20471358000000001
7822    3.2778157999999999  0.061078069999999998  0.14622402000000001
7823    3.2778157999999999  0.061078069999999998  0.20471358000000001
7824    3.2959331999999999  0.037136793000000001  0.26320314
7825    3.2959304  0.037143945999999997  0.29999494999999998
7826    3.2778157999999999  0.061078069999999998  0.26320314
7827    3.2779588999999998  0.060889006000000002  0.29999494999999998
# Generated by ./tetgen /home/yuzhang/Downloads/siggraph_asia.ply 
