3540  4  0
    0     176   175   714   713
    1     213   514   510   646
    2     515   647    72   980
    3     121   703   404   414
    4     701   443   631   643
    5     367   861   974   376
    6     153   671     5   152
    7     951   872   871   495
    8     443   629   847   172
    9      77   254   867   826
   10     117   296   126   307
   11     839   962   802   362
   12     454   233   867    79
   13     653   870   409    29
   14     711   475    56    70
   15       4   342   354   976
   16     441   825   421    35
   17     987    28   539   705
   18     919   538   901   758
   19     828   877   764    20
   20     905    75    80   262
   21     280   672   572   668
   22     308   316   181   292
   23      60   230   654    55
   24     309   130   447   815
   25     402   412   628   887
   26      97   972   752   812
   27     873   219   202    41
   28     475   501   129   479
   29     218   931   805   920
   30     669   584   775   776
   31      91   940   960   459
   32     456   653    29   870
   33     479   231   501   491
   34     979   963   694   696
   35     242   809   564   160
   36     667   964   867   904
   37     435   866   916   440
   38     583   331   736   608
   39     468   451   492   484
   40     198    19   874   222
   41     333   327   350   816
   42     177   988   715   749
   43     620    27   370   617
   44     975   302   735   311
   45     688   609   985   330
   46      91   940   329   960
   47     578   833   276   155
   48     439   634   749   432
   49     263    76   250   245
   50     116   595    23   127
   51     583   608     1   891
   52     748   634   426   638
   53     246    15   854   881
   54     339   341   737   349
   55     975   302   311   317
   56     786   332   688   609
   57     678   303   310   679
   58     328   687   147   331
   59     985   596   599   688
   60     886   909   678   732
   61     798  1000   791   627
   62     891   608   736   331
   63     211    52   766   230
   64     285   835   668   834
   65     370   617   391   845
   66     233   474   867    79
   67     987   629    28   743
   68     138   697   193   695
   69      63   520   711   753
   70     355     3   911   344
   71     126   299   924   305
   72     455   444   452   446
   73     546    24   216   992
   74      69   515   224    59
   75      28   629   956   743
   76     840   369   913   610
   77     700   892   626   405
   78     321   122   323   734
   79     410   411   402   894
   80     949   784   124   684
   81     890   582   260   691
   82     400   625   408   702
   83     865   427   433   641
   84     655   553   221   209
   85     605     4   110   354
   86     214   902   875   767
   87     603   339  1001   598
   88     454   444   867   233
   89     644   306   130   781
   90     770   239   267    74
   91     351   582   890   691
   92     255   934   566   240
   93     482   502   448   491
   94     259   234   952   241
   95     370   914   391   617
   96     215   853   227   769
   97     296    86   317   117
   98     459   456   940   483
   99     598   600   131   685
  100     733   308   181   292
  101     824    35   633   977
  102     338   114   358   266
  103     107   837   910   338
  104      95   672   835   834
  105     922   709    99   487
  106     763   423   421   425
  107     700   405   968   864
  108     761   872   217   225
  109     579   277   662   289
  110      86   117   126   305
  111      84   884    13   566
  112     283    96   106   157
  113     201   229    61    68
  114     971   930   957   429
  115     353   151   998   785
  116     255   770   832   239
  117     728   809    74   246
  118     576   899   288   287
  119     538   466   461   447
  120     916   866   745   440
  121     455   233   452   444
  122     602   673   940   692
  123     689    81   787   355
  124     464   474   484   233
  125     700   887   628   401
  126     110   691   348   817
  127     852    10   243   253
  128     473   166    25   169
  129     774   807   726    73
  130     703     8    14    94
  131     601   328   686   985
  132     111   687   608   583
  133     936   778   776   833
  134     606   342   354     4
  135     111     3   689   891
  136     472   491   470   476
  137     893    12   120   139
  138     394   369   543   913
  139     162   163   267    74
  140     130   466   538   447
  141     307   316   126   117
  142     145   134   998   779
  143     564   242   267   665
  144     603   598  1001   685
  145     881   240   854   251
  146     614   378   802   362
  147     456   928   645   143
  148     694   382   616   696
  149     101     5   669   991
  150     403   398     8   418
  151     305   299   588   589
  152     887   892   401   864
  153     236   161   267   945
  154      90    87   464    89
  155     773    82   567   261
  156     643   667   413   443
  157     839   362   802   378
  158     880   219   873   965
  159     695   845   391   617
  160     644   481   130   413
  161     413   254   644   469
  162     752   973    99   508
  163     776   778   775   833
  164      74   237   267   945
  165     665   236   267    74
  166     476   491   470   486
  167     992   546   187   204
  168     257    80   565   259
  169     522    59    69   523
  170     917   708   502   478
  171      90   233   455   454
  172     700   405   626   627
  173     344    81   911   355
  174     459   458   940   456
  175     593   588   292   589
  176     360   841   368   955
  177     282   158   948   922
  178      87   474   484   464
  179      22   320   310   587
  180     744   895   416   398
  181     568   561   569   772
  182     770   454   867    77
  183     665   233   454   964
  184     936   923   776   778
  185      77   454   267   770
  186     625   791   702   400
  187     489   478   502   708
  188     798   892   625   791
  189     491   868   507   501
  190     454   242   564   665
  191     680   836   949   731
  192     656   388   942   742
  193     408   625     9   791
  194     579   277    64   729
  195     677   292   181   316
  196     643   443   631   870
  197       6   778   154   155
  198     779   357   998   353
  199     319   782   586   115
  200     345   690   266   148
  201      14   139   120   404
  202     685   598  1001   131
  203     993   527   102   518
  204     798   416   791   744
  205     572   274   286   811
  206     892   400   401   700
  207     691   348   347   738
  208     198   222   827   722
  209     627   405   626  1000
  210     301   293   294   983
  211     248   562   563   664
  212     782   857   783   888
  213     134   779   145   113
  214     428   440   430   422
  215     358   976   354   342
  216     334   609   356   985
  217     246   832   854    15
  218     551   203   208   560
  219     809    77   163   770
  220      28   987   792   705
  221      16   161   162   160
  222      38   800   858   718
  223     823   632   851   178
  224     176   752   449   713
  225      22   888   908   857
  226      17   456   409   870
  227     405   892   864   700
  228     626   892   864   405
  229     707   928   602   795
  230      74   809   267   770
  231     654   992   204    66
  232     987   629   171   172
  233     934   252    85   906
  234     945   237   267   236
  235     380   136   914   617
  236     707   143   602   928
  237     113   779   357   788
  238     724   903   764   549
  239     740   381   186   386
  240     296   302   182   762
  241     553   209   655   548
  242     105   991   268   671
  243     734   676   323   312
  244     657   967   396   537
  245     171   172   443   870
  246     842   789   373   385
  247      45   366   720   839
  248      22   118   814   908
  249     831    73   232   727
  250     481   413   447   130
  251     380   378   136    45
  252     840   820   963   359
  253     924   317   681   296
  254     658   557   199   225
  255     996   939   784   594
  256     299   117   305   316
  257     591   254   413   826
  258     925   592   680   731
  259     488   233   484   474
  260     626   400   798   892
  261     537   383   974   822
  262     455   465   457    90
  263      22   320   814   118
  264     429   795   632   707
  265     389   962   612   362
  266     874   222    50   765
  267     931   213   978    48
  268     200   902    50    19
  269     572   668   286   280
  270     728   246    74   854
  271     750   747   433   641
  272     148   345   358   266
  273     287   776   899   278
  274      65   378   802   614
  275     851   958   393   846
  276     822   861   974   367
  277     548   219   555   202
  278     450   488   473   644
  279     839   378   380    45
  280     516    69   503    56
  281     610   359   543   913
  282     820   821   694   382
  283     194    24   187   992
  284     613   373   841   819
  285     362   962   802   614
  286     425   763   424   421
  287      67   877   944   970
  288     765   722   663   222
  289     709   973   959   495
  290     611   915   955   365
  291     714    30   540   176
  292     560   659   196   207
  293     191   388   656   138
  294      85   251   854   934
  295      97   673   752   145
  296     207   222   878   722
  297     390   366   612   135
  298     771   772   569   561
  299     389    45   136   378
  300     745   866   636   431
  301     879   557    61   201
  302     583   111   689   608
  303     759   862   822   376
  304     669   281   775   584
  305     998   134   346    91
  306     830   946   570    78
  307     862   794   846   383
  308      40   306   644   781
  309     905   664    80   883
  310     379   381   740   619
  311     958   456   851   823
  312     470    90    89   465
  313     717    62   969   204
  314     512   511   502   517
  315     930   634   432   918
  316     223    62    66   933
  317     183   315   800   312
  318     987   172   539   629
  319     138   388   376   861
  320     646   900   165   536
  321     137   326   467   128
  322     468   484   492   505
  323     814   118   586   908
  324     914   191   942   192
  325     931   761    48   225
  326     993   518   504   513
  327     653   172   171   870
  328     215   210   804   195
  329     906   252    85   253
  330     414    14   404   121
  331     148   976   358   342
  332     835   529   571   285
  333     454    77   267   564
  334      27   617   620   191
  335     110   691   260   582
  336     108   812   521   104
  337      55   660   654    67
  338     215   195   227   853
  339     143   487   950   495
  340     557   213   229   199
  341     168   169   165   536
  342     278   580   283   948
  343     422   793   434   428
  344     229   933    61    68
  345     499   224   494   492
  346     566   934    13    85
  347     745   866    34   636
  348     812   104   514   972
  349     483   456   950   958
  350     776   923   775   778
  351     489   482   476   491
  352     773   261   567   952
  353     935    82   238   244
  354      54   212    66   223
  355     257   563   241   234
  356     723   220    21   970
  357     376   846   383   861
  358     979   379   860   185
  359     213   761    48   931
  360     648   527   522   133
  361     919   466   473   538
  362     201   557   658   225
  363     637   440   430   112
  364      68    42    61   201
  365      55   220   654    21
  366     646    42   920   805
  367      42   194   201    68
  368     546   216   545   803
  369     751   713   900   477
  370     105   991   269   101
  371      97   490   646   514
  372     529   530   571   662
  373     131   816  1001   685
  374      27   914   391   370
  375     879    42    61   556
  376      41   195   880   965
  377     432   634   748   638
  378      39   191   620   617
  379     144   918   823   988
  380      27   191   620    39
  381     919   453   130   538
  382     140    35   420   824
  383     823   632   178   930
  384     833   754   813   276
  385     951   495   871   918
  386     910   787   337   338
  387     751   846   461   477
  388     896    35   420   441
  389     596   985   599   712
  390     891   331     1   583
  391     607   352   349   339
  392     350   600   607   131
  393     333   816   350   600
  394      22   587   814   320
  395     109   432   439   435
  396     786   132   688   604
  397     428   793   430   440
  398     270   274    49    51
  399     827   722   989   203
  400     600   598   131   350
  401     685   600   131   816
  402     604   332   688   786
  403     600   816   350   327
  404     603   132  1001   352
  405     641   865   442   436
  406     816   333   685   600
  407     607   339   349   341
  408     686   328   712   985
  409     685   333   350   600
  410     598   333   350   685
  411     685   600   350   598
  412     142   109   634   748
  413     637   112   430   109
  414     748   640   426   142
  415     327   333   597   816
  416     156   532   755   272
  417     623   477   173   846
  418     156   577   755   532
  419     816   333   597   685
  420     707   645   602   143
  421     334   330   356   686
  422     809   832   246    15
  423     333   598   597   685
  424     350   339   598   341
  425     131   350   341   607
  426     131   598   341   350
  427     992   216    66   212
  428     603   352   349   132
  429     957   930   640   707
  430     603   339   349   352
  431     153   152   581   574
  432     121     9   416   418
  433     349   352   786   132
  434     339   352   603   607
  435     889   583     0   344
  436       3   891   111   343
  437     607   339  1001   603
  438     341   131  1001   598
  439     341   598  1001   339
  440     371   372   135   844
  441     607   352  1001   131
  442     603   352  1001   607
  443     341   339  1001   607
  444     341   607  1001   131
  445     641   427   433   442
  446     274   834   572    95
  447     584   923   776   936
  448     109   748   430   637
  449     823   930   178   918
  450     603   596   604   132
  451     596   332   688   604
  452      42    43   990   719
  453     971   142   640   930
  454     838   334   340   356
  455     688   596   599   609
  456     761    30   713   646
  457     601   328   331   687
  458     985   609   356   330
  459     688   604   985   596
  460     736   687   147   889
  461     672   834   572   811
  462     435   439   749   177
  463     985   330   356   334
  464     477   622   794   449
  465     105   671   268   573
  466     154   281   531     6
  467     396   173   623   622
  468     579   573    64   269
  469     687   601   736   331
  470     985   330   686   688
  471     166   498   165   169
  472     838   686   356   330
  473     931   557    48    61
  474     688   604   686   985
  475      97   812   510   509
  476       1   891   146   331
  477     247    73   726   807
  478     690   345   343   148
  479     890   336   691   981
  480     646   920   713   761
  481     716   594   542   184
  482     461   862   453   846
  483       8   403   630    14
  484     653   870   171   409
  485      80    75   259   262
  486     779   134   998    91
  487     356   609   340   332
  488     153   531   574   923
  489      78   855   570   666
  490     331   608   583   891
  491     583   355   344   608
  492      97   514   510   812
  493     686   601   736   687
  494     848   427   850    33
  495     301   677   294   298
  496     641   747   433   850
  497     631    17   417   701
  498     594   716   542   445
  499     916   793   434   422
  500     633   825   763   977
  501      30   871   540   872
  502     760   495   871   872
  503     459   483   940   673
  504     391   695   624    26
  505     634   142   426   971
  506     707   930   640   142
  507     103   282   752   580
  508     437   848   746   850
  509     456   958   409    29
  510     634   707   142   930
  511     948   278   576   283
  512     495   973   951   872
  513     951   918   871   178
  514     287   885   576   283
  515     112   866   637   440
  516     602   143   645   692
  517     136   387   617   380
  518     793   422   916   440
  519     634   112   432   109
  520     774    73   726   247
  521     795   456   707   928
  522     930   634   971   142
  523     429   930   957   707
  524     112   440   430   793
  525     705   407   792   150
  526     241   262   952   259
  527     154   281   574   531
  528     432   638   439   634
  529     142   634   426   748
  530     605   114   354   358
  531     459   673   940   145
  532     439   432   749   177
  533     793   440   428   422
  534     428   109   430   112
  535     426   634   439   638
  536     112   793   430   428
  537     783   888   586   782
  538     912   966   843   699
  539     508   709    99   752
  540     748   432   109   634
  541      96   282   106   674
  542       4   976   354   605
  543     112   866   435   637
  544     109   432   435   112
  545     891   343   107   111
  546     155   833   276   754
  547     674   282   922   157
  548     885   291   577   271
  549     109   112   435   637
  550     738   691   260   347
  551     771   568   829   649
  552     432   706   435   112
  553     622   958   449   409
  554     849    35   441   824
  555     154     6   531   923
  556     750   850   433   747
  557     637   866   435   440
  558     748   109   435   637
  559     637   638   435   748
  560     748   432   439   109
  561     748   638   439   432
  562     748   109   439   435
  563     435   638   439   748
  564     432   435   177   439
  565     177   866   749   435
  566     178   179   871   951
  567     432   634   749   918
  568     142   971   640   426
  569     426   634   749   439
  570     426   971   749   634
  571     439   971   749   426
  572     971   930   749   634
  573     918   634   749   930
  574     774   249   726   830
  575      30   872   176   713
  576     483   113   645   673
  577     143   495   930   487
  578     960   940   329   145
  579     692   673   645   602
  580     692   143   645   928
  581     346    91    18   785
  582     885   674   106   577
  583     348   738    18   347
  584     592   925   591   781
  585     469    79   929   254
  586     870   456   409    29
  587     149   981   336   357
  588     143   928   692   602
  589     795   928   632   456
  590     143   495   950   456
  591     392   862   393   383
  592     143   928   707   456
  593     143   930   456   707
  594     410   150   705    28
  595     367   695   822   759
  596      30   871   872   541
  597     591   781   306   731
  598     707   795   957   429
  599     861   138   974   376
  600     957   426   640   971
  601     582   976   114   890
  602     787   837   910    81
  603     858   925   954   781
  604     749   988   144   177
  605     971   930   640   957
  606     707   930   632   429
  607     173   973   951   495
  608     461   862   393   537
  609     701   410   417   847
  610     971   749   144   429
  611     971   930   144   749
  612     429   930   144   971
  613     795   640   707   957
  614     930   918   144   749
  615     144   930   823   918
  616     632   958   823   456
  617     144   429   823   930
  618     632   429   823   144
  619     632   930   823   429
  620     904   960    17   459
  621     738   335   260   890
  622     346   785    18   348
  623     268   671   289   810
  624     493   505   488   497
  625     602   928   692   795
  626     631   847   417   704
  627     493   514   103   104
  628     890   869   582     4
  629     627   892   626   700
  630     646   514   510    97
  631     157   282    96   674
  632     701   847   417   631
  633     631   704   417   705
  634     941   832   239   255
  635      83   256    11   935
  636     345     3   266   343
  637     605   338   110   114
  638     869   342   606     4
  639     976   342   148     4
  640     249    78   725    76
  641     976     4   148   690
  642     573   671   268   810
  643     338   837   910   787
  644     629   172   539   704
  645     343    81   266   345
  646     412   405   968   894
  647     674   885   106   288
  648     948   282   580    96
  649     467   128   462   125
  650     736   583   889   331
  651     266    81   910   107
  652       8   398    94   418
  653     818   843   698   395
  654     838   889   712   328
  655     101   991   268   105
  656     755   288   899   287
  657     107   690   266   345
  658     665   921   964   236
  659     738   149    18   785
  660     569   561   258   771
  661      85   934    13   799
  662      88    87   484   994
  663     345   690   343    81
  664     577   755   287   288
  665       1   331   146   147
  666       1   608   344   355
  667     814   888   586   783
  668     153   284   581   152
  669     148   690   146   343
  670     688   609   599   985
  671     838   889     0   344
  672     838   330   356     0
  673     891     3   146   343
  674       3   889   344     1
  675       1   355   344     3
  676     889   583     1   331
  677     258    76   533   250
  678     583   608   344     1
  679     889   583   344     1
  680     334   686   356   838
  681       1   331   147   889
  682     343   690   146   891
  683     643   870   631    17
  684     712   889   147   328
  685     736   331   147   687
  686     712   838   334   889
  687     334   712   599   985
  688     985   609   599   334
  689     838   328   712   601
  690     686   601   712   328
  691     838   601   712   686
  692     889   331   147   736
  693     963   979   543   696
  694      97   673    99   752
  695     889   736     0   583
  696     687   736     0   889
  697     687   583     0   736
  698     838   328     0   889
  699     686   330     0   687
  700     838   330     0   686
  701     328   601     0   687
  702     838   601     0   328
  703     147   328     0   687
  704     889   328     0   147
  705     147   687     0   889
  706     686   601     0   838
  707     686   687     0   601
  708       3   355   146     1
  709       1   355   146   608
  710     891   608   146   355
  711       1   608   146   891
  712      49   279   500    51
  713     985   686   334   712
  714     985   330   334   686
  715     712   686   334   838
  716     349   332   737   786
  717     603   339   737   349
  718     599   603   737   596
  719     604   786   737   332
  720     604   332   737   596
  721     132   349   737   786
  722     132   603   737   349
  723     132   596   737   603
  724     132   786   737   604
  725     604   596   737   132
  726     334   609   340   356
  727     977    35   849   824
  728     599   609   340   334
  729     599   596   340   609
  730     599   334   340   737
  731     349   332   340   737
  732     737   341   340   349
  733     737   332   340   596
  734     737   596   340   599
  735     688   332   340   609
  736     596   332   340   688
  737     688   609   340   596
  738     583   608   689   355
  739     146   355   689   891
  740       3   355   689   146
  741     146   891   689     3
  742     891   608   689   111
  743     891   355   689   608
  744     482   478   448   502
  745      43    30   761   225
  746     872    30   217   646
  747     994    87   484   505
  748     923     6   531   281
  749     833     6   775   281
  750     155   754   276   578
  751       6   923   154   778
  752     833   778     6   813
  753     948    96   580   283
  754     155   833   813   778
  755     669     5   584   991
  756     582   353   691   351
  757     777   577   156   532
  758     233   921   964   665
  759     283   278   576   287
  760     155   754     6   813
  761     810   573   729   277
  762     577   271   777   578
  763     578   754   276   532
  764     754   578   777   532
  765     754   155   777   578
  766     813   778     6   155
  767     796   710   502   708
  768     450   901    25   468
  769     669   923   584     5
  770     509   812   510   514
  771     577   755   899   287
  772     658   213   510   225
  773     197   970   944   828
  774     755   532   276   272
  775     523   527   102   993
  776     156     7   272   674
  777     156   674   272   577
  778     162   945   881   246
  779     298   677   181   293
  780       7   674   290   272
  781     812   709   752   922
  782     577   674   288   885
  783     272   755   288   290
  784     246    15   881   162
  785     353   149   351   357
  786     272   674   288   577
  787     290   674   288   272
  788     755   156   288   577
  789     272   156   288   755
  790     272   577   288   156
  791     754   833   813   155
  792     813   833   281     6
  793     755   833   813   276
  794     991   152   269   284
  795     524   527   522   648
  796     155   754   154     6
  797     865   641   639   436
  798     532   813     6   754
  799     154   923   531   778
  800     778   155   531   154
  801     105   573   269   152
  802      31    32   434   141
  803     271   778   936   578
  804     575   833   775   281
  805     833   778   775     6
  806     674   157   106    96
  807     605   114   110   976
  808     281   923   775   584
  809     152   810   153   671
  810     284     5   101   991
  811       6   574   154   281
  812     284   152   269   573
  813     152   671   573   810
  814     152   284   581   573
  815     989   827    58    57
  816       5   671   991   152
  817     105   152   991   671
  818     200    53   767   902
  819     273   833   775   575
  820     594   684   124   784
  821     574   923     5   153
  822     234   562   257   563
  823      52   803   766    62
  824     991   284   269   101
  825     201   557    61   229
  826     573   152   105   671
  827     284   101   575   269
  828     285   662   571   530
  829      10   253   852   256
  830     570    78   725   249
  831     245   946   263    76
  832     107   690   910   266
  833     581   281   575   574
  834     101   273   669     5
  835     577   291   278   271
  836     883   562   248   664
  837     127   297   757   180
  838     228   764   943   877
  839     278   271   899   287
  840     102   523   526   527
  841     776   584   775   923
  842     153   284     5   581
  843     574   153     5   581
  844     810   671     5   153
  845       5   153   991   284
  846     152   153   991     5
  847     152   284   991   153
  848     101     5   575   273
  849      63   517   502   511
  850     101   273   269   105
  851     305    86   585   589
  852     105   152   269   991
  853     828   877   944   943
  854     273   281   775   669
  855     522   993    69   994
  856     284   281   575   581
  857     284     5   575   101
  858       5   284   575   581
  859       5   574   669   923
  860     691   353   998   348
  861      42   990   805   879
  862       6   923   775   281
  863     269   101   575   273
  864     717   204   803    62
  865     338   690   910   107
  866     575   281   775   273
  867     281   531   575   574
  868       5   581   575   574
  869     574   531   575   923
  870     281   923   575   531
  871     669     5   575   574
  872     273     5   575   669
  873     669   574   575   923
  874     584   923   575   281
  875     669   923   575   584
  876     281   669   575   584
  877     281   273   575   669
  878     155   833   936   578
  879     155   778   936   833
  880     578   778   936   155
  881     936   271   899   278
  882     287   271   899   577
  883     775   776   899   287
  884     993   133   504   505
  885       6   778   775   923
  886     709   972   508   670
  887     776   936   278   291
  888     271   291   278   936
  889     887   864   419   892
  890     288   885   287   577
  891     278   271   287   577
  892     577   291   287   278
  893     577   885   287   291
  894     775   833   899   776
  895     776   936   899   278
  896     776   833   899   936
  897     777   577   899   271
  898     276   578   899   833
  899     276   833   899   755
  900     578   271   899   936
  901     936   833   899   578
  902     777   271   899   578
  903     532   577   899   777
  904     755   577   899   532
  905     276   755   899   532
  906     276   532   899   578
  907     777   578   899   532
  908     649   257   771   568
  909      91   151   346   998
  910     791   400   625   798
  911     952    80   261   259
  912     353   357   351   779
  913     295   116   682   322
  914     799   159    13   253
  915     568   561   772   248
  916     568   248   772   649
  917      17   870   631   458
  918     582     4   110   976
  919     148   690   114   976
  920      82   664   905   244
  921     297   301   180   983
  922     808   852   238   935
  923     798   400   625   892
  924     855   245   264   250
  925     883    75   905   244
  926     244   664   905   883
  927     883    75    80   905
  928     263   946   258    76
  929      80   905   565   664
  930      94   703   404    14
  931     342   606   354   345
  932     239   832   854   809
  933     347   260    18   346
  934     261   953   567   947
  935     201    42   879   990
  936      22   587   310   857
  937     649   259   257   234
  938     562   262   259    75
  939     358   266   337   338
  940     239   240    74   854
  941     563   664   568   248
  942      80   883   259    75
  943     562    75   259   883
  944     648   133   522   524
  945     319   115   119   782
  946      13   159    11    83
  947     234   248   257   649
  948     563   905   664   565
  949     563   562   565   664
  950      80   883   565   259
  951      80   664   565   883
  952     257   562   565   563
  953     883   562   565   259
  954     883   664   565   562
  955     257   234   565   562
  956     259   234   565   257
  957     259   562   565   234
  958     506    63   502   511
  959     563   248   568   257
  960     257   248   568   649
  961     257   563   882   568
  962     266    81   911   910
  963       3   889   911   344
  964     380   742   190   914
  965     257   568   882   771
  966     302   182   986   304
  967     448   479   491   502
  968     100   527   526   524
  969     226   663   874   222
  970     323   318   683   300
  971     796   917   478   708
  972     512   868   711   517
  973      58   767   768   200
  974     113   673   483   779
  975     251   240   854   934
  976     108   497   103   493
  977     373   789   374   385
  978     476   448   472   491
  979     512   517   502   868
  980     305   117   585    86
  981     394   359   382   820
  982     989   827   874   222
  983     710   917   502   506
  984     482   448   476   491
  985     521   513   504   518
  986     998   348   346   347
  987     517    63   507   711
  988      93   470   129    88
  989     348   785    18   149
  990     305   299   308   126
  991     875   214    50   902
  992     711   753   517    63
  993     994   527   993   133
  994     563   562   241   234
  995     505    87   993   994
  996     852    82   238   935
  997      83    85    13   253
  998     302   304   986   311
  999     935    11   808   852
 1000     782   319   586   783
 1001     161   665   267   242
 1002      56   522   503   516
 1003      93   482   472   476
 1004      10   256    11   253
 1005     448   479   472   491
 1006     114   338   358   605
 1007     658   229   199   557
 1008     257   248   241   563
 1009     100   517   524   711
 1010     856   934   566    85
 1011     465    93    89   470
 1012     238   953   265   567
 1013     476    93   470   472
 1014     992   212    66    54
 1015     808   935   265   856
 1016     476   482   472   448
 1017     710   506   502   511
 1018     681   182   314   296
 1019     829   772   241   649
 1020     984   479   472   448
 1021     924    86   311   975
 1022     708   478   482   489
 1023     482   796   478   708
 1024     302   313   986   182
 1025     163   160   267   770
 1026     917   710   502   796
 1027     796   708   502   917
 1028     868   711   507   501
 1029     479   917   502   478
 1030     479   917   507   502
 1031     246   251   854   728
 1032     479   478   502   448
 1033     478   479   984   448
 1034     760   872   871   541
 1035     556    42    61    68
 1036     554   827   874   663
 1037     994   133   501   524
 1038     522   520    56   503
 1039     735   313   321   986
 1040     649   248   241   234
 1041     472   479   470   491
 1042     945   162   267    74
 1043     358   345   354   266
 1044     524   711   648   133
 1045      88   486   501   491
 1046     817   606   110   582
 1047     524   133   501   711
 1048     486    87    88    89
 1049      87    89   994    88
 1050      70   501   507   711
 1051     470   486    88    89
 1052      89    93    88   470
 1053     817   354   110   606
 1054     772   562   241   248
 1055     108   513   504   521
 1056     520   516   503   522
 1057     705   629   539   704
 1058     563   248   241   562
 1059     158   812   948   922
 1060     867   454   455   444
 1061     993   527   648   133
 1062     157   282   948    96
 1063     994   133   993   505
 1064     711   100   501   524
 1065     765   659   874   226
 1066     491   486   501   470
 1067     470   479   501   491
 1068      88   470   501   486
 1069      70   506   507   917
 1070      54   223   661   212
 1071     907   756   157     7
 1072     513   527   648   518
 1073     993   518   648   527
 1074     513   518   648   993
 1075     165   104   218   493
 1076     102   527    98   518
 1077     336   113   351   357
 1078      59   523    71    98
 1079     931   761   218   213
 1080     993   518    98    59
 1081     102   518    98   993
 1082     993   994   522   527
 1083     761   920   218   646
 1084     102   993    98   523
 1085      59   523    98   993
 1086     645   692   940   673
 1087     509   972    97   812
 1088     483   673   459   456
 1089     922   282    99   752
 1090     752   872   176   622
 1091     670   272   907   290
 1092     552    20   205   197
 1093     357   113   351   779
 1094     730   949   718   997
 1095     718   680   954   925
 1096      90   464   455   233
 1097     984   479   129   472
 1098     975   317   735   302
 1099     452   444   675   731
 1100     505    87   484   993
 1101     651    20   932   205
 1102     338   689   837   787
 1103     837   343    81   911
 1104     114   976   358   148
 1105     336   357   351   149
 1106     931   647   519   498
 1107     343   837   111   911
 1108     236    79   233   921
 1109     709   972   752   508
 1110     940   859   329   692
 1111     667   254   867   964
 1112     459   958   409    17
 1113     497   505   488   504
 1114     960   940   145   459
 1115     162   160   163    16
 1116     473   644   901   450
 1117     169   535   167   168
 1118     481   469   471   929
 1119       2    73   831   774
 1120     233    79   964   921
 1121     731   444   675   867
 1122     464   474   233    79
 1123     464    90   455    87
 1124     592   444   731   867
 1125     451   233   452   464
 1126     403   895     8   398
 1127     784   996   445   836
 1128      29   653   171   409
 1129     348   336    18   691
 1130     996   780   123   445
 1131      79   921   469   964
 1132     233   921   665   236
 1133     145   673   940   602
 1134      71   518   515    98
 1135     744   398   416     9
 1136      78   946   855   245
 1137     407   399   406   412
 1138     929   254   413   469
 1139     138   376   759   695
 1140     345    81   107   690
 1141     704   407   792   705
 1142     283   157   106   674
 1143     110   582   260   817
 1144     196   215   208   559
 1145     380    45   721   839
 1146     497   108   488   498
 1147     504   108   488   497
 1148     504   498   488   108
 1149     940   329   145   602
 1150     964    79   929   469
 1151     881    15   854   941
 1152     890   335   582   869
 1153      40   130   447   954
 1154     594   996   445   784
 1155     501    88   129   470
 1156     122   780   323   734
 1157     321   762   734   182
 1158     927   185   860   379
 1159     780   735   122   324
 1160     780   300   323   312
 1161     998   785   346   353
 1162     254   564   867   242
 1163     490   481   471   929
 1164     400   892   626   627
 1165     161   665   242   964
 1166     296   314   762   182
 1167     697   999   193   624
 1168     739   790   186   364
 1169     605   976   354   114
 1170     483   456   940   645
 1171     738   336    18   981
 1172     904   960   459   982
 1173     471   474   469   481
 1174     995   846   751   477
 1175     113   779   145   673
 1176     130   466   447   490
 1177     490   929   471   982
 1178     964    79   982   929
 1179     982   929   471   960
 1180     493   104   103   108
 1181     956   401   628   887
 1182     456   673   459   958
 1183     536   169   165   473
 1184     645   928   940   692
 1185     700   956   401   628
 1186     145   481   471   490
 1187     998   347   346   134
 1188     158   670   907   275
 1189     830   946   726   570
 1190     458   928   940   456
 1191     959   495   950   487
 1192     143   456   950   645
 1193     922   282   103   580
 1194     882    76   245   771
 1195     458   692   940   928
 1196     695   138   845   759
 1197     329   602   940   692
 1198     752   673    99   145
 1199     487   930   959   495
 1200     456   958   483   673
 1201     342   345   354   358
 1202     922   282   950    99
 1203     156   674   157     7
 1204     145   958   459   673
 1205     817   691   260   110
 1206     456   958   459   458
 1207     348   149    18   336
 1208     481   484   474   488
 1209     645   456   940   928
 1210     645   673   940   483
 1211     788   602   329   692
 1212     692   859   329   788
 1213     602   788   329   113
 1214     145   471   329   960
 1215     145   113   329   134
 1216     145   134   329   471
 1217     145   673   329   113
 1218     602   673   329   145
 1219     779   113   329   788
 1220     134   113   329   779
 1221     645   113   329   673
 1222     602   113   329   645
 1223     645   673   329   602
 1224     691   817   347   348
 1225      91   785   346   151
 1226     459   958    17   458
 1227     458   456    17   928
 1228     870   928    17   456
 1229     458   928    17   870
 1230     145   958   409   459
 1231     458   456   409    17
 1232     458   958   409   456
 1233      17   958   409   458
 1234     999   537   967   657
 1235     449   622   794   958
 1236     176   713   714   174
 1237     752   509   176   872
 1238     433   427   746   442
 1239      99    96   752   282
 1240     290   275   907   670
 1241     558    47   806    53
 1242     709   487   158   959
 1243     514   508   509   972
 1244     972   275   670   812
 1245     114   148   358   266
 1246     709   972   670   812
 1247     108   812   103   521
 1248     580   948   103   812
 1249     158   756   157   907
 1250     436    33   639   865
 1251     872   225   761    30
 1252     812   514   103    97
 1253     108   104   103   812
 1254      97   493   103   497
 1255     812   104   103   514
 1256     514   972   509   812
 1257     158   275   948   812
 1258     670   275   158   812
 1259     508   670   907   709
 1260     290     7   907   275
 1261     272     7   907   290
 1262     157   282   922   158
 1263     890   691   260   738
 1264     158   709   907   670
 1265     756   709   907   158
 1266     157    96   948   283
 1267     812   922   103   580
 1268      97   812   752   103
 1269     907     7   157   275
 1270     907   275   157   158
 1271     817   582   260   335
 1272      99   973   950   709
 1273     582   114   110   338
 1274     158   709   922   487
 1275     508   973    99   709
 1276     537   999   967   995
 1277      99   709   950   487
 1278     114   148   266   338
 1279     158   670   922   709
 1280     812   670   922   158
 1281     812   709   922   670
 1282     752   283   580    96
 1283     891   690   107   343
 1284     145   490    97   673
 1285     959   973   950   495
 1286     752   709    99   922
 1287     922   282   752   103
 1288     287   885   283   291
 1289     287   291   283   278
 1290     288   275   576   290
 1291     812   922   752   103
 1292     922   282   580   948
 1293     145   673    99   958
 1294     950   673   483   958
 1295     287   288   576   885
 1296     114   690   107   976
 1297      97   514   103   493
 1298     948   812   580   922
 1299     674     7   283   157
 1300     158   282   948   157
 1301     157   275   948   158
 1302     582   976   110   114
 1303     959   487   950   709
 1304     837   608   107   111
 1305     934   906    85   251
 1306     948   275   576   812
 1307     106   885   576   288
 1308     283   885   576   106
 1309     290   275   576     7
 1310     689   911   837   787
 1311     283   157   576   948
 1312     283     7   576   157
 1313       7   674   576   290
 1314     283   674   576     7
 1315     106   674   576   283
 1316     106   288   576   674
 1317     290   674   576   288
 1318     157   275   576   948
 1319     157     7   576   275
 1320     347   691   260   817
 1321     959   709   950   973
 1322       4   869   582   606
 1323     514   493    97   490
 1324     890     4   582   976
 1325     336   335   890     4
 1326     255   240   239   941
 1327     151   785   353   149
 1328     580   282   752    96
 1329     709   812   752   972
 1330      71   980    72   647
 1331     194    68   556   992
 1332      69    59   224   523
 1333      97   509   752   972
 1334     508   972   752   509
 1335     508   509   752   973
 1336     431   866   636   112
 1337     487   922   950    99
 1338     213    30   761   646
 1339     572   811   286   270
 1340     145   490   752    97
 1341     920    43   761   225
 1342     846   383   393   862
 1343     645   456   950   483
 1344     563   568   569   882
 1345       4   335   890   869
 1346     351   336   691   890
 1347     348   353   346   785
 1348     335   336   890   981
 1349     149   357   353   151
 1350     107   345   266    81
 1351     343   690   107    81
 1352     111   608   107   891
 1353     338   148   266   690
 1354     605   976   110     4
 1355     145   779   998   673
 1356     542   594   123   184
 1357     343   837   107   111
 1358     358   338   337   605
 1359     148   342   358   345
 1360     946    76   245    78
 1361     358   114   354   976
 1362     338   605   110   337
 1363     107    81   910   837
 1364     771   772   829   568
 1365     266   690   910   338
 1366     779   788   998   357
 1367     346   348    18   347
 1368     107   114   338   690
 1369     837   114   338   107
 1370     114   148   338   690
 1371     250    76   533   245
 1372     346   960    91   134
 1373      19   222   198   722
 1374     998   151   346   785
 1375     605   354   110   817
 1376     329   788    91   779
 1377     910   266   337   358
 1378     910   338   337   266
 1379     354     4   110   606
 1380      91   788   998   779
 1381     488   490   493   481
 1382     353   785   348   149
 1383     779   134    91   329
 1384     348   691    18   738
 1385     353   673   998   779
 1386     606     4   110   582
 1387     771   882   533   258
 1388     250   570   264   855
 1389     329   151    91   859
 1390     353   351   348   691
 1391     890   335   260   582
 1392     894   407   705   150
 1393     358   605   817   354
 1394     329   859    91   788
 1395     869   606   817   582
 1396     582   335   817   869
 1397     329   134   960   471
 1398     738   691    18   336
 1399     353   149   348   351
 1400     691   351   348   336
 1401     149   336   348   351
 1402     771   561   829   772
 1403     797   981   738   149
 1404     245    76   533   771
 1405     335   981   738   797
 1406     691   336   738   981
 1407     250   245   264   263
 1408     830    78   570   249
 1409     258   882   533    76
 1410     890   981   738   335
 1411     691   981   738   890
 1412     347   738    18   260
 1413     348   605   110   347
 1414     817   110   347   348
 1415     817   605   347   110
 1416     151   357   998   788
 1417     353   357   998   151
 1418      91   859   998   788
 1419     151   859   998    91
 1420     151   788   998   859
 1421     335   869   260   817
 1422     738   869   260   335
 1423     563   257   882   565
 1424     738   354   260   606
 1425     817   606   260   354
 1426     738   606   260   869
 1427     817   869   260   606
 1428     998   353   346   348
 1429     149   981    18   336
 1430     738   981    18   149
 1431     649   568   829   772
 1432     258    76   250   263
 1433     264   946   570   263
 1434     619   790   927   185
 1435     250   245   533   855
 1436     568   771   569   882
 1437     568   772   569   771
 1438     343    81   911   266
 1439     266     3   911   343
 1440     689   355   911    81
 1441       3   355   911   689
 1442     911   837   111   689
 1443     111     3   911   689
 1444     343   837    81   107
 1445     343     3   911   111
 1446     787   689   911    81
 1447     771   882   258   569
 1448     855   946   264   245
 1449     830   249   570   666
 1450     982   904   667   254
 1451     666    78   725   570
 1452     245   946   264   263
 1453     855   946   570   264
 1454     741   698   360   377
 1455     879   201    61    42
 1456     190   191   528    39
 1457     770   832    74   809
 1458     666   855   725    78
 1459      78    76   258   946
 1460     245    76   725    78
 1461     263   772   264   250
 1462      78   946   570   855
 1463     570   249   725   666
 1464     771    76   533   882
 1465     258   561   533   771
 1466     829   771   533   561
 1467     829   772   533   250
 1468     829   561   533   772
 1469     263   258   533   250
 1470     263   561   533   258
 1471     263   772   533   561
 1472     250   772   533   263
 1473     702   895   408   398
 1474     245    78   725   855
 1475     247   830   726   249
 1476     807   830   726   570
 1477     247   807   232    73
 1478     389   390   387    45
 1479     964   162   161   945
 1480     726   247   232   235
 1481     666   830   807   570
 1482     367   376   974   624
 1483      74   236   267   237
 1484     700   887   968   402
 1485     249   666   774   725
 1486     704   172   847   629
 1487     886   814   320   118
 1488     864   892   401   700
 1489     774   830   726   807
 1490     800   939   858   315
 1491     725     2   774   249
 1492      73   666   774   807
 1493     617   387   620    39
 1494     808   947   265   953
 1495     807   666   774   830
 1496     249   830   774   666
 1497       2    73   774   247
 1498     774   247   726     2
 1499     249     2   726   247
 1500     774     2   726   249
 1501     892   400   700   627
 1502     412   399   792   407
 1503     171   629   443   172
 1504     809    15   941   832
 1505     820   963   694   364
 1506     236   237   728   921
 1507     150   411   894   407
 1508     246   809   854   832
 1509     696   369   543   394
 1510     401   887   968   700
 1511     405   627   968  1000
 1512     309   815   447   413
 1513     298   677   294    92
 1514      85   884   799   252
 1515     626   892   798   864
 1516     626  1000   798   627
 1517     617   191   190    39
 1518     941   240   239   832
 1519     705   704   417   847
 1520     309   413   447   490
 1521     411   701    28   410
 1522     366   189   135   844
 1523     626   627   798   400
 1524     443   982   643   904
 1525     853   880   227   769
 1526     402   887   628   700
 1527     826   254   867    79
 1528     847   410   417   705
 1529     741   966   615   395
 1530     847   410   705    28
 1531     843   369   394   618
 1532     364   381   186   185
 1533     592   254   591   826
 1534     412   864   968   405
 1535     191   914   942    27
 1536     171   409   443   629
 1537     296   316   307   117
 1538     667   964   242   254
 1539     413   469   644   481
 1540     700   627   968   405
 1541     667   982   413   904
 1542     389   387   136   380
 1543     390   388    27   191
 1544     542   683   716    37
 1545     880   873   206   227
 1546     454   964   867   242
 1547     412   405   894   407
 1548     701   410   847    28
 1549     150   407   792   411
 1550     705   150   792    28
 1551     408   398     9   418
 1552     904   960   643    17
 1553     171   870   443   409
 1554     481   490   447   413
 1555      17   960   643   459
 1556     410   411   894   150
 1557     651   214   552   205
 1558     826   592   867   444
 1559     628    28   956   411
 1560     982   254   667   929
 1561     879    42   556    24
 1562     419   412   968   887
 1563     904   667   643   443
 1564     401   700   968   864
 1565     864   887   968   401
 1566     402   887   968   412
 1567     785   329   151    91
 1568     412   894   968   402
 1569     612    39   387   390
 1570     982   667   413   929
 1571      28   704   847   629
 1572     789    36   693   385
 1573     864   412   968   419
 1574     419   887   968   864
 1575     847   701   643   443
 1576     150   411    28   410
 1577     628   411   956   407
 1578     695   617   391   914
 1579     126   305   924    86
 1580     628   419   956   887
 1581     887   419   956   406
 1582     628   407   956   412
 1583     617    39   190   380
 1584     987   705   539   792
 1585     406   419   956   412
 1586     406   412   956   407
 1587     628   412   956   419
 1588     309   897   447   130
 1589     954   897   447    40
 1590     309   490   447   897
 1591     960   904   643   982
 1592     409   870   643    17
 1593     443   870   643   409
 1594     409   960   643   443
 1595     409   459   643   960
 1596      17   459   643   409
 1597     554   663   874   226
 1598     162   161   267   160
 1599     380    45   136   389
 1600     591   680   938   925
 1601     964   233   454    79
 1602     236   665   267   161
 1603     887   412   628   419
 1604     894   411   628   407
 1605     402   411   628   894
 1606     894   412   628   402
 1607     894   407   628   412
 1608     792   399   539   987
 1609     792   705   539   704
 1610     731   592   306   591
 1611     630    14   120   415
 1612     784   949   836   445
 1613     815   781   591   925
 1614     254   929   413   667
 1615     460   465   457   898
 1616     898   446   457   460
 1617     161   242   564   160
 1618      37   683   716   183
 1619     315   781   925   858
 1620     306   592   675   867
 1621     469   481   413   929
 1622     751   646   900   713
 1623     929   481   413   490
 1624     443   904   413   815
 1625     667   904   413   443
 1626     482   502   491   489
 1627     130   781   447   954
 1628     826   592   413   591
 1629     684   124   730   306
 1630     135   366   802   189
 1631     982   929   413   490
 1632     130   897   447   781
 1633     652   758   473   466
 1634     822   862   461   537
 1635      77   160   267   564
 1636     236   665   161   964
 1637     488   493   473   644
 1638     982   964   161   904
 1639     684   731   949   675
 1640     735   300   780   676
 1641     564   665   267   454
 1642     242   964   867   254
 1643     665   964   454   242
 1644      15   162   246   163
 1645     934   884   566   799
 1646     964   921   161   236
 1647     161   964   242   904
 1648     667   904   242   964
 1649     161   904   242   667
 1650     452   451   675   444
 1651     982   254   867   904
 1652     904   964   867   982
 1653     904   254   867   667
 1654     163   809    74   728
 1655     728   236    74   237
 1656     522   527   526   523
 1657     986   324   735   311
 1658     443   701   631   847
 1659     858   676   312   315
 1660     300   312   676   315
 1661     377   843   698   818
 1662     919   758   901   170
 1663     451   464   452    87
 1664     867   242   564   454
 1665     454    77   564   867
 1666      89   465   457   460
 1667     454   233   455   444
 1668     446   592   444   731
 1669     867   592   675   731
 1670     929   254   867   982
 1671     929    79   867   254
 1672     982    79   867   929
 1673     964    79   867   982
 1674     454    79   867   964
 1675     680   939   938   836
 1676     800   183   716   315
 1677     735   324   780   311
 1678     784   949   445   684
 1679     592   781   731   925
 1680     781   592   731   591
 1681     798   627   791   400
 1682      14   414   415   121
 1683     627   400   702   791
 1684     791   895   702   627
 1685    1000   895   791   627
 1686     585   316   292   117
 1687     504   993   494   518
 1688     700   400   702   627
 1689     627   895   702   398
 1690     908   115   586   888
 1691     798  1000   744   791
 1692     317   302   681   296
 1693     318   300   780   735
 1694     986   313   321   182
 1695     234   562   241   259
 1696     945   161   267   162
 1697     262    75   567   773
 1698     182   304   321   986
 1699     614   962   802   189
 1700     735   986   122   324
 1701     938   939   318   315
 1702     744   408     9   791
 1703     744   398     9   408
 1704     906   881   534   252
 1705     817   346   260   347
 1706     261    82   567   953
 1707     418   398   416   403
 1708     238   935   265   808
 1709     791  1000   744   895
 1710     418   398    94   408
 1711     415    14   120   414
 1712     832   564   809    77
 1713      14     8   404    94
 1714     626  1000   744   798
 1715     121   416   415   403
 1716      14   121   415   630
 1717       9   791   416   744
 1718     403   398   416   895
 1719       9   398   416   418
 1720     308   299   733   126
 1721     408   895   744   398
 1722     403   895   416   744
 1723     791   625   744   408
 1724     408   702   744   895
 1725     625   702   744   408
 1726     702   791   744   895
 1727     625   791   744   702
 1728     814   783   586   319
 1729     843   699   915   912
 1730     416   403   121   418
 1731     121    14   404   703
 1732     564   160   809    77
 1733     404   139   120    12
 1734     807   247   232   726
 1735     322   180   682   983
 1736     121     8   630   703
 1737     418   403   121     8
 1738      94     8   121   703
 1739     418     8   121    94
 1740      94   703   121   418
 1741      14   703   630     8
 1742     121   703   630    14
 1743     616   379   860   979
 1744     416   744   415   403
 1745     630     8   415   403
 1746     121     8   415   630
 1747     121   403   415     8
 1748      83   253    13   159
 1749     941    15   534   881
 1750     852   905   243    82
 1751     820   821   359   840
 1752      77   770   809   832
 1753     947   952   567   261
 1754     404   414   120    14
 1755     404    12   120   414
 1756     893   414   120    12
 1757     893   415   120   121
 1758     414   121   120   415
 1759     893   121   120   414
 1760     443   172   631   870
 1761     181   677   301   293
 1762     906   941   534   881
 1763     941   240   854   881
 1764     854   236    74   728
 1765     964   921   945   161
 1766     964   237   945   921
 1767     236   921   945   237
 1768     161   921   945   236
 1769     160    77   163   809
 1770     160   770   163    77
 1771     163   809   246    15
 1772     251   246   854   881
 1773     856    83   935   256
 1774     313   300   735   676
 1775     941   240   881   251
 1776     854   246    74   809
 1777     952   905   261    80
 1778     941   251   881   906
 1779     251   246   881   906
 1780     239   832    74   770
 1781     941   884   534    15
 1782     773    82   238   567
 1783     163   809   728   246
 1784     593   322   983    92
 1785     796   482   478   448
 1786     246   162   728   163
 1787     945   162   728   246
 1788     945   237   728   162
 1789     246   237   728   945
 1790      11   256   852   935
 1791     304   924   311   975
 1792     534   941    84   884
 1793     534   252   799   884
 1794     856    85   256   934
 1795      10   256   852    11
 1796     262   905   952    80
 1797     934   884    85   252
 1798      89    90   457   465
 1799     952   262   261   905
 1800     252   253   799    85
 1801     941    15   854   832
 1802     941   832   854   240
 1803     239   240   854   832
 1804     239   255   566   240
 1805     159   253    11   256
 1806     854   809    74   239
 1807     252   159   799   253
 1808     239   809    74   832
 1809     251   240   934   906
 1810     934   884   799    85
 1811     856    83   808   935
 1812     585   117   292   593
 1813     856    85    83   253
 1814     299   316   585   117
 1815     566    85    13    83
 1816     566   799    13   934
 1817     953   905   261    82
 1818     253    85    13   799
 1819     123   324   323   122
 1820     126   304   681   924
 1821     566    83    13    84
 1822     566   884    13   799
 1823     182   302   681   304
 1824     856   255    83   566
 1825     728   237    74   162
 1826     162   163    74   728
 1827     468   397    25   492
 1828     455    90   457    87
 1829     162   237    74   945
 1830     455   446   457   444
 1831     304   302   681   317
 1832      83   255    84   566
 1833     118   937   908    22
 1834     116   595   682   322
 1835     856   253   256    85
 1836      83   253   256   856
 1837      83   159   256   253
 1838      85   856    83   566
 1839     255   934    84   566
 1840     566   934    84   884
 1841     296   117   317   316
 1842     856   934   935   566
 1843     256   934   935   856
 1844     534   906    84   941
 1845     308   126   314   307
 1846     255   832    84   941
 1847     924   296   681   126
 1848     934   252    84   884
 1849     252   906    84   534
 1850     534   884    84   252
 1851     906   251    84   941
 1852     906   252    84   934
 1853     240   941    84   251
 1854     255   941    84   240
 1855     240   251    84   906
 1856     182   296   681   302
 1857     934   240    84   906
 1858     255   240    84   934
 1859     963   820   694   359
 1860     308   681   314   126
 1861     986   302   735   313
 1862     886   732    23   909
 1863     681   317   975   304
 1864     301   298   294   293
 1865     311   302   735   986
 1866     305   299   585   117
 1867     589   299   585   305
 1868      10   253    11   159
 1869     564   160   267   161
 1870     593   589   292   585
 1871     593   589    92   588
 1872     938   836   949   680
 1873     296   316   317   302
 1874     585   299   292   316
 1875     589   299   292   585
 1876     116   303   682   595
 1877     585   589    92   593
 1878     308   292   733   316
 1879     593    92   983   677
 1880     618   369   913   840
 1881     298   293   301   677
 1882     323   123   683   996
 1883     312   296   762   302
 1884     302   312   676   762
 1885     313   676   762   302
 1886     122   986   321   304
 1887     302   313   182   762
 1888     610   377   698   818
 1889      77   770   267   160
 1890     610   369   818   840
 1891     298    92   294   588
 1892       2    73   232   831
 1893     299   316   733   292
 1894     177   435    34   866
 1895     739   740   801   186
 1896     735   311   780   975
 1897     457   465   463   898
 1898     125   475   462   467
 1899     975   317   311   304
 1900     924    86   975   317
 1901     304   317   311   302
 1902     296    86   924   317
 1903     117   296   924   126
 1904     117    86   924   296
 1905     126    86   924   117
 1906     924   317   975   681
 1907     681   304   975   924
 1908     317    86   975   117
 1909     984    93   463   472
 1910     977   825   849    35
 1911     304   924   986   311
 1912     784   594   123   445
 1913     585   117   975    86
 1914     780   312   323   676
 1915     470   472   129   479
 1916     313   302   735   317
 1917     304   182   321   681
 1918     313   676   735   762
 1919     162   160   267   163
 1920     939   318   996   780
 1921     161   242   267   564
 1922     300   312   780   676
 1923     318   939   996   315
 1924     965   195   880   219
 1925     668   285    64   662
 1926     262    80   952   259
 1927     935   256   852    82
 1928      83   159    11   256
 1929     829   649   241   234
 1930     234   248   241   257
 1931     464   233   452   455
 1932     259   562   241   262
 1933     727   235   232   831
 1934     678   909   757   679
 1935     772   248   241   649
 1936     163   809   267    74
 1937     163   770   267   809
 1938      87    89   457   460
 1939      87    90   457    89
 1940     780   324   123   445
 1941     166   498   494   499
 1942     102   527   526   100
 1943      56   496   516    69
 1944     137   125   467   994
 1945     137   128   467   125
 1946     994    89   125    88
 1947     984    93   125   463
 1948     463   898   125   984
 1949     457   460   452   128
 1950     460   898   125   465
 1951     460   465   125    89
 1952     462   125   129   475
 1953     196   559   208   551
 1954     463   465   125   898
 1955     463    93   125   465
 1956      88    89   125    93
 1957     465    93   125    89
 1958     773   952   567   262
 1959     953    82   243   905
 1960     953    80   261   905
 1961     773   244   238    82
 1962     256   253   852    85
 1963     567   953   265   947
 1964     305   316   308   299
 1965     947   262   567   952
 1966     808   856   265    83
 1967      75   883   773   244
 1968     307   316   181   308
 1969     238   852   265   243
 1970     307   316   308   126
 1971     905   262   773    75
 1972     905    75   773   244
 1973     808   852   265   238
 1974     238   243   265   953
 1975     808   953   265   243
 1976     681   296   314   126
 1977     238   856   265   935
 1978     947   262   808   567
 1979     261   262   773   905
 1980     261   952   773   262
 1981     261   905   773    82
 1982     244    82   773   905
 1983     126   296   314   307
 1984     567   947   265   808
 1985      83    13   808    11
 1986      11   935   808    83
 1987     947    10   808    11
 1988     852    10   808   243
 1989     852    11   808    10
 1990     567   773   265   238
 1991      10   953   808   243
 1992     947   953   808    10
 1993     243    82   238   852
 1994     567    82   238   953
 1995     243   953   238    82
 1996     184   836   784   124
 1997     587   319   783   814
 1998     808   243   265   852
 1999     292   593   983   677
 2000     126   316   308   117
 2001     305   117   308   316
 2002     126   117   308   305
 2003     298   293   181   733
 2004     733   588   181   298
 2005     308   316   733   299
 2006     909   732   679   678
 2007     644   781   130    40
 2008     294   983   322    92
 2009     292   588   733   589
 2010     299   589   733   588
 2011     292   589   733   299
 2012     588   593   298    92
 2013      92   593   298   677
 2014     301   983   294   677
 2015      23   303   757   679
 2016     590   983   294   293
 2017     590   293   294   298
 2018      92   677   294   983
 2019     733   292   181   588
 2020     593   677   181   298
 2021     593   292   181   677
 2022     593   588   181   292
 2023     298   588   181   593
 2024     595   590   180   983
 2025     116   732    23   886
 2026     389   362   612   366
 2027     831   235   232     2
 2028     677   983   180   301
 2029     297   301   590   293
 2030     983   301   590   297
 2031     983   293   590   301
 2032     590   983   595   294
 2033     298   590   595   294
 2034     322   595   682   180
 2035      92   589   294   588
 2036     127   909   757   297
 2037     682   295   679   303
 2038     323   312    37   734
 2039     297   590   180   595
 2040     297   983   180   590
 2041      23   909   757   127
 2042     679   303   757   678
 2043     590   293   127   297
 2044     118   886   937   320
 2045     116   294   595   322
 2046     983   294   322   595
 2047     180   983   322   595
 2048     295   303   682   116
 2049     180   595   682   303
 2050     937   320   310    22
 2051     247     2   232   235
 2052     118   909   937   886
 2053     458    17   417   631
 2054      22   678   310   937
 2055     886   909   937   678
 2056      73     2   232   247
 2057     303   116   757   127
 2058     740   739   801   386
 2059     886   909    23   118
 2060     127   118    23   909
 2061      23   127   757   116
 2062     623   622   173   477
 2063     987   629   539    28
 2064     888   115   586   782
 2065     590   297   127   595
 2066     380   387   617    39
 2067     127   180   757   595
 2068     595   303   757   127
 2069     937   320    22   118
 2070     595   180   757   303
 2071      23   116   757   303
 2072     679   909   757    23
 2073     621    65   325   926
 2074     595   303   127   116
 2075     847   172   631   443
 2076     595   297   127   180
 2077     116   303    23   295
 2078     116   295    23   732
 2079     295   303    23   679
 2080     732   295    23   679
 2081     679   909    23   732
 2082     450   498   473   488
 2083     394   913   543   359
 2084      36   789   842   385
 2085     200    19    57   198
 2086     732   320   310   886
 2087     732   587   310   320
 2088     679   587   310   732
 2089     937   886   310   320
 2090     678   886   310   937
 2091     732   678   310   679
 2092     732   886   310   678
 2093     643    17   631   701
 2094     814   908   586   888
 2095      28   629   705   704
 2096     847   704   631   172
 2097     842    36   693   789
 2098     610   821   913   840
 2099      41   195   853   769
 2100     373   842   363   789
 2101     857    22   814   908
 2102     857   587   814    22
 2103     783   587   814   857
 2104     908   888   814   857
 2105     615   741   360   611
 2106     783   857   814   888
 2107     783   319   119   782
 2108     591   254   644   413
 2109     782   115   119   888
 2110      28   704   705   847
 2111     705   410   417   150
 2112     843   369   818   377
 2113     705    28   539   629
 2114     150   411   792    28
 2115     411   407   792   956
 2116     987   743   792   399
 2117      28   743   792   987
 2118     406   407   792   399
 2119     956   407   792   406
 2120     956    28   792   411
 2121     743    28   792   956
 2122     743   406   792   399
 2123     956   406   792   743
 2124     870   172   631   704
 2125     458   870   631   928
 2126     362   378   136   614
 2127     537   367   657   624
 2128     982   904   309   413
 2129     974   999   657   624
 2130     138   388   656   697
 2131     693   789   363   842
 2132     364   790   186   381
 2133     613   819   384   615
 2134     286   274    49   270
 2135     916    32   745   141
 2136     385    36   373   842
 2137     413   591   130   644
 2138     555    41   553   769
 2139     979   359   543   610
 2140     377   912   611   741
 2141     963   359   694   382
 2142     550   209   221   553
 2143     363   789   368   373
 2144     659   207   560   722
 2145     644   493   130   481
 2146     368   819   374   384
 2147     840   369   818   618
 2148     997   124    38   730
 2149     996   939   716   315
 2150     135   388   390   191
 2151     741   365   615   699
 2152     381   790   186   386
 2153     457    87   452   455
 2154     554    19   874   198
 2155     451   444   452   233
 2156     912   915   611   741
 2157     368   789   374   373
 2158     979   381   543   696
 2159     938   836    38   949
 2160     818   840   698   610
 2161     480   522   516   496
 2162     659   722   560   765
 2163     615   741   611   365
 2164     384   613   368   819
 2165     377   369   818   610
 2166     696   394   543   382
 2167     843   966   618   699
 2168     954   897   309   781
 2169     780   676   323   734
 2170     395   966   618   843
 2171     395   821   618   966
 2172     318   300   323   780
 2173     927   379   860   619
 2174     949   124   730   684
 2175     955   841   368   613
 2176     840   618   818   821
 2177     741   699   615   966
 2178     915   365   611   741
 2179     955   384   368   360
 2180     840   821   359   610
 2181     135   366   528   390
 2182      46   965   210   195
 2183     326    87   137   485
 2184     515   518   494   993
 2185     122   735   321   986
 2186     323   734    37   683
 2187     769   880   227   873
 2188     762   735   321   122
 2189     900   466   536   646
 2190     739   386   364   621
 2191     184   124   784   594
 2192     594   939   784   184
 2193     474   488   644   481
 2194     699   365   955   915
 2195     382   359   543   963
 2196     938   315   858   939
 2197     731   781   954   925
 2198     718   925   858   938
 2199     618   369   394   913
 2200     455    87   452   464
 2201     184   939   784   836
 2202     840   821   913   618
 2203     913   369   377   610
 2204     780   324   323   123
 2205     913   821   394   618
 2206     614   962   926   362
 2207      44   614   926    65
 2208     913   912   377   369
 2209     613   373   955   841
 2210     394   821   382   618
 2211     913   610   394   821
 2212     359   610   394   913
 2213     359   821   394   610
 2214     359   820   394   821
 2215     820   821   382   394
 2216     122   324   323   780
 2217     382   394   543   359
 2218     610   913   543   979
 2219     963   359   543   979
 2220     613   384   368   955
 2221     215   195   804   227
 2222     325   926   361   962
 2223     739   790   364   386
 2224     873    41   202   769
 2225      57   554   768    53
 2226     739   185   860   927
 2227     379   381   185   979
 2228     938   939   858   836
 2229     843   369   377   912
 2230     395   818   741   698
 2231      36   373   613   819
 2232     395   821   818   618
 2233     843   395   818   618
 2234     618   369   818   843
 2235     966   699   615   365
 2236     820   821   818   395
 2237     840   821   818   820
 2238     843   966   698   395
 2239     878   722   196   207
 2240      36   842   613   373
 2241     843   912   698   966
 2242     377   912   698   843
 2243     912   699   698   966
 2244     915   365   741   699
 2245     758   538   473   466
 2246     966   395   741   698
 2247     698   699   741   966
 2248     699   912   741   915
 2249     698   912   741   699
 2250     377   912   741   698
 2251      69   994   485   522
 2252     955   611   360   841
 2253     672    95   835   529
 2254     741   377   360   611
 2255      57   198    58   200
 2256     384   365   955   615
 2257     613   615   955   365
 2258     384   615   955   613
 2259     183   683   716   315
 2260     384   741   360   615
 2261     955   365   360   611
 2262     384   365   360   955
 2263     384   615   360   365
 2264     611   365   360   615
 2265     841   819   368   613
 2266     368   841   374   819
 2267     373   841   374   368
 2268     373   819   374   841
 2269     819   373   374    36
 2270     385    36   374   373
 2271     819    36   374   385
 2272     996   836   784   939
 2273     224   647   494   515
 2274     488   504   450   498
 2275     455   446   452   457
 2276      25   166   494   169
 2277      93   984   129   472
 2278     994   133   522   527
 2279      37   312   183   734
 2280     443   815   309   904
 2281     644   466   130   493
 2282     457   446   452   460
 2283     926   364   325   621
 2284     485    69   496   224
 2285     464    87   451   484
 2286     731   446   452   444
 2287     492   468   326   451
 2288     468   504    25   450
 2289      24    42   805   879
 2290     718   938   858    38
 2291     730   949   997   124
 2292     306   731   675   592
 2293      70   917   507   231
 2294     591   306   130   644
 2295     790   820   694   364
 2296     382   359   694   820
 2297     806   558   549    47
 2298     917   231    70   506
 2299     993   523   224    59
 2300     651   214    67   552
 2301     614    65   621   926
 2302     445   996   683   123
 2303     359   963   375   979
 2304     800   315   858   312
 2305     676   312   734   762
 2306     122   762   734   321
 2307     619   379   616   382
 2308     389   378   136   362
 2309     735   762   321   313
 2310     182   313   321   762
 2311     123   996   323   780
 2312     735   762   734   122
 2313     735   676   734   762
 2314     836   184    38   124
 2315     594   684   784   306
 2316     375   790   364   927
 2317     927   963   364   375
 2318     306   731   684   675
 2319     122   780   734   735
 2320     676   735   734   780
 2321     375   790   616   364
 2322     300   315   183   312
 2323     214   767   875   549
 2324     954   781   447   897
 2325     996   315   683   318
 2326     323   996   683   780
 2327     318   780   683   996
 2328     323   780   683   318
 2329     190   914   942   192
 2330     925   315   858   938
 2331     949   836    38   124
 2332     522   524   526   527
 2333     135   962   612   371
 2334     591   815   309   781
 2335     926   962   325   362
 2336     839   378   802    65
 2337     616   619   860   379
 2338     226   659   196   560
 2339     769   195   880    41
 2340     375   963   694   979
 2341     619   185   927   379
 2342     644   466   473   919
 2343     926   136   614   362
 2344     803   717   545   546
 2345     138   388   759   376
 2346     379   381   619   185
 2347     185   381   619   790
 2348     616   979   860   375
 2349     739   621   364   927
 2350     880    41   873   769
 2351     696   381   379   979
 2352     739   386   186   790
 2353     185   739   186   364
 2354     927   790   364   185
 2355     185   381   186   979
 2356     381   386   619   790
 2357     844   189   371   361
 2358     325   962   361   961
 2359     371   372   390   135
 2360     488   497   473   493
 2361     185   739   364   927
 2362     300   312   183    37
 2363     364   963   694   375
 2364     694   364   616   790
 2365     375   364   616   694
 2366     927   790   616   375
 2367     224    69   496   499
 2368     804   210   878   195
 2369      93   472   129   470
 2370     174    30   713   761
 2371     194    24   556    42
 2372     203   551   196   560
 2373     694   821   616   382
 2374     644   124   306   730
 2375     979   359   860   375
 2376     522   515   516    69
 2377     485   397   137   326
 2378     711   868   507   517
 2379     325   961   364   790
 2380     621   961   364   325
 2381     961   386   364   790
 2382     621   386   364   961
 2383     185   790   364   381
 2384     470   479   129   501
 2385     128   125   137   460
 2386     468   505   494   504
 2387     543   382   694   696
 2388     963   382   694   543
 2389     543   696   694   963
 2390     696   382   616   379
 2391     979   375   616   694
 2392     694   696   616   979
 2393     379   979   616   696
 2394     306   474   644    79
 2395     375   927   860   616
 2396     616   790   860   619
 2397     927   790   860   616
 2398     927   619   860   790
 2399     469   474   644   481
 2400     592   591   644   306
 2401     488   493   644   481
 2402     323   300    37   312
 2403     683   300    37   323
 2404     135   962   802   839
 2405     450   474   644   306
 2406     949   124    38   997
 2407     844   189   801   186
 2408     135   191   528   366
 2409     318   300    37   683
 2410     450   488   644   474
 2411     730   124    38   184
 2412     318   300   183    37
 2413     318   315   183   300
 2414     734   312   183   762
 2415     683   318   183    37
 2416     683   315   183   318
 2417     800   718   954   858
 2418     716   542    38   800
 2419     800   836   858   939
 2420     800   184    38   836
 2421     684   306   730    40
 2422     409   987   629   171
 2423     371   962   612   361
 2424     867   474   306    79
 2425     867   826   306   592
 2426      79   826   306   867
 2427     989   827    57   554
 2428     473   498    25   166
 2429     475   231   480    56
 2430     488   474   450   233
 2431     867   306   450   675
 2432     867   474   450   306
 2433     488   233   450   484
 2434     515    71   494   518
 2435     451   444   450   675
 2436     867   233   450   474
 2437     867   444   450   233
 2438     675   444   450   867
 2439     739    44   801    65
 2440      40   306   730   644
 2441     376   861   822   367
 2442     644    40   130   730
 2443     306   731    40   684
 2444     592   254   644   591
 2445      79   826   644   306
 2446      79   254   644   826
 2447      79   474   644   469
 2448     469   254   644    79
 2449     826   592   644   306
 2450     826   254   644   592
 2451     490   481   130   493
 2452     490   493   130   466
 2453     731   925   954   680
 2454     185   739   801   186
 2455     836   800   858    38
 2456     800   315   716   939
 2457      38   938   858   836
 2458     367   695   624   391
 2459     731   949   954   718
 2460     447   130   453   538
 2461     730   184    38   997
 2462     177   432   715   706
 2463     950   456   173   958
 2464     794   846   453   449
 2465     135   371   612   390
 2466     718   949   954   680
 2467     844    44   801   189
 2468     800   542    38   184
 2469     184   836   800   939
 2470     718   925   954   858
 2471      27   388   942   191
 2472     184   542   716   800
 2473     800   939   716   184
 2474     997    40   718   730
 2475     996   315   716   683
 2476     445   996   716   683
 2477     475   524   520    56
 2478     594   184   716   939
 2479     594   939   716   996
 2480     542   123   445   683
 2481     445   594   716   996
 2482     684   731   718   949
 2483      38   997   718   949
 2484      38   949   718   938
 2485     680   938   718   949
 2486     680   925   718   938
 2487     730    40   718   684
 2488     730   684   718   949
 2489     413   904   309   815
 2490     718   897   954    40
 2491     376   863   695   138
 2492     974   367   657   537
 2493     624   695   193   697
 2494     443   904   309   982
 2495     515   647   494    72
 2496     731   680   954   949
 2497     718   684   954   731
 2498      40   684   954   718
 2499      40   731   954   684
 2500     306   731   954    40
 2501     306   781   954   731
 2502      40   781   954   306
 2503     130   781   954    40
 2504     167   169   166   535
 2505     376   862   383   759
 2506     493   104   218   514
 2507     695   697   624    26
 2508     742   995   999   697
 2509     130   815   309   591
 2510     591   781   309   306
 2511     471   490   309   145
 2512     960   145   309   443
 2513     960   471   309   145
 2514     471   982   309   490
 2515     960   982   309   471
 2516     490   982   309   413
 2517     591   306   309   130
 2518     130   306   309   781
 2519     130   781   309   897
 2520     643   443   309   982
 2521     960   443   309   643
 2522     643   982   309   960
 2523     130   490   447   481
 2524     130   591   447   815
 2525     413   591   447   130
 2526     413   815   447   591
 2527     361   386   371   372
 2528     619   381   740   386
 2529     839   366   802   135
 2530     372   844   371   361
 2531     136   362   914   389
 2532     926   614   189   962
 2533      44   614   189   926
 2534      65   621   801   739
 2535      65    44   189   926
 2536     192   191   528   190
 2537     202   548   209   555
 2538     740   386   186   739
 2539     227   215   206   804
 2540     452    87   326   451
 2541     189    65   844    44
 2542     209   219   655   202
 2543      58    57   768    53
 2544      65   926   361   325
 2545     189    65   361   844
 2546     189   926   361    65
 2547     372   386   371   740
 2548     739   621   801   386
 2549     961   386   801   621
 2550     621    65   801   325
 2551     325   961   801   621
 2552     361   386   372   961
 2553     362   378   366    45
 2554     802   839   720   366
 2555     617   136   914   389
 2556     186   381   372   844
 2557     740   381   372   186
 2558     361   961   372   325
 2559     801   961   372   386
 2560     801   386   372   740
 2561     186   844   372   801
 2562     801   740   372   186
 2563      65   844   372   361
 2564     361   325   372    65
 2565     801   325   372   961
 2566     801    65   372   325
 2567     801    44   372    65
 2568     844    44   372   801
 2569     844    65   372    44
 2570     361   926   371   962
 2571     189   926   371   361
 2572     189   962   371   926
 2573     844   189   135   371
 2574     389   962   387   612
 2575     550   655   876   221
 2576     914   742    26   380
 2577     389   366   612   390
 2578     614    44   802    65
 2579     205    47   932   214
 2580     189    44   802   614
 2581     475    88   129   501
 2582      45   362   389   366
 2583     620   845   370   759
 2584     390   389   387   612
 2585     366   378   839    45
 2586     226   560   196   663
 2587      45   366   389   390
 2588     362    45   389   378
 2589     209   555   553   550
 2590      39    27   370   620
 2591     191   388   942   656
 2592     390   191    27    39
 2593     362   378   839   366
 2594     202    41   555   769
 2595     209   548   553   555
 2596     802   366   720   189
 2597     612   362   839   366
 2598     612   366   839   135
 2599     612   962   839   362
 2600     135   962   839   612
 2601     135   371   802   962
 2602     189   371   802   135
 2603     189   962   802   371
 2604     366    45   528   390
 2605     202   219   655   548
 2606     190   742   942   914
 2607     993    59   224   515
 2608     389   387   617   136
 2609      45   389   380   387
 2610     620   617   370   845
 2611     388   861    27   376
 2612     529   530   662   289
 2613     914   191   192   190
 2614     198   222   874   827
 2615     880   227   206   804
 2616      66   204   969    62
 2617     188    24   187   194
 2618     617   191    27   914
 2619     623   392   396   967
 2620      42    68   556   194
 2621     853   195   227   880
 2622      54   199   213   557
 2623     617   380   190   914
 2624     914   191   190   617
 2625     862   759   822   845
 2626     914   617   370    27
 2627      27   376   370   388
 2628     759   388   370   376
 2629     845   388   370   138
 2630     759   138   370   388
 2631     845   138   370   759
 2632     993   527   522   523
 2633     391   742    26   914
 2634     515    59    69   522
 2635     695   697    26   138
 2636     380   136    26   914
 2637     759   376   822   367
 2638     695   138    26   391
 2639     759   376   367   695
 2640     226   559   196   659
 2641     227   195   804   880
 2642     551   210   878   804
 2643     965    41   873   880
 2644     769   195   853   880
 2645     849   824   441   140
 2646     965   219   873    41
 2647     390   191   528   135
 2648      39   191   528   390
 2649     721   190   528   380
 2650      39   380   528   190
 2651     387    39   528   390
 2652     387   390   528    45
 2653     380    39   528   387
 2654     721   380   528    45
 2655     387    45   528   380
 2656     207   559   196   878
 2657     250   570   855   666
 2658     655   209   221   550
 2659     827   222   989   722
 2660      46   195   853    41
 2661     537   862   392   383
 2662     663   222   226   765
 2663     965   195    46    41
 2664     822   383   974   861
 2665     548   219   655   965
 2666     655   548   221   553
 2667     227   215   559   206
 2668      46   195   215   853
 2669     210   195   215    46
 2670     431    32   434    31
 2671     655   550   876   209
 2672     214    47   549   558
 2673     215   210   206   804
 2674     880   219   202   873
 2675     551   722   878   210
 2676     230    54   223   766
 2677     392   967   623   461
 2678     537   974   396   657
 2679     623   863   396   392
 2680     447   490   449   897
 2681     765   222   207   722
 2682     207   206   659   559
 2683      60    55   654   969
 2684     202   548   655   209
 2685     548    41   553   555
 2686      41   219   555   965
 2687     198   554    57   827
 2688     207   722   659   765
 2689     638   640   426   748
 2690     548   965   555   219
 2691     202   219   555    41
 2692     873   202   555   769
 2693     548    41   555   965
 2694     461   967   623   995
 2695     367   537   974   822
 2696     995   477   623   846
 2697     485   994   496   522
 2698     828   970   944   877
 2699     520   475   711   501
 2700     793   440   431   112
 2701     572   280   286    95
 2702     140   824   441    35
 2703     207   559   878   206
 2704     207   206   878   804
 2705     765   206   659   207
 2706     530   810   571   729
 2707     657   974   396   392
 2708     538   644   919   466
 2709     713   509   176   752
 2710     713   872   176   509
 2711      24   194   556   992
 2712     370   388   391    27
 2713     370   845   391   388
 2714     191   656   942   192
 2715     845   138   391   388
 2716     695   138   391   845
 2717     391   388    26   742
 2718     138   388    26   391
 2719     138   697    26   388
 2720     656   388    26   697
 2721     742   388    26   656
 2722     656   697    26   742
 2723     623   477   396   622
 2724     105   573   579   269
 2725     763   825   423   977
 2726     391   914   942   742
 2727      27   914   942   391
 2728     391   742   942   388
 2729     391   388   942    27
 2730     537   967   392   461
 2731     763   977   438   633
 2732     510   229   213   658
 2733     201   229   658   557
 2734     974   863   657   999
 2735     174    30   714   176
 2736     920    43   990    42
 2737     761   225   931   920
 2738     493   514   646   490
 2739     713   510   217   872
 2740     872   646   217   713
 2741     213   646   217    30
 2742     872   509   217   973
 2743     144   988   635   918
 2744      42   194   990   201
 2745     423   825   421   977
 2746     900   168   165   536
 2747     224   499   485   492
 2748     713   646   217   510
 2749     651   877   552    67
 2750     188   546   187    24
 2751     992    24   187   546
 2752     920    43    42   719
 2753     213   514   978   510
 2754     993   108   513   504
 2755     992    68   556   933
 2756     525   518    71    98
 2757      53   549   767   902
 2758     850   427   865    33
 2759      59   518   515   993
 2760     376   863   974   624
 2761     524   133   522   994
 2762     447   538   453   461
 2763     742   999   193   697
 2764     376   695   624   367
 2765     179   988   178   823
 2766     537   967   396   392
 2767     723   970    21   944
 2768     556    68    61   933
 2769      31   141   848    32
 2770      68   229   658   201
 2771     931   557    61   879
 2772     715   988   635   749
 2773     424   763   639   438
 2774      68   933   658   229
 2775      98   523    71   102
 2776     376   138   974   863
 2777     421   763   438   825
 2778     437   850   433   750
 2779     848   141   746   427
 2780      99   752   872   973
 2781     509   973   872   752
 2782     175   713   176   477
 2783     174    30   176   713
 2784     761   225   217   213
 2785     872   510   217   509
 2786     761    30   217   872
 2787     213   225   217   510
 2788     761   213   217    30
 2789     510   646   217   213
 2790     461   624   367   537
 2791     434   916   437   141
 2792     646    30   713   872
 2793     461   477   453   751
 2794     392   863   396   657
 2795     978   213   218   514
 2796     622   145   176   752
 2797     509   510   713   872
 2798     477   622   449   176
 2799     751   490   900   646
 2800     376   863   624   695
 2801     441   849   421   825
 2802      97   646   713   510
 2803     510   509   713    97
 2804      97   509   713   752
 2805     900   751   536   466
 2806     449   958   794   409
 2807     447   466   900   490
 2808     432   706   635   715
 2809     309   794   449   897
 2810     713   477   751   176
 2811     713   176   751   449
 2812     622   872   176    30
 2813     537   999   995   697
 2814     179   823   178   918
 2815     823   456   851   632
 2816     794   846   851   173
 2817     409   145   622   958
 2818     846   861   393   383
 2819      99   958   622   145
 2820     175   477   900   713
 2821     872    99   622   752
 2822     145   752   622    99
 2823     950   958   622    99
 2824     974   383   393   861
 2825     794   958   851   846
 2826     751   466   900   447
 2827      99   973   622   950
 2828     872   973   622    99
 2829     622   409   449   145
 2830     622   145   449   176
 2831     752   490   449    97
 2832     145   490   449   752
 2833     145   752   449   176
 2834     443   409   449   309
 2835     309   145   449   443
 2836     309   897   449   490
 2837     309   490   449   145
 2838     960   409   449   443
 2839     145   409   960   459
 2840     443   145   449   960
 2841     461   822   453   862
 2842     449   447   453   751
 2843     845   759   822   695
 2844     461   846   453   477
 2845      34   177   715   706
 2846     449   176   751   477
 2847     974   624   657   367
 2848     477   999   995   967
 2849     751   447   900   490
 2850     646   490   900   466
 2851     760   918   871   495
 2852     624   863   974   999
 2853     449   822   862   453
 2854     846   862   453   449
 2855     449   447   751   490
 2856      97   646   751   713
 2857      97   490   751   646
 2858     449   490   751    97
 2859     752   713   751   449
 2860     752    97   751   713
 2861     449    97   751   752
 2862     537   999   697   624
 2863     473   538   901   919
 2864     751   447   461   466
 2865     751   477   453   449
 2866     461   751   453   447
 2867     477   846   453   794
 2868     557   766   661    54
 2869     130   644   538   466
 2870     383   862   822   537
 2871     383   376   822   862
 2872     861   376   822   383
 2873     999   863   657   547
 2874     794   449   453   477
 2875     537   367   461   822
 2876     931   225   805   920
 2877     995   846   461   751
 2878     537   995   461   751
 2879     537   967   461   995
 2880     538   130   919   644
 2881     879   931   805   218
 2882     758   466   652   538
 2883      98   518   515    59
 2884     536   466   473   644
 2885     536   169   167   168
 2886     544    21   654   220
 2887     493   514   218   536
 2888     410    17   701   417
 2889     225   213   199   658
 2890     213   225    48   761
 2891     931   104   218   165
 2892     493   514   536   646
 2893     493   466   536   644
 2894     473   919   901   644
 2895     450   644   901   919
 2896     490   493   536   646
 2897     490   466   536   493
 2898     646   466   536   490
 2899     170   758   473   652
 2900     656   742   193   697
 2901      25   504   494   498
 2902     492   505   494   468
 2903     560   722   196   203
 2904     492   468   494    25
 2905     560   207   196   722
 2906     214   902   932   205
 2907     473   450    25   498
 2908      56   522   516   480
 2909     523   993    69   522
 2910     473   170   901   758
 2911     473   758   901   538
 2912     499   498   494   647
 2913      93    88   129   125
 2914     204   546   216   992
 2915     944   970    21    67
 2916     216    24   556   992
 2917     166   169   473   498
 2918     482   478   502   489
 2919     498   497   473   488
 2920     498   108   473   497
 2921      20   197   932   205
 2922     224   499   496   485
 2923     220   803   545   216
 2924     510   514   978   509
 2925     201    43   879   225
 2926     277   573   579   105
 2927     506    63   507   502
 2928     168   535   165   169
 2929     903   806   549   724
 2930      42   920   805   990
 2931     213   229   199   658
 2932      48   225   199   931
 2933     931   514   218   104
 2934     646   213   218   761
 2935     931   213   218   978
 2936     213   225   199    48
 2937     213   646   218   514
 2938     493   536   218   165
 2939     230    52   766    60
 2940     978   931   519   514
 2941      48   931   519   978
 2942     514   104   519   525
 2943      48   647   980   519
 2944     225   557   879   201
 2945     931   104   519   514
 2946      48   647   519   931
 2947     166   169   165   535
 2948     165   498   218   931
 2949     525   104   519   521
 2950     546   204   803   717
 2951     521   104   519   108
 2952     536   646   218   165
 2953     536   514   218   646
 2954     931   920   218   761
 2955     978   514   218   931
 2956     204   546   803   216
 2957     504   108   519   498
 2958     521   108   519   504
 2959     519   504    71   521
 2960     519   521    71   525
 2961     519   980    71   647
 2962     525   521    71   518
 2963     504   518    71   521
 2964     519   647    71   498
 2965     504   498    71   647
 2966     519   498    71   504
 2967     515   993   494   224
 2968     522    69   516   496
 2969      98    59   515    71
 2970     199   557   879   225
 2971     931   557   879   199
 2972     660    21   654   544
 2973      52   212   661   803
 2974      55   228    60   230
 2975     473   169   165   498
 2976     228   660    55    67
 2977     504   505   494   993
 2978     216   803   212   556
 2979     557   931    48   199
 2980     803   216   212   204
 2981     519   498   165   931
 2982     218   920   805   646
 2983     397   492   326   485
 2984     450   473    25   901
 2985     519   108   165   498
 2986     473   498   165   108
 2987     108   104   165   493
 2988     519   931   165   104
 2989     519   104   165   108
 2990     497   493   165   473
 2991     497   108   165   493
 2992     473   108   165   497
 2993     644   536   165   473
 2994     644   493   165   536
 2995     473   493   165   644
 2996     556   216   805    24
 2997     556    24   805   879
 2998      43   225   805   879
 2999      43   920   805   225
 3000     199   931   805   879
 3001     199   225   805   931
 3002     879   225   805   199
 3003     920    43   805   990
 3004     879   201   805    43
 3005     990   201   805   879
 3006     990    43   805   201
 3007     549   903   552   197
 3008     164    67   660   970
 3009      72   647   494    71
 3010     230    60   766   223
 3011     485   994   137   496
 3012     223    60   766    62
 3013     519   980    72    71
 3014     671   810   530   289
 3015     492   993   494   505
 3016      71    59    72   523
 3017     556   212    54    61
 3018     203   878   196   551
 3019     451   128   326   452
 3020     522    59   516   515
 3021     496   485   480   137
 3022     397   468   326   492
 3023     125   984   129    93
 3024     485   499   496   492
 3025      25   468   494   504
 3026     993   505   492   484
 3027     501   479   475   231
 3028     504   518   494    71
 3029     230   723    55   211
 3030     806    47   549   724
 3031     485    87   137   994
 3032     515   980    72    59
 3033     515    59    72    71
 3034     397   468    25   901
 3035     917   506   507   502
 3036     480   496   516    56
 3037     502   517   507   868
 3038     499   647   224   498
 3039     224   499   494   647
 3040      71   515   494    72
 3041     663   827   989   554
 3042     522    69   496   485
 3043      25   498   494   166
 3044     647   498   494   504
 3045     494   492   496   499
 3046     484    87   492   993
 3047     226   222   874   765
 3048     488   504   468   450
 3049     488   505   468   504
 3050     450   233   468   484
 3051     484   488   468   450
 3052     484   505   468   488
 3053     450   444   468   233
 3054     451   444   468   450
 3055     451   233   468   444
 3056     451   484   468   464
 3057     233   464   468   484
 3058     451   464   468   233
 3059     203   722   196   878
 3060     647   504   494    71
 3061     492   224   494   993
 3062     450   504    25   498
 3063     502   868   507   491
 3064     993   994   485    69
 3065     993    87   485   994
 3066     492   993   485   224
 3067     502    63   507   517
 3068     989   222   874   663
 3069     475   125   129    88
 3070     224   993   485   523
 3071      69   523   485   993
 3072     224   523   485    69
 3073     485   993   326    87
 3074     492   993   326   485
 3075     492    87   326   993
 3076     492   484   326    87
 3077     451   484   326   492
 3078     451    87   326   484
 3079     452   457   326    87
 3080     128   457   326   452
 3081     326   457   137    87
 3082     128   457   137   326
 3083     460   457   137   128
 3084     460    87   137   457
 3085     460    89   137    87
 3086     125    89   137   460
 3087     125   994   137    89
 3088      87    89   137   994
 3089     560   765   226   659
 3090     501   524   475   994
 3091     475   231    56    70
 3092     874    19    50   222
 3093     198   551   722   827
 3094     753   711   517   100
 3095     994    88   475   501
 3096     827   200    58   198
 3097     554   198   874   827
 3098      56   507   711    70
 3099     475   231    70   501
 3100     520   522    56   524
 3101     198    19    57   554
 3102     137   994   480   496
 3103     467   994   480   137
 3104     522   524   480    56
 3105     522   994   480   524
 3106     475   524   480   994
 3107      56   524   480   475
 3108     496   994   480   522
 3109     467   125   480   994
 3110     475   125   480   467
 3111     475   994   480    88
 3112     125    88   480   994
 3113     475    88   480   125
 3114     479   231   507   917
 3115     501   231   507   491
 3116      70   231   507   501
 3117     479   502   507   491
 3118     491   231   507   479
 3119     526   100   520   753
 3120      56    63   711   507
 3121      56   520   711    63
 3122     827   198    58    57
 3123     214   767   549   902
 3124     526   522   520   524
 3125     526   524   520   100
 3126     134   329   960    91
 3127     837   911    81   787
 3128     711   100   520   501
 3129     524   475   520   501
 3130     501   100   520   524
 3131     214   902   650   932
 3132     875    19    50   874
 3133     729   152   571   285
 3134     878   559   196   551
 3135     659   559   196   207
 3136     668   579   662    64
 3137     663   827   874   989
 3138     197   214   552   549
 3139     729   810   571   152
 3140     215   853   208    46
 3141     197   558   549   903
 3142     663   765   560   722
 3143     878   551   203   722
 3144     663   722   989   222
 3145     827   551   722   203
 3146     560   663   226   765
 3147     560   722   989   663
 3148     560   203   989   722
 3149     196   551   208   560
 3150     203   551   208    46
 3151     551   210   208    46
 3152     215    46   208   210
 3153     215   206   208   559
 3154     215   210   208   206
 3155     551   804   208   210
 3156     206   210   208   804
 3157     878   551   208   559
 3158     878   559   208   206
 3159     878   206   208   804
 3160     878   804   208   551
 3161     989   554    57   663
 3162     200    57   768    58
 3163     554   874   768   226
 3164      53   767   768    58
 3165      20   651   764   552
 3166     205   197   932    47
 3167     558    53   806    57
 3168      53   200   767    58
 3169     874   765    50   875
 3170     558   806   549   903
 3171     724    53   806    47
 3172     970   197    20   903
 3173     230   228    60   943
 3174     214   549   875   552
 3175     768   549    53   724
 3176      58    47   558    53
 3177     651   660   164    67
 3178      58    53   558    57
 3179      58    47   197   558
 3180     729   573    64   579
 3181     545   803    52   717
 3182     828   877   943   764
 3183     211   228    55   230
 3184     723   211    52   944
 3185     214   197   205    47
 3186     552   651   764   877
 3187     828   970   764   903
 3188      20   877   764   651
 3189     651    20   205   552
 3190     969   545   654    60
 3191     828    20   764   970
 3192      20    47   932   197
 3193     552   197   205   214
 3194     903   970   764    20
 3195      67   970    20   877
 3196     200    19    50    57
 3197     763   977   423   849
 3198     164    67    20   651
 3199     552   903   764    20
 3200     552   877   764   549
 3201     969   717   654   545
 3202     549   903   764   552
 3203      64   834   668   672
 3204      67   877    20   651
 3205     164   970    20    67
 3206     977    35   633   825
 3207     229   933    54    61
 3208     197    47   214   558
 3209     970    47    20   197
 3210     214   558   549   197
 3211     766    62   661   223
 3212      47    53   650   724
 3213     544   220   654   545
 3214     969   204   654   717
 3215      21   220   544   545
 3216     289   810   530   729
 3217      20   197   552   903
 3218     197   970   828   903
 3219     200    19   650   902
 3220     211   228   230   943
 3221      20   970   828   877
 3222     806   558   828   903
 3223     558   197   828   903
 3224      61   933    54   556
 3225     944   558   197   828
 3226     211   828   944   943
 3227     766   223   661    54
 3228     903   828   943   764
 3229     214    47   650   549
 3230     549   902   650   214
 3231     228   877   944    67
 3232     943   877   944   228
 3233     228   211   944   943
 3234     660   970    21   164
 3235      62   717    52   803
 3236     228    67    55   877
 3237     220   803    52   545
 3238     723   803    52   220
 3239     849   825   441    35
 3240     579   277   729   573
 3241      20   164    21   970
 3242      52   723   230   211
 3243      61   557    54   229
 3244     220   723   230    52
 3245      52   545   230   220
 3246     660    67    21   970
 3247      55   220    21   723
 3248     228    67    21   660
 3249     944    67    21   228
 3250      55   228    21   660
 3251     723   944    21   211
 3252     228   211    21   944
 3253      55   211    21   228
 3254     723   211    21    55
 3255     932    20   650    47
 3256     198    19   650   200
 3257      52   545    60   230
 3258     969    55   654    67
 3259     274   811   572   834
 3260     211   661   766    52
 3261      52   803   661   766
 3262     441   140   420   896
 3263     424   763   438   421
 3264      55    62   969    60
 3265     902   650    53   724
 3266     766   803   661    62
 3267      54   212   661    61
 3268      58    47   650   200
 3269     556   933    54   992
 3270     212   216    54   992
 3271     556   216    54   212
 3272     556   992    54   216
 3273     268   573   277   105
 3274     810   573   277   268
 3275     835   530   571   529
 3276     530   729   571   285
 3277     573   810   729   152
 3278     277   810   289   729
 3279     529   530    95   835
 3280     268   810   289   277
 3281     285   834   571   835
 3282     749   988   635   144
 3283     529   668   280   662
 3284     668   835   529   672
 3285      64   579   662   289
 3286      64   277   289   729
 3287     579   277   289    64
 3288      66   204   654   969
 3289     529   662   571   285
 3290     432   918   635   706
 3291     668   285   834    64
 3292     285   668   529   662
 3293      66   201   992    68
 3294     662   530   285   289
 3295     729   289   285   530
 3296     662   289   285    64
 3297     729    64   285   289
 3298     865   424    33   639
 3299     992   933    66    68
 3300      95   834   572   280
 3301     286    95    49   274
 3302     932    47   650   214
 3303     212   216    66   204
 3304      52    62   969   717
 3305      68   933    66    62
 3306     544   545   654   717
 3307     661   803    66    62
 3308     661   212    66   803
 3309     992   204    66   216
 3310      54   933    66   992
 3311     223   933    66    54
 3312     803   204    66    62
 3313     212   204    66   803
 3314     223   212    66   661
 3315     661    62    66   223
 3316     672   668   280   529
 3317     672   529   280    95
 3318     987   409   629   743
 3319      95   834   280   672
 3320      52   545   969    60
 3321      52   717   969   545
 3322     766    60   969    62
 3323      52    60   969   766
 3324     766    62   969    52
 3325      21   660   654    55
 3326     545   230   654    60
 3327     545   220   654   230
 3328      55   230   654   723
 3329     220   723   654   230
 3330      55   723   654   220
 3331      53    47   650    58
 3332      58   200   650    53
 3333     549   724   650   902
 3334      47   724   650   549
 3335     765   659   875   874
 3336     768   767   875   200
 3337     874   767   875   768
 3338     572   811   270    51
 3339     554   874   875   768
 3340     554    19   875   874
 3341     768    57   875   554
 3342     875   902    50   767
 3343     200   767    50   902
 3344     875   767    50   200
 3345     875    57    50   554
 3346      19   554    50    57
 3347     875   554    50    19
 3348     875   768    50    57
 3349     200   768    50   875
 3350     200    57    50   768
 3351      51   270   500    49
 3352     350   339   333   598
 3353     395   694   820   821
 3354     999   547   193   863
 3355     974   392   657   863
 3356     624   863   193   695
 3357     660   651   214    67
 3358     461   537   393   392
 3359     441    35   420   140
 3360     942   742   193   656
 3361     745   916   431    32
 3362     695   863   193   138
 3363     138   863   193   656
 3364     656   697   193   138
 3365     849   824   140   977
 3366     999   863   193   624
 3367     141   866   745   916
 3368     995   846   623   461
 3369     967   622   396   477
 3370     974   537   396   383
 3371     392   383   396   537
 3372     974   383   396   392
 3373     623   995   396   477
 3374     967   995   396   623
 3375     967   477   396   995
 3376     173   958   851   794
 3377     173   872   951   973
 3378     392   537   393   862
 3379     623   846   393   461
 3380     918   988   179   823
 3381     950   958   173   622
 3382     794   622   173   958
 3383     178   930   951   918
 3384     623   461   393   392
 3385     176    30   540   622
 3386     794   846   173   477
 3387     794   477   173   622
 3388     622    30   540   872
 3389     461   846   393   862
 3390     951   173   540   622
 3391     950   973   173   495
 3392     622   973   173   950
 3393     622   872   173   973
 3394     951   622   540   872
 3395     173   622   951   872
 3396     392   383   393   974
 3397     456   495   951   930
 3398     918   930   951   495
 3399     851   958   951   456
 3400     173   958   951   851
 3401     173   456   951   958
 3402     173   950   951   456
 3403     495   950   951   173
 3404     495   456   951   950
 3405     851   632   951   178
 3406     707   795   951   456
 3407     707   456   951   930
 3408     456   632   951   851
 3409     456   795   951   632
 3410     632   930   951   178
 3411     632   707   951   930
 3412     795   707   951   632
 3413     173   392   623   393
 3414     173   392   393   851
 3415     846   173   393   851
 3416     846   623   393   173
 3417     636   866    34   112
 3418      32   745   636   431
 3419     178   918   871   179
 3420     229   223    54   933
 3421     916   440   431   793
 3422     745   440   431   916
 3423     745   866   431   440
 3424     112   440   431   866
 3425     749   432   715   177
 3426     849   977   421   825
 3427     112   706    34   636
 3428     763   825   421   423
 3429     437   141   746   848
 3430     422   916   437   434
 3431     432   435    34   177
 3432     432   706    34   435
 3433     177   706    34   432
 3434     112   866    34   435
 3435     435   706    34   112
 3436     423   977   421   849
 3437     421   825   424   425
 3438     436   865   442    33
 3439     850   434   747   750
 3440     425   424   639    33
 3441     280   834   572   672
 3442     144   918   635   749
 3443     421   825   438   424
 3444     217   973   760   872
 3445     179   988   635   715
 3446     918   432   635   749
 3447     641   427   442   865
 3448     424   825   438   633
 3449     763   633   438   825
 3450     918   179   635   871
 3451     872   871   540   951
 3452     715   749   635   432
 3453     872   973   760   495
 3454     179   918   635   988
 3455     201    30   990   225
 3456     641   850   433   865
 3457     850   427   746   433
 3458     641   850   865   747
 3459     865   427   442    33
 3460     750   422   437   434
 3461     286   280    49    95
 3462     431   916   434    32
 3463     793   916   434   431
 3464     916   141   434    32
 3465     425    33   639   436
 3466     865   850   433   427
 3467     835   834   274    95
 3468     421   423   642   425
 3469     434   422   747   750
 3470     434   141   437    31
 3471     434   428   747   422
 3472     532     7   272   156
 3473     442   427   746   642
 3474      68   225   201   658
 3475      56   520    63   503
 3476      33   427   642   425
 3477     442   427   642    33
 3478      33   436   642   442
 3479      33   425   642   436
 3480     423   763   642   425
 3481     425   763   642   424
 3482     639   424   642   763
 3483     639   763   642   436
 3484     639   425   642   424
 3485     436   425   642   639
 3486     437   850   746   433
 3487     848    31   437   141
 3488     850   434   437    31
 3489     750   434   437   850
 3490     291   580   283   278
 3491     850   848   746   427
 3492     850    31   437   848
 3493     916   422   437   440
 3494      51   274    49   279
 3495     279   811    51   274
 3496      95   274   286   572
 3497     270   811   286   274
 3498      54   213   229   557
 3499     992   201   194    68
 3500     862   794   449   846
 3501      56    63   507   503
 3502      56   507    70   503
 3503     753   520   711   100
 3504      51   811   270   274
 3505     542   594   445   123
 3506     834   668   672   835
 3507     217   658   510   225
 3508      77   254   564   867
 3509     697   380    26   742
 3510     309   794   409   449
 3511     557   661    61    54
 3512     668   285   529   835
 3513     999   537   657   624
 3514     423   436   642   763
 3515     650   902    53   200
 3516      53   549   902   724
 3517     768   549   767    53
 3518     348   134   347   998
 3519     225   990   201    43
 3520      30   990   225    43
 3521       6   574   281   581
 3522     357   602   113   788
 3523     161   982   162   964
 3524     594   684   306   124
 3525     532   813   754   276
 3526     591   680   925   592
 3527     542   445   716   683
 3528     930   143   456   495
 3529     409   145   960   449
 3530     661   944    52   211
 3531     784   949   124   836
 3532     608   687   736   583
 3533     520   475    56   711
 3534     711   475    70   501
 3535     793   109   428   112
 3536     542   123   683   184
 3537     887   743   406   956
 3538     563   905    82   664
 3539     950   673   958    99
# Generated by ./tetgen /home/yuzhang/repos/Gaia/Data/mesh_models/ModelsDifferentRes/octopus/octopus_2KFaces_reset.ply 
