$MeshFormat
2.2 0 8
$EndMeshFormat
$Nodes
2502
1 -0.2190346 2.7839830000000001 0.22340650000000001
2 -0.21047830000000001 2.8739780000000001 0.1235976
3 -0.22008659999999999 2.794886 0.17094480000000001
4 -0.22749240000000001 2.842222 0.1505513
5 -0.41345300000000001 3.0232929999999998 0.032034079999999999
6 -0.2271591 2.8733219999999999 0.1095472
7 -0.22058610000000001 2.8632770000000001 0.1302527
8 -0.1943879 2.9142950000000001 0.1011364
9 -0.1485194 2.9216069999999998 0.074195979999999995
10 -0.16173390000000001 2.9219750000000002 0.091319499999999998
11 -0.43994030000000001 3.0580940000000001 0.050956399999999999
12 -0.16861789999999999 2.9507979999999998 0.085797880000000007
13 -0.17482780000000001 2.9209550000000002 0.097528309999999993
14 -0.1498883 2.9577779999999998 0.085684850000000007
15 -0.140568 2.9692099999999999 0.080279180000000006
16 -0.11370950000000001 2.9628619999999999 0.082835850000000003
17 -0.03242664 3.0944099999999999 0.0071942059999999999
18 -0.088107199999999997 2.9785189999999999 0.079133919999999996
19 -0.22049659999999999 2.787585 0.2676597
20 0.046910769999999997 2.7026089999999998 0.12995979999999999
21 0.090095129999999995 2.6906599999999998 0.19165309999999999
22 -0.011163029999999999 2.7084410000000001 0.098449990000000001
23 -0.01718691 2.7617560000000001 0.098020140000000006
24 -0.044937829999999998 2.7871220000000001 0.101885
25 -0.02426611 2.7758090000000002 0.097431480000000001
26 0.032902510000000003 2.856786 0.14127020000000001
27 -0.041436720000000003 2.8394650000000001 0.099260470000000003
28 -0.02268966 2.8868010000000002 0.096654439999999994
29 -0.01401313 2.8730690000000001 0.086314070000000007
30 -0.1103536 3.143386 -0.07460783
31 -0.1137716 3.2221280000000001 -0.13894809999999999
32 -0.1064307 3.1651159999999998 -0.085664610000000002
33 -0.1276534 3.2372719999999999 -0.13116949999999999
34 -0.074263049999999997 3.1371069999999999 -0.066501480000000002
35 -0.10857310000000001 3.2248260000000002 -0.13991899999999999
36 -0.1294197 3.2893059999999998 -0.10905860000000001
37 -0.029400240000000001 3.1529289999999999 -0.040611750000000002
38 -0.34734930000000003 2.9988489999999999 -0.05122699
39 -0.3770059 3.0033280000000002 -0.023594980000000002
40 -0.34082170000000001 2.9783629999999999 -0.075782310000000006
41 -0.261266 3.0156900000000002 -0.096477400000000005
42 -0.2226138 3.0324800000000001 -0.1008704
43 -0.23188 3.0335450000000002 -0.1166663
44 -0.2112474 3.0276109999999998 -0.093795180000000006
45 -0.21846090000000001 3.142906 -0.061278359999999997
46 -0.24274770000000001 3.02718 -0.1019829
47 -0.20360310000000001 3.0452140000000001 -0.11129989999999999
48 -0.17985979999999999 3.052082 -0.1126427
49 -0.1303435 3.060629 -0.070756849999999996
50 -0.16504940000000001 3.1431990000000001 -0.075601119999999994
51 -0.1288765 3.0502609999999999 -0.061339989999999997
52 -0.085757399999999998 3.0517029999999998 -0.035630269999999999
53 -0.066280039999999998 3.0478139999999998 -0.035932390000000002
54 -0.028650269999999999 3.056432 0.022510789999999999
55 -0.046962030000000002 3.1215920000000001 -0.02809269
56 -0.07253598 3.0544280000000001 -0.053664290000000003
57 -0.097348920000000005 3.0435240000000001 -0.034335350000000001
58 -0.065261029999999998 3.1341519999999998 -0.057377579999999997
59 -0.13056380000000001 2.9820980000000001 0.047135410000000003
60 -0.1031946 3.0532029999999999 -0.05134586
61 -0.08853366 3.0093779999999999 -0.075255810000000006
62 0.1815831 3.3410389999999999 -0.14236109999999999
63 0.19783539999999999 3.3207420000000001 -0.14968500000000001
64 0.30696449999999997 2.8122180000000001 0.01011632
65 0.31972339999999999 2.821679 -9.3491889999999998e-05
66 0.2430331 2.8199730000000001 0.024007589999999999
67 0.2391595 2.8202210000000001 0.015785850000000001
68 0.19902700000000001 3.0403709999999999 0.01232603
69 0.2076056 2.8315260000000002 0.028551239999999999
70 -0.13142000000000001 3.2998639999999999 -0.1229553
71 -0.13728370000000001 3.3128989999999998 -0.1203934
72 -0.12891710000000001 3.3025229999999999 -0.1086191
73 -0.13591529999999999 3.257844 -0.14925359999999999
74 -0.092666070000000003 3.2300589999999998 -0.1656116
75 0.12716350000000001 2.8911099999999998 0.039376220000000003
76 0.1147195 2.960226 -0.018248150000000001
77 0.1091188 2.9169740000000002 -0.0015511399999999999
78 0.1159921 2.954923 -0.036581620000000002
79 0.12189419999999999 2.8999139999999999 0.045600139999999997
80 0.1011503 2.9622700000000002 0.027466930000000001
81 0.1159873 2.9446560000000002 -0.052408669999999997
82 0.18458260000000001 3.0377710000000002 0.0037522739999999999
83 0.1183212 3.0225550000000001 0.0096009449999999996
84 0.095289490000000004 3.0119500000000001 0.0082925329999999995
85 0.17443739999999999 3.0516930000000002 -0.0047018889999999999
86 0.090338370000000001 3.01248 -0.028719060000000001
87 0.13036719999999999 3.037255 0.0082405299999999994
88 0.014256130000000001 3.1082420000000002 0.003307178
89 0.1539838 3.0736340000000002 0.033808339999999999
90 0.0034556679999999998 3.1179649999999999 0.0054824039999999997
91 -0.0054267259999999998 3.0709970000000002 -0.0032933839999999999
92 0.018156289999999999 3.0245389999999999 0.056426879999999999
93 0.020090090000000001 3.001125 0.097987959999999999
94 0.02820785 3.051215 0.03954154
95 0.026483360000000001 3.0490699999999999 0.03070469
96 0.06691954 2.928137 0.068754239999999994
97 0.061651749999999998 2.8837120000000001 0.14882310000000001
98 0.051598150000000002 2.949662 0.082822140000000002
99 0.072743130000000003 2.9337589999999998 0.065057719999999999
100 0.1702756 2.9195829999999998 0.13551160000000001
101 0.097386500000000001 2.9946350000000002 0.065619919999999998
102 0.046870460000000003 2.8973689999999999 0.1586563
103 0.057130849999999997 2.8878249999999999 0.15596090000000001
104 0.068910760000000001 2.879156 0.15717880000000001
105 0.1131812 2.8752439999999999 0.14310529999999999
106 0.099546389999999998 2.872808 0.14932870000000001
107 0.03008048 2.9173279999999999 0.16027159999999999
108 0.03604752 2.9223150000000002 0.1478863
109 0.1755776 2.9312900000000002 0.1586803
110 0.032585860000000001 2.9394670000000001 0.1392304
111 0.020785970000000001 2.9319649999999999 0.1173308
112 0.16938520000000001 2.9225340000000002 0.14174819999999999
113 0.010404989999999999 2.9534549999999999 0.14536279999999999
114 0.032559930000000001 2.9383849999999998 0.12530289999999999
115 0.018017390000000001 2.9802909999999998 0.1229919
116 0.037547539999999997 2.9686979999999998 0.11235050000000001
117 0.024872160000000001 2.986364 0.113353
118 0.094812590000000002 3.0064669999999998 0.069703329999999994
119 -0.093291609999999997 3.2177199999999999 -0.14986720000000001
120 -0.060773500000000001 3.1932429999999998 -0.1562402
121 0.1475611 3.3587760000000002 -0.1396859
122 0.1640122 3.328465 -0.15023710000000001
123 0.01914395 3.161098 -0.1387283
124 0.22541439999999999 3.2028470000000002 -0.1175393
125 0.052838620000000003 3.1264820000000002 -0.12015140000000001
126 0.2126284 3.240837 -0.14885290000000001
127 0.067363939999999997 3.0905499999999999 -0.067854040000000004
128 0.1878524 3.097874 0.00064128790000000002
129 0.18904309999999999 3.0979679999999998 -0.0056983010000000002
130 0.069107650000000007 3.0597310000000002 -0.036412050000000001
131 0.075415419999999997 3.0717989999999999 -0.052722430000000001
132 0.1635663 3.0780639999999999 0.0070721949999999999
133 0.070529510000000004 3.0795599999999999 -0.060014159999999997
134 0.2392648 3.2434690000000002 -0.1238312
135 0.2517279 3.2298719999999999 -0.13091430000000001
136 0.24469850000000001 3.2407149999999998 -0.12954570000000001
137 0.25714219999999999 3.1966809999999999 -0.094411599999999998
138 0.47289029999999999 2.8995000000000002 0.0058007989999999997
139 0.2093508 2.8226429999999998 0.050246810000000003
140 0.1860898 2.8442249999999998 0.05506614
141 0.13909079999999999 2.8761860000000001 0.064503340000000006
142 0.1463795 2.8748209999999998 0.046698280000000002
143 0.13925460000000001 2.8836930000000001 0.12665460000000001
144 0.13071099999999999 2.8888500000000001 0.059027459999999997
145 0.1099672 2.9085429999999999 0.058850859999999998
146 0.2576483 3.1141960000000002 -0.031958269999999997
147 0.24924109999999999 3.1038169999999998 -0.019659900000000001
148 0.26163809999999998 3.116069 -0.0414758
149 0.23619809999999999 3.0892770000000001 0.00027816100000000002
150 0.2422473 3.0964559999999999 -0.0046193939999999998
151 0.22528339999999999 3.0873940000000002 0.013681469999999999
152 0.23052639999999999 3.071374 0.0015988809999999999
153 0.1609671 3.0188130000000002 0.054095339999999999
154 0.1381066 3.0192230000000002 0.062205459999999997
155 0.26477590000000001 2.7811900000000001 0.020450289999999999
156 0.41453010000000001 2.8694320000000002 -0.024235719999999999
157 0.40578809999999998 2.867359 -0.02273472
158 0.25559100000000001 2.8091219999999999 -0.0068852619999999996
159 0.066127459999999999 2.8756330000000001 0.02657837
160 0.3399623 2.8157869999999998 0.0022041410000000002
161 0.30500189999999999 2.800611 -0.027413360000000001
162 0.4290274 2.8780160000000001 0.0031833120000000002
163 0.10323069999999999 2.6894390000000001 0.2102541
164 0.071521009999999996 2.9057439999999999 0.07347977
165 0.30901050000000002 2.792262 0.0093474549999999993
166 0.312162 2.8043610000000001 0.01099588
167 0.10997469999999999 2.7037179999999998 0.21330479999999999
168 0.1610663 2.825097 0.01984242
169 0.33363340000000002 2.8056139999999998 -0.031471989999999998
170 0.29786639999999998 2.7921390000000001 -0.02251589
171 0.093881019999999996 2.8699910000000002 0.075964760000000006
172 0.47815160000000001 2.9098480000000002 0.037442290000000003
173 0.082562389999999999 2.8556870000000001 0.042799190000000001
174 0.090952580000000005 2.8633090000000001 0.027571419999999999
175 0.1074321 2.7033 0.19811309999999999
176 0.091126639999999995 2.6967379999999999 0.14630370000000001
177 0.17970839999999999 2.794556 0.048236330000000001
178 0.22480459999999999 2.8125650000000002 0.004316589
179 0.24249129999999999 2.786276 -0.0041063100000000002
180 0.24977060000000001 3.1180690000000002 -0.071528590000000003
181 0.1559384 2.8395359999999998 0.0232219
182 0.07584341 2.9057740000000001 -0.1345103
183 0.33234409999999998 2.8132470000000001 -0.033145099999999997
184 0.29997950000000001 2.8085420000000001 -0.02520528
185 0.081653989999999996 2.9272109999999998 -0.13174440000000001
186 0.067308110000000004 2.8508089999999999 -0.060400299999999997
187 0.11070000000000001 2.9152450000000001 -0.069643709999999998
188 0.04875927 2.8569870000000002 0.0088040310000000004
189 0.17268020000000001 2.7941199999999999 0.03962359
190 0.1044302 2.850476 0.029802289999999999
191 0.3680679 2.8297240000000001 -0.035965759999999999
192 0.12855259999999999 2.8269639999999998 0.066007579999999996
193 0.015731180000000001 2.863378 -0.1457146
194 0.26137139999999998 3.1684480000000002 -0.1064047
195 0.048285090000000003 2.7081710000000001 0.10163369999999999
196 0.25185459999999998 3.1018279999999998 -0.046188239999999998
197 0.1089241 2.8392149999999998 0.035217459999999999
198 0.37040299999999998 2.8446009999999999 -0.03055035
199 0.04183539 2.8393579999999998 -0.049652309999999998
200 0.079664219999999994 2.8629630000000001 -0.02324437
201 0.1290298 2.8550759999999999 0.076251990000000006
202 0.055334880000000003 2.8523990000000001 -0.1025822
203 0.20884510000000001 2.8099240000000001 0.054208470000000002
204 0.11181770000000001 2.863076 0.077450450000000004
205 0.032431830000000002 2.859124 -0.1349196
206 0.093897939999999999 2.8889339999999999 -0.094905489999999995
207 0.047997860000000003 2.8961269999999999 -0.15418100000000001
208 0.043774460000000001 2.8447339999999999 -0.020300720000000001
209 0.056891190000000001 2.8522059999999998 -0.011166300000000001
210 0.088897889999999993 2.873205 -0.079079990000000003
211 0.039731969999999998 2.9062190000000001 0.071117029999999998
212 0.02631242 2.8441239999999999 -0.1115189
213 -0.44647589999999998 3.053312 0.037878910000000002
214 -0.44385869999999999 3.0534340000000002 0.051059489999999999
215 -0.41402099999999997 3.0306259999999998 0.01850518
216 -0.084355529999999998 3.0144799999999998 -0.080656110000000003
217 -0.28015329999999999 3.0028079999999999 -0.1193065
218 -0.029574240000000002 3.0334989999999999 -0.052498789999999997
219 -0.37362339999999999 2.9854889999999998 -0.0098266120000000002
220 -0.088733010000000001 3.0466069999999998 -0.091828489999999999
221 -0.34370289999999998 2.9722819999999999 -0.04259259
222 -0.1856968 2.934682 0.058043169999999998
223 -0.1242962 3.0129489999999999 -0.078204029999999994
224 -0.39347080000000001 2.992985 0.0020431820000000002
225 -0.3367619 2.9841760000000002 -0.04423966
226 -0.072489339999999999 2.986351 -0.040264340000000003
227 -0.26253379999999998 3.0005929999999998 -0.091583189999999995
228 -0.28846060000000001 2.9728150000000002 -0.098265790000000006
229 -0.2125514 2.8661020000000001 0.084007200000000004
230 -0.22855239999999999 2.9916489999999998 -0.1158831
231 -0.23754800000000001 2.9890979999999998 -0.11080569999999999
232 -0.044109589999999997 2.9075929999999999 -0.1496159
233 -0.02286999 3.0229219999999999 -0.084169190000000005
234 -0.2907284 3.0083479999999998 -0.1051383
235 -0.110482 3.047196 -0.1042516
236 -0.18180060000000001 3.0270350000000001 -0.13269629999999999
237 -0.030786649999999999 2.9199540000000002 -0.16199279999999999
238 -0.053906290000000003 2.9491830000000001 -0.13545460000000001
239 -0.37879360000000001 2.9811510000000001 -0.027654350000000001
240 -0.1534615 3.0563790000000002 -0.1089227
241 -0.081765790000000005 3.0228920000000001 -0.0867203
242 -0.057612869999999997 2.9293670000000001 -0.13700699999999999
243 -0.17068069999999999 3.0179640000000001 -0.12689249999999999
244 -0.1376724 3.3703609999999999 -0.090106729999999996
245 -0.1821209 3.0089939999999999 -0.103119
246 -0.1793999 3.0356920000000001 -0.13009100000000001
247 -0.099287520000000004 3.0136370000000001 -0.039437060000000003
248 -0.2412377 3.0020389999999999 -0.13144069999999999
249 -0.02470234 3.1341359999999998 -0.16580339999999999
250 -0.080334710000000004 2.9477030000000002 -0.068124989999999996
251 -0.28396729999999998 2.984302 -0.115188
252 -0.034775859999999999 2.9531049999999999 -0.1511808
253 -0.047512180000000001 2.9604919999999999 -0.13617399999999999
254 -0.091989870000000001 3.032619 -0.096198339999999993
255 -0.14323710000000001 3.0484900000000001 -0.1167496
256 -0.080171820000000005 2.92083 -0.043303149999999999
257 -0.078962640000000001 2.9305080000000001 -0.081960630000000007
258 -0.10334699999999999 3.022729 -0.0388376
259 -0.02135312 2.879569 -0.15255569999999999
260 -0.0755749 3.0499969999999998 -0.079035069999999999
261 -0.0027817940000000002 3.1168200000000001 -0.13949700000000001
262 -0.044349680000000002 2.9948980000000001 -0.1077579
263 -0.068531229999999999 2.9677880000000001 -0.096390550000000005
264 -0.056583950000000001 2.9935969999999998 -0.088342950000000003
265 -0.2287343 2.8190499999999998 0.1339677
266 -0.013759510000000001 2.8910629999999999 -0.16259090000000001
267 -0.099120849999999996 2.9959349999999998 0.04278233
268 -0.046752769999999999 3.135751 -0.063784259999999995
269 -0.090679540000000003 3.1822819999999998 -0.16893710000000001
270 -0.1039413 3.2140409999999999 -0.1777011
271 -0.042514530000000002 2.9779230000000001 -0.12825010000000001
272 -0.13920289999999999 3.1409509999999998 -0.091885339999999996
273 -0.051071949999999998 3.130646 -0.057032119999999999
274 -0.093078049999999996 3.1489829999999999 -0.090539499999999995
275 -0.049694559999999999 2.8929130000000001 0.03855513
276 0.062636310000000001 2.8556330000000001 0.15591579999999999
277 0.079815150000000001 2.6819860000000002 0.16520380000000001
278 -0.065001680000000006 2.887588 0.060659589999999999
279 -0.061295549999999997 2.9066010000000002 0.018059140000000001
280 0.112386 2.8529119999999999 0.14043829999999999
281 0.096523390000000001 2.6954389999999999 0.21666360000000001
282 0.01214579 2.8377979999999998 -0.036413960000000002
283 -0.022656059999999999 2.807804 0.085471469999999994
284 -0.060840440000000003 2.8182990000000001 0.095206910000000006
285 -0.011401100000000001 2.7644799999999998 0.07819661
286 -0.050621689999999997 2.9283890000000001 0.053100330000000001
287 -0.022687249999999999 2.8788860000000001 0.037041129999999999
288 0.01275393 2.8354710000000001 -0.075259069999999997
289 0.035492099999999999 2.71488 0.1085207
290 -0.01278525 2.8452510000000002 -0.022967049999999999
291 -0.0443594 2.911505 0.0828343
292 0.01128554 2.7006770000000002 0.081254209999999993
293 0.01568671 2.8351579999999998 -0.055815190000000001
294 0.0001059529 2.7153860000000001 0.070491689999999996
295 -0.033756510000000003 2.8847179999999999 0.034471429999999997
296 0.0037684559999999999 2.863585 0.028933859999999999
297 -0.069558289999999995 2.8675739999999998 0.064185800000000001
298 -0.17026040000000001 2.9092229999999999 0.093506980000000003
299 0.028900209999999999 2.7010369999999999 0.084188349999999995
300 -0.049953980000000002 2.8685939999999999 -0.023890519999999998
301 -0.07150803 2.8531179999999998 0.074951450000000003
302 -0.20732800000000001 2.7899609999999999 0.19946659999999999
303 -0.044649759999999997 2.8602910000000001 -0.036249780000000002
304 -0.000109807 2.9026679999999998 0.1268831
305 -0.040781989999999997 2.798184 0.053461139999999997
306 -0.020523309999999999 2.9270350000000001 0.1321734
307 -0.1953725 2.8594170000000001 0.1119802
308 -0.052019049999999997 2.8791530000000001 -0.003039744
309 -0.012859249999999999 2.918739 0.124171
310 -0.14945020000000001 2.9237660000000001 0.057934520000000003
311 0.030688279999999998 2.84552 -0.0086137590000000003
312 -0.2001058 2.849926 0.10240929999999999
313 0.002597813 2.91811 0.1211047
314 -0.087191260000000007 2.9607589999999999 0.077007720000000002
315 -0.18032100000000001 2.892973 0.07094222
316 0.0056359929999999997 2.8383980000000002 -0.097736619999999996
317 -0.1657518 2.905459 0.081816449999999999
318 -0.008713798 2.8380350000000001 -0.073476630000000001
319 0.15189720000000001 2.879931 0.14497180000000001
320 -0.17914260000000001 2.8886669999999999 0.090436879999999997
321 -0.12974359999999999 3.3754 -0.089129529999999998
322 -0.12639900000000001 3.3677160000000002 -0.092831090000000005
323 0.018313929999999999 3.1241889999999999 -0.1647158
324 -0.13345270000000001 3.3969269999999998 -0.098076979999999994
325 -0.14128789999999999 3.3112379999999999 -0.1218969
326 -0.083465040000000004 3.2080649999999999 -0.1852462
327 -0.1257547 3.2238709999999999 -0.15490519999999999
328 -0.1153488 3.2167469999999998 -0.1422697
329 -0.038162519999999998 3.1582300000000001 -0.15084040000000001
330 0.0083746970000000004 3.0451700000000002 -0.020497939999999999
331 0.01180465 3.10182 -0.094200069999999997
332 -0.14657870000000001 3.3046530000000001 -0.12204180000000001
333 -0.1401174 3.3288419999999999 -0.1139942
334 -0.13871240000000001 3.3611339999999998 -0.1033925
335 -0.1298801 3.401017 -0.091277670000000005
336 -0.1950286 3.1508600000000002 -0.067264149999999995
337 -0.075841809999999996 3.162048 -0.05473037
338 -0.15533330000000001 3.1575289999999998 -0.090284879999999998
339 -0.1767705 3.155151 -0.081556420000000004
340 -0.089909470000000005 3.191068 -0.15379970000000001
341 0.033063139999999998 3.1290149999999999 -0.15630530000000001
342 0.0047305000000000003 2.9925060000000001 -0.1385894
343 0.045964779999999997 3.098144 -0.13505039999999999
344 0.074019249999999995 3.0561609999999999 -0.072491200000000006
345 -0.1184573 3.2243919999999999 -0.16777980000000001
346 0.0186167 3.1520800000000002 -0.16445109999999999
347 0.21537239999999999 3.245984 -0.1555
348 0.02824026 2.9895130000000001 -0.13954330000000001
349 -0.016592269999999999 3.169006 -0.18478359999999999
350 0.0089843560000000006 3.0416439999999998 -0.05282158
351 -0.07544903 3.15429 -0.084355589999999994
352 0.040330280000000003 3.039355 -0.07864314
353 0.067350339999999995 3.0769600000000001 -0.099495739999999999
354 0.01566385 3.0471180000000002 -0.017528950000000001
355 -0.1162277 3.2441049999999998 -0.1641415
356 -0.077021800000000001 3.213063 -0.18117030000000001
357 0.055699470000000001 3.1173000000000002 -0.12525900000000001
358 0.059883560000000002 3.0056090000000002 -0.1074765
359 0.047360890000000003 3.0171049999999999 -0.099735359999999995
360 -0.01514415 3.1172939999999998 -0.035981869999999999
361 0.022776029999999999 3.0460210000000001 -0.073350910000000005
362 -0.014031780000000001 2.9859239999999998 -0.14016219999999999
363 0.076038759999999997 3.0299990000000001 0.013252160000000001
364 0.038468540000000002 2.958717 -0.15565709999999999
365 0.071965219999999996 3.0278510000000001 -0.020260710000000001
366 0.055837749999999998 3.020235 -0.086928000000000005
367 -0.1925596 3.14811 -0.079880300000000001
368 -0.00086471550000000001 2.9753910000000001 -0.15120819999999999
369 -0.22639110000000001 2.8046319999999998 0.2889909
370 -0.24725649999999999 2.8392930000000001 0.37308930000000001
371 -0.1187827 2.9564879999999998 0.035896299999999999
372 -0.050045840000000001 2.9829270000000001 0.073964769999999999
373 -0.016007520000000001 2.9924870000000001 0.093678220000000006
374 -0.2171565 2.8111009999999998 0.3231233
375 -0.069161890000000004 2.887359 -0.071877479999999994
376 -0.21366750000000001 2.8111950000000001 0.29299059999999999
377 -0.20598810000000001 2.801186 0.27834409999999998
378 0.0105612 2.8885909999999999 0.15854950000000001
379 -0.2334058 2.8130320000000002 0.32643660000000002
380 -0.11165559999999999 2.945014 0.047191499999999997
381 -0.093027150000000003 2.9760599999999999 0.0270788
382 -0.05311954 2.8640750000000001 -0.071446579999999996
383 -0.084482059999999998 2.9628570000000001 0.030157699999999999
384 0.12728220000000001 3.4179870000000001 -0.10927969999999999
385 0.1283523 3.4174709999999999 -0.10281120000000001
386 0.18833050000000001 3.3226390000000001 -0.16139020000000001
387 0.2124489 3.2714789999999998 -0.13378019999999999
388 0.044372389999999998 3.01851 0.055283079999999998
389 0.2206198 3.0925319999999998 -0.043933779999999999
390 0.050682049999999999 2.999622 0.068455379999999996
391 0.2127317 3.1046040000000001 0.0083797950000000006
392 0.21020059999999999 3.0547849999999999 -0.0088307669999999998
393 0.25075769999999997 3.1414909999999998 -0.093177659999999995
394 0.2291435 3.2259980000000001 -0.11393929999999999
395 0.2316241 3.2391350000000001 -0.1189356
396 0.2423835 3.1329889999999998 -0.085588239999999996
397 0.094385449999999996 2.9529450000000002 -0.11052480000000001
398 0.098709459999999999 2.9705940000000002 -0.092613440000000005
399 0.24221400000000001 3.1465109999999998 -0.039175639999999998
400 0.22455649999999999 3.1245349999999998 -0.01500016
401 0.14982290000000001 3.057642 0.052317759999999998
402 0.21275720000000001 3.2587000000000002 -0.13207060000000001
403 0.062781340000000005 2.922666 -0.1491759
404 -0.2246348 3.1420870000000001 -0.047708250000000001
405 -0.20981440000000001 3.1409899999999999 -0.056312729999999998
406 0.00046206820000000001 3.0428289999999998 0.0019650890000000002
407 -0.020558440000000001 3.0574889999999999 0.0064382019999999996
408 -0.039745000000000003 3.0267770000000001 -0.0057974610000000003
409 0.017106509999999998 3.010913 0.081673019999999999
410 -0.0003046627 2.9881540000000002 0.1165721
411 -0.01269521 2.9631560000000001 0.089267899999999997
412 0.18560090000000001 2.9394390000000001 0.15866959999999999
413 0.05254085 2.8777119999999998 0.1643492
414 0.032262449999999998 2.8754379999999999 0.1319283
415 -0.021058859999999999 2.9621219999999999 0.1013448
416 -0.027267670000000001 2.9542090000000001 0.081765770000000002
417 0.092566010000000004 2.8680159999999999 0.13431560000000001
418 0.0101341 2.9818419999999999 0.12327109999999999
419 0.1658946 2.905713 0.15296689999999999
420 0.022930929999999999 2.9482900000000001 0.095966330000000002
421 0.01462663 2.9096679999999999 0.12673780000000001
422 0.035466049999999999 3.011981 0.067370360000000004
423 -0.066150870000000001 2.9529290000000001 0.033563490000000001
424 -0.22521269999999999 2.8129059999999999 0.1932015
425 -0.2206774 2.8467790000000002 0.1458274
426 -0.2264613 2.8294190000000001 0.16380939999999999
427 -0.225469 2.8729330000000002 0.1202334
428 -0.2174555 2.8719830000000002 0.12680920000000001
429 -0.20847280000000001 2.905662 0.10440770000000001
430 -0.19831850000000001 2.9088889999999998 0.1067202
431 -0.1929275 2.9054880000000001 0.1054303
432 -0.18713920000000001 2.9367049999999999 0.087262619999999999
433 -0.1819646 2.946736 0.084417339999999993
434 -0.18137619999999999 2.9474659999999999 0.076175640000000003
435 -0.15343329999999999 2.9639519999999999 0.080015600000000006
436 -0.1340095 2.9779520000000002 0.073979110000000001
437 -0.1001552 2.9862109999999999 0.074384320000000004
438 -0.11167299999999999 2.9792779999999999 0.078706529999999997
439 -0.028936980000000001 3.0999859999999999 0.014792710000000001
440 -0.1076105 2.9900850000000001 0.074373069999999999
441 -0.1038681 2.9745089999999998 0.081030199999999997
442 -0.1035782 2.9832070000000002 0.081327570000000002
443 0.02521646 2.7041390000000001 0.1217891
444 -0.01286083 2.7166190000000001 0.10447090000000001
445 0.0091389109999999996 2.7134529999999999 0.11323850000000001
446 -0.03312126 2.7475930000000002 0.10427069999999999
447 -0.02568877 2.75475 0.10559159999999999
448 -0.047749189999999997 2.7802069999999999 0.1000733
449 -0.034513729999999999 2.7896510000000001 0.104313
450 -0.033155129999999998 2.7989639999999998 0.098889630000000006
451 -0.048328790000000003 2.829895 0.1017777
452 -0.03900323 2.8720340000000002 0.096620330000000004
453 -0.041598320000000001 2.8826040000000002 0.094659309999999997
454 -0.023676229999999999 2.8777599999999999 0.093087110000000001
455 -0.01555574 2.8742209999999999 0.095031329999999997
456 -0.094293520000000006 3.1669459999999998 -0.073470439999999998
457 -0.037930270000000002 3.1553550000000001 -0.037157490000000001
458 -0.30185820000000002 3.0035560000000001 -0.080614030000000003
459 -0.2982031 2.9928520000000001 -0.076112630000000001
460 -0.27176729999999999 3.0179290000000001 -0.099627740000000006
461 -0.28482259999999998 3.0104510000000002 -0.095458890000000005
462 -0.23539309999999999 3.02739 -0.097596450000000001
463 -0.234768 3.0206940000000002 -0.096542249999999996
464 -0.1973454 3.0389550000000001 -0.092465199999999997
465 -0.20849010000000001 3.045715 -0.1066139
466 -0.1606572 3.055399 -0.088981110000000002
467 -0.1717177 3.0504660000000001 -0.089452779999999996
468 -0.12501309999999999 3.0570750000000002 -0.067541870000000004
469 -0.13944699999999999 3.0508310000000001 -0.06563455
470 -0.1426528 3.0553409999999999 -0.074122320000000005
471 -0.082840319999999995 3.0456099999999999 -0.034532439999999998
472 -0.080216499999999996 3.0524089999999999 -0.04316789
473 -0.087524649999999996 3.0408409999999999 -0.032234779999999998
474 -0.096644359999999999 3.036276 -0.035081479999999998
475 -0.089238709999999999 3.0570529999999998 -0.052508779999999998
476 -0.1145781 2.9917189999999998 0.052584560000000002
477 -0.1033699 3.0507770000000001 -0.042267970000000002
478 -0.099807000000000007 3.0561410000000002 -0.045651789999999998
479 0.25985469999999999 2.8122579999999999 0.027065490000000001
480 0.26042680000000001 2.817869 0.015673409999999999
481 0.25701269999999998 2.8139699999999999 -0.0018820449999999999
482 0.27758660000000002 2.8153920000000001 -0.007954727
483 0.23681150000000001 2.821885 0.036185729999999999
484 0.23189029999999999 2.8260860000000001 0.025473369999999999
485 0.22315950000000001 2.826041 0.024104489999999999
486 -0.1295779 3.3120949999999998 -0.1112904
487 -0.12703729999999999 3.2901899999999999 -0.1184846
488 -0.1226478 3.2709589999999999 -0.12786980000000001
489 -0.1219123 3.2697829999999999 -0.13954369999999999
490 0.1071262 2.9253999999999998 0.01071276
491 0.1127109 2.9171969999999998 -0.01736762
492 0.1157113 2.930965 0.0077022210000000004
493 0.1227568 2.9361030000000001 -0.020583210000000001
494 0.1122104 2.9538760000000002 0.0067907499999999999
495 0.11724320000000001 2.9551440000000002 3.9185079999999997e-05
496 0.121749 2.9517660000000001 -0.014554310000000001
497 0.1169613 2.9437280000000001 -0.03065205
498 0.1124049 2.9872640000000001 -0.012201780000000001
499 0.11572830000000001 2.9829810000000001 -0.031678919999999999
500 0.1158573 2.982189 -0.022043500000000001
501 0.09936006 2.9977960000000001 -0.048320189999999999
502 -0.0061274500000000004 3.1324040000000002 -0.010433619999999999
503 -0.011428499999999999 3.1393819999999999 -0.023352290000000001
504 0.0073366070000000002 3.1133449999999998 0.01173858
505 0.01093861 3.1060919999999999 -0.0038506009999999999
506 0.0114351 3.1123099999999999 -0.00016086940000000001
507 0.0060143590000000004 3.1176370000000002 -0.0044725850000000003
508 0.010775089999999999 3.078992 0.036863430000000003
509 0.02653314 3.0414330000000001 0.03855273
510 0.01266251 3.061693 0.046031799999999998
511 0.067946069999999997 2.9811559999999999 0.06674571
512 0.048038749999999998 2.9292229999999999 0.083640999999999993
513 0.050025630000000001 2.9363250000000001 0.080342170000000004
514 0.084595249999999997 2.928283 0.062406929999999999
515 0.061727369999999997 2.9383539999999999 0.074377330000000005
516 0.079347329999999994 2.9435630000000002 0.06655701
517 0.093992419999999993 2.9386290000000002 0.042456840000000003
518 0.09540419 2.949884 0.051219290000000001
519 0.076803990000000003 2.9533010000000002 0.065903429999999999
520 0.083676899999999999 2.9621909999999998 0.056172859999999998
521 0.092784850000000002 2.9540540000000002 0.04464212
522 0.037662000000000001 2.91791 0.1545242
523 0.02499709 2.9454600000000002 0.1446974
524 0.036230869999999998 2.9456419999999999 0.1367342
525 0.043551140000000002 2.9747810000000001 0.1085363
526 0.037449719999999999 2.9819810000000002 0.10396950000000001
527 0.044793180000000002 2.9815939999999999 0.093212530000000002
528 0.041105750000000003 2.9884439999999999 0.1017822
529 0.045932580000000001 2.9779949999999999 0.1025749
530 0.074898030000000004 3.024591 0.062589119999999998
531 -0.079460669999999997 3.222569 -0.16461619999999999
532 -0.093597109999999997 3.2292179999999999 -0.15520129999999999
533 -0.04389146 3.198035 -0.16751630000000001
534 -0.051427349999999997 3.204707 -0.16783509999999999
535 -0.057933900000000003 3.2055120000000001 -0.1784067
536 -0.016688129999999999 3.1845289999999999 -0.1647083
537 0.03227551 3.149438 -0.13946249999999999
538 0.028620940000000001 3.1569989999999999 -0.1455072
539 0.049023619999999997 3.1318329999999999 -0.1009758
540 0.04911592 3.1298330000000001 -0.1104844
541 0.0438389 3.1358280000000001 -0.1043746
542 0.070853830000000007 3.0916130000000002 -0.08398456
543 0.18651200000000001 3.083758 -0.01407228
544 0.071690139999999999 3.1008179999999999 -0.084309029999999993
545 0.058367780000000001 3.0984970000000001 -0.064325649999999998
546 0.063887459999999993 3.100892 -0.078619289999999994
547 0.053683380000000003 3.1084480000000001 -0.073239009999999993
548 0.073268539999999993 3.064381 -0.039046789999999998
549 0.067453719999999995 3.0711430000000002 -0.037838910000000003
550 0.056442260000000001 3.082811 -0.044941879999999997
551 0.2236882 3.2816649999999998 -0.14633750000000001
552 0.24854699999999999 3.2325560000000002 -0.1221256
553 0.26256030000000002 3.2023069999999998 -0.10777249999999999
554 0.26490429999999998 3.1665410000000001 -0.077322740000000001
555 0.25890150000000001 3.174194 -0.073928969999999997
556 0.26696629999999999 3.1746629999999998 -0.083928989999999995
557 0.26480160000000003 3.138881 -0.058813070000000002
558 0.26478289999999999 3.147535 -0.057500820000000001
559 0.26535110000000001 3.1424629999999998 -0.075801480000000004
560 0.20086850000000001 2.8302459999999998 0.051789630000000003
561 0.19653039999999999 2.841113 0.044680959999999999
562 0.18887609999999999 2.842139 0.038703510000000003
563 0.14654790000000001 2.8684180000000001 0.070111629999999994
564 0.14955460000000001 2.8670420000000001 0.060627210000000001
565 0.15837490000000001 2.8618649999999999 0.065453339999999999
566 0.1473324 2.8778100000000002 0.058577379999999998
567 0.15674009999999999 2.8714849999999998 0.052030689999999997
568 0.109766 2.8931300000000002 0.072217809999999993
569 0.10685409999999999 2.9048639999999999 0.066183850000000002
570 0.1143839 2.9017620000000002 0.069245609999999999
571 0.25349949999999999 3.1188180000000001 -0.027985550000000001
572 0.26007089999999999 3.1269499999999999 -0.036049400000000002
573 0.25575389999999998 3.131402 -0.03562382
574 0.2423893 3.1053389999999998 -0.0087559260000000007
575 0.2457686 3.1006239999999998 -0.010119690000000001
576 0.2142995 3.0759020000000001 0.023552630000000001
577 0.22004389999999999 3.0608629999999999 0.011081529999999999
578 0.2263772 3.065137 0.01394681
579 0.22782269999999999 3.084803 0.017130980000000001
580 0.1839298 3.0566119999999999 0.04546994
581 0.1924912 3.052654 0.038545309999999999
582 0.18924750000000001 3.0667800000000001 0.04028226
583 0.19254940000000001 3.0623900000000002 0.043823840000000003
584 0.1962776 3.042621 0.03889927
585 0.2037841 3.0547170000000001 0.03495529
586 0.2040276 3.062163 0.031837280000000003
587 0.1387813 3.0267789999999999 0.063299330000000001
588 0.1483352 3.0284249999999999 0.064439700000000003
589 0.1610163 3.0314019999999999 0.055011600000000001
590 0.22293260000000001 2.779773 0.02618757
591 0.12508250000000001 2.8755820000000001 0.073051099999999994
592 0.05338358 2.8782559999999999 0.039438800000000003
593 0.42791620000000002 2.871928 0.003575375
594 0.49632739999999997 2.9182429999999999 0.055836610000000002
595 0.40374369999999998 2.8343739999999999 -0.024872249999999999
596 0.27264939999999999 2.7878799999999999 -0.014747130000000001
597 0.25208039999999998 2.8015469999999998 -0.01002481
598 0.52372459999999998 2.9149229999999999 0.072423199999999993
599 0.25768380000000002 2.7826849999999999 -0.0060198250000000003
600 0.32153219999999999 2.8264049999999998 -0.011599079999999999
601 0.1065567 2.901761 0.023421899999999999
602 0.15579409999999999 2.8634719999999998 0.039242039999999999
603 0.53047880000000003 2.9215249999999999 0.083253350000000004
604 0.070579829999999996 2.8718810000000001 0.030751779999999999
605 0.3012629 2.8193929999999998 -0.01460113
606 0.50739650000000003 2.9088250000000002 0.049154370000000003
607 0.4904155 2.918955 0.036726509999999997
608 0.22732930000000001 2.818784 0.01053452
609 0.1080748 2.8796849999999998 0.077179189999999995
610 0.229605 2.80213 0.045518379999999997
611 0.52214870000000002 2.917697 0.067072409999999999
612 0.48117120000000002 2.8969260000000001 0.033005189999999997
613 0.3886328 2.8525070000000001 -0.031000949999999999
614 0.15950549999999999 2.8564440000000002 0.063200279999999998
615 0.27378079999999999 2.8076210000000001 0.024224019999999999
616 0.48584899999999998 2.8957820000000001 0.024443280000000001
617 0.41641149999999999 2.8478840000000001 -0.0043562690000000003
618 0.39090069999999999 2.8418079999999999 -0.0038018219999999998
619 0.4465517 2.8749280000000002 0.0096265959999999994
620 0.41909689999999999 2.8669340000000001 -0.0261557
621 0.50866650000000002 2.9140410000000001 0.067821859999999998
622 0.16756270000000001 2.842454 0.025568069999999998
623 0.13664599999999999 2.815334 0.05587143
624 0.4292203 2.8850319999999998 -0.002885664
625 0.12571109999999999 2.820227 0.048942329999999999
626 0.18336340000000001 2.7994690000000002 0.016159130000000001
627 0.25015480000000001 2.7929020000000002 -0.0095647749999999993
628 0.17507739999999999 2.8127309999999999 0.015943559999999999
629 0.14011989999999999 2.8358270000000001 0.023746420000000001
630 0.061060250000000003 2.873799 0.041055120000000001
631 0.33040930000000002 2.7913239999999999 -0.012238290000000001
632 0.39020060000000001 2.8466710000000002 -0.034036950000000003
633 0.36836989999999997 2.8235519999999998 -0.034921199999999999
634 0.1159688 2.9048229999999999 0.038342620000000001
635 0.28253349999999999 2.8019289999999999 0.02272743
636 0.22223619999999999 2.8240319999999999 0.039336889999999999
637 0.44237700000000002 2.8651949999999999 -0.014180730000000001
638 0.44437179999999998 2.8635640000000002 -0.0036845250000000001
639 0.1376077 2.875251 0.034409929999999998
640 0.32008700000000001 2.7980170000000002 -0.02749122
641 0.46300180000000002 2.8849909999999999 0.01858365
642 0.048668959999999997 2.9025530000000002 0.065126809999999993
643 0.48668099999999997 2.909465 0.045768410000000002
644 0.1002063 2.8958659999999998 0.018976969999999999
645 0.19202630000000001 2.7880539999999998 0.023828709999999999
646 0.073822529999999997 2.8653569999999999 0.059201289999999997
647 0.46575280000000002 2.905125 0.025446880000000002
648 0.18391379999999999 2.8386650000000002 0.02729579
649 0.19031229999999999 2.805914 0.05844485
650 0.2409801 2.778686 0.02392393
651 0.21129390000000001 2.7847200000000001 0.037412250000000001
652 0.3899707 2.8386230000000001 -0.034868450000000002
653 0.15651409999999999 2.803248 0.049361919999999997
654 0.52210069999999997 2.9241769999999998 0.071210979999999993
655 0.35588959999999997 2.8316919999999999 -0.0046997000000000002
656 0.11362750000000001 2.828662 0.051136460000000002
657 0.41155399999999998 2.8710209999999998 -0.0070070779999999999
658 0.2090487 2.801412 0.0048410609999999998
659 0.099933190000000005 2.8860600000000001 -0.068221160000000003
660 0.086021979999999998 2.912776 0.070702180000000003
661 0.087187920000000002 2.8858009999999998 0.076625929999999995
662 0.1195329 2.8480859999999999 0.075663949999999994
663 0.38449529999999998 2.8194240000000002 -0.020155409999999999
664 0.45157249999999999 2.869513 -0.0021644530000000002
665 0.39352520000000002 2.8363969999999998 -0.0048302149999999997
666 0.2963401 2.819623 -0.00096651660000000004
667 0.19822300000000001 2.7854380000000001 0.033929979999999998
668 0.32203039999999999 2.7926639999999998 -0.022833300000000001
669 0.086338310000000001 2.8508900000000001 0.052329670000000002
670 0.16911709999999999 2.7973880000000002 0.029394630000000001
671 0.033511939999999997 2.716243 0.093650540000000004
672 0.017568219999999999 2.7203819999999999 0.078200450000000005
673 0.21716650000000001 2.7946230000000001 0.002646425
674 0.1273146 2.8209900000000001 0.039829320000000001
675 0.05615063 2.912792 -0.15287310000000001
676 -0.4558102 3.0672600000000001 0.046261530000000002
677 -0.069942699999999997 2.9889359999999998 -0.050581830000000001
678 -0.31752639999999999 3.0005190000000002 -0.080611810000000006
679 -0.45584520000000001 3.0647799999999998 0.05179458
680 -0.27787240000000002 2.98875 -0.086578500000000003
681 -0.45005669999999998 3.06487 0.055197660000000003
682 -0.41996790000000001 3.021156 0.01145231
683 -0.077898270000000006 2.9956109999999998 -0.0534829
684 -0.1143779 3.0168979999999999 -0.052452459999999999
685 -0.1181762 3.038599 -0.1107255
686 -0.22505130000000001 3.0013960000000002 -0.1316185
687 -0.1191898 3.0218539999999998 -0.103487
688 -0.4241472 3.042821 0.031746070000000001
689 -0.13733899999999999 3.0161829999999998 -0.103309
690 -0.15978790000000001 3.0463100000000001 -0.078056299999999995
691 -0.43157970000000001 3.031895 0.038586120000000002
692 -0.32227709999999998 2.998637 -0.085427950000000002
693 -0.062847470000000002 3.0432190000000001 -0.074639090000000005
694 -0.049138260000000003 3.0434420000000002 -0.03117253
695 -0.057084290000000003 3.0179559999999999 -0.0054807010000000001
696 -0.37697580000000003 2.9985789999999999 -0.035465570000000002
697 -0.2353874 3.0021979999999999 -0.097632620000000003
698 -0.24158550000000001 2.9889649999999999 -0.1216018
699 -0.3524969 2.9870329999999998 -0.02933144
700 -0.1324429 3.0207660000000001 -0.065083470000000004
701 -0.41960649999999999 3.0237229999999999 0.033803600000000003
702 -0.3512632 2.985687 -0.068069660000000004
703 -0.087930560000000005 3.001493 -0.038977110000000002
704 -0.31861840000000002 2.9751470000000002 -0.091918420000000001
705 -0.36172070000000001 2.9757549999999999 -0.050154490000000003
706 -0.28923969999999999 3.0097999999999998 -0.1019858
707 -0.39228469999999999 2.9995850000000002 0.01039791
708 -0.36524630000000002 2.993379 -0.050681589999999999
709 -0.17338770000000001 3.0212949999999998 -0.12977320000000001
710 -0.25273659999999998 2.9881380000000002 -0.1233514
711 -0.3536762 2.981201 -0.02782043
712 -0.18834629999999999 3.0416609999999999 -0.12687180000000001
713 -0.30396410000000001 2.9855640000000001 -0.1063948
714 -0.39404820000000002 3.014974 0.0044479020000000001
715 -0.2327486 2.9940910000000001 -0.1050323
716 -0.44675700000000002 3.0491990000000002 0.043727059999999998
717 -0.28470630000000002 2.9933299999999998 -0.082869719999999994
718 -0.35884559999999999 2.9986890000000002 -0.0417632
719 -0.073574029999999999 2.9996100000000001 -0.062330480000000001
720 -0.1375422 3.0154299999999998 -0.079317319999999997
721 -0.16739280000000001 3.0282979999999999 -0.080065430000000007
722 -0.19633049999999999 3.0219480000000001 -0.090739669999999994
723 -0.15933749999999999 3.0223930000000001 -0.07951561
724 -0.025730159999999998 3.0358689999999999 -0.030886719999999999
725 -0.31108150000000001 2.9886680000000001 -0.067395720000000006
726 -0.1029795 3.0116909999999999 -0.07940237
727 -0.18537100000000001 3.016311 -0.092587740000000002
728 -0.031058519999999999 3.0377939999999999 -0.042676819999999997
729 -0.060512950000000003 3.0477569999999998 -0.066600430000000002
730 -0.032082569999999998 3.0323180000000001 -0.014504629999999999
731 -0.10190879999999999 3.0427740000000001 -0.1015889
732 -0.1692506 3.0432969999999999 -0.12484729999999999
733 -0.42941410000000002 3.0422739999999999 0.044530989999999999
734 -0.18989519999999999 3.0052989999999999 -0.11164259999999999
735 -0.11691500000000001 3.0173610000000002 -0.095565449999999996
736 -0.3068709 2.9803039999999998 -0.069209209999999993
737 -0.3602957 2.9727950000000001 -0.03912852
738 -0.31376850000000001 2.9978159999999998 -0.073880440000000006
739 -0.2904659 3.0007290000000002 -0.083888560000000001
740 -0.27131499999999997 3.0026099999999998 -0.089572520000000003
741 -0.16183990000000001 2.9614989999999999 0.05267902
742 -0.075475219999999996 2.989722 -0.038243619999999999
743 -0.065990469999999996 3.027361 -0.08078043
744 -0.1660288 3.0131429999999999 -0.095482990000000004
745 -0.3473195 2.9743949999999999 -0.065901429999999997
746 -0.25129479999999998 3.0174500000000002 -0.09697422
747 -0.20412079999999999 3.0419520000000002 -0.1226896
748 -0.2830433 3.0073979999999998 -0.114869
749 -0.086398799999999998 3.0041470000000001 -0.066328949999999998
750 -0.079417329999999994 3.14425 -0.083820510000000001
751 -0.39310070000000003 2.991749 -0.017540779999999999
752 -0.37775880000000001 2.985328 -0.038149669999999997
753 -0.3768088 2.9925609999999998 -0.039774129999999998
754 -0.066049350000000007 3.051326 -0.044493480000000002
755 -0.23095309999999999 3.0198499999999999 -0.13249040000000001
756 -0.21599170000000001 2.8937010000000001 0.081860710000000003
757 -0.1257296 3.0605190000000002 -0.075994950000000006
758 -0.38878800000000002 3.0079359999999999 0.0076276369999999996
759 -0.16854040000000001 3.0120559999999998 -0.1176198
760 -0.066663029999999998 3.0142820000000001 -0.075604900000000003
761 -0.1096717 3.0092759999999998 -0.068688869999999999
762 -0.074433040000000006 3.0548250000000001 -0.06701551
763 0.097759440000000003 2.701775 0.21615029999999999
764 0.016851580000000001 2.691535 0.094030370000000002
765 -0.01617358 2.933411 0.083113950000000006
766 -0.071522470000000005 2.810594 0.074474280000000004
767 -0.042142190000000003 2.8495210000000002 0.045901589999999999
768 -0.060910720000000002 2.8843269999999999 0.049347370000000002
769 0.01327619 2.7311649999999998 0.084159499999999998
770 0.1095126 2.6957559999999998 0.19745579999999999
771 -0.068418560000000003 2.7954850000000002 0.070093089999999997
772 -0.02183498 2.8477760000000001 0.088758030000000002
773 -0.0098168439999999999 2.8779370000000002 0.043773699999999999
774 0.0048452219999999997 2.7231030000000001 0.070193539999999999
775 -0.063304349999999995 2.860719 0.087833149999999999
776 -0.04773517 2.8234789999999998 0.049780159999999997
777 -0.012366830000000001 2.756599 0.068043279999999998
778 0.090171109999999999 2.6972420000000001 0.18990380000000001
779 0.016094310000000001 2.7252179999999999 0.1038666
780 -0.01164781 2.8663560000000001 0.055869130000000003
781 -0.021715160000000001 2.8588930000000001 0.051695350000000001
782 -0.026787109999999999 2.8035040000000002 0.093181650000000005
783 0.024550530000000001 2.709241 0.08046992
784 0.094268779999999996 2.7028400000000001 0.1847743
785 -0.049727529999999999 2.753457 0.089571349999999994
786 0.065345059999999996 2.6875629999999999 0.1147326
787 0.047095169999999999 2.692793 0.097533170000000002
788 -0.05730789 2.8123469999999999 0.051801100000000003
789 0.1065406 2.7067380000000001 0.24576539999999999
790 0.1106279 2.6985250000000001 0.22770670000000001
791 -0.0021380420000000002 2.9165939999999999 0.084135349999999998
792 0.1012113 2.7058010000000001 0.23965539999999999
793 0.095792790000000003 2.6879740000000001 0.2010159
794 -0.020201980000000001 2.7915380000000001 0.07865904
795 0.091069029999999995 2.6815959999999999 0.1707304
796 -0.0085335359999999996 2.7563089999999999 0.091326610000000003
797 -0.06209377 2.8821219999999999 0.081020540000000002
798 -0.05634728 2.886266 0.086039050000000006
799 -0.068404909999999999 2.858711 0.05716131
800 -0.0065948930000000001 2.7051289999999999 0.082489300000000002
801 0.016126519999999998 2.728593 0.096331890000000003
802 -0.03521581 2.7362030000000002 0.067638409999999996
803 0.061525330000000003 2.7031369999999999 0.13536339999999999
804 -0.054422579999999998 2.9542449999999998 0.064617339999999995
805 -0.065849969999999994 2.8814929999999999 0.073119749999999997
806 -0.01553358 2.7369479999999999 0.062395689999999997
807 0.1023371 2.691757 0.17137540000000001
808 0.070335629999999996 2.6990789999999998 0.1191395
809 0.06938308 2.704043 0.1284853
810 0.098689979999999997 2.699166 0.23298969999999999
811 -0.040039409999999998 2.8231639999999998 0.051516029999999997
812 -0.048399530000000003 2.8572419999999998 0.044321489999999998
813 -0.0077206870000000004 2.8687209999999999 0.072207080000000007
814 0.001027104 2.7431320000000001 0.094049949999999993
815 -0.025673209999999998 2.8359009999999998 0.059492370000000003
816 -0.06114377 2.79542 0.09314414
817 0.041785530000000001 2.6816740000000001 0.11301799999999999
818 -0.033660900000000001 2.8174160000000001 0.056003499999999998
819 -0.017589520000000001 2.8474750000000002 0.065343600000000002
820 -0.090554259999999998 2.9493079999999998 0.065904630000000006
821 -0.13436129999999999 2.940261 0.082670090000000002
822 -0.068869849999999996 2.854454 0.082425650000000003
823 -0.022000390000000002 2.8281480000000001 0.084976200000000002
824 -0.020129979999999999 2.8329240000000002 0.072766670000000006
825 -0.06406241 2.8010199999999998 0.058609880000000003
826 -0.062142280000000001 2.8454640000000002 0.092841569999999998
827 0.065156500000000006 2.6801520000000001 0.12677079999999999
828 -0.067562339999999999 3.1911489999999998 -0.15479509999999999
829 0.015527600000000001 3.1627999999999998 -0.14813029999999999
830 -0.064374130000000002 3.2010390000000002 -0.18668660000000001
831 -0.14567910000000001 3.3001290000000001 -0.1074893
832 -0.14825360000000001 3.3141210000000001 -0.10849880000000001
833 -0.14413619999999999 3.3261319999999999 -0.098035670000000005
834 -0.13285 3.3858039999999998 -0.089562580000000003
835 -0.096667400000000001 3.205444 -0.1484906
836 -0.095201330000000001 3.1891690000000001 -0.17496310000000001
837 -0.13098319999999999 3.2345549999999998 -0.13841439999999999
838 -0.063978489999999999 3.1639219999999999 -0.16360669999999999
839 0.060972270000000002 3.0914419999999998 -0.11611970000000001
840 0.017432320000000001 3.1568450000000001 -0.13227639999999999
841 0.0016282860000000001 3.1602440000000001 -0.1341252
842 -0.097173590000000004 3.2308479999999999 -0.17098160000000001
843 -0.092847120000000005 3.1955909999999998 -0.18138409999999999
844 -0.039758040000000001 3.1633360000000001 -0.18918769999999999
845 0.016542729999999999 3.1215739999999998 -0.095087110000000002
846 0.011360429999999999 3.117934 -0.1000707
847 0.021085 3.0908709999999999 -0.062543420000000002
848 -0.074781349999999996 3.216987 -0.17282130000000001
849 -0.017361359999999999 3.1605189999999999 -0.13976160000000001
850 -0.095457990000000006 3.2222249999999999 -0.17837829999999999
851 -0.0032987849999999998 3.1754500000000001 -0.16211719999999999
852 -0.11506180000000001 3.2437390000000001 -0.1336495
853 -0.0049951969999999998 3.122817 -0.1326069
854 -0.049816220000000001 3.1594769999999999 -0.18491279999999999
855 0.0033797190000000002 3.1413280000000001 -0.17666190000000001
856 -0.034864119999999998 3.151729 -0.18433050000000001
857 0.068881410000000004 3.0252469999999998 -0.05840178
858 0.016546600000000002 3.138674 -0.108861
859 -0.12873380000000001 3.2685080000000002 -0.14711199999999999
860 -0.03274813 3.190464 -0.16385040000000001
861 -0.031425809999999998 3.190696 -0.17397899999999999
862 -0.026552079999999999 3.1835619999999998 -0.18173810000000001
863 0.03878471 3.0419200000000002 -0.0027536769999999999
864 -0.12338 3.237177 -0.16342219999999999
865 -0.058383869999999997 3.1894070000000001 -0.19054889999999999
866 -0.1265886 3.2694450000000002 -0.1171693
867 0.066227430000000004 3.0808949999999999 -0.053049909999999999
868 0.0051383119999999999 3.1528070000000001 -0.17652880000000001
869 -0.053316469999999998 3.1535890000000002 -0.17000779999999999
870 -0.01459134 3.1416550000000001 -0.1806459
871 -0.002554878 3.1202320000000001 -0.1606861
872 -0.067956719999999998 3.18283 -0.1550868
873 0.01923186 3.067116 -0.037797900000000002
874 0.03495562 3.1244640000000001 -0.088258950000000003
875 0.0067923760000000001 3.1341109999999999 -0.11302479999999999
876 -0.0056411899999999999 3.1196389999999998 -0.029841510000000002
877 -0.0029306779999999999 3.1696610000000001 -0.14554990000000001
878 -0.01864758 3.172701 -0.14731359999999999
879 0.017102530000000001 3.0939809999999999 -0.073758580000000004
880 0.0089255559999999994 3.0498539999999998 -0.040713079999999999
881 0.038691339999999998 3.1383209999999999 -0.1108185
882 -0.035600670000000001 3.1686559999999999 -0.14897850000000001
883 -0.01785778 3.1382690000000002 -0.1412593
884 0.0064552569999999998 3.1094430000000002 -0.10974970000000001
885 -0.1342758 3.3534099999999998 -0.1044157
886 -0.13745879999999999 3.3834529999999998 -0.092870980000000006
887 -0.12554399999999999 3.2759100000000001 -0.118566
888 0.012265730000000001 3.0970249999999999 -0.1158723
889 -0.14699409999999999 3.285209 -0.11838559999999999
890 0.0065250630000000002 3.106087 -0.1247519
891 0.02246275 3.0567129999999998 -0.07996789
892 0.0089993469999999996 3.1041159999999999 -0.13213040000000001
893 -0.082274589999999995 3.1939769999999998 -0.18671509999999999
894 -0.041925999999999998 3.1734960000000001 -0.19093760000000001
895 0.0328822 3.141076 -0.1538312
896 -0.1164481 3.2121960000000001 -0.1475611
897 0.052261710000000003 3.0472359999999998 -0.086193430000000001
898 -0.03112583 3.1417470000000001 -0.17630370000000001
899 0.053246410000000001 3.1089820000000001 -0.1314998
900 0.045947429999999997 3.1256400000000002 -0.14110339999999999
901 0.068921839999999998 3.087672 -0.09866279
902 0.030654009999999999 3.0851470000000001 -0.1239138
903 0.019565740000000002 3.1095350000000002 -0.15365709999999999
904 0.032297699999999999 3.1073789999999999 -0.14874299999999999
905 0.076071050000000001 3.024152 -0.035142239999999998
906 0.073718309999999995 3.0557940000000001 -0.04347467
907 0.23334630000000001 3.1200809999999999 -0.070428249999999998
908 0.079244389999999998 2.9903960000000001 -0.1044958
909 0.066597509999999999 3.0582859999999998 -0.087570400000000007
910 0.16223280000000001 3.341542 -0.15571489999999999
911 -0.19506989999999999 2.9126810000000001 0.060923159999999997
912 -0.2235403 2.802619 0.26473099999999999
913 -0.25724910000000001 2.8457319999999999 0.37671900000000003
914 -0.21860979999999999 2.8048829999999998 0.22997519999999999
915 -0.22926669999999999 2.8631150000000001 0.11997240000000001
916 -0.22808229999999999 2.8017650000000001 0.29870269999999999
917 -0.21268419999999999 2.8616139999999999 0.13128600000000001
918 -0.068907289999999996 2.950583 0.058060649999999998
919 -0.23520469999999999 2.8371949999999999 0.3524486
920 -0.2218601 2.824919 0.17401159999999999
921 -0.095808039999999997 2.9984470000000001 0.053558139999999997
922 -0.20449870000000001 2.8160590000000001 0.1618395
923 -0.24793129999999999 2.838479 0.35983150000000003
924 -0.15130399999999999 2.9265889999999999 0.052315849999999997
925 -0.21442269999999999 2.7843749999999998 0.24992700000000001
926 -0.20443829999999999 2.793777 0.20051240000000001
927 -0.21199709999999999 2.8086869999999999 0.20750479999999999
928 -0.21144009999999999 2.839032 0.14968519999999999
929 -0.22111520000000001 2.7844310000000001 0.23532359999999999
930 -0.23704700000000001 2.8236590000000001 0.33658529999999998
931 -0.22853329999999999 2.7957939999999999 0.22626499999999999
932 -0.23025970000000001 2.809377 0.1910617
933 -0.18787319999999999 2.8789829999999998 0.1025828
934 -0.15875210000000001 2.945195 0.090052839999999995
935 -0.22509180000000001 2.8275239999999999 0.34234330000000002
936 -0.2316849 2.8159740000000002 0.34081630000000002
937 -0.11260000000000001 2.9535290000000001 0.08099365
938 -0.089926249999999999 2.953382 0.072319629999999996
939 -0.064113050000000005 2.9494400000000001 0.04588909
940 -0.13672870000000001 2.9684889999999999 0.038678669999999998
941 -0.1837192 2.9029120000000002 0.060430770000000002
942 -0.18744669999999999 2.8888199999999999 0.069883849999999997
943 -0.22273499999999999 2.809294 0.28950789999999998
944 -0.2327544 2.8325420000000001 0.1271111
945 -0.22603239999999999 2.7901020000000001 0.25231419999999999
946 -0.21740209999999999 2.815134 0.191943
947 -0.20504349999999999 2.8974609999999998 0.10899499999999999
948 -0.15959619999999999 2.93303 0.092189599999999997
949 -0.15540480000000001 2.9194330000000002 0.083694249999999998
950 -0.22076129999999999 2.8439950000000001 0.1027696
951 -0.22302259999999999 2.858403 0.095362550000000004
952 -0.2083661 2.807302 0.1515389
953 -0.10890279999999999 2.9653459999999998 0.031773780000000001
954 -0.22478239999999999 2.7990409999999999 0.30546129999999999
955 -0.18037510000000001 2.9312610000000001 0.094433820000000002
956 -0.21785940000000001 2.8823340000000002 0.1145018
957 -0.2086625 2.8484229999999999 0.1391877
958 -0.2041057 2.863839 0.124972
959 -0.2234092 2.8237429999999999 0.1238476
960 -0.1851737 2.9434480000000001 0.067860429999999999
961 -0.2185636 2.8919920000000001 0.1029793
962 -0.24459520000000001 2.8321040000000002 0.35273529999999997
963 -0.065743620000000003 2.9638629999999999 0.074516879999999994
964 -0.073068460000000002 2.9556640000000001 0.034790639999999998
965 -0.074801580000000006 3.0035590000000001 0.042736370000000003
966 -0.1114364 2.9857550000000002 0.036222520000000001
967 -0.1434945 2.953163 0.039417880000000002
968 -0.12243900000000001 2.9677959999999999 0.033908399999999998
969 -0.1491931 2.972337 0.071297700000000006
970 -0.12954640000000001 2.944731 0.042439400000000002
971 -0.2189123 2.7910460000000001 0.28498390000000001
972 -0.22676750000000001 2.7896339999999999 0.2286627
973 -0.23500960000000001 2.8165849999999999 0.33857759999999998
974 -0.1229784 2.9388350000000001 0.072893020000000003
975 -0.1551515 2.93241 0.046880850000000002
976 -0.073849600000000001 3.00299 0.054348899999999999
977 -0.091329569999999999 2.9874499999999999 0.0288951
978 -0.20868500000000001 2.7993570000000001 0.29283029999999999
979 -0.2086549 2.7870409999999999 0.25454569999999999
980 -0.2250143 2.7878579999999999 0.21229310000000001
981 -0.2264921 2.8032249999999999 0.21967339999999999
982 -0.1116362 2.95221 0.038899280000000001
983 -0.096380729999999998 2.9462839999999999 0.059062789999999997
984 -0.14813180000000001 2.974631 0.058949080000000001
985 -0.1954969 2.9320390000000001 0.072645039999999994
986 -0.21495310000000001 2.8307709999999999 0.11323039999999999
987 -0.22332289999999999 2.8065349999999998 0.1480688
988 -0.2160204 2.8999899999999998 0.087607870000000004
989 -0.1496275 2.9437120000000001 0.04229774
990 -0.2170984 2.7855089999999998 0.2019552
991 -0.082150299999999996 2.9696560000000001 0.078432399999999999
992 -0.20205670000000001 2.9161280000000001 0.068188990000000005
993 0.2497924 3.2167050000000001 -0.13712569999999999
994 0.1989117 3.3175119999999998 -0.15559100000000001
995 0.25999539999999999 3.1503459999999999 -0.054583380000000001
996 0.22324079999999999 3.1347130000000001 -0.06053451
997 0.1371395 3.0671900000000001 0.02954652
998 0.2299081 3.1727669999999999 -0.098945130000000006
999 0.21961720000000001 3.0793569999999999 -0.034275350000000003
1000 0.2161479 3.1259649999999999 -0.039156539999999997
1001 0.25981729999999997 3.1169319999999998 -0.046963699999999997
1002 0.1319709 3.4184139999999998 -0.10595309999999999
1003 0.20709739999999999 3.0919690000000002 0.02012483
1004 0.14957390000000001 3.3820990000000002 -0.12434770000000001
1005 0.21631410000000001 3.0848640000000001 0.019961980000000001
1006 0.2462522 3.1560609999999998 -0.10570839999999999
1007 0.26482020000000001 3.1811069999999999 -0.091295689999999999
1008 0.21570010000000001 3.0555249999999998 -0.0047384920000000004
1009 0.19336449999999999 3.0817869999999998 0.030888539999999999
1010 0.2288994 3.225822 -0.14894869999999999
1011 0.13845260000000001 3.0633249999999999 0.016462790000000001
1012 0.18353449999999999 3.2949090000000001 -0.150785
1013 0.2406344 3.2371789999999998 -0.14708679999999999
1014 0.22825029999999999 3.0668540000000002 -0.0092000350000000005
1015 0.2275739 3.0969479999999998 0.0069162340000000003
1016 0.12999150000000001 3.0159389999999999 0.013201829999999999
1017 0.1815589 3.0293040000000002 0.015736440000000001
1018 0.1576206 3.3788260000000001 -0.13206010000000001
1019 0.22456909999999999 3.2630720000000002 -0.13066050000000001
1020 0.1821499 3.045283 -0.0033296100000000002
1021 0.2365989 3.1694279999999999 -0.067484000000000002
1022 0.1396193 3.0329459999999999 0.0075606520000000002
1023 0.099461499999999994 3.0321539999999998 0.01185426
1024 0.073553250000000001 3.003654 0.069900130000000005
1025 0.1450737 3.069893 0.020243029999999999
1026 0.2063257 3.0574409999999999 -0.01346256
1027 0.22490009999999999 3.142906 -0.050554429999999997
1028 0.19136929999999999 3.3005689999999999 -0.16485230000000001
1029 0.2286514 3.1447090000000002 -0.078271049999999995
1030 0.2391895 3.1530610000000001 -0.046490200000000002
1031 0.1561381 3.3629289999999998 -0.13119359999999999
1032 0.14288390000000001 3.3822399999999999 -0.1390767
1033 0.1934997 3.0685159999999998 -0.017992330000000001
1034 0.22396859999999999 3.0715080000000001 -0.026186830000000001
1035 0.25280710000000001 3.1789450000000001 -0.073348579999999997
1036 0.18237110000000001 3.342975 -0.1497028
1037 0.1533786 3.372665 -0.1457465
1038 0.22560469999999999 3.256526 -0.15743199999999999
1039 0.26001170000000001 3.189095 -0.11727799999999999
1040 0.1240779 3.0598209999999999 0.039509389999999998
1041 0.21606729999999999 3.2928099999999998 -0.1461809
1042 0.23896580000000001 3.0806010000000001 -0.02600678
1043 0.1999562 3.084937 -0.026142439999999999
1044 0.23870769999999999 3.1890839999999998 -0.085025000000000003
1045 0.22114220000000001 3.1109200000000001 -0.054104090000000001
1046 0.22850500000000001 3.1170200000000001 -0.0067594339999999999
1047 0.1289603 3.027971 0.065612290000000004
1048 0.16315579999999999 3.0535580000000002 -0.001344984
1049 0.2027871 3.0478209999999999 0.026792400000000001
1050 0.17890610000000001 3.0272030000000001 0.033511039999999999
1051 0.23222490000000001 3.1380119999999998 -0.081146389999999999
1052 0.2241649 3.2097440000000002 -0.1329265
1053 0.1743894 3.0369410000000001 0.0030223279999999999
1054 0.22430230000000001 3.062319 0.0007669183
1055 0.088619160000000002 3.0450339999999998 0.031654389999999998
1056 0.12929599999999999 3.0517449999999999 0.01248553
1057 0.24708379999999999 3.176844 -0.070537390000000005
1058 0.1922297 3.286092 -0.16133130000000001
1059 0.22894039999999999 3.1557059999999999 -0.067241629999999997
1060 0.13634750000000001 3.0466310000000001 0.058978860000000001
1061 0.18761639999999999 3.3179810000000001 -0.16295599999999999
1062 0.23394870000000001 3.2115870000000002 -0.1034134
1063 0.1700373 3.0705830000000001 -0.0038942949999999999
1064 0.1071328 3.0518209999999999 0.02731476
1065 0.1769212 3.3433860000000002 -0.1562849
1066 0.13550580000000001 3.3942899999999998 -0.12934709999999999
1067 0.22746 3.15055 -0.072175879999999998
1068 0.19779869999999999 3.0961850000000002 -0.02364306
1069 0.15389890000000001 3.3517890000000001 -0.1373432
1070 0.1833032 3.3013530000000002 -0.14509939999999999
1071 0.1602954 3.07091 0.04148346
1072 0.2474614 3.125 -0.023355870000000001
1073 0.20627989999999999 3.0776400000000002 -0.02864075
1074 0.20480950000000001 3.1073900000000001 0.002317366
1075 0.1948549 3.2903730000000002 -0.14038590000000001
1076 0.2017302 3.2858019999999999 -0.16442580000000001
1077 0.14531620000000001 3.0053030000000001 0.034968689999999997
1078 0.13763980000000001 3.4019789999999999 -0.12634129999999999
1079 0.16895779999999999 3.0617269999999999 0.048045150000000002
1080 0.1580058 3.0403169999999999 0.0025179289999999999
1081 0.18187320000000001 3.0441370000000001 0.045379509999999998
1082 0.060242589999999999 2.9898340000000001 0.069309880000000004
1083 0.16372780000000001 3.0312130000000002 0.0062257249999999997
1084 0.1035147 3.0290370000000002 0.066387810000000005
1085 0.082670510000000003 3.0364019999999998 0.055203179999999998
1086 0.2216591 3.2378490000000002 -0.12329850000000001
1087 0.20453930000000001 3.2598889999999998 -0.1396096
1088 0.20863000000000001 3.263417 -0.16027069999999999
1089 0.11141180000000001 3.0026389999999998 0.065411090000000005
1090 0.10218149999999999 2.9783040000000001 -0.076405290000000001
1091 0.0213701 3.0729109999999999 0.015916329999999999
1092 0.01826678 3.065731 0.03962359
1093 -0.1038852 3.1414689999999998 -0.085248690000000002
1094 -0.020573149999999998 3.0890059999999999 0.028643740000000001
1095 0.014694469999999999 3.0938029999999999 0.021562129999999999
1096 0.002286143 3.112584 0.013715410000000001
1097 -0.039303310000000001 3.143564 -0.063605170000000003
1098 0.0031981209999999999 3.050789 0.0046450830000000004
1099 -0.14286740000000001 3.144555 -0.077763970000000002
1100 -0.065551300000000007 3.145689 -0.079099059999999999
1101 -0.1389677 3.1630340000000001 -0.083546960000000003
1102 -0.03069562 3.1330260000000001 -0.054281629999999997
1103 -0.178233 3.136822 -0.078824549999999993
1104 -0.037852839999999999 3.1084329999999998 -0.0084057019999999993
1105 -0.12272810000000001 3.148361 -0.072572429999999993
1106 -0.1572277 3.1397729999999999 -0.081039760000000002
1107 -0.077041700000000005 3.1496580000000001 -0.048302560000000001
1108 -0.07393458 3.1391420000000001 -0.074766109999999997
1109 -0.077609319999999996 3.1410439999999999 -0.053582999999999999
1110 -0.098019419999999996 3.1545830000000001 -0.060859450000000002
1111 -0.053908640000000001 3.1425350000000001 -0.02708203
1112 -0.00012402849999999999 3.1210140000000002 -0.021922810000000001
1113 -0.019292989999999999 3.1106159999999998 0.01763259
1114 0.014750650000000001 3.054497 0.0088573679999999991
1115 -0.110442 3.1446290000000001 -0.092697020000000005
1116 0.003868748 3.1004119999999999 -0.014306589999999999
1117 0.02857726 3.0378099999999999 0.028041489999999999
1118 -0.20238819999999999 3.1383480000000001 -0.072531440000000003
1119 -0.184807 3.138811 -0.082388069999999994
1120 -0.029618999999999999 3.0845509999999998 0.016637220000000001
1121 -0.047910670000000002 3.1505049999999999 -0.028689739999999998
1122 -0.02510457 3.0853459999999999 -0.0037898630000000001
1123 -0.19774240000000001 3.1514739999999999 -0.071470149999999996
1124 -0.1270481 3.1562329999999998 -0.095381339999999995
1125 -0.026105509999999998 3.1400480000000002 -0.01128519
1126 -0.011518169999999999 3.1284040000000002 0.0015794369999999999
1127 -0.010327390000000001 3.0413739999999998 -0.02668628
1128 0.0037867349999999998 3.0721579999999999 -0.001846278
1129 -0.011359609999999999 3.0564230000000001 0.0031938610000000001
1130 -0.1588251 3.138916 -0.086474430000000005
1131 -0.20268520000000001 3.1434479999999998 -0.074201110000000001
1132 -0.02568254 3.031193 0.043672330000000002
1133 -0.0047043420000000002 3.0189659999999998 0.061678549999999999
1134 -0.13482659999999999 3.1605590000000001 -0.076042170000000006
1135 -0.1576224 3.1590539999999998 -0.080054810000000004
1136 -0.11047510000000001 3.1669070000000001 -0.077964510000000001
1137 -0.021610850000000001 3.0626039999999999 0.038628349999999999
1138 -0.028651050000000001 3.075977 0.01017094
1139 -0.12829160000000001 3.1479789999999999 -0.09634616
1140 -0.093890210000000002 3.1579670000000002 -0.089634980000000003
1141 -0.1233049 3.1612390000000001 -0.091867279999999996
1142 -0.076643820000000001 3.1640890000000002 -0.076690579999999994
1143 -0.01301393 3.1388310000000001 -0.033157079999999998
1144 0.12511430000000001 2.8734799999999998 0.15160370000000001
1145 0.029675819999999999 2.8601450000000002 0.13528689999999999
1146 0.1798044 2.9415580000000001 0.14750969999999999
1147 0.1501922 2.8947530000000001 0.14713219999999999
1148 0.055490850000000001 2.8502809999999998 0.1317719
1149 0.01462714 2.8695789999999999 0.1406144
1150 0.16335659999999999 2.8967499999999999 0.1502406
1151 0.12703619999999999 2.8706309999999999 0.1219136
1152 0.13232940000000001 2.881786 0.1465563
1153 0.082623360000000007 2.8736980000000001 0.15495819999999999
1154 -0.021597040000000001 2.9558879999999998 0.12791250000000001
1155 0.18529999999999999 2.9527830000000002 0.16528390000000001
1156 0.1535358 2.8907750000000001 0.12406689999999999
1157 -0.0095452339999999997 2.999555 0.09229685
1158 0.037707869999999998 2.9910969999999999 0.096508999999999998
1159 0.0068327429999999996 2.941141 0.1053351
1160 0.01000064 2.8798689999999998 0.13309599999999999
1161 0.14178180000000001 2.8743699999999999 0.1221192
1162 0.086566400000000002 2.8702220000000001 0.1569277
1163 -0.018487030000000002 2.9407969999999999 0.1141746
1164 0.054041659999999998 2.8725350000000001 0.1348627
1165 -0.002433592 2.8930380000000002 0.13267190000000001
1166 -0.002846318 2.9972759999999998 0.10183399999999999
1167 0.0074392670000000003 2.9128240000000001 0.1598173
1168 0.046185179999999999 2.853243 0.14758350000000001
1169 0.1663895 2.9137599999999999 0.15196419999999999
1170 -0.014616580000000001 2.9087350000000001 0.1347381
1171 -0.0059448449999999998 2.8957009999999999 0.14570240000000001
1172 0.024616200000000001 2.864614 0.14944669999999999
1173 0.1748594 2.9190309999999999 0.1566893
1174 0.055642089999999998 2.8828079999999998 0.14235
1175 0.043066100000000003 2.8966989999999999 0.14121059999999999
1176 0.034810859999999999 2.9235910000000001 0.1386426
1177 0.016386049999999999 2.940448 0.10650999999999999
1178 0.075415609999999994 2.8495499999999998 0.14910319999999999
1179 0.043394830000000002 2.8834680000000001 0.13640250000000001
1180 -0.0043230009999999999 2.9316620000000002 0.152228
1181 0.12529950000000001 2.8580800000000002 0.133523
1182 0.047008080000000001 2.8638219999999999 0.1597693
1183 0.027454780000000002 2.8890359999999999 0.16409480000000001
1184 0.1581506 2.887499 0.12709590000000001
1185 -0.017367569999999999 2.933897 0.14067299999999999
1186 -0.0039811949999999999 2.9547979999999998 0.14271529999999999
1187 0.0056612809999999998 2.937071 0.15355440000000001
1188 0.089835380000000006 2.8466309999999999 0.13213069999999999
1189 -0.0039920789999999999 3.0127440000000001 0.068633009999999994
1190 0.01468856 2.9909849999999998 0.113409
1191 0.0073705610000000003 2.9006780000000001 0.15956409999999999
1192 0.1814924 2.9227120000000002 0.14772370000000001
1193 0.18151149999999999 2.9359380000000002 0.16265859999999999
1194 0.036413809999999998 2.953392 0.1125828
1195 0.094395240000000005 2.8491110000000002 0.1419829
1196 0.0052246899999999997 3.0440960000000001 -0.033329270000000001
1197 0.015936659999999998 3.0431590000000002 0.0091736660000000005
1198 -0.011342 3.0314830000000001 -0.07362233
1199 -0.02855854 3.0347460000000002 -0.0215552
1200 0.043579390000000003 3.068597 -0.1078493
1201 0.0037167799999999998 3.0275840000000001 -0.090661720000000001
1202 -0.0048326519999999998 3.021598 -0.09929193
1203 0.062767210000000004 3.0326960000000001 -0.0083880680000000003
1204 -0.020038569999999999 2.9475199999999999 -0.1611726
1205 0.044533629999999998 3.0236519999999998 -0.089894459999999995
1206 0.05067232 3.0322399999999998 -0.073620130000000006
1207 0.016591970000000001 3.0277560000000001 -0.091672920000000005
1208 -0.031665209999999999 3.0246729999999999 0.026865489999999999
1209 0.076941099999999998 3.0211999999999999 0.0049087890000000002
1210 0.055164690000000002 3.0313289999999999 0.02113452
1211 0.066096409999999994 3.0276830000000001 0.0097398429999999998
1212 0.082992490000000002 3.014329 -0.054773570000000001
1213 0.064888399999999999 3.0124710000000001 -0.092217419999999994
1214 0.03269213 3.020378 -0.1019202
1215 -0.042010119999999998 3.0196900000000002 0.016080560000000001
1216 0.026802070000000001 3.0295350000000001 0.046879440000000001
1217 -0.03133789 3.0194200000000002 0.03921504
1218 0.080903749999999997 3.0230130000000002 0.0083912320000000002
1219 0.04136546 3.0036800000000001 -0.12103849999999999
1220 -0.053389470000000001 3.0070190000000001 -0.068271440000000003
1221 0.0096274370000000008 3.0250699999999999 0.05930759
1222 0.021604849999999998 3.0052569999999998 -0.1252421
1223 -0.039649230000000001 3.0096500000000002 -0.090551290000000006
1224 -0.048716710000000003 3.0123799999999998 -0.069097759999999994
1225 0.011024910000000001 3.0186730000000002 0.064079200000000003
1226 -0.023341509999999999 3.0118230000000001 -0.10441640000000001
1227 -0.02435559 3.0178099999999999 0.050258919999999999
1228 0.075692460000000003 3.00298 -0.093380939999999996
1229 0.082498489999999994 3.009344 -0.071058850000000007
1230 -0.047340060000000003 3.0078279999999999 0.033153000000000002
1231 0.01028301 3.0119699999999998 -0.1177961
1232 0.087177249999999998 3.0101800000000001 0.0059616069999999998
1233 0.051684800000000003 2.984982 -0.13394120000000001
1234 -0.063202739999999993 2.994704 -0.067525950000000001
1235 -0.026204129999999999 2.9935510000000001 -0.12647549999999999
1236 -0.025182759999999998 3.0011429999999999 0.067552000000000001
1237 0.085494200000000006 3.000543 -0.081619010000000006
1238 -0.071683919999999998 2.9796070000000001 -0.067121390000000003
1239 -0.06712427 2.9924029999999999 -0.001076189
1240 -0.035165040000000002 2.9974609999999999 0.064427440000000002
1241 0.062268509999999999 2.9976069999999999 -0.11486879999999999
1242 -0.051259359999999997 2.9824679999999999 -0.11306380000000001
1243 -0.078350000000000003 2.9656319999999998 -0.055230380000000003
1244 0.1012402 2.992626 -0.0025366989999999999
1245 0.09184051 2.9875949999999998 -0.088411699999999996
1246 -0.06300654 2.9822799999999998 -0.09229089
1247 0.1168175 2.995193 0.023738329999999998
1248 0.070313909999999993 2.975346 -0.1271726
1249 -0.014655369999999999 2.9998330000000002 0.076611059999999995
1250 0.097729579999999996 2.9929290000000002 -0.06662672
1251 0.041562050000000003 2.9768729999999999 -0.14444940000000001
1252 0.089040170000000002 2.8578570000000001 0.15571699999999999
1253 -0.073375049999999997 2.9837440000000002 -0.02376675
1254 -0.03062778 2.9731209999999999 -0.14178499999999999
1255 0.084491979999999994 2.9639989999999998 -0.11909110000000001
1256 0.098240019999999997 2.9861209999999998 0.01942837
1257 -0.056505239999999998 2.9684059999999999 -0.119327
1258 0.086945449999999994 2.9788809999999999 -0.105679
1259 -0.073763629999999997 2.9726849999999998 0.00049590300000000001
1260 -0.021036280000000001 2.9668600000000001 -0.1513341
1261 0.111508 2.9743490000000001 -0.04005235
1262 0.10640910000000001 2.9633129999999999 -0.080046370000000006
1263 0.1121477 2.9717319999999998 -0.019346510000000001
1264 -0.074451299999999998 2.9470869999999998 -0.096416429999999997
1265 -0.074860889999999999 2.9645160000000002 -0.078724630000000004
1266 -0.078083920000000001 2.967848 -0.020200679999999999
1267 -0.080134549999999999 2.9481380000000001 -0.017771039999999998
1268 -0.022647110000000002 2.9715419999999999 0.083396609999999996
1269 0.055219730000000002 2.9649040000000002 -0.1442802
1270 0.067634929999999996 2.9405060000000001 -0.14382120000000001
1271 -0.046001220000000002 2.9630429999999999 0.071163019999999994
1272 0.072054140000000003 2.9565359999999998 -0.1356194
1273 -0.048061550000000001 2.9413969999999998 -0.1451209
1274 0.088542880000000004 2.9705029999999999 0.047694060000000003
1275 0.0024047159999999999 2.9429989999999999 -0.1670915
1276 0.020257549999999999 2.9512640000000001 -0.16307369999999999
1277 -0.065303420000000001 2.9478689999999999 -0.1189933
1278 0.1118686 2.9465219999999999 -0.073653479999999993
1279 0.084298429999999994 2.9427029999999998 -0.1272277
1280 -0.075605800000000001 2.9530859999999999 0.0057309479999999996
1281 0.065561229999999998 2.9579420000000001 0.073462680000000002
1282 -0.036562789999999998 2.9348809999999999 -0.1565764
1283 -0.015917830000000001 2.931708 -0.16690389999999999
1284 0.1033288 2.9505430000000001 -0.095134330000000003
1285 0.055398290000000003 2.9439389999999999 -0.15190509999999999
1286 -0.054204990000000002 2.9485809999999999 0.055713319999999997
1287 0.01618203 2.9343430000000001 -0.16859499999999999
1288 -0.067469920000000003 2.9245070000000002 -0.12032229999999999
1289 -0.057707069999999999 2.946196 0.048761150000000003
1290 -0.082071350000000001 2.9361120000000001 -0.048252330000000003
1291 0.097182770000000002 2.9352689999999999 -0.1097815
1292 -0.073000679999999998 2.9317899999999999 -0.10568900000000001
1293 0.035926970000000003 2.9394640000000001 -0.16251170000000001
1294 -0.02781954 2.9370630000000002 0.078385120000000003
1295 0.044701869999999998 2.9246590000000001 -0.1599497
1296 -0.079361219999999996 2.9301759999999999 -0.01834703
1297 -0.0095684189999999999 2.9430800000000001 0.087860820000000006
1298 0.10502400000000001 2.9315150000000001 -0.094575450000000005
1299 -0.079250459999999995 2.9176959999999998 -0.071674740000000001
1300 -0.048670730000000002 2.9219659999999998 -0.14782219999999999
1301 -0.071211849999999993 2.9370370000000001 0.017517959999999999
1302 -0.068450440000000001 2.9040949999999999 -0.1118861
1303 -0.074831930000000005 2.9172639999999999 -0.09762788
1304 0.1113532 2.928623 -0.075771030000000003
1305 0.041266079999999997 2.9087890000000001 -0.16088930000000001
1306 0.017953179999999999 2.9140869999999999 -0.1694659
1307 -0.072729470000000004 2.9191530000000001 0.001346383
1308 0.020693679999999999 2.9045550000000002 -0.16735549999999999
1309 0.11468009999999999 2.922228 -0.054439809999999998
1310 -0.063466590000000003 2.9255019999999998 0.02918693
1311 0.02519586 2.9304009999999998 0.086882650000000006
1312 0.09513713 2.9084880000000002 -0.1083452
1313 0.093766989999999995 2.918911 -0.1142659
1314 -0.06099425 2.8860610000000002 -0.1132803
1315 0.011030160000000001 2.9331 0.088838739999999999
1316 -0.010844080000000001 2.9099119999999998 -0.16842650000000001
1317 0.1124574 2.9107069999999999 -0.041754399999999997
1318 -0.073089630000000003 2.9002129999999999 -0.085057090000000002
1319 -0.074884850000000003 2.9057789999999999 -0.029077789999999999
1320 0.10377359999999999 2.9086859999999999 -0.08945496
1321 -0.056768230000000003 2.8935240000000002 0.011092060000000001
1322 -0.054033049999999999 2.8814350000000002 0.043047090000000003
1323 -0.068185060000000006 2.9018259999999998 -0.0062580769999999999
1324 0.10778310000000001 2.8990309999999999 -0.030951380000000001
1325 0.1051359 2.8983889999999999 -0.072586200000000003
1326 0.072099430000000006 2.8912529999999999 -0.13155910000000001
1327 0.026121849999999999 2.9156279999999999 0.080187949999999994
1328 0.10120270000000001 2.7019380000000002 0.25410189999999999
1329 0.1025281 2.896865 -0.0086138699999999992
1330 0.1093789 2.9024160000000001 -0.051955229999999998
1331 -0.068011680000000005 2.8896030000000001 -0.091801339999999995
1332 -0.033050320000000001 2.8909340000000001 -0.15172269999999999
1333 -0.043234799999999997 2.8867639999999999 -0.14063680000000001
1334 0.1028366 2.8882789999999998 -0.051179479999999999
1335 0.058099539999999998 2.8643360000000002 -0.12159689999999999
1336 -0.060124669999999998 2.8812769999999999 -0.019523289999999999
1337 -0.04560786 2.8806060000000002 0.012663550000000001
1338 -0.069457959999999999 2.8898220000000001 -0.039955070000000002
1339 0.094138990000000006 2.8778069999999998 -0.025659600000000001
1340 -0.058120230000000002 2.8766050000000001 -0.104044
1341 0.00028867159999999999 2.8810600000000002 -0.1605171
1342 0.026584670000000001 2.8752260000000001 -0.1530637
1343 0.082352739999999994 2.8792339999999998 -0.1064302
1344 -0.01227876 2.8710420000000001 -0.15089230000000001
1345 0.053479329999999999 2.875578 -0.13816010000000001
1346 0.04039061 2.8697020000000002 -0.1419397
1347 -0.061819939999999997 2.8755709999999999 -0.054375149999999997
1348 0.0094072919999999994 2.8900070000000002 0.062883880000000003
1349 0.03102013 2.8882850000000002 0.059467659999999999
1350 0.047036380000000003 2.8930910000000001 0.058291410000000002
1351 0.03992598 2.8798569999999999 0.047770310000000003
1352 -0.051884710000000001 2.880077 -0.12434489999999999
1353 -0.058655980000000003 2.872277 -0.088241440000000004
1354 0.089399350000000002 2.878225 -0.0066765679999999999
1355 -0.017206229999999999 2.8640539999999999 -0.14196829999999999
1356 -0.044983639999999998 2.8596550000000001 -0.09723482
1357 0.076798530000000004 2.871089 0.003250551
1358 0.095669740000000003 2.8772660000000001 -0.057115029999999997
1359 -0.0012027170000000001 2.8660019999999999 -0.14919089999999999
1360 -0.045213040000000003 2.8644370000000001 -0.1116476
1361 0.071349319999999994 2.8735040000000001 -0.1166711
1362 -0.031283480000000002 2.871022 -0.13901830000000001
1363 -0.03352977 2.8612899999999999 -0.0061676989999999996
1364 0.073609830000000001 2.8635060000000001 -0.096964549999999997
1365 -0.024846590000000002 2.8552080000000002 -0.124823
1366 0.025225830000000001 2.8691800000000001 0.038099710000000002
1367 0.088614250000000006 2.8687200000000002 -0.041977460000000001
1368 0.083570019999999995 2.8632580000000001 -0.05774837
1369 -0.035593439999999997 2.8560859999999999 -0.11113870000000001
1370 -0.02736566 2.8479109999999999 -0.099456139999999998
1371 -0.041582830000000001 2.8616109999999999 -0.021991739999999999
1372 0.0730957 2.8603619999999998 -0.01431748
1373 0.078867580000000007 2.859178 -0.047988660000000002
1374 0.073146249999999996 2.858339 -0.083693210000000004
1375 -0.0079788989999999994 2.852449 -0.1310441
1376 -0.034240670000000001 2.8509250000000002 -0.094484579999999999
1377 -0.036012750000000003 2.8519899999999998 -0.045646489999999998
1378 0.043392449999999999 2.8533360000000001 -0.11834359999999999
1379 0.02549357 2.8534280000000001 -0.1300193
1380 -0.03216799 2.8541829999999999 -0.024785919999999999
1381 -0.02292363 2.8551150000000001 -0.0066386889999999997
1382 0.037403060000000002 2.8567 0.014877390000000001
1383 0.045816719999999998 2.8472909999999998 -0.1023223
1384 0.069776909999999998 2.8527969999999998 -0.041743250000000003
1385 -0.014364979999999999 2.8593000000000002 0.01216735
1386 0.059840659999999997 2.8484799999999999 -0.081149089999999993
1387 -0.023734370000000001 2.847982 -0.03012364
1388 -0.00028307229999999998 2.8482500000000002 -0.00391194
1389 0.057225699999999997 2.8448030000000002 -0.055864289999999997
1390 -0.02593177 2.8441550000000002 -0.064992670000000002
1391 0.055270710000000001 2.8463769999999999 -0.031932580000000002
1392 -0.017964730000000002 2.8418450000000002 -0.086383089999999996
1393 -0.01087801 2.8439730000000001 -0.10946889999999999
1394 0.0207228 2.8538429999999999 0.013716829999999999
1395 -0.0021536580000000001 2.8385440000000002 -0.092061439999999994
1396 0.0039653659999999997 2.853745 0.011190759999999999
1397 0.027531670000000001 2.8399570000000001 -0.098225499999999993
1398 0.042663159999999999 2.8399920000000001 -0.076648969999999997
1399 0.019239659999999999 2.8446729999999998 -0.0087488489999999995
1400 0.013784050000000001 2.8417620000000001 -0.01818256
1401 -0.0081126619999999997 2.8377590000000001 -0.058206029999999999
1402 0.02519006 2.8358349999999999 -0.071952890000000005
1403 0.02879673 2.837812 -0.03844844
1404 0.21552389999999999 3.0671360000000001 0.022876759999999999
1405 -0.14754390000000001 3.3331650000000002 -0.1046974
1406 0.068260130000000002 2.6785960000000002 0.142182
1407 -0.15169179999999999 3.0511699999999999 -0.11581039999999999
1408 -0.2087514 2.9121700000000001 0.098264840000000006
1409 -0.17416300000000001 2.9390589999999999 0.094064149999999999
1410 -0.14331150000000001 2.976181 0.076724399999999998
1411 -0.14087330000000001 2.963368 0.088395840000000003
1412 -0.099259029999999998 2.9949569999999999 0.070409299999999994
1413 0.047301849999999999 2.6828150000000002 0.1304575
1414 0.053023290000000001 2.6899150000000001 0.14156769999999999
1415 -0.036904609999999997 2.7438899999999999 0.098382659999999997
1416 -0.038042699999999999 2.7565059999999999 0.1007309
1417 -0.029184370000000001 2.759897 0.1033152
1418 -0.049223719999999999 2.8405629999999999 0.098973069999999996
1419 -0.039731429999999998 2.8159580000000002 0.10008599999999999
1420 -0.031497999999999998 2.8372820000000001 0.096136289999999999
1421 -0.030148479999999998 2.8216070000000002 0.095462370000000005
1422 -0.033555420000000002 2.8739710000000001 0.10047830000000001
1423 -0.01609648 2.8869579999999999 0.091031139999999997
1424 -0.34142749999999999 2.9940850000000001 -0.047732839999999999
1425 -0.23838799999999999 3.032816 -0.10748439999999999
1426 -0.21571209999999999 3.0402429999999998 -0.1066578
1427 -0.1708114 3.0474860000000001 -0.080535780000000001
1428 -0.17881240000000001 3.04359 -0.085943809999999995
1429 0.23125390000000001 2.815588 0.04133796
1430 0.1168742 2.9234040000000001 -0.00052511630000000005
1431 0.1119661 2.962939 -0.005127782
1432 0.1077521 2.9972660000000002 -0.041534500000000002
1433 0.1080072 2.9541439999999999 0.01322603
1434 0.1179192 2.9911720000000002 0.031823740000000003
1435 0.094204060000000006 3.0067620000000002 -0.01019144
1436 0.062194270000000003 3.1039669999999999 -0.068341799999999994
1437 0.01336131 3.1034449999999998 0.0042180120000000002
1438 0.013689710000000001 3.0879029999999998 0.032142520000000001
1439 0.0080067790000000003 3.090551 0.030972550000000001
1440 0.0243255 3.0609519999999999 0.029620919999999999
1441 0.020472870000000001 3.061423 0.044699469999999998
1442 0.066385979999999997 2.9697979999999999 0.073185299999999995
1443 0.059190470000000002 2.9352399999999998 0.080727999999999994
1444 0.092088210000000004 2.927476 0.057548929999999998
1445 0.092286209999999994 2.9369339999999999 0.057743099999999999
1446 0.070796120000000004 2.942936 0.068347610000000003
1447 0.083824780000000002 2.9425490000000001 0.052474689999999997
1448 0.03925091 2.9128859999999999 0.146345
1449 0.025548520000000002 2.9549530000000002 0.14144470000000001
1450 0.0351688 2.954332 0.1243669
1451 0.036772060000000002 2.9771740000000002 0.1139592
1452 0.03437072 2.9908030000000001 0.1073747
1453 -0.01899969 3.1823999999999999 -0.1747329
1454 0.055673540000000001 3.1280139999999999 -0.1089353
1455 0.03985839 3.1334330000000001 -0.10215100000000001
1456 0.071625270000000005 3.0949230000000001 -0.07486023
1457 0.256332 3.210032 -0.1081598
1458 0.181704 2.8370959999999998 0.060202899999999997
1459 0.20104820000000001 2.8356249999999998 0.041946240000000003
1460 0.17618510000000001 2.8495119999999998 0.04070613
1461 0.1604747 2.862819 0.050708280000000001
1462 0.11632670000000001 2.9067949999999998 0.060516180000000003
1463 0.13474430000000001 2.8858649999999999 0.048232749999999998
1464 0.220305 3.0723370000000001 0.02332998
1465 0.2327245 3.0719789999999998 0.0084634970000000004
1466 0.14380229999999999 3.016912 0.063073290000000004
1467 0.15131739999999999 3.0227059999999999 0.055760360000000002
1468 0.1551072 3.0127250000000001 0.053885929999999999
1469 0.15694540000000001 3.0296479999999999 0.061138060000000001
1470 0.50056699999999998 2.9075890000000002 0.0366386
1471 0.51858970000000004 2.9234279999999999 0.080112310000000006
1472 0.37366630000000001 2.8402349999999998 -0.0060151909999999996
1473 0.50409939999999998 2.9216039999999999 0.046762039999999998
1474 0.28612340000000003 2.7840419999999999 0.01411894
1475 0.0036059360000000001 2.734483 0.073230119999999996
1476 0.51779719999999996 2.9131999999999998 0.068497450000000001
1477 0.088883840000000006 2.8893970000000002 0.01513074
1478 0.49993900000000002 2.9075799999999998 0.053623270000000001
1479 0.41708119999999999 2.8763679999999998 -0.016437070000000002
1480 0.36864580000000002 2.8364980000000002 -0.034846509999999997
1481 0.38588109999999998 2.8567209999999998 -0.018223699999999999
1482 0.35353519999999999 2.839296 -0.022407
1483 0.25949450000000002 2.7879160000000001 0.029442550000000001
1484 0.37335950000000001 2.8198129999999999 -0.0061802070000000001
1485 0.50914870000000001 2.9170669999999999 0.047262690000000003
1486 0.34397230000000001 2.8000699999999998 -0.026009640000000001
1487 0.49826690000000001 2.904407 0.045289580000000003
1488 0.48744480000000001 2.9129369999999999 0.02417739
1489 0.1278511 2.8696700000000002 0.026198679999999998
1490 0.44662400000000002 2.8915449999999998 0.011565489999999999
1491 0.3351806 2.8311920000000002 -0.017255489999999998
1492 0.12997690000000001 2.8546749999999999 0.024783019999999999
1493 0.082993070000000002 2.8581210000000001 0.037369020000000003
1494 0.2721673 2.7775970000000001 0.0083035580000000008
1495 0.35981849999999999 2.8134350000000001 -0.032688189999999999
1496 0.49185380000000001 2.9042789999999998 0.025135250000000001
1497 0.34933419999999998 2.8181639999999999 -0.035184180000000002
1498 0.3616084 2.8065980000000001 -0.01271107
1499 0.46088109999999999 2.8936359999999999 0.022426479999999999
1500 0.1797195 2.8299180000000002 0.019285159999999999
1501 0.26985209999999998 2.7987899999999999 -0.016704139999999999
1502 0.054958689999999998 2.9255810000000002 0.075113150000000004
1503 0.41775180000000001 2.8425150000000001 -0.0160847
1504 0.026695170000000001 2.8914930000000001 -0.16188350000000001
1505 0.39589760000000002 2.8349190000000002 -0.031402470000000002
1506 -0.29857889999999998 3.0058189999999998 -0.089059639999999995
1507 -0.3553694 2.981481 -0.063093529999999995
1508 -0.30982549999999998 2.9913120000000002 -0.10315879999999999
1509 -0.06498313 2.995994 -0.062809900000000002
1510 -0.36082199999999998 2.9769389999999998 -0.025740780000000001
1511 -0.3278451 2.9756 -0.052982889999999998
1512 -0.2977976 2.9730310000000002 -0.098613339999999994
1513 -0.29632360000000002 2.9714079999999998 -0.085680619999999999
1514 -0.31943169999999999 2.9702060000000001 -0.064955219999999994
1515 -0.061033039999999997 3.0508280000000001 -0.058265020000000001
1516 -0.14700160000000001 3.0328189999999999 -0.1228841
1517 -0.28606999999999999 2.9787400000000002 -0.084394930000000007
1518 -0.4346334 3.0554779999999999 0.04251601
1519 -0.1710373 3.0147330000000001 -0.1237795
1520 -0.32814779999999999 2.9817580000000001 -0.088911320000000002
1521 -0.20086960000000001 3.0327769999999998 -0.1317921
1522 -0.2249553 3.0131250000000001 -0.13448769999999999
1523 -0.40618140000000003 3.0069059999999999 0.019404089999999999
1524 -0.37514180000000003 2.9950700000000001 -0.0048186729999999999
1525 -0.25680979999999998 3.0143179999999998 -0.1264429
1526 -0.32975789999999999 2.9694029999999998 -0.075101929999999997
1527 -0.33938010000000002 2.9682710000000001 -0.059286720000000001
1528 -0.041068500000000001 3.0218379999999998 -0.06635017
1529 -0.18289549999999999 3.0464579999999999 -0.091642080000000001
1530 -0.15470449999999999 3.0388009999999999 -0.12480860000000001
1531 -0.40011180000000002 3.0021040000000001 -0.012371429999999999
1532 -0.2346317 2.836598 0.13516400000000001
1533 0.05415934 2.7078540000000002 0.11913
1534 0.03799027 2.6950949999999998 0.13005259999999999
1535 -0.016804909999999999 2.7111040000000002 0.08818405
1536 0.012379970000000001 2.9054829999999998 0.074684840000000002
1537 0.1001191 2.6998959999999999 0.16797339999999999
1538 0.037655250000000001 2.7147009999999998 0.1036497
1539 -0.019411359999999999 2.7347939999999999 0.1046223
1540 0.0012589739999999999 2.7425220000000001 0.077177780000000001
1541 -0.031610949999999999 2.8463470000000002 0.050526309999999998
1542 -0.00062615119999999999 2.8792249999999999 0.056088449999999998
1543 -0.069722939999999997 2.8260130000000001 0.085425100000000004
1544 0.078312930000000003 2.680434 0.1395962
1545 -0.21387590000000001 2.8182290000000001 0.12888640000000001
1546 -0.065840040000000002 2.7927209999999998 0.086242330000000006
1547 0.052342529999999998 2.700205 0.099755849999999993
1548 -0.1060338 2.9479799999999998 0.073714879999999997
1549 -0.06218576 2.8608009999999999 0.049342320000000002
1550 -0.023707410000000002 2.893348 0.092577439999999997
1551 0.068663719999999998 2.6907230000000002 0.15664839999999999
1552 0.0034643320000000001 2.7298149999999999 0.10618379999999999
1553 -0.1320202 2.9319660000000001 0.063986950000000001
1554 -0.21007029999999999 2.8206069999999999 0.12787109999999999
1555 0.095112180000000004 2.6847479999999999 0.1616254
1556 -0.0028994329999999999 2.712459 0.072648439999999995
1557 0.064254049999999993 2.6861959999999998 0.1509897
1558 -0.029071050000000001 2.7235299999999998 0.077383250000000001
1559 -0.045814939999999998 2.7461340000000001 0.070869719999999997
1560 -0.14113239999999999 3.2602199999999999 -0.1276737
1561 -0.070415359999999996 3.1655479999999998 -0.16992750000000001
1562 -0.1423188 3.3630339999999999 -0.1007839
1563 -0.078513600000000003 3.2071040000000002 -0.15536700000000001
1564 -0.054963449999999997 3.1689310000000002 -0.15543129999999999
1565 -0.14283170000000001 3.305402 -0.1020769
1566 -0.071222830000000001 3.1739350000000002 -0.18435480000000001
1567 -0.0538193 3.1549830000000001 -0.1769742
1568 -0.0065546759999999997 3.1293839999999999 -0.17124210000000001
1569 0.06434695 3.1062319999999999 -0.091120909999999999
1570 -0.1305056 3.3341349999999998 -0.093862089999999995
1571 -0.13036159999999999 3.2574519999999998 -0.11904579999999999
1572 -0.081458000000000003 3.1924700000000001 -0.15332779999999999
1573 -0.1095356 3.243576 -0.14169580000000001
1574 0.031201650000000001 3.0436489999999998 -0.004583579
1575 -0.1294661 3.3574839999999999 -0.089951639999999999
1576 0.032363719999999999 3.1193420000000001 -0.15475749999999999
1577 -0.0139267 3.1788379999999998 -0.1546333
1578 -0.041684119999999998 3.1826089999999998 -0.15398229999999999
1579 -0.1074099 3.225511 -0.17491229999999999
1580 0.036258440000000003 3.0682100000000001 -0.026376989999999999
1581 -0.13786570000000001 3.2482030000000002 -0.14185519999999999
1582 0.01019103 3.0485009999999999 -0.028987869999999999
1583 -0.14128650000000001 3.2815219999999998 -0.1371095
1584 -0.14370230000000001 3.3566600000000002 -0.096065460000000005
1585 0.016635500000000001 3.0386359999999999 -0.065212989999999998
1586 -0.072814080000000003 3.17605 -0.1585683
1587 -0.096469139999999995 3.1890879999999999 -0.15920780000000001
1588 0.040718299999999999 3.085874 -0.1271545
1589 0.05931268 3.0809090000000001 -0.1121137
1590 0.022732780000000001 3.0766830000000001 -0.1011748
1591 -0.1125115 3.2103929999999998 -0.16866229999999999
1592 -0.16752149999999999 2.9404520000000001 0.092481980000000005
1593 -0.215782 2.8051780000000002 0.2545772
1594 -0.25597219999999998 2.851207 0.37824259999999998
1595 -0.21232960000000001 2.7939600000000002 0.17572389999999999
1596 -0.2299109 2.8195800000000002 0.17549819999999999
1597 -0.25019459999999999 2.8370060000000001 0.3678939
1598 -0.2237171 2.8171219999999999 0.31064819999999999
1599 -0.22265879999999999 2.8022800000000001 0.2495163
1600 -0.21122469999999999 2.7907639999999998 0.27882240000000003
1601 -0.20536470000000001 2.829494 0.1490447
1602 -0.2278908 2.8203839999999998 0.34501759999999998
1603 -0.2052784 2.8084579999999999 0.18411649999999999
1604 -0.24366789999999999 2.8279429999999999 0.3537573
1605 -0.036946710000000001 2.9730819999999998 0.07324369
1606 -0.2097696 2.8041070000000001 0.25685360000000002
1607 -0.21702869999999999 2.8080729999999998 0.27749600000000002
1608 -0.21615789999999999 2.8037519999999998 0.15150530000000001
1609 -0.20500879999999999 2.800376 0.2326889
1610 -0.090417129999999998 2.952909 0.03966455
1611 -0.1742525 2.9316360000000001 0.049430870000000002
1612 -0.1951503 2.9314049999999998 0.081210939999999995
1613 -0.21921309999999999 2.802101 0.3140655
1614 -0.23006370000000001 2.8462109999999998 0.13989740000000001
1615 -0.21018510000000001 2.7846340000000001 0.2244498
1616 -0.23061129999999999 2.7961100000000001 0.1897982
1617 -0.081022570000000002 2.9731450000000001 0.024563189999999999
1618 -0.20067460000000001 2.8407439999999999 0.1188456
1619 -0.2050227 2.7884549999999999 0.2279079
1620 -0.056052190000000002 3.0007579999999998 0.02409362
1621 -0.011967119999999999 2.9497279999999999 0.14097080000000001
1622 0.15397730000000001 3.0110070000000002 0.042664840000000002
1623 0.1428989 3.3718129999999999 -0.12940560000000001
1624 0.18751300000000001 3.316322 -0.14052919999999999
1625 0.22991519999999999 3.1673800000000001 -0.087743219999999997
1626 0.2366935 3.2585299999999999 -0.1447553
1627 0.2046481 3.2993329999999998 -0.14050579999999999
1628 0.14275689999999999 3.3954710000000001 -0.1172039
1629 0.2042187 3.1120139999999998 -0.016198089999999998
1630 0.1609893 3.3368869999999999 -0.14350889999999999
1631 0.2402898 3.0909879999999998 -0.044027139999999999
1632 0.17615310000000001 3.3121640000000001 -0.15963350000000001
1633 0.2277991 3.1910400000000001 -0.1150579
1634 0.17963180000000001 3.0644119999999999 -0.0097713609999999992
1635 0.1341802 3.0604110000000002 0.04659166
1636 0.19630139999999999 3.2716419999999999 -0.15469330000000001
1637 0.21909210000000001 3.2318210000000001 -0.12632170000000001
1638 0.22819300000000001 3.2026859999999999 -0.10776910000000001
1639 0.22924700000000001 3.1874440000000002 -0.10131320000000001
1640 0.23146749999999999 3.1087820000000002 -0.001433234
1641 0.1798149 3.0879400000000001 -0.003234813
1642 0.22002430000000001 3.2189960000000002 -0.1277904
1643 0.25875910000000002 3.1393949999999999 -0.087029170000000003
1644 0.2236506 3.1364540000000001 -0.036307150000000003
1645 0.077683600000000005 2.9743560000000002 0.059335800000000001
1646 0.099752679999999996 3.0159500000000001 0.069413210000000003
1647 0.2521679 3.1921870000000001 -0.12775230000000001
1648 0.1395603 3.00807 0.020987280000000001
1649 -0.060226509999999997 3.1514489999999999 -0.07659647
1650 -0.18807699999999999 3.1414810000000002 -0.068391199999999999
1651 -0.21620439999999999 3.137702 -0.059136859999999999
1652 -0.057976519999999997 3.162525 -0.05054707
1653 -0.036920910000000001 3.1093259999999998 -0.017578730000000001
1654 -0.087023080000000003 3.1407940000000001 -0.066150089999999995
1655 -0.11237709999999999 3.1615869999999999 -0.070059780000000002
1656 -0.21432860000000001 3.1475930000000001 -0.063021869999999994
1657 -0.0289032 3.107856 -0.026326430000000001
1658 -0.022072520000000002 3.0956890000000001 -0.016404680000000001
1659 -0.18227860000000001 3.148949 -0.069554260000000007
1660 0.016998650000000001 3.0906030000000002 0.0070129399999999996
1661 -0.057292500000000003 3.1356760000000001 -0.031324320000000003
1662 0.01317687 3.075037 0.0021973779999999998
1663 -0.054944850000000003 3.1627450000000001 -0.060744880000000001
1664 -0.15648719999999999 3.1537350000000002 -0.074694540000000004
1665 -0.021225649999999999 3.1269339999999999 0.0037962099999999999
1666 -0.067522890000000002 3.1372249999999999 -0.044854480000000002
1667 -0.0058405590000000004 3.0861960000000002 -0.01112989
1668 -0.1512512 3.1484770000000002 -0.095557699999999995
1669 -0.015884789999999999 3.0456940000000001 0.049556629999999997
1670 0.0015818340000000001 3.0076149999999999 0.085687769999999996
1671 0.090679350000000006 2.8530449999999998 0.12355380000000001
1672 0.016216350000000001 2.920617 0.1596033
1673 0.049839439999999999 2.863251 0.130275
1674 0.14492360000000001 2.8708610000000001 0.13493169999999999
1675 0.16246070000000001 2.9025370000000001 0.12756219999999999
1676 -0.0098945620000000008 2.950215 0.1011391
1677 0.14829999999999999 2.8888539999999998 0.1500764
1678 0.17362549999999999 2.931689 0.1528206
1679 0.03083317 2.9470619999999998 0.1075102
1680 0.03168609 2.9225859999999999 0.13256799999999999
1681 -0.0068239770000000002 2.917964 0.15208849999999999
1682 0.057886720000000003 2.8526310000000001 0.12849140000000001
1683 0.018844920000000001 2.9346830000000002 0.15379080000000001
1684 -0.02301541 2.9468450000000002 0.127253
1685 0.1180423 2.8621059999999998 0.1213832
1686 -0.02362094 2.968556 0.10683719999999999
1687 0.072528049999999997 2.8465579999999999 0.13151669999999999
1688 0.10180160000000001 2.8493680000000001 0.1277131
1689 0.13915469999999999 2.8872360000000001 0.1374582
1690 0.04804725 2.8973339999999999 0.15061169999999999
1691 0.033486469999999997 2.9057179999999998 0.13529669999999999
1692 0.10801090000000001 2.865729 0.15455430000000001
1693 0.054656330000000003 2.8486340000000001 0.14109150000000001
1694 0.129777 2.862819 0.1436316
1695 -0.013983840000000001 3.0390579999999998 0.0052532669999999998
1696 -0.028542330000000001 3.0309629999999999 0.01287893
1697 0.074303649999999999 3.0243280000000001 -0.045879910000000003
1698 0.04635831 3.0090819999999998 0.063361100000000004
1699 -0.061512339999999999 2.9934270000000001 0.020790449999999999
1700 0.11341619999999999 2.8599709999999998 0.1504605
1701 -0.069370580000000001 2.969719 0.021268459999999999
1702 -0.041571440000000001 2.9585279999999998 0.070592600000000005
1703 0.10654279999999999 2.9176289999999998 0.037085119999999999
1704 0.098119280000000003 2.9053209999999998 0.01528886
1705 0.1005344 2.885141 -0.03283034
1706 0.083502489999999999 2.8939629999999998 -0.1185041
1707 -0.041918039999999997 2.8543129999999999 -0.060715760000000001
1708 3.4643610000000002e-05 2.8390919999999999 -0.035268979999999998
1709 -0.1120429 2.988324 0.069705030000000001
1710 -0.097703639999999994 2.981795 0.082637180000000005
1711 -0.32391560000000003 2.9965389999999998 -0.06410544
1712 0.26906639999999998 2.8187690000000001 0.0054256670000000003
1713 0.27955269999999999 2.8180329999999998 0.0035140810000000001
1714 0.24307019999999999 2.8171560000000002 0.031257300000000002
1715 0.1072535 2.9979239999999998 -0.01062224
1716 0.1156721 2.9255019999999998 -0.027646339999999998
1717 0.1107379 2.9446469999999998 0.012716109999999999
1718 0.023233480000000001 3.04556 0.04898595
1719 0.015810950000000001 3.0560200000000002 0.050934689999999998
1720 0.084736279999999997 2.9364530000000002 0.064049930000000005
1721 0.039106009999999997 2.9560680000000001 0.097035189999999993
1722 0.033392400000000003 2.9848690000000002 0.1135487
1723 0.046496280000000001 3.138144 -0.114388
1724 0.047672119999999998 3.133629 -0.1228278
1725 0.067334569999999996 3.076902 -0.044390020000000002
1726 0.2139625 3.282035 -0.16139899999999999
1727 0.1962187 2.8269259999999998 0.056659880000000003
1728 0.18168300000000001 2.8457560000000002 0.048695120000000001
1729 0.11553339999999999 2.9069159999999998 0.04952492
1730 0.49879669999999998 2.922536 0.052108050000000003
1731 0.1879846 3.0507040000000001 0.046418500000000001
1732 0.14020659999999999 3.0106600000000001 0.056099000000000003
1733 0.36760599999999999 2.8100019999999999 -0.02309947
1734 0.4489417 2.8702519999999998 0.0051974999999999999
1735 0.42161199999999999 2.8516339999999998 -0.024682889999999999
1736 0.092690460000000002 2.8609249999999999 0.072521080000000002
1737 0.14690619999999999 2.8070279999999999 0.042437750000000003
1738 0.4036787 2.8343829999999999 -0.010350069999999999
1739 0.20866180000000001 2.8301780000000001 0.042209249999999997
1740 0.077686099999999994 2.8673470000000001 0.066341360000000002
1741 0.34310629999999998 2.8246929999999999 -0.033632099999999998
1742 0.1384812 2.82443 0.027468889999999999
1743 0.28269309999999997 2.8112780000000002 -0.016009900000000001
1744 0.19884309999999999 2.7917320000000001 0.047463940000000003
1745 0.08145732 2.6874530000000001 0.13297500000000001
1746 0.38046679999999999 2.8222619999999998 -0.030896099999999999
1747 0.1176099 2.8932129999999998 0.029333910000000001
1748 0.41782170000000002 2.85629 -0.028495619999999999
1749 0.47071000000000002 2.906838 0.01184294
1750 -0.43049229999999999 3.0411359999999998 0.02677856
1751 -0.43368899999999999 3.0369440000000001 0.02667069
1752 -0.46424959999999998 3.0858919999999999 0.054538910000000003
1753 -0.2585963 2.9814970000000001 -0.1118456
1754 -0.21529780000000001 3.0099239999999998 -0.097636790000000001
1755 -0.41950959999999998 3.015466 0.01243763
1756 -0.1221449 3.0143719999999998 -0.089212589999999994
1757 -0.070900160000000004 3.0052789999999998 -0.06886188
1758 0.0142618 3.0814029999999999 -0.077573420000000004
1759 -0.4003487 3.0155810000000001 -0.0016757740000000001
1760 -0.22324530000000001 3.0372240000000001 -0.1090952
1761 -0.059408229999999999 3.0420020000000001 -0.025792590000000001
1762 -0.37176999999999999 2.9973519999999998 -0.01131678
1763 0.074082339999999997 2.6935639999999998 0.1219161
1764 -0.016202560000000001 2.848992 0.077986449999999999
1765 -0.018486909999999999 2.7465459999999999 0.10381890000000001
1766 -0.019269959999999999 2.7199749999999998 0.071886409999999998
1767 -0.030990759999999999 2.7407900000000001 0.062110169999999999
1768 -0.0023604339999999998 2.8766229999999999 0.065403740000000002
1769 0.016503429999999999 2.6907920000000001 0.1069425
1770 -0.0022386289999999998 2.8967269999999998 0.082409620000000003
1771 0.084929180000000007 2.7025320000000002 0.15064
1772 0.083436010000000005 2.6994090000000002 0.17023869999999999
1773 -0.03511135 2.7294390000000002 0.088549610000000001
1774 -0.075741260000000005 2.9495390000000001 0.051895480000000001
1775 -0.07342564 2.833091 0.070662950000000002
1776 -0.055380499999999999 2.862854 0.093846830000000006
1777 -0.021522619999999999 2.7875070000000002 0.070336650000000001
1778 -0.046035479999999997 3.1912099999999999 -0.15846859999999999
1779 -0.0065433059999999996 3.14994 -0.13042529999999999
1780 -0.1149241 3.2547619999999999 -0.13838839999999999
1781 -0.1291118 3.3593730000000002 -0.10037459999999999
1782 -0.13924690000000001 3.343191 -0.091738440000000004
1783 -0.070156189999999993 3.1674159999999998 -0.1773583
1784 0.01322037 3.1058659999999998 -0.1462078
1785 0.062790100000000001 3.0259299999999998 -0.067151939999999993
1786 0.022947430000000001 3.12608 -0.094107670000000004
1787 -0.027809879999999999 3.1827830000000001 -0.1557935
1788 -0.075800629999999994 3.2133910000000001 -0.16040989999999999
1789 -0.1183945 3.2614269999999999 -0.1460129
1790 -0.13507230000000001 3.247404 -0.15039459999999999
1791 -0.13284360000000001 3.2745540000000002 -0.11165890000000001
1792 -0.14039380000000001 3.2796650000000001 -0.1113297
1793 0.01451089 3.05661 -0.066402509999999998
1794 0.018821089999999999 3.159065 -0.15593879999999999
1795 -0.1168623 3.2331590000000001 -0.13368959999999999
1796 0.062936829999999999 3.105594 -0.11284
1797 0.061308639999999998 3.0369600000000001 -0.073765020000000001
1798 0.075658080000000003 3.0607600000000001 -0.057152719999999997
1799 -0.21837889999999999 2.818244 0.31475589999999998
1800 -0.2041539 2.801971 0.18150859999999999
1801 -0.2063342 2.7990050000000002 0.17410790000000001
1802 -0.132799 2.9494250000000002 0.085688840000000002
1803 -0.20723030000000001 2.803992 0.27318179999999997
1804 -0.23056170000000001 2.8118280000000002 0.31310789999999999
1805 -0.20158970000000001 2.8502160000000001 0.12751979999999999
1806 -0.2029328 2.794864 0.23593130000000001
1807 -0.087072330000000003 2.9969769999999998 0.064843860000000003
1808 -0.20558299999999999 2.8458670000000001 0.10065979999999999
1809 -0.19851460000000001 2.8884910000000001 0.1124227
1810 -0.18614620000000001 2.8986239999999999 0.1036461
1811 -0.22384760000000001 2.7891219999999999 0.26305489999999998
1812 -0.2028353 2.916328 0.095574199999999998
1813 -0.1079079 2.993058 0.061658640000000001
1814 -0.1249938 2.9378839999999999 0.053026209999999997
1815 -0.035711399999999997 3.0053369999999999 0.054499800000000001
1816 0.26122980000000001 3.1256560000000002 -0.046258639999999997
1817 0.126446 3.4099900000000001 -0.1076068
1818 0.14541580000000001 3.3774670000000002 -0.1243562
1819 0.074949909999999995 3.0136810000000001 0.068325650000000002
1820 0.15990869999999999 3.3719679999999999 -0.14340710000000001
1821 0.2302604 3.1884600000000001 -0.1207609
1822 0.2348104 3.1899820000000001 -0.1274914
1823 0.21141679999999999 3.118109 -0.01431609
1824 0.16412109999999999 3.081483 0.016795049999999999
1825 0.1481383 3.0459689999999999 0.0040362890000000002
1826 0.2506717 3.2142919999999999 -0.1052723
1827 0.2431931 3.2134160000000001 -0.1020827
1828 0.25558740000000002 3.2155779999999998 -0.1210305
1829 0.200542 3.3034530000000002 -0.1627432
1830 0.17216799999999999 3.3363200000000002 -0.15962580000000001
1831 0.15124460000000001 3.362771 -0.1484567
1832 0.1501596 3.0631050000000002 0.0070037809999999997
1833 0.1658269 3.018974 0.022531780000000001
1834 0.21634919999999999 3.1200060000000001 -0.046974410000000001
1835 0.23270070000000001 3.0817779999999999 0.0057409030000000003
1836 0.2122984 3.2954699999999999 -0.15624370000000001
1837 0.19040380000000001 3.2843840000000002 -0.1475861
1838 -0.044266020000000003 3.1234459999999999 -0.04268197
1839 -0.026467290000000001 3.0566970000000002 0.014843149999999999
1840 -0.08930391 3.1398250000000001 -0.074896229999999994
1841 -0.041068500000000001 3.1571449999999999 -0.049633780000000002
1842 -0.1587761 3.1415220000000001 -0.092003280000000007
1843 0.00035085580000000002 3.070729 0.04516303
1844 -0.0066203929999999996 3.0889850000000001 0.035003319999999997
1845 -0.0275894 3.1126550000000002 0.01066928
1846 0.18406259999999999 2.939991 0.15026120000000001
1847 0.016303829999999998 2.8900589999999999 0.1299227
1848 0.0090750559999999997 3.0040710000000002 0.095990329999999999
1849 -0.01091876 2.9876140000000002 0.1102004
1850 0.01241197 2.9648119999999998 0.13731860000000001
1851 0.13612009999999999 2.8725900000000002 0.1499211
1852 0.029880650000000002 2.8731770000000001 0.16063340000000001
1853 0.095948409999999998 2.8723719999999999 0.14267289999999999
1854 -0.0077234369999999997 2.9358430000000002 0.1119571
1855 0.02893387 2.935508 0.1207583
1856 -0.0016094289999999999 2.8867769999999999 0.13960059999999999
1857 -0.019329599999999999 2.9758640000000001 0.08649068
1858 0.17054559999999999 2.9011469999999999 0.14601330000000001
1859 0.044100970000000003 3.024089 0.047434959999999998
1860 -0.052133909999999999 3.0145780000000002 0.00072322179999999997
1861 -0.063933580000000004 3.0009079999999999 -0.0067867819999999999
1862 -0.082579749999999993 3.0067910000000002 -0.024340939999999998
1863 0.095840060000000005 2.975638 0.040704259999999999
1864 -0.010190650000000001 2.9567160000000001 -0.1599759
1865 -0.023935660000000001 2.9087559999999999 -0.16348499999999999
1866 0.0047530000000000003 2.9149509999999998 0.080809359999999997
1867 0.003397171 2.8962620000000001 -0.16739229999999999
1868 0.059646310000000001 2.8947989999999999 -0.14470740000000001
1869 -0.037013839999999999 2.8511609999999998 -0.08151311
1870 -0.2279689 2.8206159999999998 0.17944589999999999
1871 -0.050006410000000001 2.7946689999999998 0.1009564
1872 -0.033220380000000001 2.8267310000000001 0.1015868
1873 -0.030178469999999999 2.886056 0.097776349999999998
1874 0.0097557189999999995 3.1044740000000002 0.014443060000000001
1875 0.018633210000000001 3.0531299999999999 0.044017229999999997
1876 0.095717650000000001 2.942669 0.050587890000000003
1877 0.085768800000000006 2.955111 0.062283400000000003
1878 0.021191169999999999 2.958377 0.13943920000000001
1879 0.031974080000000002 2.9589279999999998 0.131936
1880 0.044962729999999999 3.1366260000000001 -0.1189962
1881 0.05682864 3.114306 -0.088204340000000006
1882 0.062376559999999998 3.1103890000000001 -0.080282450000000005
1883 0.19132579999999999 2.833542 0.05899836
1884 0.18069540000000001 2.8433449999999998 0.055470819999999997
1885 0.053723130000000001 3.0678160000000001 -0.028545069999999999
1886 0.12292980000000001 2.90489 0.053840199999999998
1887 0.25020829999999999 3.093966 -0.017242299999999999
1888 0.2225116 3.0745 0.014343740000000001
1889 0.41437429999999997 2.875006 -0.01073124
1890 0.1550385 2.8111280000000001 0.061525639999999999
1891 0.2037737 2.8264649999999998 0.018274390000000001
1892 0.3676161 2.8219759999999998 -0.0033898869999999998
1893 0.14992340000000001 2.8600560000000002 0.030691550000000001
1894 0.31199270000000001 2.7859609999999999 -0.0130165
1895 0.1680179 2.8494480000000002 0.030961280000000001
1896 0.1985488 2.819572 0.012854050000000001
1897 0.28729579999999999 2.7826599999999999 -0.012127249999999999
1898 0.4461775 2.894971 -0.003753101
1899 0.27767069999999999 2.778651 -0.0023968079999999998
1900 -0.39241320000000002 3.0066310000000001 0.012745009999999999
1901 -0.4367451 3.035101 0.032980379999999997
1902 -0.46472669999999999 3.0789 0.056801379999999999
1903 -0.45259329999999998 3.0749029999999999 0.048918280000000001
1904 -0.12844800000000001 3.042338 -0.1148889
1905 -0.22810240000000001 3.0301939999999998 -0.12719539999999999
1906 -0.39753309999999997 3.0069080000000001 -0.012297020000000001
1907 -0.42798730000000001 3.0466540000000002 0.042571699999999997
1908 -0.27493610000000002 2.9788480000000002 -0.1112687
1909 -0.38020559999999998 2.9826830000000002 -0.01457955
1910 -0.1197648 3.0308000000000002 -0.1104366
1911 -0.1125357 3.0524260000000001 -0.10157529999999999
1912 -0.40579880000000002 2.9996070000000001 0.0059438939999999999
1913 -0.28151189999999998 2.9947979999999998 -0.1198403
1914 -0.25935989999999998 2.9814180000000001 -0.1045233
1915 -0.17182069999999999 3.0365880000000001 -0.080829040000000005
1916 -0.111744 3.0128849999999998 -0.056523240000000002
1917 -0.12276280000000001 3.0608919999999999 -0.086688100000000004
1918 -0.0084223909999999996 2.7340499999999999 0.10590570000000001
1919 0.10441350000000001 2.6885979999999998 0.19312499999999999
1920 0.1053183 2.7071839999999998 0.21936820000000001
1921 -0.024272330000000002 2.870654 0.043103559999999999
1922 -0.048219239999999997 2.764669 0.05894858
1923 0.041960219999999999 2.6822759999999999 0.1216059
1924 -0.059270419999999997 2.7673770000000002 0.072845320000000005
1925 0.040321849999999999 2.709149 0.11968280000000001
1926 -0.02061054 2.779874 0.09191597
1927 0.075232510000000002 3.066551 -0.066768800000000003
1928 0.02607553 3.1402040000000002 -0.10870390000000001
1929 0.017394090000000001 3.0723020000000001 -0.085187299999999994
1930 0.02975299 3.03539 -0.073020409999999994
1931 -0.1389387 3.263061 -0.1208293
1932 0.020691520000000001 3.139637 -0.1666193
1933 0.052994230000000003 3.098617 -0.12910460000000001
1934 -0.002814137 3.1703890000000001 -0.17324990000000001
1935 -0.037362300000000001 3.1849400000000001 -0.1872974
1936 0.044697489999999999 3.1349840000000002 -0.13479830000000001
1937 0.025124469999999999 3.1026050000000001 -0.069416599999999995
1938 -0.022509330000000001 3.1525029999999998 -0.1419271
1939 0.0035893829999999998 3.111713 -0.1213051
1940 -0.13616729999999999 2.9575049999999998 0.086428840000000007
1941 -0.2040119 2.816576 0.15023590000000001
1942 -0.23137820000000001 2.827334 0.3344241
1943 -0.18989909999999999 2.8702740000000002 0.097430509999999998
1944 -0.22637779999999999 2.7954870000000001 0.2648182
1945 -0.22773119999999999 2.837879 0.1140008
1946 -0.16562170000000001 2.9134199999999999 0.058783059999999998
1947 -0.16184200000000001 2.96556 0.062979770000000004
1948 -0.19840920000000001 2.8834879999999998 0.071329770000000001
1949 -0.22864870000000001 2.8539319999999999 0.10527160000000001
1950 0.26632529999999999 3.1564739999999998 -0.082931270000000001
1951 0.2328759 3.1564700000000001 -0.056321799999999998
1952 0.16472100000000001 3.022014 0.015837779999999999
1953 0.21273810000000001 3.2674789999999998 -0.16169790000000001
1954 0.1633095 3.3405640000000001 -0.1385142
1955 0.19952739999999999 3.0411809999999999 0.019096229999999999
1956 -0.13262080000000001 3.1550319999999998 -0.072738269999999994
1957 -0.19476299999999999 3.136619 -0.070840700000000006
1958 -0.13318199999999999 3.1403850000000002 -0.085372920000000005
1959 0.01183528 3.0950259999999998 -0.0039282179999999998
1960 -0.013899119999999999 3.1384539999999999 -0.012341110000000001
1961 -0.097179329999999994 3.1631469999999999 -0.065430219999999997
1962 -0.078957940000000004 3.1667640000000001 -0.067701629999999999
1963 0.038014039999999999 2.9093469999999999 0.156997
1964 0.067255690000000007 2.8657189999999999 0.16108410000000001
1965 0.037343609999999999 2.8579870000000001 0.13234470000000001
1966 -0.022261599999999999 2.935673 0.12343
1967 0.1127735 2.8701970000000001 0.1301427
1968 0.042524699999999999 2.9575170000000002 0.088082690000000005
1969 0.1061474 2.8628420000000001 0.1236183
1970 0.003226774 2.969433 0.13467999999999999
1971 0.043123910000000001 2.852805 0.1359263
1972 0.047408800000000001 3.0302319999999998 -0.074051069999999997
1973 -0.072134770000000001 2.9905379999999999 -0.021275510000000001
1974 0.097104360000000001 2.9786359999999998 0.02869083
1975 -0.052591369999999998 2.9177780000000002 0.043789080000000001
1976 0.042932659999999997 2.8832810000000002 -0.1507423
1977 0.01332118 2.8745229999999999 -0.15615229999999999
1978 0.011996160000000001 2.8446199999999999 -0.11735719999999999
1979 -0.2189316 2.8370320000000002 0.1553687
1980 -0.2103334 2.9090940000000001 0.093804139999999994
1981 -0.034105440000000001 2.7797489999999998 0.1009748
1982 -0.02269461 2.8115640000000002 0.072024469999999993
1983 -0.030419459999999999 2.8636400000000002 0.095943310000000004
1984 -0.021223840000000001 2.8706339999999999 0.097679100000000005
1985 -0.20377439999999999 3.042621 -0.095973450000000002
1986 -0.1098365 3.2490320000000001 -0.1496826
1987 0.1072946 2.9811329999999998 -0.0058414820000000003
1988 0.1016331 3.0083489999999999 -0.021825420000000002
1989 0.1179255 3.0579360000000002 0.030801209999999999
1990 0.041413079999999998 2.928534 0.082648940000000004
1991 0.048991079999999999 2.9439139999999999 0.086165290000000005
1992 0.093011049999999998 2.9322590000000002 0.053189229999999997
1993 0.026999740000000001 3.15374 -0.13356280000000001
1994 0.062895580000000006 3.067863 -0.035137679999999998
1995 0.26835789999999998 3.1709139999999998 -0.092662789999999995
1996 0.1216984 2.8937330000000001 0.070993459999999994
1997 0.24502170000000001 3.0846369999999999 -0.01082578
1998 0.1492404 3.008877 0.045788950000000002
1999 0.14569470000000001 3.0361099999999999 0.060818490000000003
2000 0.16248380000000001 3.0216129999999999 0.048306630000000003
2001 0.16069890000000001 2.8861829999999999 0.13743240000000001
2002 0.24029420000000001 2.7769339999999998 0.014813049999999999
2003 0.1197085 2.8970009999999999 0.060666709999999999
2004 0.1362969 2.828341 0.070120139999999997
2005 0.37048639999999999 2.827779 -0.0034288719999999999
2006 0.1481835 2.8125239999999998 0.028969620000000001
2007 0.049038419999999999 2.8851140000000002 0.050852109999999999
2008 0.31347639999999999 2.7873510000000001 0.00054657339999999999
2009 0.29535650000000002 2.7810790000000001 -0.003289738
2010 0.4736667 2.890393 0.0069366219999999999
2011 0.31197130000000001 2.8169650000000002 -0.025164010000000001
2012 -0.080637730000000005 3.038459 -0.089677359999999998
2013 -0.21261640000000001 2.8863910000000002 0.076237079999999999
2014 -0.33299859999999998 2.990688 -0.052017750000000001
2015 -0.4384576 3.0550609999999998 0.036909360000000002
2016 -0.32482939999999999 2.98204 -0.055
2017 -0.35144839999999999 2.9941460000000002 -0.062292100000000003
2018 -0.25995400000000002 2.9968300000000001 -0.1271803
2019 -0.036641109999999998 3.025782 -0.063171630000000006
2020 -0.41184009999999999 3.0295130000000001 0.02970712
2021 -0.094574500000000006 3.003568 -0.058540540000000002
2022 -0.1034846 3.0184359999999999 -0.092275899999999994
2023 -0.33467409999999997 2.9891450000000002 -0.08319377
2024 -0.19470999999999999 3.0120849999999999 -0.13131090000000001
2025 -0.047708569999999999 2.8993479999999998 0.034093539999999999
2026 -0.033376019999999999 2.7598180000000001 0.056931799999999998
2027 -0.049763660000000001 2.7856480000000001 0.053798970000000002
2028 0.016283220000000001 2.6972939999999999 0.1170935
2029 -0.051741879999999997 2.8182520000000002 0.099749039999999997
2030 -0.06032908 2.7709820000000001 0.082998600000000006
2031 -0.0538574 2.9065400000000001 0.076675969999999996
2032 -0.07291251 2.9552100000000001 0.068707980000000002
2033 0.005093569 3.1110350000000002 -0.14822879999999999
2034 -0.1236294 3.2486220000000001 -0.16064120000000001
2035 -0.001069008 3.1527379999999998 -0.12917300000000001
2036 -0.1339553 3.2894000000000001 -0.1050494
2037 -0.062330480000000001 3.177038 -0.1896543
2038 0.029644170000000001 3.079853 -0.041811950000000001
2039 0.020951810000000001 3.0446789999999999 -0.0091379649999999996
2040 -0.12977710000000001 3.3806590000000001 -0.099702639999999995
2041 -0.1261989 3.3749790000000002 -0.095497429999999994
2042 -0.13285659999999999 3.3541120000000002 -0.089393189999999997
2043 0.055864589999999999 3.071545 -0.1078933
2044 -0.13054180000000001 2.9845299999999999 0.061980019999999997
2045 -0.20479700000000001 2.7915860000000001 0.25691320000000001
2046 -0.20738609999999999 2.8557060000000001 0.090289789999999995
2047 -0.21025669999999999 2.8160280000000002 0.18108199999999999
2048 -0.083439780000000005 2.9890460000000001 0.073952959999999998
2049 -0.22696720000000001 2.8012519999999999 0.16239970000000001
2050 -0.17661489999999999 2.9212989999999999 0.052255160000000002
2051 -0.234399 2.816989 0.1532472
2052 -0.034127129999999999 2.982745 0.072663909999999998
2053 -0.22516079999999999 2.8734929999999999 0.095037399999999994
2054 0.2598336 3.121991 -0.063290360000000004
2055 0.14700840000000001 3.3939720000000002 -0.12962290000000001
2056 0.13386290000000001 3.3881169999999998 -0.1237176
2057 0.13516929999999999 3.3910559999999998 -0.11804190000000001
2058 0.15299840000000001 3.04522 0.057391240000000003
2059 0.2349628 3.1494499999999999 -0.093221639999999995
2060 -0.05887179 3.1584159999999999 -0.071332069999999997
2061 -0.1090629 3.1414900000000001 -0.080882770000000007
2062 -0.1826122 3.1445859999999999 -0.086149390000000006
2063 -0.17022590000000001 3.1534450000000001 -0.088206309999999996
2064 -0.035485339999999997 3.1248469999999999 -0.048489789999999998
2065 -0.1070845 3.1533609999999999 -0.094384339999999997
2066 -0.0062133350000000004 3.107783 0.021904099999999999
2067 0.029387429999999999 3.0043150000000001 0.087046269999999995
2068 -0.018750349999999999 2.9910380000000001 0.079571610000000001
2069 -0.02137824 2.9781719999999998 0.10441540000000001
2070 0.031569470000000002 2.8903289999999999 0.1339243
2071 0.0246679 2.8713449999999998 0.1318571
2072 0.076807500000000001 2.8459590000000001 0.1380342
2073 0.046560310000000001 3.0339239999999998 0.02389693
2074 0.05657649 3.0328460000000002 0.034310069999999998
2075 -0.01126544 3.0072619999999999 0.071404010000000004
2076 -0.00055245299999999995 2.917837 -0.17044989999999999
2077 -0.15125130000000001 2.9698560000000001 0.081465860000000001
2078 -0.023133600000000001 2.8643179999999999 0.092402380000000006
2079 -0.062214930000000002 3.1641720000000002 -0.060084609999999997
2080 -0.1948115 3.0470670000000002 -0.102677
2081 -0.1781037 3.0526979999999999 -0.091560559999999999
2082 -0.087884749999999998 3.0588959999999998 -0.046327849999999997
2083 0.018643110000000001 3.0786310000000001 0.03006503
2084 0.048992279999999999 2.8868649999999998 0.16460540000000001
2085 0.054807580000000002 3.130795 -0.11584079999999999
2086 0.046547829999999998 3.1035170000000001 -0.062942429999999994
2087 0.26553840000000001 3.1541399999999999 -0.066489339999999994
2088 0.18062990000000001 3.027012 0.02621971
2089 0.25628570000000001 3.1097160000000001 -0.035965980000000002
2090 0.45740589999999998 2.8938619999999999 -0.004285896
2091 0.18437439999999999 2.8277389999999998 0.062517199999999995
2092 0.45827649999999998 2.9039229999999998 0.011628339999999999
2093 0.14500170000000001 2.8533970000000002 0.026200939999999999
2094 0.36830400000000002 2.84585 -0.015589179999999999
2095 0.43127090000000001 2.8650679999999999 0.0034924890000000001
2096 0.1085313 2.9090729999999998 0.02929292
2097 0.1095821 2.8671630000000001 0.023678080000000001
2098 0.38780629999999999 2.8526980000000002 -0.0085663820000000009
2099 0.2772463 2.7920720000000001 -0.017924809999999999
2100 -0.10816870000000001 3.0449739999999998 -0.045981870000000001
2101 -0.41754229999999998 3.0242260000000001 0.01097248
2102 -0.13837769999999999 3.0598109999999998 -0.082078390000000001
2103 -0.23077049999999999 3.0324930000000001 -0.1219923
2104 -0.096423900000000007 3.0600450000000001 -0.071394910000000006
2105 0.048101860000000003 2.6836799999999998 0.13515369999999999
2106 0.027727760000000001 2.691929 0.1218818
2107 -0.00511642 2.722191 0.11108560000000001
2108 0.1058909 2.6960130000000002 0.23637720000000001
2109 0.097091159999999996 2.7033960000000001 0.1778129
2110 -0.033800709999999998 2.860992 0.044407330000000002
2111 0.054373409999999997 2.6831339999999999 0.1121537
2112 -0.018840800000000001 2.780653 0.086842219999999998
2113 -0.01881876 2.7269260000000002 0.066229759999999999
2114 -0.14362759999999999 3.3402430000000001 -0.1088822
2115 -0.053969660000000003 3.179335 -0.154053
2116 -0.1482377 3.2977620000000001 -0.11985990000000001
2117 0.02359959 3.05403 -0.01825036
2118 -0.23418549999999999 2.8365930000000001 0.35858869999999998
2119 -0.22033249999999999 2.8093490000000001 0.21242069999999999
2120 -0.20474819999999999 2.803061 0.2010816
2121 -0.23864759999999999 2.8268970000000002 0.35787429999999998
2122 -0.23262360000000001 2.8047740000000001 0.18580650000000001
2123 -0.16326460000000001 2.9505080000000001 0.046219179999999999
2124 -0.19446559999999999 2.8740640000000002 0.11243549999999999
2125 -0.078920770000000001 2.9969950000000001 0.031081250000000001
2126 0.1752464 3.3536860000000002 -0.1463872
2127 0.2242277 3.2446619999999999 -0.1559844
2128 0.1511303 3.3542179999999999 -0.14625940000000001
2129 0.22602839999999999 3.2191169999999998 -0.14436869999999999
2130 0.21253549999999999 3.2377560000000001 -0.13866310000000001
2131 0.1208597 3.0397699999999999 0.01064536
2132 0.1210818 3.0017299999999998 0.019519620000000001
2133 -0.022813259999999998 3.143011 -0.046519860000000003
2134 0.026545329999999999 2.9168720000000001 0.12916030000000001
2135 0.02824014 2.9917820000000002 0.1056544
2136 0.17680019999999999 2.9220030000000001 0.13740550000000001
2137 0.1549112 2.901087 0.1340431
2138 0.099164989999999995 2.856436 0.1525512
2139 -0.02305749 3.0336449999999999 -0.051552630000000002
2140 0.10425520000000001 2.9728680000000001 0.014305669999999999
2141 -0.043479259999999999 2.79921 0.1017516
2142 -0.1674416 3.0567859999999998 -0.090388209999999997
2143 0.3514659 2.8370760000000002 -0.01386573
2144 0.1175028 2.944483 0.0072814910000000002
2145 -0.0055802780000000001 3.1346959999999999 -0.02057198
2146 0.042393470000000003 2.9341629999999999 0.086724099999999998
2147 0.037500169999999999 2.9418769999999999 0.086877850000000006
2148 0.19976269999999999 2.8341769999999999 0.055509570000000001
2149 0.1300328 2.8964660000000002 0.057827290000000003
2150 0.46202140000000003 2.8788589999999998 0.00022564110000000001
2151 0.33519070000000001 2.8278080000000001 -0.02711823
2152 0.26040479999999999 2.7955199999999998 0.031874899999999998
2153 0.21113399999999999 2.7897419999999999 0.0081792540000000004
2154 -0.34132109999999999 2.997522 -0.061205059999999999
2155 -0.42365829999999999 3.0190709999999998 0.025433020000000001
2156 -0.45144489999999998 3.0748899999999999 0.056019909999999999
2157 -0.24607000000000001 3.0279799999999999 -0.1140212
2158 -0.25012620000000002 3.0100020000000001 -0.13049179999999999
2159 -0.1010469 3.05728 -0.088732119999999998
2160 -0.21208450000000001 2.9980509999999998 -0.1127692
2161 -0.023769769999999999 2.7769309999999998 0.06302982
2162 -0.026018280000000001 2.891184 0.093926319999999994
2163 0.074089769999999999 2.7024560000000002 0.1450757
2164 0.076423699999999997 2.689702 0.16785520000000001
2165 0.1065755 2.70187 0.2479527
2166 -0.065826869999999996 2.8244669999999998 0.055159850000000003
2167 0.031283619999999998 3.058942 -0.091087559999999998
2168 -0.11202719999999999 3.204215 -0.15922059999999999
2169 -0.033774539999999999 3.1470310000000001 -0.15305589999999999
2170 -0.1257596 3.3834140000000001 -0.091274110000000006
2171 -0.19006110000000001 2.8706770000000001 0.091193659999999996
2172 -0.22562189999999999 2.7919900000000002 0.18694050000000001
2173 -0.23155229999999999 2.8036970000000001 0.16863300000000001
2174 0.2456354 3.177737 -0.1220696
2175 0.1286506 3.4028689999999999 -0.1192888
2176 0.16137589999999999 3.3669579999999999 -0.13237309999999999
2177 0.2465398 3.0900750000000001 -0.021271209999999999
2178 0.23534250000000001 3.2306550000000001 -0.1499645
2179 0.16916300000000001 3.3533499999999998 -0.13628019999999999
2180 0.13778799999999999 3.3970419999999999 -0.1141052
2181 0.20913399999999999 3.2881610000000001 -0.13813739999999999
2182 0.21987979999999999 3.2546119999999998 -0.12757579999999999
2183 0.2449769 3.1376110000000001 -0.031226090000000001
2184 0.14839669999999999 3.0548679999999999 0.0049969200000000002
2185 0.076785709999999993 3.0395189999999999 0.043224220000000001
2186 -0.005624703 3.0459019999999999 0.0046987799999999996
2187 -0.024562750000000001 3.04 0.01318569
2188 -0.028329010000000002 3.0414680000000001 0.033234720000000002
2189 0.071995409999999996 2.87202 0.13878270000000001
2190 0.077998949999999997 2.8755389999999998 0.14878759999999999
2191 0.1783952 2.9200740000000001 0.1549442
2192 0.075591759999999994 2.8753380000000002 0.1451971
2193 -0.1219787 2.9745189999999999 0.034859920000000003
2194 0.053502059999999997 2.98935 0.074042189999999994
2195 -0.20953289999999999 3.005188 -0.1019327
2196 0.099516850000000004 2.9278179999999998 0.028506299999999998
2197 -0.0098188579999999998 3.118995 0.01182476
2198 0.2371684 2.791722 0.03979369
2199 0.1134714 2.8539539999999999 0.026086439999999999
2200 0.45138519999999999 2.878914 -0.011834890000000001
2201 -0.1375585 3.013919 -0.090221140000000005
2202 -0.25682110000000002 3.0213079999999999 -0.1191062
2203 -0.35287990000000002 2.992848 -0.033636609999999997
2204 -0.37326910000000002 3.0011350000000001 -0.01667457
2205 -0.2058854 3.015015 -0.13473769999999999
2206 -0.13441980000000001 3.0568430000000002 -0.10482760000000001
2207 -0.00076824260000000002 2.7473740000000002 0.086973949999999994
2208 0.032263340000000001 2.6891669999999999 0.095530580000000004
2209 -0.017300880000000001 3.130363 -0.15034139999999999
2210 -0.13596539999999999 3.3173900000000001 -0.095922229999999997
2211 0.037480159999999998 3.1006749999999998 -0.060196600000000003
2212 -0.1281796 3.4076029999999999 -0.098111100000000007
2213 -0.062819539999999993 3.0009969999999999 0.061642349999999999
2214 0.26575080000000001 3.16784 -0.096158110000000005
2215 0.11195430000000001 3.051698 0.048723240000000001
2216 0.17253499999999999 3.0856729999999999 0.021442409999999999
2217 0.1120495 3.046961 0.01731268
2218 0.15499579999999999 3.0371060000000001 0.057948119999999999
2219 0.13997299999999999 3.4059870000000001 -0.1194857
2220 -0.038140769999999997 3.137432 -0.011822289999999999
2221 -0.11437070000000001 3.1551070000000001 -0.068285700000000005
2222 0.0013728639999999999 3.0939559999999999 -0.013391490000000001
2223 -0.019354389999999999 3.0793339999999998 -0.0038213840000000002
2224 -0.17672950000000001 3.155481 -0.075184580000000001
2225 -0.031074959999999999 3.1514769999999999 -0.030135680000000001
2226 0.18035619999999999 2.950637 0.16383700000000001
2227 0.088092630000000005 2.8609740000000001 0.1270271
2228 0.0268037 2.9173429999999998 0.15974959999999999
2229 0.069599800000000003 2.8616239999999999 0.1295248
2230 0.013266099999999999 2.8746909999999999 0.15141289999999999
2231 -0.033546230000000003 3.023021 -0.06840744
2232 0.01067269 2.9665550000000001 -0.1572395
2233 0.0086232210000000004 2.9492889999999998 0.093350269999999999
2234 -0.037268309999999999 2.8662030000000001 -0.12733169999999999
2235 0.0096227329999999996 2.8540649999999999 -0.13545950000000001
2236 -0.17068240000000001 2.9470649999999998 0.091608350000000005
2237 0.001929002 3.0462660000000001 0.054381560000000002
2238 0.048274259999999999 2.9653269999999998 0.084518170000000004
2239 0.042411690000000002 2.8929019999999999 0.16369259999999999
2240 -0.058087279999999998 3.203935 -0.1631137
2241 0.26167089999999998 3.1970900000000002 -0.1138603
2242 0.056797090000000001 2.9179270000000002 0.070822629999999998
2243 0.47298430000000002 2.887499 0.01879977
2244 0.38284839999999998 2.820919 -0.01109603
2245 0.33901219999999999 2.8002189999999998 -0.0017634759999999999
2246 0.5286999 2.9180410000000001 0.08753213
2247 0.22973550000000001 2.78491 0.036613020000000003
2248 0.43366919999999998 2.8826649999999998 -0.01611595
2249 0.42793310000000001 2.853164 -0.0045996450000000003
2250 0.40732780000000002 2.861405 -0.003535346
2251 0.2587487 2.8041040000000002 0.032114910000000003
2252 0.071608240000000004 2.8847510000000001 0.071699109999999996
2253 0.1112426 2.8795899999999999 0.022760349999999999
2254 0.44474209999999997 2.8814679999999999 0.01191745
2255 -0.14288000000000001 3.03417 -0.065497319999999998
2256 -0.31230229999999998 2.9686080000000001 -0.07690843
2257 -0.21988640000000001 3.029407 -0.1305306
2258 -0.31202170000000001 2.9728599999999998 -0.068116609999999994
2259 -0.29491659999999997 2.9794870000000002 -0.1076662
2260 -0.1679919 3.0560520000000002 -0.097548830000000003
2261 0.1015826 2.6931919999999998 0.22670560000000001
2262 0.099969600000000006 2.7047659999999998 0.20180049999999999
2263 -0.070902199999999999 2.8265500000000001 0.062692629999999999
2264 -0.14521780000000001 3.273679 -0.13193050000000001
2265 -0.01017759 3.127732 -0.036229240000000003
2266 -0.13038369999999999 3.3400889999999999 -0.1036349
2267 -0.23423579999999999 2.826155 0.15441170000000001
2268 -0.2078728 2.9127960000000002 0.077720719999999993
2269 -0.13892389999999999 2.9337710000000001 0.080857760000000001
2270 -0.166043 2.9061859999999999 0.068461330000000001
2271 -0.20132739999999999 2.8410690000000001 0.12826389999999999
2272 0.25492340000000002 3.1668020000000001 -0.11182499999999999
2273 0.18388650000000001 3.2951700000000002 -0.15655289999999999
2274 0.16284080000000001 3.3340830000000001 -0.15404419999999999
2275 -0.037063060000000002 3.1511110000000002 -0.058307400000000002
2276 -0.21673200000000001 3.1473460000000002 -0.056576029999999999
2277 -0.037414580000000003 3.11768 -0.0016698780000000001
2278 0.023789399999999999 3.0498219999999998 0.01993406
2279 0.018054710000000002 3.0416690000000002 0.050824809999999998
2280 -0.098249550000000005 3.1469140000000002 -0.065183539999999998
2281 0.18254709999999999 2.9548209999999999 0.15971189999999999
2282 0.0087002309999999992 2.8766500000000002 0.13616300000000001
2283 0.047883250000000002 3.0391370000000002 -0.0026889420000000002
2284 -0.0069572799999999997 3.003987 -0.1240093
2285 -0.026813119999999999 2.8034050000000001 0.06385412
2286 0.1074918 2.9379409999999999 0.015161229999999999
2287 0.095488970000000006 2.9978050000000001 0.0099035159999999994
2288 0.1060426 2.9864389999999998 -0.047682479999999999
2289 0.2953421 2.8149760000000001 0.01036057
2290 0.3300517 2.8164039999999999 0.003453504
2291 0.16074939999999999 2.819423 0.067303799999999997
2292 0.24295949999999999 2.7792340000000002 0.0045644190000000001
2293 -0.047902939999999998 3.0253830000000002 -0.0065635140000000003
2294 -0.094431890000000004 3.0489299999999999 -0.04326646
2295 -0.25903739999999997 2.9877950000000002 -0.096380080000000007
2296 -0.14683060000000001 3.0254159999999999 -0.070955530000000003
2297 -0.0081328700000000004 2.8738250000000001 0.07863241
2298 0.056499309999999997 2.696666 0.1413372
2299 -0.0517829 2.7664119999999999 0.09434033
2300 -0.058412579999999999 2.90448 0.069026770000000001
2301 -0.036949830000000003 2.903807 0.089810509999999996
2302 -0.13518569999999999 3.3259810000000001 -0.1127513
2303 -0.1164399 3.2545850000000001 -0.15417439999999999
2304 -0.052637349999999999 3.1588919999999998 -0.16005179999999999
2305 -0.2025971 2.8903539999999999 0.068994990000000006
2306 -0.047430159999999999 3.0078510000000001 0.041959980000000001
2307 -0.2103487 2.8268789999999999 0.16301579999999999
2308 -0.23085639999999999 2.8578540000000001 0.1107858
2309 0.22047849999999999 3.278489 -0.13800209999999999
2310 0.23550509999999999 3.2596280000000002 -0.13533429999999999
2311 0.092605080000000006 3.0416189999999999 0.020742420000000001
2312 0.17708260000000001 3.332589 -0.13879920000000001
2313 0.1932314 3.0579890000000001 -0.013164
2314 0.1922092 3.3011889999999999 -0.14016219999999999
2315 -0.0082805239999999992 2.9740150000000001 0.12690609999999999
2316 0.024234169999999999 2.9010400000000001 0.16372439999999999
2317 0.031256180000000001 2.9225989999999999 -0.16566980000000001
2318 0.025749419999999999 2.946402 0.09139158
2319 0.078613740000000001 2.8813490000000002 0.019850059999999999
2320 0.027889440000000001 2.928884 0.152556
2321 0.095080769999999995 3.0078200000000002 -0.038309530000000001
2322 0.1015678 2.9242590000000002 0.046668050000000003
2323 -0.086923280000000006 2.998532 -0.046382100000000002
2324 -0.045019660000000003 2.8924660000000002 0.090990940000000006
2325 -0.044610980000000001 2.740936 0.083583240000000003
2326 -0.021221710000000001 3.157206 -0.1869121
2327 0.015467979999999999 3.0716000000000001 -0.0525551
2328 -0.10869620000000001 2.9428830000000001 0.063230690000000006
2329 0.2541311 3.1544949999999998 -0.051532790000000002
2330 0.19376109999999999 3.319153 -0.14285829999999999
2331 0.17744389999999999 3.3221120000000002 -0.16187940000000001
2332 0.2382736 3.1086010000000002 -0.063418790000000003
2333 0.26214730000000003 3.1547999999999998 -0.094886120000000004
2334 0.10540960000000001 2.8704179999999999 0.1534565
2335 -0.00089297829999999999 3.0390809999999999 -0.056675629999999998
2336 -0.014378119999999999 3.01891 0.057726420000000001
2337 -0.068222320000000003 2.9944060000000001 -0.01322094
2338 0.1117008 2.9658180000000001 -0.05904007
2339 0.111235 2.9604059999999999 0.001081528
2340 -0.0044861429999999997 2.9549180000000002 0.091577249999999999
2341 0.092144699999999996 2.8749090000000002 0.022082569999999999
2342 0.27547779999999999 2.8184629999999999 0.01287103
2343 0.095786109999999994 2.8469319999999998 0.063114009999999998
2344 0.48004649999999999 2.9149389999999999 0.033697629999999999
2345 0.44008120000000001 2.8790490000000002 -0.01684681
2346 -0.16067980000000001 3.0116100000000001 -0.10572819999999999
2347 -0.19813149999999999 3.0040049999999998 -0.12499739999999999
2348 -0.22536880000000001 3.013887 -0.095450170000000001
2349 0.0051302190000000001 2.8915259999999998 0.070264969999999996
2350 -0.03776326 2.9381140000000001 0.070693190000000003
2351 -0.059606760000000002 2.7759170000000002 0.063987150000000007
2352 -0.13640079999999999 3.2928709999999999 -0.1317893
2353 0.01372749 3.0659619999999999 -0.063192520000000002
2354 -0.0041456399999999999 3.1358959999999998 -0.12471740000000001
2355 0.01479661 3.08691 -0.099181580000000005
2356 -0.12781290000000001 3.3474810000000002 -0.097468159999999998
2357 -0.039033680000000001 3.007784 0.047601240000000003
2358 0.23155300000000001 3.159135 -0.093896129999999994
2359 0.2412359 3.0830880000000001 -0.01284509
2360 0.042358380000000001 2.968788 0.10268339999999999
2361 0.018028220000000001 2.7169829999999999 0.1120517
2362 -0.12880420000000001 3.0590229999999998 -0.098715639999999993
2363 0.10001690000000001 2.9160490000000001 0.020568300000000001
2364 0.18982109999999999 3.0381819999999999 0.034827179999999999
2365 0.210704 2.782915 0.016669590000000001
2366 0.11082980000000001 2.836357 0.064210589999999998
2367 0.430178 2.8538079999999999 -0.01717687
2368 0.17575789999999999 2.802664 0.057234699999999999
2369 0.19260650000000001 2.8122199999999999 0.01107287
2370 -0.10746269999999999 3.029992 -0.041299959999999997
2371 -0.3902852 2.9877259999999999 -0.011265900000000001
2372 -0.24931719999999999 3.025935 -0.10645
2373 0.074772409999999997 2.6979869999999999 0.15854589999999999
2374 -0.040974429999999999 2.820338 0.1032795
2375 -0.042007950000000002 2.8751180000000001 0.039365459999999998
2376 0.040348219999999997 3.0523349999999998 -0.089383190000000001
2377 0.2027069 3.106004 -0.02619844
2378 0.136994 3.3805580000000002 -0.13224659999999999
2379 0.14018259999999999 3.4038110000000001 -0.1152743
2380 -0.055937929999999997 3.1293769999999999 -0.038007039999999999
2381 -0.01060814 2.9089309999999999 0.1472223
2382 -0.045334899999999997 2.9351739999999999 0.062293759999999997
2383 0.053035430000000001 2.9759769999999999 0.079423359999999998
2384 0.29246879999999997 2.7932939999999999 0.017628350000000001
2385 0.4738908 2.9120360000000001 0.02163195
2386 -0.1359764 3.026697 -0.1163778
2387 -0.27161940000000001 3.0172629999999998 -0.1068395
2388 -0.24946779999999999 3.002129 -0.094416890000000003
2389 0.045394299999999999 3.0740690000000002 -0.031691730000000001
2390 0.17543890000000001 3.3191570000000001 -0.14264640000000001
2391 -0.031654000000000002 3.0932439999999999 -0.0016562110000000001
2392 -0.0046334289999999997 3.10188 -0.02077915
2393 -0.018255509999999999 2.978507 0.1128884
2394 0.026139619999999999 3.0173350000000001 0.064263189999999998
2395 0.1199287 2.874733 0.15006900000000001
2396 -0.028938599999999998 2.8677570000000001 0.013659620000000001
2397 -0.2306579 2.8148240000000002 0.14377200000000001
2398 -0.1297558 3.0270280000000001 -0.058667589999999999
2399 0.2670111 3.1428389999999999 -0.067048479999999994
2400 0.23044220000000001 2.8067389999999999 0.044935500000000003
2401 -0.20866000000000001 3.0236179999999999 -0.1345624
2402 -0.318664 2.9967250000000001 -0.092881679999999994
2403 -0.0060337740000000004 2.9273410000000002 0.084446610000000005
2404 -0.031737309999999998 2.7839339999999999 0.057644979999999998
2405 -0.1295887 3.322327 -0.098627060000000003
2406 -0.065506400000000006 2.9847079999999999 0.019491629999999999
2407 -0.15240670000000001 2.9181789999999999 0.066201410000000002
2408 0.22744739999999999 3.1263589999999999 -0.06809991
2409 0.21413180000000001 3.0998169999999998 -0.042762269999999998
2410 0.2350476 3.2076910000000001 -0.14019280000000001
2411 -0.010344559999999999 3.063952 0.046085790000000001
2412 0.1238422 2.8595489999999999 0.12351189999999999
2413 -0.081738809999999995 3.0179969999999998 -0.021597890000000002
2414 0.1002267 2.9475690000000001 0.031688809999999998
2415 0.070546070000000002 3.066967 -0.046756199999999998
2416 0.4157652 2.85764 -0.0002223851
2417 0.45110650000000002 2.8992629999999999 0.0096912820000000007
2418 0.2323025 3.1832799999999999 -0.089456859999999999
2419 0.20501269999999999 3.2540119999999999 -0.14976339999999999
2420 0.24196519999999999 3.160965 -0.10841870000000001
2421 0.1135579 2.9931489999999998 0.05731
2422 -0.044094010000000003 3.1228020000000001 -0.01288255
2423 -0.080742880000000003 2.9569679999999998 -0.040446009999999998
2424 0.21800929999999999 2.7960310000000002 0.047687529999999999
2425 -0.14763119999999999 3.0185390000000001 -0.07870568
2426 0.078267379999999998 3.0621939999999999 -0.049157869999999999
2427 0.16754949999999999 2.8235320000000002 0.06760041
2428 0.1844102 2.818889 0.063149179999999999
2429 0.21954950000000001 2.8071549999999998 0.0025753690000000001
2430 -0.037471480000000001 3.143472 -0.16335140000000001
2431 -0.015895240000000001 2.965576 0.12814990000000001
2432 0.085927439999999994 2.8646120000000002 0.15829770000000001
2433 0.001077204 2.8791129999999998 0.049422199999999999
2434 -0.091435600000000006 2.9892750000000001 0.076324790000000003
2435 -0.044069810000000001 2.8686189999999998 -0.0095414799999999998
2436 0.044084690000000003 3.1127570000000002 -0.1429388
2437 0.024475859999999999 2.903162 0.072559200000000004
2438 -0.0082530480000000007 2.7458749999999998 0.1006619
2439 0.10532270000000001 3.0405169999999999 0.059616549999999997
2440 0.33649679999999998 2.8057629999999998 0.00261706
2441 0.2422948 3.2072379999999998 -0.1392176
2442 -0.027082660000000001 3.0688219999999999 0.02712264
2443 -0.0085747870000000004 3.1219670000000002 -0.15414800000000001
2444 -0.17787220000000001 2.8969429999999998 0.096331620000000007
2445 0.17225260000000001 2.9048980000000002 0.13592019999999999
2446 0.043581639999999998 2.8678710000000001 0.030952449999999999
2447 0.1112017 2.844509 0.071433510000000006
2448 0.095546500000000006 2.9341279999999998 0.038715050000000001
2449 0.26099869999999997 3.1945540000000001 -0.099077139999999994
2450 0.22264529999999999 3.2772209999999999 -0.15586839999999999
2451 0.18420049999999999 3.0867650000000002 0.026502979999999999
2452 0.064733799999999994 2.8654630000000001 0.0099417069999999993
2453 -0.124598 3.3975780000000002 -0.096164589999999994
2454 0.3407345 2.8303759999999998 -0.0070846119999999997
2455 -0.12742580000000001 2.9642270000000002 0.084213679999999999
2456 -0.058458339999999998 3.0073620000000001 -0.0027383239999999999
2457 -0.089893379999999995 3.2078540000000002 -0.1504905
2458 -0.002640842 3.1264470000000002 -0.12487819999999999
2459 0.01552631 2.977398 -0.15059320000000001
2460 -0.17327580000000001 3.049461 -0.1193789
2461 -0.2103873 2.8044169999999999 0.2249524
2462 0.0075371450000000003 3.1290100000000001 -0.17053579999999999
2463 0.02013115 3.0855440000000001 0.021650280000000001
2464 -0.13167809999999999 2.9725220000000001 0.080965709999999996
2465 0.028608149999999999 2.9725579999999998 0.122807
2466 0.35092479999999998 2.8245969999999998 -0.03521357
2467 -0.13651350000000001 3.0403920000000002 -0.061955299999999998
2468 0.1041232 3.0060150000000001 0.011381250000000001
2469 -0.058046140000000003 2.9039450000000002 -0.13250419999999999
2470 0.1250155 2.8788429999999998 0.13757040000000001
2471 -0.17821629999999999 2.8904209999999999 0.079488459999999997
2472 0.12137530000000001 2.8876309999999998 0.069389980000000004
2473 0.0020827129999999999 2.6976079999999998 0.093772079999999994
2474 0.039189160000000001 3.0018250000000002 0.080219159999999998
2475 0.073572659999999998 3.0368149999999998 0.023216319999999999
2476 0.018795639999999999 3.0921439999999998 -0.12365619999999999
2477 0.14556669999999999 2.8572649999999999 0.071866559999999996
2478 -0.14980350000000001 3.0591430000000002 -0.097602809999999998
2479 -0.054252219999999997 3.0481449999999999 -0.044395490000000003
2480 0.162938 2.8380459999999998 0.0693661
2481 0.20208390000000001 3.273091 -0.13857639999999999
2482 -0.052546280000000001 2.865596 -0.046321269999999998
2483 -0.075523629999999994 2.9017400000000002 -0.064810149999999997
2484 0.4845081 2.9043779999999999 0.041488869999999997
2485 0.10651289999999999 2.9830800000000002 0.038328569999999999
2486 -0.2445417 2.8402699999999999 0.35873850000000002
2487 0.02871812 3.0779139999999998 -0.1117935
2488 0.072545600000000002 3.0762990000000001 -0.050716909999999997
2489 -0.014240630000000001 3.105299 -0.025694600000000001
2490 0.05798669 3.119586 -0.1072203
2491 0.047525079999999997 3.1268349999999998 -0.09791685
2492 -0.095067440000000003 2.9473660000000002 0.050462359999999998
2493 0.0087115079999999998 2.926688 0.1170802
2494 0.089722949999999996 2.977112 0.053893570000000002
2495 0.115603 2.988734 0.046793469999999997
2496 0.37587009999999998 2.850482 -0.02472179
2497 0.23099430000000001 3.139745 -0.033190299999999999
2498 -0.077941040000000003 3.1565759999999998 -0.050723459999999998
2499 -0.020634630000000001 2.753851 0.060590640000000001
2500 -0.2135283 2.8132619999999999 0.31440990000000002
2501 0.1476538 2.8382999999999998 0.073332690000000006
2502 -0.12712619999999999 3.2826780000000002 -0.13189609999999999
$EndNodes
$Elements
9759
1 4 0 1560 859 489 73
2 4 0 68 586 1049 1404
3 4 0 1717 490 2286 494
4 4 0 2070 1852 1179 1183
5 4 0 1042 1008 1014 1034
6 4 0 286 278 1975 2300
7 4 0 1864 253 1260 252
8 4 0 301 826 1541 822
9 4 0 214 213 716 676
10 4 0 493 492 2144 494
11 4 0 891 2167 2376 361
12 4 0 1169 1858 1192 2191
13 4 0 1093 32 2061 30
14 4 0 378 2230 2282 1160
15 4 0 1288 1302 2469 1340
16 4 0 2324 1776 798 453
17 4 0 1662 1116 2222 1959
18 4 0 795 163 1919 793
19 4 0 2304 856 329 869
20 4 0 2284 1235 1242 262
21 4 0 256 1296 1319 2423
22 4 0 1819 1974 1256 101
23 4 0 53 719 2413 473
24 4 0 1945 1614 7 915
25 4 0 1095 1844 2066 1094
26 4 0 652 663 665 1472
27 4 0 468 1756 223 2467
28 4 0 1761 719 53 1220
29 4 0 35 327 328 31
30 4 0 712 1521 246 236
31 4 0 2328 436 380 1814
32 4 0 1648 1833 1022 1622
33 4 0 1049 581 2364 584
34 4 0 1761 471 53 473
35 4 0 1437 504 88 506
36 4 0 259 1344 1359 1355
37 4 0 691 701 688 733
38 4 0 795 1772 2164 21
39 4 0 1770 2349 2297 1768
40 4 0 1347 1707 2482 382
41 4 0 181 623 1742 1737
42 4 0 1494 1899 2002 2292
43 4 0 379 1942 374 1799
44 4 0 2388 41 227 746
45 4 0 790 167 770 163
46 4 0 2186 2187 1695 2188
47 4 0 86 1987 905 1263
48 4 0 1959 1667 1874 1096
49 4 0 320 2171 1948 2471
50 4 0 1802 14 934 1940
51 4 0 799 812 1549 297
52 4 0 688 733 1907 1901
53 4 0 1533 195 808 1547
54 4 0 300 1380 1367 1371
55 4 0 985 1612 992 911
56 4 0 1319 300 1317 2435
57 4 0 653 670 2006 168
58 4 0 2044 59 371 940
59 4 0 2205 1521 2024 236
60 4 0 212 1395 1376 1370
61 4 0 2002 673 2153 590
62 4 0 510 1875 2278 1440
63 4 0 985 432 222 960
64 4 0 2019 728 724 218
65 4 0 2418 1044 1007 137
66 4 0 1127 1253 724 2139
67 4 0 215 1755 2101 1523
68 4 0 1226 2284 1231 1222
69 4 0 2404 818 305 2285
70 4 0 1370 1395 1376 1392
71 4 0 762 743 56 216
72 4 0 226 1973 742 1253
73 4 0 454 453 452 1422
74 4 0 415 1686 2393 2069
75 4 0 869 2430 329 2304
76 4 0 1698 2394 390 422
77 4 0 1249 1268 411 2068
78 4 0 939 1289 423 1286
79 4 0 2191 1858 1173 1169
80 4 0 1189 1268 2075 1236
81 4 0 2466 1480 1482 191
82 4 0 803 1745 1763 809
83 4 0 1506 1508 713 739
84 4 0 2381 1167 1191 1171
85 4 0 1943 961 933 2171
86 4 0 670 674 1737 2006
87 4 0 793 277 21 795
88 4 0 1428 722 727 1915
89 4 0 1592 948 434 12
90 4 0 1167 1681 421 2381
91 4 0 382 1356 1353 1869
92 4 0 1115 2065 2061 1093
93 4 0 1386 1707 1374 1364
94 4 0 1766 1556 1475 1535
95 4 0 901 1927 542 353
96 4 0 123 829 1794 840
97 4 0 471 473 474 749
98 4 0 2196 80 1447 2414
99 4 0 2320 1680 1683 110
100 4 0 1381 1363 2435 1371
101 4 0 1964 2189 2192 1178
102 4 0 706 748 2387 461
103 4 0 1981 2030 2299 448
104 4 0 435 969 2077 15
105 4 0 1938 878 329 882
106 4 0 2159 1917 1911 731
107 4 0 816 1777 1546 794
108 4 0 318 1392 1390 1869
109 4 0 1079 1081 2058 589
110 4 0 2379 2180 1817 2175
111 4 0 437 1610 1813 921
112 4 0 1662 1959 2222 1128
113 4 0 1749 2243 647 1499
114 4 0 1631 1034 1042 999
115 4 0 672 671 801 783
116 4 0 985 2268 992 1612
117 4 0 1550 1423 2297 1768
118 4 0 790 163 770 1919
119 4 0 2193 966 953 381
120 4 0 1761 694 742 1220
121 4 0 444 1552 22 1535
122 4 0 772 1764 1983 2078
123 4 0 1381 1385 2435 2396
124 4 0 1808 1618 950 986
125 4 0 2444 320 1810 2268
126 4 0 476 1813 267 921
127 4 0 976 383 2048 1807
128 4 0 714 215 2101 1523
129 4 0 1616 2172 932 424
130 4 0 1932 840 1794 2035
131 4 0 72 487 887 36
132 4 0 749 473 247 1757
133 4 0 1530 255 1407 1516
134 4 0 845 1786 846 858
135 4 0 2339 1433 2140 1431
136 4 0 1347 1377 2482 1707
137 4 0 1919 784 770 2109
138 4 0 2396 1363 1337 2435
139 4 0 733 1901 2015 1907
140 4 0 1433 279 1431 1321
141 4 0 82 581 2364 1955
142 4 0 415 1154 1163 1676
143 4 0 1938 877 851 849
144 4 0 1535 1556 1475 769
145 4 0 1401 1390 288 318
146 4 0 467 732 2260 744
147 4 0 1741 1497 2454 1491
148 4 0 738 692 678 704
149 4 0 1671 1969 2227 1688
150 4 0 2231 1585 1198 2335
151 4 0 2115 120 1778 865
152 4 0 252 238 1864 253
153 4 0 2337 730 1861 2456
154 4 0 938 983 437 820
155 4 0 201 1492 2366 197
156 4 0 2292 1483 2002 155
157 4 0 310 9 934 12
158 4 0 846 1928 881 884
159 4 0 594 1730 621 1485
160 4 0 68 1955 82 1017
161 4 0 942 2471 1948 2171
162 4 0 2195 1521 2347 2401
163 4 0 877 878 849 841
164 4 0 1161 1674 143 2470
165 4 0 1662 1439 1095 1128
166 4 0 2377 999 2409 389
167 4 0 2097 2003 2253 609
168 4 0 2413 695 1861 1862
169 4 0 1345 1868 1378 1335
170 4 0 1603 2172 2120 946
171 4 0 2076 2317 1275 1332
172 4 0 411 2068 1670 409
173 4 0 710 231 698 2388
174 4 0 408 406 1860 2456
175 4 0 1266 1243 226 2423
176 4 0 346 2035 1794 1779
177 4 0 234 2259 713 251
178 4 0 2021 2370 258 61
179 4 0 2343 197 2366 656
180 4 0 1601 2271 1941 1554
181 4 0 398 1245 1228 256
182 4 0 1114 508 1129 1098
183 4 0 1764 781 2078 813
184 4 0 2242 96 642 99
185 4 0 111 1878 113 523
186 4 0 245 744 2346 759
187 4 0 186 1384 1373 199
188 4 0 704 2402 678 738
189 4 0 1656 336 1123 2276
190 4 0 1896 69 1459 1739
191 4 0 842 532 355 345
192 4 0 1807 2048 437 18
193 4 0 1814 371 982 970
194 4 0 1269 257 1272 1251
195 4 0 691 1751 688 701
196 4 0 220 254 2012 241
197 4 0 2201 689 744 723
198 4 0 474 473 247 749
199 4 0 888 1786 846 845
200 4 0 1431 1987 905 1244
201 4 0 466 690 467 1915
202 4 0 845 858 846 875
203 4 0 1196 1253 1127 2139
204 4 0 236 1519 2024 709
205 4 0 2057 1628 1004 2056
206 4 0 2308 915 917 958
207 4 0 1689 1184 143 1156
208 4 0 971 916 1811 954
209 4 0 2483 257 1318 1299
210 4 0 61 726 749 761
211 4 0 2115 1564 1578 882
212 4 0 1226 1202 1231 2284
213 4 0 2469 1288 1295 1276
214 4 0 953 2193 982 476
215 4 0 2457 1788 119 1563
216 4 0 2195 1754 715 697
217 4 0 2117 350 857 1697
218 4 0 34 1108 1840 1654
219 4 0 411 1857 1670 2068
220 4 0 2443 2035 1779 853
221 4 0 1764 815 772 819
222 4 0 1546 2030 448 816
223 4 0 2325 1773 1558 802
224 4 0 2 958 307 2124
225 4 0 2242 96 164 514
226 4 0 60 241 475 216
227 4 0 1541 776 811 815
228 4 0 919 1942 962 2486
229 4 0 771 816 766 1546
230 4 0 761 2021 749 61
231 4 0 250 1299 256 1290
232 4 0 873 354 1582 2117
233 4 0 2070 1183 1175 2316
234 4 0 680 459 717 1517
235 4 0 1043 999 2377 1068
236 4 0 216 743 56 760
237 4 0 2231 1224 2019 1528
238 4 0 188 2435 1396 1357
239 4 0 1973 677 742 695
240 4 0 675 1976 1345 1346
241 4 0 629 197 2199 1742
242 4 0 1047 1089 1084 2132
243 4 0 2459 1292 1269 1251
244 4 0 2279 1221 1117 1216
245 4 0 444 1773 1539 1535
246 4 0 434 960 2407 949
247 4 0 2385 1749 647 2092
248 4 0 767 1541 2110 812
249 4 0 2425 690 723 2296
250 4 0 694 2019 2479 728
251 4 0 1696 406 1695 1197
252 4 0 213 1751 2015 1901
253 4 0 382 375 1353 1347
254 4 0 976 2032 2048 1774
255 4 0 1946 432 10 960
256 4 0 1202 1201 233 1223
257 4 0 2393 2340 2315 1676
258 4 0 924 310 1611 1946
259 4 0 1289 1301 423 1310
260 4 0 1757 1220 53 719
261 4 0 1506 739 706 461
262 4 0 2465 1194 116 1450
263 4 0 763 810 1920 792
264 4 0 1089 1646 1084 1247
265 4 0 772 775 1541 826
266 4 0 934 14 2269 1947
267 4 0 799 301 767 775
268 4 0 2371 219 1524 224
269 4 0 1053 580 2364 581
270 4 0 2502 2264 489 488
271 4 0 1934 868 851 877
272 4 0 943 916 369 978
273 4 0 70 2116 332 2352
274 4 0 2039 1239 2406 1215
275 4 0 2298 2373 2163 803
276 4 0 1524 219 1909 1762
277 4 0 1197 406 1695 2186
278 4 0 509 1197 2278 1117
279 4 0 164 2319 630 2007
280 4 0 1302 1314 1340 1331
281 4 0 1427 690 467 466
282 4 0 74 270 842 850
283 4 0 1885 2117 365 1203
284 4 0 2467 51 223 468
285 4 0 934 948 2269 821
286 4 0 2287 1244 1232 1435
287 4 0 766 776 2263 1543
288 4 0 1252 1162 417 2190
289 4 0 2296 720 2425 2201
290 4 0 1524 707 1900 758
291 4 0 434 1592 1409 432
292 4 0 2035 1779 849 841
293 4 0 682 2155 215 1751
294 4 0 2349 773 1348 1542
295 4 0 2073 1645 1210 1859
296 4 0 1601 2397 1941 2307
297 4 0 2021 61 258 749
298 4 0 1124 272 1668 1139
299 4 0 1815 2306 2213 2357
300 4 0 1240 1236 2052 1815
301 4 0 2230 1149 1160 2070
302 4 0 1428 1915 727 744
303 4 0 2398 2467 223 700
304 4 0 1307 1301 1310 279
305 4 0 695 677 2337 1973
306 4 0 695 2293 2337 1220
307 4 0 686 710 698 248
308 4 0 459 736 738 704
309 4 0 234 739 706 1506
310 4 0 617 2416 2250 618
311 4 0 2255 2467 700 720
312 4 0 1227 1132 1208 1217
313 4 0 263 1238 1265 1246
314 4 0 1215 1197 1208 1117
315 4 0 1814 1553 924 310
316 4 0 2269 310 1553 9
317 4 0 1760 47 1426 747
318 4 0 314 938 437 820
319 4 0 1558 1773 806 802
320 4 0 1724 2436 900 125
321 4 0 1862 694 742 1761
322 4 0 1947 310 2269 934
323 4 0 821 1802 1553 969
324 4 0 1102 273 2275 1097
325 4 0 883 853 2354 2458
326 4 0 893 2037 865 1566
327 4 0 2398 726 60 2100
328 4 0 763 167 1920 2261
329 4 0 953 476 982 1709
330 4 0 937 314 1548 16
331 4 0 979 1811 925 19
332 4 0 1541 818 815 811
333 4 0 2122 424 932 2172
334 4 0 1108 1115 1093 750
335 4 0 2221 1110 2280 1655
336 4 0 2295 1914 1517 680
337 4 0 2264 1931 1792 889
338 4 0 1915 722 464 1428
339 4 0 1917 1756 2362 687
340 4 0 740 461 2387 748
341 4 0 832 325 831 332
342 4 0 15 969 1940 435
343 4 0 2256 725 736 1520
344 4 0 260 241 475 60
345 4 0 2255 690 469 470
346 4 0 1054 152 1888 578
347 4 0 437 441 438 1709
348 4 0 2305 320 756 1948
349 4 0 2076 1332 1308 2317
350 4 0 740 460 227 2387
351 4 0 38 705 708 1507
352 4 0 2455 1802 937 16
353 4 0 1101 1958 1099 272
354 4 0 691 733 716 214
355 4 0 56 475 2294 472
356 4 0 270 2168 1591 836
357 4 0 880 1580 2117 1930
358 4 0 1841 268 2275 273
359 4 0 706 461 2387 460
360 4 0 2398 726 2100 684
361 4 0 259 1355 1359 193
362 4 0 44 47 464 722
363 4 0 762 475 2294 56
364 4 0 1905 1525 755 2202
365 4 0 2036 36 1792 889
366 4 0 2436 2476 899 125
367 4 0 245 712 246 236
368 4 0 220 731 2012 254
369 4 0 746 697 2388 2202
370 4 0 1946 960 222 432
371 4 0 684 1916 700 2398
372 4 0 2285 1982 818 766
373 4 0 2398 2467 700 2255
374 4 0 256 359 908 250
375 4 0 1869 1356 1353 1331
376 4 0 2261 810 1920 763
377 4 0 2435 1396 1357 308
378 4 0 1341 259 266 1344
379 4 0 1393 1978 2234 1369
380 4 0 1707 382 1347 375
381 4 0 1948 2013 756 2305
382 4 0 1316 1283 237 1865
383 4 0 1985 47 464 44
384 4 0 794 2285 1546 816
385 4 0 2044 1709 476 1813
386 4 0 311 2435 1339 1399
387 4 0 214 11 1518 213
388 4 0 806 1767 2113 802
389 4 0 930 1604 973 1602
390 4 0 2482 1338 1336 300
391 4 0 1255 1279 397 1291
392 4 0 1265 1299 1219 2483
393 4 0 2262 167 1920 763
394 4 0 969 15 984 436
395 4 0 744 759 732 2346
396 4 0 459 739 717 713
397 4 0 2337 1862 1861 695
398 4 0 721 1915 727 722
399 4 0 2498 1654 1107 1110
400 4 0 48 727 246 245
401 4 0 36 2116 70 487
402 4 0 749 258 247 474
403 4 0 1109 34 337 2079
404 4 0 869 2430 898 856
405 4 0 1947 741 434 960
406 4 0 1257 342 1242 1264
407 4 0 879 2327 1758 847
408 4 0 1499 641 2092 2010
409 4 0 2209 2169 1938 249
410 4 0 723 690 2478 466
411 4 0 437 1709 438 440
412 4 0 242 1277 1288 238
413 4 0 467 48 2460 1529
414 4 0 346 1932 1794 2035
415 4 0 687 1756 689 735
416 4 0 1955 581 1049 85
417 4 0 2202 1525 2387 748
418 4 0 2478 723 240 1407
419 4 0 2304 1586 1564 838
420 4 0 2478 255 240 2206
421 4 0 1144 1152 1851 2470
422 4 0 1121 1652 1111 1107
423 4 0 262 264 1242 1246
424 4 0 903 323 2033 341
425 4 0 1101 1099 1664 1135
426 4 0 1113 1094 2066 1844
427 4 0 1439 1095 2066 1874
428 4 0 738 1711 678 692
429 4 0 1875 94 95 1440
430 4 0 771 2285 766 816
431 4 0 2391 1845 17 439
432 4 0 2219 2180 1078 1628
433 4 0 2386 689 1910 1904
434 4 0 2354 853 1779 2035
435 4 0 1515 760 56 729
436 4 0 193 1355 1359 2235
437 4 0 593 162 2095 638
438 4 0 726 2022 223 2398
439 4 0 836 843 1591 270
440 4 0 477 2100 2294 57
441 4 0 1099 2061 1958 1105
442 4 0 1223 1202 264 1226
443 4 0 2266 2302 1405 333
444 4 0 1441 510 1092 1875
445 4 0 259 1342 1504 1332
446 4 0 1905 2202 755 2157
447 4 0 873 1585 350 1793
448 4 0 547 1881 546 1569
449 4 0 847 1758 1929 2353
450 4 0 2378 2175 2056 1066
451 4 0 2038 2117 873 1580
452 4 0 1796 2487 2490 902
453 4 0 849 1938 882 878
454 4 0 273 58 1652 268
455 4 0 2408 907 1051 180
456 4 0 460 461 2387 740
457 4 0 2202 41 2387 1525
458 4 0 723 689 2478 690
459 4 0 2502 1583 489 2264
460 4 0 441 983 437 938
461 4 0 769 800 22 1535
462 4 0 228 680 251 2259
463 4 0 1986 1789 2303 1780
464 4 0 729 1528 1515 1224
465 4 0 1610 921 1807 383
466 4 0 719 749 2323 703
467 4 0 903 871 2033 323
468 4 0 626 649 628 177
469 4 0 2275 1649 1097 2060
470 4 0 1700 2138 1853 280
471 4 0 232 1273 1864 1204
472 4 0 1108 58 268 1100
473 4 0 70 2352 325 71
474 4 0 1519 734 2347 759
475 4 0 2195 2257 1760 1426
476 4 0 1105 1655 2221 1136
477 4 0 943 978 369 971
478 4 0 706 739 717 461
479 4 0 463 46 462 1425
480 4 0 2166 2263 788 776
481 4 0 1043 389 2409 999
482 4 0 468 1756 757 1917
483 4 0 949 9 2407 434
484 4 0 960 432 434 1612
485 4 0 990 927 1616 2119
486 4 0 462 1760 42 43
487 4 0 689 690 723 2425
488 4 0 435 14 1940 15
489 4 0 727 722 245 734
490 4 0 2040 321 2170 834
491 4 0 1578 1935 1778 861
492 4 0 1519 246 243 709
493 4 0 744 1428 467 1529
494 4 0 456 1840 2280 1140
495 4 0 437 442 438 441
496 4 0 431 1980 947 429
497 4 0 466 690 2478 2102
498 4 0 1035 555 1057 1625
499 4 0 337 1110 1962 2498
500 4 0 883 2169 1938 2209
501 4 0 1141 1136 1101 1134
502 4 0 2336 1221 2237 1133
503 4 0 352 2167 361 2376
504 4 0 2380 273 1838 58
505 4 0 877 1577 851 878
506 4 0 126 2182 2130 2127
507 4 0 1973 677 2337 226
508 4 0 77 2363 490 1704
509 4 0 361 1585 873 1793
510 4 0 1952 401 1825 2058
511 4 0 415 2431 2315 1686
512 4 0 2479 760 1515 1224
513 4 0 1854 1154 1186 2431
514 4 0 1083 1017 2088 1952
515 4 0 205 1346 1342 193
516 4 0 2039 1239 1259 2406
517 4 0 1967 2412 1151 1181
518 4 0 2019 729 2479 218
519 4 0 1034 2359 1042 999
520 4 0 266 1341 1867 259
521 4 0 1268 416 1702 1297
522 4 0 1665 502 1960 1126
523 4 0 2133 2225 1143 37
524 4 0 92 1221 1208 2336
525 4 0 1223 1226 264 262
526 4 0 1104 1845 17 2391
527 4 0 1129 2187 2186 407
528 4 0 1959 1660 1437 1874
529 4 0 719 61 749 1757
530 4 0 1862 1220 742 677
531 4 0 2335 677 226 2139
532 4 0 2065 274 1093 1115
533 4 0 2279 1216 1117 509
534 4 0 830 1566 865 120
535 4 0 2293 2456 730 408
536 4 0 218 728 2479 2019
537 4 0 218 728 724 2139
538 4 0 876 1657 502 1960
539 4 0 226 2335 1267 2423
540 4 0 408 2456 730 2039
541 4 0 1127 1253 730 724
542 4 0 2057 2175 1078 1066
543 4 0 214 733 1518 11
544 4 0 1611 960 222 1946
545 4 0 752 751 753 1531
546 4 0 1751 2155 691 1901
547 4 0 1548 438 2328 16
548 4 0 980 990 1616 2119
549 4 0 1328 2165 810 792
550 4 0 802 1766 2113 1558
551 4 0 1671 1687 2227 2229
552 4 0 2453 324 2170 834
553 4 0 1157 1857 373 2068
554 4 0 1977 1342 1504 259
555 4 0 1337 1321 2025 295
556 4 0 1945 986 959 950
557 4 0 1810 13 8 431
558 4 0 755 2348 2103 43
559 4 0 1982 283 823 1421
560 4 0 764 671 1538 2208
561 4 0 2446 1366 2363 1321
562 4 0 2374 1419 451 1421
563 4 0 43 2157 755 463
564 4 0 173 1740 1736 171
565 4 0 1766 774 1556 294
566 4 0 966 940 2193 59
567 4 0 8 2268 1812 992
568 4 0 2015 688 1518 1907
569 4 0 1592 432 434 10
570 4 0 944 1614 957 1945
571 4 0 231 230 248 715
572 4 0 1849 2069 2393 373
573 4 0 2407 1946 2270 949
574 4 0 2275 1102 2133 37
575 4 0 814 1918 2438 1539
576 4 0 383 1617 1807 976
577 4 0 1673 1148 1682 1693
578 4 0 1154 1676 415 2431
579 4 0 2393 1686 2315 2431
580 4 0 1315 2340 2318 1297
581 4 0 1677 1152 319 1851
582 4 0 1621 2431 1186 1154
583 4 0 509 94 1875 1718
584 4 0 819 1768 780 813
585 4 0 1239 1620 1699 2406
586 4 0 1289 423 1975 1310
587 4 0 527 2233 1968 420
588 4 0 805 2300 798 278
589 4 0 105 1152 2395 2470
590 4 0 493 2144 496 494
591 4 0 115 2233 1190 117
592 4 0 1996 2003 2149 144
593 4 0 2261 793 281 163
594 4 0 1609 914 1619 929
595 4 0 1413 1923 827 1406
596 4 0 523 2493 113 111
597 4 0 796 285 1415 23
598 4 0 2290 2440 166 631
599 4 0 2206 1904 1911 2362
600 4 0 570 145 2003 569
601 4 0 2 6 307 958
602 4 0 1621 1180 1185 2493
603 4 0 2162 1423 28 454
604 4 0 376 1607 1803 377
605 4 0 2163 176 809 1771
606 4 0 660 661 609 164
607 4 0 82 1053 2364 581
608 4 0 193 1342 1977 259
609 4 0 403 182 1326 1868
610 4 0 959 987 1545 265
611 4 0 1459 649 1896 1739
612 4 0 1775 1543 2263 776
613 4 0 782 1421 823 283
614 4 0 1989 1011 2217 1064
615 4 0 2136 1678 112 1192
616 4 0 425 944 957 959
617 4 0 771 825 2263 766
618 4 0 781 819 1541 815
619 4 0 2305 320 988 756
620 4 0 741 960 222 2123
621 4 0 2071 1847 1160 2070
622 4 0 307 1805 312 1618
623 4 0 1808 1805 950 1618
624 4 0 2134 2493 421 313
625 4 0 771 825 766 2285
626 4 0 265 2397 1545 1601
627 4 0 1687 1188 2227 2072
628 4 0 913 1594 1597 923
629 4 0 772 823 1420 824
630 4 0 1160 1856 2282 378
631 4 0 1823 1629 1074 128
632 4 0 982 983 2492 1709
633 4 0 988 756 947 961
634 4 0 2381 1681 304 313
635 4 0 2134 111 1683 1680
636 4 0 766 1543 2263 1775
637 4 0 915 1614 1532 1945
638 4 0 1616 981 2122 931
639 4 0 111 1850 113 1878
640 4 0 1980 2268 1810 320
641 4 0 1809 2 2124 958
642 4 0 265 987 1545 2397
643 4 0 2374 1419 2029 451
644 4 0 1401 290 1708 1387
645 4 0 285 785 1416 25
646 4 0 1944 916 1811 971
647 4 0 642 96 2448 99
648 4 0 1046 574 1072 1640
649 4 0 1615 1 925 929
650 4 0 1544 1551 2163 1557
651 4 0 1415 285 1416 23
652 4 0 775 822 1541 826
653 4 0 2282 2071 1160 1149
654 4 0 1183 2070 1175 1179
655 4 0 929 1599 972 945
656 4 0 763 167 281 163
657 4 0 1971 1673 1682 1965
658 4 0 1232 1859 1210 1645
659 4 0 2215 1055 1085 2185
660 4 0 2200 619 2150 2254
661 4 0 454 2078 1984 1983
662 4 0 781 780 813 819
663 4 0 2433 1366 1351 1349
664 4 0 1544 2373 2163 1551
665 4 0 827 803 1763 808
666 4 0 2316 1847 1191 1691
667 4 0 2466 1480 1741 1482
668 4 0 306 1684 1185 1966
669 4 0 1234 1223 233 1201
670 4 0 1850 1879 1450 2465
671 4 0 2093 564 614 602
672 4 0 415 2340 2393 1676
673 4 0 90 1096 506 504
674 4 0 1386 288 202 1398
675 4 0 1607 943 369 971
676 4 0 1537 1772 807 2109
677 4 0 1193 412 109 1846
678 4 0 2466 191 1482 633
679 4 0 1673 1693 1164 1168
680 4 0 1063 582 85 586
681 4 0 1095 1096 1874 1439
682 4 0 319 1677 2001 1147
683 4 0 1339 2435 1705 300
684 4 0 2474 2067 2238 527
685 4 0 1170 1966 306 309
686 4 0 279 1323 1307 1321
687 4 0 448 2030 2299 816
688 4 0 1691 1672 2228 2134
689 4 0 523 2493 1683 1187
690 4 0 2340 1159 2233 1676
691 4 0 2320 1672 1683 2134
692 4 0 127 909 133 2376
693 4 0 2068 1857 1670 1157
694 4 0 1236 1225 1815 1227
695 4 0 148 1816 1001 572
696 4 0 1966 309 1163 1854
697 4 0 185 1270 403 182
698 4 0 591 141 201 1489
699 4 0 1859 1085 530 2185
700 4 0 2367 595 1503 1735
701 4 0 1646 1084 2468 1085
702 4 0 814 1539 2438 2207
703 4 0 2186 1098 1137 2411
704 4 0 2321 1244 86 1987
705 4 0 1745 176 2163 1544
706 4 0 1621 1854 1186 2493
707 4 0 1020 68 82 392
708 4 0 62 1065 2312 1630
709 4 0 576 1404 1888 1464
710 4 0 1366 2433 773 296
711 4 0 1096 1667 2222 1959
712 4 0 1038 1626 402 2182
713 4 0 1732 1467 1468 1998
714 4 0 1972 1930 1205 1207
715 4 0 422 2394 390 1225
716 4 0 1050 1955 2088 2364
717 4 0 1662 2463 1091 1660
718 4 0 1065 1830 386 1036
719 4 0 84 2131 1023 83
720 4 0 1086 1013 1637 2130
721 4 0 146 571 1001 2089
722 4 0 876 2265 2145 1112
723 4 0 2353 1793 1929 891
724 4 0 2437 1348 1536 1975
725 4 0 1128 1959 2222 1667
726 4 0 1286 2357 1620 2406
727 4 0 1658 2197 2392 1126
728 4 0 1236 1133 1227 2336
729 4 0 1034 149 1073 1014
730 4 0 401 1050 1952 1079
731 4 0 1398 1402 1383 1397
732 4 0 683 2021 2323 749
733 4 0 2210 1565 833 832
734 4 0 194 2272 1006 2420
735 4 0 2489 1126 1112 502
736 4 0 1934 1577 851 536
737 4 0 876 1960 2145 503
738 4 0 1638 1633 1639 124
739 4 0 551 2309 2450 1626
740 4 0 1251 348 1272 1233
741 4 0 1200 353 546 2167
742 4 0 1846 412 1146 1193
743 4 0 1903 2156 679 681
744 4 0 2181 2481 551 2309
745 4 0 62 2126 1036 1065
746 4 0 439 2442 1120 1094
747 4 0 2277 1653 1104 2422
748 4 0 1018 1037 1031 1623
749 4 0 2079 58 1107 1109
750 4 0 418 1970 115 1850
751 4 0 387 2182 402 1019
752 4 0 1173 2191 109 1193
753 4 0 2359 2177 1042 574
754 4 0 1723 881 540 541
755 4 0 2056 2057 1623 1818
756 4 0 1038 2127 347 1953
757 4 0 2130 2182 402 1086
758 4 0 910 1065 2274 1830
759 4 0 2088 1081 2364 1017
760 4 0 1019 2310 134 2182
761 4 0 118 1646 530 1819
762 4 0 581 586 1049 582
763 4 0 2354 2035 1779 875
764 4 0 2197 90 507 1126
765 4 0 901 353 1589 839
766 4 0 1628 2180 1002 2379
767 4 0 1021 1030 2329 1057
768 4 0 252 253 1260 1254
769 4 0 579 576 1005 1888
770 4 0 1952 1017 1053 1083
771 4 0 2363 490 1431 1433
772 4 0 2186 1197 1875 2237
773 4 0 122 1830 2274 2312
774 4 0 1010 2130 2129 1637
775 4 0 2274 910 2331 1632
776 4 0 1629 1068 129 2377
777 4 0 1734 641 2150 619
778 4 0 1640 2183 1072 1046
779 4 0 2178 993 2129 1010
780 4 0 1625 1021 1059 1067
781 4 0 331 2355 884 888
782 4 0 1453 856 844 349
783 4 0 2443 853 1779 883
784 4 0 255 1911 2206 1904
785 4 0 2355 1937 331 879
786 4 0 538 840 1794 537
787 4 0 1934 877 851 1938
788 4 0 34 1108 2060 1100
789 4 0 2497 400 1823 1644
790 4 0 2417 641 2092 1499
791 4 0 1126 502 2489 1665
792 4 0 2443 1932 1779 2035
793 4 0 652 1480 198 632
794 4 0 1097 1102 2133 2275
795 4 0 2284 348 1233 257
796 4 0 1928 858 884 846
797 4 0 396 2059 393 1006
798 4 0 1819 2494 1024 1974
799 4 0 1086 136 134 395
800 4 0 794 1777 1546 2285
801 4 0 2095 2416 2249 617
802 4 0 594 1730 643 607
803 4 0 975 1946 941 924
804 4 0 2379 2219 2055 1628
805 4 0 929 980 972 1
806 4 0 2194 2474 390 422
807 4 0 1169 1147 112 2137
808 4 0 1236 1268 1249 2052
809 4 0 1017 1952 1833 2088
810 4 0 1997 2359 150 575
811 4 0 1328 2108 810 2165
812 4 0 2379 2175 1817 2219
813 4 0 2389 863 1580 1885
814 4 0 1734 162 2095 593
815 4 0 140 1458 1884 1728
816 4 0 68 577 1049 1955
817 4 0 2495 1646 2485 2421
818 4 0 2406 965 1699 2125
819 4 0 581 582 1049 85
820 4 0 1023 2132 83 2439
821 4 0 389 1631 1042 999
822 4 0 314 1610 18 991
823 4 0 1699 965 1620 2125
824 4 0 1499 641 1490 2417
825 4 0 2465 1177 115 2233
826 4 0 2411 1844 1137 1094
827 4 0 2442 2223 1839 1138
828 4 0 1073 2313 1026 1033
829 4 0 1851 1674 319 1694
830 4 0 423 1289 1620 2406
831 4 0 1819 101 1024 2494
832 4 0 1819 101 1256 530
833 4 0 1047 1646 1084 1089
834 4 0 997 1040 1989 1056
835 4 0 1972 1585 857 1930
836 4 0 410 1848 1190 1166
837 4 0 526 117 1451 1722
838 4 0 1721 2360 526 420
839 4 0 1158 2233 526 2135
840 4 0 1132 2188 1208 1217
841 4 0 684 726 2100 1916
842 4 0 2075 411 1268 1189
843 4 0 282 1708 290 1387
844 4 0 526 525 116 2360
845 4 0 724 1199 694 728
846 4 0 1132 2336 1208 1221
847 4 0 773 295 1770 2349
848 4 0 2495 1863 2494 2485
849 4 0 977 1699 2125 2406
850 4 0 319 1184 2001 1674
851 4 0 2070 1847 1160 2230
852 4 0 101 1645 511 1024
853 4 0 1851 1677 1150 319
854 4 0 1278 1304 1309 187
855 4 0 143 1967 1151 2470
856 4 0 1184 1675 1156 2137
857 4 0 773 1975 1348 2433
858 4 0 2252 2242 164 642
859 4 0 1530 732 243 759
860 4 0 1400 1381 2435 1371
861 4 0 1433 1321 2363 279
862 4 0 1447 521 517 2414
863 4 0 454 781 452 453
864 4 0 421 1165 304 1847
865 4 0 1312 1706 206 1343
866 4 0 284 816 2029 1871
867 4 0 1357 1354 1372 1339
868 4 0 1535 800 1558 1766
869 4 0 1382 1394 188 311
870 4 0 277 795 1544 1555
871 4 0 1400 1381 1380 290
872 4 0 1431 1267 1263 1307
873 4 0 2231 1223 233 1220
874 4 0 2298 1557 2163 1551
875 4 0 660 661 569 568
876 4 0 609 2003 2253 568
877 4 0 1053 1952 82 1017
878 4 0 1535 1552 22 769
879 4 0 331 888 884 846
880 4 0 403 1331 1326 1270
881 4 0 2322 660 1444 2319
882 4 0 290 1387 1380 282
883 4 0 365 1267 905 1307
884 4 0 331 888 846 845
885 4 0 2230 1847 1160 378
886 4 0 2097 1489 1463 591
887 4 0 1382 1396 188 1394
888 4 0 1671 2229 1682 1687
889 4 0 2361 443 289 1925
890 4 0 1121 1652 1666 1111
891 4 0 2421 1998 2495 1732
892 4 0 2231 677 2139 1220
893 4 0 1114 1197 2278 1098
894 4 0 1930 1214 1205 1207
895 4 0 1056 1011 1989 997
896 4 0 1735 617 2250 1503
897 4 0 280 1967 105 1700
898 4 0 1488 607 1496 1470
899 4 0 294 774 2113 1766
900 4 0 1766 774 1475 1556
901 4 0 573 2183 2329 399
902 4 0 131 133 867 2488
903 4 0 1465 1888 1835 152
904 4 0 1400 1708 290 282
905 4 0 2255 2296 700 2398
906 4 0 34 58 1649 2060
907 4 0 1618 952 1941 1554
908 4 0 815 772 1420 824
909 4 0 2429 597 627 673
910 4 0 2153 651 2365 590
911 4 0 1267 2335 1212 2423
912 4 0 232 2317 1333 1332
913 4 0 459 725 738 736
914 4 0 1386 1364 202 288
915 4 0 145 2319 2341 569
916 4 0 659 187 1325 1298
917 4 0 2485 101 1256 1974
918 4 0 518 1876 1447 521
919 4 0 2207 806 777 1540
920 4 0 1475 1766 2113 774
921 4 0 2473 22 779 801
922 4 0 2051 1608 2049 987
923 4 0 795 2109 807 1772
924 4 0 299 292 764 783
925 4 0 1493 174 173 190
926 4 0 1767 2026 2499 806
927 4 0 1693 2229 1682 1673
928 4 0 197 674 1742 629
929 4 0 1377 1387 1401 1708
930 4 0 2368 670 189 653
931 4 0 2206 2102 2478 2201
932 4 0 2030 1924 2299 785
933 4 0 2483 375 1318 257
934 4 0 591 2477 141 563
935 4 0 2094 1481 2098 2496
936 4 0 210 206 1374 1347
937 4 0 2369 649 1896 1459
938 4 0 2427 2291 2368 2428
939 4 0 2424 485 1891 636
940 4 0 1463 1489 75 639
941 4 0 165 2009 2384 2289
942 4 0 114 1449 524 1879
943 4 0 1868 1331 1326 403
944 4 0 1824 2216 1641 128
945 4 0 1738 663 665 595
946 4 0 943 1804 369 916
947 4 0 165 64 2384 166
948 4 0 1890 168 653 1737
949 4 0 644 1703 1477 2319
950 4 0 661 604 2341 646
951 4 0 2446 592 1704 2363
952 4 0 638 2345 664 2200
953 4 0 2178 2130 1010 1637
954 4 0 1476 621 2246 1471
955 4 0 1342 1362 259 193
956 4 0 124 1827 1638 1826
957 4 0 2473 2028 22 1769
958 4 0 1965 1673 1168 1971
959 4 0 1318 185 1279 375
960 4 0 364 2459 1285 1269
961 4 0 1734 619 664 2200
962 4 0 207 675 1345 1868
963 4 0 1013 1038 2178 2127
964 4 0 1637 136 552 1642
965 4 0 2417 641 1490 2090
966 4 0 1922 1924 1559 785
967 4 0 1262 2338 81 1278
968 4 0 1305 1333 1976 1295
969 4 0 2007 669 630 646
970 4 0 806 774 2113 294
971 4 0 1347 2483 1313 375
972 4 0 147 2089 1631 571
973 4 0 196 2089 1631 147
974 4 0 572 571 148 146
975 4 0 1415 447 446 1765
976 4 0 1965 26 1168 1673
977 4 0 1385 290 1381 1388
978 4 0 303 1387 1380 1377
979 4 0 1371 1381 1380 1400
980 4 0 1559 1922 2026 1767
981 4 0 2263 825 2166 766
982 4 0 1170 313 304 309
983 4 0 1944 1607 912 369
984 4 0 2325 785 1559 1924
985 4 0 1340 1302 2469 1314
986 4 0 802 1922 1559 1767
987 4 0 672 294 783 292
988 4 0 1370 1369 1376 1356
989 4 0 1545 987 952 1941
990 4 0 1767 2325 1559 802
991 4 0 794 2285 1982 1777
992 4 0 468 51 469 2467
993 4 0 1926 2112 794 782
994 4 0 2285 1777 2404 2161
995 4 0 785 1922 2026 1559
996 4 0 682 1759 2101 1755
997 4 0 285 2026 2499 1559
998 4 0 2207 1773 796 806
999 4 0 2361 671 289 1769
1000 4 0 316 212 1978 1395
1001 4 0 158 599 627 597
1002 4 0 1673 2071 1965 414
1003 4 0 1400 1396 2435 1388
1004 4 0 713 1512 704 2259
1005 4 0 1370 1395 1392 1393
1006 4 0 1475 774 2113 806
1007 4 0 299 292 783 294
1008 4 0 1400 1396 1399 2435
1009 4 0 764 783 779 2361
1010 4 0 672 774 783 294
1011 4 0 2361 292 779 764
1012 4 0 2028 2473 445 1769
1013 4 0 971 978 369 916
1014 4 0 173 171 1736 174
1015 4 0 774 672 1475 769
1016 4 0 1556 800 1535 1766
1017 4 0 769 1556 1475 774
1018 4 0 1557 1406 1544 1551
1019 4 0 680 461 717 740
1020 4 0 224 219 1909 2371
1021 4 0 2325 802 1558 1559
1022 4 0 186 293 1374 1386
1023 4 0 2112 1777 794 285
1024 4 0 2122 2047 1603 1595
1025 4 0 674 173 656 197
1026 4 0 1556 294 672 292
1027 4 0 292 800 764 2473
1028 4 0 292 800 672 1556
1029 4 0 814 2207 2438 796
1030 4 0 802 1558 2113 806
1031 4 0 1381 1388 290 1400
1032 4 0 672 294 769 774
1033 4 0 1556 294 769 672
1034 4 0 1556 774 769 294
1035 4 0 672 800 769 1556
1036 4 0 2499 1475 777 806
1037 4 0 1556 800 769 1535
1038 4 0 1965 414 1164 1673
1039 4 0 931 914 2461 981
1040 4 0 1767 1559 2499 2026
1041 4 0 1458 168 2091 2427
1042 4 0 2234 1362 1333 1346
1043 4 0 806 1475 777 1540
1044 4 0 2396 308 1337 1321
1045 4 0 2190 1252 2192 417
1046 4 0 104 1964 2192 2190
1047 4 0 1357 1396 188 1382
1048 4 0 2207 1540 777 285
1049 4 0 1619 1609 2120 2461
1050 4 0 2112 283 794 782
1051 4 0 1559 785 285 2026
1052 4 0 806 1475 1540 2113
1053 4 0 2071 1172 1145 414
1054 4 0 2113 1766 1540 1558
1055 4 0 1475 1766 1540 2113
1056 4 0 1773 785 1415 2325
1057 4 0 806 1773 796 802
1058 4 0 2013 992 2305 911
1059 4 0 806 1558 2207 1773
1060 4 0 447 23 1415 1417
1061 4 0 769 1552 814 1535
1062 4 0 1540 1766 2207 1558
1063 4 0 2113 806 2207 1540
1064 4 0 2113 1558 2207 806
1065 4 0 1540 1558 2207 2113
1066 4 0 2339 1431 76 77
1067 4 0 2341 1740 1493 174
1068 4 0 1767 2325 2499 1559
1069 4 0 2446 2396 1382 296
1070 4 0 782 283 794 2285
1071 4 0 796 806 777 2207
1072 4 0 796 2207 777 285
1073 4 0 2499 806 777 1767
1074 4 0 2252 164 630 2007
1075 4 0 1362 1346 1379 193
1076 4 0 946 920 2047 1870
1077 4 0 802 806 777 796
1078 4 0 802 1767 777 806
1079 4 0 2499 1767 777 2325
1080 4 0 802 2325 777 1767
1081 4 0 2499 2325 777 1559
1082 4 0 285 1559 777 2325
1083 4 0 2499 1559 777 285
1084 4 0 794 283 1982 2285
1085 4 0 797 453 452 2110
1086 4 0 1149 1172 1145 2071
1087 4 0 801 671 779 783
1088 4 0 815 776 767 1541
1089 4 0 943 916 376 1598
1090 4 0 1554 928 1545 1601
1091 4 0 1494 615 1712 481
1092 4 0 766 776 788 2263
1093 4 0 1924 2030 2351 771
1094 4 0 2105 20 1413 1534
1095 4 0 935 1799 2500 374
1096 4 0 1493 604 173 646
1097 4 0 285 2499 2161 777
1098 4 0 285 2026 2161 2499
1099 4 0 1132 2187 1208 2188
1100 4 0 285 1777 2161 2112
1101 4 0 785 1922 2161 2026
1102 4 0 282 1400 1380 290
1103 4 0 2375 2110 798 797
1104 4 0 188 208 311 209
1105 4 0 1539 444 1415 1773
1106 4 0 1390 1387 1401 1377
1107 4 0 2112 1777 2161 2030
1108 4 0 980 2119 2461 927
1109 4 0 785 285 2161 2112
1110 4 0 785 2026 2161 285
1111 4 0 1 931 972 914
1112 4 0 937 2455 2328 974
1113 4 0 1322 768 2300 275
1114 4 0 297 301 799 775
1115 4 0 2351 2030 1546 771
1116 4 0 1446 516 1447 519
1117 4 0 449 24 1981 448
1118 4 0 2166 825 788 766
1119 4 0 958 951 307 1949
1120 4 0 1559 1922 2351 1924
1121 4 0 2413 683 703 719
1122 4 0 2404 2285 305 1777
1123 4 0 1545 2397 1941 1601
1124 4 0 1872 1419 2374 1421
1125 4 0 958 1805 917 950
1126 4 0 2285 283 816 782
1127 4 0 2417 2090 1490 1898
1128 4 0 2208 2106 289 443
1129 4 0 816 1871 448 24
1130 4 0 1871 816 2029 2141
1131 4 0 1546 816 2299 2030
1132 4 0 1983 781 452 2078
1133 4 0 772 826 1541 815
1134 4 0 772 815 1541 819
1135 4 0 2028 1769 445 2361
1136 4 0 1419 782 450 2141
1137 4 0 767 799 1549 2166
1138 4 0 794 1777 24 816
1139 4 0 1459 649 1739 139
1140 4 0 815 826 1541 301
1141 4 0 1979 4 928 1532
1142 4 0 1946 1611 2050 222
1143 4 0 1610 921 437 18
1144 4 0 2305 2268 988 1980
1145 4 0 1751 701 691 2155
1146 4 0 2027 776 788 305
1147 4 0 775 812 799 297
1148 4 0 772 823 824 1764
1149 4 0 2300 768 278 1975
1150 4 0 799 775 767 812
1151 4 0 301 822 775 297
1152 4 0 2271 986 1554 959
1153 4 0 2271 1618 1554 986
1154 4 0 308 2396 2435 1385
1155 4 0 301 1543 1775 822
1156 4 0 826 822 1775 1543
1157 4 0 301 822 1775 826
1158 4 0 1850 1177 1450 1878
1159 4 0 1546 771 305 2027
1160 4 0 291 1770 791 2301
1161 4 0 453 781 452 2110
1162 4 0 2351 2030 448 1546
1163 4 0 513 98 515 1281
1164 4 0 1982 2285 818 815
1165 4 0 1345 1295 1346 1379
1166 4 0 1764 815 824 772
1167 4 0 1167 1672 1180 1187
1168 4 0 159 2319 630 604
1169 4 0 705 221 1527 745
1170 4 0 780 781 454 1921
1171 4 0 454 1423 455 29
1172 4 0 811 776 788 818
1173 4 0 766 2263 788 2166
1174 4 0 1775 826 815 301
1175 4 0 1669 2186 2411 1875
1176 4 0 2096 145 644 601
1177 4 0 1550 1423 454 2297
1178 4 0 1853 1153 106 2190
1179 4 0 819 815 824 1764
1180 4 0 287 2396 296 1385
1181 4 0 1348 286 1866 1536
1182 4 0 1619 914 1615 929
1183 4 0 303 282 1380 1387
1184 4 0 61 749 474 258
1185 4 0 824 1982 818 815
1186 4 0 766 825 788 818
1187 4 0 776 766 818 1543
1188 4 0 766 825 818 2285
1189 4 0 823 1982 818 824
1190 4 0 1326 1706 375 1343
1191 4 0 426 920 2307 1979
1192 4 0 818 776 788 766
1193 4 0 25 2112 2299 1981
1194 4 0 1599 914 1609 1806
1195 4 0 823 1421 818 1982
1196 4 0 2433 1542 1348 773
1197 4 0 823 1543 818 1421
1198 4 0 174 1740 1493 171
1199 4 0 2467 720 2255 1756
1200 4 0 695 1220 2337 677
1201 4 0 815 1775 767 776
1202 4 0 799 1775 767 301
1203 4 0 1541 775 767 822
1204 4 0 301 822 767 775
1205 4 0 1541 822 767 301
1206 4 0 301 815 767 1541
1207 4 0 301 1775 767 815
1208 4 0 767 788 776 2166
1209 4 0 799 1775 2166 767
1210 4 0 799 2263 2166 1775
1211 4 0 776 1775 2166 2263
1212 4 0 767 1775 2166 776
1213 4 0 767 812 1549 799
1214 4 0 2166 812 1549 767
1215 4 0 815 824 811 818
1216 4 0 1300 1282 232 237
1217 4 0 1266 1259 1280 1267
1218 4 0 818 1543 811 776
1219 4 0 451 1419 2029 1421
1220 4 0 818 823 811 1543
1221 4 0 824 823 811 818
1222 4 0 1775 776 811 1543
1223 4 0 815 776 811 1775
1224 4 0 2461 1609 1593 914
1225 4 0 1543 826 1418 1775
1226 4 0 1310 279 2025 1975
1227 4 0 2404 1777 305 1546
1228 4 0 567 566 142 564
1229 4 0 629 674 1492 197
1230 4 0 1546 1777 305 2285
1231 4 0 2351 771 2027 825
1232 4 0 788 811 305 776
1233 4 0 1546 2027 305 2404
1234 4 0 771 2351 2027 1546
1235 4 0 788 818 305 811
1236 4 0 2161 2026 2404 2499
1237 4 0 1922 2026 2404 2161
1238 4 0 2027 2026 2404 1922
1239 4 0 1284 908 397 2483
1240 4 0 2027 1922 2404 2351
1241 4 0 2351 1546 2404 2027
1242 4 0 2351 1777 2404 1546
1243 4 0 2351 1922 2404 1924
1244 4 0 2161 1924 2404 1922
1245 4 0 2351 2030 2404 1777
1246 4 0 1924 2030 2404 2351
1247 4 0 2030 1924 2404 2161
1248 4 0 2161 1777 2404 2030
1249 4 0 2027 825 305 788
1250 4 0 818 825 305 2285
1251 4 0 788 825 305 818
1252 4 0 2027 771 305 825
1253 4 0 2285 825 305 771
1254 4 0 816 771 305 1546
1255 4 0 816 2285 305 771
1256 4 0 1546 2285 305 816
1257 4 0 181 602 1893 2093
1258 4 0 193 2235 1379 1362
1259 4 0 282 1387 1377 1708
1260 4 0 2044 59 476 1709
1261 4 0 1381 1385 1388 1396
1262 4 0 1379 1346 1378 205
1263 4 0 1399 188 1394 311
1264 4 0 1402 1390 288 1401
1265 4 0 275 768 2300 1975
1266 4 0 454 1423 29 2297
1267 4 0 2255 690 721 1915
1268 4 0 1704 1321 2452 2446
1269 4 0 1322 788 812 1549
1270 4 0 2446 1321 2452 2396
1271 4 0 1390 1707 288 318
1272 4 0 1270 182 1706 1318
1273 4 0 300 303 2482 1338
1274 4 0 200 1339 1372 1354
1275 4 0 1395 1393 1978 316
1276 4 0 726 761 223 1756
1277 4 0 1316 1308 1867 2076
1278 4 0 282 1387 303 1377
1279 4 0 1367 1400 1391 208
1280 4 0 1727 649 1500 1459
1281 4 0 659 1358 1368 210
1282 4 0 1383 1392 202 1869
1283 4 0 1398 186 1386 1402
1284 4 0 2368 168 1500 670
1285 4 0 200 1384 1391 1367
1286 4 0 2396 2452 1382 1357
1287 4 0 1338 300 1319 1336
1288 4 0 1376 1395 1869 1392
1289 4 0 1528 1224 729 743
1290 4 0 700 720 223 1916
1291 4 0 1709 2044 982 438
1292 4 0 1334 1367 1373 1358
1293 4 0 186 303 1373 659
1294 4 0 2423 1296 1267 1290
1295 4 0 1739 139 1891 69
1296 4 0 1363 1381 1380 1371
1297 4 0 1381 1387 1380 290
1298 4 0 1342 1332 259 1362
1299 4 0 1306 1287 2076 2317
1300 4 0 1362 1355 193 2235
1301 4 0 1362 1355 1375 1365
1302 4 0 2235 1355 1375 1362
1303 4 0 1342 1362 1333 1332
1304 4 0 2478 689 1407 255
1305 4 0 1377 282 1401 293
1306 4 0 1869 1392 288 318
1307 4 0 1379 1346 205 193
1308 4 0 1745 1406 827 1544
1309 4 0 316 1383 1397 212
1310 4 0 613 157 1481 595
1311 4 0 2018 248 2158 710
1312 4 0 1599 914 1593 1609
1313 4 0 168 629 1742 181
1314 4 0 77 491 497 493
1315 4 0 1370 1365 1369 1393
1316 4 0 1361 1335 1378 1326
1317 4 0 364 1276 1285 2232
1318 4 0 1295 207 675 1976
1319 4 0 1401 293 288 1402
1320 4 0 1403 282 1391 199
1321 4 0 1335 1346 1378 1345
1322 4 0 187 1298 659 303
1323 4 0 186 199 1398 1389
1324 4 0 825 1922 2027 2351
1325 4 0 293 282 1401 1708
1326 4 0 2368 649 1500 2428
1327 4 0 1383 1361 1378 1869
1328 4 0 2270 1946 2050 985
1329 4 0 1335 205 1378 1346
1330 4 0 1370 1395 1978 212
1331 4 0 1393 1395 1978 1370
1332 4 0 231 715 2295 1914
1333 4 0 1276 2317 1275 1287
1334 4 0 1370 1393 1369 1978
1335 4 0 2232 253 1260 1864
1336 4 0 199 282 1373 186
1337 4 0 2292 599 627 155
1338 4 0 367 336 1123 1650
1339 4 0 1260 1864 368 2232
1340 4 0 1342 1346 1333 1362
1341 4 0 1707 1377 1374 1347
1342 4 0 382 1331 1353 375
1343 4 0 477 60 2294 2100
1344 4 0 1295 1276 1293 2317
1345 4 0 1302 1303 1318 1331
1346 4 0 1360 1369 2234 1379
1347 4 0 228 2259 1512 1517
1348 4 0 723 721 2346 744
1349 4 0 1899 482 2099 596
1350 4 0 318 1392 288 1395
1351 4 0 288 1383 316 1395
1352 4 0 1402 1707 288 1390
1353 4 0 208 282 1391 1403
1354 4 0 1869 382 202 1318
1355 4 0 1340 1331 1353 1356
1356 4 0 1248 257 1219 1222
1357 4 0 1390 1377 1401 1707
1358 4 0 293 1707 1401 1377
1359 4 0 653 168 2368 670
1360 4 0 1377 1708 1401 282
1361 4 0 1356 1376 1378 1869
1362 4 0 657 157 2250 1481
1363 4 0 680 740 717 227
1364 4 0 179 2429 178 597
1365 4 0 1401 293 1402 1707
1366 4 0 1401 1707 1402 1390
1367 4 0 1897 170 1894 668
1368 4 0 1269 1318 1272 257
1369 4 0 1335 1326 1361 1345
1370 4 0 633 1733 1482 1495
1371 4 0 288 1364 382 1707
1372 4 0 288 318 382 1869
1373 4 0 1707 318 382 288
1374 4 0 1390 318 382 1707
1375 4 0 1869 318 382 1390
1376 4 0 1390 1707 382 1869
1377 4 0 1293 1276 1285 364
1378 4 0 1299 257 1318 1303
1379 4 0 1359 259 1977 1341
1380 4 0 698 2388 2158 2018
1381 4 0 1524 751 2204 2371
1382 4 0 2157 248 2158 755
1383 4 0 1403 282 199 293
1384 4 0 618 1481 2098 1505
1385 4 0 498 1715 1988 2321
1386 4 0 966 1813 267 476
1387 4 0 375 2483 1338 1347
1388 4 0 267 1610 381 921
1389 4 0 985 432 960 1612
1390 4 0 2048 1610 18 1807
1391 4 0 2347 734 2024 1521
1392 4 0 84 2475 1218 2185
1393 4 0 1304 1262 1284 398
1394 4 0 2363 592 1704 2319
1395 4 0 1220 719 1757 1509
1396 4 0 259 1341 1359 1344
1397 4 0 1264 1292 1303 257
1398 4 0 1283 2076 1865 1316
1399 4 0 1426 47 465 1985
1400 4 0 238 1273 1288 242
1401 4 0 323 1932 2462 871
1402 4 0 2157 697 463 2372
1403 4 0 921 2125 267 965
1404 4 0 259 1341 1504 1977
1405 4 0 2386 1904 1516 255
1406 4 0 1303 1292 1318 1331
1407 4 0 1264 1292 1318 1303
1408 4 0 680 234 251 2259
1409 4 0 1869 1331 1353 382
1410 4 0 1356 1978 1360 1379
1411 4 0 1369 1379 1360 1978
1412 4 0 1356 1369 1360 1370
1413 4 0 1978 1370 1360 1369
1414 4 0 1356 1370 1360 1978
1415 4 0 257 1264 1318 1303
1416 4 0 760 241 216 743
1417 4 0 1265 1222 1219 263
1418 4 0 1361 1326 1378 1869
1419 4 0 1459 1891 648 69
1420 4 0 1343 1364 202 1361
1421 4 0 382 1331 1318 1869
1422 4 0 375 1331 1318 382
1423 4 0 626 673 658 2153
1424 4 0 1383 1395 1378 212
1425 4 0 1284 2482 1298 303
1426 4 0 1119 1103 1650 1957
1427 4 0 736 725 738 704
1428 4 0 1108 1093 1840 750
1429 4 0 193 1346 1342 1362
1430 4 0 1757 473 703 719
1431 4 0 1362 1355 259 193
1432 4 0 878 1577 1934 349
1433 4 0 1375 2235 1359 1355
1434 4 0 2076 1287 1275 2317
1435 4 0 1316 2076 1865 1332
1436 4 0 735 1756 726 2022
1437 4 0 1504 259 1867 1341
1438 4 0 537 341 1936 1576
1439 4 0 2076 2317 1308 1306
1440 4 0 2326 349 1934 868
1441 4 0 2348 1754 755 1905
1442 4 0 1568 2462 870 855
1443 4 0 868 346 1934 1794
1444 4 0 829 877 851 1794
1445 4 0 232 1300 2469 242
1446 4 0 158 597 1743 1501
1447 4 0 326 1788 356 848
1448 4 0 253 1288 1864 1276
1449 4 0 1369 1365 2234 1393
1450 4 0 2466 1497 633 1495
1451 4 0 1375 1365 2234 1362
1452 4 0 677 1220 742 695
1453 4 0 1260 1254 368 362
1454 4 0 1865 1332 266 1316
1455 4 0 1504 1341 1867 1977
1456 4 0 259 1332 1504 1308
1457 4 0 894 1935 865 2037
1458 4 0 620 2248 637 2345
1459 4 0 1275 1332 1865 2076
1460 4 0 1316 1332 1308 2076
1461 4 0 193 259 1977 1359
1462 4 0 191 1497 633 2466
1463 4 0 2206 2201 2478 689
1464 4 0 1308 259 1867 1504
1465 4 0 1275 2076 1865 1283
1466 4 0 2467 1756 223 720
1467 4 0 1260 253 368 1254
1468 4 0 2205 2347 2024 2401
1469 4 0 909 353 2376 2167
1470 4 0 898 854 1567 856
1471 4 0 1273 232 1864 2469
1472 4 0 1276 2317 1864 1275
1473 4 0 232 1275 1864 2317
1474 4 0 726 1756 223 2022
1475 4 0 993 2410 1010 2178
1476 4 0 1517 2258 736 1513
1477 4 0 759 2386 1516 2346
1478 4 0 1272 1270 1279 185
1479 4 0 2469 2317 1295 1333
1480 4 0 1308 1332 1504 2317
1481 4 0 2469 1276 1295 2317
1482 4 0 2115 1935 1778 1578
1483 4 0 226 2423 1267 1266
1484 4 0 2076 1308 1867 1306
1485 4 0 1316 1332 1867 1308
1486 4 0 266 1332 1867 1316
1487 4 0 266 259 1867 1332
1488 4 0 1308 1332 1867 259
1489 4 0 236 734 2024 1519
1490 4 0 262 1235 1242 271
1491 4 0 2201 720 2362 2102
1492 4 0 1303 1331 1288 1292
1493 4 0 1362 1346 2234 1379
1494 4 0 1519 732 243 246
1495 4 0 2232 253 368 1260
1496 4 0 2235 1362 2234 1379
1497 4 0 1393 1365 2234 1375
1498 4 0 1916 761 223 700
1499 4 0 237 1283 1282 1865
1500 4 0 1375 2235 2234 1978
1501 4 0 2348 697 2388 463
1502 4 0 264 1226 1246 262
1503 4 0 693 1528 729 743
1504 4 0 271 342 362 1235
1505 4 0 1352 1340 1333 2469
1506 4 0 1362 2235 2234 1375
1507 4 0 1340 1331 1288 1302
1508 4 0 1865 237 232 1282
1509 4 0 705 737 1527 221
1510 4 0 1302 1331 1288 1303
1511 4 0 242 1273 232 1300
1512 4 0 2235 1379 2234 1978
1513 4 0 2195 2160 2347 734
1514 4 0 1360 1379 2234 1346
1515 4 0 759 2386 2346 689
1516 4 0 1288 238 1864 1273
1517 4 0 2201 720 223 1756
1518 4 0 1864 1276 2232 253
1519 4 0 1340 1314 2469 1352
1520 4 0 242 1273 2469 232
1521 4 0 1978 1379 2234 1369
1522 4 0 1393 1375 2234 1978
1523 4 0 1196 2335 905 1253
1524 4 0 1254 271 1257 1292
1525 4 0 331 1937 845 879
1526 4 0 1333 2317 1864 2469
1527 4 0 2255 2370 2398 2467
1528 4 0 1273 1282 252 1204
1529 4 0 49 51 469 468
1530 4 0 249 1568 898 870
1531 4 0 467 48 2260 2460
1532 4 0 1865 1275 232 1332
1533 4 0 1282 1204 232 1283
1534 4 0 1282 1283 232 1865
1535 4 0 1300 1273 232 1282
1536 4 0 1204 1282 232 1273
1537 4 0 1275 2317 232 1332
1538 4 0 1791 36 1792 2036
1539 4 0 1865 1283 232 1275
1540 4 0 1204 1275 232 1283
1541 4 0 878 2169 329 349
1542 4 0 343 1576 904 2436
1543 4 0 1864 1275 2232 1276
1544 4 0 1360 1352 1333 2234
1545 4 0 2234 1346 1333 1360
1546 4 0 1285 1295 403 1331
1547 4 0 2467 720 223 700
1548 4 0 2398 761 223 726
1549 4 0 759 734 2346 245
1550 4 0 744 689 2346 723
1551 4 0 1917 1756 735 468
1552 4 0 468 2022 735 1917
1553 4 0 1090 256 1245 1262
1554 4 0 1642 136 552 135
1555 4 0 687 1756 2201 689
1556 4 0 744 1915 467 1428
1557 4 0 1917 1756 687 735
1558 4 0 700 761 223 2398
1559 4 0 2260 2346 1407 744
1560 4 0 1864 252 1260 1204
1561 4 0 2469 232 1864 1333
1562 4 0 2205 2401 2024 1521
1563 4 0 2035 1928 858 840
1564 4 0 940 59 371 968
1565 4 0 252 1204 1864 1273
1566 4 0 2102 720 2362 1756
1567 4 0 2425 2201 2478 2102
1568 4 0 232 1204 1864 1275
1569 4 0 870 2169 898 249
1570 4 0 1529 48 2460 744
1571 4 0 2224 367 1659 1123
1572 4 0 466 1915 467 721
1573 4 0 869 249 898 2430
1574 4 0 820 1610 2492 437
1575 4 0 356 848 842 850
1576 4 0 1288 242 1864 2469
1577 4 0 2386 687 1910 689
1578 4 0 754 1757 53 471
1579 4 0 1127 1199 730 1695
1580 4 0 689 2201 1910 1904
1581 4 0 689 687 1910 2201
1582 4 0 1277 1292 1257 1264
1583 4 0 1509 1234 1220 677
1584 4 0 2469 1276 1864 1288
1585 4 0 1910 685 731 254
1586 4 0 750 1100 351 1108
1587 4 0 685 687 731 235
1588 4 0 1910 687 731 685
1589 4 0 1910 254 731 687
1590 4 0 90 502 507 1126
1591 4 0 2022 1917 731 735
1592 4 0 1115 1124 1139 1141
1593 4 0 687 254 731 2022
1594 4 0 761 2021 61 1916
1595 4 0 687 735 731 235
1596 4 0 687 2022 731 735
1597 4 0 1135 339 338 2063
1598 4 0 703 1916 247 2323
1599 4 0 2323 2021 247 749
1600 4 0 2323 1916 247 2021
1601 4 0 1604 2121 1602 919
1602 4 0 726 761 1916 684
1603 4 0 2362 685 1911 1917
1604 4 0 48 1529 727 744
1605 4 0 2255 2296 721 690
1606 4 0 1916 761 2398 684
1607 4 0 966 2125 267 977
1608 4 0 258 2021 247 1916
1609 4 0 761 726 2398 684
1610 4 0 2102 1756 2362 1917
1611 4 0 2326 349 844 856
1612 4 0 467 1529 2460 744
1613 4 0 234 1508 2402 748
1614 4 0 726 468 2398 51
1615 4 0 2022 468 2398 726
1616 4 0 700 720 2425 2296
1617 4 0 2255 720 700 2296
1618 4 0 2102 690 2478 2425
1619 4 0 2260 1530 1407 2346
1620 4 0 1917 1756 2255 720
1621 4 0 2467 1756 2255 1917
1622 4 0 1916 761 700 2398
1623 4 0 727 734 245 2195
1624 4 0 977 2125 267 921
1625 4 0 2300 286 2382 2031
1626 4 0 1760 2195 42 1754
1627 4 0 744 48 2460 759
1628 4 0 744 732 2460 467
1629 4 0 744 759 2460 732
1630 4 0 744 1915 727 721
1631 4 0 15 1411 435 14
1632 4 0 337 34 2498 1654
1633 4 0 1759 714 2101 1523
1634 4 0 750 274 1140 351
1635 4 0 723 690 721 2296
1636 4 0 44 722 2195 734
1637 4 0 1407 255 240 2478
1638 4 0 2425 2201 744 723
1639 4 0 18 314 437 1610
1640 4 0 2081 1529 2260 467
1641 4 0 2195 722 727 734
1642 4 0 721 723 727 744
1643 4 0 2398 51 223 2467
1644 4 0 468 51 223 2398
1645 4 0 2398 2022 223 468
1646 4 0 735 2022 223 1756
1647 4 0 468 2022 223 735
1648 4 0 735 1756 223 468
1649 4 0 1530 744 2260 732
1650 4 0 1123 336 1659 2224
1651 4 0 472 471 2294 474
1652 4 0 934 9 2269 948
1653 4 0 1427 1428 467 1915
1654 4 0 2407 9 1553 310
1655 4 0 2201 689 723 2425
1656 4 0 759 2346 1530 732
1657 4 0 2080 1985 465 47
1658 4 0 732 759 2460 48
1659 4 0 1754 722 2195 44
1660 4 0 2305 2013 756 992
1661 4 0 757 468 469 2467
1662 4 0 440 442 438 437
1663 4 0 697 746 463 2372
1664 4 0 1656 45 1131 1118
1665 4 0 2206 2201 2362 2102
1666 4 0 1107 1661 1666 1111
1667 4 0 732 48 246 759
1668 4 0 435 1411 2077 14
1669 4 0 1594 370 2486 2118
1670 4 0 2348 1754 42 44
1671 4 0 463 43 42 2348
1672 4 0 2455 15 1940 1411
1673 4 0 1140 274 1093 2065
1674 4 0 2201 689 2346 744
1675 4 0 466 1427 2142 467
1676 4 0 1400 1371 1367 1380
1677 4 0 2257 2160 2195 1754
1678 4 0 464 47 2080 722
1679 4 0 1299 257 1290 250
1680 4 0 474 471 2294 473
1681 4 0 1904 1910 2362 2206
1682 4 0 759 48 246 245
1683 4 0 2339 77 76 494
1684 4 0 1787 878 1578 882
1685 4 0 1529 1428 727 744
1686 4 0 2202 748 2387 234
1687 4 0 2387 460 227 41
1688 4 0 44 47 1426 1985
1689 4 0 464 1428 727 1529
1690 4 0 464 722 727 1428
1691 4 0 747 734 1521 712
1692 4 0 2080 48 246 712
1693 4 0 727 1529 2080 464
1694 4 0 467 1427 2081 1428
1695 4 0 2386 709 243 1516
1696 4 0 2284 342 1231 1222
1697 4 0 1519 689 2386 759
1698 4 0 1519 246 709 236
1699 4 0 245 727 759 48
1700 4 0 744 727 759 245
1701 4 0 744 48 759 727
1702 4 0 44 1754 1426 2195
1703 4 0 1530 236 709 246
1704 4 0 1938 2169 870 249
1705 4 0 464 1985 2080 47
1706 4 0 405 336 1659 1650
1707 4 0 245 727 2080 722
1708 4 0 2080 727 246 48
1709 4 0 464 722 2080 727
1710 4 0 474 749 2294 472
1711 4 0 734 712 236 1521
1712 4 0 48 1529 2080 727
1713 4 0 1519 759 243 732
1714 4 0 2346 744 1530 732
1715 4 0 2372 2387 2157 2202
1716 4 0 486 2210 72 2405
1717 4 0 709 246 243 732
1718 4 0 231 697 2158 2388
1719 4 0 2142 467 2260 466
1720 4 0 2347 1519 2024 734
1721 4 0 854 1567 1783 1566
1722 4 0 1426 44 747 47
1723 4 0 712 245 246 727
1724 4 0 44 734 747 722
1725 4 0 47 722 747 734
1726 4 0 44 722 747 47
1727 4 0 747 734 712 47
1728 4 0 712 727 246 2080
1729 4 0 466 690 2142 1427
1730 4 0 747 47 712 48
1731 4 0 2080 48 712 47
1732 4 0 2080 245 712 727
1733 4 0 1753 231 698 710
1734 4 0 709 732 243 1530
1735 4 0 1519 2386 243 759
1736 4 0 245 722 712 734
1737 4 0 47 734 712 722
1738 4 0 2080 47 712 722
1739 4 0 2080 722 712 245
1740 4 0 1242 1246 263 262
1741 4 0 1288 1292 2232 253
1742 4 0 747 44 1521 734
1743 4 0 2195 734 1521 44
1744 4 0 243 759 1516 1530
1745 4 0 270 1579 345 1591
1746 4 0 246 48 2460 712
1747 4 0 2100 51 60 2398
1748 4 0 732 48 2460 246
1749 4 0 2195 734 2347 1521
1750 4 0 709 1519 2024 243
1751 4 0 712 734 236 245
1752 4 0 1521 2401 2024 2347
1753 4 0 1333 232 1864 2317
1754 4 0 246 732 709 1530
1755 4 0 1530 255 1516 1904
1756 4 0 243 1530 1516 709
1757 4 0 252 1273 1864 238
1758 4 0 234 706 680 740
1759 4 0 740 706 680 461
1760 4 0 245 734 1519 759
1761 4 0 236 734 1519 245
1762 4 0 2469 242 1864 1273
1763 4 0 1427 1915 467 690
1764 4 0 246 245 1519 759
1765 4 0 236 245 1519 246
1766 4 0 246 759 1519 732
1767 4 0 1521 734 2024 236
1768 4 0 2469 2317 1864 1276
1769 4 0 2401 2257 2205 2160
1770 4 0 2401 2160 2205 2195
1771 4 0 72 70 831 71
1772 4 0 2205 709 236 2024
1773 4 0 759 2346 1516 1530
1774 4 0 2346 2386 1516 689
1775 4 0 1521 236 2205 2401
1776 4 0 243 2386 1516 759
1777 4 0 1760 43 2103 42
1778 4 0 698 231 2158 2388
1779 4 0 2257 2160 2401 2195
1780 4 0 1905 2257 1522 755
1781 4 0 1506 234 2402 692
1782 4 0 1426 2257 2401 2195
1783 4 0 2347 2195 2205 2160
1784 4 0 2401 2195 2205 2347
1785 4 0 238 1288 1864 253
1786 4 0 1222 1226 1219 1231
1787 4 0 1506 234 692 706
1788 4 0 1521 44 2401 2195
1789 4 0 1426 2195 2401 44
1790 4 0 747 2257 2401 1426
1791 4 0 1521 2257 2401 747
1792 4 0 1521 747 2401 44
1793 4 0 1426 44 2401 747
1794 4 0 871 898 249 1568
1795 4 0 255 689 1516 2386
1796 4 0 1124 272 1101 1668
1797 4 0 1245 256 398 1262
1798 4 0 1234 1201 2231 1207
1799 4 0 1288 1273 1864 242
1800 4 0 1516 685 1904 1910
1801 4 0 1243 1234 1238 677
1802 4 0 238 1273 253 252
1803 4 0 346 1932 855 868
1804 4 0 537 1993 538 840
1805 4 0 2304 894 844 854
1806 4 0 1288 1292 253 1277
1807 4 0 1288 1277 253 238
1808 4 0 342 271 362 2459
1809 4 0 1582 354 330 1196
1810 4 0 220 254 241 726
1811 4 0 1265 257 1219 1299
1812 4 0 253 1276 2232 1288
1813 4 0 1288 1331 2232 1292
1814 4 0 1235 1254 362 271
1815 4 0 362 2459 368 342
1816 4 0 1361 1364 202 1335
1817 4 0 838 1564 2115 1586
1818 4 0 342 1235 2284 362
1819 4 0 1257 1264 263 1277
1820 4 0 2139 2335 1127 1196
1821 4 0 1841 273 1652 268
1822 4 0 362 1254 368 271
1823 4 0 362 271 368 2459
1824 4 0 2232 1292 368 253
1825 4 0 253 1292 368 1254
1826 4 0 2459 271 368 1292
1827 4 0 1254 1292 368 271
1828 4 0 1233 257 1272 1248
1829 4 0 1383 288 202 1392
1830 4 0 1896 2429 608 1891
1831 4 0 2353 891 1929 847
1832 4 0 342 348 1222 2284
1833 4 0 1226 1222 1219 1265
1834 4 0 263 1222 1219 257
1835 4 0 2467 1917 757 1756
1836 4 0 1242 1264 263 1257
1837 4 0 1226 1202 1214 1231
1838 4 0 726 254 241 2022
1839 4 0 695 2293 1861 2337
1840 4 0 743 2019 693 1528
1841 4 0 1220 1528 2019 1224
1842 4 0 879 1937 1590 2355
1843 4 0 1295 207 1976 1305
1844 4 0 1265 1246 1238 264
1845 4 0 1507 702 708 2017
1846 4 0 1231 1202 1214 1207
1847 4 0 2443 2430 2209 249
1848 4 0 1761 1220 742 1862
1849 4 0 694 1199 730 2293
1850 4 0 264 1226 1219 1265
1851 4 0 1242 257 263 1264
1852 4 0 408 406 730 1695
1853 4 0 1695 1696 730 408
1854 4 0 1220 728 2019 1528
1855 4 0 1916 726 61 761
1856 4 0 2487 331 902 888
1857 4 0 685 1904 1911 235
1858 4 0 760 743 729 1224
1859 4 0 1257 1246 263 1242
1860 4 0 1265 250 1238 1243
1861 4 0 731 235 1911 220
1862 4 0 731 220 1911 2159
1863 4 0 1910 2022 241 254
1864 4 0 236 1516 1530 709
1865 4 0 272 1668 1099 1101
1866 4 0 2478 466 240 723
1867 4 0 258 749 247 2021
1868 4 0 703 473 247 2413
1869 4 0 474 258 247 2413
1870 4 0 258 1862 247 2413
1871 4 0 1254 1292 1257 253
1872 4 0 253 271 1257 1254
1873 4 0 254 743 2012 241
1874 4 0 253 1292 1257 1277
1875 4 0 2284 1235 262 1226
1876 4 0 253 1277 1257 238
1877 4 0 1214 1226 264 1202
1878 4 0 1509 683 1220 719
1879 4 0 677 683 1220 1509
1880 4 0 1222 1231 1219 1214
1881 4 0 2459 1292 1257 271
1882 4 0 348 257 1242 1264
1883 4 0 2284 257 1242 348
1884 4 0 1257 271 1242 342
1885 4 0 1235 342 1242 271
1886 4 0 348 1264 1242 342
1887 4 0 2284 348 1242 342
1888 4 0 2284 342 1242 1235
1889 4 0 1214 250 1238 264
1890 4 0 1214 359 1238 250
1891 4 0 1242 262 263 2284
1892 4 0 1242 2284 263 257
1893 4 0 1234 1207 1238 1201
1894 4 0 1122 1839 2223 1138
1895 4 0 1531 751 753 696
1896 4 0 257 2284 263 1222
1897 4 0 1224 1223 2231 1220
1898 4 0 226 1238 677 1243
1899 4 0 257 250 1265 1264
1900 4 0 264 1223 1220 1234
1901 4 0 257 1264 1265 263
1902 4 0 1220 1224 2019 2231
1903 4 0 1757 719 53 473
1904 4 0 296 287 773 1366
1905 4 0 1550 1768 2297 1921
1906 4 0 677 1973 742 226
1907 4 0 2139 1253 226 2335
1908 4 0 1234 264 1238 1246
1909 4 0 263 2284 1265 1222
1910 4 0 908 358 1219 359
1911 4 0 250 257 1265 1299
1912 4 0 264 1226 1265 1246
1913 4 0 264 250 1238 1265
1914 4 0 263 262 1265 2284
1915 4 0 1246 262 1265 263
1916 4 0 1226 1222 1265 2284
1917 4 0 1299 2483 1265 250
1918 4 0 1090 1250 1245 1237
1919 4 0 1284 2483 397 1298
1920 4 0 264 250 1265 1214
1921 4 0 1226 262 1265 1246
1922 4 0 1226 2284 1265 262
1923 4 0 1298 1320 1291 1312
1924 4 0 1214 359 1205 1207
1925 4 0 1214 1202 1238 1207
1926 4 0 264 1202 1238 1214
1927 4 0 1214 1207 1238 359
1928 4 0 2376 1927 897 909
1929 4 0 1223 264 1238 1234
1930 4 0 1234 1201 1238 1223
1931 4 0 1207 1202 1238 1201
1932 4 0 1223 1202 1238 264
1933 4 0 1223 1201 1238 1202
1934 4 0 2021 2370 61 1916
1935 4 0 233 1201 1198 2231
1936 4 0 2231 1201 1198 1207
1937 4 0 1220 1234 2231 677
1938 4 0 2139 677 724 1220
1939 4 0 729 693 2019 1528
1940 4 0 729 693 56 762
1941 4 0 1407 466 240 2260
1942 4 0 1203 1244 365 1232
1943 4 0 2423 1243 1290 250
1944 4 0 2459 342 1251 348
1945 4 0 53 1761 2413 719
1946 4 0 703 683 2323 719
1947 4 0 1972 1229 366 1785
1948 4 0 1286 1289 1702 2382
1949 4 0 471 2293 473 1761
1950 4 0 61 726 216 2022
1951 4 0 241 2022 216 726
1952 4 0 1910 2022 687 241
1953 4 0 2293 695 1761 694
1954 4 0 216 1757 749 61
1955 4 0 760 1757 749 216
1956 4 0 2293 694 1761 730
1957 4 0 474 2467 2100 2370
1958 4 0 1580 361 1930 873
1959 4 0 693 218 729 2019
1960 4 0 730 408 1761 2293
1961 4 0 1220 1223 233 1234
1962 4 0 873 361 1930 1585
1963 4 0 1220 1234 233 2231
1964 4 0 1585 1207 1198 1201
1965 4 0 730 1253 2337 724
1966 4 0 2260 48 240 2460
1967 4 0 1662 508 1091 1439
1968 4 0 400 2183 399 1046
1969 4 0 1695 406 730 1127
1970 4 0 873 1585 1930 1580
1971 4 0 1296 1267 1307 1323
1972 4 0 888 2355 2487 331
1973 4 0 408 2039 730 406
1974 4 0 233 1202 1198 1201
1975 4 0 724 730 2293 2337
1976 4 0 677 2231 2139 2335
1977 4 0 695 728 694 2293
1978 4 0 805 278 798 2375
1979 4 0 2231 1234 233 1201
1980 4 0 996 2054 1816 2408
1981 4 0 724 1220 2337 2293
1982 4 0 226 1253 2337 1973
1983 4 0 1226 1202 233 1223
1984 4 0 949 9 317 2407
1985 4 0 1091 1959 2278 1662
1986 4 0 86 1435 365 1244
1987 4 0 1569 1590 547 1881
1988 4 0 264 1265 1219 908
1989 4 0 2335 2231 2139 1198
1990 4 0 354 1574 2117 2039
1991 4 0 1467 1060 1016 587
1992 4 0 2187 1839 2186 407
1993 4 0 1513 1512 2256 704
1994 4 0 55 2064 1838 2225
1995 4 0 1220 728 695 2293
1996 4 0 1862 1761 2413 695
1997 4 0 2014 1711 2016 40
1998 4 0 1232 1209 365 1203
1999 4 0 1930 1207 1198 1585
2000 4 0 226 677 2337 724
2001 4 0 2293 2456 1861 730
2002 4 0 2293 730 1861 2337
2003 4 0 730 724 2293 1199
2004 4 0 2019 218 2139 2231
2005 4 0 2019 2231 2139 1220
2006 4 0 1127 406 2039 330
2007 4 0 1916 2370 2100 684
2008 4 0 977 2125 1617 2406
2009 4 0 703 683 742 2323
2010 4 0 1660 1667 1874 1959
2011 4 0 1239 2456 1215 406
2012 4 0 1197 330 2039 406
2013 4 0 1236 1189 1225 1133
2014 4 0 1321 1337 296 287
2015 4 0 217 748 2387 1525
2016 4 0 1196 350 1582 354
2017 4 0 724 1253 2337 226
2018 4 0 91 2186 1098 1129
2019 4 0 2368 653 189 177
2020 4 0 226 1253 1267 2335
2021 4 0 1197 406 2186 1098
2022 4 0 2278 1440 1091 1114
2023 4 0 2139 2335 1196 1253
2024 4 0 2139 2019 724 218
2025 4 0 2039 2456 730 1239
2026 4 0 1127 406 730 2039
2027 4 0 1220 728 694 695
2028 4 0 1843 508 1129 2442
2029 4 0 2411 1098 1129 1843
2030 4 0 508 1844 1129 2442
2031 4 0 1747 2253 644 601
2032 4 0 1220 2019 724 2139
2033 4 0 1757 473 53 471
2034 4 0 2019 1220 724 728
2035 4 0 1946 942 315 941
2036 4 0 1239 406 2039 2456
2037 4 0 2439 1055 1085 2215
2038 4 0 2293 728 694 1199
2039 4 0 1720 516 1447 99
2040 4 0 677 683 742 1862
2041 4 0 1757 719 703 749
2042 4 0 408 2456 1860 2293
2043 4 0 1843 510 1092 508
2044 4 0 2186 1839 1129 407
2045 4 0 354 1196 2039 330
2046 4 0 1701 965 1617 964
2047 4 0 17 1122 1120 1138
2048 4 0 694 695 742 1220
2049 4 0 2479 724 694 728
2050 4 0 1987 1263 86 2321
2051 4 0 1439 1662 1095 2463
2052 4 0 1126 1125 1960 1665
2053 4 0 2442 1839 1137 54
2054 4 0 86 1244 905 1987
2055 4 0 1860 406 1215 2456
2056 4 0 719 473 703 2413
2057 4 0 2414 80 1433 2196
2058 4 0 2277 439 17 1845
2059 4 0 695 694 1862 1761
2060 4 0 2442 1839 1129 1137
2061 4 0 188 159 2452 2446
2062 4 0 375 1279 1313 1706
2063 4 0 1114 1098 2278 1875
2064 4 0 1875 1098 2278 1197
2065 4 0 1266 1253 1267 226
2066 4 0 279 1301 1280 1307
2067 4 0 199 1384 1391 1389
2068 4 0 1860 408 1215 406
2069 4 0 2039 406 408 2456
2070 4 0 677 683 1862 1220
2071 4 0 1336 1321 308 1323
2072 4 0 724 1199 730 1127
2073 4 0 1220 1528 694 728
2074 4 0 2380 273 1666 1841
2075 4 0 754 1757 471 760
2076 4 0 1220 1224 694 1528
2077 4 0 724 1220 2293 728
2078 4 0 724 728 2293 1199
2079 4 0 2019 728 694 1528
2080 4 0 53 473 2413 1761
2081 4 0 695 2293 1860 2456
2082 4 0 703 1973 742 1862
2083 4 0 2197 1096 2222 1116
2084 4 0 2463 1438 1095 1439
2085 4 0 408 1695 1215 406
2086 4 0 1696 1695 1215 408
2087 4 0 1696 406 1215 1695
2088 4 0 1197 406 1215 1696
2089 4 0 2039 1239 1215 406
2090 4 0 1610 964 383 1774
2091 4 0 2406 2125 1701 965
2092 4 0 1322 297 768 1549
2093 4 0 344 1798 897 352
2094 4 0 1706 182 1313 1312
2095 4 0 1875 2186 2411 1098
2096 4 0 703 1862 742 683
2097 4 0 1142 1140 456 32
2098 4 0 694 1528 2479 2019
2099 4 0 859 2264 489 1583
2100 4 0 1253 2139 226 724
2101 4 0 2413 1862 703 683
2102 4 0 724 2139 226 677
2103 4 0 695 1862 742 1973
2104 4 0 220 2104 260 2159
2105 4 0 2467 1756 757 468
2106 4 0 1929 2355 879 1590
2107 4 0 749 1757 471 473
2108 4 0 760 1757 471 749
2109 4 0 2398 2370 2100 2467
2110 4 0 2467 51 2100 2398
2111 4 0 2223 1138 1120 1122
2112 4 0 1933 1588 1589 839
2113 4 0 2413 695 474 2456
2114 4 0 695 694 742 1862
2115 4 0 473 695 2413 1761
2116 4 0 891 1590 1929 2167
2117 4 0 471 760 56 754
2118 4 0 2337 2456 1861 1239
2119 4 0 1701 964 1617 383
2120 4 0 1701 2125 1617 965
2121 4 0 2406 2125 1617 1701
2122 4 0 2406 381 1617 977
2123 4 0 695 2456 1861 2293
2124 4 0 1761 1220 2413 719
2125 4 0 1862 1220 2413 1761
2126 4 0 683 1220 2413 1862
2127 4 0 683 719 2413 1220
2128 4 0 2019 1528 2479 729
2129 4 0 505 1959 2222 1116
2130 4 0 694 1224 2479 1528
2131 4 0 260 729 762 693
2132 4 0 1761 694 2479 53
2133 4 0 1757 754 2479 760
2134 4 0 53 754 2479 1757
2135 4 0 694 1220 2479 1224
2136 4 0 1761 1220 2479 694
2137 4 0 53 1220 2479 1761
2138 4 0 1757 1220 2479 53
2139 4 0 1220 1757 2479 760
2140 4 0 760 1224 2479 1220
2141 4 0 365 350 905 1196
2142 4 0 2062 1119 1842 1103
2143 4 0 924 1611 975 2050
2144 4 0 982 2044 380 438
2145 4 0 2349 773 1866 1348
2146 4 0 719 683 2323 749
2147 4 0 1290 1296 256 2423
2148 4 0 2413 2456 1861 695
2149 4 0 2123 960 1611 434
2150 4 0 1338 256 1319 300
2151 4 0 226 677 2423 1243
2152 4 0 781 1764 2078 819
2153 4 0 1862 695 2337 1973
2154 4 0 730 2456 2337 1239
2155 4 0 407 2442 2223 1839
2156 4 0 1813 1610 267 921
2157 4 0 1017 1008 392 68
2158 4 0 2335 677 2423 226
2159 4 0 724 677 2337 1220
2160 4 0 2389 1930 352 1885
2161 4 0 1430 77 493 491
2162 4 0 1697 86 905 1212
2163 4 0 1206 1994 352 1885
2164 4 0 1972 2423 366 1212
2165 4 0 501 2321 1212 86
2166 4 0 1206 1930 1972 2117
2167 4 0 1234 677 2423 2231
2168 4 0 1234 1243 2423 677
2169 4 0 2231 1243 2423 1234
2170 4 0 730 2039 1259 1127
2171 4 0 1215 1239 2406 2456
2172 4 0 1289 1286 1230 1620
2173 4 0 1310 1289 286 1975
2174 4 0 1268 1236 1702 1605
2175 4 0 250 2483 256 1299
2176 4 0 1239 2039 1259 730
2177 4 0 2256 2258 736 725
2178 4 0 791 1975 1866 773
2179 4 0 2252 164 2007 1350
2180 4 0 295 1321 2025 279
2181 4 0 1117 1197 1208 1695
2182 4 0 985 1612 2270 432
2183 4 0 416 2350 1702 1297
2184 4 0 1620 2357 2306 1699
2185 4 0 1946 432 222 985
2186 4 0 1196 1253 1259 1127
2187 4 0 1994 906 1206 2415
2188 4 0 1259 730 1253 1239
2189 4 0 1239 730 1253 2337
2190 4 0 2196 592 2363 1350
2191 4 0 982 1709 2492 953
2192 4 0 1371 303 300 1380
2193 4 0 1278 1304 81 1309
2194 4 0 956 6 2124 2
2195 4 0 2396 1363 2435 1381
2196 4 0 1296 1267 1280 1307
2197 4 0 1338 2483 1319 256
2198 4 0 1321 1323 1307 1267
2199 4 0 1567 2304 838 869
2200 4 0 363 2475 1210 2074
2201 4 0 2286 1433 1431 490
2202 4 0 1298 2483 1291 1347
2203 4 0 1347 1338 1336 2482
2204 4 0 1798 2415 897 352
2205 4 0 1267 1259 1280 1307
2206 4 0 250 1243 1290 1238
2207 4 0 1238 250 256 1290
2208 4 0 1238 359 256 250
2209 4 0 1707 1377 2482 303
2210 4 0 2423 1243 256 1290
2211 4 0 2043 1797 909 897
2212 4 0 1458 562 648 1728
2213 4 0 1737 674 1742 2006
2214 4 0 1592 12 433 2236
2215 4 0 2382 286 291 2031
2216 4 0 12 948 934 1592
2217 4 0 2323 749 247 703
2218 4 0 434 12 433 1592
2219 4 0 1797 1206 1785 857
2220 4 0 2452 1357 188 1382
2221 4 0 2350 1536 1311 2403
2222 4 0 1742 190 197 2199
2223 4 0 78 1317 497 1716
2224 4 0 1394 1385 2396 1396
2225 4 0 1336 1319 1323 308
2226 4 0 1768 780 2297 1921
2227 4 0 2032 938 314 820
2228 4 0 2396 1385 308 1396
2229 4 0 1321 287 296 1366
2230 4 0 1339 300 1367 1400
2231 4 0 1458 2091 562 1883
2232 4 0 1394 1385 296 2396
2233 4 0 1701 1301 1280 1259
2234 4 0 308 2396 1337 2435
2235 4 0 1319 1296 1307 1323
2236 4 0 1400 1388 2435 1381
2237 4 0 308 1336 2435 300
2238 4 0 1319 1336 2435 308
2239 4 0 1319 300 2435 1336
2240 4 0 308 1385 2435 1396
2241 4 0 1381 1396 2435 1385
2242 4 0 1403 311 208 1400
2243 4 0 159 1704 2446 592
2244 4 0 1323 1319 2435 308
2245 4 0 1358 1367 1373 1368
2246 4 0 1388 1396 2435 1381
2247 4 0 200 1384 1372 1391
2248 4 0 560 649 139 1727
2249 4 0 1296 1319 2435 1323
2250 4 0 1080 1079 1825 1952
2251 4 0 2321 1715 1988 1244
2252 4 0 2363 1321 1704 2446
2253 4 0 2363 490 1704 1321
2254 4 0 1968 1721 2238 2360
2255 4 0 2406 1286 423 1289
2256 4 0 423 1701 964 939
2257 4 0 975 371 989 970
2258 4 0 2031 2324 291 798
2259 4 0 791 2301 2403 765
2260 4 0 2078 781 452 454
2261 4 0 2382 286 1294 291
2262 4 0 2110 781 1921 453
2263 4 0 2300 1322 278 768
2264 4 0 1701 1301 423 1280
2265 4 0 2324 1322 278 2300
2266 4 0 939 2406 423 1701
2267 4 0 1536 286 2382 1289
2268 4 0 1549 812 1322 297
2269 4 0 1774 939 964 918
2270 4 0 2117 1580 1206 1930
2271 4 0 2032 2048 991 963
2272 4 0 1322 297 805 768
2273 4 0 1548 983 2328 438
2274 4 0 1289 2357 1230 1286
2275 4 0 278 1322 798 2375
2276 4 0 2233 1177 420 2465
2277 4 0 1819 2074 1024 388
2278 4 0 16 1802 1940 2455
2279 4 0 54 1208 2187 2188
2280 4 0 1620 1286 1230 2357
2281 4 0 1187 2493 1683 313
2282 4 0 413 1174 97 1182
2283 4 0 2435 308 1357 1329
2284 4 0 2382 291 1294 2350
2285 4 0 797 297 805 2110
2286 4 0 967 940 2123 741
2287 4 0 2328 2455 1814 974
2288 4 0 820 983 1548 938
2289 4 0 2031 1921 2301 2324
2290 4 0 1701 1301 1310 423
2291 4 0 453 1921 798 2324
2292 4 0 278 768 805 297
2293 4 0 78 1716 497 1329
2294 4 0 2406 1701 1310 423
2295 4 0 197 2006 1742 674
2296 4 0 1670 1249 1189 409
2297 4 0 1259 1301 1310 1701
2298 4 0 1744 2424 667 203
2299 4 0 1447 514 1445 1720
2300 4 0 1259 1701 1310 2406
2301 4 0 1259 2406 1310 2039
2302 4 0 2186 1197 2237 1669
2303 4 0 1856 1847 1160 1165
2304 4 0 1921 781 454 453
2305 4 0 278 1322 805 768
2306 4 0 1549 297 768 799
2307 4 0 1322 812 2375 2110
2308 4 0 1394 1396 296 1385
2309 4 0 1366 295 773 2025
2310 4 0 794 1777 448 24
2311 4 0 1542 1768 1348 2349
2312 4 0 2078 1764 29 772
2313 4 0 1327 2403 1311 1536
2314 4 0 2349 295 1770 1975
2315 4 0 1321 2396 296 1337
2316 4 0 1337 2396 287 295
2317 4 0 819 1764 813 781
2318 4 0 1337 295 287 1321
2319 4 0 2297 1921 454 1550
2320 4 0 604 592 630 159
2321 4 0 1878 1449 114 1879
2322 4 0 2300 1921 2324 2375
2323 4 0 287 295 773 1366
2324 4 0 287 1337 296 2396
2325 4 0 1433 279 2363 1366
2326 4 0 287 295 1366 1321
2327 4 0 279 1321 1366 295
2328 4 0 1348 1975 2437 1349
2329 4 0 279 295 1366 2025
2330 4 0 1329 77 1357 1704
2331 4 0 2070 1149 1160 2071
2332 4 0 2025 1975 773 2433
2333 4 0 2025 295 773 1975
2334 4 0 1930 1207 1972 1198
2335 4 0 2230 1852 414 2070
2336 4 0 773 1542 1768 780
2337 4 0 773 780 1768 1921
2338 4 0 378 1847 1160 1856
2339 4 0 437 1807 1412 2434
2340 4 0 2141 1871 450 24
2341 4 0 1921 287 1768 773
2342 4 0 1770 1768 2297 1423
2343 4 0 1230 1289 1208 1217
2344 4 0 454 781 29 2078
2345 4 0 1983 2110 452 781
2346 4 0 1357 1399 2435 311
2347 4 0 2146 513 1990 2147
2348 4 0 813 780 2297 1768
2349 4 0 1421 284 2029 451
2350 4 0 1621 1154 1186 1854
2351 4 0 1550 2324 2162 2301
2352 4 0 773 295 2349 1975
2353 4 0 1876 521 517 1447
2354 4 0 2078 454 452 1983
2355 4 0 1819 1646 530 1084
2356 4 0 1546 1777 448 2351
2357 4 0 1366 1348 1349 2433
2358 4 0 1943 2046 307 2124
2359 4 0 1854 309 306 1966
2360 4 0 1327 1536 1311 2350
2361 4 0 1815 1240 1605 2052
2362 4 0 16 441 991 314
2363 4 0 286 1975 1536 1348
2364 4 0 2007 2319 630 592
2365 4 0 1975 2433 1349 1348
2366 4 0 363 2074 1210 1211
2367 4 0 798 453 452 797
2368 4 0 2349 1768 1770 1542
2369 4 0 773 1542 1770 1768
2370 4 0 2349 1542 1770 773
2371 4 0 2324 1322 798 278
2372 4 0 2324 2375 798 1322
2373 4 0 2078 781 29 813
2374 4 0 1921 295 1550 287
2375 4 0 797 2110 798 453
2376 4 0 620 156 1735 2416
2377 4 0 795 793 1919 21
2378 4 0 1920 167 790 2261
2379 4 0 1947 14 2269 435
2380 4 0 1770 1423 1550 1768
2381 4 0 1921 287 1550 1768
2382 4 0 1768 773 1550 1770
2383 4 0 1768 287 1550 773
2384 4 0 454 1422 1873 453
2385 4 0 454 1422 452 1983
2386 4 0 2324 2300 798 2031
2387 4 0 2361 1552 779 445
2388 4 0 2078 813 29 1764
2389 4 0 2297 1764 29 813
2390 4 0 813 780 29 2297
2391 4 0 781 780 29 813
2392 4 0 454 780 29 781
2393 4 0 454 1921 29 780
2394 4 0 2297 1921 29 454
2395 4 0 2297 780 29 1921
2396 4 0 2031 2350 291 2382
2397 4 0 978 916 971 954
2398 4 0 415 1686 2315 2393
2399 4 0 1297 2350 1294 416
2400 4 0 2032 1774 991 2048
2401 4 0 1921 295 2301 1550
2402 4 0 2031 295 2301 1921
2403 4 0 2350 1297 1315 1311
2404 4 0 454 1921 2324 1550
2405 4 0 454 453 2324 1921
2406 4 0 1240 372 1605 2052
2407 4 0 805 797 798 2300
2408 4 0 960 1946 949 10
2409 4 0 2375 1322 2324 2300
2410 4 0 2324 1921 798 2375
2411 4 0 2455 436 2464 16
2412 4 0 958 1805 307 2124
2413 4 0 2300 2324 798 278
2414 4 0 2324 1921 2301 1550
2415 4 0 301 297 805 822
2416 4 0 1322 275 2300 2375
2417 4 0 275 295 2300 2375
2418 4 0 278 2375 805 1322
2419 4 0 2031 2300 798 797
2420 4 0 1921 2375 2300 295
2421 4 0 775 297 805 797
2422 4 0 775 822 805 297
2423 4 0 797 822 805 775
2424 4 0 2375 2110 805 1322
2425 4 0 797 2110 805 2375
2426 4 0 1322 812 805 297
2427 4 0 2110 812 805 1322
2428 4 0 2110 297 805 812
2429 4 0 2301 291 1294 765
2430 4 0 821 14 2269 934
2431 4 0 2324 2300 2031 1921
2432 4 0 939 1286 804 918
2433 4 0 2300 295 2031 1921
2434 4 0 113 1159 1186 1850
2435 4 0 2300 275 2031 295
2436 4 0 805 2375 798 797
2437 4 0 2110 2375 798 1921
2438 4 0 1921 453 798 2110
2439 4 0 1171 1847 1856 1165
2440 4 0 2068 1249 1670 409
2441 4 0 2349 1770 1866 791
2442 4 0 1770 773 2301 295
2443 4 0 1550 773 2301 1770
2444 4 0 2313 586 68 1404
2445 4 0 1159 2431 1854 1970
2446 4 0 287 773 2301 1550
2447 4 0 287 295 2301 773
2448 4 0 1550 295 2301 287
2449 4 0 1854 1676 1163 2431
2450 4 0 2324 2031 291 2301
2451 4 0 1268 1236 1605 2052
2452 4 0 2048 372 18 991
2453 4 0 1271 2306 1605 1286
2454 4 0 372 2406 1271 423
2455 4 0 423 1286 804 939
2456 4 0 2032 918 820 1774
2457 4 0 2455 15 2464 436
2458 4 0 2328 2044 380 436
2459 4 0 1158 390 2194 2474
2460 4 0 1089 2421 118 1646
2461 4 0 2406 2357 1620 1699
2462 4 0 2382 1536 1866 286
2463 4 0 847 891 2038 2353
2464 4 0 1297 765 1294 2350
2465 4 0 921 1610 381 383
2466 4 0 1159 2493 1186 1854
2467 4 0 721 723 466 690
2468 4 0 1815 2357 1240 2306
2469 4 0 1215 1696 1208 1197
2470 4 0 1839 1208 2187 54
2471 4 0 2075 411 1189 1249
2472 4 0 1132 1221 1208 1117
2473 4 0 2403 2350 1315 1311
2474 4 0 2031 295 291 2301
2475 4 0 2300 286 291 1975
2476 4 0 2031 286 291 2300
2477 4 0 1770 295 291 1975
2478 4 0 2301 295 291 1770
2479 4 0 2031 275 291 295
2480 4 0 2031 2300 291 275
2481 4 0 1975 275 291 2300
2482 4 0 275 2025 291 295
2483 4 0 1975 2025 291 275
2484 4 0 1975 295 291 2025
2485 4 0 2301 1770 791 1550
2486 4 0 1311 1327 1315 1866
2487 4 0 2252 646 630 604
2488 4 0 1536 2403 1866 1327
2489 4 0 2336 1133 2237 1669
2490 4 0 291 2301 791 765
2491 4 0 1601 2307 928 1979
2492 4 0 1467 1077 1622 1998
2493 4 0 2048 976 963 2032
2494 4 0 1875 94 1440 1441
2495 4 0 409 1670 1225 1189
2496 4 0 1536 2349 1866 1348
2497 4 0 1807 1610 18 921
2498 4 0 1849 2069 373 1857
2499 4 0 1866 2403 1315 1311
2500 4 0 104 103 2190 97
2501 4 0 2320 1680 1176 2134
2502 4 0 765 791 1866 2403
2503 4 0 1534 20 1925 443
2504 4 0 2403 1297 1315 765
2505 4 0 1294 291 791 765
2506 4 0 512 513 1990 2146
2507 4 0 1348 1975 1866 286
2508 4 0 1144 1152 1677 1851
2509 4 0 514 2319 1444 164
2510 4 0 2442 1844 1137 1843
2511 4 0 1294 286 791 291
2512 4 0 1975 2349 791 1770
2513 4 0 2403 765 1315 2350
2514 4 0 1975 1770 791 291
2515 4 0 291 286 791 1975
2516 4 0 2350 765 1315 1297
2517 4 0 2349 1975 791 773
2518 4 0 1721 420 1968 2318
2519 4 0 1670 1157 2075 1249
2520 4 0 2162 454 28 1873
2521 4 0 1187 113 1683 523
2522 4 0 309 1165 304 1170
2523 4 0 791 286 1866 1975
2524 4 0 791 773 1866 2349
2525 4 0 2382 1536 1327 2350
2526 4 0 2485 1646 118 2421
2527 4 0 1327 2403 1866 1311
2528 4 0 2383 1297 2147 2318
2529 4 0 421 313 304 1681
2530 4 0 1968 2233 2238 2318
2531 4 0 1281 511 1442 1645
2532 4 0 2494 1974 1819 101
2533 4 0 2485 2421 118 101
2534 4 0 526 1158 527 2233
2535 4 0 1348 773 1866 1975
2536 4 0 2350 1536 1866 2382
2537 4 0 2403 1536 1866 2350
2538 4 0 1294 286 1866 791
2539 4 0 1294 2382 1866 286
2540 4 0 765 1294 1866 791
2541 4 0 2350 765 1866 2403
2542 4 0 1294 765 1866 2350
2543 4 0 1294 2350 1866 2382
2544 4 0 441 938 1548 983
2545 4 0 411 1157 1166 1848
2546 4 0 1230 1289 1217 2357
2547 4 0 1154 2431 415 1686
2548 4 0 2340 416 1268 1297
2549 4 0 2068 1157 1670 1249
2550 4 0 1117 1695 1208 1132
2551 4 0 1217 1216 1208 92
2552 4 0 976 2357 2213 2306
2553 4 0 1699 965 2306 1620
2554 4 0 1132 1695 1208 2187
2555 4 0 1268 411 2068 1857
2556 4 0 1268 1297 1702 1236
2557 4 0 1271 1286 1702 804
2558 4 0 388 1698 1082 1024
2559 4 0 1670 1249 2075 1189
2560 4 0 1225 1221 92 1133
2561 4 0 1998 1077 2495 1732
2562 4 0 2052 1268 1249 2068
2563 4 0 2485 1974 1256 1434
2564 4 0 1236 1268 1225 1189
2565 4 0 2068 1249 409 411
2566 4 0 1502 1443 515 513
2567 4 0 1286 2406 1620 1289
2568 4 0 1815 1286 1605 2357
2569 4 0 91 2442 1129 1844
2570 4 0 388 2074 1082 1645
2571 4 0 526 420 1968 1721
2572 4 0 2074 1055 2185 2475
2573 4 0 1132 1227 1208 2336
2574 4 0 1221 92 1216 2279
2575 4 0 1133 92 1227 2336
2576 4 0 963 2032 314 991
2577 4 0 2336 1815 1227 1236
2578 4 0 2474 2233 2238 2067
2579 4 0 1844 1094 1095 1128
2580 4 0 1177 1855 420 1679
2581 4 0 1132 2336 2237 1669
2582 4 0 1439 1844 2066 1095
2583 4 0 1133 1236 1227 1225
2584 4 0 92 2336 1208 1227
2585 4 0 2184 1011 1825 1025
2586 4 0 2279 1221 2237 1132
2587 4 0 1189 1268 1225 411
2588 4 0 388 1645 1082 1698
2589 4 0 527 420 1968 526
2590 4 0 2383 2318 2238 2340
2591 4 0 963 1605 1271 372
2592 4 0 2237 510 2411 1843
2593 4 0 2067 2394 422 409
2594 4 0 1158 526 527 528
2595 4 0 118 101 1024 1819
2596 4 0 1133 1189 2336 1236
2597 4 0 1236 1189 2336 2075
2598 4 0 1875 509 2278 95
2599 4 0 2340 1676 415 411
2600 4 0 409 411 2067 1670
2601 4 0 1132 2336 1669 1227
2602 4 0 54 2186 1137 2188
2603 4 0 1215 1289 1620 423
2604 4 0 101 2421 118 1089
2605 4 0 1084 1646 530 1085
2606 4 0 54 2188 1137 2442
2607 4 0 92 1221 2336 1133
2608 4 0 415 1676 2315 2431
2609 4 0 2456 1620 1215 1860
2610 4 0 1133 1225 1227 92
2611 4 0 1249 1157 373 2068
2612 4 0 435 434 12 969
2613 4 0 1157 411 1166 1857
2614 4 0 1699 2357 2306 2406
2615 4 0 1695 2187 1132 2188
2616 4 0 383 921 1807 977
2617 4 0 1216 1221 1208 92
2618 4 0 911 1612 2270 985
2619 4 0 1197 1132 2237 1669
2620 4 0 867 550 352 2415
2621 4 0 867 2415 897 1927
2622 4 0 1113 1845 2391 439
2623 4 0 982 2328 380 983
2624 4 0 1703 2322 2363 2319
2625 4 0 2411 1843 1137 1844
2626 4 0 1440 508 1114 1092
2627 4 0 1695 1197 1669 1132
2628 4 0 1695 2186 1669 1197
2629 4 0 2188 1695 1669 1132
2630 4 0 2188 2186 1669 1695
2631 4 0 1132 1221 2237 2336
2632 4 0 2456 1620 2406 1215
2633 4 0 423 2406 1620 1215
2634 4 0 1994 1203 1885 130
2635 4 0 1217 1289 1815 2357
2636 4 0 118 1085 530 1646
2637 4 0 383 977 1807 1617
2638 4 0 1239 1620 2406 2456
2639 4 0 2392 2489 1112 876
2640 4 0 2279 1132 1117 1221
2641 4 0 1286 2357 1815 1289
2642 4 0 1197 1695 1117 1132
2643 4 0 1815 1289 1702 1286
2644 4 0 1819 388 530 2074
2645 4 0 509 2237 1117 2279
2646 4 0 1197 2237 1117 509
2647 4 0 2237 1197 1117 1132
2648 4 0 2237 1132 1117 2279
2649 4 0 1117 1221 1208 1216
2650 4 0 1815 1286 1702 1605
2651 4 0 963 2048 991 372
2652 4 0 1605 1286 1702 1271
2653 4 0 1217 92 1208 1227
2654 4 0 1215 1289 1208 1230
2655 4 0 1695 1197 1208 1696
2656 4 0 977 383 381 1617
2657 4 0 1620 1215 1230 1289
2658 4 0 1876 1992 1445 1447
2659 4 0 1516 689 1407 2346
2660 4 0 267 1813 953 1610
2661 4 0 1230 2357 2306 1620
2662 4 0 1696 2187 1208 1695
2663 4 0 1620 965 2306 1230
2664 4 0 2350 2382 1702 1289
2665 4 0 1968 2360 2238 527
2666 4 0 976 1617 1807 977
2667 4 0 526 2360 527 529
2668 4 0 2213 2048 963 372
2669 4 0 2474 2067 527 1158
2670 4 0 1553 2269 924 310
2671 4 0 2213 976 963 2048
2672 4 0 2213 976 2048 1807
2673 4 0 410 2340 2393 1849
2674 4 0 372 2213 1240 2306
2675 4 0 991 1610 18 2048
2676 4 0 1849 1157 1166 373
2677 4 0 410 2340 2315 2393
2678 4 0 1849 411 2393 2069
2679 4 0 1815 2306 1240 2213
2680 4 0 976 977 1807 921
2681 4 0 441 938 437 314
2682 4 0 1815 2350 1702 1289
2683 4 0 1709 437 1813 440
2684 4 0 921 2125 976 977
2685 4 0 921 965 976 2125
2686 4 0 18 991 441 314
2687 4 0 1605 1236 1702 1815
2688 4 0 964 383 976 1617
2689 4 0 1617 965 976 964
2690 4 0 1703 2448 2196 2322
2691 4 0 1617 2125 976 965
2692 4 0 977 2125 976 1617
2693 4 0 918 1774 976 964
2694 4 0 2032 1774 976 918
2695 4 0 18 2048 437 2434
2696 4 0 939 918 2213 964
2697 4 0 2306 965 2213 976
2698 4 0 1701 2406 2213 939
2699 4 0 1701 939 2213 964
2700 4 0 1701 965 2213 2406
2701 4 0 2306 1699 2213 965
2702 4 0 2406 1699 2213 2306
2703 4 0 2406 965 2213 1699
2704 4 0 964 965 2213 1701
2705 4 0 976 965 2213 964
2706 4 0 383 1610 2048 1807
2707 4 0 976 1774 2048 964
2708 4 0 383 964 2048 1774
2709 4 0 976 964 2048 383
2710 4 0 1240 2357 1605 2306
2711 4 0 2393 1676 2315 415
2712 4 0 2213 2306 372 2406
2713 4 0 1815 2357 1605 1240
2714 4 0 1271 372 1605 1240
2715 4 0 939 804 372 2213
2716 4 0 2213 2406 372 939
2717 4 0 1240 2306 1605 1271
2718 4 0 939 423 372 804
2719 4 0 939 2406 372 423
2720 4 0 372 423 1271 804
2721 4 0 423 1286 1271 804
2722 4 0 423 2406 1271 1286
2723 4 0 2306 2406 1271 372
2724 4 0 2306 1286 1271 2406
2725 4 0 2494 1645 1024 1974
2726 4 0 1240 2306 1271 372
2727 4 0 1621 1966 1185 1684
2728 4 0 1271 804 963 372
2729 4 0 2052 1236 1605 1815
2730 4 0 2406 1286 1605 2306
2731 4 0 2406 2357 1605 1286
2732 4 0 2306 2357 1605 2406
2733 4 0 918 804 963 2032
2734 4 0 918 2032 963 976
2735 4 0 372 804 963 2213
2736 4 0 2213 918 963 964
2737 4 0 976 964 963 918
2738 4 0 2213 964 963 976
2739 4 0 2213 804 963 939
2740 4 0 918 939 963 804
2741 4 0 2213 939 963 918
2742 4 0 820 1610 991 1774
2743 4 0 383 1610 991 2048
2744 4 0 383 1774 991 1610
2745 4 0 2048 1774 991 383
2746 4 0 1709 983 1813 437
2747 4 0 967 984 970 940
2748 4 0 820 1774 2492 1610
2749 4 0 991 2032 314 1774
2750 4 0 820 1774 314 2032
2751 4 0 991 1774 314 820
2752 4 0 820 1610 314 991
2753 4 0 310 9 2269 934
2754 4 0 937 821 974 1548
2755 4 0 441 18 437 1710
2756 4 0 476 966 953 2193
2757 4 0 1807 2434 437 2048
2758 4 0 2206 2102 2362 2478
2759 4 0 441 1710 437 442
2760 4 0 966 1813 953 267
2761 4 0 1963 1448 1690 1175
2762 4 0 2434 1710 437 18
2763 4 0 2269 9 1553 974
2764 4 0 695 2413 474 473
2765 4 0 2460 732 2260 467
2766 4 0 966 267 953 381
2767 4 0 315 298 8 2444
2768 4 0 314 18 437 441
2769 4 0 14 1411 1940 15
2770 4 0 2370 684 258 2398
2771 4 0 436 15 1410 969
2772 4 0 434 12 2123 1947
2773 4 0 2261 167 281 763
2774 4 0 911 985 222 992
2775 4 0 435 15 2077 1411
2776 4 0 688 1901 1907 1750
2777 4 0 15 1802 1940 969
2778 4 0 2077 969 1410 15
2779 4 0 435 969 1940 1802
2780 4 0 381 1610 953 383
2781 4 0 435 1802 1940 14
2782 4 0 2455 1411 2464 15
2783 4 0 431 1810 1809 947
2784 4 0 435 434 969 1947
2785 4 0 984 969 1947 741
2786 4 0 1813 966 953 476
2787 4 0 2464 15 1410 436
2788 4 0 2464 16 438 2455
2789 4 0 2489 1658 1104 1653
2790 4 0 1709 441 438 983
2791 4 0 820 1610 437 314
2792 4 0 18 921 437 1807
2793 4 0 1709 983 437 441
2794 4 0 1916 2370 258 2021
2795 4 0 1338 1323 1336 1319
2796 4 0 749 1757 247 703
2797 4 0 948 9 2269 949
2798 4 0 1438 2083 508 1439
2799 4 0 60 468 2104 51
2800 4 0 1113 1122 2391 1658
2801 4 0 2455 441 16 438
2802 4 0 2464 436 438 16
2803 4 0 437 440 1412 1813
2804 4 0 1875 1197 2278 509
2805 4 0 1232 1974 1210 1211
2806 4 0 1813 1807 1412 437
2807 4 0 381 968 953 2193
2808 4 0 1709 2044 438 436
2809 4 0 16 436 438 2044
2810 4 0 982 438 380 2328
2811 4 0 953 1617 381 383
2812 4 0 8 1980 1812 1810
2813 4 0 921 977 381 267
2814 4 0 317 1612 955 2270
2815 4 0 977 966 381 267
2816 4 0 1426 1754 42 2195
2817 4 0 1942 930 1602 935
2818 4 0 2295 715 2388 697
2819 4 0 966 59 2193 476
2820 4 0 948 12 934 9
2821 4 0 1814 2044 970 436
2822 4 0 1916 684 258 2370
2823 4 0 2328 16 380 2044
2824 4 0 375 1361 1343 382
2825 4 0 2134 2493 1683 111
2826 4 0 2044 16 380 438
2827 4 0 381 267 953 1610
2828 4 0 685 687 1911 1917
2829 4 0 948 955 10 13
2830 4 0 820 983 2328 1548
2831 4 0 921 383 381 977
2832 4 0 984 15 1814 436
2833 4 0 949 10 2269 948
2834 4 0 222 1611 2050 911
2835 4 0 941 911 942 315
2836 4 0 380 983 2492 982
2837 4 0 821 948 2269 10
2838 4 0 2193 59 940 968
2839 4 0 2044 984 940 436
2840 4 0 59 984 940 2044
2841 4 0 713 1517 717 459
2842 4 0 1296 1301 1307 1280
2843 4 0 59 1709 982 476
2844 4 0 1903 1902 679 2156
2845 4 0 371 989 970 967
2846 4 0 940 59 741 984
2847 4 0 2020 2155 215 5
2848 4 0 2123 960 222 1611
2849 4 0 298 2471 2444 315
2850 4 0 1904 685 2362 1910
2851 4 0 941 1946 2050 2270
2852 4 0 2407 310 2270 1946
2853 4 0 370 1597 2118 2121
2854 4 0 945 1599 972 931
2855 4 0 948 10 1592 949
2856 4 0 317 949 2270 10
2857 4 0 1943 2171 933 320
2858 4 0 947 1810 1809 933
2859 4 0 953 1610 2492 982
2860 4 0 2371 1762 2204 1524
2861 4 0 940 2044 970 371
2862 4 0 985 432 2270 1946
2863 4 0 41 746 2388 2202
2864 4 0 988 1980 947 1810
2865 4 0 10 432 434 960
2866 4 0 215 682 2101 1755
2867 4 0 430 429 1408 1980
2868 4 0 2315 1970 1186 2431
2869 4 0 438 983 982 1709
2870 4 0 989 2050 975 1611
2871 4 0 222 911 2050 985
2872 4 0 229 2046 1948 2171
2873 4 0 982 1610 2492 380
2874 4 0 741 960 2123 434
2875 4 0 820 983 2492 1774
2876 4 0 959 1532 928 425
2877 4 0 984 436 1814 970
2878 4 0 1553 969 1814 984
2879 4 0 2455 436 1814 15
2880 4 0 1947 310 924 2269
2881 4 0 435 14 934 1947
2882 4 0 435 12 934 14
2883 4 0 1947 12 934 435
2884 4 0 114 1878 523 1449
2885 4 0 913 1594 370 1597
2886 4 0 11 2156 1518 1903
2887 4 0 974 821 1553 2269
2888 4 0 117 2233 420 115
2889 4 0 434 9 2407 310
2890 4 0 949 948 434 1592
2891 4 0 948 9 434 12
2892 4 0 949 10 434 960
2893 4 0 1592 10 434 949
2894 4 0 9 310 434 12
2895 4 0 783 671 764 299
2896 4 0 949 9 434 948
2897 4 0 1936 892 900 890
2898 4 0 948 1802 821 934
2899 4 0 960 1946 2407 949
2900 4 0 2455 16 2328 436
2901 4 0 934 1802 821 14
2902 4 0 435 14 821 1802
2903 4 0 317 2471 315 2270
2904 4 0 298 317 2444 2471
2905 4 0 315 2471 942 2171
2906 4 0 2328 438 380 16
2907 4 0 435 1802 821 969
2908 4 0 2328 436 1814 2455
2909 4 0 1947 741 2123 434
2910 4 0 1553 974 1814 15
2911 4 0 937 1802 974 821
2912 4 0 2455 15 1814 974
2913 4 0 937 2455 974 1802
2914 4 0 16 937 2328 1548
2915 4 0 933 961 947 756
2916 4 0 431 429 430 1980
2917 4 0 10 13 955 317
2918 4 0 438 16 1548 441
2919 4 0 438 441 1548 983
2920 4 0 441 314 1548 938
2921 4 0 16 314 1548 441
2922 4 0 1548 937 2328 974
2923 4 0 1545 1608 952 987
2924 4 0 2328 974 1814 1553
2925 4 0 1940 2455 974 15
2926 4 0 1802 2455 974 1940
2927 4 0 1940 15 974 1802
2928 4 0 974 1802 1553 821
2929 4 0 2269 435 1553 1947
2930 4 0 1802 15 1553 969
2931 4 0 974 15 1553 1802
2932 4 0 821 969 1553 435
2933 4 0 1947 435 1553 969
2934 4 0 2269 14 1553 435
2935 4 0 821 14 1553 2269
2936 4 0 821 435 1553 14
2937 4 0 937 16 2328 2455
2938 4 0 2044 436 2328 16
2939 4 0 2270 911 2050 941
2940 4 0 989 741 975 1947
2941 4 0 2407 949 2270 317
2942 4 0 975 1946 924 2050
2943 4 0 298 949 317 10
2944 4 0 458 1508 2402 1506
2945 4 0 942 992 2305 2268
2946 4 0 298 10 317 13
2947 4 0 315 1808 2171 942
2948 4 0 1753 1914 2295 217
2949 4 0 315 1946 941 2270
2950 4 0 942 2171 1948 2046
2951 4 0 2270 985 2050 911
2952 4 0 756 2268 988 2305
2953 4 0 320 2471 1948 942
2954 4 0 1601 1805 2271 957
2955 4 0 1612 1980 2268 1812
2956 4 0 1408 8 1980 1812
2957 4 0 317 1612 2270 911
2958 4 0 1946 10 2270 949
2959 4 0 1946 432 2270 10
2960 4 0 992 1612 317 911
2961 4 0 298 1612 317 992
2962 4 0 298 13 317 1612
2963 4 0 2123 434 975 12
2964 4 0 942 911 2305 992
2965 4 0 948 955 13 1592
2966 4 0 2236 1592 1409 433
2967 4 0 2259 1517 713 1512
2968 4 0 2328 983 982 438
2969 4 0 940 436 970 2044
2970 4 0 315 2268 942 2471
2971 4 0 992 2268 942 315
2972 4 0 315 911 942 992
2973 4 0 941 911 2305 942
2974 4 0 248 231 698 230
2975 4 0 317 298 315 2471
2976 4 0 317 992 315 298
2977 4 0 298 992 315 2268
2978 4 0 2270 317 941 315
2979 4 0 2270 911 941 317
2980 4 0 2305 992 756 2268
2981 4 0 940 984 970 436
2982 4 0 315 992 941 911
2983 4 0 317 992 941 315
2984 4 0 317 911 941 992
2985 4 0 320 942 1948 2305
2986 4 0 2013 229 1948 2171
2987 4 0 942 941 1948 2305
2988 4 0 2305 229 1948 2013
2989 4 0 320 2268 2305 1980
2990 4 0 2471 320 2305 942
2991 4 0 2471 2268 2305 320
2992 4 0 942 2268 2305 2471
2993 4 0 2015 213 1518 11
2994 4 0 951 1808 950 2046
2995 4 0 933 320 1810 2444
2996 4 0 1814 2044 371 970
2997 4 0 984 940 967 741
2998 4 0 1813 1610 2492 953
2999 4 0 371 940 967 970
3000 4 0 940 371 967 968
3001 4 0 967 1553 1814 984
3002 4 0 1553 15 1814 969
3003 4 0 984 969 1814 15
3004 4 0 2044 1814 380 436
3005 4 0 1553 984 967 969
3006 4 0 741 969 967 984
3007 4 0 967 741 2123 989
3008 4 0 967 984 1814 970
3009 4 0 2123 741 975 989
3010 4 0 1567 1564 838 2304
3011 4 0 371 2044 982 59
3012 4 0 1709 59 982 2044
3013 4 0 953 371 982 968
3014 4 0 953 968 982 2193
3015 4 0 59 476 982 2193
3016 4 0 371 59 982 968
3017 4 0 2193 968 982 59
3018 4 0 437 983 2492 820
3019 4 0 437 1610 2492 1813
3020 4 0 1813 983 2492 437
3021 4 0 1709 983 2492 1813
3022 4 0 953 476 2492 1813
3023 4 0 1709 476 2492 953
3024 4 0 1709 1813 2492 476
3025 4 0 684 2370 2100 2398
3026 4 0 740 748 2387 217
3027 4 0 967 741 989 969
3028 4 0 967 969 989 1553
3029 4 0 1946 924 2050 1611
3030 4 0 2362 1904 1911 685
3031 4 0 740 41 227 460
3032 4 0 222 985 2050 1946
3033 4 0 924 1814 989 1553
3034 4 0 970 1814 989 924
3035 4 0 1814 967 989 1553
3036 4 0 970 967 989 1814
3037 4 0 1947 969 989 741
3038 4 0 1553 969 989 1947
3039 4 0 924 1553 989 2269
3040 4 0 1947 2269 989 1553
3041 4 0 924 2269 989 1947
3042 4 0 2123 989 975 1611
3043 4 0 924 970 975 989
3044 4 0 1611 924 975 310
3045 4 0 71 1565 486 832
3046 4 0 1511 2016 1514 1526
3047 4 0 934 1947 2123 12
3048 4 0 310 1947 2123 934
3049 4 0 934 12 2123 310
3050 4 0 267 59 966 476
3051 4 0 1611 434 975 2123
3052 4 0 989 1947 975 924
3053 4 0 1611 310 975 434
3054 4 0 2123 1947 975 741
3055 4 0 2407 1946 1611 310
3056 4 0 960 1946 1611 2407
3057 4 0 434 960 1611 2407
3058 4 0 2407 310 1611 434
3059 4 0 1947 310 975 924
3060 4 0 2123 310 975 1947
3061 4 0 434 310 975 12
3062 4 0 2123 12 975 310
3063 4 0 703 1757 247 473
3064 4 0 1109 34 2498 337
3065 4 0 1119 1650 1659 367
3066 4 0 1324 2435 1317 1339
3067 4 0 439 1094 1113 1845
3068 4 0 474 2413 247 473
3069 4 0 1318 1292 1269 1270
3070 4 0 891 361 2353 1793
3071 4 0 2413 1862 247 703
3072 4 0 258 1916 247 684
3073 4 0 757 60 468 2104
3074 4 0 723 721 1407 2346
3075 4 0 510 1440 2278 1114
3076 4 0 1916 726 2100 61
3077 4 0 61 2370 2100 1916
3078 4 0 757 49 469 468
3079 4 0 474 61 2294 749
3080 4 0 1105 1958 1956 1124
3081 4 0 1139 1958 1101 272
3082 4 0 1655 1141 1105 1134
3083 4 0 2178 135 2129 993
3084 4 0 315 2268 8 298
3085 4 0 2371 219 1909 1524
3086 4 0 1424 2017 38 2154
3087 4 0 2305 1980 988 320
3088 4 0 2020 733 1907 688
3089 4 0 1907 1901 2015 1750
3090 4 0 1596 1870 2122 2173
3091 4 0 40 1711 2016 1526
3092 4 0 2444 2268 8 2471
3093 4 0 1523 1755 2101 1759
3094 4 0 1426 2195 42 1760
3095 4 0 2051 1596 2267 2122
3096 4 0 315 2471 8 2268
3097 4 0 2205 2160 1522 686
3098 4 0 1901 1755 1751 2155
3099 4 0 696 751 1906 1531
3100 4 0 696 751 752 239
3101 4 0 711 1510 699 737
3102 4 0 1513 1517 459 736
3103 4 0 753 752 708 718
3104 4 0 711 1762 699 1510
3105 4 0 737 1510 239 1909
3106 4 0 688 701 2020 733
3107 4 0 714 758 1900 1912
3108 4 0 39 751 1906 696
3109 4 0 691 733 688 1901
3110 4 0 1524 1762 1909 2371
3111 4 0 879 1937 1929 1590
3112 4 0 733 701 2020 5
3113 4 0 691 1751 1750 688
3114 4 0 691 1901 1750 1751
3115 4 0 688 1901 1750 691
3116 4 0 689 2201 2478 2425
3117 4 0 1751 701 1750 688
3118 4 0 2201 687 2362 1756
3119 4 0 1908 740 251 680
3120 4 0 758 1912 714 1759
3121 4 0 5 701 2020 2155
3122 4 0 224 1912 1523 707
3123 4 0 1750 701 2020 688
3124 4 0 1759 1755 682 1531
3125 4 0 2020 688 215 1750
3126 4 0 5 2155 1523 701
3127 4 0 707 1912 1900 758
3128 4 0 1912 1755 1531 751
3129 4 0 5 1755 1523 2155
3130 4 0 1524 219 707 224
3131 4 0 1424 221 705 225
3132 4 0 707 224 758 1524
3133 4 0 2204 1762 758 1524
3134 4 0 980 2119 1616 981
3135 4 0 2203 221 705 1424
3136 4 0 2204 1510 699 1762
3137 4 0 2255 690 470 2296
3138 4 0 239 737 752 1510
3139 4 0 2371 1912 1531 751
3140 4 0 224 1912 1531 2371
3141 4 0 466 690 2102 470
3142 4 0 705 225 1507 1424
3143 4 0 1601 957 2271 928
3144 4 0 711 221 699 225
3145 4 0 696 2204 699 2203
3146 4 0 2295 2388 227 680
3147 4 0 740 234 251 680
3148 4 0 239 737 705 752
3149 4 0 11 1903 1518 2015
3150 4 0 298 1612 8 13
3151 4 0 2203 221 699 737
3152 4 0 239 1510 699 2204
3153 4 0 707 1912 758 224
3154 4 0 225 221 699 2203
3155 4 0 711 737 699 221
3156 4 0 239 2204 699 696
3157 4 0 711 1524 699 1762
3158 4 0 713 251 1913 234
3159 4 0 948 955 1592 10
3160 4 0 1909 751 239 2371
3161 4 0 752 696 753 751
3162 4 0 119 532 896 35
3163 4 0 44 1754 42 1426
3164 4 0 1909 2371 2204 751
3165 4 0 1762 2371 2204 1909
3166 4 0 1762 219 2204 1510
3167 4 0 1909 219 2204 1762
3168 4 0 705 752 708 1507
3169 4 0 2204 219 239 1510
3170 4 0 1909 219 239 2204
3171 4 0 1909 1510 239 219
3172 4 0 2204 696 39 2203
3173 4 0 706 234 2387 748
3174 4 0 696 753 708 718
3175 4 0 696 2204 39 239
3176 4 0 1524 1762 711 219
3177 4 0 2204 2203 39 718
3178 4 0 2256 1513 736 2258
3179 4 0 713 234 1913 748
3180 4 0 2203 221 1424 225
3181 4 0 239 696 753 752
3182 4 0 239 1510 753 696
3183 4 0 752 1510 753 239
3184 4 0 1759 1531 682 1906
3185 4 0 718 2203 39 696
3186 4 0 2204 1762 699 2203
3187 4 0 1751 682 2101 215
3188 4 0 1510 219 711 1762
3189 4 0 696 718 708 2017
3190 4 0 1507 753 708 702
3191 4 0 757 2467 2102 1917
3192 4 0 475 478 2294 2082
3193 4 0 696 753 718 2203
3194 4 0 2224 50 1664 1659
3195 4 0 2203 752 718 737
3196 4 0 753 752 718 2203
3197 4 0 2053 951 6 2308
3198 4 0 1759 224 758 1912
3199 4 0 737 221 711 1510
3200 4 0 470 2467 2102 757
3201 4 0 239 1909 39 751
3202 4 0 239 751 39 696
3203 4 0 696 1510 699 239
3204 4 0 753 696 699 2203
3205 4 0 753 1510 699 696
3206 4 0 752 737 699 1510
3207 4 0 2203 737 699 752
3208 4 0 752 753 699 2203
3209 4 0 752 1510 699 753
3210 4 0 2204 1909 39 239
3211 4 0 2204 751 39 1909
3212 4 0 1100 58 34 1108
3213 4 0 1759 2204 1906 39
3214 4 0 1506 1508 2402 234
3215 4 0 679 681 214 676
3216 4 0 1526 2258 1514 2256
3217 4 0 1900 5 1523 707
3218 4 0 1020 586 1049 68
3219 4 0 2020 758 1900 714
3220 4 0 1531 1912 1759 1755
3221 4 0 1516 2346 1407 1530
3222 4 0 39 2204 1906 751
3223 4 0 1759 2204 714 1906
3224 4 0 1912 2155 1523 1755
3225 4 0 298 2268 8 992
3226 4 0 1751 1755 682 2155
3227 4 0 2308 951 6 1949
3228 4 0 957 959 928 425
3229 4 0 215 1755 1523 5
3230 4 0 2204 1524 1906 751
3231 4 0 714 1759 1906 758
3232 4 0 758 2204 1906 714
3233 4 0 758 1524 1906 2204
3234 4 0 1524 2371 1906 751
3235 4 0 1531 751 1906 2371
3236 4 0 1759 224 1906 758
3237 4 0 758 224 1906 1524
3238 4 0 1524 224 1906 2371
3239 4 0 1531 2371 1906 224
3240 4 0 1759 1912 1906 224
3241 4 0 1531 1912 1906 1759
3242 4 0 1531 224 1906 1912
3243 4 0 1900 1912 1523 714
3244 4 0 707 1912 1523 1900
3245 4 0 8 1612 1812 955
3246 4 0 682 1755 215 2155
3247 4 0 5 2155 215 1755
3248 4 0 2020 701 215 2155
3249 4 0 1751 2155 215 701
3250 4 0 2020 1750 215 701
3251 4 0 1751 701 215 1750
3252 4 0 215 1750 2101 1751
3253 4 0 215 714 2101 1759
3254 4 0 1906 1759 2101 682
3255 4 0 215 5 1523 2020
3256 4 0 1900 2020 1523 5
3257 4 0 1759 1912 1523 1755
3258 4 0 714 1912 1523 1759
3259 4 0 716 213 1518 2015
3260 4 0 711 225 1511 221
3261 4 0 714 2020 1523 1900
3262 4 0 215 2020 1523 714
3263 4 0 2387 217 227 740
3264 4 0 2392 1126 2489 1658
3265 4 0 702 40 2154 745
3266 4 0 2100 61 2294 2370
3267 4 0 746 41 2372 2202
3268 4 0 1520 2258 2256 725
3269 4 0 745 40 1507 702
3270 4 0 736 2258 2016 725
3271 4 0 44 722 2348 1754
3272 4 0 42 1754 1905 2257
3273 4 0 1507 2017 708 38
3274 4 0 217 748 1913 740
3275 4 0 2203 737 705 221
3276 4 0 1507 752 708 753
3277 4 0 2203 1424 705 718
3278 4 0 1790 852 1581 837
3279 4 0 332 1583 325 2352
3280 4 0 234 706 717 680
3281 4 0 698 710 2158 248
3282 4 0 228 1908 1512 2259
3283 4 0 2256 704 736 1513
3284 4 0 1520 725 736 704
3285 4 0 755 43 2103 2157
3286 4 0 1753 230 698 231
3287 4 0 745 225 1507 221
3288 4 0 705 221 1507 225
3289 4 0 745 221 1507 705
3290 4 0 405 336 1131 1656
3291 4 0 1957 1118 1131 367
3292 4 0 459 2402 678 458
3293 4 0 729 218 1515 2479
3294 4 0 2479 754 1515 760
3295 4 0 61 726 60 216
3296 4 0 11 733 1518 1907
3297 4 0 1507 1424 38 705
3298 4 0 2017 1424 38 1507
3299 4 0 38 2017 708 718
3300 4 0 705 737 708 752
3301 4 0 718 752 708 737
3302 4 0 38 718 708 1424
3303 4 0 705 1424 708 718
3304 4 0 38 1424 708 705
3305 4 0 705 2203 708 737
3306 4 0 718 2203 708 705
3307 4 0 718 737 708 2203
3308 4 0 1903 1902 676 679
3309 4 0 228 680 717 1517
3310 4 0 2202 41 2372 2387
3311 4 0 1905 2157 2103 2202
3312 4 0 2017 692 2023 2402
3313 4 0 2330 2314 63 1627
3314 4 0 1905 42 2103 43
3315 4 0 832 332 831 2116
3316 4 0 738 2402 678 459
3317 4 0 467 1529 2260 48
3318 4 0 680 459 1517 736
3319 4 0 2260 2080 48 1529
3320 4 0 915 1945 1532 2308
3321 4 0 676 681 11 1903
3322 4 0 41 461 740 739
3323 4 0 1753 231 2388 2295
3324 4 0 231 1914 2295 1753
3325 4 0 755 248 1522 686
3326 4 0 1760 42 2103 1905
3327 4 0 704 692 678 2402
3328 4 0 231 697 2388 715
3329 4 0 1650 336 1123 1957
3330 4 0 248 697 2158 231
3331 4 0 1517 2259 717 228
3332 4 0 248 231 2158 698
3333 4 0 2202 1525 2388 41
3334 4 0 740 746 227 41
3335 4 0 680 2259 717 234
3336 4 0 706 461 740 748
3337 4 0 680 740 227 2295
3338 4 0 706 748 740 234
3339 4 0 1985 44 42 1426
3340 4 0 2372 46 2157 1425
3341 4 0 248 697 755 2157
3342 4 0 2195 1754 1760 2257
3343 4 0 459 704 738 2402
3344 4 0 697 746 2372 2202
3345 4 0 747 1426 1760 2257
3346 4 0 2348 230 715 697
3347 4 0 2037 894 2115 1564
3348 4 0 2160 1754 715 2195
3349 4 0 2372 46 463 2157
3350 4 0 2372 746 463 46
3351 4 0 405 45 1656 1651
3352 4 0 462 43 42 463
3353 4 0 405 336 1656 2276
3354 4 0 1913 251 2018 1908
3355 4 0 755 1525 2158 2202
3356 4 0 1842 1139 1668 272
3357 4 0 1513 1914 228 1517
3358 4 0 1905 2348 2103 755
3359 4 0 2346 744 2260 1530
3360 4 0 748 1508 713 234
3361 4 0 2157 1425 463 43
3362 4 0 2157 46 463 1425
3363 4 0 2018 2388 2158 1525
3364 4 0 467 2142 2260 2081
3365 4 0 44 463 42 2348
3366 4 0 43 1754 42 2348
3367 4 0 1760 1754 42 2257
3368 4 0 246 712 2460 732
3369 4 0 837 1795 33 31
3370 4 0 2262 167 763 163
3371 4 0 2259 1517 717 713
3372 4 0 706 461 717 680
3373 4 0 217 1508 1913 748
3374 4 0 2014 40 2016 745
3375 4 0 1425 43 462 463
3376 4 0 1520 40 2023 702
3377 4 0 234 2259 717 739
3378 4 0 713 739 717 2259
3379 4 0 2160 230 715 2348
3380 4 0 230 2347 698 686
3381 4 0 1754 2160 715 2348
3382 4 0 2348 697 715 1754
3383 4 0 1913 1908 2018 1753
3384 4 0 2018 710 2158 698
3385 4 0 1914 1908 680 2295
3386 4 0 231 715 2388 2295
3387 4 0 228 2259 717 680
3388 4 0 739 234 713 1506
3389 4 0 739 2259 713 234
3390 4 0 43 1754 1905 42
3391 4 0 1328 2108 2261 810
3392 4 0 2202 1525 2158 2388
3393 4 0 702 2017 2023 708
3394 4 0 1914 1908 228 680
3395 4 0 1520 704 736 2256
3396 4 0 1520 692 738 704
3397 4 0 710 1753 2018 1908
3398 4 0 2295 1908 680 740
3399 4 0 463 697 2388 746
3400 4 0 704 725 738 1520
3401 4 0 2402 692 678 1506
3402 4 0 2388 746 227 463
3403 4 0 878 349 329 882
3404 4 0 755 2202 2158 2157
3405 4 0 1517 1513 1512 228
3406 4 0 1914 680 228 1517
3407 4 0 1512 704 1526 2256
3408 4 0 234 1508 713 1506
3409 4 0 1511 1526 1527 40
3410 4 0 248 230 698 686
3411 4 0 1908 1914 228 1753
3412 4 0 1908 680 251 228
3413 4 0 228 2259 251 1908
3414 4 0 745 40 1527 1526
3415 4 0 2050 2305 941 911
3416 4 0 1513 228 2256 1512
3417 4 0 234 739 717 706
3418 4 0 740 461 717 739
3419 4 0 2401 2257 1522 2205
3420 4 0 1753 231 710 2388
3421 4 0 459 458 678 738
3422 4 0 1910 687 2362 2201
3423 4 0 2121 962 1597 923
3424 4 0 1407 2206 240 255
3425 4 0 1517 1513 459 1512
3426 4 0 692 1520 2023 2402
3427 4 0 1949 944 1945 2308
3428 4 0 713 1508 704 1512
3429 4 0 1520 1508 704 713
3430 4 0 1512 1508 704 1513
3431 4 0 73 1560 1581 489
3432 4 0 2402 1508 704 1520
3433 4 0 1520 1508 2023 2402
3434 4 0 1520 692 704 2402
3435 4 0 1581 852 33 837
3436 4 0 755 2257 1522 2401
3437 4 0 248 2157 2158 697
3438 4 0 740 748 1913 234
3439 4 0 740 234 1913 251
3440 4 0 704 1520 1526 2256
3441 4 0 704 40 1526 1520
3442 4 0 713 748 1913 1508
3443 4 0 1520 2258 1526 2256
3444 4 0 1511 225 1527 221
3445 4 0 1520 725 1526 2258
3446 4 0 2402 1506 678 458
3447 4 0 692 1711 678 2154
3448 4 0 736 704 459 1513
3449 4 0 2402 458 459 1508
3450 4 0 1513 1508 459 1512
3451 4 0 713 1517 459 1512
3452 4 0 1506 739 459 1508
3453 4 0 458 739 459 1506
3454 4 0 1506 1508 459 458
3455 4 0 704 1508 459 1513
3456 4 0 2402 1508 459 704
3457 4 0 713 1508 459 739
3458 4 0 1512 1508 459 713
3459 4 0 702 40 2023 2154
3460 4 0 2017 2154 2023 692
3461 4 0 2017 702 2023 2154
3462 4 0 692 2154 2023 1711
3463 4 0 40 1711 2023 2154
3464 4 0 40 1520 2023 1526
3465 4 0 1526 1711 2023 40
3466 4 0 738 692 2023 1711
3467 4 0 1520 692 2023 738
3468 4 0 1526 725 2023 1711
3469 4 0 1520 725 2023 1526
3470 4 0 738 1711 2023 725
3471 4 0 738 725 2023 1520
3472 4 0 2154 1711 2014 40
3473 4 0 2154 40 2014 745
3474 4 0 2154 745 2014 702
3475 4 0 1507 225 2014 1424
3476 4 0 745 225 2014 1507
3477 4 0 736 2258 1511 2016
3478 4 0 1507 702 2014 745
3479 4 0 2154 2017 2014 1424
3480 4 0 702 2017 2014 2154
3481 4 0 2017 702 2014 1507
3482 4 0 1507 1424 2014 2017
3483 4 0 745 221 1527 225
3484 4 0 980 981 1616 931
3485 4 0 2014 225 1511 2016
3486 4 0 2016 745 1511 2014
3487 4 0 2016 1526 1511 40
3488 4 0 2258 2016 1514 1511
3489 4 0 2016 2258 1514 725
3490 4 0 1526 725 1514 2258
3491 4 0 2016 725 1514 1711
3492 4 0 1526 1711 1514 725
3493 4 0 2016 1711 1514 1526
3494 4 0 1511 221 1527 1514
3495 4 0 1514 1526 1527 1511
3496 4 0 1514 2256 1527 1526
3497 4 0 2014 225 1527 1511
3498 4 0 2014 745 1527 225
3499 4 0 1511 745 1527 2014
3500 4 0 2016 745 1527 1511
3501 4 0 2016 40 1527 745
3502 4 0 1511 40 1527 2016
3503 4 0 251 1908 1913 740
3504 4 0 1579 270 842 74
3505 4 0 2037 1564 838 854
3506 4 0 2295 740 1913 1908
3507 4 0 1914 1908 1913 1753
3508 4 0 1753 217 1913 1914
3509 4 0 227 217 1913 740
3510 4 0 2295 217 1913 227
3511 4 0 227 740 1913 2295
3512 4 0 2295 1914 1913 217
3513 4 0 1908 1914 1913 2295
3514 4 0 2205 2347 686 2024
3515 4 0 710 1908 2018 251
3516 4 0 2347 2160 686 230
3517 4 0 2205 2160 686 2347
3518 4 0 1905 747 2103 2257
3519 4 0 2348 230 686 2160
3520 4 0 42 2257 1905 1760
3521 4 0 2018 1525 2158 217
3522 4 0 439 1137 2442 1094
3523 4 0 2205 2257 1522 2160
3524 4 0 755 2157 2103 1905
3525 4 0 715 697 248 231
3526 4 0 1753 217 2018 1913
3527 4 0 2387 1525 2018 217
3528 4 0 2388 710 2018 698
3529 4 0 248 755 1522 2158
3530 4 0 227 2387 2018 217
3531 4 0 2388 1525 2018 41
3532 4 0 2387 41 2018 1525
3533 4 0 2295 217 2018 1753
3534 4 0 227 217 2018 2295
3535 4 0 227 2295 2018 2388
3536 4 0 227 41 2018 2387
3537 4 0 2388 41 2018 227
3538 4 0 2388 1753 2018 710
3539 4 0 2388 2295 2018 1753
3540 4 0 686 230 755 248
3541 4 0 2157 697 755 463
3542 4 0 2348 43 755 463
3543 4 0 715 697 755 248
3544 4 0 715 230 755 697
3545 4 0 248 230 755 715
3546 4 0 2348 230 755 686
3547 4 0 2348 697 755 230
3548 4 0 463 697 755 2348
3549 4 0 2388 697 2158 2202
3550 4 0 2157 2372 2158 697
3551 4 0 2202 2372 2158 2157
3552 4 0 2202 697 2158 2372
3553 4 0 686 2348 1522 755
3554 4 0 686 2160 1522 2348
3555 4 0 1905 1754 1522 2257
3556 4 0 2160 2257 1522 1754
3557 4 0 755 1754 1522 1905
3558 4 0 2348 1754 1522 755
3559 4 0 2348 2160 1522 1754
3560 4 0 1760 2257 2103 747
3561 4 0 1905 2257 2103 1760
3562 4 0 1754 2348 2103 1905
3563 4 0 1754 43 2103 2348
3564 4 0 1905 43 2103 1754
3565 4 0 56 216 2294 762
3566 4 0 2047 946 2120 927
3567 4 0 486 487 72 70
3568 4 0 726 51 2104 468
3569 4 0 475 60 2294 478
3570 4 0 52 472 2294 2082
3571 4 0 1944 19 1811 912
3572 4 0 1651 45 1656 1118
3573 4 0 1783 1567 838 1561
3574 4 0 405 336 1650 1957
3575 4 0 992 2268 1812 1612
3576 4 0 2040 834 2170 324
3577 4 0 1903 681 11 2156
3578 4 0 691 1901 716 733
3579 4 0 1902 2156 1903 1752
3580 4 0 1752 1902 676 1903
3581 4 0 2346 689 1407 723
3582 4 0 1651 1118 1656 405
3583 4 0 470 2467 469 2255
3584 4 0 2467 470 469 757
3585 4 0 1130 1106 50 1103
3586 4 0 2159 2362 1911 1917
3587 4 0 2062 1130 1842 2063
3588 4 0 1750 688 2015 1907
3589 4 0 467 1428 2081 1529
3590 4 0 1958 1106 272 1130
3591 4 0 1907 733 1518 2015
3592 4 0 405 1118 1131 336
3593 4 0 1134 1124 1101 1141
3594 4 0 760 743 56 729
3595 4 0 1957 336 1131 1118
3596 4 0 1956 1655 2221 1105
3597 4 0 235 687 1911 685
3598 4 0 49 470 2102 757
3599 4 0 729 1224 1515 760
3600 4 0 1131 336 1123 1656
3601 4 0 2065 1141 2061 1105
3602 4 0 721 690 466 1915
3603 4 0 1910 2201 2362 2206
3604 4 0 690 2467 2255 469
3605 4 0 367 1957 1123 1131
3606 4 0 744 721 467 1915
3607 4 0 685 1917 2362 687
3608 4 0 1124 1958 1101 1139
3609 4 0 1650 336 1659 367
3610 4 0 470 49 469 757
3611 4 0 685 687 2362 1910
3612 4 0 1788 2457 119 531
3613 4 0 1134 1958 1101 1124
3614 4 0 2100 726 60 61
3615 4 0 2063 1130 338 1135
3616 4 0 30 1105 2280 2221
3617 4 0 1118 1119 1131 367
3618 4 0 405 2276 1656 45
3619 4 0 1101 1134 1664 1099
3620 4 0 474 57 2294 2100
3621 4 0 859 73 2303 1789
3622 4 0 1515 754 56 760
3623 4 0 1102 268 2064 273
3624 4 0 2260 732 1407 1530
3625 4 0 470 2255 2102 2467
3626 4 0 1917 2467 2102 2255
3627 4 0 2425 690 2478 689
3628 4 0 2206 689 2478 255
3629 4 0 2255 720 2102 1917
3630 4 0 2201 720 2102 2296
3631 4 0 2036 889 831 2116
3632 4 0 1917 720 2102 1756
3633 4 0 1407 723 240 466
3634 4 0 1718 2279 1875 509
3635 4 0 1842 2063 338 1668
3636 4 0 2255 2296 2102 720
3637 4 0 470 2296 2102 2255
3638 4 0 2201 2296 2102 2425
3639 4 0 1668 1124 338 1101
3640 4 0 1097 268 1649 1100
3641 4 0 2201 1756 2362 720
3642 4 0 470 690 2102 2296
3643 4 0 2425 2296 2102 690
3644 4 0 241 220 2104 2012
3645 4 0 241 726 2104 220
3646 4 0 893 326 356 830
3647 4 0 1935 894 2115 2037
3648 4 0 2398 726 2104 60
3649 4 0 2398 51 2104 726
3650 4 0 60 51 2104 2398
3651 4 0 726 254 2104 220
3652 4 0 726 2022 2104 254
3653 4 0 216 241 2104 60
3654 4 0 216 726 2104 241
3655 4 0 60 726 2104 216
3656 4 0 2386 255 2206 1904
3657 4 0 689 255 2206 2386
3658 4 0 2386 1904 2206 689
3659 4 0 2201 689 2206 1904
3660 4 0 218 728 1515 2479
3661 4 0 2478 723 1407 689
3662 4 0 1516 255 1407 689
3663 4 0 2460 732 1407 2260
3664 4 0 762 216 2294 475
3665 4 0 2478 2260 240 466
3666 4 0 1910 2201 2206 1904
3667 4 0 1407 2260 240 2460
3668 4 0 2430 856 329 2326
3669 4 0 1931 488 1560 2264
3670 4 0 466 721 1407 723
3671 4 0 2346 721 1407 744
3672 4 0 467 744 1407 721
3673 4 0 2260 744 1407 467
3674 4 0 467 466 1407 2260
3675 4 0 467 721 1407 466
3676 4 0 260 216 475 241
3677 4 0 1139 272 1101 1124
3678 4 0 220 254 2159 731
3679 4 0 2104 254 2159 220
3680 4 0 32 1105 2061 30
3681 4 0 1642 395 552 1637
3682 4 0 1917 2022 2159 468
3683 4 0 731 2022 2159 1917
3684 4 0 757 468 2159 2104
3685 4 0 757 1917 2159 468
3686 4 0 2104 1917 2159 757
3687 4 0 2104 2022 2159 254
3688 4 0 731 254 2159 2022
3689 4 0 2104 726 2159 2022
3690 4 0 468 726 2159 2104
3691 4 0 468 2022 2159 726
3692 4 0 731 1917 1911 735
3693 4 0 731 735 1911 235
3694 4 0 735 687 1911 235
3695 4 0 735 1917 1911 687
3696 4 0 387 1038 402 1087
3697 4 0 273 58 268 1108
3698 4 0 2104 220 260 2012
3699 4 0 894 349 844 2326
3700 4 0 838 2037 2115 1564
3701 4 0 2479 1528 1515 729
3702 4 0 360 1116 876 2392
3703 4 0 1116 507 2392 2197
3704 4 0 729 743 56 693
3705 4 0 1663 268 1652 58
3706 4 0 2167 847 1929 891
3707 4 0 34 58 273 1108
3708 4 0 216 260 475 762
3709 4 0 2197 1667 2222 1096
3710 4 0 2479 1224 1515 1528
3711 4 0 2218 1999 1467 1469
3712 4 0 1639 2241 1039 1633
3713 4 0 930 1602 973 936
3714 4 0 2392 1667 2222 1658
3715 4 0 216 760 56 749
3716 4 0 2086 1937 546 1929
3717 4 0 2159 762 2104 260
3718 4 0 840 2035 875 858
3719 4 0 2422 1125 2220 2277
3720 4 0 260 60 475 2104
3721 4 0 241 60 260 2104
3722 4 0 2104 2012 260 241
3723 4 0 1658 1653 2391 1104
3724 4 0 260 2104 475 762
3725 4 0 2012 743 260 241
3726 4 0 693 743 260 2012
3727 4 0 241 743 260 216
3728 4 0 1758 2327 2353 847
3729 4 0 11 676 214 681
3730 4 0 1681 1167 1191 2381
3731 4 0 762 693 56 743
3732 4 0 1515 729 56 762
3733 4 0 1654 58 34 1109
3734 4 0 503 2265 2145 876
3735 4 0 2277 1845 17 1104
3736 4 0 260 743 762 216
3737 4 0 693 743 762 260
3738 4 0 903 341 2033 1576
3739 4 0 2420 1633 1822 998
3740 4 0 11 213 214 676
3741 4 0 2436 343 899 2476
3742 4 0 1929 1758 2211 879
3743 4 0 503 37 1143 2225
3744 4 0 1841 1661 2380 1121
3745 4 0 2083 1439 1091 508
3746 4 0 1080 1050 2088 1081
3747 4 0 2476 2487 902 888
3748 4 0 1104 1845 2391 1658
3749 4 0 883 841 829 877
3750 4 0 331 1929 879 1758
3751 4 0 871 2443 2033 261
3752 4 0 1590 2355 1881 2487
3753 4 0 331 888 845 1786
3754 4 0 1628 1066 1078 2055
3755 4 0 2462 871 903 323
3756 4 0 331 1929 2355 879
3757 4 0 1838 1653 1657 55
3758 4 0 1107 1652 1666 58
3759 4 0 842 532 345 1579
3760 4 0 840 2035 1932 853
3761 4 0 1932 871 2443 2462
3762 4 0 846 858 884 875
3763 4 0 846 1786 1928 858
3764 4 0 2476 343 1933 902
3765 4 0 1287 2317 1293 1276
3766 4 0 1724 890 900 892
3767 4 0 853 2035 2354 840
3768 4 0 125 2436 357 899
3769 4 0 875 846 2458 884
3770 4 0 1431 1321 1263 76
3771 4 0 2211 127 867 2167
3772 4 0 901 1590 546 1569
3773 4 0 261 341 2033 323
3774 4 0 127 353 542 909
3775 4 0 2209 2462 855 346
3776 4 0 133 542 1927 127
3777 4 0 909 1927 542 127
3778 4 0 546 127 542 1456
3779 4 0 2487 888 2476 2355
3780 4 0 1590 2355 2476 888
3781 4 0 2487 2355 2476 1590
3782 4 0 261 323 2033 871
3783 4 0 349 2169 329 2326
3784 4 0 877 841 849 883
3785 4 0 2209 1568 855 2462
3786 4 0 890 1928 1939 884
3787 4 0 220 693 260 2012
3788 4 0 901 1200 546 1590
3789 4 0 323 871 261 2443
3790 4 0 402 1086 1637 2130
3791 4 0 902 2476 904 1784
3792 4 0 1222 348 1233 2284
3793 4 0 2354 883 1938 1779
3794 4 0 2130 1087 1637 402
3795 4 0 875 884 2458 1939
3796 4 0 1938 2169 329 878
3797 4 0 829 2035 1794 840
3798 4 0 1572 2457 1563 340
3799 4 0 902 343 904 2476
3800 4 0 1647 2241 1039 993
3801 4 0 261 1576 2033 341
3802 4 0 841 2035 829 840
3803 4 0 1251 257 1272 348
3804 4 0 904 2476 892 1784
3805 4 0 903 1576 904 323
3806 4 0 1576 903 904 1784
3807 4 0 2237 1197 1875 509
3808 4 0 1041 551 2450 1836
3809 4 0 2209 853 2443 883
3810 4 0 2443 1932 261 323
3811 4 0 323 1932 261 853
3812 4 0 2443 853 261 1932
3813 4 0 2209 853 261 2443
3814 4 0 1136 1655 1134 1141
3815 4 0 387 1087 402 2481
3816 4 0 1087 1038 402 2419
3817 4 0 1932 2035 2443 853
3818 4 0 1568 249 2443 2209
3819 4 0 1568 871 2443 249
3820 4 0 1794 877 851 868
3821 4 0 2209 2462 2443 1568
3822 4 0 871 1568 2443 2462
3823 4 0 871 1932 2443 323
3824 4 0 2085 1724 540 1880
3825 4 0 895 341 1936 537
3826 4 0 323 341 903 1576
3827 4 0 1231 1226 1219 1214
3828 4 0 2462 1568 903 871
3829 4 0 903 871 1784 2033
3830 4 0 1293 1295 1285 1276
3831 4 0 261 892 1939 890
3832 4 0 2443 892 2033 261
3833 4 0 2033 261 892 1784
3834 4 0 1936 341 900 1576
3835 4 0 2033 261 1784 1576
3836 4 0 2033 1576 1784 903
3837 4 0 538 829 1794 123
3838 4 0 2476 888 890 892
3839 4 0 875 858 1939 1928
3840 4 0 884 1928 1939 858
3841 4 0 875 840 2354 2035
3842 4 0 884 858 1939 875
3843 4 0 1784 1576 892 904
3844 4 0 884 888 1939 890
3845 4 0 1724 890 881 1928
3846 4 0 1631 389 2332 999
3847 4 0 268 750 1108 1100
3848 4 0 261 892 2458 1939
3849 4 0 1939 853 2458 261
3850 4 0 883 853 1779 2354
3851 4 0 1779 883 849 841
3852 4 0 1784 1576 2458 892
3853 4 0 261 1784 2458 892
3854 4 0 261 853 2458 341
3855 4 0 261 341 2458 1576
3856 4 0 261 1576 2458 1784
3857 4 0 841 1779 829 2035
3858 4 0 1938 249 870 868
3859 4 0 1928 840 1993 858
3860 4 0 875 858 1993 840
3861 4 0 123 840 538 1993
3862 4 0 1200 2167 2376 353
3863 4 0 2354 875 1993 840
3864 4 0 2458 875 1993 2354
3865 4 0 123 840 1794 538
3866 4 0 1142 1100 1649 2060
3867 4 0 829 877 1794 346
3868 4 0 249 1567 869 898
3869 4 0 877 346 868 1794
3870 4 0 136 1626 1013 2310
3871 4 0 1626 136 1013 135
3872 4 0 536 1453 851 1934
3873 4 0 1134 1655 1956 1105
3874 4 0 2312 1954 2179 62
3875 4 0 849 877 851 878
3876 4 0 2056 121 2378 1623
3877 4 0 1794 868 851 1934
3878 4 0 849 878 851 1938
3879 4 0 1934 1938 851 878
3880 4 0 894 2304 1578 1564
3881 4 0 1938 883 849 1779
3882 4 0 877 883 849 1938
3883 4 0 868 249 855 2209
3884 4 0 2209 249 855 1568
3885 4 0 2436 343 1933 899
3886 4 0 2184 1025 1825 401
3887 4 0 1936 1939 1724 1928
3888 4 0 877 883 868 346
3889 4 0 829 840 877 841
3890 4 0 1993 875 537 858
3891 4 0 1993 858 537 1928
3892 4 0 2458 875 537 1993
3893 4 0 2458 341 537 1576
3894 4 0 2411 1669 1137 2186
3895 4 0 127 1927 133 909
3896 4 0 1291 185 1313 1279
3897 4 0 853 341 537 2458
3898 4 0 1836 1726 2450 1041
3899 4 0 2273 1829 1058 1028
3900 4 0 881 846 1455 1928
3901 4 0 546 544 542 1569
3902 4 0 892 2476 2436 890
3903 4 0 2354 840 537 853
3904 4 0 1993 840 537 2354
3905 4 0 387 1019 402 1038
3906 4 0 387 2309 2181 1019
3907 4 0 1993 2354 537 2458
3908 4 0 853 2458 537 2354
3909 4 0 868 249 870 855
3910 4 0 2057 1628 1078 2180
3911 4 0 1200 2487 1589 1588
3912 4 0 2491 541 539 540
3913 4 0 877 883 346 829
3914 4 0 1233 1248 1272 1269
3915 4 0 346 2462 855 1932
3916 4 0 1934 878 851 1577
3917 4 0 1934 1577 536 1453
3918 4 0 2443 2209 346 2462
3919 4 0 2443 2462 346 1932
3920 4 0 883 2209 346 2443
3921 4 0 1779 2443 346 1932
3922 4 0 883 2443 346 1779
3923 4 0 249 1568 870 855
3924 4 0 1932 2035 346 1779
3925 4 0 829 1779 1794 2035
3926 4 0 883 829 1794 346
3927 4 0 346 1779 1794 883
3928 4 0 829 841 1794 1779
3929 4 0 883 841 1794 829
3930 4 0 883 1779 1794 841
3931 4 0 1938 2209 868 883
3932 4 0 1938 883 868 877
3933 4 0 854 1566 1783 2037
3934 4 0 1938 249 868 2209
3935 4 0 1097 2265 2133 1102
3936 4 0 883 346 855 868
3937 4 0 883 2209 855 346
3938 4 0 868 2209 855 883
3939 4 0 323 1932 855 2462
3940 4 0 1934 349 1453 862
3941 4 0 1934 1577 1453 349
3942 4 0 854 2304 1567 869
3943 4 0 855 868 2326 870
3944 4 0 862 861 860 1453
3945 4 0 1783 2037 2115 838
3946 4 0 878 349 2326 2169
3947 4 0 1663 268 2060 1097
3948 4 0 2326 868 1934 870
3949 4 0 2209 249 2430 2169
3950 4 0 2326 878 1934 349
3951 4 0 870 868 1934 1938
3952 4 0 868 877 1934 1938
3953 4 0 2326 870 1934 2169
3954 4 0 2326 2169 1934 878
3955 4 0 870 1938 1934 2169
3956 4 0 878 2169 1934 1938
3957 4 0 1578 861 860 862
3958 4 0 536 1577 1787 1453
3959 4 0 862 349 844 894
3960 4 0 844 2304 329 882
3961 4 0 533 1778 534 2240
3962 4 0 2115 894 1578 1564
3963 4 0 2060 337 1962 34
3964 4 0 2326 856 898 2430
3965 4 0 1788 2457 270 1563
3966 4 0 371 380 982 2044
3967 4 0 732 255 1407 1530
3968 4 0 869 856 329 2430
3969 4 0 2273 1012 1058 1829
3970 4 0 1652 2079 2498 337
3971 4 0 1453 349 844 862
3972 4 0 2326 2169 898 870
3973 4 0 2430 2169 898 2326
3974 4 0 844 894 2037 854
3975 4 0 1102 1841 37 2275
3976 4 0 1036 1830 2331 2312
3977 4 0 1566 830 865 893
3978 4 0 2430 2169 329 2304
3979 4 0 854 1567 838 1783
3980 4 0 1586 269 340 1572
3981 4 0 326 1563 356 1788
3982 4 0 894 1564 854 2304
3983 4 0 2060 1100 1649 34
3984 4 0 120 1566 865 2037
3985 4 0 1561 1783 269 1586
3986 4 0 862 349 894 1935
3987 4 0 328 35 896 327
3988 4 0 848 531 842 850
3989 4 0 854 1564 1567 2304
3990 4 0 2065 1140 32 1093
3991 4 0 340 1563 836 1587
3992 4 0 2326 870 898 856
3993 4 0 1935 861 894 862
3994 4 0 386 994 1061 1829
3995 4 0 750 274 1093 1840
3996 4 0 272 1106 1099 1668
3997 4 0 2430 249 898 2169
3998 4 0 869 2304 844 854
3999 4 0 869 856 844 2304
4000 4 0 854 856 844 869
4001 4 0 1105 1136 2221 30
4002 4 0 1105 1958 1099 1956
4003 4 0 869 856 1567 854
4004 4 0 898 856 1567 869
4005 4 0 862 1787 860 1578
4006 4 0 894 1564 2037 854
4007 4 0 1563 2457 270 843
4008 4 0 830 120 865 535
4009 4 0 882 1564 1578 2304
4010 4 0 882 2304 329 1564
4011 4 0 854 1564 838 1567
4012 4 0 2326 2169 329 2430
4013 4 0 1587 843 270 2457
4014 4 0 864 345 355 532
4015 4 0 1567 869 838 1561
4016 4 0 1093 272 1958 1115
4017 4 0 2037 854 838 1783
4018 4 0 535 1935 865 830
4019 4 0 2457 1572 1563 828
4020 4 0 1656 1118 1131 405
4021 4 0 2498 1121 1111 1107
4022 4 0 1783 1566 269 1586
4023 4 0 676 679 716 214
4024 4 0 1788 843 270 326
4025 4 0 1563 843 270 1788
4026 4 0 349 856 882 1453
4027 4 0 679 681 676 1903
4028 4 0 2060 2079 1962 337
4029 4 0 1787 878 882 1577
4030 4 0 1787 1577 882 1453
4031 4 0 1453 1577 882 349
4032 4 0 878 349 882 1577
4033 4 0 1564 1586 872 2115
4034 4 0 1578 1787 860 1778
4035 4 0 844 1453 882 856
4036 4 0 2065 1115 1141 1124
4037 4 0 1453 862 882 1787
4038 4 0 844 862 882 1453
4039 4 0 268 1663 2275 1097
4040 4 0 893 1563 356 326
4041 4 0 1652 58 1107 2079
4042 4 0 844 856 329 2304
4043 4 0 882 856 329 844
4044 4 0 882 349 329 856
4045 4 0 2326 856 329 349
4046 4 0 2115 1783 872 2037
4047 4 0 1566 2037 872 1783
4048 4 0 1566 1783 872 1586
4049 4 0 1586 1783 872 1561
4050 4 0 838 1783 872 2115
4051 4 0 838 1561 872 1783
4052 4 0 1586 838 872 2115
4053 4 0 1586 1561 872 838
4054 4 0 1935 894 1578 2115
4055 4 0 894 1935 1578 861
4056 4 0 882 862 1578 1787
4057 4 0 2304 894 1578 844
4058 4 0 844 862 1578 882
4059 4 0 882 2304 1578 844
4060 4 0 894 862 1578 844
4061 4 0 894 861 1578 862
4062 4 0 830 326 865 893
4063 4 0 2079 58 2060 1663
4064 4 0 268 58 1649 1100
4065 4 0 356 848 2240 535
4066 4 0 34 2079 2060 337
4067 4 0 2060 1142 1962 2079
4068 4 0 120 535 534 533
4069 4 0 1586 872 828 1572
4070 4 0 1572 269 828 1586
4071 4 0 356 828 2240 1788
4072 4 0 872 1586 828 1566
4073 4 0 2037 1935 1778 2115
4074 4 0 533 861 1778 1935
4075 4 0 327 2168 1591 896
4076 4 0 2240 535 534 120
4077 4 0 1576 904 900 892
4078 4 0 33 852 1571 1795
4079 4 0 120 533 534 2240
4080 4 0 1587 2168 836 269
4081 4 0 536 1453 860 861
4082 4 0 533 861 860 1778
4083 4 0 828 872 120 2115
4084 4 0 2037 2115 120 872
4085 4 0 1778 861 860 1578
4086 4 0 1566 872 120 828
4087 4 0 1566 2037 120 872
4088 4 0 1950 393 1643 1029
4089 4 0 850 2457 270 1788
4090 4 0 119 2457 1591 270
4091 4 0 1788 326 270 850
4092 4 0 1790 1780 1581 852
4093 4 0 859 1583 489 2502
4094 4 0 326 843 270 893
4095 4 0 345 35 864 327
4096 4 0 1563 1788 326 843
4097 4 0 1579 842 355 345
4098 4 0 70 487 72 36
4099 4 0 864 532 355 35
4100 4 0 1572 269 893 828
4101 4 0 1572 843 893 269
4102 4 0 1563 1572 893 828
4103 4 0 1563 843 893 1572
4104 4 0 326 843 893 1563
4105 4 0 828 1586 893 1566
4106 4 0 269 1586 893 828
4107 4 0 269 1566 893 1586
4108 4 0 884 1928 881 890
4109 4 0 1935 862 535 861
4110 4 0 356 1788 2240 848
4111 4 0 533 865 1778 120
4112 4 0 750 1108 351 1654
4113 4 0 2056 1818 1623 2378
4114 4 0 1135 1134 1664 1101
4115 4 0 120 2115 1778 1578
4116 4 0 1663 1097 2060 2275
4117 4 0 2037 2115 865 120
4118 4 0 1113 439 2066 1094
4119 4 0 120 535 533 865
4120 4 0 1565 71 831 832
4121 4 0 535 1935 533 865
4122 4 0 535 861 533 1935
4123 4 0 120 533 2240 1778
4124 4 0 862 1453 860 1787
4125 4 0 2037 2115 1778 865
4126 4 0 865 1935 1778 2037
4127 4 0 533 1935 1778 865
4128 4 0 2063 367 2062 339
4129 4 0 1787 1453 860 536
4130 4 0 120 830 2240 535
4131 4 0 828 356 1563 1788
4132 4 0 830 828 2240 893
4133 4 0 830 356 2240 535
4134 4 0 828 2240 1788 120
4135 4 0 830 828 120 2240
4136 4 0 830 893 2240 356
4137 4 0 1657 876 502 2489
4138 4 0 1663 58 2060 268
4139 4 0 34 58 2079 1109
4140 4 0 273 268 1097 1102
4141 4 0 936 1602 973 1604
4142 4 0 1142 1100 351 1649
4143 4 0 2498 1654 1962 337
4144 4 0 1142 1100 2060 1108
4145 4 0 268 1663 1652 1841
4146 4 0 509 2279 1875 2237
4147 4 0 2063 1668 1842 2062
4148 4 0 1838 360 2489 2064
4149 4 0 1587 1563 836 843
4150 4 0 1097 273 2275 268
4151 4 0 1841 1663 2275 268
4152 4 0 1841 273 2275 1102
4153 4 0 355 864 1986 2034
4154 4 0 2498 1110 1962 1654
4155 4 0 55 1657 2422 1653
4156 4 0 1840 1108 750 1654
4157 4 0 1663 58 1652 2079
4158 4 0 1109 1654 2498 34
4159 4 0 1032 1018 1037 2055
4160 4 0 1099 1134 1664 1956
4161 4 0 2060 268 1649 1097
4162 4 0 55 1111 1838 1661
4163 4 0 2498 2079 1107 337
4164 4 0 2082 472 2294 475
4165 4 0 119 35 896 328
4166 4 0 1654 34 1962 337
4167 4 0 34 58 2060 2079
4168 4 0 2035 878 841 849
4169 4 0 351 1840 1140 750
4170 4 0 750 1840 1140 274
4171 4 0 1142 1654 351 1108
4172 4 0 1142 1108 351 1100
4173 4 0 1780 489 1571 488
4174 4 0 1134 1124 1956 1958
4175 4 0 2060 58 1649 268
4176 4 0 34 1100 1649 58
4177 4 0 1124 1141 338 1101
4178 4 0 1654 1108 1962 34
4179 4 0 1142 1108 1962 1654
4180 4 0 2060 34 1962 1108
4181 4 0 2060 1108 1962 1142
4182 4 0 1654 1840 351 750
4183 4 0 1142 1840 351 1654
4184 4 0 1579 532 345 1591
4185 4 0 2060 1142 351 1649
4186 4 0 337 1110 1961 1962
4187 4 0 1093 2065 2061 32
4188 4 0 258 61 2294 474
4189 4 0 1105 1115 2061 1958
4190 4 0 1093 1958 2061 1115
4191 4 0 2280 1655 1961 456
4192 4 0 1115 2065 1139 1124
4193 4 0 1115 1958 1139 272
4194 4 0 531 532 119 1788
4195 4 0 842 74 1986 355
4196 4 0 32 1655 456 1136
4197 4 0 2457 2168 270 1587
4198 4 0 272 1106 1668 1130
4199 4 0 1134 1958 1099 1101
4200 4 0 1099 1668 338 1101
4201 4 0 1099 1956 1664 50
4202 4 0 1103 1130 2062 2063
4203 4 0 119 35 1573 532
4204 4 0 74 850 842 531
4205 4 0 1790 73 1581 1789
4206 4 0 1099 30 2061 1105
4207 4 0 1118 1119 367 1957
4208 4 0 1962 1654 456 1142
4209 4 0 1140 351 456 1840
4210 4 0 1142 351 456 1140
4211 4 0 1142 1840 456 351
4212 4 0 1654 1840 456 1142
4213 4 0 2498 1110 1961 337
4214 4 0 32 2065 2061 1105
4215 4 0 272 1958 1099 1106
4216 4 0 2221 1655 2280 30
4217 4 0 2065 1115 2061 1141
4218 4 0 1139 1958 1105 1124
4219 4 0 1139 1124 1105 1141
4220 4 0 1139 1115 1105 1958
4221 4 0 1141 1115 1105 1139
4222 4 0 1141 1655 1105 1136
4223 4 0 2061 2280 1093 30
4224 4 0 1105 1141 2061 1115
4225 4 0 30 1136 2221 1655
4226 4 0 1110 1109 2280 1654
4227 4 0 32 1141 1105 1136
4228 4 0 32 2065 1105 1141
4229 4 0 1654 1840 2280 456
4230 4 0 1141 1134 1956 1105
4231 4 0 1141 1124 1956 1134
4232 4 0 1105 1124 1956 1141
4233 4 0 456 1654 1961 2280
4234 4 0 1956 1958 1099 1134
4235 4 0 216 60 2294 475
4236 4 0 1131 1957 1123 336
4237 4 0 339 367 2062 1659
4238 4 0 1957 1119 367 1650
4239 4 0 2280 1110 1961 1655
4240 4 0 716 733 1518 214
4241 4 0 2280 1654 1961 1110
4242 4 0 32 1140 30 1093
4243 4 0 70 36 831 2116
4244 4 0 1654 2061 2280 1840
4245 4 0 1136 32 30 1105
4246 4 0 1136 1655 30 32
4247 4 0 30 1140 2280 1093
4248 4 0 30 32 2280 1140
4249 4 0 456 1140 2280 32
4250 4 0 30 1655 2280 32
4251 4 0 456 32 2280 1655
4252 4 0 1093 274 2280 1840
4253 4 0 1140 274 2280 1093
4254 4 0 1140 1840 2280 274
4255 4 0 1962 1654 1961 456
4256 4 0 1962 1110 1961 1654
4257 4 0 50 1106 1664 1099
4258 4 0 1651 2276 405 45
4259 4 0 1118 336 405 1957
4260 4 0 1957 1651 405 1118
4261 4 0 2223 1667 1658 1122
4262 4 0 474 473 2294 57
4263 4 0 216 61 2294 60
4264 4 0 1656 367 1123 1131
4265 4 0 837 31 33 328
4266 4 0 1109 1110 1107 1654
4267 4 0 1652 2498 1107 1121
4268 4 0 477 478 2294 60
4269 4 0 1135 1106 1664 50
4270 4 0 1650 1957 1123 367
4271 4 0 384 1002 385 1817
4272 4 0 1925 1533 1547 195
4273 4 0 931 981 1 980
4274 4 0 2191 412 1192 1193
4275 4 0 1604 2121 936 1602
4276 4 0 2381 1170 304 1171
4277 4 0 1103 2224 1659 50
4278 4 0 2036 2116 831 36
4279 4 0 1931 837 1560 33
4280 4 0 1659 367 2062 1119
4281 4 0 1123 367 339 2224
4282 4 0 1099 1101 338 1135
4283 4 0 50 1650 1659 1103
4284 4 0 1123 367 1659 336
4285 4 0 1119 1103 1659 1650
4286 4 0 2118 370 2486 1597
4287 4 0 2118 935 1602 919
4288 4 0 2015 213 11 676
4289 4 0 1131 1119 2062 367
4290 4 0 889 2116 2036 36
4291 4 0 835 2168 896 119
4292 4 0 2460 747 712 48
4293 4 0 1659 2224 339 367
4294 4 0 1668 1130 1842 272
4295 4 0 50 2224 339 1103
4296 4 0 835 2168 1587 896
4297 4 0 1103 1130 1842 2062
4298 4 0 339 50 2063 2224
4299 4 0 339 2224 2063 1135
4300 4 0 1135 1106 2063 1130
4301 4 0 50 1106 2063 1135
4302 4 0 50 1130 2063 1106
4303 4 0 50 1103 2063 1130
4304 4 0 1664 2224 2063 50
4305 4 0 1135 2224 2063 1664
4306 4 0 1664 50 2063 1135
4307 4 0 2063 50 2062 1103
4308 4 0 339 50 2062 2063
4309 4 0 339 1103 2062 50
4310 4 0 1659 1119 2062 1103
4311 4 0 35 119 835 328
4312 4 0 1842 1668 338 1106
4313 4 0 1842 1130 338 2063
4314 4 0 339 2224 2062 1103
4315 4 0 1659 2224 2062 339
4316 4 0 1659 1103 2062 2224
4317 4 0 1668 1106 1842 1130
4318 4 0 2176 1818 1031 1004
4319 4 0 1099 1135 338 1664
4320 4 0 1842 1106 338 1130
4321 4 0 1135 1130 338 1106
4322 4 0 1135 1106 338 1664
4323 4 0 1099 1106 338 1668
4324 4 0 1664 1106 338 1099
4325 4 0 119 328 896 835
4326 4 0 1141 1140 32 2065
4327 4 0 327 35 1795 31
4328 4 0 74 532 355 842
4329 4 0 270 2457 1591 2168
4330 4 0 850 326 270 1579
4331 4 0 859 1560 489 2264
4332 4 0 832 1565 486 2210
4333 4 0 31 35 835 328
4334 4 0 2457 1572 835 340
4335 4 0 837 2034 1790 1573
4336 4 0 333 2114 1405 2266
4337 4 0 73 489 1581 1789
4338 4 0 1019 1038 387 2309
4339 4 0 896 340 1587 835
4340 4 0 355 532 1573 35
4341 4 0 1573 2034 1986 864
4342 4 0 2264 488 887 1931
4343 4 0 864 327 1790 345
4344 4 0 889 2502 887 2264
4345 4 0 859 73 1789 489
4346 4 0 1579 850 842 270
4347 4 0 269 340 836 1587
4348 4 0 35 2457 835 119
4349 4 0 835 340 1587 2457
4350 4 0 835 2457 1587 2168
4351 4 0 1563 843 1587 2457
4352 4 0 119 2457 270 850
4353 4 0 1563 2457 1587 340
4354 4 0 1586 269 1587 340
4355 4 0 1587 1561 269 1586
4356 4 0 1572 269 836 843
4357 4 0 340 269 836 1572
4358 4 0 893 1566 836 843
4359 4 0 269 1566 836 893
4360 4 0 893 843 836 269
4361 4 0 531 119 74 850
4362 4 0 1563 1572 836 843
4363 4 0 340 1572 836 1563
4364 4 0 1783 1566 836 269
4365 4 0 486 2405 2302 2210
4366 4 0 848 326 850 356
4367 4 0 326 848 850 1788
4368 4 0 531 1788 850 848
4369 4 0 1780 489 1581 1560
4370 4 0 2457 531 850 119
4371 4 0 531 2457 850 1788
4372 4 0 2264 1931 887 1791
4373 4 0 531 532 74 119
4374 4 0 850 119 74 270
4375 4 0 31 327 837 1795
4376 4 0 1782 1584 244 2042
4377 4 0 74 532 842 1579
4378 4 0 1986 355 2303 842
4379 4 0 2034 1579 355 864
4380 4 0 345 532 864 35
4381 4 0 1587 2168 270 836
4382 4 0 836 843 270 1587
4383 4 0 270 1579 1591 74
4384 4 0 74 119 1591 270
4385 4 0 2302 832 833 333
4386 4 0 1594 923 2486 370
4387 4 0 2015 733 716 1901
4388 4 0 835 2168 1591 2457
4389 4 0 119 2168 1591 835
4390 4 0 835 2457 1591 119
4391 4 0 74 532 1591 119
4392 4 0 1579 532 1591 74
4393 4 0 896 2168 1591 119
4394 4 0 896 327 345 1591
4395 4 0 896 532 345 35
4396 4 0 896 35 345 327
4397 4 0 119 896 345 1591
4398 4 0 119 532 345 896
4399 4 0 1591 532 345 119
4400 4 0 1026 2313 392 577
4401 4 0 2040 2041 2170 321
4402 4 0 486 1565 72 2210
4403 4 0 1579 345 355 864
4404 4 0 859 2264 73 1560
4405 4 0 1598 1804 943 916
4406 4 0 2302 2210 833 832
4407 4 0 2116 1583 332 2352
4408 4 0 1579 850 355 842
4409 4 0 1583 2116 332 2264
4410 4 0 1986 842 2303 74
4411 4 0 1750 1751 2015 213
4412 4 0 327 328 837 896
4413 4 0 72 71 831 486
4414 4 0 2034 864 1790 73
4415 4 0 852 1795 33 837
4416 4 0 832 2116 831 889
4417 4 0 2302 486 2266 2405
4418 4 0 70 2352 2502 487
4419 4 0 2034 1583 73 859
4420 4 0 328 327 837 31
4421 4 0 332 2352 325 70
4422 4 0 505 1959 1437 1096
4423 4 0 2197 1113 1665 1845
4424 4 0 2040 886 244 321
4425 4 0 2264 2502 887 488
4426 4 0 2502 2352 859 1583
4427 4 0 1405 333 833 832
4428 4 0 486 2210 2302 832
4429 4 0 486 1565 831 72
4430 4 0 852 1795 1573 35
4431 4 0 355 35 1573 864
4432 4 0 1581 1560 1571 1780
4433 4 0 1780 852 1571 33
4434 4 0 859 1583 73 2264
4435 4 0 864 35 1573 327
4436 4 0 1795 327 1573 35
4437 4 0 1570 2405 833 2266
4438 4 0 2040 324 2170 2453
4439 4 0 72 36 831 70
4440 4 0 859 2034 2303 73
4441 4 0 923 1597 2486 370
4442 4 0 716 2015 1518 733
4443 4 0 488 2264 489 1560
4444 4 0 2036 889 1792 831
4445 4 0 1931 1791 866 887
4446 4 0 837 1560 33 1581
4447 4 0 1780 852 33 1581
4448 4 0 1789 1780 1581 1790
4449 4 0 486 71 831 1565
4450 4 0 2212 324 2040 2453
4451 4 0 1986 2034 2303 355
4452 4 0 1780 1789 1581 489
4453 4 0 831 1565 1792 2036
4454 4 0 1571 1791 866 1931
4455 4 0 1573 864 1986 355
4456 4 0 1573 355 1986 532
4457 4 0 837 864 1790 2034
4458 4 0 889 487 887 2502
4459 4 0 2303 2034 1790 73
4460 4 0 859 355 2303 2034
4461 4 0 74 532 1986 355
4462 4 0 2036 36 831 72
4463 4 0 33 1931 1571 1560
4464 4 0 2453 324 335 2212
4465 4 0 2302 333 833 1405
4466 4 0 1944 971 1811 19
4467 4 0 716 214 1518 213
4468 4 0 1854 2431 1163 1154
4469 4 0 837 327 1790 864
4470 4 0 837 327 1581 1790
4471 4 0 834 324 886 335
4472 4 0 325 71 831 70
4473 4 0 2266 2302 833 1405
4474 4 0 852 1795 837 1573
4475 4 0 1573 1795 837 327
4476 4 0 1573 327 837 864
4477 4 0 1573 864 837 2034
4478 4 0 73 2264 1581 1560
4479 4 0 1789 1780 1790 2303
4480 4 0 2303 73 1790 1789
4481 4 0 837 1573 1790 852
4482 4 0 1986 2034 1790 2303
4483 4 0 1986 1573 1790 2034
4484 4 0 1780 852 1790 1573
4485 4 0 1780 1986 1790 2303
4486 4 0 1780 1573 1790 1986
4487 4 0 1571 1931 866 488
4488 4 0 1791 36 866 887
4489 4 0 1570 1782 2356 2266
4490 4 0 1560 2264 889 1931
4491 4 0 486 70 72 71
4492 4 0 2098 1481 2250 157
4493 4 0 1066 1628 1078 2057
4494 4 0 2453 324 834 335
4495 4 0 1570 1782 833 2210
4496 4 0 832 71 831 325
4497 4 0 624 2200 162 2345
4498 4 0 36 487 889 2116
4499 4 0 1405 1782 833 1570
4500 4 0 324 886 1562 2040
4501 4 0 1584 1575 2042 1781
4502 4 0 70 332 831 325
4503 4 0 72 1565 2036 2210
4504 4 0 332 70 831 2116
4505 4 0 1781 1575 322 244
4506 4 0 507 90 1116 505
4507 4 0 1780 852 866 1571
4508 4 0 887 488 866 1931
4509 4 0 1560 489 1571 1780
4510 4 0 1791 1931 1792 2264
4511 4 0 72 1565 831 2036
4512 4 0 488 2502 887 487
4513 4 0 1791 36 887 487
4514 4 0 2502 2352 889 487
4515 4 0 2116 2352 889 1583
4516 4 0 1583 2264 889 2116
4517 4 0 70 2352 889 2116
4518 4 0 487 2352 889 70
4519 4 0 70 2116 889 487
4520 4 0 1583 2352 889 2502
4521 4 0 2502 2264 889 1583
4522 4 0 72 2210 2036 2405
4523 4 0 72 2405 2036 36
4524 4 0 33 1560 1571 1581
4525 4 0 1575 1584 1562 1781
4526 4 0 1931 488 1571 1560
4527 4 0 71 70 2302 486
4528 4 0 2266 1405 833 1570
4529 4 0 1571 488 866 1780
4530 4 0 1581 1780 1571 33
4531 4 0 1575 2356 2042 1781
4532 4 0 1584 1575 1562 244
4533 4 0 1095 1128 1874 1660
4534 4 0 886 834 2040 324
4535 4 0 2066 1665 2197 1113
4536 4 0 2210 1782 2042 1570
4537 4 0 1560 488 1571 489
4538 4 0 1791 487 1792 36
4539 4 0 889 36 1792 487
4540 4 0 887 1791 1792 2264
4541 4 0 887 2264 1792 889
4542 4 0 887 889 1792 487
4543 4 0 887 487 1792 1791
4544 4 0 1571 1931 1792 1791
4545 4 0 2188 2187 54 2186
4546 4 0 334 1781 322 244
4547 4 0 885 2266 1781 2356
4548 4 0 1031 1820 1831 1037
4549 4 0 379 1799 1598 1942
4550 4 0 386 1830 2331 1036
4551 4 0 1806 979 1606 1593
4552 4 0 2041 321 322 2170
4553 4 0 337 2079 1107 1109
4554 4 0 1113 1096 2066 1667
4555 4 0 325 832 333 332
4556 4 0 1660 1095 1437 1874
4557 4 0 325 332 333 2114
4558 4 0 834 886 2040 321
4559 4 0 244 2041 322 334
4560 4 0 2266 2405 2356 1570
4561 4 0 1782 1405 1584 2114
4562 4 0 2114 334 1562 1584
4563 4 0 333 332 1405 2114
4564 4 0 834 335 2170 2453
4565 4 0 333 832 1405 332
4566 4 0 2453 2041 2170 2040
4567 4 0 60 61 2294 2100
4568 4 0 1584 885 2042 1782
4569 4 0 832 2116 1405 332
4570 4 0 2356 1575 322 1781
4571 4 0 2219 384 1078 2175
4572 4 0 1670 1857 1848 1157
4573 4 0 885 334 333 2114
4574 4 0 832 71 2302 486
4575 4 0 886 1584 1562 244
4576 4 0 334 2041 322 1781
4577 4 0 337 1109 1107 2498
4578 4 0 885 2266 2356 1782
4579 4 0 1781 1584 1562 334
4580 4 0 1750 1901 2015 1751
4581 4 0 1405 2114 1562 1584
4582 4 0 324 2040 1562 334
4583 4 0 2302 832 333 71
4584 4 0 325 71 333 832
4585 4 0 1405 1782 1584 833
4586 4 0 1584 1575 244 2042
4587 4 0 1781 885 2042 1584
4588 4 0 1439 1096 1874 2066
4589 4 0 664 2345 162 2200
4590 4 0 2370 474 2294 2100
4591 4 0 1059 1021 2329 2087
4592 4 0 1652 2079 1107 2498
4593 4 0 333 2114 2266 885
4594 4 0 333 885 2266 2302
4595 4 0 1111 1121 2380 1661
4596 4 0 244 2040 1562 886
4597 4 0 244 1781 1562 334
4598 4 0 1095 1128 2066 1874
4599 4 0 2356 1782 2042 885
4600 4 0 1781 2356 2042 885
4601 4 0 2266 1405 1570 1782
4602 4 0 2302 2405 833 2210
4603 4 0 2266 2405 833 2302
4604 4 0 2090 2345 1898 2248
4605 4 0 2114 2266 1782 1405
4606 4 0 2114 885 1782 2266
4607 4 0 1570 2210 833 2405
4608 4 0 1575 321 322 244
4609 4 0 2223 1667 2066 1874
4610 4 0 2042 1575 244 321
4611 4 0 2064 273 1838 1102
4612 4 0 334 2041 1781 2040
4613 4 0 886 834 244 321
4614 4 0 1109 1654 1107 2498
4615 4 0 1782 2114 1584 885
4616 4 0 334 885 1584 2114
4617 4 0 244 321 322 2041
4618 4 0 2040 885 1781 334
4619 4 0 1575 1781 1562 244
4620 4 0 1570 1782 2042 2356
4621 4 0 1570 2356 2042 1575
4622 4 0 1584 334 1781 885
4623 4 0 369 916 1944 971
4624 4 0 1018 2176 1004 1818
4625 4 0 1086 2182 134 1013
4626 4 0 194 2272 2333 1006
4627 4 0 1038 1953 347 1088
4628 4 0 664 1734 162 638
4629 4 0 1013 2182 134 2310
4630 4 0 1625 555 1057 554
4631 4 0 2040 321 244 2041
4632 4 0 2498 337 1121 1652
4633 4 0 244 334 1562 2041
4634 4 0 2040 2041 1562 334
4635 4 0 244 2041 1562 2040
4636 4 0 1244 1987 2140 1431
4637 4 0 1102 457 37 1841
4638 4 0 1232 1447 1211 2039
4639 4 0 1121 2225 2220 1111
4640 4 0 1652 457 1121 1841
4641 4 0 2277 1653 2422 1125
4642 4 0 2380 1661 1838 1111
4643 4 0 121 1031 1069 1831
4644 4 0 2056 1628 1004 2055
4645 4 0 2379 1004 1628 2055
4646 4 0 2186 1098 1875 1197
4647 4 0 1669 2186 1875 2237
4648 4 0 1844 1094 91 2442
4649 4 0 2442 1094 1137 1844
4650 4 0 388 1645 1859 2074
4651 4 0 1096 1959 2222 505
4652 4 0 506 1096 1437 504
4653 4 0 1970 2431 2315 1676
4654 4 0 1451 525 116 526
4655 4 0 1849 1857 1166 411
4656 4 0 54 1839 1137 2186
4657 4 0 1875 510 1719 1441
4658 4 0 526 2233 527 420
4659 4 0 1047 2132 1084 2439
4660 4 0 1875 1718 1719 2279
4661 4 0 1875 2279 1719 2237
4662 4 0 1875 2237 1719 510
4663 4 0 1169 1678 109 1173
4664 4 0 1856 1171 1191 1847
4665 4 0 1848 411 93 1166
4666 4 0 935 930 919 1942
4667 4 0 2186 1098 1129 1137
4668 4 0 1662 2278 1091 1114
4669 4 0 1875 509 95 94
4670 4 0 1440 1875 2278 95
4671 4 0 1843 1098 1129 508
4672 4 0 411 1157 1848 1857
4673 4 0 137 1457 2449 2241
4674 4 0 1875 510 2411 2237
4675 4 0 1875 2237 2411 1669
4676 4 0 1875 1098 2411 510
4677 4 0 509 1117 2278 95
4678 4 0 1441 1875 1092 1440
4679 4 0 1470 607 643 1487
4680 4 0 1132 2188 1137 1669
4681 4 0 1137 1098 1129 2411
4682 4 0 2442 1132 2188 1137
4683 4 0 1040 1055 2215 2185
4684 4 0 115 2465 420 117
4685 4 0 1113 1667 2197 1096
4686 4 0 1439 1843 1844 508
4687 4 0 2186 2187 54 1839
4688 4 0 1799 935 919 1942
4689 4 0 582 2451 2216 1071
4690 4 0 439 2223 2066 1094
4691 4 0 1095 1094 2066 1128
4692 4 0 1137 1843 1129 2442
4693 4 0 2442 407 1129 1839
4694 4 0 1693 1971 1168 1673
4695 4 0 919 2121 1602 2118
4696 4 0 2188 2186 1137 1669
4697 4 0 473 2293 695 1761
4698 4 0 1126 1096 2197 90
4699 4 0 1439 2083 2463 1438
4700 4 0 1137 1839 1129 2186
4701 4 0 1844 1843 2442 508
4702 4 0 1440 508 1092 2083
4703 4 0 1440 1875 1092 510
4704 4 0 471 754 472 53
4705 4 0 1126 2197 2392 507
4706 4 0 1114 1875 2278 510
4707 4 0 471 57 2294 473
4708 4 0 2411 1843 1129 1137
4709 4 0 1129 91 1128 1098
4710 4 0 2486 923 962 2121
4711 4 0 1653 1657 2422 1125
4712 4 0 508 1843 1114 1092
4713 4 0 508 1098 1114 1843
4714 4 0 1092 510 1114 1440
4715 4 0 510 1098 1114 1875
4716 4 0 1843 510 1114 1092
4717 4 0 2411 1098 1114 510
4718 4 0 1843 1098 1114 2411
4719 4 0 2411 510 1114 1843
4720 4 0 472 52 2294 471
4721 4 0 2442 54 1138 1839
4722 4 0 1129 1098 1128 1114
4723 4 0 2380 1111 1838 1121
4724 4 0 90 1096 1116 505
4725 4 0 876 1116 1112 2392
4726 4 0 749 471 472 474
4727 4 0 2353 2327 880 1793
4728 4 0 407 91 1129 2223
4729 4 0 2442 2223 1138 1094
4730 4 0 1121 1125 2220 2225
4731 4 0 2391 1122 17 1138
4732 4 0 91 1658 2223 1667
4733 4 0 1128 1439 1095 1844
4734 4 0 2223 2442 91 1094
4735 4 0 2277 1665 2220 1845
4736 4 0 1652 1841 1666 273
4737 4 0 411 1189 1249 422
4738 4 0 1128 1662 1660 1095
4739 4 0 1128 1959 1660 1662
4740 4 0 1121 1661 1666 1841
4741 4 0 1129 508 1128 1844
4742 4 0 1129 1844 1128 91
4743 4 0 89 1071 1635 401
4744 4 0 508 1439 1128 1844
4745 4 0 1662 1439 1128 508
4746 4 0 2490 125 540 1454
4747 4 0 1214 1226 1219 264
4748 4 0 2463 1439 1091 2083
4749 4 0 1844 1094 1128 91
4750 4 0 1095 1662 1660 2463
4751 4 0 2038 361 2389 873
4752 4 0 1662 1439 1091 2463
4753 4 0 2463 2083 1091 1440
4754 4 0 1128 1667 1660 1959
4755 4 0 1112 502 2145 876
4756 4 0 2391 439 17 1122
4757 4 0 503 2265 1143 2145
4758 4 0 847 879 2211 1758
4759 4 0 1211 1447 1210 2073
4760 4 0 1114 1440 1091 508
4761 4 0 2083 508 1091 1440
4762 4 0 1662 1114 1091 1128
4763 4 0 1128 508 1091 1662
4764 4 0 1129 508 1091 1128
4765 4 0 1129 1114 1091 508
4766 4 0 1128 1114 1091 1129
4767 4 0 2223 1667 1874 91
4768 4 0 1128 1667 1874 1660
4769 4 0 1128 91 1874 1667
4770 4 0 2392 1116 1112 507
4771 4 0 505 1096 1437 506
4772 4 0 1433 1321 1431 2363
4773 4 0 151 1888 129 1043
4774 4 0 55 1661 2422 1111
4775 4 0 1665 1113 2220 1845
4776 4 0 1111 2225 2220 55
4777 4 0 1874 1667 2066 1096
4778 4 0 2055 2219 1078 1628
4779 4 0 2197 1116 2222 1658
4780 4 0 1113 1096 2197 2066
4781 4 0 999 149 2377 1068
4782 4 0 91 2223 2066 1874
4783 4 0 91 1094 2066 2223
4784 4 0 1128 91 2066 1874
4785 4 0 1128 1094 2066 91
4786 4 0 1122 2223 2066 439
4787 4 0 1122 1667 2066 2223
4788 4 0 1122 439 2066 1113
4789 4 0 1113 1667 2066 1122
4790 4 0 503 2225 1143 1125
4791 4 0 1653 1665 1104 2489
4792 4 0 1665 1653 1104 2277
4793 4 0 2489 1665 1104 1658
4794 4 0 2392 1126 1112 2489
4795 4 0 507 1126 1112 2392
4796 4 0 876 2489 1112 502
4797 4 0 876 502 2145 1960
4798 4 0 1057 555 2329 2087
4799 4 0 1796 542 1569 901
4800 4 0 90 1096 505 506
4801 4 0 90 506 505 507
4802 4 0 1874 1096 1437 1959
4803 4 0 504 1096 1437 1874
4804 4 0 1832 1056 2184 1011
4805 4 0 350 1793 880 873
4806 4 0 1437 506 88 505
4807 4 0 1112 507 2145 502
4808 4 0 401 2439 1635 1060
4809 4 0 1658 1116 2222 2392
4810 4 0 1267 1266 905 1253
4811 4 0 1658 1667 2222 2197
4812 4 0 1874 504 88 1437
4813 4 0 2197 90 1116 507
4814 4 0 1116 1096 2222 505
4815 4 0 1436 127 545 546
4816 4 0 89 997 1635 1040
4817 4 0 1660 505 1959 1437
4818 4 0 2197 1096 1116 90
4819 4 0 1196 350 880 1582
4820 4 0 1116 2197 2392 1658
4821 4 0 1102 457 1838 2064
4822 4 0 507 502 1112 1126
4823 4 0 2353 2327 2038 847
4824 4 0 1960 1657 360 876
4825 4 0 873 1793 880 2327
4826 4 0 1122 1667 1658 1113
4827 4 0 543 132 1063 1641
4828 4 0 1126 1665 2489 1658
4829 4 0 910 1630 2128 2274
4830 4 0 2415 549 1994 130
4831 4 0 1113 1667 1658 2197
4832 4 0 2197 1845 1658 1113
4833 4 0 1658 1667 2489 2392
4834 4 0 1657 1665 2489 502
4835 4 0 505 507 1112 1116
4836 4 0 1121 457 2380 1841
4837 4 0 1111 1652 1666 1107
4838 4 0 1665 2197 1658 1126
4839 4 0 1665 1845 1658 2197
4840 4 0 1841 1652 1666 1121
4841 4 0 2310 1019 2309 1626
4842 4 0 1960 1665 1657 502
4843 4 0 2277 1125 2220 1665
4844 4 0 1960 2225 503 1125
4845 4 0 620 657 1889 156
4846 4 0 1641 2216 1063 2451
4847 4 0 876 2265 360 503
4848 4 0 2489 2392 360 876
4849 4 0 2312 1630 2274 122
4850 4 0 1626 1038 1013 2127
4851 4 0 55 1661 1838 2380
4852 4 0 1960 876 360 503
4853 4 0 1143 503 360 2265
4854 4 0 1125 503 360 1143
4855 4 0 1111 1661 1666 1121
4856 4 0 1652 273 1666 58
4857 4 0 55 2225 1838 1111
4858 4 0 503 1125 360 1960
4859 4 0 1630 1065 2274 910
4860 4 0 1793 361 2038 873
4861 4 0 873 2327 2038 1793
4862 4 0 891 361 2038 2353
4863 4 0 1793 2327 2038 2353
4864 4 0 2353 361 2038 1793
4865 4 0 1585 873 880 1580
4866 4 0 350 873 880 1585
4867 4 0 1930 1585 880 1580
4868 4 0 754 471 472 56
4869 4 0 1582 350 2117 354
4870 4 0 880 873 2117 1580
4871 4 0 1582 873 2117 880
4872 4 0 880 350 2117 1582
4873 4 0 880 1930 2117 1585
4874 4 0 350 1585 2117 1930
4875 4 0 880 1585 2117 350
4876 4 0 56 471 472 760
4877 4 0 749 760 472 471
4878 4 0 56 760 472 749
4879 4 0 2380 1841 1666 1661
4880 4 0 1658 1845 2391 1113
4881 4 0 523 110 1683 1680
4882 4 0 56 2104 762 475
4883 4 0 2380 58 1666 273
4884 4 0 1143 2133 2064 2225
4885 4 0 360 1102 2064 2265
4886 4 0 2133 2265 2064 1102
4887 4 0 2133 37 2064 2225
4888 4 0 1102 37 2064 2133
4889 4 0 1107 58 1666 1109
4890 4 0 2277 1111 2220 2422
4891 4 0 1102 457 2064 37
4892 4 0 1143 2265 2064 2133
4893 4 0 360 2265 2064 1143
4894 4 0 1960 1665 1653 1657
4895 4 0 1653 55 1104 2422
4896 4 0 876 1657 360 2489
4897 4 0 356 828 1563 893
4898 4 0 971 954 1811 19
4899 4 0 1138 1094 1120 2442
4900 4 0 2064 2225 55 1143
4901 4 0 1143 360 55 2064
4902 4 0 1143 1125 55 360
4903 4 0 56 2479 754 1515
4904 4 0 2225 1121 1838 1111
4905 4 0 2380 1121 1838 457
4906 4 0 1841 273 1838 2380
4907 4 0 2380 457 1838 1841
4908 4 0 1102 273 1838 1841
4909 4 0 1841 457 1838 1102
4910 4 0 1121 2225 1838 457
4911 4 0 37 2225 1838 2064
4912 4 0 37 457 1838 2225
4913 4 0 2064 457 1838 37
4914 4 0 1960 1125 1653 1665
4915 4 0 1657 1125 1653 1960
4916 4 0 2223 1122 1120 439
4917 4 0 1657 1665 1653 2489
4918 4 0 2489 1658 1653 1657
4919 4 0 945 1599 925 929
4920 4 0 439 1122 2391 1113
4921 4 0 2223 1094 1120 1138
4922 4 0 1653 1125 2277 1665
4923 4 0 17 439 1120 1122
4924 4 0 1111 55 2220 2422
4925 4 0 1143 1125 2220 55
4926 4 0 1143 2225 2220 1125
4927 4 0 55 2225 2220 1143
4928 4 0 2422 1657 2220 1125
4929 4 0 55 1657 2220 2422
4930 4 0 55 1125 2220 1657
4931 4 0 1665 1845 1104 1658
4932 4 0 2277 1845 1104 1665
4933 4 0 1653 1122 1658 2391
4934 4 0 694 754 2479 53
4935 4 0 439 1094 1120 2223
4936 4 0 1138 2442 1120 54
4937 4 0 681 2156 679 1902
4938 4 0 258 2370 2294 61
4939 4 0 474 2370 2294 258
4940 4 0 749 216 2294 56
4941 4 0 749 61 2294 216
4942 4 0 472 749 2294 56
4943 4 0 1651 2276 404 405
4944 4 0 919 930 1602 1604
4945 4 0 1903 2015 11 676
4946 4 0 2276 1651 404 45
4947 4 0 2276 336 404 405
4948 4 0 1597 1594 370 923
4949 4 0 1604 930 962 919
4950 4 0 2015 1901 716 213
4951 4 0 1179 1673 1164 414
4952 4 0 935 1799 374 1942
4953 4 0 374 379 1613 936
4954 4 0 919 935 1602 930
4955 4 0 1857 1686 415 2069
4956 4 0 418 410 1190 2340
4957 4 0 919 930 962 1942
4958 4 0 7 428 917 958
4959 4 0 2118 1597 2486 2121
4960 4 0 923 2121 2486 1597
4961 4 0 2486 2118 962 919
4962 4 0 2486 2121 962 2118
4963 4 0 919 2118 962 2121
4964 4 0 919 2121 962 1604
4965 4 0 926 980 2461 927
4966 4 0 1942 930 1804 379
4967 4 0 378 2381 1191 1171
4968 4 0 1799 379 1804 374
4969 4 0 379 1942 1598 1804
4970 4 0 97 104 2192 2190
4971 4 0 763 163 281 2262
4972 4 0 1804 1799 1598 379
4973 4 0 1942 930 936 1602
4974 4 0 2261 163 281 167
4975 4 0 379 1942 936 374
4976 4 0 935 1602 936 374
4977 4 0 935 1942 936 1602
4978 4 0 374 1942 936 935
4979 4 0 2428 2291 2368 649
4980 4 0 1499 2417 647 2092
4981 4 0 936 1602 1613 374
4982 4 0 1804 379 1613 374
4983 4 0 1621 2493 1185 1854
4984 4 0 973 936 954 379
4985 4 0 376 1598 2500 1799
4986 4 0 947 933 1809 961
4987 4 0 1 980 972 931
4988 4 0 376 978 2500 1613
4989 4 0 374 1804 1598 1613
4990 4 0 374 1799 1598 1804
4991 4 0 1613 1799 1598 374
4992 4 0 936 1942 973 930
4993 4 0 379 1942 973 936
4994 4 0 379 930 973 1942
4995 4 0 1616 2173 2122 2172
4996 4 0 434 432 1409 433
4997 4 0 796 2207 1765 1773
4998 4 0 990 2119 980 927
4999 4 0 986 2046 950 1808
5000 4 0 2397 2173 2049 2051
5001 4 0 1613 379 954 936
5002 4 0 1804 379 954 1613
5003 4 0 1804 916 954 379
5004 4 0 801 292 779 2473
5005 4 0 1804 1613 954 1598
5006 4 0 1598 916 954 1804
5007 4 0 929 914 972 1599
5008 4 0 1949 2308 1945 950
5009 4 0 954 1613 971 978
5010 4 0 943 978 971 1607
5011 4 0 26 414 1965 1145
5012 4 0 1619 929 925 1806
5013 4 0 1616 2119 932 981
5014 4 0 1616 927 424 2119
5015 4 0 971 1607 1944 369
5016 4 0 167 163 790 2261
5017 4 0 2053 988 961 756
5018 4 0 2122 2172 946 424
5019 4 0 302 990 1615 926
5020 4 0 2051 1596 426 2267
5021 4 0 369 1607 912 943
5022 4 0 980 990 2172 1616
5023 4 0 1609 914 2461 1619
5024 4 0 1737 623 653 1890
5025 4 0 175 163 770 167
5026 4 0 1614 944 957 425
5027 4 0 2122 2172 932 1616
5028 4 0 1599 914 931 981
5029 4 0 769 1552 801 814
5030 4 0 1944 945 931 1599
5031 4 0 912 1944 931 1599
5032 4 0 155 615 635 1494
5033 4 0 1806 914 1609 929
5034 4 0 931 1599 972 914
5035 4 0 980 931 1616 972
5036 4 0 1613 978 2500 374
5037 4 0 24 794 1981 448
5038 4 0 2208 299 764 671
5039 4 0 1801 1595 1800 1603
5040 4 0 2173 2172 2049 3
5041 4 0 1949 1808 950 951
5042 4 0 1810 2444 8 298
5043 4 0 2173 1596 2051 2122
5044 4 0 2397 2051 2049 987
5045 4 0 1532 4 425 1614
5046 4 0 2397 2051 2267 1532
5047 4 0 951 2046 950 229
5048 4 0 987 1608 2049 3
5049 4 0 972 914 1615 1
5050 4 0 957 1805 2271 1945
5051 4 0 950 951 1945 1949
5052 4 0 1596 1870 932 2122
5053 4 0 1539 1765 446 447
5054 4 0 2107 445 22 1552
5055 4 0 2122 1870 932 424
5056 4 0 2122 1616 932 981
5057 4 0 424 2119 932 1616
5058 4 0 1945 1614 1532 944
5059 4 0 424 1870 946 2122
5060 4 0 2208 292 764 299
5061 4 0 1532 959 265 944
5062 4 0 2122 2173 3 2172
5063 4 0 1945 7 957 917
5064 4 0 302 1800 2120 926
5065 4 0 922 1941 1801 952
5066 4 0 425 7 957 1614
5067 4 0 3 2122 1595 2047
5068 4 0 1801 1608 1595 3
5069 4 0 2093 181 614 629
5070 4 0 448 1777 1981 2112
5071 4 0 794 1926 1981 2112
5072 4 0 1532 944 265 2397
5073 4 0 2308 1949 2053 951
5074 4 0 1941 1554 952 1545
5075 4 0 2049 1596 426 2051
5076 4 0 2397 2051 1532 944
5077 4 0 944 2308 1532 1945
5078 4 0 2308 1945 917 915
5079 4 0 2051 2173 2049 1596
5080 4 0 920 1596 2049 2173
5081 4 0 1415 1417 446 447
5082 4 0 1554 959 1545 928
5083 4 0 69 608 485 1891
5084 4 0 2471 320 2444 2268
5085 4 0 950 1618 1945 986
5086 4 0 950 1805 1945 1618
5087 4 0 2124 2046 307 951
5088 4 0 1180 313 1185 2493
5089 4 0 1809 961 2124 956
5090 4 0 1945 944 959 986
5091 4 0 2134 313 1683 2493
5092 4 0 2053 2013 961 229
5093 4 0 2307 1608 922 2049
5094 4 0 1810 933 2124 1809
5095 4 0 958 915 917 7
5096 4 0 1941 2307 952 922
5097 4 0 1773 796 1415 1765
5098 4 0 1945 2308 917 950
5099 4 0 947 961 1809 956
5100 4 0 959 1945 265 944
5101 4 0 1545 987 1941 2397
5102 4 0 1532 1614 2267 4
5103 4 0 2471 317 2444 320
5104 4 0 1945 1614 957 7
5105 4 0 933 1943 307 2124
5106 4 0 426 4 1979 2267
5107 4 0 7 915 427 428
5108 4 0 917 958 957 1805
5109 4 0 987 1608 426 2051
5110 4 0 2053 756 961 2013
5111 4 0 431 1980 8 1810
5112 4 0 433 1592 1409 434
5113 4 0 2049 920 426 1596
5114 4 0 2051 1608 426 2049
5115 4 0 1810 1980 1812 2268
5116 4 0 958 428 917 2
5117 4 0 1808 1805 312 958
5118 4 0 944 959 425 1532
5119 4 0 1532 1614 425 944
5120 4 0 2013 2171 961 229
5121 4 0 988 1980 1810 320
5122 4 0 376 1607 377 978
5123 4 0 6 2308 958 915
5124 4 0 1979 2267 265 2397
5125 4 0 1532 2397 265 2267
5126 4 0 1979 1532 265 4
5127 4 0 2267 4 265 1532
5128 4 0 1979 4 265 2267
5129 4 0 1809 1943 2124 961
5130 4 0 992 1612 1812 8
5131 4 0 961 429 947 988
5132 4 0 988 429 947 1980
5133 4 0 951 2013 2053 229
5134 4 0 988 1980 961 429
5135 4 0 951 229 2053 2046
5136 4 0 1810 298 8 13
5137 4 0 1945 1618 2271 986
5138 4 0 2270 432 955 10
5139 4 0 2 915 958 428
5140 4 0 6 988 961 2053
5141 4 0 2053 956 961 6
5142 4 0 2270 1612 955 432
5143 4 0 265 1532 928 959
5144 4 0 428 915 958 7
5145 4 0 280 1700 105 1853
5146 4 0 2171 2046 1943 229
5147 4 0 961 2171 1943 229
5148 4 0 961 229 1943 2053
5149 4 0 961 2013 933 2171
5150 4 0 756 2013 933 961
5151 4 0 320 1948 933 756
5152 4 0 320 2171 933 1948
5153 4 0 1948 2013 933 756
5154 4 0 1948 2171 933 2013
5155 4 0 928 7 957 425
5156 4 0 1810 1980 947 431
5157 4 0 992 1612 8 298
5158 4 0 955 13 8 1612
5159 4 0 110 1680 1176 2320
5160 4 0 933 756 947 1810
5161 4 0 1809 956 2124 2
5162 4 0 933 1943 1809 961
5163 4 0 1810 756 947 988
5164 4 0 431 429 947 430
5165 4 0 320 756 1810 988
5166 4 0 933 756 1810 320
5167 4 0 933 1943 2124 1809
5168 4 0 2091 2477 1458 2480
5169 4 0 6 915 958 2
5170 4 0 415 1966 1163 1684
5171 4 0 1592 10 955 432
5172 4 0 2461 927 2120 926
5173 4 0 1809 956 2 947
5174 4 0 929 19 925 1811
5175 4 0 979 945 925 1811
5176 4 0 1615 1619 925 979
5177 4 0 1187 2493 1186 113
5178 4 0 1810 2268 1812 2444
5179 4 0 956 427 2 428
5180 4 0 6 427 2 956
5181 4 0 915 427 2 6
5182 4 0 915 428 2 427
5183 4 0 1945 1805 2271 1618
5184 4 0 1621 2493 1186 1187
5185 4 0 13 1612 955 317
5186 4 0 2270 10 955 317
5187 4 0 955 432 1409 1592
5188 4 0 1159 1970 1186 1850
5189 4 0 6 1949 958 2308
5190 4 0 2308 1949 958 950
5191 4 0 312 952 1618 1554
5192 4 0 950 1808 958 1805
5193 4 0 1949 1808 958 950
5194 4 0 307 1618 2271 1805
5195 4 0 6 951 958 1949
5196 4 0 2053 951 2124 6
5197 4 0 2053 2046 2124 951
5198 4 0 6 956 2124 2053
5199 4 0 2053 961 2124 1943
5200 4 0 2053 956 2124 961
5201 4 0 1943 2046 2124 229
5202 4 0 2053 229 2124 2046
5203 4 0 1943 229 2124 2053
5204 4 0 1810 2444 1812 8
5205 4 0 1408 8 430 1980
5206 4 0 8 2444 1812 2268
5207 4 0 8 430 1980 431
5208 4 0 955 1612 1812 432
5209 4 0 2444 2471 8 315
5210 4 0 1728 1460 1884 1461
5211 4 0 152 1054 1888 1014
5212 4 0 2320 110 1683 523
5213 4 0 1621 1187 1186 1180
5214 4 0 1166 411 93 2340
5215 4 0 115 418 1190 2233
5216 4 0 1670 409 93 2067
5217 4 0 411 1857 1848 1670
5218 4 0 1167 1672 2228 1691
5219 4 0 1158 2135 526 1452
5220 4 0 1678 1846 1192 1146
5221 4 0 2048 1240 372 2213
5222 4 0 1848 1670 93 411
5223 4 0 373 1857 1166 1849
5224 4 0 1854 2431 1186 1970
5225 4 0 1680 111 1683 523
5226 4 0 2451 128 1641 2216
5227 4 0 1857 2069 415 411
5228 4 0 2067 2233 1158 93
5229 4 0 2068 2069 1857 373
5230 4 0 1157 1857 1166 373
5231 4 0 2465 117 116 420
5232 4 0 1848 409 93 1670
5233 4 0 2067 2340 93 411
5234 4 0 1857 411 1849 2069
5235 4 0 1154 1686 2393 2431
5236 4 0 1849 2340 2393 411
5237 4 0 415 2069 2393 411
5238 4 0 2069 1154 1686 2393
5239 4 0 1849 410 2315 2393
5240 4 0 1848 1157 1166 1670
5241 4 0 1190 1848 93 1166
5242 4 0 411 2340 2393 415
5243 4 0 401 997 1635 89
5244 4 0 1166 2340 410 411
5245 4 0 1849 411 410 2340
5246 4 0 1166 411 410 1849
5247 4 0 2465 1878 115 1850
5248 4 0 1623 1818 1031 1018
5249 4 0 1878 1850 2465 1879
5250 4 0 2196 592 1447 1351
5251 4 0 1451 117 116 2465
5252 4 0 411 1670 93 2067
5253 4 0 1166 2340 93 1190
5254 4 0 1970 410 418 2315
5255 4 0 115 2233 420 2465
5256 4 0 2074 388 530 1859
5257 4 0 624 2345 162 2248
5258 4 0 2056 1628 2055 1066
5259 4 0 1064 2215 2217 1989
5260 4 0 2233 2340 93 2067
5261 4 0 108 1691 1176 1448
5262 4 0 2315 410 418 2340
5263 4 0 111 1878 1855 1177
5264 4 0 2315 2340 418 1676
5265 4 0 2233 1676 418 2340
5266 4 0 638 637 2095 593
5267 4 0 148 572 1001 571
5268 4 0 1166 2340 1190 410
5269 4 0 418 2340 1190 2233
5270 4 0 2233 1190 93 2340
5271 4 0 93 117 2233 2135
5272 4 0 1683 1878 523 113
5273 4 0 1431 1321 76 77
5274 4 0 420 1177 1679 2465
5275 4 0 117 2135 526 2233
5276 4 0 418 2233 1159 1676
5277 4 0 1681 1672 1180 1167
5278 4 0 1970 1676 1159 2431
5279 4 0 1544 176 1771 2373
5280 4 0 494 490 492 1717
5281 4 0 2315 1970 1159 418
5282 4 0 2315 1676 1159 1970
5283 4 0 418 1676 1159 2315
5284 4 0 115 1177 1159 2233
5285 4 0 115 2233 1159 418
5286 4 0 115 418 1159 1970
5287 4 0 115 1970 1159 1850
5288 4 0 2465 1177 1159 115
5289 4 0 2465 1850 1159 1177
5290 4 0 115 1850 1159 2465
5291 4 0 1167 2316 2228 1672
5292 4 0 1159 1676 1854 2431
5293 4 0 1684 1966 1163 1854
5294 4 0 523 110 1680 111
5295 4 0 1159 1850 111 1177
5296 4 0 1878 1177 111 1850
5297 4 0 1855 111 1680 110
5298 4 0 1601 1979 928 265
5299 4 0 111 1855 523 110
5300 4 0 2318 1297 2147 1315
5301 4 0 24 1871 450 794
5302 4 0 319 1147 2001 1689
5303 4 0 1925 2106 289 2208
5304 4 0 2307 2397 1941 987
5305 4 0 1180 309 1185 313
5306 4 0 1154 2431 1163 1676
5307 4 0 1855 111 523 1878
5308 4 0 1681 1187 1180 1672
5309 4 0 1681 313 1170 309
5310 4 0 426 1608 2307 2049
5311 4 0 1550 765 2403 2301
5312 4 0 1541 781 1983 819
5313 4 0 110 1855 523 114
5314 4 0 2229 2189 1164 1693
5315 4 0 1684 1154 1163 415
5316 4 0 2162 1550 28 1423
5317 4 0 896 340 835 328
5318 4 0 1854 1154 1163 1684
5319 4 0 1170 1681 2381 313
5320 4 0 2228 1672 2320 2134
5321 4 0 1686 1966 415 1684
5322 4 0 113 1850 1186 1970
5323 4 0 2164 277 1557 1551
5324 4 0 528 526 527 529
5325 4 0 1963 2228 522 1448
5326 4 0 415 1686 1684 1154
5327 4 0 1684 1154 1185 1621
5328 4 0 1855 1878 523 114
5329 4 0 2230 1149 2071 1172
5330 4 0 25 1417 1416 23
5331 4 0 2030 1777 448 2112
5332 4 0 1854 1970 1186 1159
5333 4 0 1448 1680 1691 1176
5334 4 0 110 114 1680 1855
5335 4 0 1855 2134 1680 111
5336 4 0 84 2185 1232 530
5337 4 0 111 2493 113 1159
5338 4 0 111 1159 113 1850
5339 4 0 2320 2134 1683 1680
5340 4 0 523 111 1683 2493
5341 4 0 2320 2228 1683 1672
5342 4 0 113 2493 1186 1159
5343 4 0 306 309 1185 1681
5344 4 0 2351 1777 448 2030
5345 4 0 1681 309 1180 313
5346 4 0 2078 819 1983 781
5347 4 0 1187 313 1180 2493
5348 4 0 1168 26 1164 1673
5349 4 0 2461 926 2120 1619
5350 4 0 1550 1423 2162 454
5351 4 0 1160 2230 2282 1149
5352 4 0 1691 1847 2070 2316
5353 4 0 1679 1194 1450 114
5354 4 0 523 2493 1187 113
5355 4 0 1191 2316 378 1847
5356 4 0 2078 1764 1983 819
5357 4 0 785 2112 2299 25
5358 4 0 1165 1171 1170 1856
5359 4 0 1856 1149 2282 2230
5360 4 0 2253 1489 1747 75
5361 4 0 3 2047 1595 1801
5362 4 0 265 1601 1545 928
5363 4 0 772 819 1983 1764
5364 4 0 1684 1154 1621 1854
5365 4 0 444 1535 22 1773
5366 4 0 1601 2307 1941 922
5367 4 0 1681 309 1185 1180
5368 4 0 1180 2493 1621 1187
5369 4 0 27 823 1420 1421
5370 4 0 669 1740 1736 173
5371 4 0 1800 1806 2120 926
5372 4 0 421 2381 304 1171
5373 4 0 421 1171 304 1165
5374 4 0 23 1417 1416 1415
5375 4 0 285 785 25 2112
5376 4 0 1966 1684 1621 1854
5377 4 0 978 1607 377 971
5378 4 0 1621 1854 1185 1966
5379 4 0 306 1966 1185 1854
5380 4 0 455 29 1984 454
5381 4 0 2229 1693 1164 1673
5382 4 0 1854 2493 1185 313
5383 4 0 1854 309 1185 306
5384 4 0 1854 313 1185 309
5385 4 0 1539 1773 1415 1765
5386 4 0 2049 3 2047 2173
5387 4 0 23 285 1416 25
5388 4 0 2007 1350 2363 592
5389 4 0 455 454 28 1423
5390 4 0 2070 1847 414 2071
5391 4 0 1188 1195 2227 2072
5392 4 0 1981 2112 2299 2030
5393 4 0 2071 1172 414 2230
5394 4 0 1681 309 1170 306
5395 4 0 2230 1852 2070 1183
5396 4 0 1171 1856 378 2230
5397 4 0 2049 920 2307 426
5398 4 0 1165 1171 304 1170
5399 4 0 978 2045 1600 377
5400 4 0 928 959 1545 265
5401 4 0 425 4 928 1979
5402 4 0 1170 306 2381 1681
5403 4 0 2030 2112 2299 2161
5404 4 0 2078 29 1984 455
5405 4 0 1191 1856 378 1171
5406 4 0 277 176 1544 1551
5407 4 0 1191 1847 378 1856
5408 4 0 1693 2189 276 2229
5409 4 0 1165 1856 2282 1160
5410 4 0 376 1606 1803 1607
5411 4 0 1772 21 778 2164
5412 4 0 1681 306 2381 1185
5413 4 0 1943 2046 312 307
5414 4 0 2078 454 1984 29
5415 4 0 794 1926 450 1981
5416 4 0 950 2308 917 958
5417 4 0 24 794 450 1981
5418 4 0 1546 816 448 24
5419 4 0 1182 1164 1964 276
5420 4 0 421 1681 304 2381
5421 4 0 2381 313 304 1170
5422 4 0 2228 1167 1191 2316
5423 4 0 1691 1167 1191 2228
5424 4 0 2228 2316 1191 1691
5425 4 0 97 2189 104 1964
5426 4 0 1195 1252 417 1178
5427 4 0 1191 2316 1183 378
5428 4 0 614 2501 2480 2477
5429 4 0 1678 1169 112 1173
5430 4 0 1965 1673 1164 26
5431 4 0 302 1595 1800 1801
5432 4 0 2230 1852 1183 378
5433 4 0 2230 1172 414 1852
5434 4 0 378 1856 2282 2230
5435 4 0 378 2316 2070 1847
5436 4 0 1183 2316 2070 378
5437 4 0 378 2230 2070 1183
5438 4 0 378 1847 2070 2230
5439 4 0 1983 1422 1984 454
5440 4 0 1079 1009 582 1071
5441 4 0 2070 1149 2071 2230
5442 4 0 2230 2070 414 2071
5443 4 0 2229 2189 276 1178
5444 4 0 24 1777 448 1546
5445 4 0 794 782 450 1926
5446 4 0 304 1160 1847 1165
5447 4 0 2282 2071 1149 1145
5448 4 0 2324 454 2162 453
5449 4 0 2381 1171 421 1167
5450 4 0 1550 454 2162 2324
5451 4 0 453 454 2162 1873
5452 4 0 980 981 2461 2119
5453 4 0 785 1924 2299 1922
5454 4 0 794 816 24 1871
5455 4 0 284 1982 2029 1419
5456 4 0 1681 1167 421 1672
5457 4 0 2493 2134 421 111
5458 4 0 2070 1691 421 1847
5459 4 0 1191 1691 421 1167
5460 4 0 1191 1847 421 1691
5461 4 0 1191 1171 421 1847
5462 4 0 1165 1847 421 1171
5463 4 0 1191 1167 421 1171
5464 4 0 1681 1672 421 1187
5465 4 0 1672 1691 421 2134
5466 4 0 1167 1691 421 1672
5467 4 0 1180 1187 421 313
5468 4 0 1681 1187 421 1180
5469 4 0 1180 313 421 1681
5470 4 0 1683 2134 421 313
5471 4 0 1683 313 421 1187
5472 4 0 1683 1672 421 2134
5473 4 0 1187 1672 421 1683
5474 4 0 1145 1149 26 1172
5475 4 0 449 24 450 1981
5476 4 0 1016 2215 83 1047
5477 4 0 569 660 1444 145
5478 4 0 2107 444 1918 1552
5479 4 0 1421 772 823 1420
5480 4 0 922 920 2047 2307
5481 4 0 448 2112 1981 2030
5482 4 0 284 826 451 1543
5483 4 0 794 1777 1981 448
5484 4 0 449 2141 450 24
5485 4 0 794 2112 1981 1777
5486 4 0 656 674 1492 625
5487 4 0 451 826 1418 1543
5488 4 0 2461 914 1615 1619
5489 4 0 1979 1532 928 265
5490 4 0 917 1805 957 1945
5491 4 0 785 1922 2299 2161
5492 4 0 1773 2325 1415 802
5493 4 0 2161 1922 2299 1924
5494 4 0 27 772 1420 815
5495 4 0 1419 1421 450 782
5496 4 0 25 450 1926 1981
5497 4 0 816 1777 24 1546
5498 4 0 25 2112 1981 1926
5499 4 0 823 27 1418 451
5500 4 0 782 283 1419 1421
5501 4 0 816 782 1419 2141
5502 4 0 816 283 1419 782
5503 4 0 1421 283 1419 1982
5504 4 0 950 1805 917 1945
5505 4 0 816 2285 1419 283
5506 4 0 1982 283 1419 2285
5507 4 0 284 1421 2029 818
5508 4 0 816 794 450 1871
5509 4 0 2141 816 450 1871
5510 4 0 2141 782 450 816
5511 4 0 2285 794 450 816
5512 4 0 2285 782 450 794
5513 4 0 816 782 450 2285
5514 4 0 1618 1943 312 307
5515 4 0 818 1543 284 1421
5516 4 0 954 916 376 978
5517 4 0 284 1543 451 1421
5518 4 0 766 1543 284 818
5519 4 0 1543 766 284 1546
5520 4 0 816 1546 284 766
5521 4 0 1543 1546 284 816
5522 4 0 1419 816 284 2285
5523 4 0 766 2285 284 816
5524 4 0 7 915 917 1945
5525 4 0 818 1982 284 766
5526 4 0 958 6 307 951
5527 4 0 1419 2285 284 1982
5528 4 0 766 1982 284 2285
5529 4 0 302 2172 1800 1595
5530 4 0 27 824 1420 823
5531 4 0 815 824 1420 27
5532 4 0 27 1983 1420 772
5533 4 0 824 823 27 811
5534 4 0 1419 816 2029 284
5535 4 0 818 1421 2029 1982
5536 4 0 1419 1982 2029 1421
5537 4 0 451 1543 1418 823
5538 4 0 1419 2141 2029 816
5539 4 0 284 818 2029 1982
5540 4 0 1983 452 1418 27
5541 4 0 2374 1421 451 1872
5542 4 0 823 1421 451 1543
5543 4 0 27 1421 451 823
5544 4 0 1420 1872 451 1421
5545 4 0 27 1872 451 1420
5546 4 0 1420 1421 451 27
5547 4 0 2271 1618 1941 1554
5548 4 0 815 1775 1418 826
5549 4 0 1543 1775 1418 811
5550 4 0 811 823 1418 1543
5551 4 0 27 823 1418 811
5552 4 0 815 772 1418 27
5553 4 0 815 826 1418 772
5554 4 0 811 1775 1418 815
5555 4 0 27 811 1418 824
5556 4 0 815 824 1418 811
5557 4 0 27 824 1418 815
5558 4 0 798 453 1776 452
5559 4 0 772 826 1776 775
5560 4 0 1418 826 1776 772
5561 4 0 1983 452 1776 1418
5562 4 0 797 798 1776 452
5563 4 0 797 775 1776 798
5564 4 0 1983 2110 1776 452
5565 4 0 797 297 1776 775
5566 4 0 1418 27 1776 1983
5567 4 0 772 27 1776 1418
5568 4 0 772 1983 1776 27
5569 4 0 772 775 1776 1541
5570 4 0 2110 797 1776 452
5571 4 0 2110 297 1776 797
5572 4 0 1983 772 1776 819
5573 4 0 1541 819 1776 772
5574 4 0 1983 819 1776 1541
5575 4 0 2110 812 1776 297
5576 4 0 775 297 1776 812
5577 4 0 1541 812 1776 2110
5578 4 0 781 2110 1776 1983
5579 4 0 781 1541 1776 2110
5580 4 0 1983 1541 1776 781
5581 4 0 767 775 1776 812
5582 4 0 1541 775 1776 767
5583 4 0 767 812 1776 1541
5584 4 0 426 987 2307 1608
5585 4 0 951 2046 312 1808
5586 4 0 1808 986 1554 1618
5587 4 0 801 783 779 292
5588 4 0 425 1532 928 4
5589 4 0 817 1923 2111 1533
5590 4 0 1808 2171 2046 312
5591 4 0 2051 987 2307 426
5592 4 0 2051 2397 2307 987
5593 4 0 2267 426 2307 1979
5594 4 0 1979 2397 2307 2267
5595 4 0 2267 2051 2307 426
5596 4 0 2267 2397 2307 2051
5597 4 0 1943 2171 312 2046
5598 4 0 1554 312 1808 1618
5599 4 0 1601 1554 1941 1545
5600 4 0 2107 1552 22 444
5601 4 0 1765 796 1415 23
5602 4 0 307 958 312 1805
5603 4 0 1808 1618 312 1805
5604 4 0 1979 2397 1601 2307
5605 4 0 986 959 1545 1554
5606 4 0 265 2397 1601 1979
5607 4 0 6 2 307 2124
5608 4 0 2124 951 307 6
5609 4 0 944 959 2271 957
5610 4 0 944 986 2271 959
5611 4 0 1945 944 2271 957
5612 4 0 1945 986 2271 944
5613 4 0 307 2046 312 951
5614 4 0 1949 958 312 307
5615 4 0 1949 1808 312 958
5616 4 0 1949 951 312 1808
5617 4 0 307 951 312 1949
5618 4 0 444 445 22 2107
5619 4 0 928 1601 1554 2271
5620 4 0 952 1608 1595 1801
5621 4 0 2047 922 1801 2049
5622 4 0 2461 926 1615 980
5623 4 0 1941 987 952 2307
5624 4 0 2122 2172 1595 946
5625 4 0 2047 2049 1801 3
5626 4 0 2271 959 1554 957
5627 4 0 928 957 1554 959
5628 4 0 2271 957 1554 928
5629 4 0 1599 914 1806 929
5630 4 0 2047 922 1603 1801
5631 4 0 1595 2047 1603 1801
5632 4 0 2307 987 952 1608
5633 4 0 2307 2049 922 920
5634 4 0 3 990 1595 2172
5635 4 0 980 927 926 990
5636 4 0 952 1608 1801 922
5637 4 0 922 2307 952 1608
5638 4 0 3 2172 1595 2122
5639 4 0 2461 1609 1606 1593
5640 4 0 922 1801 1800 1603
5641 4 0 979 945 1593 1599
5642 4 0 789 2108 790 2165
5643 4 0 926 927 2120 302
5644 4 0 1595 990 302 2172
5645 4 0 803 809 808 1533
5646 4 0 803 1745 809 2163
5647 4 0 2072 2229 1687 1178
5648 4 0 2365 667 658 645
5649 4 0 1925 195 1547 787
5650 4 0 2028 445 22 444
5651 4 0 2028 2361 445 443
5652 4 0 808 803 786 827
5653 4 0 22 1552 779 801
5654 4 0 1772 2109 778 795
5655 4 0 1535 800 22 2473
5656 4 0 1539 444 1918 2107
5657 4 0 2473 292 779 2361
5658 4 0 764 671 2361 1769
5659 4 0 764 783 2361 671
5660 4 0 2028 2473 22 445
5661 4 0 2473 2361 779 445
5662 4 0 2473 292 2361 764
5663 4 0 2325 785 1416 1559
5664 4 0 1547 787 786 2111
5665 4 0 514 642 1350 164
5666 4 0 1925 1923 1533 20
5667 4 0 2239 1963 102 1690
5668 4 0 1769 2208 443 2106
5669 4 0 1769 2106 443 2028
5670 4 0 1619 1806 2120 1609
5671 4 0 2461 1619 1615 926
5672 4 0 789 2165 792 2108
5673 4 0 2473 445 779 22
5674 4 0 1181 2470 1151 1967
5675 4 0 22 445 779 1552
5676 4 0 1673 2071 414 1682
5677 4 0 2361 764 445 2473
5678 4 0 1769 764 445 2361
5679 4 0 1769 2473 445 764
5680 4 0 2361 783 779 671
5681 4 0 1765 23 1415 447
5682 4 0 156 157 2250 657
5683 4 0 1918 1535 814 1552
5684 4 0 779 671 289 2361
5685 4 0 2112 785 2299 2161
5686 4 0 1415 785 1416 2325
5687 4 0 1535 444 1918 1539
5688 4 0 285 1559 1416 785
5689 4 0 444 1535 1918 1552
5690 4 0 1765 796 23 2438
5691 4 0 783 292 801 672
5692 4 0 653 168 2006 1737
5693 4 0 2161 1924 2299 2030
5694 4 0 1773 802 1415 796
5695 4 0 448 1417 1416 1981
5696 4 0 97 1164 1964 1182
5697 4 0 25 785 1416 2299
5698 4 0 2207 1558 1539 1773
5699 4 0 1535 1773 1539 1558
5700 4 0 1558 1766 1539 1535
5701 4 0 2207 1766 1539 1558
5702 4 0 769 671 801 672
5703 4 0 764 292 779 783
5704 4 0 1765 796 2438 2207
5705 4 0 1552 1918 2438 814
5706 4 0 1765 1539 2438 1918
5707 4 0 1539 1766 1918 1535
5708 4 0 1595 946 1603 2122
5709 4 0 1539 1766 814 1918
5710 4 0 1539 2207 814 1766
5711 4 0 769 1535 814 1475
5712 4 0 769 1540 814 2207
5713 4 0 769 1475 814 1540
5714 4 0 1540 1766 814 2207
5715 4 0 1918 1766 814 1535
5716 4 0 1475 1766 814 1540
5717 4 0 1475 1535 814 1766
5718 4 0 931 981 2461 1
5719 4 0 1765 2207 2438 1773
5720 4 0 1539 1773 2438 2207
5721 4 0 1765 1773 2438 1539
5722 4 0 2229 1178 276 1693
5723 4 0 672 800 801 769
5724 4 0 22 1552 801 769
5725 4 0 922 2049 2047 920
5726 4 0 292 800 801 672
5727 4 0 2473 800 801 292
5728 4 0 22 769 801 800
5729 4 0 22 800 801 2473
5730 4 0 25 1926 23 2112
5731 4 0 25 2112 23 285
5732 4 0 796 2112 23 1926
5733 4 0 796 285 23 2112
5734 4 0 1416 1417 446 1415
5735 4 0 1415 1765 446 1539
5736 4 0 1145 1172 26 414
5737 4 0 1192 1846 2136 1146
5738 4 0 448 1981 1416 2299
5739 4 0 1981 25 1416 2299
5740 4 0 2325 1559 1416 285
5741 4 0 1965 1160 1145 2071
5742 4 0 1603 946 2120 2047
5743 4 0 1981 1417 1416 25
5744 4 0 1415 2325 1416 285
5745 4 0 1477 1704 1357 2319
5746 4 0 23 1981 25 1417
5747 4 0 777 802 1415 2325
5748 4 0 796 802 1415 777
5749 4 0 285 796 1415 777
5750 4 0 777 2325 1415 285
5751 4 0 1619 926 2120 1806
5752 4 0 2122 946 1603 2047
5753 4 0 1416 1415 2299 785
5754 4 0 2049 2173 2047 920
5755 4 0 920 1596 2047 1870
5756 4 0 946 1870 2047 2122
5757 4 0 972 929 1615 914
5758 4 0 1595 2172 1800 1603
5759 4 0 1599 912 1593 1607
5760 4 0 979 1806 2045 1619
5761 4 0 1609 1806 1606 1593
5762 4 0 2173 1596 2047 920
5763 4 0 2173 1870 2047 1596
5764 4 0 2122 2173 2047 3
5765 4 0 2122 1870 2047 2173
5766 4 0 2049 1608 1801 3
5767 4 0 922 1608 1801 2049
5768 4 0 922 1941 1800 1801
5769 4 0 1 914 2461 931
5770 4 0 302 990 926 927
5771 4 0 981 914 2461 2119
5772 4 0 2461 980 1615 1
5773 4 0 979 1599 925 945
5774 4 0 979 1811 1593 945
5775 4 0 377 978 2500 376
5776 4 0 1 929 1615 972
5777 4 0 978 943 376 1607
5778 4 0 2047 2307 1603 922
5779 4 0 2172 946 1603 1595
5780 4 0 1944 971 1600 1607
5781 4 0 1919 163 770 793
5782 4 0 1544 2373 1771 2163
5783 4 0 971 1613 1600 978
5784 4 0 377 1607 1600 971
5785 4 0 954 978 376 1613
5786 4 0 981 980 2461 1
5787 4 0 1606 1609 1803 1806
5788 4 0 1593 912 1606 1607
5789 4 0 1772 784 778 2109
5790 4 0 2045 979 1606 1806
5791 4 0 2281 112 1146 1678
5792 4 0 763 810 281 2261
5793 4 0 302 926 1615 1619
5794 4 0 1801 302 926 1800
5795 4 0 1811 912 1606 1593
5796 4 0 980 990 1615 1
5797 4 0 21 795 807 1919
5798 4 0 1806 1599 1593 1609
5799 4 0 2461 1 1615 914
5800 4 0 929 1806 1619 1609
5801 4 0 1619 1806 925 979
5802 4 0 377 971 1600 978
5803 4 0 926 990 1615 980
5804 4 0 424 927 2120 946
5805 4 0 1800 2172 2120 1603
5806 4 0 302 2172 2120 1800
5807 4 0 946 2172 2120 424
5808 4 0 424 1616 2120 927
5809 4 0 2172 1616 2120 424
5810 4 0 990 927 2120 1616
5811 4 0 302 927 2120 990
5812 4 0 990 2172 2120 302
5813 4 0 990 1616 2120 2172
5814 4 0 2045 979 1600 19
5815 4 0 1811 945 925 929
5816 4 0 1615 929 925 1619
5817 4 0 374 1799 2500 1613
5818 4 0 1944 912 1593 1599
5819 4 0 1811 912 1593 1944
5820 4 0 19 979 1600 925
5821 4 0 1811 1944 1593 945
5822 4 0 1599 945 1593 1944
5823 4 0 808 827 786 1763
5824 4 0 1806 929 925 1599
5825 4 0 1593 979 925 1806
5826 4 0 1599 979 925 1593
5827 4 0 1593 1806 925 1599
5828 4 0 954 1598 376 916
5829 4 0 943 978 376 916
5830 4 0 979 19 2045 1811
5831 4 0 1606 912 1803 1607
5832 4 0 979 1811 1606 1593
5833 4 0 2045 1811 1606 979
5834 4 0 1811 19 1606 912
5835 4 0 2045 19 1606 1811
5836 4 0 1613 1799 2500 1598
5837 4 0 19 971 1600 1944
5838 4 0 912 1944 1600 1607
5839 4 0 19 1944 1600 912
5840 4 0 1600 1607 1803 912
5841 4 0 377 1607 1803 1600
5842 4 0 19 912 1803 1606
5843 4 0 377 2045 1803 1806
5844 4 0 1606 1806 1803 2045
5845 4 0 1600 912 1803 19
5846 4 0 2045 377 1803 1600
5847 4 0 2045 19 1803 1606
5848 4 0 1600 19 1803 2045
5849 4 0 376 954 2500 1598
5850 4 0 1613 954 2500 376
5851 4 0 1613 1598 2500 954
5852 4 0 1678 1146 109 1846
5853 4 0 1183 2316 1963 1175
5854 4 0 2262 163 281 793
5855 4 0 1178 1252 417 2189
5856 4 0 2298 20 1413 1414
5857 4 0 2298 1551 2163 2373
5858 4 0 792 2165 810 2108
5859 4 0 2261 163 790 2108
5860 4 0 1193 1846 109 1146
5861 4 0 1178 1252 2432 1964
5862 4 0 1534 20 2298 1414
5863 4 0 1704 159 2446 2452
5864 4 0 1694 1700 1851 1144
5865 4 0 1328 2165 792 789
5866 4 0 1181 1694 105 1700
5867 4 0 2163 1745 809 176
5868 4 0 21 1772 778 795
5869 4 0 1551 1406 1544 277
5870 4 0 817 1923 827 2111
5871 4 0 789 167 790 1920
5872 4 0 2261 810 790 1920
5873 4 0 2261 2108 790 810
5874 4 0 2487 2167 1200 1590
5875 4 0 628 649 1500 177
5876 4 0 2367 1735 1503 617
5877 4 0 792 789 790 1920
5878 4 0 792 2108 790 789
5879 4 0 810 792 790 1920
5880 4 0 810 2108 790 792
5881 4 0 2150 641 1490 2254
5882 4 0 2417 1499 647 1490
5883 4 0 2344 172 647 2385
5884 4 0 1534 1923 1413 2106
5885 4 0 413 97 104 1964
5886 4 0 1555 1772 1771 2373
5887 4 0 195 1533 1538 289
5888 4 0 276 1693 1164 2189
5889 4 0 1414 20 1413 2105
5890 4 0 277 1406 1557 1551
5891 4 0 793 778 763 2262
5892 4 0 1689 1152 319 1677
5893 4 0 602 181 614 2093
5894 4 0 793 778 1919 21
5895 4 0 21 277 2164 795
5896 4 0 2262 163 175 167
5897 4 0 2099 482 1474 1897
5898 4 0 817 1533 2111 1547
5899 4 0 1555 176 1544 277
5900 4 0 1925 443 289 2106
5901 4 0 1971 26 1168 1965
5902 4 0 1737 670 2006 653
5903 4 0 770 2109 807 1919
5904 4 0 2262 2109 175 784
5905 4 0 2262 167 175 1920
5906 4 0 778 2262 175 784
5907 4 0 1743 666 2289 2009
5908 4 0 175 778 1919 2262
5909 4 0 778 793 1919 2262
5910 4 0 778 784 1919 21
5911 4 0 175 784 1919 778
5912 4 0 277 2373 1551 2164
5913 4 0 1987 1256 1244 2140
5914 4 0 175 784 770 1919
5915 4 0 175 2109 770 784
5916 4 0 175 2262 770 163
5917 4 0 793 163 770 2262
5918 4 0 1919 793 770 2262
5919 4 0 1919 2262 770 175
5920 4 0 770 175 807 2109
5921 4 0 1537 175 807 770
5922 4 0 1537 2109 807 175
5923 4 0 795 21 807 778
5924 4 0 778 2109 807 795
5925 4 0 1919 2109 807 784
5926 4 0 1919 784 807 21
5927 4 0 778 784 807 2109
5928 4 0 21 784 807 778
5929 4 0 807 795 1555 1919
5930 4 0 176 1537 1555 807
5931 4 0 795 1772 1555 2164
5932 4 0 2164 277 1555 795
5933 4 0 277 2373 1555 176
5934 4 0 807 1537 1555 1772
5935 4 0 807 1772 1555 795
5936 4 0 2164 1772 1555 2373
5937 4 0 2164 2373 1555 277
5938 4 0 176 2373 1551 277
5939 4 0 277 1406 1544 795
5940 4 0 1414 1557 2298 1551
5941 4 0 1544 1555 1745 176
5942 4 0 1463 1489 639 591
5943 4 0 414 2071 1965 1145
5944 4 0 1414 1406 2298 1557
5945 4 0 2163 176 1771 1544
5946 4 0 277 1413 1557 1406
5947 4 0 176 2373 1544 1551
5948 4 0 1555 2373 1771 176
5949 4 0 1534 1923 1925 20
5950 4 0 671 299 195 2208
5951 4 0 1534 20 1413 1923
5952 4 0 1537 1772 1771 1555
5953 4 0 1925 20 1533 803
5954 4 0 443 2106 1925 1534
5955 4 0 779 671 1538 289
5956 4 0 2093 629 614 2501
5957 4 0 779 801 1538 671
5958 4 0 1740 646 2252 661
5959 4 0 1414 20 2105 1534
5960 4 0 289 671 1538 764
5961 4 0 2373 1772 1771 2163
5962 4 0 653 1890 2427 168
5963 4 0 2298 20 803 1413
5964 4 0 1537 2109 1771 1772
5965 4 0 1671 1188 2227 1687
5966 4 0 1555 176 1771 1537
5967 4 0 817 1406 827 1923
5968 4 0 2229 2227 1178 2072
5969 4 0 803 1745 2163 1406
5970 4 0 803 1406 2163 2298
5971 4 0 2298 1406 2163 1557
5972 4 0 1745 1544 2163 1406
5973 4 0 1557 1406 2163 1544
5974 4 0 1745 176 1763 809
5975 4 0 1533 1925 289 195
5976 4 0 143 2470 1151 1161
5977 4 0 1162 1153 2432 1964
5978 4 0 1181 1694 1700 280
5979 4 0 289 1769 1538 2208
5980 4 0 195 2208 1538 671
5981 4 0 2208 2106 817 787
5982 4 0 1965 1148 1682 1971
5983 4 0 808 809 1763 176
5984 4 0 195 299 787 2208
5985 4 0 1547 808 786 1763
5986 4 0 2368 670 1500 628
5987 4 0 195 299 1547 787
5988 4 0 803 1406 827 1745
5989 4 0 1769 2208 289 443
5990 4 0 443 2361 289 2028
5991 4 0 1769 2028 289 2361
5992 4 0 443 2028 289 1769
5993 4 0 1769 671 289 764
5994 4 0 764 1769 1538 289
5995 4 0 764 2208 1538 1769
5996 4 0 2111 1923 827 1413
5997 4 0 203 139 1429 636
5998 4 0 2208 764 817 1769
5999 4 0 1689 1184 319 1674
6000 4 0 1899 599 2292 1494
6001 4 0 2208 2106 787 1925
6002 4 0 1547 787 2111 817
6003 4 0 1925 195 787 289
6004 4 0 289 2208 787 1925
6005 4 0 1533 809 808 195
6006 4 0 1538 195 787 2208
6007 4 0 289 195 787 1538
6008 4 0 1538 2208 787 289
6009 4 0 787 2208 2111 817
6010 4 0 827 1745 1763 803
6011 4 0 645 626 658 2153
6012 4 0 808 803 1763 809
6013 4 0 1769 1923 817 2106
6014 4 0 1769 2106 817 2208
6015 4 0 787 2106 817 1925
6016 4 0 2341 2199 2097 174
6017 4 0 787 1925 817 1547
6018 4 0 1534 1923 817 1925
6019 4 0 1534 2106 817 1923
6020 4 0 1925 2106 817 1534
6021 4 0 562 2428 1727 2091
6022 4 0 1925 1533 817 1547
6023 4 0 1925 1923 817 1533
6024 4 0 1533 1923 2111 20
6025 4 0 1413 20 2111 1923
6026 4 0 161 640 169 183
6027 4 0 568 2003 570 1996
6028 4 0 827 1745 786 1763
6029 4 0 1406 1414 2298 827
6030 4 0 1413 1557 1414 2105
6031 4 0 1406 1414 827 1413
6032 4 0 591 1489 201 2199
6033 4 0 1967 2470 1694 1181
6034 4 0 803 2298 827 1406
6035 4 0 803 1413 827 2298
6036 4 0 1414 2298 827 1413
6037 4 0 2111 20 786 1533
6038 4 0 2111 1413 786 20
6039 4 0 827 1413 786 2111
6040 4 0 808 1547 786 1533
6041 4 0 2111 1533 786 1547
6042 4 0 803 1413 786 827
6043 4 0 803 20 786 1413
6044 4 0 1533 803 786 808
6045 4 0 1533 20 786 803
6046 4 0 417 1252 2192 2189
6047 4 0 1148 1687 1682 1693
6048 4 0 2447 197 2366 2343
6049 4 0 1971 1148 1682 1673
6050 4 0 2470 1694 2395 105
6051 4 0 97 2189 2192 104
6052 4 0 1689 2470 143 1674
6053 4 0 1968 2067 2238 2233
6054 4 0 414 1852 1179 2070
6055 4 0 97 1174 2192 2189
6056 4 0 2292 650 2002 1483
6057 4 0 2412 1685 1181 1967
6058 4 0 2427 168 2091 653
6059 4 0 2191 419 1173 1858
6060 4 0 1181 1685 280 1967
6061 4 0 1969 1967 280 1685
6062 4 0 1685 1688 280 1969
6063 4 0 2480 1458 2091 2427
6064 4 0 2501 629 614 181
6065 4 0 2072 2229 2227 1687
6066 4 0 1181 2412 280 1685
6067 4 0 1688 2412 280 1181
6068 4 0 1688 1685 280 2412
6069 4 0 1689 1851 319 1152
6070 4 0 280 1967 1700 1181
6071 4 0 2437 1327 211 513
6072 4 0 784 1771 2109 1772
6073 4 0 2070 2316 1175 1691
6074 4 0 1502 513 211 1990
6075 4 0 417 2229 2227 1178
6076 4 0 1178 2138 1195 1252
6077 4 0 1693 1687 1682 2229
6078 4 0 1700 1967 105 1181
6079 4 0 2239 2228 1963 2316
6080 4 0 414 26 1164 1179
6081 4 0 1964 1178 2192 2190
6082 4 0 201 197 2366 2447
6083 4 0 2448 514 2363 1444
6084 4 0 1492 2097 2199 1489
6085 4 0 1195 1188 2227 1688
6086 4 0 2477 564 614 2093
6087 4 0 26 1145 1965 1971
6088 4 0 1183 1175 1963 2239
6089 4 0 1181 1967 105 1694
6090 4 0 1963 1175 1690 2239
6091 4 0 1687 2229 1693 1178
6092 4 0 1671 1688 2227 1188
6093 4 0 26 414 1164 1965
6094 4 0 1687 1178 1693 2072
6095 4 0 2228 1691 1963 2316
6096 4 0 1971 1148 1673 1693
6097 4 0 276 1168 1164 1693
6098 4 0 2252 1736 1740 171
6099 4 0 1967 2470 105 1694
6100 4 0 2190 1178 2192 1252
6101 4 0 1144 1700 1851 1692
6102 4 0 414 1172 1179 1852
6103 4 0 26 1172 1179 414
6104 4 0 513 1311 2147 2350
6105 4 0 1182 413 1964 97
6106 4 0 1174 2084 103 1690
6107 4 0 639 142 75 1463
6108 4 0 311 1357 1339 2435
6109 4 0 2084 1179 1690 1174
6110 4 0 1175 2316 1963 1691
6111 4 0 1448 1691 1963 2228
6112 4 0 2239 2316 1963 1183
6113 4 0 1690 2084 103 102
6114 4 0 1174 2084 413 103
6115 4 0 1691 1448 1963 1175
6116 4 0 2334 2138 1692 2432
6117 4 0 1679 1177 1450 2465
6118 4 0 2096 75 634 1747
6119 4 0 1690 2084 102 2239
6120 4 0 1175 1179 2239 1183
6121 4 0 1852 1183 2239 1179
6122 4 0 417 1967 1853 280
6123 4 0 2239 1852 2084 1183
6124 4 0 1195 2138 417 1252
6125 4 0 1147 1152 1689 1677
6126 4 0 1175 1174 1690 1179
6127 4 0 103 1690 97 1174
6128 4 0 2239 1179 2084 1852
6129 4 0 591 568 2472 609
6130 4 0 2470 1152 1851 1674
6131 4 0 1162 2190 1853 417
6132 4 0 108 1448 522 2228
6133 4 0 2084 2239 1690 1179
6134 4 0 1175 1179 1690 2239
6135 4 0 2084 1852 413 1183
6136 4 0 103 1174 97 413
6137 4 0 276 2189 1964 1178
6138 4 0 1178 1252 1964 276
6139 4 0 1144 2395 1692 2334
6140 4 0 2470 1694 1851 1144
6141 4 0 1164 276 1182 1168
6142 4 0 1168 1172 1182 26
6143 4 0 1174 1164 1182 1179
6144 4 0 1179 1172 1182 1852
6145 4 0 26 1172 1182 1179
6146 4 0 1164 1168 1182 26
6147 4 0 1164 26 1182 1179
6148 4 0 2084 1174 413 1179
6149 4 0 2084 1179 413 1852
6150 4 0 1182 1852 413 1179
6151 4 0 1182 1179 413 1174
6152 4 0 2084 103 104 413
6153 4 0 1174 2189 97 1164
6154 4 0 1968 98 2147 2238
6155 4 0 413 103 104 97
6156 4 0 1174 1164 97 1182
6157 4 0 1162 1964 2432 413
6158 4 0 1689 1184 2001 319
6159 4 0 417 2229 1178 2189
6160 4 0 1164 2189 1964 276
6161 4 0 97 2189 1964 1164
6162 4 0 1964 1153 2190 104
6163 4 0 1964 413 1162 104
6164 4 0 104 1153 1162 1964
6165 4 0 2470 1674 1851 1694
6166 4 0 2189 1252 2192 1178
6167 4 0 104 2189 2192 1964
6168 4 0 168 1890 2427 2291
6169 4 0 417 280 1853 2138
6170 4 0 1689 1674 319 1851
6171 4 0 1162 1153 106 1853
6172 4 0 1162 1153 1853 2190
6173 4 0 1675 2137 2445 100
6174 4 0 1692 1700 106 2334
6175 4 0 1700 2395 1692 1144
6176 4 0 1694 1700 1144 2395
6177 4 0 105 1694 2395 1700
6178 4 0 1964 1178 2190 2432
6179 4 0 2432 1153 2190 1964
6180 4 0 1162 1153 2190 2432
6181 4 0 2432 1252 2190 1162
6182 4 0 2432 1178 2190 1252
6183 4 0 1969 1967 417 280
6184 4 0 1853 1967 105 280
6185 4 0 2432 1162 1692 2334
6186 4 0 2227 2072 417 1178
6187 4 0 1195 2072 417 2227
6188 4 0 1195 1178 417 2072
6189 4 0 2227 1969 417 1688
6190 4 0 2227 1688 417 1195
6191 4 0 280 2138 417 1195
6192 4 0 1688 280 417 1195
6193 4 0 1688 1969 417 280
6194 4 0 417 2138 1853 1252
6195 4 0 417 1252 1853 1162
6196 4 0 2146 513 2147 1991
6197 4 0 1147 2137 2001 1689
6198 4 0 2320 2134 1176 108
6199 4 0 2412 1967 1151 1685
6200 4 0 108 2134 1176 1691
6201 4 0 1691 2134 1176 1680
6202 4 0 1855 1177 1450 1679
6203 4 0 112 2136 2445 100
6204 4 0 1692 1853 106 1700
6205 4 0 93 2233 1158 2135
6206 4 0 2383 1281 2147 513
6207 4 0 1060 401 2058 1635
6208 4 0 2470 1694 1144 2395
6209 4 0 2395 1152 1144 2470
6210 4 0 2334 1700 106 105
6211 4 0 105 1700 106 1853
6212 4 0 2334 105 106 2395
6213 4 0 105 2334 1692 2395
6214 4 0 105 1700 1692 2334
6215 4 0 2395 1700 1692 105
6216 4 0 1853 1700 1692 2138
6217 4 0 1692 2334 106 2138
6218 4 0 1692 2138 106 1853
6219 4 0 1853 2138 106 1252
6220 4 0 1853 1252 106 1162
6221 4 0 2334 2432 106 2138
6222 4 0 1162 2432 106 2334
6223 4 0 110 114 1176 1680
6224 4 0 1496 2010 616 138
6225 4 0 2432 1252 106 2138
6226 4 0 1162 1252 106 2432
6227 4 0 131 2415 867 133
6228 4 0 110 2320 1176 108
6229 4 0 524 1879 1450 114
6230 4 0 580 1081 581 1731
6231 4 0 1879 1878 1450 114
6232 4 0 1017 1053 2364 82
6233 4 0 1846 412 2281 2226
6234 4 0 1674 1152 1689 2470
6235 4 0 2136 1675 2445 100
6236 4 0 525 2360 526 529
6237 4 0 2238 2383 2147 2318
6238 4 0 514 96 164 660
6239 4 0 108 107 522 2320
6240 4 0 1161 2470 1151 1674
6241 4 0 2228 107 522 108
6242 4 0 1855 114 1450 1878
6243 4 0 1685 1967 1151 1969
6244 4 0 526 1452 528 1158
6245 4 0 1846 1155 2281 412
6246 4 0 1181 2412 1161 1674
6247 4 0 1851 1152 1689 1674
6248 4 0 2004 2447 662 192
6249 4 0 561 1883 140 562
6250 4 0 1677 1147 319 1689
6251 4 0 523 1449 524 114
6252 4 0 1161 1181 1151 2412
6253 4 0 1996 144 2472 2003
6254 4 0 1689 1674 143 1184
6255 4 0 1161 1184 143 1674
6256 4 0 1156 1184 143 1161
6257 4 0 2137 1689 143 1156
6258 4 0 211 642 1447 2242
6259 4 0 1161 1674 1151 1181
6260 4 0 1694 1181 1151 1674
6261 4 0 2470 1181 1151 1694
6262 4 0 1694 1674 1151 2470
6263 4 0 1679 2465 1450 1194
6264 4 0 2465 1177 1450 1850
6265 4 0 390 511 2383 1281
6266 4 0 108 523 110 2320
6267 4 0 114 110 524 523
6268 4 0 2228 107 108 2320
6269 4 0 1679 114 1450 1855
6270 4 0 2134 2228 108 2320
6271 4 0 107 2228 522 1963
6272 4 0 2228 1691 108 1448
6273 4 0 2134 1691 108 2228
6274 4 0 1463 2097 75 1489
6275 4 0 1281 98 2238 2383
6276 4 0 2135 2474 1158 2067
6277 4 0 93 2135 1158 2067
6278 4 0 101 118 530 1819
6279 4 0 1850 1878 1450 1879
6280 4 0 661 646 2252 604
6281 4 0 2474 411 2238 2340
6282 4 0 1855 1878 1450 1177
6283 4 0 117 2233 526 420
6284 4 0 390 2350 2147 1297
6285 4 0 513 1281 2147 98
6286 4 0 512 1443 1502 513
6287 4 0 793 778 21 763
6288 4 0 1297 2350 2147 1311
6289 4 0 2238 98 2147 2383
6290 4 0 513 98 2147 1991
6291 4 0 2474 2340 2238 2233
6292 4 0 1846 2226 2281 1146
6293 4 0 68 1404 1049 577
6294 4 0 526 117 116 1451
6295 4 0 526 117 1722 2135
6296 4 0 526 2135 1722 1452
6297 4 0 2465 420 116 1679
6298 4 0 1679 1194 116 2465
6299 4 0 2360 1194 116 1721
6300 4 0 1721 420 116 2360
6301 4 0 526 2360 116 420
6302 4 0 526 420 116 117
6303 4 0 1679 420 116 1721
6304 4 0 1721 1194 116 1679
6305 4 0 1846 2226 1146 412
6306 4 0 2377 1045 1834 2409
6307 4 0 2226 1146 1678 2281
6308 4 0 2136 1146 100 112
6309 4 0 1063 1009 1634 2451
6310 4 0 2176 1820 1031 1037
6311 4 0 1020 68 1049 1955
6312 4 0 2136 1146 112 1678
6313 4 0 2200 619 162 1734
6314 4 0 1192 1169 112 2136
6315 4 0 514 96 642 2242
6316 4 0 401 1079 2058 1050
6317 4 0 2226 1193 109 1146
6318 4 0 588 587 1467 1466
6319 4 0 2226 1146 109 1678
6320 4 0 1281 511 2383 1442
6321 4 0 2369 649 628 626
6322 4 0 389 2177 1042 1631
6323 4 0 152 578 1465 1888
6324 4 0 1048 582 85 1824
6325 4 0 2379 2219 1817 1002
6326 4 0 1193 412 1146 2226
6327 4 0 412 1155 2226 1193
6328 4 0 2226 412 2281 1155
6329 4 0 2369 1459 1500 649
6330 4 0 1889 657 593 162
6331 4 0 1060 1047 1084 2439
6332 4 0 1467 1998 1622 1468
6333 4 0 1678 2191 109 1173
6334 4 0 1192 1146 2136 1678
6335 4 0 586 581 1049 585
6336 4 0 1247 2132 1084 1089
6337 4 0 2191 1678 109 1192
6338 4 0 1192 1193 109 2191
6339 4 0 1192 1846 109 412
6340 4 0 1678 1846 109 1192
6341 4 0 1192 412 109 1193
6342 4 0 112 2137 100 1169
6343 4 0 1675 1184 2001 2137
6344 4 0 1315 1297 2147 1311
6345 4 0 1192 2191 112 1169
6346 4 0 1173 1169 112 2191
6347 4 0 1192 1678 112 2191
6348 4 0 1173 2191 112 1678
6349 4 0 1173 1858 419 1169
6350 4 0 1156 1689 2001 2137
6351 4 0 1184 1689 2001 1156
6352 4 0 1156 2137 2001 1184
6353 4 0 1675 1184 2445 2001
6354 4 0 1169 1192 2445 2136
6355 4 0 1169 1858 2445 1192
6356 4 0 1169 2137 2445 1858
6357 4 0 100 2137 2445 1169
6358 4 0 2137 1675 2445 2001
6359 4 0 2001 1858 2445 2137
6360 4 0 1169 2136 2445 112
6361 4 0 1169 112 2445 100
6362 4 0 2137 1147 419 1169
6363 4 0 1169 1858 419 2137
6364 4 0 2001 319 1150 1677
6365 4 0 1858 319 1150 2001
6366 4 0 1147 1677 1150 419
6367 4 0 2001 1677 1150 1147
6368 4 0 2137 1147 1150 419
6369 4 0 419 1858 1150 2137
6370 4 0 2001 2137 1150 1858
6371 4 0 1147 2137 1150 2001
6372 4 0 595 1505 2098 1481
6373 4 0 571 2089 146 147
6374 4 0 580 2218 1079 1081
6375 4 0 132 1824 1025 1832
6376 4 0 1211 1645 1210 1274
6377 4 0 1089 1247 1434 1646
6378 4 0 2215 1989 1064 1055
6379 4 0 1448 102 1963 1690
6380 4 0 1074 400 391 1046
6381 4 0 580 1731 581 583
6382 4 0 1732 1466 1468 1467
6383 4 0 1043 149 1073 999
6384 4 0 999 149 1073 1034
6385 4 0 2088 1050 2364 1081
6386 4 0 2333 2272 1643 393
6387 4 0 581 583 585 586
6388 4 0 1989 1056 2217 1011
6389 4 0 589 1050 2058 1079
6390 4 0 1074 2451 2216 128
6391 4 0 1005 1009 1003 576
6392 4 0 365 354 1697 350
6393 4 0 1997 149 150 2359
6394 4 0 1043 543 129 1068
6395 4 0 1824 1025 89 997
6396 4 0 996 2054 2408 557
6397 4 0 1079 1832 1080 2184
6398 4 0 1063 1634 85 1048
6399 4 0 546 127 545 2167
6400 4 0 162 2248 593 624
6401 4 0 586 583 582 581
6402 4 0 2418 137 1007 2449
6403 4 0 578 1404 1888 577
6404 4 0 1005 1009 576 582
6405 4 0 147 574 389 2177
6406 4 0 2150 2254 1898 2200
6407 4 0 577 1033 1026 2313
6408 4 0 1043 1014 1073 149
6409 4 0 146 2089 1001 148
6410 4 0 1046 2183 1072 400
6411 4 0 583 580 582 581
6412 4 0 1071 1009 582 2451
6413 4 0 624 2248 593 1479
6414 4 0 1465 579 1835 1888
6415 4 0 151 152 1835 1888
6416 4 0 1972 1585 1785 857
6417 4 0 582 1009 1404 586
6418 4 0 1071 580 582 1079
6419 4 0 1034 1014 1042 2359
6420 4 0 578 1464 1888 1404
6421 4 0 1046 1640 391 1074
6422 4 0 1933 343 1589 1588
6423 4 0 2073 1197 1211 1447
6424 4 0 1014 152 149 1835
6425 4 0 577 1404 1888 576
6426 4 0 177 649 1500 2368
6427 4 0 579 1005 151 1888
6428 4 0 1955 577 1054 68
6429 4 0 121 1630 2128 1069
6430 4 0 1491 169 160 600
6431 4 0 1054 578 1888 577
6432 4 0 400 574 1072 1046
6433 4 0 1824 132 1641 2216
6434 4 0 1060 1040 87 2131
6435 4 0 999 574 1042 389
6436 4 0 147 574 1072 400
6437 4 0 995 399 557 1816
6438 4 0 1459 562 69 648
6439 4 0 1797 344 897 352
6440 4 0 1952 1050 2088 1083
6441 4 0 1885 1725 1994 550
6442 4 0 2332 1631 180 196
6443 4 0 2086 547 545 546
6444 4 0 130 549 1994 548
6445 4 0 1888 579 1835 151
6446 4 0 149 152 2359 1835
6447 4 0 2378 1818 1004 2056
6448 4 0 162 637 593 2345
6449 4 0 2200 2345 1898 2090
6450 4 0 578 152 1465 1054
6451 4 0 1079 1048 1080 1832
6452 4 0 2254 619 162 624
6453 4 0 149 1014 2359 152
6454 4 0 2417 2010 2092 641
6455 4 0 1059 2087 2329 995
6456 4 0 620 1479 637 2248
6457 4 0 1631 2177 1042 196
6458 4 0 149 1835 1015 1014
6459 4 0 557 996 1051 2408
6460 4 0 575 574 147 2177
6461 4 0 1072 147 571 574
6462 4 0 2359 2177 575 1997
6463 4 0 1043 1068 129 1074
6464 4 0 148 571 1001 146
6465 4 0 1885 1930 1206 1580
6466 4 0 151 149 1835 1015
6467 4 0 1068 1043 2409 2377
6468 4 0 1044 1062 1639 1638
6469 4 0 573 1816 996 399
6470 4 0 1590 2487 1881 1569
6471 4 0 575 2177 150 574
6472 4 0 2359 2177 150 575
6473 4 0 2359 574 150 2177
6474 4 0 2359 1640 150 574
6475 4 0 149 1640 150 2359
6476 4 0 150 149 1015 1640
6477 4 0 1835 151 1015 152
6478 4 0 1073 999 1026 2313
6479 4 0 1073 1034 1026 999
6480 4 0 1074 1629 129 128
6481 4 0 1049 1955 2364 581
6482 4 0 1622 2000 1022 1467
6483 4 0 1954 1065 62 1630
6484 4 0 399 2183 996 573
6485 4 0 343 902 1588 1933
6486 4 0 400 1000 1072 147
6487 4 0 1888 1054 1033 1014
6488 4 0 2211 550 545 2086
6489 4 0 2441 2410 124 1052
6490 4 0 1295 2232 1285 1276
6491 4 0 999 1640 2377 149
6492 4 0 573 572 1001 1816
6493 4 0 180 557 1051 2408
6494 4 0 147 574 400 1046
6495 4 0 1641 576 543 1003
6496 4 0 2376 909 133 1927
6497 4 0 2282 2071 1145 1160
6498 4 0 389 574 2377 999
6499 4 0 1823 1640 2377 1046
6500 4 0 1066 2175 2056 2057
6501 4 0 2167 847 2211 1929
6502 4 0 151 1003 1015 391
6503 4 0 1072 2183 2497 400
6504 4 0 1064 2439 2311 1023
6505 4 0 1072 2183 573 571
6506 4 0 2449 2174 2272 1639
6507 4 0 393 2059 1051 1029
6508 4 0 124 1642 1638 394
6509 4 0 389 574 1042 2177
6510 4 0 1007 2418 2214 1625
6511 4 0 1625 2418 1059 1021
6512 4 0 1045 196 2332 1001
6513 4 0 1828 1647 124 2441
6514 4 0 2344 1730 594 607
6515 4 0 2377 1000 2409 1834
6516 4 0 1888 576 1033 577
6517 4 0 147 2177 196 2089
6518 4 0 994 1036 386 63
6519 4 0 571 572 1001 573
6520 4 0 138 2243 616 1749
6521 4 0 2177 1997 1887 575
6522 4 0 365 906 905 130
6523 4 0 400 1072 1644 2497
6524 4 0 400 1000 1644 1072
6525 4 0 1068 1640 1629 1015
6526 4 0 1043 149 1068 1015
6527 4 0 999 574 2377 1640
6528 4 0 1068 1015 1074 1043
6529 4 0 1063 2451 1634 1641
6530 4 0 1015 149 1068 1640
6531 4 0 1072 2183 1644 2497
6532 4 0 1063 586 85 1634
6533 4 0 1046 1640 2377 574
6534 4 0 1929 2086 545 546
6535 4 0 1068 149 2377 1640
6536 4 0 82 1955 2364 1017
6537 4 0 76 1321 1263 1323
6538 4 0 196 147 1631 2177
6539 4 0 571 2183 1644 1072
6540 4 0 2177 575 1887 147
6541 4 0 151 1005 129 1888
6542 4 0 1644 400 1823 1000
6543 4 0 393 180 1643 396
6544 4 0 1823 400 2409 1000
6545 4 0 1228 359 366 1213
6546 4 0 391 1074 1003 2451
6547 4 0 1727 649 203 2428
6548 4 0 1797 1798 352 2415
6549 4 0 401 1050 1833 1952
6550 4 0 498 500 1988 1715
6551 4 0 1033 1014 1026 1073
6552 4 0 1888 1014 1033 1043
6553 4 0 389 2177 1631 147
6554 4 0 2441 993 1828 1647
6555 4 0 1030 1951 996 1027
6556 4 0 149 1014 1034 2359
6557 4 0 1262 1319 1090 256
6558 4 0 1014 1043 1073 1033
6559 4 0 1823 1000 2409 2377
6560 4 0 1073 1014 1026 1034
6561 4 0 2377 1000 1629 1823
6562 4 0 1043 1888 543 1033
6563 4 0 2359 149 999 1034
6564 4 0 2359 1640 999 149
6565 4 0 999 1640 1042 574
6566 4 0 2359 1640 1042 999
6567 4 0 2359 574 1042 1640
6568 4 0 576 2313 577 1404
6569 4 0 2415 1725 550 1994
6570 4 0 1869 1392 202 288
6571 4 0 323 1932 895 341
6572 4 0 1589 2487 1569 839
6573 4 0 1054 1014 1008 1026
6574 4 0 392 1026 1008 1014
6575 4 0 1823 1640 1629 2377
6576 4 0 1046 1640 1074 1823
6577 4 0 1033 1054 1026 1014
6578 4 0 2211 550 867 545
6579 4 0 1043 389 999 1073
6580 4 0 1043 999 2409 2377
6581 4 0 496 495 76 494
6582 4 0 1015 1014 1043 149
6583 4 0 1638 1062 2418 1044
6584 4 0 1020 85 1080 1053
6585 4 0 2313 1404 1634 586
6586 4 0 62 2330 386 1036
6587 4 0 1015 151 1043 152
6588 4 0 1048 1824 85 132
6589 4 0 999 149 1068 1043
6590 4 0 546 353 542 2167
6591 4 0 151 1888 1043 152
6592 4 0 1014 152 1043 1888
6593 4 0 1835 1014 1043 1015
6594 4 0 1835 152 1043 1014
6595 4 0 1015 152 1043 1835
6596 4 0 1641 576 1033 543
6597 4 0 331 1937 1881 874
6598 4 0 1796 901 1569 839
6599 4 0 2496 652 665 1472
6600 4 0 633 1495 1482 2466
6601 4 0 1244 1715 498 1987
6602 4 0 1033 1888 1026 1054
6603 4 0 577 1888 1026 1033
6604 4 0 577 1054 1008 1888
6605 4 0 392 1014 1008 1034
6606 4 0 2468 2132 83 1023
6607 4 0 577 1026 1008 392
6608 4 0 577 1888 1008 1026
6609 4 0 1026 1888 1008 1054
6610 4 0 595 663 665 1505
6611 4 0 1015 1068 1074 1629
6612 4 0 2211 1929 545 2167
6613 4 0 1629 1640 1074 1015
6614 4 0 571 147 1834 1631
6615 4 0 2272 1639 998 2418
6616 4 0 996 1029 1051 2408
6617 4 0 1072 147 1834 571
6618 4 0 1072 1000 1834 147
6619 4 0 1072 571 1834 1644
6620 4 0 1644 1000 1834 1072
6621 4 0 1644 571 1834 2183
6622 4 0 573 571 1834 1001
6623 4 0 573 2183 1834 571
6624 4 0 375 382 1343 1707
6625 4 0 2332 1834 996 1045
6626 4 0 582 1071 1824 580
6627 4 0 1823 1640 1074 1629
6628 4 0 1794 537 895 538
6629 4 0 250 1214 908 1265
6630 4 0 1823 400 1074 1046
6631 4 0 1017 1081 2364 1053
6632 4 0 1834 1000 2409 147
6633 4 0 151 1003 391 1005
6634 4 0 129 151 391 1005
6635 4 0 2377 1640 1629 1068
6636 4 0 1307 1321 1431 279
6637 4 0 1198 2231 1972 1585
6638 4 0 1063 586 1634 1009
6639 4 0 1065 1036 386 994
6640 4 0 1929 1590 546 2167
6641 4 0 147 1000 2409 400
6642 4 0 1206 1885 857 130
6643 4 0 147 1631 2409 1834
6644 4 0 147 389 2409 1631
6645 4 0 1046 1823 2409 2377
6646 4 0 1823 1046 2409 400
6647 4 0 1046 147 2409 400
6648 4 0 2377 389 2409 574
6649 4 0 2377 574 2409 1046
6650 4 0 147 574 2409 389
6651 4 0 147 1046 2409 574
6652 4 0 1881 1937 547 874
6653 4 0 1074 1068 129 1629
6654 4 0 543 1888 129 1005
6655 4 0 1074 1640 391 1015
6656 4 0 543 1043 129 1888
6657 4 0 1307 1321 1263 1431
6658 4 0 129 543 1641 1068
6659 4 0 1015 1043 391 1074
6660 4 0 1015 151 391 1043
6661 4 0 129 1043 391 151
6662 4 0 1074 1043 391 129
6663 4 0 401 1025 1825 1011
6664 4 0 995 559 1051 1067
6665 4 0 1459 1891 1896 648
6666 4 0 2216 1071 1824 582
6667 4 0 127 2167 542 353
6668 4 0 582 1009 2216 2451
6669 4 0 1063 1641 1634 543
6670 4 0 1641 2313 1634 1033
6671 4 0 1048 581 85 582
6672 4 0 1033 543 1634 1641
6673 4 0 1033 1043 1634 543
6674 4 0 1015 1003 1640 391
6675 4 0 644 2319 2341 145
6676 4 0 128 132 1641 1824
6677 4 0 1641 2451 1634 1009
6678 4 0 1209 1218 363 1211
6679 4 0 68 2313 1020 1634
6680 4 0 128 543 1641 129
6681 4 0 1634 576 2313 1641
6682 4 0 2313 576 577 1033
6683 4 0 2313 576 1033 1641
6684 4 0 128 2451 1003 1074
6685 4 0 391 1005 1003 129
6686 4 0 1641 1009 1003 2451
6687 4 0 1641 2451 1003 128
6688 4 0 129 1074 1003 391
6689 4 0 129 128 1003 1074
6690 4 0 543 128 1003 129
6691 4 0 129 1005 1003 543
6692 4 0 1406 1414 1413 1557
6693 4 0 128 543 1003 1641
6694 4 0 576 1009 1404 582
6695 4 0 1033 576 1003 543
6696 4 0 1888 576 1003 1033
6697 4 0 1888 1005 1003 576
6698 4 0 543 1005 1003 1888
6699 4 0 543 1888 1003 1033
6700 4 0 1017 1955 2364 2088
6701 4 0 658 485 608 1891
6702 4 0 2184 1071 89 1079
6703 4 0 1026 1014 392 1034
6704 4 0 132 1824 1832 1048
6705 4 0 2215 1635 2439 1060
6706 4 0 132 2216 1063 1641
6707 4 0 2313 1033 85 1634
6708 4 0 906 2415 1994 130
6709 4 0 1725 549 1994 2415
6710 4 0 2216 1009 1063 2451
6711 4 0 2216 582 1063 1009
6712 4 0 586 1009 1063 582
6713 4 0 2143 1491 2151 1741
6714 4 0 2216 132 1063 1824
6715 4 0 1824 582 1063 2216
6716 4 0 1634 576 1404 2313
6717 4 0 1048 132 85 1063
6718 4 0 1431 495 76 496
6719 4 0 1063 132 85 1824
6720 4 0 1824 582 85 1063
6721 4 0 1832 132 1011 1025
6722 4 0 1063 132 1832 1048
6723 4 0 2497 2183 399 400
6724 4 0 2131 1989 2217 2215
6725 4 0 582 580 1048 581
6726 4 0 1824 580 1048 582
6727 4 0 1079 1081 1048 580
6728 4 0 580 1071 1048 1079
6729 4 0 1824 1071 1048 580
6730 4 0 1048 1071 1832 1079
6731 4 0 1824 1832 89 1025
6732 4 0 2218 589 1467 2000
6733 4 0 1048 1063 2184 1832
6734 4 0 2488 2415 867 131
6735 4 0 2415 1994 550 2389
6736 4 0 2216 1071 89 1824
6737 4 0 1084 1055 1085 2439
6738 4 0 909 353 542 1927
6739 4 0 133 1927 1798 2415
6740 4 0 1580 2211 2389 2038
6741 4 0 2216 997 1824 89
6742 4 0 2216 2451 89 1071
6743 4 0 1635 1056 87 1040
6744 4 0 1213 1785 366 1229
6745 4 0 1011 1025 2184 1832
6746 4 0 1263 1987 905 1431
6747 4 0 1071 1079 2184 1832
6748 4 0 206 1312 1291 1320
6749 4 0 133 2167 867 127
6750 4 0 2211 2086 545 1929
6751 4 0 549 130 2415 548
6752 4 0 1269 1292 1285 1270
6753 4 0 1569 1796 1881 2490
6754 4 0 130 548 906 2415
6755 4 0 1797 1798 857 344
6756 4 0 1797 906 857 1798
6757 4 0 1229 2423 1237 1250
6758 4 0 1644 2497 996 1027
6759 4 0 2184 1025 89 1832
6760 4 0 2211 2167 867 847
6761 4 0 2211 2167 545 127
6762 4 0 1035 1030 1057 2329
6763 4 0 1206 130 857 906
6764 4 0 544 546 542 1456
6765 4 0 905 1798 1697 906
6766 4 0 1232 1244 365 1435
6767 4 0 133 2415 1798 131
6768 4 0 545 127 867 2211
6769 4 0 501 1432 2321 2288
6770 4 0 2321 500 1988 498
6771 4 0 863 1211 2283 2073
6772 4 0 1929 1937 546 1590
6773 4 0 365 1244 905 86
6774 4 0 2459 1251 1269 364
6775 4 0 1056 1040 1635 997
6776 4 0 1048 1071 89 1832
6777 4 0 2038 873 2389 1580
6778 4 0 1580 1930 2389 1885
6779 4 0 1580 361 2389 1930
6780 4 0 1580 873 2389 361
6781 4 0 1048 1824 89 1071
6782 4 0 2184 1832 89 1071
6783 4 0 1630 1954 2312 62
6784 4 0 1994 1885 550 2389
6785 4 0 2038 891 550 361
6786 4 0 847 891 550 2038
6787 4 0 996 2332 2408 1816
6788 4 0 996 1067 1051 1029
6789 4 0 1868 1326 1335 1345
6790 4 0 1832 1824 89 1048
6791 4 0 995 399 2329 1030
6792 4 0 89 1071 401 1079
6793 4 0 997 1011 1989 1025
6794 4 0 2056 1066 2055 2378
6795 4 0 1025 997 401 89
6796 4 0 1004 1018 1032 2055
6797 4 0 1021 1057 2329 2087
6798 4 0 2117 1930 857 350
6799 4 0 1025 1011 401 997
6800 4 0 2184 1025 401 89
6801 4 0 89 1079 401 2184
6802 4 0 1053 85 1080 1048
6803 4 0 85 586 1020 1634
6804 4 0 2151 2011 600 605
6805 4 0 2218 2000 1022 2058
6806 4 0 392 1026 1020 2313
6807 4 0 68 1634 1020 586
6808 4 0 352 550 897 2376
6809 4 0 1077 1732 1998 1467
6810 4 0 1434 1247 1256 2485
6811 4 0 1040 1055 1989 2215
6812 4 0 1989 1040 2215 2131
6813 4 0 2059 2358 1029 1067
6814 4 0 194 2420 998 2272
6815 4 0 910 2126 1954 1065
6816 4 0 1036 2312 2331 386
6817 4 0 1820 2126 1018 2176
6818 4 0 1954 2126 62 1065
6819 4 0 1031 2176 1069 1831
6820 4 0 1831 2176 1069 2179
6821 4 0 552 1642 394 395
6822 4 0 1954 910 2179 2126
6823 4 0 1954 2126 2179 62
6824 4 0 2180 1002 2379 1817
6825 4 0 1018 2176 1031 1037
6826 4 0 1928 846 1455 1786
6827 4 0 1065 1630 1954 910
6828 4 0 2419 1837 1087 1636
6829 4 0 1831 121 2128 1069
6830 4 0 1075 2481 2181 387
6831 4 0 2178 2127 1010 2130
6832 4 0 1632 2273 1058 1028
6833 4 0 2415 1725 867 550
6834 4 0 2312 1065 1036 1830
6835 4 0 62 1065 1036 2312
6836 4 0 386 2390 2331 1632
6837 4 0 1065 1630 2274 2312
6838 4 0 2312 1830 2274 1065
6839 4 0 1031 1037 1831 121
6840 4 0 2175 2180 1078 2219
6841 4 0 1820 2126 1831 1065
6842 4 0 2055 1066 1032 2378
6843 4 0 1086 395 134 2182
6844 4 0 2182 395 134 1019
6845 4 0 2055 1018 1037 1820
6846 4 0 2274 1630 2128 122
6847 4 0 2179 2126 1820 2176
6848 4 0 1037 1032 1831 121
6849 4 0 2056 1818 1004 2057
6850 4 0 1817 2180 2057 2175
6851 4 0 2378 1818 1032 1004
6852 4 0 1636 2481 1837 1087
6853 4 0 2441 993 2178 2410
6854 4 0 1018 2219 2055 2379
6855 4 0 121 1032 1831 2378
6856 4 0 547 1569 546 1590
6857 4 0 2057 2180 1078 2175
6858 4 0 2057 1628 2056 1066
6859 4 0 1632 1070 1061 1624
6860 4 0 1035 1030 2329 399
6861 4 0 2481 1726 2450 1953
6862 4 0 2441 1052 124 1828
6863 4 0 2310 1626 1013 2127
6864 4 0 2379 1004 2055 1018
6865 4 0 1796 2487 1881 2490
6866 4 0 1018 2176 1037 1820
6867 4 0 1004 1818 1032 1018
6868 4 0 1031 1954 1069 2179
6869 4 0 2055 1066 1078 1032
6870 4 0 384 2219 1817 2175
6871 4 0 1002 2219 1817 384
6872 4 0 2175 2219 2379 2180
6873 4 0 2055 2378 1032 1004
6874 4 0 2378 2056 1004 2055
6875 4 0 2219 1628 2379 2180
6876 4 0 2057 1818 1004 1628
6877 4 0 1018 1818 1031 2176
6878 4 0 184 2011 605 161
6879 4 0 1488 172 1496 2344
6880 4 0 2385 1749 616 647
6881 4 0 1954 1630 2128 910
6882 4 0 1031 2179 1069 2176
6883 4 0 1623 1818 1069 1031
6884 4 0 1065 2126 1831 910
6885 4 0 1476 621 1471 654
6886 4 0 1820 1065 1831 1037
6887 4 0 1013 2310 134 136
6888 4 0 136 1086 134 1013
6889 4 0 395 134 1826 552
6890 4 0 1830 1065 1831 910
6891 4 0 1037 1065 1831 1830
6892 4 0 2378 1818 1623 1032
6893 4 0 1032 1018 1623 1037
6894 4 0 1032 1818 1623 1018
6895 4 0 1037 1623 121 1031
6896 4 0 1623 1037 121 1032
6897 4 0 1623 1032 121 2378
6898 4 0 1831 2378 2128 121
6899 4 0 1831 2126 2128 910
6900 4 0 1623 1031 1069 121
6901 4 0 1019 1038 2309 1626
6902 4 0 2179 2126 1831 1820
6903 4 0 121 122 2128 1630
6904 4 0 2176 1820 1831 1031
6905 4 0 2176 2179 1831 1820
6906 4 0 1069 1630 2128 1954
6907 4 0 2179 910 2128 2126
6908 4 0 2179 1831 2128 1069
6909 4 0 2179 2126 2128 1831
6910 4 0 2179 1954 2128 910
6911 4 0 1069 1954 2128 2179
6912 4 0 2174 2449 2272 1039
6913 4 0 539 2490 2491 1454
6914 4 0 2449 1039 1007 194
6915 4 0 63 1627 994 1041
6916 4 0 1647 2174 2272 1039
6917 4 0 1626 2127 2182 1038
6918 4 0 899 2476 1933 357
6919 4 0 2436 892 900 904
6920 4 0 122 1630 2390 2312
6921 4 0 1626 1019 2182 2310
6922 4 0 2310 2127 2182 1626
6923 4 0 540 1454 2491 2490
6924 4 0 122 1830 2331 2274
6925 4 0 1726 1953 1636 1076
6926 4 0 1013 1086 1637 136
6927 4 0 1642 1637 394 395
6928 4 0 881 1993 1880 1928
6929 4 0 1491 183 2151 1486
6930 4 0 2418 1639 998 1625
6931 4 0 1086 395 1637 136
6932 4 0 1087 1953 2481 387
6933 4 0 1041 1726 2450 551
6934 4 0 2358 1006 2059 2420
6935 4 0 151 1003 1005 1015
6936 4 0 2181 1627 1836 1075
6937 4 0 2130 2419 402 126
6938 4 0 2309 387 2181 2481
6939 4 0 2130 126 402 2182
6940 4 0 1075 2314 2181 1627
6941 4 0 1828 1457 124 1647
6942 4 0 2181 1076 1836 1726
6943 4 0 2182 1626 402 1019
6944 4 0 2312 1630 2390 1954
6945 4 0 2330 1627 63 1041
6946 4 0 323 853 895 1932
6947 4 0 1039 1647 194 2272
6948 4 0 2481 1953 1636 1726
6949 4 0 1576 892 900 1936
6950 4 0 1038 1953 1087 387
6951 4 0 2182 1086 2130 1013
6952 4 0 1637 395 552 136
6953 4 0 1052 1822 124 1821
6954 4 0 1013 2127 2130 2310
6955 4 0 2182 2310 2130 2127
6956 4 0 1013 2310 2130 2182
6957 4 0 2314 1627 2330 1624
6958 4 0 2309 1041 2181 1627
6959 4 0 552 135 1828 993
6960 4 0 1726 2481 551 2181
6961 4 0 2130 1087 402 2419
6962 4 0 2150 2200 1898 2090
6963 4 0 1038 1019 402 1626
6964 4 0 2182 2127 402 1038
6965 4 0 126 2127 402 2182
6966 4 0 2181 1726 1836 1041
6967 4 0 122 2274 2331 1632
6968 4 0 2390 2312 2331 1830
6969 4 0 386 2312 2331 2390
6970 4 0 2330 62 63 1036
6971 4 0 994 2314 1829 1627
6972 4 0 156 157 1889 1479
6973 4 0 62 386 1624 2312
6974 4 0 2481 1953 1088 1636
6975 4 0 1837 2481 2181 1075
6976 4 0 1837 1636 2181 2481
6977 4 0 1726 2481 2181 1636
6978 4 0 1038 1953 2450 1726
6979 4 0 1636 1076 2181 1726
6980 4 0 1837 1076 2181 1636
6981 4 0 1624 2314 2390 1070
6982 4 0 2273 1070 1028 1632
6983 4 0 138 1749 616 1496
6984 4 0 1041 1726 551 2181
6985 4 0 1070 1075 1012 2314
6986 4 0 1837 1075 1012 1070
6987 4 0 1636 1076 1088 1058
6988 4 0 1626 1038 2450 1013
6989 4 0 1038 1626 2450 2309
6990 4 0 994 1070 1829 2314
6991 4 0 2312 1830 2390 122
6992 4 0 1632 1070 1028 1061
6993 4 0 2419 1087 1088 1636
6994 4 0 2090 2254 1898 2150
6995 4 0 2309 1626 551 2310
6996 4 0 2181 2309 551 1041
6997 4 0 1487 1730 1478 1473
6998 4 0 1636 1953 1088 1076
6999 4 0 1624 1070 2330 2314
7000 4 0 1837 1012 1058 2273
7001 4 0 1320 2482 1298 1347
7002 4 0 2481 1087 1088 1953
7003 4 0 1829 1627 1836 994
7004 4 0 994 1624 1061 1070
7005 4 0 63 2314 994 1627
7006 4 0 1829 1076 1836 1058
7007 4 0 1837 1075 1058 1012
7008 4 0 2330 2314 994 63
7009 4 0 2330 1070 994 2314
7010 4 0 2330 1624 994 1070
7011 4 0 1012 2314 1829 1070
7012 4 0 1012 1075 1829 2314
7013 4 0 1627 2314 1829 1075
7014 4 0 386 1830 1061 2331
7015 4 0 1632 386 1061 2331
7016 4 0 1632 1624 1061 386
7017 4 0 122 1012 2273 1632
7018 4 0 2419 1038 347 1088
7019 4 0 1012 1636 2273 1837
7020 4 0 2274 1830 2331 910
7021 4 0 2390 122 2331 1632
7022 4 0 2390 1830 2331 122
7023 4 0 1829 1012 1058 1075
7024 4 0 1624 2312 386 2390
7025 4 0 63 1036 386 2330
7026 4 0 62 386 2312 1036
7027 4 0 994 1627 1836 1041
7028 4 0 1012 1630 2390 122
7029 4 0 2390 1012 122 1632
7030 4 0 386 2390 1632 1624
7031 4 0 1070 1624 1632 2390
7032 4 0 1837 1636 1058 1076
7033 4 0 134 136 552 395
7034 4 0 2331 1632 1028 1061
7035 4 0 63 994 1061 386
7036 4 0 994 2330 1061 1624
7037 4 0 63 2330 1061 994
7038 4 0 2330 63 1061 386
7039 4 0 386 1624 1061 2330
7040 4 0 1632 1012 2273 1070
7041 4 0 1028 1829 1058 1076
7042 4 0 2273 1636 1058 1837
7043 4 0 2436 890 125 1724
7044 4 0 2273 1012 1028 1070
7045 4 0 1829 1012 1028 2273
7046 4 0 1829 1070 1028 1012
7047 4 0 1061 1070 1028 994
7048 4 0 1829 994 1028 1070
7049 4 0 1061 994 1028 1829
7050 4 0 1829 1726 1836 1076
7051 4 0 2181 1041 1836 1627
7052 4 0 1075 1627 1836 1829
7053 4 0 1075 1837 1836 2181
7054 4 0 1058 1075 1836 1829
7055 4 0 2181 1837 1836 1076
7056 4 0 1837 1075 1836 1058
7057 4 0 1058 1076 1836 1837
7058 4 0 1636 1087 1088 2481
7059 4 0 1087 1038 1088 1953
7060 4 0 2419 1038 1088 1087
7061 4 0 402 2127 347 1038
7062 4 0 126 2127 347 402
7063 4 0 402 1038 347 2419
7064 4 0 402 2419 347 126
7065 4 0 551 1726 2450 2481
7066 4 0 387 1953 2450 1038
7067 4 0 387 1038 2450 2309
7068 4 0 2481 2309 2450 551
7069 4 0 387 2309 2450 2481
7070 4 0 2481 1953 2450 387
7071 4 0 1633 1821 124 1822
7072 4 0 1724 892 900 2436
7073 4 0 1822 2410 124 2441
7074 4 0 293 282 199 1377
7075 4 0 250 359 908 1214
7076 4 0 1052 1642 124 394
7077 4 0 1639 2449 2418 2272
7078 4 0 1647 2241 1828 1457
7079 4 0 993 1642 2410 1052
7080 4 0 902 343 1588 904
7081 4 0 2436 2476 125 890
7082 4 0 2085 1880 540 1723
7083 4 0 2059 1625 1067 1021
7084 4 0 641 2243 2150 2010
7085 4 0 2174 1633 1639 1039
7086 4 0 638 637 162 2345
7087 4 0 125 1936 900 1724
7088 4 0 1826 1457 137 1827
7089 4 0 1637 2130 2129 1642
7090 4 0 1143 1112 2145 2265
7091 4 0 2410 2441 1010 2178
7092 4 0 1333 1340 1295 2469
7093 4 0 537 853 895 341
7094 4 0 899 343 1933 2476
7095 4 0 1318 257 1269 1251
7096 4 0 1340 1288 1295 2469
7097 4 0 552 135 993 1642
7098 4 0 552 1457 1826 1828
7099 4 0 395 1827 1826 134
7100 4 0 1333 2317 1295 1305
7101 4 0 993 2241 1828 1647
7102 4 0 1052 993 2441 2410
7103 4 0 137 2241 2449 1639
7104 4 0 2174 1822 2441 2410
7105 4 0 2130 2127 1010 126
7106 4 0 618 1472 2098 2496
7107 4 0 1647 1633 2174 1039
7108 4 0 1822 2441 124 1647
7109 4 0 1052 1821 124 1633
7110 4 0 2449 137 553 1457
7111 4 0 2241 1457 553 1828
7112 4 0 394 1062 124 1828
7113 4 0 1822 1052 124 2410
7114 4 0 1637 1086 394 395
7115 4 0 1333 1332 1976 1342
7116 4 0 1269 1270 1285 1272
7117 4 0 126 2127 1010 347
7118 4 0 288 1364 1343 382
7119 4 0 1010 1637 2129 136
7120 4 0 1010 126 2129 2130
7121 4 0 993 1642 2129 2410
7122 4 0 2178 136 2129 135
7123 4 0 2130 1013 2178 2127
7124 4 0 901 353 542 546
7125 4 0 1642 136 2129 1637
7126 4 0 993 135 2129 1642
7127 4 0 1379 1356 1378 1868
7128 4 0 1010 347 2129 126
7129 4 0 993 2410 2129 1010
7130 4 0 1642 126 2130 2129
7131 4 0 993 1013 2178 135
7132 4 0 2410 1052 2129 1822
7133 4 0 1642 135 2129 136
7134 4 0 1010 136 2129 2178
7135 4 0 1013 136 2178 135
7136 4 0 1637 1013 2178 2130
7137 4 0 1637 136 2178 1013
7138 4 0 2410 1642 2129 1052
7139 4 0 2441 2174 1647 1822
7140 4 0 1057 555 2087 1021
7141 4 0 2178 1637 1010 136
7142 4 0 552 1827 1826 395
7143 4 0 1828 1052 124 394
7144 4 0 394 1642 1638 1637
7145 4 0 394 1062 1638 124
7146 4 0 1638 1062 1639 1827
7147 4 0 1826 1827 1638 1457
7148 4 0 1826 1457 1638 124
7149 4 0 194 2272 2418 2449
7150 4 0 998 2420 2214 1625
7151 4 0 552 395 394 1827
7152 4 0 1828 1827 394 1062
7153 4 0 1828 993 394 552
7154 4 0 1642 552 394 993
7155 4 0 874 1786 2491 888
7156 4 0 1826 552 394 1827
7157 4 0 1828 552 394 1826
7158 4 0 1826 1827 394 1828
7159 4 0 1642 993 394 1052
7160 4 0 1828 2441 394 993
7161 4 0 1052 2441 394 1828
7162 4 0 1052 993 394 2441
7163 4 0 360 1657 1125 55
7164 4 0 200 1367 1391 208
7165 4 0 1633 2241 1039 1647
7166 4 0 1455 1786 874 1928
7167 4 0 1633 1647 2174 1822
7168 4 0 2329 1030 1951 995
7169 4 0 1044 1827 1639 1062
7170 4 0 2358 2333 2059 1006
7171 4 0 1457 2241 137 1638
7172 4 0 124 1062 1638 1827
7173 4 0 1638 2241 1639 1633
7174 4 0 996 399 557 1030
7175 4 0 1457 1828 124 1826
7176 4 0 1828 1827 124 1826
7177 4 0 1828 1062 124 1827
7178 4 0 124 1457 1638 1647
7179 4 0 1647 2241 1638 1633
7180 4 0 1647 1457 1638 2241
7181 4 0 124 1647 1638 1822
7182 4 0 1633 1822 1638 1647
7183 4 0 124 1822 1638 1633
7184 4 0 1044 1827 137 1639
7185 4 0 1794 840 895 537
7186 4 0 546 1569 1882 544
7187 4 0 2449 1457 553 2241
7188 4 0 2200 637 638 2345
7189 4 0 1027 399 996 1030
7190 4 0 2449 2241 1007 1039
7191 4 0 1030 399 557 995
7192 4 0 1470 1496 616 612
7193 4 0 998 1822 1821 1633
7194 4 0 1638 1827 137 1457
7195 4 0 1639 1638 137 2241
7196 4 0 1827 1638 137 1639
7197 4 0 539 1454 2491 540
7198 4 0 998 194 2214 2420
7199 4 0 1625 2418 2214 998
7200 4 0 2174 1633 998 1639
7201 4 0 1639 2174 1039 2449
7202 4 0 2449 2241 1039 1639
7203 4 0 1638 1044 2418 1639
7204 4 0 2358 2420 998 1625
7205 4 0 1476 621 611 1485
7206 4 0 2272 2449 194 1039
7207 4 0 2272 1006 393 2333
7208 4 0 652 191 1746 1480
7209 4 0 403 1270 1326 182
7210 4 0 593 619 2095 1734
7211 4 0 2272 2174 1006 2420
7212 4 0 998 1822 2420 2358
7213 4 0 2174 998 2272 1639
7214 4 0 1951 1644 1027 2497
7215 4 0 1212 1261 1250 2288
7216 4 0 995 2087 2329 555
7217 4 0 1588 2487 1589 839
7218 4 0 2344 1488 2484 1496
7219 4 0 1590 1937 1881 2355
7220 4 0 1007 194 2214 998
7221 4 0 1625 2358 2214 2333
7222 4 0 1589 1590 1569 2487
7223 4 0 2150 619 664 1734
7224 4 0 1788 828 120 1563
7225 4 0 1822 2358 998 1821
7226 4 0 2358 2420 1625 1006
7227 4 0 2254 619 2095 593
7228 4 0 1484 1746 2005 663
7229 4 0 1470 1473 606 1485
7230 4 0 1007 998 2214 2418
7231 4 0 2418 2449 1007 194
7232 4 0 2332 2054 180 907
7233 4 0 1067 1059 1951 995
7234 4 0 1021 555 2087 554
7235 4 0 1006 194 2214 2333
7236 4 0 2476 888 125 890
7237 4 0 546 1569 542 901
7238 4 0 1035 2418 1057 1044
7239 4 0 1067 393 1029 2059
7240 4 0 194 2272 998 2418
7241 4 0 904 2476 2436 892
7242 4 0 1995 2214 1950 554
7243 4 0 996 1045 2408 2332
7244 4 0 1006 2333 2059 393
7245 4 0 996 2054 557 399
7246 4 0 874 331 2491 902
7247 4 0 874 1455 2491 1786
7248 4 0 1748 595 1503 157
7249 4 0 1639 137 2418 2449
7250 4 0 1639 1044 2418 137
7251 4 0 1625 2418 1057 1035
7252 4 0 892 890 2436 1724
7253 4 0 1995 554 1950 556
7254 4 0 2214 2333 554 555
7255 4 0 1827 1826 1035 137
7256 4 0 331 2355 1881 1937
7257 4 0 624 619 162 2200
7258 4 0 1625 2420 2214 1006
7259 4 0 1006 2420 2214 194
7260 4 0 1035 1044 1057 1827
7261 4 0 2333 555 2214 1625
7262 4 0 396 180 1643 559
7263 4 0 1816 573 995 399
7264 4 0 2488 1725 867 2415
7265 4 0 1006 2333 2214 2358
7266 4 0 1006 2358 2214 1625
7267 4 0 998 2418 1007 194
7268 4 0 1045 1631 2332 196
7269 4 0 1057 1625 1021 2418
7270 4 0 1057 2418 1021 1044
7271 4 0 890 1939 1724 1936
7272 4 0 1625 555 554 2333
7273 4 0 1625 2333 554 2358
7274 4 0 2329 995 1951 1059
7275 4 0 607 2344 643 594
7276 4 0 156 2416 620 657
7277 4 0 1007 1995 556 2214
7278 4 0 2214 555 556 1007
7279 4 0 2214 1995 556 554
7280 4 0 554 555 556 2214
7281 4 0 1044 1827 1035 137
7282 4 0 902 2490 2491 874
7283 4 0 1928 1936 1880 1724
7284 4 0 1044 137 1035 1007
7285 4 0 137 1007 555 1035
7286 4 0 903 902 1588 904
7287 4 0 2418 1044 1035 1007
7288 4 0 1625 2418 1035 1007
7289 4 0 2214 555 1035 1625
7290 4 0 1007 555 1035 2214
7291 4 0 2214 1625 1035 1007
7292 4 0 2059 2358 1067 1625
7293 4 0 2399 2087 1950 559
7294 4 0 2059 2333 1950 393
7295 4 0 907 2332 2408 1045
7296 4 0 554 1625 1021 1057
7297 4 0 554 2059 1021 1625
7298 4 0 1644 1000 1027 1834
7299 4 0 902 331 2491 888
7300 4 0 1035 555 2329 1057
7301 4 0 638 2200 664 637
7302 4 0 1057 555 1021 554
7303 4 0 847 1937 2211 879
7304 4 0 900 899 357 2436
7305 4 0 591 1489 639 141
7306 4 0 573 399 2329 995
7307 4 0 1794 346 895 1932
7308 4 0 1027 1951 996 1059
7309 4 0 1027 1059 996 1067
7310 4 0 554 2214 1950 2333
7311 4 0 624 1889 593 162
7312 4 0 1027 1000 996 1834
7313 4 0 2332 2183 996 1644
7314 4 0 2243 138 1499 1749
7315 4 0 624 2345 1898 2200
7316 4 0 554 1021 1950 2087
7317 4 0 2087 1067 1950 559
7318 4 0 1021 554 1950 2059
7319 4 0 2358 2333 1950 2059
7320 4 0 554 2333 1950 2358
7321 4 0 1067 393 1950 1029
7322 4 0 1067 2059 1950 393
7323 4 0 1021 2059 1950 1067
7324 4 0 554 1625 1950 2059
7325 4 0 2358 1625 1950 554
7326 4 0 2358 2059 1950 1625
7327 4 0 1059 1067 1950 2087
7328 4 0 1059 1021 1950 1067
7329 4 0 2087 1021 1950 1059
7330 4 0 902 888 2491 2490
7331 4 0 995 558 557 2399
7332 4 0 890 1928 1724 1939
7333 4 0 1928 1993 1880 1936
7334 4 0 2329 1021 1951 1030
7335 4 0 1794 1932 895 840
7336 4 0 1059 1021 1951 2329
7337 4 0 2087 558 995 2399
7338 4 0 907 180 396 1051
7339 4 0 344 909 897 1927
7340 4 0 2087 1067 995 1059
7341 4 0 2087 559 995 1067
7342 4 0 2399 559 995 2087
7343 4 0 881 1724 540 890
7344 4 0 2211 1786 874 1937
7345 4 0 1951 2497 1027 1030
7346 4 0 371 380 2044 1814
7347 4 0 1030 2497 1027 399
7348 4 0 64 65 166 605
7349 4 0 399 2497 1027 2183
7350 4 0 2092 1749 647 1499
7351 4 0 1045 389 2332 1631
7352 4 0 2332 1644 996 1834
7353 4 0 657 1481 2250 2098
7354 4 0 537 840 895 853
7355 4 0 1932 853 895 840
7356 4 0 261 341 895 853
7357 4 0 323 341 895 261
7358 4 0 261 853 895 323
7359 4 0 2476 125 357 899
7360 4 0 904 343 2436 2476
7361 4 0 1269 1270 1272 1318
7362 4 0 1928 1993 1936 537
7363 4 0 1936 890 900 1724
7364 4 0 1343 288 202 1364
7365 4 0 537 2458 1936 875
7366 4 0 1576 2458 1936 537
7367 4 0 537 875 1936 858
7368 4 0 1928 858 1936 875
7369 4 0 537 858 1936 1928
7370 4 0 895 341 900 1936
7371 4 0 1454 125 540 2085
7372 4 0 1342 1332 1976 1504
7373 4 0 2436 1576 900 341
7374 4 0 125 2476 540 888
7375 4 0 1939 892 1936 890
7376 4 0 1939 1928 1936 875
7377 4 0 1576 892 1936 2458
7378 4 0 2458 1939 1936 875
7379 4 0 892 1939 1936 2458
7380 4 0 1928 1724 1880 881
7381 4 0 2436 904 900 1576
7382 4 0 546 2167 545 1929
7383 4 0 1880 1724 540 881
7384 4 0 196 2089 1045 1631
7385 4 0 353 2167 909 127
7386 4 0 890 1724 540 125
7387 4 0 2085 125 540 1724
7388 4 0 900 2436 357 125
7389 4 0 540 1786 2491 1455
7390 4 0 1212 2423 1250 1319
7391 4 0 125 1936 357 900
7392 4 0 263 257 1219 1265
7393 4 0 1200 1588 1589 2043
7394 4 0 540 888 2491 1786
7395 4 0 1588 2487 839 902
7396 4 0 1880 881 540 1723
7397 4 0 1200 1590 1589 2487
7398 4 0 1229 1237 366 1213
7399 4 0 901 1590 1589 1200
7400 4 0 901 1200 1589 2043
7401 4 0 901 2043 1589 353
7402 4 0 902 2487 1200 1588
7403 4 0 1200 353 2376 2043
7404 4 0 909 2043 2376 353
7405 4 0 1248 1241 1219 1255
7406 4 0 2415 2426 1798 131
7407 4 0 909 2167 2376 127
7408 4 0 1364 1707 1343 382
7409 4 0 2426 2415 1798 906
7410 4 0 1263 501 905 86
7411 4 0 1259 1267 905 365
7412 4 0 906 548 2426 2415
7413 4 0 131 1927 1798 133
7414 4 0 1993 1928 881 840
7415 4 0 2490 888 2491 540
7416 4 0 546 127 1456 1436
7417 4 0 547 1937 2086 874
7418 4 0 874 2490 1881 2487
7419 4 0 2487 2355 1881 331
7420 4 0 1200 2043 901 353
7421 4 0 2332 196 2054 1001
7422 4 0 1936 1993 1880 537
7423 4 0 1455 541 540 881
7424 4 0 839 1933 1796 899
7425 4 0 357 899 1796 1933
7426 4 0 357 125 540 2490
7427 4 0 1822 2358 2059 2420
7428 4 0 874 888 2491 331
7429 4 0 839 1588 1796 1933
7430 4 0 902 1588 1796 839
7431 4 0 902 1933 1796 1588
7432 4 0 901 1590 1569 1589
7433 4 0 839 2487 1796 902
7434 4 0 547 1937 546 2086
7435 4 0 2367 637 2249 638
7436 4 0 1933 357 2490 1796
7437 4 0 1796 902 2490 1933
7438 4 0 1307 1267 1263 1321
7439 4 0 902 888 2490 2476
7440 4 0 1251 1292 1269 1318
7441 4 0 1933 902 2490 2476
7442 4 0 1933 2476 2490 357
7443 4 0 847 1758 2211 1929
7444 4 0 1589 839 1569 901
7445 4 0 1646 1247 2468 1084
7446 4 0 357 2476 540 125
7447 4 0 2490 888 540 2476
7448 4 0 2490 2476 540 357
7449 4 0 846 1786 540 1455
7450 4 0 846 888 540 1786
7451 4 0 881 890 540 884
7452 4 0 884 888 540 846
7453 4 0 1455 881 540 846
7454 4 0 884 846 540 881
7455 4 0 890 888 540 884
7456 4 0 125 888 540 890
7457 4 0 1786 888 874 331
7458 4 0 2490 874 1881 2491
7459 4 0 845 331 874 1937
7460 4 0 1786 331 874 845
7461 4 0 845 1937 874 1786
7462 4 0 2409 1631 1045 1834
7463 4 0 1881 1590 547 1937
7464 4 0 133 2415 867 1927
7465 4 0 2487 331 1881 874
7466 4 0 546 1881 1882 1569
7467 4 0 2376 2167 133 127
7468 4 0 902 2487 874 331
7469 4 0 2490 2487 874 902
7470 4 0 1200 2167 546 1590
7471 4 0 1436 546 545 547
7472 4 0 1929 879 2211 1937
7473 4 0 901 353 546 1200
7474 4 0 1929 1937 2211 2086
7475 4 0 547 1590 546 1937
7476 4 0 2086 2389 2211 550
7477 4 0 1569 2487 1881 839
7478 4 0 1796 839 1881 2487
7479 4 0 1569 839 1881 1796
7480 4 0 1436 547 1882 546
7481 4 0 546 547 1882 1881
7482 4 0 874 2491 547 1881
7483 4 0 1937 2038 847 2211
7484 4 0 494 77 76 493
7485 4 0 2389 2038 2211 550
7486 4 0 2086 1937 2211 874
7487 4 0 2038 847 2211 550
7488 4 0 1112 1959 505 1116
7489 4 0 1447 1274 1210 1645
7490 4 0 250 2483 908 256
7491 4 0 1321 1267 1263 1323
7492 4 0 1697 1798 857 906
7493 4 0 909 1927 344 353
7494 4 0 1206 906 1797 2415
7495 4 0 350 1930 857 1585
7496 4 0 901 353 344 1927
7497 4 0 546 2167 542 127
7498 4 0 2409 389 1045 1631
7499 4 0 1027 2183 996 399
7500 4 0 2332 573 996 2183
7501 4 0 1644 2183 996 2497
7502 4 0 1233 348 1272 257
7503 4 0 1697 906 857 130
7504 4 0 2198 650 67 66
7505 4 0 1030 995 996 1951
7506 4 0 2332 1045 907 389
7507 4 0 1631 571 1045 1834
7508 4 0 1631 2089 1045 571
7509 4 0 1027 1834 996 1644
7510 4 0 1001 2089 1045 196
7511 4 0 2211 847 867 550
7512 4 0 550 891 867 2376
7513 4 0 2376 2167 867 133
7514 4 0 2376 891 867 2167
7515 4 0 891 847 867 2167
7516 4 0 550 847 867 891
7517 4 0 1816 573 557 995
7518 4 0 1027 2497 996 2183
7519 4 0 2332 1816 996 573
7520 4 0 1067 1059 996 1951
7521 4 0 2054 1816 557 399
7522 4 0 571 1001 1045 1834
7523 4 0 571 2089 1045 1001
7524 4 0 1030 995 557 996
7525 4 0 1713 1712 1501 1494
7526 4 0 907 1816 2408 2332
7527 4 0 907 2332 396 180
7528 4 0 356 828 893 2240
7529 4 0 557 1001 1816 2054
7530 4 0 1001 1816 2332 573
7531 4 0 1045 1001 2332 1834
7532 4 0 2389 361 352 1930
7533 4 0 1834 1001 2332 573
7534 4 0 1834 573 2332 2183
7535 4 0 1834 2183 2332 1644
7536 4 0 559 1001 557 2054
7537 4 0 1816 2332 2054 1001
7538 4 0 2332 196 180 2054
7539 4 0 1295 1333 1976 1346
7540 4 0 1950 2333 1643 393
7541 4 0 180 2054 1643 559
7542 4 0 1869 1361 202 1383
7543 4 0 559 2333 1643 1950
7544 4 0 1051 559 1643 1029
7545 4 0 396 559 1643 1051
7546 4 0 1051 393 1643 396
7547 4 0 2054 1816 2408 907
7548 4 0 576 1634 1009 1641
7549 4 0 655 1892 160 1498
7550 4 0 396 2059 1006 2420
7551 4 0 182 1270 1326 1318
7552 4 0 2376 2043 897 1200
7553 4 0 2054 559 180 557
7554 4 0 2059 396 1051 907
7555 4 0 2408 557 2054 180
7556 4 0 907 2054 180 2408
7557 4 0 1029 1067 1051 559
7558 4 0 557 559 1051 2399
7559 4 0 995 2399 1051 559
7560 4 0 557 2399 1051 995
7561 4 0 995 996 1051 557
7562 4 0 996 1951 1051 1067
7563 4 0 995 1951 1051 996
7564 4 0 995 1067 1051 1951
7565 4 0 1051 557 396 559
7566 4 0 180 557 396 1051
7567 4 0 180 559 396 557
7568 4 0 1487 594 1478 1730
7569 4 0 1051 1029 1643 393
7570 4 0 1067 559 1643 1950
7571 4 0 1067 1029 1643 559
7572 4 0 1950 1029 1643 1067
7573 4 0 624 2248 1898 2345
7574 4 0 1734 2243 2150 641
7575 4 0 647 172 612 2385
7576 4 0 638 2345 162 664
7577 4 0 162 2345 593 2248
7578 4 0 2184 1832 1080 1048
7579 4 0 2150 2200 664 619
7580 4 0 1898 2090 1490 2254
7581 4 0 624 1479 593 1889
7582 4 0 1488 607 1470 1473
7583 4 0 138 1749 1496 1488
7584 4 0 198 157 2496 613
7585 4 0 620 1479 2248 156
7586 4 0 156 657 1889 157
7587 4 0 1008 577 68 1054
7588 4 0 1898 1749 2092 2090
7589 4 0 2248 2345 593 637
7590 4 0 2496 1472 665 618
7591 4 0 1889 657 162 624
7592 4 0 2254 619 2150 641
7593 4 0 138 2243 1499 2010
7594 4 0 169 183 1491 1486
7595 4 0 170 2099 1897 1743
7596 4 0 156 1479 1889 620
7597 4 0 612 1488 616 2385
7598 4 0 641 2010 1499 2243
7599 4 0 1499 2254 1490 641
7600 4 0 654 621 611 1476
7601 4 0 2254 619 624 2200
7602 4 0 1734 638 2095 162
7603 4 0 1734 2243 664 2150
7604 4 0 612 1470 2484 1487
7605 4 0 637 2200 664 2150
7606 4 0 621 606 1476 1478
7607 4 0 2200 1734 162 664
7608 4 0 2484 643 1478 1487
7609 4 0 1734 638 2249 2095
7610 4 0 1485 1488 1496 1470
7611 4 0 2313 1404 68 577
7612 4 0 1499 138 2092 1749
7613 4 0 612 1499 2484 172
7614 4 0 1473 1730 1478 594
7615 4 0 1731 2364 581 584
7616 4 0 1496 172 2484 2344
7617 4 0 1898 2254 1490 624
7618 4 0 1478 1485 606 1473
7619 4 0 2090 641 1490 2150
7620 4 0 654 598 1471 1476
7621 4 0 624 2200 1898 2254
7622 4 0 624 1479 1898 2248
7623 4 0 2010 641 2417 2090
7624 4 0 1479 2248 593 637
7625 4 0 652 1505 665 663
7626 4 0 162 619 593 1734
7627 4 0 1089 1646 1434 2421
7628 4 0 2090 138 2092 2010
7629 4 0 1471 598 2246 1476
7630 4 0 638 637 593 162
7631 4 0 2254 619 593 162
7632 4 0 593 657 2095 2416
7633 4 0 1889 657 2095 593
7634 4 0 1479 1889 2095 593
7635 4 0 593 637 2095 1479
7636 4 0 178 597 67 179
7637 4 0 2090 1749 2092 138
7638 4 0 598 654 1471 603
7639 4 0 1020 1955 82 68
7640 4 0 178 673 2002 650
7641 4 0 2200 2010 2090 2150
7642 4 0 2200 138 2090 2010
7643 4 0 2010 641 2090 2150
7644 4 0 1380 282 1373 1384
7645 4 0 1499 2010 2092 138
7646 4 0 624 2254 1490 162
7647 4 0 1487 1730 643 594
7648 4 0 643 1487 2484 1470
7649 4 0 649 560 139 1459
7650 4 0 392 2313 1020 68
7651 4 0 1898 624 1490 2417
7652 4 0 595 663 1503 1738
7653 4 0 1898 2090 2092 2417
7654 4 0 2090 2010 2092 2417
7655 4 0 612 641 2484 1499
7656 4 0 2150 2254 1490 2090
7657 4 0 1487 1473 606 1470
7658 4 0 617 618 2250 1738
7659 4 0 1473 1730 594 1485
7660 4 0 2400 485 610 2424
7661 4 0 654 1473 611 1730
7662 4 0 612 2385 616 647
7663 4 0 2344 2385 647 2092
7664 4 0 2243 641 612 1499
7665 4 0 1488 1749 616 2385
7666 4 0 606 1478 621 594
7667 4 0 594 1487 1478 643
7668 4 0 603 598 2246 1471
7669 4 0 1496 1488 616 612
7670 4 0 2243 138 616 2010
7671 4 0 621 1485 1476 606
7672 4 0 658 667 1896 645
7673 4 0 1732 2132 1648 1077
7674 4 0 172 2385 2344 1488
7675 4 0 1488 2385 2344 607
7676 4 0 647 2243 612 1499
7677 4 0 1496 1749 616 1488
7678 4 0 2150 2243 616 2010
7679 4 0 594 2344 643 172
7680 4 0 1020 392 82 1026
7681 4 0 612 172 2484 1496
7682 4 0 643 2344 2484 172
7683 4 0 2094 2496 2098 1472
7684 4 0 621 1730 1471 654
7685 4 0 2099 1501 1743 184
7686 4 0 647 1749 616 2243
7687 4 0 607 2344 2484 643
7688 4 0 616 2243 1487 612
7689 4 0 1023 1055 2468 1084
7690 4 0 1485 1473 1478 594
7691 4 0 2074 1859 1210 1232
7692 4 0 1473 1485 1470 1488
7693 4 0 1081 2000 589 1050
7694 4 0 2344 607 2484 1488
7695 4 0 647 1499 612 172
7696 4 0 647 2243 616 612
7697 4 0 1496 1470 2484 612
7698 4 0 2245 1498 2008 631
7699 4 0 2367 2095 2249 637
7700 4 0 1487 1478 1476 606
7701 4 0 1488 172 612 1496
7702 4 0 1488 2385 612 172
7703 4 0 2151 183 600 2011
7704 4 0 612 1470 1487 616
7705 4 0 1487 1470 606 616
7706 4 0 1485 1478 606 594
7707 4 0 1485 1730 611 1473
7708 4 0 643 1470 2484 607
7709 4 0 1470 607 1487 1473
7710 4 0 1476 1485 611 606
7711 4 0 654 1730 611 621
7712 4 0 1496 1488 2484 607
7713 4 0 621 1730 611 1485
7714 4 0 1496 607 2484 1470
7715 4 0 2054 996 1816 399
7716 4 0 1478 1473 606 1487
7717 4 0 1485 1473 611 654
7718 4 0 1473 1730 643 1487
7719 4 0 1473 607 643 1730
7720 4 0 1487 607 643 1473
7721 4 0 1955 68 2088 1017
7722 4 0 593 2416 2250 657
7723 4 0 1081 1050 589 1079
7724 4 0 1470 606 611 1485
7725 4 0 2484 1487 1478 612
7726 4 0 1634 586 68 2313
7727 4 0 1746 2094 2005 2244
7728 4 0 621 594 1471 1730
7729 4 0 392 2313 68 577
7730 4 0 2117 350 1697 354
7731 4 0 588 1469 1467 1999
7732 4 0 1048 581 1053 85
7733 4 0 1728 562 140 1883
7734 4 0 598 654 611 1476
7735 4 0 1634 2313 1020 85
7736 4 0 186 1377 1374 293
7737 4 0 344 1798 352 1797
7738 4 0 666 65 2289 64
7739 4 0 1008 392 68 577
7740 4 0 1485 606 621 594
7741 4 0 595 618 665 1738
7742 4 0 1478 643 621 594
7743 4 0 615 2251 479 2152
7744 4 0 669 1740 173 646
7745 4 0 2339 495 76 1431
7746 4 0 1431 1267 905 1263
7747 4 0 1158 2474 2194 527
7748 4 0 2218 589 2058 1081
7749 4 0 530 2074 1218 1232
7750 4 0 1211 1974 1210 1645
7751 4 0 1048 1081 1053 580
7752 4 0 1048 580 1053 581
7753 4 0 2474 527 2383 2194
7754 4 0 85 1955 82 1020
7755 4 0 85 581 82 1955
7756 4 0 1053 581 82 85
7757 4 0 1053 85 82 1020
7758 4 0 1263 1432 2321 499
7759 4 0 1635 1040 87 1060
7760 4 0 1434 1833 1648 1077
7761 4 0 1989 1040 87 1056
7762 4 0 2287 1247 2468 1256
7763 4 0 1053 1048 1080 1081
7764 4 0 1079 1081 1080 1048
7765 4 0 1952 1050 1080 1079
7766 4 0 1083 1050 1080 1952
7767 4 0 1079 1050 1080 1081
7768 4 0 2088 1952 1833 1050
7769 4 0 589 2000 1833 1050
7770 4 0 526 1721 1968 2360
7771 4 0 1080 1083 2088 1050
7772 4 0 1053 1081 2088 1017
7773 4 0 1080 1081 2088 1053
7774 4 0 1080 1053 2088 1083
7775 4 0 1017 1083 2088 1053
7776 4 0 584 585 1049 581
7777 4 0 1547 671 299 195
7778 4 0 1999 587 1467 588
7779 4 0 1016 1083 1022 1952
7780 4 0 2007 2319 2363 514
7781 4 0 494 1433 2286 1717
7782 4 0 1825 401 1022 2058
7783 4 0 2394 388 422 1698
7784 4 0 1955 85 1049 1020
7785 4 0 1020 85 1049 586
7786 4 0 1053 1081 2364 580
7787 4 0 85 582 1049 586
7788 4 0 581 580 2364 1081
7789 4 0 1732 2421 1434 2495
7790 4 0 494 493 76 496
7791 4 0 1089 2132 1434 1247
7792 4 0 1468 2000 1622 1467
7793 4 0 1833 1050 1622 2088
7794 4 0 2067 2340 2474 2233
7795 4 0 2093 629 2501 2004
7796 4 0 1863 101 2485 1974
7797 4 0 1974 1863 2494 1274
7798 4 0 101 2485 530 118
7799 4 0 1256 1247 2468 2485
7800 4 0 589 1469 1467 153
7801 4 0 1077 2132 1434 1732
7802 4 0 1047 2215 2439 1060
7803 4 0 422 409 2474 2067
7804 4 0 1079 2218 2058 1081
7805 4 0 1077 1732 1434 2495
7806 4 0 1825 2184 87 1056
7807 4 0 1244 1431 2140 1433
7808 4 0 1825 1083 1022 1080
7809 4 0 1198 1585 1972 1930
7810 4 0 1047 587 1060 1999
7811 4 0 2215 1635 1060 1040
7812 4 0 1208 1216 1859 1117
7813 4 0 1060 2131 87 1016
7814 4 0 1084 2132 1023 2439
7815 4 0 1825 2058 1022 1952
7816 4 0 1952 1833 1022 1648
7817 4 0 2215 1040 1060 2131
7818 4 0 1732 154 1467 587
7819 4 0 87 1056 1022 1825
7820 4 0 1208 1117 1859 2073
7821 4 0 2485 2421 2494 2495
7822 4 0 2131 1056 2217 1989
7823 4 0 1064 1055 2439 2215
7824 4 0 1458 614 1884 2480
7825 4 0 2074 1232 1210 1211
7826 4 0 390 2194 2383 511
7827 4 0 1999 2218 1022 2058
7828 4 0 1698 1225 390 2394
7829 4 0 154 1047 1732 1089
7830 4 0 2132 1089 1732 1047
7831 4 0 1047 2132 1016 1732
7832 4 0 1467 153 1468 2000
7833 4 0 587 1999 1467 1060
7834 4 0 1648 1622 1022 1467
7835 4 0 2218 1469 1467 589
7836 4 0 153 2000 1467 589
7837 4 0 1622 1833 1022 2000
7838 4 0 2287 1256 1232 2140
7839 4 0 1467 2000 1022 2218
7840 4 0 1466 154 1467 1732
7841 4 0 1077 1732 1467 587
7842 4 0 1466 587 1467 154
7843 4 0 1247 2132 2468 1084
7844 4 0 589 2000 2058 1833
7845 4 0 2218 2000 2058 589
7846 4 0 1833 401 2058 1050
7847 4 0 1833 1050 2058 589
7848 4 0 1952 401 2058 1833
7849 4 0 659 303 1358 187
7850 4 0 1952 1083 1022 1825
7851 4 0 1056 2131 87 1989
7852 4 0 2439 1055 1023 1084
7853 4 0 1357 1399 311 188
7854 4 0 2059 396 907 2420
7855 4 0 1648 1083 1016 1952
7856 4 0 1218 1232 1211 1209
7857 4 0 2000 1050 1622 1833
7858 4 0 1218 2074 1211 1232
7859 4 0 1703 2319 644 660
7860 4 0 1698 422 390 2474
7861 4 0 2074 1974 1024 1645
7862 4 0 1444 2319 2363 2322
7863 4 0 2494 101 1024 1645
7864 4 0 1863 1974 2494 101
7865 4 0 569 514 1444 660
7866 4 0 388 1698 1024 1819
7867 4 0 1350 642 1447 1349
7868 4 0 1996 2003 2472 568
7869 4 0 99 2242 1447 642
7870 4 0 2495 2421 1434 1646
7871 4 0 1732 1089 1434 2421
7872 4 0 2132 1089 1434 1732
7873 4 0 99 516 1447 1446
7874 4 0 1024 1646 118 1819
7875 4 0 1315 1311 2147 2318
7876 4 0 1232 2185 1218 530
7877 4 0 2185 1055 2311 2475
7878 4 0 2485 101 2494 2421
7879 4 0 1863 101 2494 2485
7880 4 0 1274 1645 2494 1974
7881 4 0 1431 2286 2339 1433
7882 4 0 1400 282 208 1403
7883 4 0 1329 1716 497 491
7884 4 0 2340 2318 2238 2233
7885 4 0 1318 1270 1272 185
7886 4 0 77 494 2339 490
7887 4 0 75 144 79 2003
7888 4 0 550 891 352 361
7889 4 0 2074 2185 530 2475
7890 4 0 1698 1819 390 1024
7891 4 0 2439 1064 83 1023
7892 4 0 530 101 1256 2485
7893 4 0 1047 118 1646 1089
7894 4 0 388 1085 530 1859
7895 4 0 84 2185 1218 1232
7896 4 0 1859 2185 530 2074
7897 4 0 1442 1281 2238 2383
7898 4 0 2439 1084 530 1085
7899 4 0 2217 2131 83 1023
7900 4 0 1079 2184 1825 401
7901 4 0 1698 388 530 1819
7902 4 0 1117 1215 2073 1208
7903 4 0 1117 1197 2073 1215
7904 4 0 592 2319 2363 2007
7905 4 0 568 661 2341 1740
7906 4 0 2096 2196 2363 1703
7907 4 0 1992 514 1445 1447
7908 4 0 1259 1266 905 1267
7909 4 0 171 568 2341 1740
7910 4 0 1158 2067 527 2233
7911 4 0 1225 409 422 2394
7912 4 0 87 1016 83 1022
7913 4 0 87 1016 1022 1467
7914 4 0 1082 1024 511 1645
7915 4 0 1189 409 422 1225
7916 4 0 435 434 1947 12
7917 4 0 1885 2117 2283 863
7918 4 0 388 1216 1698 2394
7919 4 0 92 2394 1698 1216
7920 4 0 513 2350 2147 390
7921 4 0 1991 98 1443 513
7922 4 0 92 1225 1698 2394
7923 4 0 390 1297 2147 2383
7924 4 0 2383 2340 2238 411
7925 4 0 92 1216 1698 1217
7926 4 0 1082 1698 511 390
7927 4 0 388 1645 1698 1859
7928 4 0 1859 1216 1698 388
7929 4 0 1968 527 2238 2067
7930 4 0 1225 1227 1698 1815
7931 4 0 1225 92 1698 1227
7932 4 0 2474 527 2238 2383
7933 4 0 1024 1645 1082 2074
7934 4 0 1859 1208 1698 1216
7935 4 0 1217 1216 1698 1208
7936 4 0 1208 1289 1698 1217
7937 4 0 1227 1217 1698 1815
7938 4 0 1227 92 1698 1217
7939 4 0 1024 1698 1082 390
7940 4 0 1024 2074 1082 388
7941 4 0 2067 411 2474 2340
7942 4 0 409 411 2474 2067
7943 4 0 409 1249 2474 411
7944 4 0 422 1189 2474 409
7945 4 0 1249 1189 2474 422
7946 4 0 1249 409 2474 1189
7947 4 0 513 390 2147 2383
7948 4 0 1729 2003 1886 1462
7949 4 0 390 1698 511 1645
7950 4 0 1645 390 1281 511
7951 4 0 1082 1645 511 1698
7952 4 0 390 2194 511 1082
7953 4 0 527 2067 1968 2233
7954 4 0 1281 1442 520 1645
7955 4 0 1702 2350 390 1297
7956 4 0 1289 2382 390 2350
7957 4 0 526 2360 1968 527
7958 4 0 1698 1815 390 1225
7959 4 0 1236 1225 390 1815
7960 4 0 1236 1268 390 1225
7961 4 0 1236 1297 390 1268
7962 4 0 1702 1297 390 1236
7963 4 0 1990 2318 2147 1311
7964 4 0 1815 2350 390 1702
7965 4 0 514 1446 1720 99
7966 4 0 511 1024 118 101
7967 4 0 1815 1289 390 2350
7968 4 0 1493 171 173 174
7969 4 0 420 2233 1968 2318
7970 4 0 1268 1297 390 2340
7971 4 0 1236 1815 390 1702
7972 4 0 1217 1815 390 1698
7973 4 0 1217 1289 390 1815
7974 4 0 1698 1289 390 1217
7975 4 0 2238 2318 2147 1968
7976 4 0 1225 1189 390 422
7977 4 0 1225 411 390 1189
7978 4 0 1225 1268 390 411
7979 4 0 2340 411 390 1268
7980 4 0 1990 512 1502 513
7981 4 0 2448 1992 517 1447
7982 4 0 1443 98 515 513
7983 4 0 2340 1297 2383 2318
7984 4 0 390 1297 2383 2340
7985 4 0 422 2194 2383 390
7986 4 0 422 2474 2383 2194
7987 4 0 390 2340 2383 411
7988 4 0 390 411 2383 1189
7989 4 0 422 1189 2383 411
7990 4 0 390 1189 2383 422
7991 4 0 422 1249 2383 2474
7992 4 0 422 411 2383 1249
7993 4 0 2383 411 2238 1249
7994 4 0 2474 1249 2238 411
7995 4 0 2383 1249 2238 2474
7996 4 0 204 190 2343 2097
7997 4 0 1433 1366 2363 2196
7998 4 0 2383 1281 513 390
7999 4 0 1311 2350 513 1327
8000 4 0 2448 1350 1447 2196
8001 4 0 1536 2437 513 1327
8002 4 0 1329 1321 1357 77
8003 4 0 481 615 480 155
8004 4 0 1704 77 1357 1321
8005 4 0 1327 2350 513 2382
8006 4 0 390 2382 513 2350
8007 4 0 2382 1536 513 1327
8008 4 0 1444 514 1445 1992
8009 4 0 2383 98 2147 1281
8010 4 0 390 1289 513 2382
8011 4 0 2382 1289 513 1536
8012 4 0 197 674 1492 656
8013 4 0 2147 513 1990 1311
8014 4 0 513 1327 1990 1311
8015 4 0 2439 2132 83 1047
8016 4 0 204 661 609 171
8017 4 0 661 660 2252 164
8018 4 0 1992 2322 1444 2448
8019 4 0 1704 159 1357 2319
8020 4 0 208 1339 209 200
8021 4 0 2447 204 201 591
8022 4 0 515 1502 99 96
8023 4 0 2242 1502 99 515
8024 4 0 2242 96 99 1502
8025 4 0 145 660 2252 569
8026 4 0 1351 2007 592 1350
8027 4 0 2421 1645 101 2494
8028 4 0 490 494 492 77
8029 4 0 1206 1972 1785 857
8030 4 0 490 77 492 1430
8031 4 0 1324 491 1317 1716
8032 4 0 2448 1992 1447 514
8033 4 0 1447 1992 517 1876
8034 4 0 2427 653 2091 2428
8035 4 0 350 1585 857 1697
8036 4 0 1339 2435 1317 1705
8037 4 0 661 569 2341 2252
8038 4 0 514 96 2448 642
8039 4 0 79 2003 1886 1729
8040 4 0 2448 99 1447 642
8041 4 0 1477 644 2341 2253
8042 4 0 1350 1351 1447 592
8043 4 0 2196 2322 2363 1703
8044 4 0 570 145 1462 2003
8045 4 0 669 646 2343 1740
8046 4 0 2006 1890 181 1737
8047 4 0 1458 2091 648 562
8048 4 0 2319 644 2341 1477
8049 4 0 642 2242 164 514
8050 4 0 622 1458 648 1728
8051 4 0 1675 143 1156 2137
8052 4 0 568 569 570 2003
8053 4 0 1151 1156 143 1161
8054 4 0 2149 2003 1886 79
8055 4 0 569 2003 1729 145
8056 4 0 2252 2319 164 660
8057 4 0 2448 2322 2363 2196
8058 4 0 141 144 591 2472
8059 4 0 2097 190 2343 669
8060 4 0 660 661 568 609
8061 4 0 2472 2003 609 568
8062 4 0 1444 514 2363 2319
8063 4 0 591 141 639 1463
8064 4 0 2322 2319 1703 660
8065 4 0 141 564 566 563
8066 4 0 155 615 480 2152
8067 4 0 181 1737 1742 2006
8068 4 0 300 1371 1367 1400
8069 4 0 1703 2096 644 2363
8070 4 0 1329 491 497 77
8071 4 0 2096 145 601 634
8072 4 0 1077 2088 1833 1622
8073 4 0 2472 144 75 2003
8074 4 0 2253 1489 75 2097
8075 4 0 1462 145 1729 2003
8076 4 0 174 669 1736 173
8077 4 0 513 1502 211 515
8078 4 0 164 642 1350 2252
8079 4 0 569 2319 2252 145
8080 4 0 494 2144 496 495
8081 4 0 145 2319 2252 660
8082 4 0 164 2319 2007 514
8083 4 0 2244 1733 1498 1484
8084 4 0 1990 513 211 1327
8085 4 0 1366 1351 2446 592
8086 4 0 145 660 644 2319
8087 4 0 2252 604 2341 661
8088 4 0 201 609 591 204
8089 4 0 2286 490 2339 494
8090 4 0 2322 145 1444 660
8091 4 0 568 661 171 609
8092 4 0 1740 661 171 568
8093 4 0 2252 661 171 1740
8094 4 0 75 1489 1747 639
8095 4 0 1704 1321 1357 2452
8096 4 0 164 514 2007 1350
8097 4 0 279 1366 1433 2196
8098 4 0 2252 2319 630 164
8099 4 0 592 2319 630 159
8100 4 0 75 1463 79 144
8101 4 0 773 1366 1351 2433
8102 4 0 2007 646 630 2252
8103 4 0 2196 2414 2286 1433
8104 4 0 2363 1321 1431 490
8105 4 0 2025 1366 1351 773
8106 4 0 2252 604 630 2319
8107 4 0 2447 197 2343 190
8108 4 0 646 1350 2252 2007
8109 4 0 1704 2319 1477 2363
8110 4 0 2363 644 601 2096
8111 4 0 1357 311 1339 209
8112 4 0 296 1366 2446 1321
8113 4 0 1321 2396 2446 296
8114 4 0 601 634 644 1747
8115 4 0 141 144 1463 591
8116 4 0 591 2472 2097 609
8117 4 0 2446 592 2363 1366
8118 4 0 609 2472 2097 2003
8119 4 0 614 181 1461 1895
8120 4 0 141 564 142 566
8121 4 0 1433 2196 2363 2286
8122 4 0 1705 1324 1330 1317
8123 4 0 1477 1329 1354 1357
8124 4 0 1477 1329 1357 1704
8125 4 0 591 1489 2199 2097
8126 4 0 642 1350 1447 2448
8127 4 0 591 144 1463 2472
8128 4 0 158 1494 1712 481
8129 4 0 602 639 1893 142
8130 4 0 628 168 1500 2369
8131 4 0 1463 141 639 142
8132 4 0 530 2185 1218 2475
8133 4 0 2319 604 2341 2252
8134 4 0 2253 2097 75 2003
8135 4 0 2472 2003 75 2097
8136 4 0 1463 144 75 2472
8137 4 0 591 2097 75 1463
8138 4 0 591 2472 75 2097
8139 4 0 1463 2472 75 591
8140 4 0 76 1323 1263 78
8141 4 0 2215 1064 83 2439
8142 4 0 2149 2003 79 144
8143 4 0 1729 2096 1703 634
8144 4 0 1705 2435 1317 300
8145 4 0 2286 490 2363 1433
8146 4 0 1430 77 492 494
8147 4 0 2448 1350 2363 2007
8148 4 0 2363 2319 1477 1703
8149 4 0 2096 145 634 1729
8150 4 0 1737 623 1742 674
8151 4 0 1284 1298 397 1291
8152 4 0 634 2096 1747 601
8153 4 0 634 79 1747 75
8154 4 0 1729 79 1747 634
8155 4 0 75 2003 1747 2253
8156 4 0 79 2003 1747 75
8157 4 0 1729 2003 1747 79
8158 4 0 1386 293 1374 1707
8159 4 0 1091 1959 1662 1660
8160 4 0 87 1635 1022 1056
8161 4 0 659 1320 1325 206
8162 4 0 514 99 1447 2448
8163 4 0 99 1446 1447 515
8164 4 0 2322 660 1703 145
8165 4 0 164 2319 1444 660
8166 4 0 521 2414 1447 80
8167 4 0 77 490 2339 1431
8168 4 0 1366 279 2363 1321
8169 4 0 2448 2196 2363 1350
8170 4 0 2448 2196 1447 2414
8171 4 0 2448 514 1444 1992
8172 4 0 494 1433 2339 2286
8173 4 0 1431 1307 905 1267
8174 4 0 1350 514 2448 642
8175 4 0 2322 145 1703 1729
8176 4 0 2096 1729 1703 145
8177 4 0 1717 2144 492 494
8178 4 0 601 145 644 634
8179 4 0 1351 1366 2196 592
8180 4 0 2446 2452 188 1382
8181 4 0 1697 130 857 1885
8182 4 0 2196 1366 2363 592
8183 4 0 514 99 2448 96
8184 4 0 1717 490 492 2286
8185 4 0 2007 514 2448 1350
8186 4 0 1447 2414 517 2448
8187 4 0 514 1720 1447 99
8188 4 0 164 660 1444 514
8189 4 0 1350 592 1447 2196
8190 4 0 2217 1064 2311 1023
8191 4 0 2286 2196 2363 490
8192 4 0 1444 2322 2363 2448
8193 4 0 2007 514 2363 2448
8194 4 0 1952 1079 1825 401
8195 4 0 1877 519 1447 516
8196 4 0 1339 1705 1317 1324
8197 4 0 1077 2485 2495 1434
8198 4 0 1975 423 1447 1310
8199 4 0 211 1349 1447 642
8200 4 0 1975 2433 1447 1349
8201 4 0 1274 80 1447 1974
8202 4 0 521 80 1447 1274
8203 4 0 1351 1350 1447 1349
8204 4 0 1351 1349 1447 2433
8205 4 0 520 519 1447 1877
8206 4 0 1274 520 1447 521
8207 4 0 519 520 1447 1281
8208 4 0 1281 1446 1447 519
8209 4 0 515 513 1447 211
8210 4 0 515 2242 1447 99
8211 4 0 518 520 1447 1877
8212 4 0 521 520 1447 518
8213 4 0 1214 264 908 1265
8214 4 0 2437 1349 1447 211
8215 4 0 2437 1975 1447 1349
8216 4 0 1975 2025 1447 2433
8217 4 0 1975 1310 1447 2025
8218 4 0 1310 279 1447 2025
8219 4 0 2284 257 1233 1222
8220 4 0 1274 1645 1447 520
8221 4 0 520 1645 1447 1281
8222 4 0 513 2437 1447 211
8223 4 0 1281 513 1447 515
8224 4 0 515 1446 1447 1281
8225 4 0 1502 515 1447 211
8226 4 0 1502 2242 1447 515
8227 4 0 211 2242 1447 1502
8228 4 0 2196 1351 1447 1366
8229 4 0 2025 1366 1447 1351
8230 4 0 1218 2074 363 1211
8231 4 0 1218 1023 363 2311
8232 4 0 530 2475 363 2074
8233 4 0 2073 1197 1447 1215
8234 4 0 1351 773 1447 2025
8235 4 0 2433 773 1447 1351
8236 4 0 2433 2025 1447 773
8237 4 0 1289 423 1447 1975
8238 4 0 286 1289 1447 1975
8239 4 0 1536 2437 1447 513
8240 4 0 2196 1366 1447 279
8241 4 0 2025 279 1447 1366
8242 4 0 423 2406 1447 1310
8243 4 0 423 1215 1447 2406
8244 4 0 1064 1055 2311 2439
8245 4 0 909 344 897 1797
8246 4 0 2406 2039 1447 1310
8247 4 0 513 1289 1447 1536
8248 4 0 1536 1289 1447 286
8249 4 0 1536 286 1447 1975
8250 4 0 1536 1975 1447 2437
8251 4 0 1289 1215 1447 423
8252 4 0 1859 1645 1447 2073
8253 4 0 2311 2475 363 1218
8254 4 0 530 2074 363 1218
8255 4 0 513 390 1447 1289
8256 4 0 1281 390 1447 513
8257 4 0 1645 390 1447 1281
8258 4 0 1215 1289 1447 1208
8259 4 0 2073 1208 1447 1859
8260 4 0 2073 1215 1447 1208
8261 4 0 390 1698 1447 1289
8262 4 0 1645 1698 1447 390
8263 4 0 1208 1289 1447 1698
8264 4 0 1859 1208 1447 1698
8265 4 0 1698 1645 1447 1859
8266 4 0 1329 491 1324 1716
8267 4 0 2099 1899 1474 482
8268 4 0 1354 1329 1339 1357
8269 4 0 145 2096 644 1703
8270 4 0 1703 660 644 145
8271 4 0 1697 350 905 365
8272 4 0 1547 671 195 672
8273 4 0 208 200 209 1391
8274 4 0 1740 661 2341 646
8275 4 0 1212 1319 1250 78
8276 4 0 1339 1357 209 1372
8277 4 0 1704 2363 1477 644
8278 4 0 1211 1274 1210 1447
8279 4 0 187 303 1334 300
8280 4 0 2252 569 2341 2319
8281 4 0 2363 1703 1477 644
8282 4 0 2477 563 565 564
8283 4 0 1648 1732 1016 2132
8284 4 0 1329 78 76 497
8285 4 0 625 1492 192 2093
8286 4 0 308 1396 1357 2396
8287 4 0 1323 1321 1357 1329
8288 4 0 1323 308 1357 1321
8289 4 0 1329 308 1357 1323
8290 4 0 2452 1321 1357 2396
8291 4 0 308 2396 1357 1321
8292 4 0 569 661 2341 568
8293 4 0 145 634 2341 644
8294 4 0 1747 2253 2341 644
8295 4 0 644 634 2341 1747
8296 4 0 145 1729 2341 634
8297 4 0 145 569 2341 1729
8298 4 0 634 1729 2341 1747
8299 4 0 2253 2003 2341 568
8300 4 0 1747 2003 2341 2253
8301 4 0 1729 2003 2341 1747
8302 4 0 1729 569 2341 2003
8303 4 0 568 2003 2341 569
8304 4 0 1400 1399 1339 2435
8305 4 0 1399 188 2435 1396
8306 4 0 2435 1371 1339 1400
8307 4 0 300 1371 1339 2435
8308 4 0 300 1400 1339 1371
8309 4 0 197 629 2199 1492
8310 4 0 622 168 648 1458
8311 4 0 1203 130 365 1885
8312 4 0 1697 344 857 1798
8313 4 0 530 2287 1232 84
8314 4 0 1329 1339 1324 1705
8315 4 0 1492 1489 1893 2093
8316 4 0 1492 639 1893 1489
8317 4 0 2093 1895 1893 181
8318 4 0 1357 2435 1324 1339
8319 4 0 1357 1329 1324 2435
8320 4 0 1339 1329 1324 1357
8321 4 0 1329 1321 76 1323
8322 4 0 494 77 493 1430
8323 4 0 493 491 497 1716
8324 4 0 392 1017 68 82
8325 4 0 1262 1278 81 1309
8326 4 0 1704 490 1431 1321
8327 4 0 1785 1229 1212 1972
8328 4 0 1232 1435 365 1209
8329 4 0 365 1307 905 1431
8330 4 0 1648 1467 1022 1016
8331 4 0 1212 1229 366 1972
8332 4 0 1206 1930 352 1972
8333 4 0 2073 1211 2283 1210
8334 4 0 1732 154 1016 1047
8335 4 0 1232 1645 1210 1974
8336 4 0 354 350 365 1196
8337 4 0 1296 1319 78 2435
8338 4 0 1323 1296 78 2435
8339 4 0 1324 2435 78 1317
8340 4 0 1317 1716 78 1324
8341 4 0 308 1323 78 2435
8342 4 0 1329 2435 78 1324
8343 4 0 1324 1716 78 1329
8344 4 0 2376 891 352 550
8345 4 0 365 1253 905 1266
8346 4 0 1056 1011 1825 2184
8347 4 0 1989 2131 87 1040
8348 4 0 1323 308 78 1329
8349 4 0 308 2435 78 1329
8350 4 0 1432 500 2321 499
8351 4 0 352 2415 897 867
8352 4 0 2339 494 76 495
8353 4 0 1431 490 2339 2286
8354 4 0 77 490 1431 1704
8355 4 0 1704 1321 1431 77
8356 4 0 1988 1244 1435 2321
8357 4 0 1972 1930 857 2117
8358 4 0 1263 1323 1261 78
8359 4 0 1080 2184 1825 1079
8360 4 0 1974 1819 1256 1024
8361 4 0 365 130 905 1697
8362 4 0 1927 133 897 867
8363 4 0 867 133 897 2376
8364 4 0 1256 1244 2140 2287
8365 4 0 908 256 1228 359
8366 4 0 2389 2038 352 361
8367 4 0 2321 1263 86 501
8368 4 0 497 77 76 1329
8369 4 0 1256 2287 1232 530
8370 4 0 1212 2288 1250 501
8371 4 0 1267 1253 905 2335
8372 4 0 905 1263 1212 501
8373 4 0 1885 2117 857 1697
8374 4 0 1016 1952 1022 1648
8375 4 0 857 909 1797 344
8376 4 0 1237 256 1228 1090
8377 4 0 867 550 897 352
8378 4 0 1433 279 1244 1431
8379 4 0 550 2038 352 2389
8380 4 0 1307 279 1244 1280
8381 4 0 1431 279 1244 1307
8382 4 0 1256 80 2140 1974
8383 4 0 2217 2215 83 2131
8384 4 0 87 2131 83 1016
8385 4 0 1206 2117 857 1885
8386 4 0 1023 1055 2311 84
8387 4 0 1023 84 2311 1218
8388 4 0 1244 1280 2140 1259
8389 4 0 1280 1301 2140 1259
8390 4 0 279 1301 2140 1280
8391 4 0 1310 1301 2140 279
8392 4 0 2074 2073 1210 1859
8393 4 0 1023 2439 2311 1055
8394 4 0 1244 279 2140 1280
8395 4 0 1433 279 2140 1244
8396 4 0 1310 279 2140 1447
8397 4 0 1433 2196 2140 279
8398 4 0 1447 279 2140 2196
8399 4 0 2196 80 2140 1447
8400 4 0 1433 80 2140 2196
8401 4 0 181 168 1500 622
8402 4 0 497 496 76 493
8403 4 0 1467 1060 87 1016
8404 4 0 1329 1323 76 78
8405 4 0 1329 77 76 1321
8406 4 0 1994 2415 352 2389
8407 4 0 905 1697 1212 2335
8408 4 0 497 493 76 77
8409 4 0 2468 1016 83 2132
8410 4 0 2231 1243 366 2423
8411 4 0 1196 1253 905 365
8412 4 0 1245 1090 1228 256
8413 4 0 2185 2475 2311 84
8414 4 0 905 2335 1212 1267
8415 4 0 863 2039 2283 1211
8416 4 0 2389 2415 352 550
8417 4 0 1237 256 366 1228
8418 4 0 550 361 352 2038
8419 4 0 610 651 658 2153
8420 4 0 1023 2468 84 83
8421 4 0 2424 203 610 2400
8422 4 0 1263 2288 2321 1432
8423 4 0 2288 1263 501 1261
8424 4 0 2415 1994 352 1206
8425 4 0 1431 1244 905 365
8426 4 0 1047 587 1016 1060
8427 4 0 84 1055 2311 2185
8428 4 0 1952 1083 1825 1080
8429 4 0 1987 1715 2321 1244
8430 4 0 1263 2288 501 2321
8431 4 0 1434 1648 2132 1077
8432 4 0 1080 1048 1825 2184
8433 4 0 1697 2335 905 350
8434 4 0 2058 2000 1022 1833
8435 4 0 1263 498 2321 1987
8436 4 0 1715 1987 2321 498
8437 4 0 1833 1952 1022 2058
8438 4 0 1263 500 2321 498
8439 4 0 499 500 2321 1263
8440 4 0 2217 1023 83 1064
8441 4 0 365 1266 905 1259
8442 4 0 1016 1047 83 2132
8443 4 0 1622 1467 1648 1077
8444 4 0 1622 1077 1648 1833
8445 4 0 2217 1064 83 2215
8446 4 0 1016 2131 83 2215
8447 4 0 1084 1055 2468 1085
8448 4 0 2073 1197 863 1211
8449 4 0 1060 2131 1016 2215
8450 4 0 1060 2215 1016 1047
8451 4 0 587 1047 1016 154
8452 4 0 1648 1467 1016 1077
8453 4 0 587 1077 1016 1467
8454 4 0 587 154 1016 1732
8455 4 0 1023 1084 2468 2132
8456 4 0 1244 2287 1232 2140
8457 4 0 1648 1077 1016 1732
8458 4 0 587 1732 1016 1077
8459 4 0 1047 2215 83 2439
8460 4 0 1988 1715 1435 1244
8461 4 0 2218 1999 1022 1467
8462 4 0 401 1635 1022 2058
8463 4 0 1825 1056 1022 1011
8464 4 0 1825 1011 1022 401
8465 4 0 87 1060 1022 1635
8466 4 0 1060 1999 1022 2058
8467 4 0 2058 1635 1022 1060
8468 4 0 1467 1060 1022 87
8469 4 0 1467 1999 1022 1060
8470 4 0 1635 401 1022 997
8471 4 0 1635 997 1022 1056
8472 4 0 1011 997 1022 401
8473 4 0 1011 1056 1022 997
8474 4 0 1974 1447 1211 1232
8475 4 0 118 2485 2468 1646
8476 4 0 118 1646 2468 1085
8477 4 0 1434 1247 2468 1646
8478 4 0 2485 1247 2468 1434
8479 4 0 2039 406 1211 1197
8480 4 0 2485 1434 2468 2495
8481 4 0 1646 2495 2468 1434
8482 4 0 2485 2495 2468 1646
8483 4 0 1218 84 2311 2475
8484 4 0 1023 1055 84 2468
8485 4 0 1645 2073 1210 1447
8486 4 0 1085 2185 84 530
8487 4 0 1256 2287 84 2468
8488 4 0 1256 530 84 2287
8489 4 0 1085 1055 84 2185
8490 4 0 2468 1055 84 1085
8491 4 0 118 1085 84 530
8492 4 0 2468 1085 84 118
8493 4 0 1256 2485 84 530
8494 4 0 2468 2485 84 1256
8495 4 0 2468 118 84 2485
8496 4 0 530 2485 84 118
8497 4 0 2039 1196 365 330
8498 4 0 1435 1244 86 2321
8499 4 0 1218 2475 363 530
8500 4 0 1256 530 1232 1819
8501 4 0 2074 1819 1232 530
8502 4 0 1024 1974 1232 1256
8503 4 0 1024 2074 1232 1974
8504 4 0 2074 1645 1232 1974
8505 4 0 1859 1645 1232 2074
8506 4 0 1927 2376 897 133
8507 4 0 1256 1974 1232 80
8508 4 0 1447 80 1232 1974
8509 4 0 2140 80 1232 1447
8510 4 0 1256 80 1232 2140
8511 4 0 1024 1819 1232 2074
8512 4 0 1256 1819 1232 1024
8513 4 0 2140 1301 1232 1259
8514 4 0 1310 2039 1232 1259
8515 4 0 1447 2039 1232 1310
8516 4 0 2140 1310 1232 1301
8517 4 0 1447 1310 1232 2140
8518 4 0 1259 1301 1232 1310
8519 4 0 1447 1974 1211 1274
8520 4 0 1885 2117 1203 2283
8521 4 0 1197 1215 1211 1447
8522 4 0 1197 406 1211 1215
8523 4 0 1215 406 1211 2039
8524 4 0 1974 1645 1211 1274
8525 4 0 1447 2406 1211 2039
8526 4 0 1215 2406 1211 1447
8527 4 0 1215 2039 1211 2406
8528 4 0 1885 2117 863 1580
8529 4 0 1574 1580 863 2117
8530 4 0 354 1196 365 2039
8531 4 0 1196 350 905 2335
8532 4 0 1197 2039 863 1211
8533 4 0 1197 1574 863 2039
8534 4 0 2073 1117 863 1197
8535 4 0 2117 2283 365 1203
8536 4 0 1091 95 1440 2278
8537 4 0 2117 354 863 1574
8538 4 0 2283 2039 1203 1211
8539 4 0 1259 1244 365 1203
8540 4 0 1211 2039 1203 1232
8541 4 0 1255 1299 1219 257
8542 4 0 1211 1232 1203 1209
8543 4 0 1885 1580 1206 2117
8544 4 0 2117 354 1697 365
8545 4 0 382 1361 202 1318
8546 4 0 2321 1988 86 1435
8547 4 0 1574 2039 2283 863
8548 4 0 2338 2288 1250 1261
8549 4 0 2415 906 1797 1798
8550 4 0 1232 2039 1203 1259
8551 4 0 1267 2423 1212 1296
8552 4 0 1232 2140 1203 1244
8553 4 0 1259 2140 1203 1232
8554 4 0 1259 1244 1203 2140
8555 4 0 2039 1127 1203 1259
8556 4 0 1574 2039 1203 2283
8557 4 0 1213 1237 366 1228
8558 4 0 1797 1206 857 906
8559 4 0 1885 2117 1697 365
8560 4 0 365 130 1697 1885
8561 4 0 1261 2288 1212 501
8562 4 0 857 1585 1212 1697
8563 4 0 908 1245 398 1258
8564 4 0 1250 1319 1090 2338
8565 4 0 1259 1127 365 1196
8566 4 0 1203 1127 365 1259
8567 4 0 330 1196 365 1127
8568 4 0 1203 2039 365 1127
8569 4 0 330 1127 365 2039
8570 4 0 1574 2039 365 1203
8571 4 0 1574 354 365 2039
8572 4 0 2117 863 365 2283
8573 4 0 2117 354 365 863
8574 4 0 1697 130 905 906
8575 4 0 1259 1196 365 1253
8576 4 0 1259 1253 365 1266
8577 4 0 1284 1347 1298 2482
8578 4 0 501 1263 1212 1261
8579 4 0 1972 2117 857 1206
8580 4 0 354 1574 365 863
8581 4 0 2283 1574 365 1203
8582 4 0 2283 863 365 1574
8583 4 0 1994 130 1206 906
8584 4 0 908 358 1228 1241
8585 4 0 1885 130 1206 1994
8586 4 0 1244 1307 365 1431
8587 4 0 905 501 1212 86
8588 4 0 1259 1267 365 1307
8589 4 0 1280 1307 365 1244
8590 4 0 1280 1259 365 1307
8591 4 0 1244 1259 365 1280
8592 4 0 187 303 1358 1334
8593 4 0 1213 358 1228 359
8594 4 0 1279 185 1313 1706
8595 4 0 398 256 1228 908
8596 4 0 1206 1885 352 1930
8597 4 0 857 1229 1212 1785
8598 4 0 1798 1927 897 2415
8599 4 0 1229 2423 1250 1212
8600 4 0 2338 78 1250 1319
8601 4 0 2376 361 352 891
8602 4 0 1797 2415 352 1206
8603 4 0 867 2376 897 550
8604 4 0 1258 908 397 1284
8605 4 0 1885 1994 352 2389
8606 4 0 1357 2452 209 1372
8607 4 0 1237 908 1245 1228
8608 4 0 908 359 1228 358
8609 4 0 1248 1233 1219 1241
8610 4 0 1237 1229 1228 1213
8611 4 0 1269 1251 1272 1233
8612 4 0 1237 1090 1228 1245
8613 4 0 1785 1585 1212 857
8614 4 0 350 2335 1212 1697
8615 4 0 350 1585 1212 2335
8616 4 0 1697 1585 1212 350
8617 4 0 1267 1296 1212 1323
8618 4 0 905 1267 1212 1263
8619 4 0 1972 1585 1212 1785
8620 4 0 1972 2423 1212 2231
8621 4 0 177 2368 628 189
8622 4 0 78 1323 1212 1296
8623 4 0 1261 1323 1212 78
8624 4 0 1263 1323 1212 1261
8625 4 0 1263 1267 1212 1323
8626 4 0 1972 2231 1212 1585
8627 4 0 2335 1585 1212 2231
8628 4 0 2423 2335 1212 677
8629 4 0 2231 677 1212 2335
8630 4 0 2423 677 1212 2231
8631 4 0 1319 1296 1212 2423
8632 4 0 78 1296 1212 1319
8633 4 0 2153 673 658 2429
8634 4 0 1339 1367 1334 1705
8635 4 0 1298 1304 1278 1284
8636 4 0 1250 1319 1237 1090
8637 4 0 1229 501 1212 1250
8638 4 0 1233 1222 1219 348
8639 4 0 1250 2423 1237 1319
8640 4 0 1360 1340 1868 1295
8641 4 0 2459 1292 1251 1257
8642 4 0 2338 1261 1250 78
8643 4 0 1212 78 1250 1261
8644 4 0 1318 1270 1326 1331
8645 4 0 1241 358 1219 908
8646 4 0 2338 2288 1090 1250
8647 4 0 1319 256 1237 1090
8648 4 0 1319 2423 1237 256
8649 4 0 1229 2423 366 1237
8650 4 0 1245 1262 398 1090
8651 4 0 1212 2423 366 1229
8652 4 0 1255 2483 1219 1299
8653 4 0 1284 2483 1298 1347
8654 4 0 908 1245 1228 398
8655 4 0 1308 2317 1305 1306
8656 4 0 1222 1233 1219 1248
8657 4 0 1641 576 1003 1009
8658 4 0 382 1869 202 288
8659 4 0 1972 2231 366 2423
8660 4 0 1262 1304 1278 187
8661 4 0 375 185 1706 1318
8662 4 0 1248 1255 1219 257
8663 4 0 316 1383 212 1395
8664 4 0 185 182 1313 1706
8665 4 0 1295 1340 1868 1331
8666 4 0 344 1927 897 1798
8667 4 0 1312 1298 1313 1291
8668 4 0 1347 1320 1291 1298
8669 4 0 1291 1298 397 2483
8670 4 0 257 2483 1255 1299
8671 4 0 1869 1331 1326 1868
8672 4 0 1265 2483 1219 250
8673 4 0 620 637 1748 2345
8674 4 0 909 2043 897 2376
8675 4 0 1206 1797 897 352
8676 4 0 342 1264 1251 348
8677 4 0 1291 1347 1313 1312
8678 4 0 1264 1292 1251 1318
8679 4 0 1291 2483 1313 1347
8680 4 0 1972 1207 1205 1198
8681 4 0 1241 908 1219 1255
8682 4 0 368 2459 1285 364
8683 4 0 1198 1972 366 1205
8684 4 0 1198 2231 366 1972
8685 4 0 256 2423 366 1243
8686 4 0 1237 2423 366 256
8687 4 0 1234 1243 366 2231
8688 4 0 1198 1207 366 2231
8689 4 0 1205 1207 366 1198
8690 4 0 1228 256 366 359
8691 4 0 1238 359 366 256
8692 4 0 1205 359 366 1207
8693 4 0 1238 1207 366 359
8694 4 0 2231 1207 366 1234
8695 4 0 1238 1243 366 1234
8696 4 0 1234 1207 366 1238
8697 4 0 1290 1238 366 256
8698 4 0 1290 1243 366 1238
8699 4 0 256 1243 366 1290
8700 4 0 257 1264 1251 1318
8701 4 0 348 1264 1251 257
8702 4 0 1257 1292 1251 1264
8703 4 0 1257 1264 1251 342
8704 4 0 271 2459 1251 1257
8705 4 0 271 342 1251 2459
8706 4 0 1257 342 1251 271
8707 4 0 2459 2232 364 368
8708 4 0 1868 1356 1378 1869
8709 4 0 375 1312 1313 1347
8710 4 0 652 633 1746 191
8711 4 0 1332 1333 1976 1305
8712 4 0 1233 257 1248 1222
8713 4 0 1255 908 1248 1241
8714 4 0 179 599 627 2292
8715 4 0 1345 675 1346 1295
8716 4 0 1504 2317 1305 1308
8717 4 0 1305 1504 1976 1332
8718 4 0 1258 908 1248 1255
8719 4 0 1255 257 1248 2483
8720 4 0 1869 1376 1378 1395
8721 4 0 210 1347 1374 1377
8722 4 0 908 359 1219 1214
8723 4 0 1214 264 1219 908
8724 4 0 1265 250 1219 908
8725 4 0 908 250 1219 2483
8726 4 0 1380 1400 1391 1367
8727 4 0 210 1364 1374 1343
8728 4 0 1332 2317 1305 1504
8729 4 0 1333 2317 1305 1332
8730 4 0 2459 1292 1285 1269
8731 4 0 1706 1326 1318 182
8732 4 0 1288 1340 1295 1331
8733 4 0 197 190 173 669
8734 4 0 1333 1346 1295 1360
8735 4 0 1333 1352 1295 1340
8736 4 0 1360 1352 1295 1333
8737 4 0 1360 1340 1295 1352
8738 4 0 1976 675 1345 207
8739 4 0 2232 1288 1295 1331
8740 4 0 1276 1288 1295 2232
8741 4 0 1285 1331 403 1270
8742 4 0 1295 1331 1285 2232
8743 4 0 368 1292 1285 2459
8744 4 0 2232 1331 1285 1292
8745 4 0 1318 1292 1285 1331
8746 4 0 1270 1292 1285 1318
8747 4 0 1318 1331 1285 1270
8748 4 0 2232 368 1285 364
8749 4 0 2232 1292 1285 368
8750 4 0 1746 191 2005 2094
8751 4 0 1333 1342 1976 1346
8752 4 0 1272 185 1279 1318
8753 4 0 1279 2483 1291 1255
8754 4 0 1272 1248 1279 1255
8755 4 0 1284 398 397 1258
8756 4 0 2483 1313 1279 1291
8757 4 0 206 1347 1291 1312
8758 4 0 1272 1318 1279 257
8759 4 0 375 257 1279 1318
8760 4 0 1313 2483 1279 375
8761 4 0 1272 257 1279 1248
8762 4 0 1248 2483 1279 1255
8763 4 0 1248 257 1279 2483
8764 4 0 375 2483 1279 257
8765 4 0 178 179 67 2292
8766 4 0 1378 1383 202 1361
8767 4 0 403 182 1868 675
8768 4 0 187 1334 1358 659
8769 4 0 1374 1364 202 1386
8770 4 0 1504 1305 1976 207
8771 4 0 158 597 1501 599
8772 4 0 1379 1295 1346 1360
8773 4 0 1360 1379 1868 1356
8774 4 0 1356 1331 1868 1340
8775 4 0 1360 1356 1868 1340
8776 4 0 403 1295 1868 1331
8777 4 0 675 1295 1868 403
8778 4 0 1869 1331 1868 1356
8779 4 0 2369 645 1896 667
8780 4 0 2365 645 658 2153
8781 4 0 2452 2396 1382 2446
8782 4 0 1383 1398 202 288
8783 4 0 1386 1398 202 1383
8784 4 0 1378 1361 202 1335
8785 4 0 1270 185 1706 182
8786 4 0 1318 185 1706 1270
8787 4 0 1400 282 1391 208
8788 4 0 482 158 1743 1501
8789 4 0 1279 185 1706 375
8790 4 0 174 2097 1736 669
8791 4 0 482 596 1501 2099
8792 4 0 382 1361 1343 202
8793 4 0 1326 1869 1361 1331
8794 4 0 1326 1331 1361 1318
8795 4 0 1869 1318 1361 1331
8796 4 0 1325 1334 1330 187
8797 4 0 659 303 1373 1358
8798 4 0 2002 2292 2153 673
8799 4 0 1334 1367 1358 1705
8800 4 0 630 646 173 604
8801 4 0 497 78 81 1317
8802 4 0 659 1358 1373 1368
8803 4 0 659 1334 1325 187
8804 4 0 2332 1034 1631 999
8805 4 0 564 141 2477 563
8806 4 0 1258 908 1284 398
8807 4 0 1376 212 1378 1395
8808 4 0 200 1339 209 1372
8809 4 0 1291 2483 397 1255
8810 4 0 1403 1402 293 199
8811 4 0 169 1495 1497 1486
8812 4 0 1320 1298 1325 187
8813 4 0 1891 658 1896 2429
8814 4 0 1284 1304 1278 1262
8815 4 0 2482 303 1284 1338
8816 4 0 1338 1347 1284 2482
8817 4 0 155 1494 158 481
8818 4 0 398 908 1284 256
8819 4 0 1338 2483 1284 1347
8820 4 0 256 2483 1284 1338
8821 4 0 908 2483 1284 256
8822 4 0 908 1258 397 1255
8823 4 0 1219 2483 397 908
8824 4 0 1255 2483 397 1219
8825 4 0 1219 908 397 1255
8826 4 0 1343 1312 1313 375
8827 4 0 1706 1312 1313 1343
8828 4 0 1343 375 1313 1706
8829 4 0 1372 1391 209 200
8830 4 0 1309 1262 1330 1317
8831 4 0 659 1298 1325 1320
8832 4 0 1298 1304 187 1320
8833 4 0 199 1377 186 293
8834 4 0 1358 303 1373 1334
8835 4 0 256 300 187 1262
8836 4 0 1284 1304 187 1298
8837 4 0 1298 303 187 1284
8838 4 0 1338 303 187 300
8839 4 0 256 1338 187 300
8840 4 0 398 1262 187 1304
8841 4 0 256 1262 187 398
8842 4 0 1284 303 187 1338
8843 4 0 1338 256 187 1284
8844 4 0 398 1304 187 1284
8845 4 0 1284 256 187 398
8846 4 0 1402 288 1386 1398
8847 4 0 208 1403 1391 199
8848 4 0 1334 1324 1330 1705
8849 4 0 2369 649 1500 628
8850 4 0 78 2435 81 1317
8851 4 0 2338 1262 81 1090
8852 4 0 1309 1716 81 1317
8853 4 0 497 1716 81 1309
8854 4 0 497 1317 81 1716
8855 4 0 1090 1317 81 1319
8856 4 0 1090 1319 81 2338
8857 4 0 1309 1317 81 1262
8858 4 0 1090 1262 81 1317
8859 4 0 1317 2435 81 1319
8860 4 0 78 1319 81 2435
8861 4 0 2338 1319 81 78
8862 4 0 1339 300 1334 1367
8863 4 0 1705 300 1334 1339
8864 4 0 1367 300 1334 1380
8865 4 0 303 1380 1334 300
8866 4 0 1868 1869 1378 1326
8867 4 0 622 168 1500 648
8868 4 0 199 282 1391 1384
8869 4 0 181 2006 1742 168
8870 4 0 2424 203 2400 636
8871 4 0 1389 186 1386 1398
8872 4 0 1298 1320 659 2482
8873 4 0 1298 2482 659 303
8874 4 0 1309 1278 1330 1262
8875 4 0 187 1278 1330 1309
8876 4 0 187 1262 1330 1278
8877 4 0 187 300 1330 1262
8878 4 0 1334 300 1330 187
8879 4 0 1334 1705 1330 300
8880 4 0 1317 300 1330 1705
8881 4 0 1317 1319 1330 300
8882 4 0 256 1319 1330 1262
8883 4 0 256 300 1330 1319
8884 4 0 1262 300 1330 256
8885 4 0 1090 1319 1330 1317
8886 4 0 1262 1319 1330 1090
8887 4 0 1090 1317 1330 1262
8888 4 0 659 210 1368 186
8889 4 0 626 670 628 2006
8890 4 0 210 1343 1374 206
8891 4 0 1383 288 316 1402
8892 4 0 590 673 2153 2429
8893 4 0 206 1320 210 659
8894 4 0 1334 1380 1373 1367
8895 4 0 1368 210 1374 186
8896 4 0 186 210 1374 1377
8897 4 0 659 1320 210 2482
8898 4 0 186 293 1386 1402
8899 4 0 1320 1347 210 2482
8900 4 0 2482 1347 210 1377
8901 4 0 1291 206 210 1347
8902 4 0 1320 206 210 1291
8903 4 0 1291 1347 210 1320
8904 4 0 186 199 1389 1384
8905 4 0 199 282 186 1377
8906 4 0 210 1377 186 2482
8907 4 0 210 2482 186 659
8908 4 0 1377 282 186 303
8909 4 0 659 2482 186 303
8910 4 0 1377 303 186 2482
8911 4 0 186 1402 1398 293
8912 4 0 199 293 1398 1402
8913 4 0 186 293 1398 199
8914 4 0 375 1312 1374 1343
8915 4 0 1343 1707 1374 375
8916 4 0 1383 1869 1378 1395
8917 4 0 1364 1707 1374 1343
8918 4 0 1343 1312 1374 206
8919 4 0 206 1312 1374 1347
8920 4 0 1377 1707 1374 293
8921 4 0 1376 1356 1378 1370
8922 4 0 1345 1379 1346 1378
8923 4 0 1868 1326 1378 1335
8924 4 0 288 1707 1386 1364
8925 4 0 1402 1707 1386 288
8926 4 0 199 1384 1373 282
8927 4 0 293 1707 1386 1402
8928 4 0 1380 303 1373 282
8929 4 0 303 1380 1373 1334
8930 4 0 1343 382 202 288
8931 4 0 1318 1869 1361 202
8932 4 0 186 659 1373 1368
8933 4 0 1326 375 1318 1361
8934 4 0 375 1361 382 1318
8935 4 0 375 1707 1374 1347
8936 4 0 1347 1312 1374 375
8937 4 0 288 1402 1383 1398
8938 4 0 1383 1402 316 1397
8939 4 0 288 1392 1383 1395
8940 4 0 1869 1395 1383 1392
8941 4 0 208 311 209 1339
8942 4 0 186 282 1373 303
8943 4 0 1376 1370 1378 212
8944 4 0 1978 1379 1378 212
8945 4 0 1356 1379 1378 1978
8946 4 0 1356 1978 1378 1370
8947 4 0 212 1370 1378 1978
8948 4 0 1373 1384 200 1367
8949 4 0 200 1367 208 1339
8950 4 0 1400 1339 208 1367
8951 4 0 1339 1399 208 311
8952 4 0 1400 1399 208 1339
8953 4 0 1400 311 208 1399
8954 4 0 282 1400 1391 1380
8955 4 0 1380 1384 1391 282
8956 4 0 1373 1384 1391 1380
8957 4 0 1367 1384 1391 1373
8958 4 0 1373 1380 1391 1367
8959 4 0 296 1366 1382 2446
8960 4 0 296 1394 1382 1366
8961 4 0 296 2396 1382 1394
8962 4 0 188 2452 209 1357
8963 4 0 181 629 1742 623
8964 4 0 188 1357 209 311
8965 4 0 1492 181 2093 629
8966 4 0 2477 564 565 614
8967 4 0 2396 1396 1382 1394
8968 4 0 1357 1396 1382 2396
8969 4 0 1890 623 192 2004
8970 4 0 2341 646 1493 1740
8971 4 0 2501 2477 614 2093
8972 4 0 2091 2428 648 562
8973 4 0 2097 171 1736 609
8974 4 0 174 604 1493 2341
8975 4 0 181 1895 1893 602
8976 4 0 2097 1736 2343 204
8977 4 0 629 674 1742 623
8978 4 0 1461 1460 1884 614
8979 4 0 1737 674 625 623
8980 4 0 590 2429 2153 610
8981 4 0 171 662 1736 204
8982 4 0 168 1890 181 2006
8983 4 0 168 1890 2006 1737
8984 4 0 168 2291 181 1890
8985 4 0 623 1890 181 2291
8986 4 0 1493 646 173 1740
8987 4 0 662 204 201 2447
8988 4 0 602 564 1893 2093
8989 4 0 1737 1890 181 623
8990 4 0 564 142 1461 602
8991 4 0 2447 662 2366 201
8992 4 0 560 561 1459 562
8993 4 0 190 204 2343 2447
8994 4 0 674 1493 173 197
8995 4 0 2004 623 2501 2291
8996 4 0 142 639 1893 1492
8997 4 0 602 142 1893 564
8998 4 0 1736 669 2343 1740
8999 4 0 2427 2501 2480 2291
9000 4 0 625 656 192 1492
9001 4 0 2199 190 2447 204
9002 4 0 2477 564 201 141
9003 4 0 1492 674 2093 625
9004 4 0 629 674 2093 1492
9005 4 0 662 2447 2366 192
9006 4 0 1492 564 1893 142
9007 4 0 2093 564 1893 1492
9008 4 0 2199 174 190 2097
9009 4 0 197 174 1493 190
9010 4 0 2341 2319 174 604
9011 4 0 656 1492 2366 201
9012 4 0 2199 197 2447 190
9013 4 0 2341 604 1493 646
9014 4 0 669 190 173 174
9015 4 0 1740 171 174 2341
9016 4 0 2341 2253 174 2097
9017 4 0 2341 171 174 568
9018 4 0 2341 568 174 2253
9019 4 0 609 2097 174 2253
9020 4 0 609 171 174 2097
9021 4 0 609 568 174 171
9022 4 0 2253 568 174 609
9023 4 0 1736 609 204 2097
9024 4 0 630 669 173 646
9025 4 0 1493 1740 173 171
9026 4 0 656 173 669 197
9027 4 0 1493 190 173 197
9028 4 0 2004 201 192 662
9029 4 0 2447 591 201 2199
9030 4 0 656 197 2366 1492
9031 4 0 2097 609 204 591
9032 4 0 174 2097 669 190
9033 4 0 171 609 204 1736
9034 4 0 174 171 1736 2097
9035 4 0 656 201 2366 192
9036 4 0 197 656 2343 669
9037 4 0 190 197 2343 669
9038 4 0 2477 1492 201 564
9039 4 0 2004 629 2501 623
9040 4 0 2199 2097 204 591
9041 4 0 190 2097 204 2199
9042 4 0 204 1736 2343 2447
9043 4 0 2097 669 2343 1736
9044 4 0 1460 1895 1461 602
9045 4 0 204 591 2447 2199
9046 4 0 192 201 2366 662
9047 4 0 2424 651 658 610
9048 4 0 1671 1685 1969 1688
9049 4 0 1736 662 2447 204
9050 4 0 623 2291 2004 1890
9051 4 0 1890 177 653 2368
9052 4 0 1492 564 2477 2093
9053 4 0 201 2477 2501 2004
9054 4 0 1492 142 201 564
9055 4 0 141 564 201 142
9056 4 0 1492 197 201 2199
9057 4 0 639 1489 201 141
9058 4 0 2447 2199 201 197
9059 4 0 562 1883 1728 1458
9060 4 0 662 201 2501 2004
9061 4 0 1492 639 201 142
9062 4 0 141 142 201 639
9063 4 0 1492 1489 201 639
9064 4 0 2199 1489 201 1492
9065 4 0 623 656 192 625
9066 4 0 2004 623 192 625
9067 4 0 623 2366 192 656
9068 4 0 629 623 2004 674
9069 4 0 625 674 2004 623
9070 4 0 1458 2477 614 2480
9071 4 0 2477 201 192 2004
9072 4 0 201 1492 192 656
9073 4 0 2477 1492 192 201
9074 4 0 2093 1492 192 2477
9075 4 0 2004 629 192 2093
9076 4 0 2501 2093 192 2477
9077 4 0 2004 2093 192 2501
9078 4 0 2501 2477 192 2004
9079 4 0 2004 625 192 674
9080 4 0 2004 674 192 629
9081 4 0 2093 674 192 625
9082 4 0 629 674 192 2093
9083 4 0 2424 636 2400 485
9084 4 0 1739 649 1896 139
9085 4 0 2099 482 1743 1501
9086 4 0 610 485 608 658
9087 4 0 2427 1890 2368 2291
9088 4 0 1728 1460 648 622
9089 4 0 1728 562 648 1460
9090 4 0 1891 178 608 1896
9091 4 0 2369 2429 1896 658
9092 4 0 181 2501 2480 614
9093 4 0 2427 2291 2480 181
9094 4 0 614 1895 2480 181
9095 4 0 2291 623 2480 181
9096 4 0 2501 623 2480 2291
9097 4 0 2501 181 2480 629
9098 4 0 623 629 2480 181
9099 4 0 2501 629 2480 623
9100 4 0 2480 2428 2427 2091
9101 4 0 1460 614 1461 1895
9102 4 0 602 1895 1461 181
9103 4 0 564 567 1461 142
9104 4 0 2496 1481 2098 618
9105 4 0 2365 651 658 667
9106 4 0 602 181 1461 614
9107 4 0 139 636 69 1739
9108 4 0 1714 66 2251 650
9109 4 0 1458 168 648 2091
9110 4 0 2480 614 1460 1895
9111 4 0 1460 2480 1884 614
9112 4 0 2153 651 658 2365
9113 4 0 2152 650 1483 2198
9114 4 0 2153 2002 2365 2292
9115 4 0 564 602 1461 614
9116 4 0 2292 1483 179 2251
9117 4 0 160 1486 2245 169
9118 4 0 651 177 1744 667
9119 4 0 658 2429 608 610
9120 4 0 615 481 480 1712
9121 4 0 1712 482 1501 158
9122 4 0 2342 479 480 615
9123 4 0 1891 2429 608 658
9124 4 0 2091 1883 1727 562
9125 4 0 1728 1883 140 1458
9126 4 0 2369 626 658 645
9127 4 0 1460 1895 622 2480
9128 4 0 564 614 1461 565
9129 4 0 565 567 1461 564
9130 4 0 2480 1895 622 181
9131 4 0 622 1460 648 1895
9132 4 0 2427 2480 1884 1460
9133 4 0 2427 1458 1884 2480
9134 4 0 561 1883 1727 560
9135 4 0 1739 485 636 69
9136 4 0 2093 181 622 1895
9137 4 0 2427 2291 622 168
9138 4 0 181 2291 622 2427
9139 4 0 181 168 622 2291
9140 4 0 1460 2480 622 2427
9141 4 0 181 2427 622 2480
9142 4 0 2292 673 2002 178
9143 4 0 2427 168 622 1458
9144 4 0 1884 1728 622 1460
9145 4 0 1884 1460 622 2427
9146 4 0 1884 2427 622 1458
9147 4 0 1884 1458 622 1728
9148 4 0 560 1883 2148 561
9149 4 0 561 562 1727 1883
9150 4 0 560 562 1727 561
9151 4 0 2428 562 1727 648
9152 4 0 1459 560 1727 649
9153 4 0 2153 590 2365 2002
9154 4 0 562 560 1727 1459
9155 4 0 1459 648 1727 562
9156 4 0 653 670 189 1737
9157 4 0 1482 191 2005 633
9158 4 0 1714 484 1429 483
9159 4 0 560 561 2148 1459
9160 4 0 1883 560 2148 1727
9161 4 0 2198 66 1714 650
9162 4 0 1503 617 2249 2367
9163 4 0 139 649 203 1727
9164 4 0 1744 2424 651 667
9165 4 0 139 636 203 69
9166 4 0 1500 2369 1896 1459
9167 4 0 597 658 673 2429
9168 4 0 155 1483 2002 650
9169 4 0 648 1896 1459 1500
9170 4 0 2091 653 2368 2428
9171 4 0 178 2198 67 608
9172 4 0 2427 653 2368 1890
9173 4 0 2091 168 2368 653
9174 4 0 2428 653 2368 2427
9175 4 0 2428 168 2368 2091
9176 4 0 203 649 1744 2424
9177 4 0 649 177 1744 2368
9178 4 0 481 1712 67 480
9179 4 0 179 673 2153 2292
9180 4 0 203 139 1744 649
9181 4 0 2251 2198 2152 610
9182 4 0 177 189 645 667
9183 4 0 179 1483 480 2251
9184 4 0 1744 177 645 667
9185 4 0 610 651 2153 590
9186 4 0 2400 636 1429 485
9187 4 0 485 636 1429 484
9188 4 0 1727 2400 203 139
9189 4 0 651 1744 2247 2424
9190 4 0 483 484 1429 636
9191 4 0 651 650 590 2247
9192 4 0 483 66 1714 484
9193 4 0 155 650 2002 1494
9194 4 0 203 636 1429 2400
9195 4 0 2400 139 1429 203
9196 4 0 2098 595 1503 1738
9197 4 0 1744 649 1896 2369
9198 4 0 590 2247 610 651
9199 4 0 1714 2400 2251 1429
9200 4 0 590 650 2002 673
9201 4 0 155 1494 2002 2292
9202 4 0 590 650 2198 2247
9203 4 0 1494 599 2292 155
9204 4 0 2198 650 1483 2247
9205 4 0 155 1494 635 1474
9206 4 0 2400 1714 2251 2198
9207 4 0 2424 2247 610 2198
9208 4 0 2424 651 610 2247
9209 4 0 479 2251 480 2152
9210 4 0 1459 648 1500 1727
9211 4 0 610 2400 2251 2198
9212 4 0 1714 650 2251 2198
9213 4 0 166 2440 2384 165
9214 4 0 2251 650 2152 2198
9215 4 0 1743 482 2289 666
9216 4 0 2251 1714 479 66
9217 4 0 481 1483 480 179
9218 4 0 596 599 1501 627
9219 4 0 2251 650 1483 2152
9220 4 0 666 605 600 65
9221 4 0 1892 1498 2245 2440
9222 4 0 595 1505 665 618
9223 4 0 1896 178 608 2429
9224 4 0 1483 650 155 2247
9225 4 0 179 597 67 481
9226 4 0 1429 485 608 2400
9227 4 0 1714 608 485 67
9228 4 0 618 652 665 2496
9229 4 0 2153 2429 658 610
9230 4 0 177 2368 1500 628
9231 4 0 2368 670 628 189
9232 4 0 648 2428 1500 1727
9233 4 0 1713 1494 1501 1899
9234 4 0 161 2011 183 184
9235 4 0 608 481 67 178
9236 4 0 1494 615 481 155
9237 4 0 1714 66 67 484
9238 4 0 2440 1498 2245 160
9239 4 0 155 599 158 1494
9240 4 0 2400 485 608 610
9241 4 0 2440 2245 165 2008
9242 4 0 1713 1899 1501 482
9243 4 0 161 170 640 668
9244 4 0 668 65 2008 631
9245 4 0 2429 673 627 179
9246 4 0 590 651 2365 667
9247 4 0 183 640 169 2011
9248 4 0 179 597 627 2429
9249 4 0 155 599 627 158
9250 4 0 2251 650 2292 1483
9251 4 0 1735 2416 2250 617
9252 4 0 2143 1495 1482 1733
9253 4 0 179 481 627 597
9254 4 0 1483 481 627 179
9255 4 0 179 2292 627 1483
9256 4 0 155 1483 627 2292
9257 4 0 1483 155 627 481
9258 4 0 481 155 627 158
9259 4 0 158 597 627 481
9260 4 0 1897 1899 1474 2099
9261 4 0 615 1712 480 2342
9262 4 0 1892 1733 1498 655
9263 4 0 179 2292 178 673
9264 4 0 179 673 178 2429
9265 4 0 596 1899 1897 2099
9266 4 0 596 1494 1501 599
9267 4 0 668 169 631 1486
9268 4 0 179 2251 480 479
9269 4 0 590 650 178 2198
9270 4 0 673 650 178 590
9271 4 0 590 2429 178 673
9272 4 0 2247 590 178 2198
9273 4 0 2152 1483 480 155
9274 4 0 481 155 480 1483
9275 4 0 626 2369 658 628
9276 4 0 645 189 626 670
9277 4 0 177 189 626 645
9278 4 0 1744 177 626 645
9279 4 0 2006 670 628 168
9280 4 0 1744 649 626 177
9281 4 0 177 189 628 626
9282 4 0 610 485 658 2424
9283 4 0 626 189 628 670
9284 4 0 658 645 1896 2369
9285 4 0 1742 628 168 2006
9286 4 0 626 1742 2006 628
9287 4 0 2368 2428 1500 168
9288 4 0 69 636 1891 485
9289 4 0 658 651 1896 667
9290 4 0 481 482 1712 158
9291 4 0 179 481 67 480
9292 4 0 1727 2428 1500 649
9293 4 0 1896 69 1891 1459
9294 4 0 645 1744 2369 626
9295 4 0 667 1744 1896 2369
9296 4 0 645 667 2369 1744
9297 4 0 1744 649 2369 626
9298 4 0 2198 1714 67 608
9299 4 0 1891 1739 1896 139
9300 4 0 667 203 1896 1744
9301 4 0 2198 66 67 1714
9302 4 0 2332 1816 2054 907
9303 4 0 628 670 1500 168
9304 4 0 1744 139 1896 649
9305 4 0 203 69 1891 139
9306 4 0 658 485 1891 2424
9307 4 0 203 636 1891 69
9308 4 0 2424 636 1891 203
9309 4 0 2009 1899 1474 1897
9310 4 0 178 650 67 2198
9311 4 0 2152 615 480 479
9312 4 0 667 2424 1891 203
9313 4 0 2440 2008 165 166
9314 4 0 2091 2428 1500 648
9315 4 0 2091 168 1500 2428
9316 4 0 648 168 1500 2091
9317 4 0 1891 203 1896 667
9318 4 0 2424 667 1896 651
9319 4 0 1891 667 1896 2424
9320 4 0 658 2424 1896 651
9321 4 0 1891 2424 1896 658
9322 4 0 203 139 1896 1744
9323 4 0 1891 139 1896 203
9324 4 0 608 1714 485 1429
9325 4 0 2400 1714 608 1429
9326 4 0 2008 631 1894 668
9327 4 0 178 590 608 2429
9328 4 0 2247 590 608 178
9329 4 0 590 2247 608 610
9330 4 0 610 2429 608 590
9331 4 0 178 2198 608 2247
9332 4 0 610 2247 608 2198
9333 4 0 610 2198 608 2400
9334 4 0 2198 1714 608 2400
9335 4 0 2011 184 605 1743
9336 4 0 1483 2152 480 2251
9337 4 0 480 66 67 479
9338 4 0 480 479 67 179
9339 4 0 2002 650 67 178
9340 4 0 179 2251 67 2292
9341 4 0 178 2292 67 2002
9342 4 0 178 158 67 597
9343 4 0 481 158 67 178
9344 4 0 481 597 67 158
9345 4 0 479 2251 67 179
9346 4 0 479 66 67 2251
9347 4 0 2292 650 67 2002
9348 4 0 2292 2251 67 650
9349 4 0 66 650 67 2251
9350 4 0 668 170 1894 161
9351 4 0 179 599 596 627
9352 4 0 596 627 1501 2099
9353 4 0 627 599 1501 597
9354 4 0 158 599 1501 1494
9355 4 0 596 1899 1501 1494
9356 4 0 1899 1494 596 599
9357 4 0 482 481 1743 158
9358 4 0 596 482 1501 1899
9359 4 0 2008 170 1894 2009
9360 4 0 597 184 1743 1501
9361 4 0 1712 158 1501 1494
9362 4 0 2009 170 1894 1897
9363 4 0 1495 1733 1746 633
9364 4 0 1484 633 1892 2005
9365 4 0 1713 482 1501 1712
9366 4 0 2011 161 640 668
9367 4 0 2009 1897 1474 2384
9368 4 0 2244 663 665 1738
9369 4 0 2099 1501 184 161
9370 4 0 1743 184 170 2099
9371 4 0 161 2099 170 184
9372 4 0 160 2440 166 2290
9373 4 0 2011 161 183 640
9374 4 0 2244 663 2005 1746
9375 4 0 1741 184 183 2011
9376 4 0 1741 1482 2151 2143
9377 4 0 1115 750 274 1093
9378 4 0 1486 183 1497 169
9379 4 0 655 1472 2005 2094
9380 4 0 160 169 2245 600
9381 4 0 596 2099 1897 170
9382 4 0 2367 638 2249 1503
9383 4 0 2440 1498 160 1892
9384 4 0 482 1899 1474 1713
9385 4 0 169 183 600 1491
9386 4 0 663 595 1746 1505
9387 4 0 1484 1733 1892 633
9388 4 0 1746 652 198 2496
9389 4 0 2200 2345 1748 637
9390 4 0 2496 1479 1481 157
9391 4 0 1748 620 2367 637
9392 4 0 2143 2466 1482 1495
9393 4 0 166 2008 165 605
9394 4 0 1735 156 2250 2416
9395 4 0 605 2011 600 65
9396 4 0 1748 637 2367 1735
9397 4 0 1498 1486 631 2245
9398 4 0 876 1959 1112 1116
9399 4 0 618 1505 2098 595
9400 4 0 1738 617 2249 1503
9401 4 0 595 1748 1503 1735
9402 4 0 1735 617 2367 2416
9403 4 0 1491 2143 2454 1741
9404 4 0 1741 2143 2454 1497
9405 4 0 169 640 600 2011
9406 4 0 1743 184 605 170
9407 4 0 1491 1497 2454 1486
9408 4 0 2094 1482 2005 2143
9409 4 0 1474 1483 635 155
9410 4 0 1889 657 1481 157
9411 4 0 1495 1497 2143 2466
9412 4 0 1741 198 2151 1482
9413 4 0 1498 1733 631 1486
9414 4 0 2496 157 1481 613
9415 4 0 65 2011 600 640
9416 4 0 1889 157 1481 1479
9417 4 0 1748 156 1735 620
9418 4 0 1735 2416 2367 620
9419 4 0 652 663 1746 1505
9420 4 0 2008 631 166 2440
9421 4 0 198 1480 2094 1482
9422 4 0 2496 632 198 613
9423 4 0 2496 1746 2094 198
9424 4 0 1482 2496 2094 198
9425 4 0 1746 1480 198 652
9426 4 0 652 632 198 2496
9427 4 0 1741 1491 2151 1497
9428 4 0 1741 183 2151 2011
9429 4 0 1746 652 2496 663
9430 4 0 1472 663 2496 652
9431 4 0 2151 2496 1482 198
9432 4 0 613 632 198 1480
9433 4 0 2496 613 1481 632
9434 4 0 613 595 1481 632
9435 4 0 1505 632 1481 595
9436 4 0 652 632 1481 1505
9437 4 0 2496 632 1481 652
9438 4 0 1741 1486 2151 183
9439 4 0 2143 1482 2151 1491
9440 4 0 1746 1480 2094 198
9441 4 0 2496 1472 2094 663
9442 4 0 2496 663 2094 1746
9443 4 0 1482 1480 2094 191
9444 4 0 1892 1484 2245 1498
9445 4 0 1746 191 2094 1480
9446 4 0 1484 663 2005 2244
9447 4 0 198 1482 1741 1480
9448 4 0 2143 2466 1741 1482
9449 4 0 613 620 1748 632
9450 4 0 170 1743 666 605
9451 4 0 169 2011 600 183
9452 4 0 2143 1497 1741 2466
9453 4 0 2466 1497 1741 183
9454 4 0 1486 183 1741 1497
9455 4 0 1486 1497 2151 1491
9456 4 0 1741 1497 2151 1486
9457 4 0 605 482 666 1713
9458 4 0 1743 482 666 605
9459 4 0 2384 1897 1474 482
9460 4 0 166 605 165 64
9461 4 0 596 599 1897 1899
9462 4 0 1484 2244 2245 1498
9463 4 0 1491 183 600 2151
9464 4 0 1505 652 665 618
9465 4 0 1263 2288 1432 1261
9466 4 0 668 2011 65 640
9467 4 0 2244 1472 665 663
9468 4 0 1505 595 1748 632
9469 4 0 595 618 1738 2098
9470 4 0 1263 1432 499 1261
9471 4 0 2367 617 2249 2416
9472 4 0 2440 2245 2008 631
9473 4 0 2244 665 2005 1484
9474 4 0 655 2143 2005 1482
9475 4 0 665 1472 2005 618
9476 4 0 1738 2244 1484 665
9477 4 0 2094 2143 2005 655
9478 4 0 652 2496 618 1481
9479 4 0 1481 1505 618 652
9480 4 0 1505 632 1748 652
9481 4 0 2009 631 1894 2008
9482 4 0 2094 1472 2005 2244
9483 4 0 2075 411 1249 1268
9484 4 0 2330 62 386 1624
9485 4 0 663 1733 1498 2244
9486 4 0 2452 1704 159 1357
9487 4 0 1472 663 2244 2094
9488 4 0 655 2005 160 1892
9489 4 0 2244 1472 2005 665
9490 4 0 1484 1733 1498 1892
9491 4 0 631 65 166 2290
9492 4 0 1657 360 1125 1960
9493 4 0 2454 655 2290 160
9494 4 0 1491 1486 160 169
9495 4 0 2094 663 2244 1746
9496 4 0 160 2440 2290 2245
9497 4 0 2245 600 2290 160
9498 4 0 2384 1483 635 1474
9499 4 0 2005 665 1892 1484
9500 4 0 2289 64 2384 165
9501 4 0 618 1738 617 665
9502 4 0 1494 1899 1474 2009
9503 4 0 1498 1486 160 2454
9504 4 0 2245 1486 631 169
9505 4 0 160 1498 2245 1486
9506 4 0 2440 1484 2245 1892
9507 4 0 2244 1733 1484 663
9508 4 0 65 2454 2290 600
9509 4 0 2454 1486 160 1491
9510 4 0 1746 1733 1484 633
9511 4 0 663 1733 1484 1746
9512 4 0 2094 191 2005 1482
9513 4 0 1746 633 2005 191
9514 4 0 1484 633 2005 1746
9515 4 0 165 2009 1474 2384
9516 4 0 1482 633 1892 1733
9517 4 0 2005 633 1892 1482
9518 4 0 2005 1482 1892 655
9519 4 0 655 2143 1892 1733
9520 4 0 1482 2143 1892 655
9521 4 0 1482 1733 1892 2143
9522 4 0 160 600 2290 2454
9523 4 0 64 2290 166 65
9524 4 0 1713 2289 635 2384
9525 4 0 1498 2454 160 655
9526 4 0 1495 1733 1498 1486
9527 4 0 1345 675 1295 1868
9528 4 0 2454 1491 160 600
9529 4 0 2454 1497 1498 1486
9530 4 0 1495 1486 1498 1497
9531 4 0 2143 1733 1498 1495
9532 4 0 655 1733 1498 2143
9533 4 0 1495 1497 1498 2143
9534 4 0 2454 2143 1498 1497
9535 4 0 655 2143 1498 2454
9536 4 0 668 640 631 169
9537 4 0 170 1743 1897 2009
9538 4 0 165 2008 1474 2009
9539 4 0 1345 1295 1379 1868
9540 4 0 666 482 2289 1713
9541 4 0 1379 1295 1360 1868
9542 4 0 600 169 631 640
9543 4 0 2245 169 631 600
9544 4 0 2440 2245 631 2290
9545 4 0 2008 65 166 631
9546 4 0 2245 600 631 2290
9547 4 0 65 640 631 668
9548 4 0 170 1743 2009 666
9549 4 0 2289 2342 635 615
9550 4 0 600 65 631 2290
9551 4 0 600 640 631 65
9552 4 0 2289 64 165 666
9553 4 0 155 1483 635 2152
9554 4 0 65 605 64 666
9555 4 0 2099 482 1897 1743
9556 4 0 184 161 1894 170
9557 4 0 2008 605 1894 170
9558 4 0 184 170 1894 605
9559 4 0 605 161 1894 184
9560 4 0 668 65 1894 2008
9561 4 0 605 2011 1894 161
9562 4 0 668 161 1894 2011
9563 4 0 65 668 1894 2011
9564 4 0 65 2011 1894 605
9565 4 0 1894 605 166 65
9566 4 0 2008 605 166 1894
9567 4 0 1894 65 166 2008
9568 4 0 482 1713 1474 2384
9569 4 0 2289 666 165 2009
9570 4 0 2009 666 165 170
9571 4 0 2009 170 165 2008
9572 4 0 64 605 165 666
9573 4 0 2008 170 165 605
9574 4 0 666 605 165 170
9575 4 0 2289 64 635 2384
9576 4 0 1713 2384 635 1474
9577 4 0 2384 2152 635 1483
9578 4 0 2289 482 2384 1713
9579 4 0 155 2152 635 615
9580 4 0 2289 2009 2384 1743
9581 4 0 2289 1743 2384 482
9582 4 0 2384 64 635 166
9583 4 0 1897 482 2384 1743
9584 4 0 1897 1743 2384 2009
9585 4 0 2251 615 635 2152
9586 4 0 1713 2342 635 2289
9587 4 0 2342 1713 635 1712
9588 4 0 2342 1712 635 615
9589 4 0 1712 1494 635 615
9590 4 0 1713 1494 635 1712
9591 4 0 1899 1713 635 1474
9592 4 0 1899 1494 635 1713
9593 4 0 1474 1494 635 1899
9594 4 0 593 657 2250 162
9595 4 0 638 637 2249 2095
9596 4 0 657 2416 2250 156
9597 4 0 1505 595 1735 1748
9598 4 0 1345 1379 1378 1868
9599 4 0 595 157 1748 613
9600 4 0 613 632 1748 595
9601 4 0 613 157 1748 156
9602 4 0 613 156 1748 620
9603 4 0 1503 2098 2250 157
9604 4 0 1738 618 2250 2098
9605 4 0 1735 620 2367 1748
9606 4 0 2095 637 2367 1479
9607 4 0 620 1479 2367 637
9608 4 0 620 657 2367 1889
9609 4 0 620 2416 2367 657
9610 4 0 1704 159 2319 592
9611 4 0 1479 620 2367 1889
9612 4 0 2249 619 1734 2095
9613 4 0 1481 595 1503 2098
9614 4 0 1481 157 1503 595
9615 4 0 2098 157 1503 1481
9616 4 0 1503 617 2250 1738
9617 4 0 1503 1738 2250 2098
9618 4 0 1735 1748 2250 156
9619 4 0 157 156 2250 1748
9620 4 0 1503 157 2250 1748
9621 4 0 1503 1748 2250 1735
9622 4 0 1479 2095 2249 2367
9623 4 0 1479 1889 2249 2095
9624 4 0 2367 1889 2249 1479
9625 4 0 2095 657 2249 2416
9626 4 0 1889 657 2249 2095
9627 4 0 2367 2416 2249 657
9628 4 0 2367 657 2249 1889
9629 4 0 1814 983 380 2328
9630 4 0 1917 2478 2362 2102
9631 4 0 659 1330 1325 1334
9632 4 0 1634 576 1009 1404
9633 4 0 1404 1009 1634 586
9634 4 0 371 380 1814 982
9635 4 0 660 661 2252 569
9636 4 0 675 1976 1346 1295
9637 4 0 969 2044 436 984
9638 4 0 1519 687 2386 689
9639 4 0 967 953 968 371
9640 4 0 953 989 371 967
9641 4 0 918 983 820 1774
9642 4 0 1129 2187 1695 2186
9643 4 0 1813 1807 437 921
9644 4 0 1388 1708 290 1400
9645 4 0 1295 207 1305 675
9646 4 0 858 874 1786 1928
9647 4 0 2019 2012 743 693
9648 4 0 1455 547 874 2491
9649 4 0 1648 1434 2132 1247
9650 4 0 591 2477 201 141
9651 4 0 407 91 2442 1129
9652 4 0 86 1209 365 1435
9653 4 0 799 278 297 768
9654 4 0 828 830 1566 893
9655 4 0 765 416 1297 1294
9656 4 0 2068 1686 1857 2069
9657 4 0 462 1760 43 1425
9658 4 0 1133 2411 2237 1669
9659 4 0 2059 396 393 1051
9660 4 0 903 902 904 1784
9661 4 0 909 1589 2043 353
9662 4 0 1731 2364 1081 581
9663 4 0 1910 1516 2386 1904
9664 4 0 2297 772 29 1764
9665 4 0 846 2354 875 2458
9666 4 0 646 1350 1740 2252
9667 4 0 2370 2413 258 474
9668 4 0 2000 2364 1050 1081
9669 4 0 1446 98 1281 515
9670 4 0 2061 2280 1840 1093
9671 4 0 671 1547 299 783
9672 4 0 1775 297 301 799
9673 4 0 1896 69 1739 1891
9674 4 0 684 703 1916 247
9675 4 0 2383 2360 527 2238
9676 4 0 1190 2233 93 117
9677 4 0 1315 2340 2233 2318
9678 4 0 1910 2022 254 687
9679 4 0 2180 1002 1817 385
9680 4 0 1714 485 484 67
9681 4 0 953 982 383 1610
9682 4 0 982 953 383 371
9683 4 0 1549 788 812 2166
9684 4 0 767 788 2166 812
9685 4 0 942 1808 2171 2046
9686 4 0 1039 2214 1007 194
9687 4 0 2241 2214 1007 1039
9688 4 0 2035 1928 840 841
9689 4 0 471 57 52 2294
9690 4 0 2477 609 591 201
9691 4 0 730 1259 1253 1127
9692 4 0 2442 2223 91 407
9693 4 0 1432 500 1988 2321
9694 4 0 1720 1446 516 99
9695 4 0 1550 2403 791 2301
9696 4 0 1024 511 118 1082
9697 4 0 1576 1932 323 341
9698 4 0 2499 774 1475 806
9699 4 0 1714 480 479 66
9700 4 0 47 2260 2080 48
9701 4 0 1102 1100 268 1097
9702 4 0 517 518 521 1876
9703 4 0 29 1770 2297 1423
9704 4 0 2340 416 411 1268
9705 4 0 1015 1003 1005 1640
9706 4 0 2430 838 2304 869
9707 4 0 493 492 494 1430
9708 4 0 579 576 1888 1464
9709 4 0 1268 1236 1249 2075
9710 4 0 2390 1012 1632 1070
9711 4 0 793 763 281 2262
9712 4 0 793 763 21 281
9713 4 0 773 1385 287 296
9714 4 0 1570 322 2356 1575
9715 4 0 1860 1230 1620 1215
9716 4 0 360 1657 1838 2489
9717 4 0 998 2174 2272 2420
9718 4 0 2420 1633 2174 1822
9719 4 0 2420 1633 998 2174
9720 4 0 2491 541 540 1455
9721 4 0 41 461 460 740
9722 4 0 2365 179 2153 2292
9723 4 0 991 937 16 314
9724 4 0 1514 1513 2256 2258
9725 4 0 2026 305 2027 2404
9726 4 0 879 846 845 331
9727 4 0 1475 671 769 672
9728 4 0 1636 347 1088 2419
9729 4 0 1058 347 1088 1636
9730 4 0 1838 360 2064 55
9731 4 0 360 1657 55 1838
9732 4 0 939 1610 1774 964
9733 4 0 838 1587 1586 1561
9734 4 0 1724 537 1936 1880
9735 4 0 188 1399 1394 1396
9736 4 0 1547 671 672 783
9737 4 0 1611 967 2123 989
9738 4 0 1706 1326 375 1318
9739 4 0 847 873 2327 2038
9740 4 0 977 2193 381 966
9741 4 0 343 2043 1589 1588
9742 4 0 1231 1201 1202 1207
9743 4 0 619 1499 641 2254
9744 4 0 1714 485 1429 484
9745 4 0 2091 1727 203 2428
9746 4 0 43 747 47 1760
9747 4 0 475 757 2104 60
9748 4 0 2191 419 1858 1150
9749 4 0 975 1946 2050 941
9750 4 0 2358 1051 2059 1029
9751 4 0 1642 126 2129 1052
9752 4 0 1980 985 1612 2268
9753 4 0 658 627 597 673
9754 4 0 1420 2078 772 1983
9755 4 0 1357 1399 188 2435
9756 4 0 43 747 1760 2103
9757 4 0 1326 375 1361 1343
9758 4 0 830 828 1566 120
9759 4 0 1673 2071 1682 1965
$EndElements
