2502  3  0  0
   0    -0.23260107999999999  0.27293446999999998  -0.12281741
   1    -0.22404478  0.15012410000000001  -0.068241659999999996
   2    -0.23365308000000001  0.24163588999999999  -0.079325969999999996
   3    -0.24105889  0.19009764000000001  -0.079948804999999998
   4    -0.4270195  -0.023524272999999998  -0.045326136000000003
   5    -0.24072557999999999  0.14500847  -0.055139206000000003
   6    -0.23415258999999999  0.16260678000000001  -0.069968939999999993
   7    -0.20795437999999999  0.10415685  -0.064120755000000002
   8    -0.16208587999999999  0.086519299999999993  -0.04248354
   9    -0.17530037000000001  0.093147986000000002  -0.05827628
  10    -0.45350679999999999  -0.047620179999999998  -0.076767370000000001
  11    -0.18218438000000001  0.064570900000000001  -0.064955460000000007
  12    -0.18839428  0.096605109999999994  -0.063533455000000003
  13    -0.16345478999999999  0.058148424999999997  -0.067691189999999998
  14    -0.15413447999999999  0.045506150000000002  -0.067402649999999995
  15    -0.12727599000000001  0.052345134000000001  -0.067156370000000007
  16    -0.045993122999999997  -0.098596100000000006  -0.051559626999999997
  17    -0.10167368  0.03653609  -0.070142739999999995
  18    -0.23406307000000001  0.28764325000000002  -0.16470978
  19    0.033344287  0.30926508000000003  -0.0043518690000000004
  20    0.076528650000000004  0.34527403000000001  -0.055851378
  21    -0.024729513000000002  0.29112113000000001  0.02206172
  22    -0.030753393  0.24224066999999999  0.00076927989999999997
  23    -0.058504313000000002  0.22063959999999999  -0.013078749000000001
  24    -0.037832594999999997  0.22916311  -0.004408866
  25    0.019336025999999999  0.17301776999999999  -0.077393829999999997
  26    -0.055003203000000001  0.1717545  -0.031970895999999999
  27    -0.036256141999999998  0.12745085  -0.048843484
  28    -0.027579612999999999  0.13578981000000001  -0.033811795999999998
  29    -0.12392008  -0.17660973999999999  0.0032499433
  30    -0.12733807999999999  -0.27471370000000001  0.030000447999999999
  31    -0.11999719  -0.20095842999999999  0.0045123547000000003
  32    -0.14121987999999999  -0.28538468  0.016734682000000001
  33    -0.087829530000000003  -0.16757643  -0.0016016737000000001
  34    -0.12213959000000001  -0.27757353000000001  0.029789962
  35    -0.14298617999999999  -0.32392672  -0.024628713999999999
  36    -0.042966722999999998  -0.17150040999999999  -0.031688574999999997
  37    -0.36091578000000002  -0.035058792999999998  0.040678951999999997
  38    -0.39057239999999999  -0.027911770999999998  0.013614012
  39    -0.35438819999999999  -0.026331555  0.071443709999999994
  40    -0.27483249999999998  -0.068848969999999995  0.075167330000000004
  41    -0.23618027999999999  -0.085974110000000006  0.072351470000000001
  42    -0.24544647  -0.093371819999999994  0.086348560000000005
  43    -0.22481387999999999  -0.078648313999999997  0.067868330000000004
  44    -0.23202738000000001  -0.17074971  -0.0087319200000000007
  45    -0.25631419999999999  -0.081584770000000001  0.075523510000000002
  46    -0.21716958  -0.1018492  0.076699939999999994
  47    -0.19342628000000001  -0.108669706  0.075133130000000006
  48    -0.14390997999999999  -0.099441119999999994  0.033392199999999997
  49    -0.17861588  -0.17684299000000001  0.0042333900000000001
  50    -0.14244298999999999  -0.086139419999999994  0.029006456999999999
  51    -0.099323880000000003  -0.076999629999999999  0.0049329639999999998
  52    -0.079846516000000006  -0.073569654999999998  0.0067907907000000003
  53    -0.042216755000000002  -0.057671720000000003  -0.050105012999999997
  54    -0.060528512999999999  -0.13778066999999999  -0.030379395999999999
  55    -0.086102455999999994  -0.086824245999999994  0.020299451
  56    -0.11091541000000001  -0.069001090000000001  0.0070766713000000002
  57    -0.078827515000000001  -0.16116591999999999  -0.0087348860000000007
  58    -0.14413027  0.020251418  -0.042366404000000003
  59    -0.11676109  -0.084762169999999998  0.018679709999999999
  60    -0.10210015  -0.054450947999999999  0.058347824999999999
  61    0.16801663  -0.38473249999999998  -0.015247077
  62    0.18426892  -0.36916915  -0.00030080974
  63    0.29339799999999999  0.16038764999999999  0.060548678000000002
  64    0.30615690000000001  0.14759174  0.066027604000000004
  65    0.22946662000000001  0.15895316000000001  0.044704117000000002
  66    0.22559302000000001  0.15538254000000001  0.052114189999999998
  67    0.18546051999999999  -0.047141716  -0.034268149999999997
  68    0.19403912000000001  0.15024698  0.035854234999999998
  69    -0.14498648  -0.33922434000000001  -0.016227834
  70    -0.15085018  -0.35009044  -0.023870072999999999
  71    -0.14248358  -0.33582224999999999  -0.030406043000000001
  72    -0.14948177000000001  -0.31153356999999998  0.024887979000000001
  73    -0.10623255  -0.29280402999999999  0.051132940000000002
  74    0.11359702000000001  0.10021729  0.0017301738000000001
  75    0.101153016  0.013638641999999999  0.026260606999999998
  76    0.095552310000000001  0.059942584  0.028599294000000001
  77    0.10242562  0.011026413000000001  0.045166049999999999
  78    0.10832772  0.094705865  -0.0075366013000000001
  79    0.087583809999999998  0.030365381  -0.016333549999999999
  80    0.10242082  0.013968362999999999  0.063800750000000003
  81    0.17101612999999999  -0.048253803999999997  -0.025378134
  82    0.104754716  -0.031974540000000003  -0.024532310000000002
  83    0.081723005000000001  -0.022818479999999999  -0.019023536000000001
  84    0.16087092  -0.064410776000000003  -0.023317449000000001
  85    0.076771884999999998  -0.038356632000000002  0.014572666
  86    0.11680072499999999  -0.045956931999999999  -0.029268510000000001
  87    0.00068964715999999995  -0.11281334599999999  -0.053634670000000002
  88    0.14041732000000001  -0.068791315000000006  -0.067422480000000007
  89    -0.010110815  -0.120810956  -0.059576514999999997
  90    -0.018993208000000001  -0.081473000000000004  -0.03245584
  91    0.0045898071999999996  -0.014741087  -0.068116839999999998
  92    0.0065236073000000004  0.023552982  -0.096561499999999995
  93    0.014641367000000001  -0.045978657999999999  -0.063541399999999998
  94    0.012916878  -0.047613322999999999  -0.054596065999999999
  95    0.053353060000000001  0.078340450000000006  -0.040168273999999997
  96    0.048085269999999999  0.15149164000000001  -0.095245540000000004
  97    0.038031666999999998  0.06439839  -0.061774902
  98    0.059176649999999997  0.071701064999999994  -0.039077964
  99    0.15670912000000001  0.113307565  -0.097674940000000002
 100    0.083820014999999998  0.016316621999999999  -0.064352110000000004
 101    0.033303975999999999  0.14301501  -0.10978337000000001
 102    0.043564367999999999  0.15063747999999999  -0.10343914
 103    0.055344280000000003  0.15905227999999999  -0.10102579
 104    0.099614725000000001  0.15690204999999999  -0.086577769999999998
 105    0.085979910000000007  0.16165866000000001  -0.091272339999999993
 106    0.016513997999999998  0.12543857  -0.119377054
 107    0.022481035  0.11584517  -0.11009091999999999
 108    0.16201112000000001  0.11203639999999999  -0.1236022
 109    0.019019376000000001  0.096655309999999994  -0.10915972
 110    0.0072194879999999996  0.094601214000000003  -0.086102170000000006
 111    0.15581871999999999  0.11314842  -0.104572594
 112    -0.0031614928  0.086370884999999994  -0.12045139000000001
 113    0.018993448  0.091978889999999994  -0.095996250000000005
 114    0.0044509079999999999  0.052755993000000001  -0.110929705
 115    0.023981057  0.059018359999999999  -0.096493060000000005
 116    0.011305677  0.043287538  -0.104594246
 117    0.081246109999999996  0.0071684252  -0.072895004999999999
 118    -0.10685809  -0.27512809999999999  0.041768399999999997
 119    -0.074339985999999997  -0.25535934999999998  0.057546109999999998
 120    0.13399462000000001  -0.39984809999999998  -0.024905354000000001
 121    0.15044571000000001  -0.37644907999999999  -0.0029377042999999999
 122    0.0055774674000000002  -0.2188707  0.054622746999999999
 123    0.21184792  -0.24839195999999999  0.018284789999999999
 124    0.039272136999999999  -0.17969151  0.051731493000000003
 125    0.19906192  -0.29583403000000003  0.031439229999999999
 126    0.053797457  -0.12559467999999999  0.018570356
 127    0.17428592000000001  -0.10442592000000001  -0.046982169999999997
 128    0.17547662999999999  -0.10709050000000001  -0.041228969999999997
 129    0.055541170000000001  -0.084651573999999993  0.0023818611999999999
 130    0.061848935000000001  -0.10231031  0.012373626
 131    0.14999983  -0.083712935000000002  -0.044799659999999998
 132    0.056963029999999998  -0.11236614  0.015878268000000001
 133    0.22569832000000001  -0.28806113999999999  0.0075102670000000002
 134    0.23816143000000001  -0.27852060000000001  0.01951141
 135    0.23113201999999999  -0.28786957000000002  0.013850875
 136    0.24357570000000001  -0.23335217  -0.00033549220000000002
 137    0.4593238  0.078896339999999995  0.028990347
 138    0.19578432000000001  0.16718638  0.019647382000000001
 139    0.17252332000000001  0.14943054  0.0064665675000000001
 140    0.12552432999999999  0.12407121  -0.015154444
 141    0.13281302  0.11807617500000001  0.0016664676
 142    0.12568811999999999  0.14249232000000001  -0.074985850000000007
 143    0.117144525  0.110274754  -0.015302915
 144    0.096400719999999995  0.092212349999999998  -0.023151502000000001
 145    0.24408181000000001  -0.13259636999999999  -0.023839796
 146    0.23567462  -0.118112415  -0.030853370000000001
 147    0.24807162999999999  -0.13817858999999999  -0.015906925999999998
 148    0.22263162  -0.096719965000000005  -0.043153762999999998
 149    0.22868082000000001  -0.10527034  -0.041599593999999997
 150    0.21171692  -0.08954811  -0.054632399999999998
 151    0.21695992  -0.079827490000000001  -0.037078462999999999
 152    0.14740062000000001  -0.0104583595  -0.063657864999999994
 153    0.12454012  -0.0075343045999999997  -0.071233619999999997
 154    0.25120940000000003  0.19293637999999999  0.063728359999999998
 155    0.40096359999999998  0.094147809999999998  0.068659800000000007
 156    0.3922216  0.096652139999999997  0.068131750000000005
 157    0.24202452999999999  0.15630069999999999  0.077339599999999994
 158    0.052560974000000003  0.10915083  0.019716628
 159    0.32639580000000001  0.15390892  0.066325120000000001
 160    0.29143542  0.15572642  0.099554710000000005
 161    0.41546090000000002  0.097458236000000004  0.040119826999999997
 162    0.089664220000000003  0.35395510000000002  -0.072347629999999996
 163    0.057954524  0.10071951  -0.035377211999999998
 164    0.29544399999999998  0.17830552  0.069367856000000006
 165    0.29859552  0.16792298999999999  0.062940819999999995
 166    0.096408220000000003  0.34215151999999999  -0.080942340000000002
 167    0.14749981000000001  0.15257794  0.046425029999999999
 168    0.32006689999999999  0.14950517999999999  0.10122755999999999
 169    0.28429989999999999  0.16545792000000001  0.098526509999999998
 170    0.080314529999999995  0.13439224999999999  -0.023105305
 171    0.46458509999999997  0.082312640000000006  -0.0041245352000000004
 172    0.068995909999999994  0.13397010000000001  0.013010979000000001
 173    0.077386096000000001  0.12081335999999999  0.023822092999999999
 174    0.093865619999999997  0.33635429999999999  -0.066894029999999993
 175    0.077560160000000003  0.32127622  -0.016894780000000002
 176    0.16614192999999999  0.19202752000000001  0.032908109999999997
 177    0.21123812  0.15771155000000001  0.065705799999999995
 178    0.22892483  0.17830183999999999  0.084093200000000007
 179    0.23620411999999999  -0.15222910000000001  0.010734252999999999
 180    0.14237192000000001  0.14076193000000001  0.037464900000000002
 181    0.062276926000000003  0.016094908000000002  0.15461895
 182    0.31877761999999998  0.14185159  0.099651420000000004
 183    0.28641299999999997  0.14937921000000001  0.094311710000000007
 184    0.068087499999999995  -0.0023637115999999999  0.14337301
 185    0.053741629999999999  0.096451190000000006  0.10927239
 186    0.097133520000000001  0.033826380000000003  0.091508199999999998
 187    0.035192788000000003  0.11895533  0.043538305999999999
 188    0.15911371999999999  0.18892257000000001  0.040953512999999997
 189    0.090863719999999995  0.13344416000000001  0.027003691999999999
 190    0.35450140000000002  0.12565175000000001  0.095526374999999997
 191    0.11498612  0.16964957  0.0034917517999999998
 192    0.0021646972999999998  0.050268449999999999  0.18209863000000001
 193    0.24780492000000001  -0.21243803  0.022104166000000001
 194    0.034718606999999999  0.29266286000000002  0.019263125999999998
 195    0.23828811999999999  -0.12708549999999999  -0.0058095715999999997
 196    0.095357609999999995  0.14593413  0.026636940000000001
 197    0.3568365  0.11426372  0.084528190000000003
 198    0.028268906999999999  0.1112838  0.10411115
 199    0.066097740000000002  0.10046076  0.070385340000000005
 200    0.11546331999999999  0.14813459000000001  -0.017301235000000002
 201    0.041768397999999998  0.077841729999999998  0.14716075000000001
 202    0.19527860999999999  0.18041726999999999  0.021201573000000001
 203    0.09825122  0.14131378999999999  -0.021649926999999999
 204    0.018865347000000001  0.058545489999999999  0.17396721000000001
 205    0.080331459999999993  0.047587934999999998  0.1252877
 206    0.034431376  0.016907208  0.1765129
 207    0.030207977  0.11831107  0.075110579999999996
 208    0.043324710000000002  0.11520033  0.063726720000000001
 209    0.075331405000000004  0.068393860000000001  0.11722792999999999
 210    0.026165484999999999  0.099324629999999997  -0.033411910000000003
 211    0.012745937000000001  0.081766463999999997  0.15869058999999999
 212    -0.46004240000000002  -0.048570729999999999  -0.062875494000000004
 213    -0.45742519999999998  -0.043321012999999998  -0.074966099999999994
 214    -0.42758748000000002  -0.035726037000000002  -0.035949483999999997
 215    -0.097922010000000004  -0.061308503  0.061206006
 216    -0.29371979999999998  -0.066366105999999994  0.10126233
 217    -0.043140723999999998  -0.067230509999999993  0.027747342000000001
 218    -0.38718989999999998  -0.0060147580000000003  0.0082918320000000007
 219    -0.1022995  -0.095202099999999998  0.058345300000000003
 220    -0.35726940000000001  -0.0072767194000000002  0.043596797
 221    -0.19926326999999999  0.068004869999999995  -0.033045239999999997
 222    -0.13786267999999999  -0.058912395999999999  0.059588686000000002
 223    -0.40703729999999999  -0.0080349250000000001  -0.0056007089999999997
 224    -0.35032839999999998  -0.018812341999999999  0.040263750000000001
 225    -0.08605583  -0.019182479999999998  0.035747424
 226    -0.27610030000000002  -0.053066387999999999  0.076836810000000005
 227    -0.30202709999999999  -0.030408058000000002  0.094239959999999998
 228    -0.22611787999999999  0.14121626000000001  -0.028870608999999998
 229    -0.24211888000000001  -0.054779265000000001  0.10267374999999999
 230    -0.25111450000000002  -0.050383787999999999  0.099072839999999995
 231    -0.057676073000000001  0.0082892629999999998  0.16767879999999999
 232    -0.036436471999999998  -0.070449479999999995  0.060981727999999999
 233    -0.30429487999999999  -0.065664330000000007  0.08606577
 234    -0.12404849  -0.10079302  0.069454855999999995
 235    -0.19536708  -0.093944609999999998  0.10364056000000001
 236    -0.044353135000000002  -0.0080372580000000002  0.17395796999999999
 237    -0.067472770000000001  -0.023945149999999998  0.13782564999999999
 238    -0.39236009999999999  -0.0093031840000000008  0.026342620000000001
 239    -0.16702797999999999  -0.11108216999999999  0.069986984000000002
 240    -0.095332280000000005  -0.071459666000000005  0.063324500000000006
 241    -0.071179350000000002  -0.0064738243999999997  0.14730370000000001
 242    -0.18424718000000001  -0.083297120000000002  0.10202809
 243    -0.15123887  -0.39026588000000001  -0.074910199999999996
 244    -0.19568737999999999  -0.065433264000000005  0.083958240000000003
 245    -0.19296637  -0.10079348  0.097739380000000001
 246    -0.11285400399999999  -0.043773048000000002  0.023893435000000001
 247    -0.25480419999999998  -0.070598885  0.11266031999999999
 248    -0.038268823  -0.20525207000000001  0.090323529999999999
 249    -0.093901189999999995  0.0047924016000000002  0.076919000000000001
 250    -0.29753378000000003  -0.047784843  0.10502699
 251    -0.048342343000000003  -0.033924490000000002  0.15059703999999999
 252    -0.061078663999999998  -0.034568957999999997  0.1338831
 253    -0.10555635400000001  -0.084200789999999998  0.068026799999999998
 254    -0.15680358  -0.10705866  0.080345970000000003
 255    -0.093738299999999997  0.039437941999999997  0.065173306
 256    -0.092529120000000006  0.014873341  0.096552319999999997
 257    -0.11691348  -0.051835045000000003  0.019647812000000001
 258    -0.034919604999999999  0.032694697000000002  0.18176281
 259    -0.089141384000000004  -0.093095540000000004  0.045279063000000001
 260    -0.016348275999999998  -0.17873347000000001  0.073334425999999994
 261    -0.057916163999999999  -0.054442715000000003  0.093929460000000006
 262    -0.082097710000000004  -0.025052886  0.094571530000000001
 263    -0.070150434999999997  -0.045357372999999999  0.076722200000000004
 264    -0.24230077999999999  0.20452107  -0.055374064000000001
 265    -0.027325992  0.018112794000000002  0.18625543999999999
 266    -0.112687334  0.0058402577000000004  -0.044017623999999998
 267    -0.060319251999999997  -0.16523257999999999  -0.0035324990000000001
 268    -0.10424601999999999  -0.25051024999999999  0.073603569999999993
 269    -0.117507786  -0.28308818000000002  0.068692320000000001
 270    -0.056081012  -0.047270055999999998  0.11955444
 271    -0.15276936999999999  -0.18141267  0.020024127999999999
 272    -0.064638435999999994  -0.15782257999999999  -0.0076244846000000002
 273    -0.106644526  -0.18820295000000001  0.015527694999999999
 274    -0.063261049999999999  0.09823606  0.0017468631
 275    0.049069825999999997  0.18002799  -0.090304280000000001
 276    0.066248669999999996  0.34244010000000003  -0.028160735999999999
 277    -0.078568159999999998  0.11209145  -0.016280658999999999
 278    -0.074862029999999996  0.077395119999999998  0.014903536
 279    0.098819524000000006  0.17621854000000001  -0.075058120000000006
 280    0.082956909999999995  0.35108077999999998  -0.080643430000000002
 281    -0.0014206925  0.11809343999999999  0.092651813999999999
 282    -0.036222544000000002  0.19506960000000001  -0.0064964144999999996
 283    -0.074406920000000001  0.18944174  -0.019658855999999999
 284    -0.024967583000000002  0.23168907999999999  0.017770952999999999
 285    -0.064188170000000003  0.071743205000000004  -0.025970210000000001
 286    -0.036253735000000002  0.110434674  0.0088353119999999997
 287    -0.00081255287000000002  0.10441971999999999  0.12908513999999999
 288    0.021925617000000001  0.28933494999999998  0.010242701
 289    -0.026351732999999999  0.11675417  0.077336059999999998
 290    -0.057925883999999997  0.099261489999999994  -0.046266172000000001
 291    -0.0022809430000000001  0.29121983000000001  0.040928796000000003
 292    0.0021202266  0.11261402  0.11144951
 293    -0.01346053  0.27340500000000001  0.044778153000000001
 294    -0.047322992000000001  0.104061715  0.0088107849999999998
 295    -0.0097980270000000008  0.1211153  0.022465143
 296    -0.083124770000000001  0.13180943000000001  -0.011361569
 297    -0.18382688  0.10568707400000001  -0.055088017000000003
 298    0.015333727  0.29208436999999998  0.038101889999999999
 299    -0.063520460000000001  0.095053810000000002  0.068685300000000005
 300    -0.085074514000000004  0.14939447  -0.0153166875
 301    -0.22089449  0.25773596999999998  -0.10337875000000001
 302    -0.058216244  0.097611939999999994  0.083353153999999999
 303    -0.013676289499999999  0.12525073  -0.082912429999999995
 304    -0.054348473000000001  0.19083829999999999  0.026659366
 305    -0.034089793  0.10514204000000001  -0.097656354000000001
 306    -0.20893898999999999  0.15870097  -0.051706173000000001
 307    -0.065585530000000003  0.093888365000000001  0.045342404000000003
 308    -0.026425733999999999  0.10946596  -0.086971510000000002
 309    -0.16301668  0.077932929999999997  -0.028506044000000001
 310    0.017121797000000001  0.12234647999999999  0.064114290000000004
 311    -0.21367227999999999  0.16347855  -0.039102400000000002
 312    -0.01096867  0.10879357000000001  -0.083914383999999995
 313    -0.10075774999999999  0.051895887000000002  -0.060976700000000002
 314    -0.19388747000000001  0.11135440000000001  -0.027864564000000001
 315    -0.0079304890000000006  0.092603266000000004  0.14842886999999999
 316    -0.17931828  0.10437083  -0.042877164000000002
 317    -0.02228028  0.1028022  0.12641384999999999
 318    0.13833073000000001  0.15337938000000001  -0.090189290000000005
 319    -0.19270907000000001  0.12321717  -0.043922476000000002
 320    -0.14331008000000001  -0.39447173000000002  -0.077852459999999998
 321    -0.13996547000000001  -0.38895764999999999  -0.071345560000000002
 322    0.0047474466  -0.19572260999999999  0.09337579
 323    -0.14701918  -0.41777693999999999  -0.078434409999999996
 324    -0.15485436999999999  -0.34918450000000001  -0.021820948
 325    -0.097031519999999996  -0.28069772999999998  0.078015760000000003
 326    -0.13932117999999999  -0.2827964  0.04386901
 327    -0.12891527999999999  -0.27114904000000001  0.03522347
 328    -0.051728999999999997  -0.22117714999999999  0.066854189999999994
 329    -0.0051917860000000003  -0.064876645999999996  -0.0062339379999999996
 330    -0.0017618332  -0.14660628000000001  0.038054711999999997
 331    -0.16014518  -0.34322765  -0.019010164
 332    -0.15368388999999999  -0.36205214000000002  -0.03620056
 333    -0.15227889  -0.38724038  -0.059020095000000002
 334    -0.14344657999999999  -0.41874766000000002  -0.086309360000000002
 335    -0.20859507999999999  -0.18045079999999999  -0.0064988659999999998
 336    -0.089408290000000001  -0.18557361999999999  -0.022499620000000001
 337    -0.16889977  -0.19590664999999999  0.011819072
 338    -0.19033696999999999  -0.19018384999999999  0.0048125310000000001
 339    -0.10347596000000001  -0.25237969999999998  0.056201287000000003
 340    0.019496657000000001  -0.19671058999999999  0.083729475999999997
 341    -0.0088359825000000006  -0.064797759999999996  0.12306836
 342    0.032398299999999998  -0.15986346000000001  0.076868489999999998
 343    0.060452770000000003  -0.096064849999999993  0.036793883999999999
 344    -0.13202378000000001  -0.28850890000000001  0.055418654999999997
 345    0.0050502176999999999  -0.22109479000000001  0.081789630000000002
 346    0.20180592  -0.30323963999999998  0.035418182999999999
 347    0.014673777000000001  -0.062451399999999997  0.1251572
 348    -0.030158753  -0.24482747999999999  0.093479839999999995
 349    -0.0045821265999999999  -0.074802720000000003  0.024729319
 350    -0.089015510000000006  -0.19053587  0.0077198893000000003
 351    0.026763796999999999  -0.083214133999999995  0.04924953
 352    0.053783860000000003  -0.12604956  0.053003978
 353    0.0020973664  -0.065448519999999996  -0.0097385200000000005
 354    -0.12979418000000001  -0.30503792000000002  0.044076845000000003
 355    -0.090588290000000002  -0.28360577999999997  0.072259390000000007
 356    0.042132990000000002  -0.17338079000000001  0.060132159999999997
 357    0.046317079999999997  -0.064113199999999995  0.089315854
 358    0.033794406999999999  -0.071466773999999997  0.077568090000000006
 359    -0.028710633999999999  -0.13706309  -0.02142413
 360    0.0092095470000000002  -0.087151229999999996  0.041703551999999998
 361    -0.027598261999999998  -0.059424497  0.12718235
 362    0.062472279999999998  -0.037289801999999997  -0.030895568000000002
 363    0.024902056999999998  -0.040872100000000001  0.15240368000000001
 364    0.058398735  -0.048958494999999998  0.00059359707000000001
 365    0.042271268000000001  -0.069116919999999998  0.064594923999999998
 366    -0.20612607999999999  -0.18306984000000001  0.0061451494999999997
 367    -0.014431197999999999  -0.054294847  0.14155756999999999
 368    -0.23995759  0.28074628000000001  -0.19113042999999999
 369    -0.26082297999999998  0.28328773000000002  -0.28205606
 370    -0.13234918000000001  0.039076149999999997  -0.021682361000000001
 371    -0.063612329999999995  0.030406585  -0.067213419999999996
 372    -0.029574003000000001  0.029691390000000002  -0.089110910000000002
 373    -0.23072297999999999  0.28871942  -0.22494310000000001
 374    -0.082728369999999996  0.058393094999999999  0.10489116599999999
 375    -0.22723398  0.27637756000000002  -0.19745371
 376    -0.21955457  0.27956377999999998  -0.18000253999999999
 377    -0.0030052830000000001  0.15099055  -0.10611551
 378    -0.24697227999999999  0.28830307999999999  -0.22875535
 379    -0.12522209000000001  0.054152247000000001  -0.027334190000000001
 380    -0.10659364  0.017609822000000001  -0.021587829999999999
 381    -0.066686019999999999  0.079839320000000005  0.11396795999999999
 382    -0.098048540000000003  0.030923577000000001  -0.019030442000000002
 383    0.11371572000000001  -0.44157276000000001  -0.076766065999999994
 384    0.11478582  -0.43847019999999998  -0.08246539
 385    0.17476401999999999  -0.37566316  0.009620801
 386    0.19888242  -0.31769606  0.0052064879999999996
 387    0.030805908  -0.0096986480000000007  -0.064619764999999996
 388    0.20705332000000001  -0.117676064  -0.0040880292999999996
 389    0.037115566000000003  0.012914056  -0.068970829999999997
 390    0.19916523  -0.10742663  -0.056789020000000003
 391    0.19663411  -0.068914875  -0.020803180000000001
 392    0.23719122000000001  -0.18243164000000001  0.020985073999999999
 393    0.21557702000000001  -0.26807713999999999  0.005579695
 394    0.21805762000000001  -0.28211062999999997  0.0048007070000000004
 395    0.22881702000000001  -0.17157776999999999  0.017509866999999998
 396    0.080818966000000006  -0.01724206  0.113520995
 397    0.085142969999999998  -0.026079956000000001  0.089979686000000003
 398    0.22864751999999999  -0.16505317  -0.030390094999999999
 399    0.21099003  -0.13514403999999999  -0.043537060000000002
 400    0.13625643000000001  -0.046653500000000001  -0.077827179999999996
 401    0.19919071999999999  -0.30532651999999999  0.0088423860000000007
 402    0.049214859999999999  -0.005301699  0.16114607
 403    -0.23820127999999999  -0.16448209  -0.020795725000000001
 404    -0.22338088  -0.16697972  -0.012488971999999999
 405    -0.013104414999999999  -0.053601474000000003  -0.025802754000000001
 406    -0.034124922000000002  -0.065174565000000004  -0.035851855000000002
 407    -0.053311482  -0.042094543999999998  -0.012182373999999999
 408    0.0035400280000000002  0.0079755020000000006  -0.085638119999999998
 409    -0.013871145  0.042961579999999999  -0.10826311
 410    -0.026261692999999999  0.054692726999999997  -0.073151910000000001
 411    0.17203442999999999  0.10458743600000001  -0.12690699
 412    0.038974367000000003  0.16328799999999999  -0.10698889
 413    0.018695964999999998  0.15217865999999999  -0.076446
 414    -0.034625344000000002  0.060549468000000002  -0.083764136000000003
 415    -0.04083415  0.059814736  -0.062659339999999994
 416    0.078999533999999996  0.15992998  -0.075608120000000001
 417    -0.0034323828000000002  0.05145251  -0.111815676
 418    0.15232812000000001  0.13307814000000001  -0.107979715
 419    0.0093644469999999997  0.070997879999999999  -0.073224739999999996
 420    0.0010601467999999999  0.11879684  -0.085626839999999996
 421    0.021899565999999999  0.0011823159000000001  -0.073006429999999997
 422    -0.079717350000000006  0.041378506000000002  -0.018103711000000001
 423    -0.23877917000000001  0.2342265  -0.10698783000000001
 424    -0.23424387999999999  0.18401311000000001  -0.077486849999999996
 425    -0.24002778999999999  0.20718639999999999  -0.086853200000000005
 426    -0.23903547  0.14971042000000001  -0.06474328
 427    -0.23102199000000001  0.15325277000000001  -0.070364220000000005
 428    -0.22203928000000001  0.11337395  -0.063597925
 429    -0.21188498  0.11136652499999999  -0.067023040000000006
 430    -0.20649397  0.11394888  -0.064461320000000003
 431    -0.20070568  0.078041180000000002  -0.060561456
 432    -0.19553108999999999  0.067720144999999995  -0.062042132
 433    -0.19494268000000001  0.063701234999999995  -0.054809798
 434    -0.16699976999999999  0.050202223999999997  -0.065023300000000006
 435    -0.14757597  0.034957380000000003  -0.065202979999999994
 436    -0.11372168000000001  0.027577170000000002  -0.068932419999999994
 437    -0.12523947999999999  0.035668760000000001  -0.070061065000000006
 438    -0.04250346  -0.10059957  -0.060769222999999997
 439    -0.12117699  0.024033678999999999  -0.070497766000000003
 440    -0.117434576  0.040970657000000001  -0.07024408
 441    -0.11714469  0.033145603000000003  -0.074053530000000006
 442    0.011649977000000001  0.30454409999999998  0.0024901703
 443    -0.026427314  0.28609908000000001  0.013235055000000001
 444    -0.0044275720000000003  0.29255745  0.0065131633999999999
 445    -0.046687745000000003  0.25772157000000001  0.00081972779999999997
 446    -0.039255254000000003  0.25172052  -0.0032980293000000002
 447    -0.061315674000000001  0.22621996999999999  -0.0086110679999999995
 448    -0.048080212999999997  0.21931687999999999  -0.016325437000000002
 449    -0.046721609999999997  0.20860307  -0.015158929
 450    -0.061895274  0.18152088  -0.030378077
 451    -0.052569712999999997  0.14092724000000001  -0.042806074
 452    -0.055164802999999998  0.13047360999999999  -0.045313723
 453    -0.037242709999999998  0.13425930999999999  -0.041907236
 454    -0.029122222  0.13828299999999999  -0.042243986999999997
 455    -0.10786  -0.19767028  -0.0073718430000000003
 456    -0.051496750000000001  -0.17231162999999999  -0.035830908000000002
 457    -0.31542468000000001  -0.051311724000000003  0.065610799999999997
 458    -0.31176959999999998  -0.039702207000000003  0.065852289999999994
 459    -0.28533377999999998  -0.072175740000000002  0.077134640000000004
 460    -0.29838910000000002  -0.063648626  0.076367770000000001
 461    -0.24895959000000001  -0.079992530000000006  0.071430854000000002
 462    -0.24833448  -0.073446659999999997  0.073191300000000001
 463    -0.21091188  -0.088470586000000004  0.062039329999999997
 464    -0.22205658  -0.10040106  0.072215219999999997
 465    -0.17422367999999999  -0.10207579  0.052168086000000002
 466    -0.18528417999999999  -0.097761230000000005  0.05460537
 467    -0.13857958000000001  -0.094886849999999995  0.031900643999999999
 468    -0.15301348000000001  -0.088406940000000003  0.032697864
 469    -0.15621926999999999  -0.095979250000000002  0.038617476999999997
 470    -0.096406800000000001  -0.070986845000000007  0.0064083003000000001
 471    -0.093782976000000004  -0.080710374000000001  0.011531781
 472    -0.10109113  -0.065695740000000002  0.0062489490000000002
 473    -0.11021083600000001  -0.062683260000000005  0.010706291
 474    -0.1028052  -0.088752310000000001  0.018176162999999999
 475    -0.12814458000000001  0.013678648999999999  -0.051257625000000001
 476    -0.116936386  -0.07885346  0.011373449000000001
 477    -0.11337348999999999  -0.085129990000000003  0.01228301
 478    0.24628823  0.1672449  0.045048546000000002
 479    0.24686031  0.15748546999999999  0.053173557000000003
 480    0.24344621999999999  0.15390682  0.070797070000000004
 481    0.26402012000000002  0.15013783999999999  0.075766390000000003
 482    0.22324501999999999  0.16215964999999999  0.0328011
 483    0.21832383  0.15396478999999999  0.040878654
 484    0.20959303000000001  0.15344917999999999  0.042147509999999999
 485    -0.14314437999999999  -0.34565327000000001  -0.031858987999999998
 486    -0.14060378000000001  -0.32856825000000001  -0.016377217999999999
 487    -0.13621428999999999  -0.31481706999999998  1.8574297000000001e-05
 488    -0.13547877999999999  -0.31849104  0.011161476
 489    0.093559710000000004  0.057233274000000001  0.013968522000000001
 490    0.099144414  0.053305797000000002  0.042957700000000001
 491    0.10214482  0.050924964000000003  0.014455325999999999
 492    0.109190315  0.034726303  0.03820548
 493    0.098643913999999999  0.029623928000000001  0.0059692264000000004
 494    0.10367672  0.025719525  0.011621384
 495    0.10818252  0.022869699  0.026327125999999999
 496    0.10339482  0.023665275  0.044302510000000003
 497    0.098838419999999996  -0.0086023929999999998  0.0097396895000000008
 498    0.10216181000000001  -0.012611786  0.029274973999999999
 499    0.102290824  -0.0079691569999999993  0.020794726999999999
 500    0.085793585000000006  -0.032914659999999998  0.038451694000000002
 501    -0.019693933  -0.14047535999999999  -0.050909415
 502    -0.024994981999999999  -0.1521044  -0.041945747999999998
 503    -0.0062298756000000004  -0.114045694  -0.063412659999999996
 504    -0.0026278729000000002  -0.1137605  -0.046221204000000002
 505    -0.0021313830000000001  -0.117940135  -0.052121013000000001
 506    -0.0075521236000000002  -0.12456030999999999  -0.050348744000000001
 507    -0.0027913925999999999  -0.072443455000000004  -0.072392730000000002
 508    0.012966656999999999  -0.037444690000000003  -0.058659450000000002
 509    -0.00090397239999999998  -0.052910980000000003  -0.073732339999999993
 510    0.054379586000000001  0.029088197  -0.059898170000000001
 511    0.034472268  0.083403333999999996  -0.054209720000000003
 512    0.036459147999999997  0.075573559999999998  -0.054084733000000003
 513    0.071028770000000005  0.075625464000000003  -0.034429059999999997
 514    0.048160889999999998  0.071293910000000002  -0.049460829999999997
 515    0.065780850000000002  0.063354480000000005  -0.044435284999999998
 516    0.080425930000000007  0.058059554999999999  -0.020411812000000001
 517    0.081837709999999994  0.051341586000000002  -0.032994540000000003
 518    0.063237500000000002  0.054192564999999998  -0.047799000000000001
 519    0.070110409999999998  0.042113221999999999  -0.042525627000000003
 520    0.079218369999999996  0.044856764  -0.028682161000000001
 521    0.024095517  0.122569025  -0.11436336499999999
 522    0.011430608  0.093403934999999993  -0.11659170000000001
 523    0.022664387000000001  0.089998834  -0.10939096
 524    0.029984657000000001  0.051909879999999999  -0.095482800000000007
 525    0.023883238000000001  0.043474859999999997  -0.094239323999999999
 526    0.031226698000000001  0.03945311  -0.084254949999999995
 527    0.027539267999999999  0.036680919999999999  -0.094869889999999998
 528    0.032366097000000003  0.046549130000000001  -0.09134399
 529    0.061331544000000002  -0.012282163  -0.073767470000000002
 530    -0.093027159999999998  -0.2855568  0.053270020000000001
 531    -0.10716359  -0.28780156000000001  0.041964687000000001
 532    -0.057457942999999997  -0.26432347  0.065898269999999995
 533    -0.064993830000000002  -0.27054820000000002  0.063475799999999999
 534    -0.071500380000000002  -0.27558359999999998  0.072805960000000003
 535    -0.030254613999999999  -0.25084305000000001  0.068826390000000001
 536    0.018709026  -0.20851729999999999  0.060036055999999997
 537    0.015054457  -0.21788341  0.062482752000000003
 538    0.035457137999999999  -0.17678052  0.03203723
 539    0.035549435999999997  -0.17882085  0.041537285
 540    0.030272416999999999  -0.18181249999999999  0.033517304999999997
 541    0.057287347000000002  -0.13312674999999999  0.032873917000000002
 542    0.17294551  -0.097515030000000003  -0.027799238
 543    0.058123660000000001  -0.14166777999999999  0.029426377
 544    0.044801300000000002  -0.13141948000000001  0.0121146925
 545    0.050320980000000001  -0.1394213  0.024198379999999999
 546    0.040116899999999997  -0.14413566999999999  0.016209966999999999
 547    0.059702057000000003  -0.089971095000000001  0.0028975419999999999
 548    0.053887236999999998  -0.095657229999999996  -0.00095627829999999996
 549    0.042875778000000003  -0.10920568999999999  0.00078672542999999996
 550    0.21012172000000001  -0.33210915000000002  0.012535058
 551    0.23498052  -0.27739799999999998  0.010390811
 552    0.24899383  -0.24392611  0.0095820130000000003
 553    0.2513378  -0.19886731999999999  -0.003687933
 554    0.24533503000000001  -0.20447831999999999  -0.0099010539999999994
 555    0.25339982  -0.20897412000000001  -0.00095632669999999999
 556    0.25123509999999999  -0.16606998000000001  -0.0093469690000000001
 557    0.25121640000000001  -0.17344218  -0.014065713000000001
 558    0.25178460000000003  -0.17625209999999999  0.0047157780000000003
 559    0.18730202000000001  0.16086829  0.015145558999999999
 560    0.18296392  0.14804932000000001  0.017219596
 561    0.17530962999999999  0.14468085999999999  0.022262994000000001
 562    0.13298141999999999  0.13344866  -0.017118379999999999
 563    0.13598811999999999  0.13084794999999999  -0.0078942890000000005
 564    0.14480842999999999  0.13754037  -0.010197502000000001
 565    0.13376592000000001  0.12017721000000001  -0.010401387
 566    0.14317362  0.12329261  -0.0018480755
 567    0.096199510000000002  0.1117297  -0.029093767999999999
 568    0.093287620000000002  0.098555914999999994  -0.028354127
 569    0.10081741  0.102635115  -0.029889457000000001
 570    0.23993302999999999  -0.13520291000000001  -0.029348986000000001
 571    0.24650441000000001  -0.14591170000000001  -0.025289867000000001
 572    0.24218743000000001  -0.14980570000000001  -0.027489439000000001
 573    0.22882283  -0.11506784  -0.041433725999999997
 574    0.23220213000000001  -0.111315206  -0.038270116
 575    0.20073302000000001  -0.075034680000000006  -0.058975927999999997
 576    0.20647741999999999  -0.066368339999999998  -0.041466116999999997
 577    0.21281072000000001  -0.069107323999999998  -0.045822024000000003
 578    0.21425622999999999  -0.085778170000000001  -0.056729870000000002
 579    0.17036332000000001  -0.04849784  -0.071152456000000003
 580    0.17892472000000001  -0.047698539999999998  -0.063216633999999994
 581    0.17568101999999999  -0.059896856999999998  -0.070549000000000001
 582    0.17898291  -0.054445899999999998  -0.071998820000000005
 583    0.18271112  -0.038388850000000002  -0.059459150000000002
 584    0.19021761000000001  -0.051043406  -0.0607761
 585    0.19046110999999999  -0.05911392  -0.060956235999999997
 586    0.12521482  -0.013992098999999999  -0.075306213999999996
 587    0.13476872000000001  -0.015032004999999999  -0.077017500000000003
 588    0.14744982000000001  -0.021586503999999999  -0.069615410000000003
 589    0.20936613000000001  0.19656435999999999  0.059063409999999997
 590    0.111516014  0.12809960000000001  -0.022717576
 591    0.039817100000000001  0.11198532999999999  0.0069011374999999996
 592    0.41434969999999999  0.10317938  0.042237879999999998
 593    0.48276089999999999  0.082125110000000001  -0.024343121999999998
 594    0.39017721999999999  0.125916  0.083500669999999999
 595    0.2590829  0.17250863999999999  0.093161725000000001
 596    0.23851393000000001  0.16194386999999999  0.083288760000000003
 597    0.51015809999999995  0.091904440000000004  -0.038145366999999999
 598    0.24411732999999999  0.18080415  0.087301895000000004
 599    0.30796570000000001  0.13859463999999999  0.074616275999999995
 600    0.092990219999999998  0.083997816000000003  0.011972975
 601    0.14222762  0.12541124000000001  0.013094120000000001
 602    0.51691229999999999  0.090278185999999996  -0.050724499999999999
 603    0.057013344000000001  0.114275925  0.017430101999999999
 604    0.28769640000000002  0.14377949000000001  0.080210865000000006
 605    0.49383002999999998  0.088010980000000003  -0.014407939999999999
 606    0.47684902000000001  0.073701753999999994  -0.0071748309999999996
 607    0.21376281999999999  0.15455936000000001  0.057495980000000002
 608    0.094508320000000007  0.12603042  -0.028157596
 609    0.21603853000000001  0.18400277000000001  0.032310433999999999
 610    0.50858223000000002  0.087193909999999999  -0.034385464999999997
 611    0.46760469999999998  0.0923128  0.0051848255000000003
 612    0.37506630000000002  0.10685777  0.081724099999999994
 613    0.14593902  0.14157644  -0.0059342383999999998
 614    0.26021430000000001  0.17032528  0.049530393999999998
 615    0.47228249999999999  0.089875389999999999  0.013471801
 616    0.40284500000000001  0.12191862000000001  0.059263386000000001
 617    0.37733420000000001  0.12769469999999999  0.061228150000000002
 618    0.43298522  0.102899976  0.035489595999999998
 619    0.40553040000000001  0.095648830000000004  0.071429774000000001
 620    0.49510001999999997  0.090838574000000005  -0.033583130000000003
 621    0.15399620999999999  0.13905047000000001  0.034134711999999998
 622    0.12307952  0.17615119000000001  0.017481859999999998
 623    0.41565380000000002  0.08858038  0.042810474000000001
 624    0.11214462  0.16886306000000001  0.021821816000000001
 625    0.16979691  0.17449223  0.060213767000000001
 626    0.23658831  0.17002864000000001  0.086384760000000005
 627    0.16151091000000001  0.16228908  0.055016544000000001
 628    0.12655342  0.14436346  0.038494250000000001
 629    0.047493766999999999  0.11671442  0.0072373821999999997
 630    0.31684279999999998  0.17038289000000001  0.089469000000000007
 631    0.37663410000000003  0.11095437399999999  0.086871340000000005
 632    0.35480339999999999  0.13171516  0.097082570000000007
 633    0.10240231499999999  0.087269336000000003  -0.0029032156
 634    0.26896700000000001  0.17491648000000001  0.053212746999999998
 635    0.20866972  0.16147998  0.029049128
 636    0.42881049999999998  0.10210817  0.061197422000000001
 637    0.4308053  0.107867375  0.052272054999999998
 638    0.124041215  0.11268514  0.012717496999999999
 639    0.30652049999999997  0.15806447000000001  0.10068091
 640    0.44943529999999998  0.097350195  0.023213958
 641    0.035102475000000001  0.10023717  -0.026448507
 642    0.47311451999999998  0.086048979999999997  -0.011575086
 643    0.086639820000000006  0.08757537  0.018431389999999999
 644    0.17845981999999999  0.18803985000000001  0.057850152000000002
 645    0.060256045000000001  0.13180743  -0.0059062354000000003
 646    0.45218631999999997  0.081748420000000002  0.0087548609999999992
 647    0.17034732  0.14321457000000001  0.034097463000000001
 648    0.17674582  0.18580363999999999  0.018962447
 649    0.22741362000000001  0.19663663000000001  0.061573453
 650    0.19772743000000001  0.19661057000000001  0.046797051999999999
 651    0.37640420000000002  0.11796845  0.090904399999999996
 652    0.14294761  0.18454478999999999  0.028344471
 653    0.50853420000000005  0.082957454  -0.040801882999999997
 654    0.34232309999999999  0.13657101999999999  0.066162990000000005
 655    0.100061014  0.16204973  0.01638655
 656    0.39798749999999999  0.099703650000000005  0.052274317000000001
 657    0.19548222000000001  0.16811362999999999  0.069763005000000003
 658    0.086366709999999999  0.061066862  0.102079265
 659    0.072455495999999994  0.093165785000000001  -0.035699893000000003
 660    0.073621439999999996  0.12021801  -0.030139826000000002
 661    0.10596642000000001  0.15428106  -0.013920955
 662    0.3709288  0.14149205000000001  0.085272349999999997
 663    0.43800600000000001  0.10305095  0.048463717000000003
 664    0.37995872000000003  0.13221975  0.064368540000000002
 665    0.28277360000000001  0.14911500999999999  0.067661449999999998
 666    0.18465651999999999  0.19453818  0.049686180000000003
 667    0.30846390000000001  0.1648492  0.09860294
 668    0.072771829999999996  0.14222874999999999  0.0062555559999999998
 669    0.15555061000000001  0.18177660000000001  0.048968909999999997
 670    0.019945457999999999  0.28204151999999999  0.023272865
 671    0.0040017365999999999  0.2719763  0.035703770000000003
 672    0.20360001999999999  0.17342325  0.074529319999999996
 673    0.11374811999999999  0.16445926999999999  0.02983655
 674    0.042584147000000003  0.0022149608  0.16853978999999999
 675    -0.46937667999999999  -0.057903311999999998  -0.076206540000000003
 676    -0.083509180000000002  -0.025740434999999999  0.044121537000000002
 677    -0.33109290000000002  -0.048536404999999998  0.066844020000000004
 678    -0.46941169999999999  -0.053387202000000002  -0.080252519999999994
 679    -0.2914389  -0.040211706999999999  0.077081769999999994
 680    -0.46362320000000001  -0.052085377000000002  -0.083398044000000005
 681    -0.43353438  -0.029943435000000001  -0.025654574999999999
 682    -0.091464760000000006  -0.033018329999999999  0.044056829999999998
 683    -0.12794438  -0.052045821999999999  0.034457290000000002
 684    -0.13174269  -0.095572530000000003  0.07886572
 685    -0.23861778  -0.070083779999999998  0.11308429
 686    -0.13275628  -0.077330969999999999  0.079063869999999994
 687    -0.43771367999999999  -0.041481055000000003  -0.053005735999999998
 688    -0.15090548000000001  -0.072077825999999998  0.081207864000000005
 689    -0.17335437000000001  -0.089329064  0.045884609999999999
 690    -0.44514619999999999  -0.028717551000000001  -0.05481043
 691    -0.33584360000000002  -0.048775939999999997  0.072009290000000004
 692    -0.076413960000000003  -0.08511552  0.044019996999999998
 693    -0.062704739999999995  -0.067639740000000004  0.0042206476999999999
 694    -0.070650770000000002  -0.033907316999999999  -0.00888392
 695    -0.39054230000000001  -0.028401490000000001  0.026389948999999999
 696    -0.24895387999999999  -0.056993179999999997  0.081710409999999997
 697    -0.25515199999999999  -0.054653420000000001  0.10898967
 698    -0.36606339999999998  -0.015358597  0.025482378999999999
 699    -0.14600938999999999  -0.060717  0.044422983999999999
 700    -0.43317299999999997  -0.023197249999999999  -0.047117513
 701    -0.36482969999999998  -0.029885327  0.061418917000000003
 702    -0.10149704  -0.03249179  0.028412692
 703    -0.33218488000000002  -0.029956712999999999  0.087492849999999997
 704    -0.37528719999999999  -0.013525205  0.049092323
 705    -0.30280620000000003  -0.065708530000000001  0.08259524
 706    -0.40585120000000002  -0.010666063  -0.015917554
 707    -0.37881280000000001  -0.029840048000000001  0.042405470000000001
 708    -0.18695418999999999  -0.087511989999999998  0.10330481
 709    -0.26630310000000001  -0.054609480000000002  0.110924415
 710    -0.36724269999999998  -0.0094162559999999996  0.026474075
 711    -0.20191277999999999  -0.10493711  0.092370674
 712    -0.3175306  -0.045361171999999998  0.096480720000000006
 713    -0.4076147  -0.027144886999999999  -0.016741303999999999
 714    -0.24631507999999999  -0.052596837  0.091767760000000004
 715    -0.46032348000000001  -0.042434699999999999  -0.066545149999999997
 716    -0.2982728  -0.042887269999999998  0.071830764000000005
 717    -0.37241210000000002  -0.031063376  0.032098420000000003
 718    -0.087140515000000002  -0.040270224  0.050512960000000003
 719    -0.15110868  -0.061631701999999997  0.059596613
 720    -0.18095928  -0.073691430000000002  0.055046193
 721    -0.20989698000000001  -0.072232199999999996  0.067380293999999993
 722    -0.17290398000000001  -0.068073389999999998  0.056945654999999998
 723    -0.039296642  -0.06060509  0.0070398170000000003
 724    -0.32464799999999999  -0.032334442999999997  0.059590783000000001
 725    -0.11654599  -0.058250666  0.061195056999999997
 726    -0.19893748  -0.067834063999999999  0.071361439999999998
 727    -0.044625003000000003  -0.067159339999999998  0.017027549999999999
 728    -0.074079430000000002  -0.085991410000000004  0.034830615000000002
 729    -0.045649049999999997  -0.050698105  -0.0064817397000000001
 730    -0.11547528  -0.095670340000000006  0.068820919999999994
 731    -0.18281707  -0.105608255  0.089855774999999999
 732    -0.4429806  -0.035781313000000002  -0.064462884999999998
 733    -0.20346168000000001  -0.065524555999999998  0.093247839999999999
 734    -0.13048148000000001  -0.070004425999999995  0.073654639999999993
 735    -0.32043739999999998  -0.025431195  0.064649419999999999
 736    -0.37386219999999998  -0.0063364757000000001  0.040223523999999997
 737    -0.32733499999999999  -0.043329243000000003  0.061793993999999998
 738    -0.30403239999999998  -0.050061066000000001  0.069752044999999999
 739    -0.28488150000000001  -0.054091214999999998  0.074179574999999998
 740    -0.17540638  0.041324444000000002  -0.039052330000000003
 741    -0.089041709999999996  -0.021440142999999998  0.032530299999999998
 742    -0.079556959999999996  -0.073126269999999993  0.056080489999999997
 743    -0.17959528  -0.066117674000000001  0.07529487
 744    -0.36088599999999998  -0.018687691999999999  0.064031000000000005
 745    -0.26486130000000002  -0.070658885000000005  0.074905336000000003
 746    -0.21768728000000001  -0.103501774  0.08843173
 747    -0.29660979999999998  -0.068754196000000004  0.095341640000000005
 748    -0.099965289999999998  -0.046041400000000003  0.052320329999999998
 749    -0.09298381  -0.18114620000000001  0.011314711999999999
 750    -0.40666720000000001  -0.01487133  0.012792843
 751    -0.39132529999999999  -0.017387759999999999  0.034231693000000001
 752    -0.39037529999999998  -0.024656293999999999  0.032773726000000003
 753    -0.079615829999999999  -0.08026026  0.013183223000000001
 754    -0.24451957999999999  -0.087297050000000001  0.10637485000000001
 755    -0.22955818  0.11513017  -0.038135259999999997
 756    -0.13929607999999999  -0.10147123  0.038222140000000002
 757    -0.4023545  -0.019421931  -0.016783475999999999
 758    -0.18210688  -0.074128546000000003  0.095959954
 759    -0.080229506000000006  -0.059072993999999997  0.05667208
 760    -0.123238176  -0.051686709999999997  0.05239013
 761    -0.087999519999999998  -0.092617320000000003  0.032334929999999998
 762    0.084192959999999997  0.3450838  -0.082751580000000005
 763    0.0032850969999999998  0.30476794000000001  0.032975539999999998
 764    -0.029740063000000001  0.079363199999999995  -0.055431574999999997
 765    -0.085088949999999997  0.18804787000000001  0.0024152323999999999
 766    -0.055708673  0.14086486000000001  0.012684725000000001
 767    -0.074477199999999993  0.11046951000000001  -0.0046200269999999996
 768    -0.00029029324999999998  0.26454930999999998  0.025874086000000001
 769    0.095946119999999996  0.34297877999999998  -0.063225105000000004
 770    -0.081985039999999995  0.20006868  0.012563065
 771    -0.035401464000000001  0.15989026000000001  -0.025756836000000002
 772    -0.023383326999999999  0.11403992  0.0030707604999999998
 773    -0.0087212599999999998  0.26623376999999998  0.041911690000000001
 774    -0.076870830000000001  0.14769003999999999  -0.03017632
 775    -0.061301651999999998  0.16623296000000001  0.019733705000000001
 776    -0.025933313999999999  0.23475914000000001  0.030252042999999999
 777    0.076604635000000004  0.33854951999999999  -0.056930452999999999
 778    0.0025278274  0.27799766999999997  0.010289565000000001
 779    -0.025214291999999999  0.1295395  -0.0032684729
 780    -0.035281643000000001  0.13465964999999999  0.0035799257000000001
 781    -0.040353592000000001  0.20213395000000001  -0.011790998
 782    0.010984046000000001  0.28307724000000001  0.038161977999999999
 783    0.080702289999999996  0.33134907000000002  -0.054521367000000001
 784    -0.063294009999999998  0.24638562999999999  0.011863083
 785    0.051778574000000001  0.31681693  0.015678688999999999
 786    0.033528686000000002  0.30504350000000002  0.029263936000000001
 787    -0.070874380000000001  0.17722452999999999  0.022415272999999999
 788    0.092974109999999999  0.35259548000000002  -0.11182494
 789    0.097061410000000001  0.35275329999999999  -0.091986949999999998
 790    -0.015704524000000001  0.095141605000000004  -0.049524643
 791    0.087644815000000001  0.35096630000000001  -0.105862066
 792    0.082226305999999999  0.35153600000000002  -0.063312220000000002
 793    -0.03376846  0.20715855  0.0063430667000000003
 794    0.077502550000000003  0.34504430000000003  -0.033050894999999997
 795    -0.022100020000000001  0.24449417000000001  0.0090995799999999995
 796    -0.075660249999999998  0.12536642000000001  -0.032658104
 797    -0.069913760000000005  0.12362194  -0.038928236999999997
 798    -0.081971390000000005  0.13704905000000001  -0.0013394839999999999
 799    -0.020161374999999999  0.2876551  0.03798969
 800    0.0025600363  0.27184975  0.015800110999999999
 801    -0.048782292999999997  0.25322714000000002  0.0389177
 802    0.047958846999999999  0.31098068000000001  -0.009502992
 803    -0.067989066000000001  0.052806949999999998  -0.047008116000000003
 804    -0.079416453999999997  0.12272745  -0.025184552999999998
 805    -0.029100063999999998  0.25041406999999999  0.043404129999999999
 806    0.08877061  0.3360242  -0.037772939999999998
 807    0.056769144000000001  0.3080889  0.0069687665000000001
 808    0.055816594999999997  0.30735546000000002  -0.0035880432
 809    0.085123493999999994  0.35431639999999998  -0.097073969999999996
 810    -0.053605890000000003  0.16722672  0.018276006000000001
 811    -0.061966013  0.13316852000000001  0.010987733
 812    -0.021287170000000001  0.13402411  -0.019155915999999999
 813    -0.012539379  0.25763960000000002  0.011971213
 814    -0.039239692999999999  0.15883512999999999  0.0058086403
 815    -0.074710250000000006  0.20950384  -0.0084686499999999994
 816    0.028219048  0.32149935000000002  0.019640304000000001
 817    -0.047227382999999998  0.17430303  0.016514435000000001
 818    -0.031156003000000002  0.15064163999999999  -0.0042443126000000003
 819    -0.104120746  0.057840870000000003  -0.046175982999999997
 820    -0.14792778000000001  0.072924870000000003  -0.057812236000000003
 821    -0.082436339999999997  0.15121390000000001  -0.022688143000000001
 822    -0.035566873999999998  0.17628316999999999  -0.014318511000000001
 823    -0.033696465000000002  0.16695401000000001  -0.0051071270000000004
 824    -0.077628896000000003  0.19034168000000001  0.020802256000000002
 825    -0.07570876  0.16366327  -0.028546988999999998
 826    0.051590013999999997  0.32848359999999999  0.0076955779999999998
 827    -0.081128820000000004  -0.25285859999999999  0.057077660000000002
 828    0.0019611175999999998  -0.22424975  0.062519599999999995
 829    -0.077940609999999994  -0.27486509999999997  0.082189349999999994
 830    -0.15924558  -0.33317572000000001  -0.030464463000000001
 831    -0.16182008000000001  -0.34636873000000001  -0.035233326000000002
 832    -0.15770268000000001  -0.35308563999999998  -0.049677193000000001
 833    -0.14641649000000001  -0.40415230000000002  -0.081688490000000002
 834    -0.11023389  -0.26335355999999999  0.045503870000000002
 835    -0.10876781000000001  -0.25925280000000001  0.076307416000000003
 836    -0.14454968000000001  -0.28584933000000001  0.024458325999999999
 837    -0.077544970000000005  -0.23156956000000001  0.076201649999999996
 838    0.047405786999999998  -0.14604112999999999  0.062300358
 839    0.0038658379999999999  -0.21236125  0.050458459999999997
 840    -0.011938196999999999  -0.21621826  0.05076497
 841    -0.110740066  -0.29570916000000003  0.055717700000000002
 842    -0.1064136  -0.26773124999999998  0.079561209999999993
 843    -0.053324523999999998  -0.24143893  0.099809419999999996
 844    0.0029762479999999999  -0.1650132  0.030830420000000001
 845    -0.0022060526999999998  -0.16371495  0.036863655000000002
 846    0.0075185169999999997  -0.12372805000000001  0.013588242
 847    -0.088347839999999997  -0.28379460000000001  0.063036196000000003
 848    -0.030927842000000001  -0.21876192  0.055802256000000001
 849    -0.10902447999999999  -0.29084003000000003  0.065982260000000001
 850    -0.016865267999999999  -0.24149509  0.070152049999999994
 851    -0.12862828000000001  -0.29230117999999999  0.016369960999999999
 852    -0.018561680000000001  -0.1814095  0.064600829999999998
 853    -0.0633827  -0.23617474999999999  0.097473710000000005
 854    -0.010186763499999999  -0.21623898  0.097317959999999995
 855    -0.048430603000000003  -0.22885984000000001  0.100093104
 856    0.055314925000000001  -0.062092981999999998  0.036496340000000002
 857    0.0029801167999999999  -0.18623724999999999  0.036458254000000002
 858    -0.14230028  -0.32040453000000002  0.018594078999999999
 859    -0.046314611999999998  -0.25591596999999999  0.065628690000000003
 860    -0.044992294000000002  -0.26024755999999999  0.074787270000000003
 861    -0.040118559999999998  -0.25688627000000003  0.084777199999999997
 862    0.025218226  -0.054690275000000003  -0.021122186000000001
 863    -0.13694648000000001  -0.29841614  0.046237685000000001
 864    -0.071950349999999996  -0.26580967999999999  0.090448870000000001
 865    -0.14015507999999999  -0.30908173  -0.0091410429999999997
 866    0.052660946  -0.11075301999999999  0.008973155
 867    -0.0084281709999999999  -0.22667134  0.092527479999999995
 868    -0.066882949999999997  -0.22473338000000001  0.086252170000000003
 869    -0.028157822999999998  -0.21815799999999999  0.10082457
 870    -0.016121361000000001  -0.19046888000000001  0.091303855000000003
 871    -0.081523209999999999  -0.24537755999999999  0.060727738000000003
 872    0.0056653770000000001  -0.091961799999999996  0.00064414367000000005
 873    0.021389137999999999  -0.16487618000000001  0.023417074
 874    -0.0067741069999999997  -0.18376222  0.042118059999999999
 875    -0.019207673000000001  -0.13670771000000001  -0.027987363000000001
 876    -0.016497161  -0.22946801999999999  0.057371676000000003
 877    -0.032214060000000003  -0.23296239999999999  0.057746492000000003
 878    0.0035360474000000002  -0.13113073  0.022568873999999999
 879    -0.0046409266000000003  -0.077377899999999999  0.010328370999999999
 880    0.025124855000000001  -0.18671086000000001  0.038390136999999998
 881    -0.049167151999999999  -0.2299445  0.060912617000000002
 882    -0.031424260000000002  -0.19904475999999999  0.066220340000000003
 883    -0.0071112257000000003  -0.1598948  0.049159466999999998
 884    -0.14784227  -0.38060027000000002  -0.054943690000000003
 885    -0.15102528000000001  -0.40335014000000002  -0.077709849999999997
 886    -0.13911048000000001  -0.31555583999999998  -0.010494626999999999
 887    -0.0013007531  -0.15104064  0.059803612999999999
 888    -0.16056058000000001  -0.32397756  -0.014441684
 889    -0.0070414199999999996  -0.16293089999999999  0.064229670000000003
 890    0.0088962669999999994  -0.099610340000000006  0.043399590000000002
 891    -0.0045671360000000003  -0.16413140000000001  0.071771940000000006
 892    -0.095841079999999995  -0.26842523000000001  0.085087724000000003
 893    -0.055492483000000002  -0.25143227000000001  0.097275589999999995
 894    0.019315716  -0.20672267999999999  0.076563573999999995
 895    -0.13001457999999999  -0.26914376000000001  0.04190845
 896    0.038695226999999999  -0.093484684999999998  0.052941597999999999
 897    -0.044692315000000003  -0.21647596  0.096820349999999999
 898    0.039679925999999997  -0.16832034000000001  0.069216624000000004
 899    0.032380946000000001  -0.18744415  0.071214600000000003
 900    0.055355359999999999  -0.13549659  0.047886126000000001
 901    0.017087527000000002  -0.14346032  0.071981119999999996
 902    0.0059992580000000004  -0.17783761000000001  0.089233435999999999
 903    0.018731218000000001  -0.17386925  0.085621126000000006
 904    0.062504560000000001  -0.051632095000000003  0.015693096
 905    0.060151826999999998  -0.083927570000000007  0.010435209000000001
 906    0.21977981999999999  -0.15361962000000001  0.0089106819999999996
 907    0.065677910000000006  -0.049003060000000001  0.09278053
 908    0.053031024000000003  -0.10413942  0.049705095999999997
 909    0.14866631999999999  -0.39062356999999998  -0.0032523869999999998
 910    -0.20863636999999999  0.089274989999999999  -0.026727715999999999
 911    -0.23710679000000001  0.27271782999999999  -0.16814914
 912    -0.27081558  0.27888175999999998  -0.28799092999999998
 913    -0.23217626999999999  0.25651309999999999  -0.13731900999999999
 914    -0.24283318000000001  0.15857328000000001  -0.060511570000000001
 915    -0.24164878000000001  0.28731554999999998  -0.19883648000000001
 916    -0.22625068000000001  0.16454625000000001  -0.070236504000000005
 917    -0.082473770000000002  0.053485610000000003  -0.039528756999999998
 918    -0.24877118000000001  0.27680909999999997  -0.26234649999999998
 919    -0.23542657  0.21544687000000001  -0.094343090000000004
 920    -0.10937452  0.0079283679999999999  -0.054883531999999999
 921    -0.21806517  0.21858992999999999  -0.079619690000000007
 922    -0.2614978  0.27863890000000002  -0.2696134
 923    -0.16487049000000001  0.073068573999999997  -0.024521399999999999
 924    -0.22798918000000001  0.28336325000000001  -0.14720453
 925    -0.21800478000000001  0.25467532999999998  -0.10588618
 926    -0.22556359000000001  0.24389847000000001  -0.11833849
 927    -0.22500658000000001  0.19265962  -0.077860079999999998
 928    -0.23468168  0.27737233  -0.13388644
 929    -0.25061348  0.28272265000000002  -0.24234906000000001
 930    -0.24209977999999999  0.26330724  -0.13023275000000001
 931    -0.24382618  0.23658013  -0.103597626
 932    -0.20143968000000001  0.13700420999999999  -0.051079449999999998
 933    -0.17231858  0.071420209999999998  -0.066563579999999997
 934    -0.23865828  0.28153378000000001  -0.24918127000000001
 935    -0.24525137  0.2914641  -0.24308848
 936    -0.12616648  0.060122087999999997  -0.061677309999999999
 937    -0.10349274  0.056728210000000001  -0.053693459999999998
 938    -0.077679529999999997  0.049579150000000002  -0.027944594999999999
 939    -0.15029518  0.029244348  -0.029105444000000001
 940    -0.19728567999999999  0.097999320000000001  -0.022304404999999999
 941    -0.20101318000000001  0.11471789  -0.02520851
 942    -0.23630148000000001  0.27669758  -0.19349894000000001
 943    -0.24632087  0.18940681000000001  -0.054597892000000002
 944    -0.23959889000000001  0.27910230000000003  -0.15171473999999999
 945    -0.23096858000000001  0.23167921999999999  -0.10674436
 946    -0.21860996999999999  0.12273188  -0.064452930000000005
 947    -0.17316268000000001  0.083402649999999995  -0.06356763
 948    -0.16897129  0.092368549999999994  -0.050276436000000001
 949    -0.23432778000000001  0.16904326  -0.037019238000000003
 950    -0.23658907000000001  0.15286830000000001  -0.036112770000000002
 951    -0.22193257999999999  0.22240030999999999  -0.066647780000000004
 952    -0.122469276  0.029306998000000001  -0.021519205999999999
 953    -0.23834889000000001  0.29255294999999998  -0.20390285999999999
 954    -0.19394158  0.085931359999999998  -0.06489839
 955    -0.23142588  0.13879084999999999  -0.063330960000000006
 956    -0.22222897  0.17981073  -0.072089810000000004
 957    -0.21767217999999999  0.15994554999999999  -0.065373345999999999
 958    -0.23697567999999999  0.19611755  -0.048037722999999997
 959    -0.19874017999999999  0.063989610000000002  -0.045579277000000001
 960    -0.23213007999999999  0.12528111  -0.056732937999999997
 961    -0.25816169999999999  0.28157650000000001  -0.26053769999999998
 962    -0.079310104000000006  0.048047149999999997  -0.059963706999999998
 963    -0.086634950000000002  0.039379176000000002  -0.020337149999999998
 964    -0.088368059999999998  -0.0011434424999999999  -0.047076659999999999
 965    -0.12500288000000001  0.012472034  -0.033884369999999997
 966    -0.15706097999999999  0.043546031999999998  -0.023547096
 967    -0.13600548000000001  0.027937050000000001  -0.024465779999999999
 968    -0.16275956999999999  0.038996309999999999  -0.060469568000000001
 969    -0.14311288  0.052477929999999999  -0.022877824000000001
 970    -0.23247878  0.29152795999999997  -0.18194389999999999
 971    -0.24033397000000001  0.26990992000000003  -0.12991765
 972    -0.24857607000000001  0.28999528000000002  -0.24129187999999999
 973    -0.13654488000000001  0.070250880000000002  -0.048300438000000001
 974    -0.16871797999999999  0.065540219999999996  -0.021923887999999999
 975    -0.087416079999999993  0.0040997024999999999  -0.057453762999999998
 976    -0.10489605  0.0079433209999999997  -0.02787982
 977    -0.22225147000000001  0.28712683999999999  -0.19249234000000001
 978    -0.22222137  0.28280633999999999  -0.15250826000000001
 979    -0.23858077999999999  0.26487424999999998  -0.11424093
 980    -0.24005858999999999  0.2538376  -0.1272335
 981    -0.12520269000000001  0.044205670000000002  -0.022685725
 982    -0.10994722  0.05782048  -0.038695729999999998
 983    -0.16169828  0.031877941999999999  -0.050121617
 984    -0.20906337999999999  0.07635836  -0.045309759999999998
 985    -0.22851957000000001  0.18537888  -0.041196916
 986    -0.23688938000000001  0.22168958  -0.063165730000000003
 987    -0.22958687999999999  0.111722454  -0.04594351
 988    -0.16319399000000001  0.053351216  -0.022333941999999999
 989    -0.23066487999999999  0.26281526999999999  -0.1038414
 990    -0.095716789999999996  0.044347484  -0.065896979999999994
 991    -0.21562318999999999  0.089081439999999998  -0.034767329999999999
 992    0.23622592000000001  -0.26901847000000001  0.030541263999999999
 993    0.18534522  -0.36862070000000002  0.0064082890000000002
 994    0.24642892  -0.17482348  -0.017874247999999999
 995    0.20967431  -0.16296247  -0.006079063
 996    0.12357302000000001  -0.064637884000000007  -0.060908110000000001
 997    0.21634160999999999  -0.21334951999999999  0.013532832
 998    0.20605071999999999  -0.10171165  -0.0075526834000000003
 999    0.20258142000000001  -0.14627573999999999  -0.022050752999999999
1000    0.24625082000000001  -0.14119894999999999  -0.011244427
1001    0.11840442  -0.44060978000000001  -0.079978759999999996
1002    0.19353092  -0.091106850000000003  -0.062379523999999999
1003    0.13600743000000001  -0.41491594999999998  -0.048403731999999998
1004    0.20274763000000001  -0.084682240000000006  -0.059340850000000001
1005    0.23268570999999999  -0.20083870000000001  0.02650632
1006    0.25125370000000002  -0.2178573  0.0031524970000000002
1007    0.20213363000000001  -0.067926459999999994  -0.024842665999999999
1008    0.17979802  -0.077427220000000005  -0.068071309999999996
1009    0.21533293000000001  -0.28215600000000002  0.037633948
1010    0.124886125  -0.06642866  -0.04738349
1011    0.16996802  -0.34601703  0.011211275999999999
1012    0.22706792000000001  -0.29177389999999997  0.031313673
1013    0.21468382  -0.080090634999999993  -0.025374733
1014    0.21400742  -0.10102771000000001  -0.052337974000000002
1015    0.11642502  -0.024465806999999999  -0.025130868000000001
1016    0.16799243  -0.035644450000000001  -0.032882392000000003
1017    0.14405411000000001  -0.41506283999999999  -0.040026859999999997
1018    0.21100262  -0.3087471  0.0057758912000000001
1019    0.16858342000000001  -0.057996899999999997  -0.021963954000000001
1020    0.22303240999999999  -0.19750297  -0.013850324000000001
1021    0.12605283  -0.042297050000000003  -0.026894807999999999
1022    0.085895020000000002  -0.039827130000000002  -0.030495066000000001
1023    0.059986765999999997  0.0098183660000000002  -0.071930595
1024    0.13150722000000001  -0.070891224000000003  -0.053508338000000003
1025    0.19275922000000001  -0.073225150000000003  -0.017652111000000002
1026    0.21133362  -0.16638789000000001  -0.018528722000000001
1027    0.17780282  -0.35690945000000002  0.02176024
1028    0.21508493000000001  -0.17930852  0.0060582533000000001
1029    0.22562303  -0.17401184  -0.026371973999999999
1030    0.14257163  -0.40018794000000002  -0.034352637999999998
1031    0.12931741999999999  -0.42103573999999999  -0.035005525000000003
1032    0.17993322  -0.085185109999999994  -0.018018573999999999
1033    0.21040212  -0.091251360000000004  -0.011749447999999999
1034    0.23924063000000001  -0.20858247999999999  -0.01236365
1035    0.16880461999999999  -0.38948724000000001  -0.0093275159999999992
1036    0.13981213000000001  -0.41500123999999999  -0.025017798000000001
1037    0.21203822  -0.31365597000000001  0.032895385999999999
1038    0.24644521999999999  -0.23572261999999999  0.023639515
1039    0.11051142  -0.053853669999999999  -0.067012384999999994
1040    0.20250082  -0.3422268  0.0078589620000000006
1041    0.22539931999999999  -0.099485039999999997  -0.015612407
1042    0.18638970999999999  -0.10350146  -0.017252132
1043    0.22514123  -0.22259413  -0.0058206096000000002
1044    0.20757571999999999  -0.13861100000000001  -0.0022760704
1045    0.21493851999999999  -0.124926776  -0.048008636
1046    0.11539381999999999  -0.014140367500000001  -0.077904075000000003
1047    0.14958932  -0.064749290000000001  -0.027142757999999999
1048    0.18922062000000001  -0.048063725000000002  -0.050514064999999997
1049    0.16533961999999999  -0.026495564999999999  -0.04826577
1050    0.21865841999999999  -0.17435986000000001  0.011409000000000001
1051    0.21059842000000001  -0.26095119999999999  0.029536441
1052    0.16082293  -0.047792513000000002  -0.024373733000000002
1053    0.21073583000000001  -0.071893819999999997  -0.032635465000000002
1054    0.075052679999999997  -0.043540022999999997  -0.053822093000000001
1055    0.115729526  -0.057467509999999999  -0.039040076999999999
1056    0.23351732  -0.20551954  -0.014077179
1057    0.17866322000000001  -0.3422519  0.024431973999999999
1058    0.21537392  -0.18486854  -0.0084904249999999994
1059    0.12278102  -0.033885248  -0.079433866000000006
1060    0.17404991  -0.37204473999999998  0.012945801
1061    0.22038221  -0.25063079999999999  0.0018252805
1062    0.15647082000000001  -0.081339309999999998  -0.031738530000000001
1063    0.09356631  -0.051505394000000003  -0.052618186999999997
1064    0.16335472000000001  -0.39253991999999999  -0.0034816712000000001
1065    0.12193932  -0.42808649999999998  -0.048795097000000003
1066    0.21389352  -0.1821652  -0.0018856077999999999
1067    0.18423222  -0.11276031  -0.024110349999999999
1068    0.14033242000000001  -0.39251219999999998  -0.024203598
1069    0.16973673  -0.34959137000000001  0.0033962129999999999
1070    0.14672892000000001  -0.063181125000000005  -0.073326126000000005
1071    0.23389491000000001  -0.13896734999999999  -0.036092836000000003
1072    0.19271342  -0.097851439999999998  -0.012001839
1073    0.19124302000000001  -0.1124375  -0.052383843999999999
1074    0.18128842000000001  -0.33764356000000001  0.0035561323000000001
1075    0.18816373  -0.34324547999999999  0.027376965
1076    0.13174971999999999  -0.0058958763000000001  -0.040689796
1077    0.12407333  -0.43388817000000002  -0.054668426999999999
1078    0.15539132  -0.052123219999999998  -0.0755855
1079    0.14443932000000001  -0.051081806  -0.025286084
1080    0.16830671999999999  -0.037138129999999998  -0.065995799999999993
1081    0.046676107000000001  0.022203427000000001  -0.065770300000000004
1082    0.15016133000000001  -0.04125678  -0.024970389999999999
1083    0.089948219999999995  -0.014798744000000001  -0.079046115
1084    0.069104029999999997  -0.026076195999999999  -0.071824059999999995
1085    0.20809262000000001  -0.28271034  0.0093094930000000003
1086    0.19097281999999999  -0.30947912  0.015245996
1087    0.19506351999999999  -0.32110583999999998  0.032685840000000001
1088    0.097845316000000002  0.0089197100000000008  -0.067416829999999997
1089    0.088615015000000005  -0.026530926999999999  0.072036879999999998
1090    0.0078036169999999997  -0.075408260000000005  -0.050783288000000003
1091    0.0047002974999999997  -0.059206420000000003  -0.069520589999999993
1092    -0.11745168  -0.1791866  0.013750516000000001
1093    -0.034139633000000003  -0.084934994999999999  -0.068956749999999997
1094    0.0011279872000000001  -0.092197609999999999  -0.064438485000000004
1095    -0.01128034  -0.11254662999999999  -0.064909145000000001
1096    -0.052869792999999998  -0.17229723999999999  -0.0068739279999999996
1097    -0.010368362000000001  -0.059783317000000002  -0.031488704999999999
1098    -0.15643388  -0.17896158000000001  0.0056576580000000003
1099    -0.079117789999999993  -0.18054049  0.0064161195999999998
1100    -0.15253417  -0.19819501  0.0034246594000000002
1101    -0.044262103999999997  -0.15887799999999999  -0.011105169
1102    -0.19179947999999999  -0.17232839999999999  0.0097718869999999999
1103    -0.051419319999999998  -0.11775186999999999  -0.043012096999999999
1104    -0.13629458999999999  -0.18032682  -0.00063303112999999996
1105    -0.17079417  -0.1759252  0.010595344
1106    -0.090608179999999997  -0.17164024999999999  -0.023332196999999999
1107    -0.087501064000000003  -0.17279716000000001  0.0051206649999999999
1108    -0.091175809999999996  -0.16591865  -0.015004616
1109    -0.1115859  -0.18124682  -0.013864085
1110    -0.067475124999999997  -0.15650189  -0.039820939999999999
1111    -0.013690512  -0.13474317999999999  -0.035780802
1112    -0.032859474  -0.10915537  -0.067687153999999999
1113    0.0011841673  -0.061457354999999998  -0.036844950000000001
1114    -0.12400848  -0.18510291000000001  0.019269623
1115    -0.0096977350000000007  -0.11282432000000001  -0.034358884999999999
1116    0.015010778000000001  -0.03841021  -0.047583340000000002
1117    -0.21595468000000001  -0.17116292999999999  0.0034021213999999998
1118    -0.19837347999999999  -0.17559499000000001  0.012218273999999999
1119    -0.043185484000000003  -0.085748779999999997  -0.056176297
1120    -0.061477153999999999  -0.16443685999999999  -0.041593946999999999
1121    -0.038671054000000003  -0.09478338  -0.037838536999999998
1122    -0.21130888  -0.18272237  -0.0029061958000000001
1123    -0.14061457999999999  -0.19679557  0.017002076000000001
1124    -0.039671995000000002  -0.14780481000000001  -0.053240533999999999
1125    -0.025084651999999999  -0.13193487000000001  -0.060256869999999997
1126    -0.023893873999999999  -0.063925759999999998  0.00096340480000000001
1127    -0.0097797479999999996  -0.081945130000000005  -0.034250095000000001
1128    -0.024926092  -0.065520339999999996  -0.032454429999999999
1129    -0.17239157999999999  -0.17735287999999999  0.015908688000000001
1130    -0.21625169  -0.17650115  0.0028530731999999999
1131    -0.039249025  -0.026007582000000001  -0.059171423000000001
1132    -0.018270824000000001  -0.0075138193000000002  -0.070647730000000006
1133    -0.14839308000000001  -0.19288150000000001  -0.0024246350000000001
1134    -0.17118887999999999  -0.1931388  0.0018532053
1135    -0.12404158999999999  -0.19946268  -0.0032505020000000002
1136    -0.035177334999999997  -0.056754470000000001  -0.067339494999999999
1137    -0.042217530000000003  -0.080546110000000004  -0.046781695999999998
1138    -0.14185808999999999  -0.18964754  0.021240703999999999
1139    -0.1074567  -0.19604240000000001  0.011047222000000001
1140    -0.13687137999999999  -0.19993933999999999  0.0117557645
1141    -0.090210299999999993  -0.19637007000000001  -0.0032680704999999998
1142    -0.026580412000000001  -0.15558901  -0.032764519999999998
1143    0.11154783  0.16196999000000001  -0.093624025999999999
1144    0.016109338000000001  0.16751547  -0.073294059999999994
1145    0.16623792000000001  0.098112640000000001  -0.1175737
1146    0.13662572000000001  0.1407175  -0.098191574000000004
1147    0.041924370000000002  0.17509710000000001  -0.066070870000000004
1148    0.0010606572000000001  0.16106398  -0.081998125000000005
1149    0.14979012  0.14015746000000001  -0.1018435
1150    0.11346972  0.15249673  -0.065341935000000004
1151    0.11876292500000001  0.15232909  -0.092391364000000004
1152    0.069056880000000001  0.16313532  -0.096777156000000003
1153    -0.035163519999999997  0.077050510000000003  -0.10549937
1154    0.17173351000000001  0.095087304999999997  -0.13837695
1155    0.13996932000000001  0.13497010000000001  -0.075502369999999999
1156    -0.023111716000000001  0.022672456000000001  -0.090723849999999995
1157    0.024141386000000001  0.032112584  -0.091131605000000004
1158    -0.0067337396999999997  0.081339634999999993  -0.078875680000000004
1159    -0.0035658432  0.14860567  -0.079314990000000002
1160    0.12821532999999999  0.14916450000000001  -0.067050605999999999
1161    0.072999923999999994  0.16711177999999999  -0.097162604
1162    -0.032053514999999998  0.085249060000000002  -0.086811125000000003
1163    0.040475179999999999  0.1560242  -0.077945959999999995
1164    -0.016000074999999999  0.13640264999999999  -0.084283899999999995
1165    -0.016412800000000002  0.028633570000000001  -0.098509490000000005
1166    -0.0061272160000000004  0.12936835999999999  -0.1171301
1167    0.032618698000000002  0.17882222  -0.081720285000000004
1168    0.15282302  0.12531912000000001  -0.11033665400000001
1169    -0.028183061999999998  0.12290313  -0.092556015000000005
1170    -0.019511326999999998  0.13926996  -0.097270949999999995
1171    0.011049718  0.16919222  -0.088047354999999994
1172    0.16129293  0.12242573499999999  -0.11679713999999999
1173    0.042075608  0.14968472999999999  -0.088964360000000006
1174    0.029499615999999999  0.13653124999999999  -0.093573420000000004
1175    0.021244376999999998  0.11091972999999999  -0.10216538
1176    0.0028195680000000002  0.082450460000000003  -0.079667195999999996
1177    0.061849130000000002  0.18281415000000001  -0.081606479999999995
1178    0.029828347000000002  0.14666277  -0.083799470000000001
1179    -0.017889485  0.10907201499999999  -0.11785909999999999
1180    0.11173302  0.16868465999999999  -0.070842675999999993
1181    0.033441595999999997  0.17411435  -0.097155359999999996
1182    0.013888298  0.15283959999999999  -0.11136235
1183    0.14458412000000001  0.13919476  -0.076937080000000005
1184    -0.030934053  0.10233045  -0.108212106
1185    -0.017547678000000001  0.084067149999999993  -0.11857903
1186    -0.0079052020000000001  0.10467013999999999  -0.12127085999999999
1187    0.076268900000000001  0.17857741999999999  -0.064914070000000004
1188    -0.017558562  0.00099890310000000002  -0.074470229999999998
1189    0.001122077  0.0390888  -0.10652494
1190    -0.0061959220000000004  0.14036130999999999  -0.11195856
1191    0.16792592000000001  0.11541617999999999  -0.11010393
1192    0.16794503  0.10940838  -0.12912705999999999
1193    0.022847328  0.073095569999999999  -0.090479775999999998
1194    0.080828756000000002  0.18031906  -0.074923229999999993
1195    -0.0083417930000000001  -0.069114400000000006  0.0059249326999999997
1196    0.0023701768000000002  -0.050970923000000001  -0.032522330000000002
1197    -0.024908482999999999  -0.073980459999999998  0.047864660000000003
1198    -0.042125023999999997  -0.05578375  -0.0010282042999999999
1199    0.030012905999999999  -0.12180727  0.064036876000000006
1200    -0.0098497029999999996  -0.077349215999999998  0.065016729999999995
1201    -0.018399134000000001  -0.075390970000000002  0.075335529999999998
1202    0.049200725000000001  -0.048555497000000003  -0.012223202000000001
1203    -0.033605054000000002  -0.032886405  0.16199659
1204    0.030967146000000001  -0.073445079999999996  0.065915084999999998
1205    0.037105836000000003  -0.074671100000000004  0.047554764999999999
1206    0.0030254869999999999  -0.077917546000000004  0.065870579999999998
1207    -0.045231691999999997  -0.026887193  -0.041165672
1208    0.063374620000000007  -0.032645  -0.019694614999999999
1209    0.041598209999999997  -0.035298682999999997  -0.038637385000000003
1210    0.052529926999999997  -0.036602624  -0.026744905999999999
1211    0.069426000000000002  -0.050643038000000001  0.037622615999999998
1212    0.05132192  -0.064175460000000004  0.072584990000000002
1213    0.019125647999999999  -0.075345469999999998  0.078232794999999994
1214    -0.055576604000000002  -0.026721666000000002  -0.029286402999999999
1215    0.013235588  -0.023188509999999999  -0.061426908000000002
1216    -0.044904373999999997  -0.017065252999999999  -0.050310932000000003
1217    0.067337275000000002  -0.032884978000000002  -0.023613470000000001
1218    0.027798976999999999  -0.067867084999999994  0.10248996
1219    -0.066955953999999998  -0.049455177000000003  0.052926744999999997
1220    -0.0039390455999999997  -0.014054451000000001  -0.070964470000000002
1221    0.0080383680000000006  -0.071017414000000001  0.105688766
1222    -0.053215711999999998  -0.060920692999999998  0.072210289999999996
1223    -0.062283190000000002  -0.054688639999999997  0.051501166000000001
1224    -0.0025415728  -0.0062697046000000003  -0.072721659999999994
1225    -0.036907993  -0.068545229999999999  0.083992880000000006
1226    -0.037922073000000001  -0.011102678  -0.059745251999999999
1227    0.062125976999999999  -0.055978272000000003  0.077508240000000006
1228    0.068932010000000002  -0.052712962000000002  0.054527473
1229    -0.060906544  -0.0089411679999999993  -0.040058129999999997
1230    -0.0032834727000000002  -0.074121623999999997  0.096156015999999997
1231    0.073610770000000006  -0.022149559999999999  -0.016174197000000001
1232    0.038118317999999998  -0.056033636999999997  0.12188233
1233    -0.076769219999999999  -0.037901614  0.057254675999999997
1234    -0.039770609999999998  -0.060825235999999998  0.111576736
1235    -0.038749239999999997  0.011157230000000001  -0.068764140000000001
1236    0.071927710000000006  -0.048968070000000002  0.067754339999999996
1237    -0.085250409999999999  -0.023945353999999999  0.06302555
1238    -0.08069076  -0.0087720220000000008  -0.0025143091999999998
1239    -0.048731523999999998  0.013249939000000001  -0.064412153999999999
1240    0.048702028000000001  -0.059809689999999999  0.099323770000000006
1241    -0.064825850000000004  -0.045245266999999999  0.10383244599999999
1242    -0.091916490000000003  -0.0063419210000000004  0.057846777000000002
1243    0.087673719999999997  -0.0095697130000000005  -0.0012707375
1244    0.078274029999999994  -0.039902285000000003  0.079226225999999997
1245    -0.07657303  -0.036624539999999997  0.084931864999999995
1246    0.10325101  -0.0012278193999999999  -0.026318286
1247    0.056747424999999997  -0.044477745999999999  0.119618185
1248    -0.028221853000000002  0.016038507  -0.076507225999999998
1249    0.084163100000000005  -0.035914293999999999  0.057155154999999999
1250    0.027995567999999998  -0.052899679999999998  0.13478029999999999
1251    0.075473680000000001  0.17791541999999999  -0.091027230000000001
1252    -0.086941539999999998  -0.010090597999999999  0.021736531999999999
1253    -0.044194261999999998  -0.048388354000000001  0.13387233000000001
1254    0.070925504  -0.030824649999999999  0.11685062
1255    0.084673540000000005  0.0053069079999999999  -0.018690999999999999
1256    -0.070071729999999999  -0.034946530000000003  0.11527366999999999
1257    0.073378965000000004  -0.038964704000000003  0.098545069999999999
1258    -0.087330119999999997  0.0098806329999999998  0.0040695159999999996
1259    -0.034602760000000003  -0.046552735999999997  0.14514239000000001
1260    0.097941520000000004  -0.0081318915000000002  0.040435415000000002
1261    0.092842620000000001  -0.014317105  0.081460476000000004
1262    0.098581210000000002  0.0026807887000000002  0.022584163000000001
1263    -0.088017780000000004  -0.0061521680000000004  0.103015
1264    -0.08842738  -0.014878336000000001  0.079763780000000006
1265    -0.091650400000000007  0.0058814295999999999  0.024944186
1266    -0.093701035000000002  0.024875693000000001  0.030741401000000002
1267    -0.036213589999999997  0.044643759999999998  -0.071199070000000003
1268    0.041653245999999998  -0.041896768000000001  0.1394939
1269    0.054068449999999997  -0.019421312999999999  0.14899817000000001
1270    -0.059567700000000001  0.047432050000000003  -0.056566313
1271    0.058487656999999998  -0.030729545  0.13498545000000001
1272    -0.061628031999999999  -0.020763892999999999  0.14982311000000001
1273    0.074976399999999999  0.031071212000000001  -0.038160644000000001
1274    -0.011161767  -0.031163577000000001  0.16924270999999999
1275    0.0066910664999999996  -0.037079867000000002  0.16221057999999999
1276    -0.078869910000000001  -0.016049411  0.12332192
1277    0.098302109999999998  0.0036225559999999999  0.082449839999999996
1278    0.070731950000000002  -0.014679212000000001  0.13294564
1279    -0.089172290000000001  0.029914677000000001  0.0072587746999999998
1280    0.051994745000000002  0.053027369999999997  -0.056592404999999998
1281    -0.050129272000000002  -0.019470613000000001  0.16293852
1282    -0.029484313000000002  -0.020772624999999999  0.17366369000000001
1283    0.089762314999999995  -0.0087877920000000009  0.10043811
1284    0.041831805999999999  -0.025845524000000002  0.15498686
1285    -0.06777147  0.054359780000000003  -0.036570079999999998
1286    0.0026155468000000001  -0.023867652  0.17413685000000001
1287    -0.081036404000000006  0.0047524309999999997  0.13403826999999999
1288    -0.071273550000000005  0.053710795999999998  -0.029248931999999998
1289    -0.095637829999999993  0.023464201000000001  0.063478889999999996
1290    0.083616289999999996  -0.0007920116  0.12003139
1291    -0.086567160000000004  0.0040507874999999999  0.11770774000000001
1292    0.022360489000000001  -0.026071608  0.16649657000000001
1293    -0.041386023000000001  0.074103450000000001  -0.05259701
1294    0.031135388  -0.011504445  0.17017784999999999
1295    -0.092927709999999997  0.041050499999999997  0.038573388
1296    -0.023134901999999999  0.072460785999999999  -0.063700820000000005
1297    0.091457516000000003  0.0088224224999999996  0.10766691
1298    -0.092816949999999995  0.030761239999999999  0.092366754999999995
1299    -0.062237213999999999  -0.0041116214999999999  0.16019412999999999
1300    -0.084778339999999994  0.049370296000000001  0.0030184798
1301    -0.082016930000000002  0.026831008  0.1346337
1302    -0.088398409999999997  0.020599816  0.11625184
1303    0.097786725000000005  0.019112855000000002  0.091664510000000005
1304    0.027699596999999999  0.0026114433999999999  0.17749113999999999
1305    0.0043866970000000002  -0.0057170614999999996  0.18317132
1306    -0.086295949999999996  0.059130583  0.025066035
1307    0.0071271974999999998  0.0038492083999999999  0.18512036000000001
1308    0.10111362  0.033631038000000002  0.074778490000000003
1309    -0.077033069999999995  0.064654169999999997  -0.0029499792000000002
1310    0.011629377  0.083645650000000002  -0.057650252999999999
1311    0.08157064  0.024257919999999999  0.12961210000000001
1312    0.080200510000000003  0.012327921  0.13078153000000001
1313    -0.074560730000000006  0.042738795000000003  0.14324244999999999
1314    -0.002536323  0.081975699999999999  -0.060534980000000002
1315    -0.024410563  -0.0014802888  0.18391988000000001
1316    0.098890915999999995  0.049315706000000001  0.067875850000000001
1317    -0.086656109999999995  0.041289665000000003  0.11170310999999999
1318    -0.088451325999999997  0.058973803999999998  0.058299629999999998
1319    0.090207115000000004  0.031760490000000002  0.11227452
1320    -0.070334720000000003  0.086507804999999993  0.026587179999999998
1321    -0.067599535000000002  0.11054894  0.0023118518
1322    -0.081751539999999998  0.071866639999999996  0.039060603999999999
1323    0.094216615000000004  0.064376310000000006  0.06275588
1324    0.091569419999999999  0.048028250000000001  0.10105223000000001
1325    0.05853295  0.03056097  0.15782918000000001
1326    0.012555366  0.094418589999999997  -0.045525573
1327    0.087636220000000001  0.36037131999999999  -0.11748831999999999
1328    0.088961615999999993  0.075440560000000004  0.043230556000000003
1329    0.095812410000000001  0.052740872000000001  0.080567025
1330    -0.081578164999999994  0.048239342999999997  0.122179806
1331    -0.046616803999999998  0.022651128  0.17637929999999999
1332    -0.056801282000000002  0.030969597000000001  0.16794788999999999
1333    0.089270114999999997  0.065971210000000002  0.085608385999999995
1334    0.044533059999999999  0.059202850000000001  0.15967637000000001
1335    -0.073691149999999997  0.085243479999999996  0.059536939999999997
1336    -0.059174343999999997  0.098948166000000004  0.030405778000000001
1337    -0.083024440000000005  0.069126950000000006  0.074726760000000003
1338    0.080572500000000005  0.085917779999999999  0.066554189999999999
1339    -0.071686714999999998  0.055133946000000003  0.13865074999999999
1340    -0.013277811  0.028094567000000001  0.18842953000000001
1341    0.013018187000000001  0.036455639999999997  0.18399335
1342    0.068786260000000002  0.051761641999999997  0.13976132999999999
1343    -0.025845243  0.041161110000000001  0.18371146999999999
1344    0.039912846000000002  0.042195994000000001  0.17023511
1345    0.026824127999999999  0.046026527999999997  0.17607786
1346    -0.075386419999999996  0.076280710000000002  0.093696563999999996
1347    -0.0041591906999999999  0.11078629  -0.019296549999999999
1348    0.017453646  0.110970005  -0.015475228000000001
1349    0.033469896999999998  0.10610103999999999  -0.016355465999999999
1350    0.026359499000000002  0.113911495  -0.0013612546000000001
1351    -0.065451190000000006  0.043705140000000003  0.15578441000000001
1352    -0.072222464  0.065515260000000006  0.12597474
1353    0.075832869999999997  0.093256846000000004  0.049042229999999999
1354    -0.030772712000000001  0.051174722999999998  0.17840128999999999
1355    -0.058550123000000003  0.073388203999999999  0.13932449
1356    0.063232049999999998  0.10381373000000001  0.042875870000000003
1357    0.082103250000000003  0.073617909999999995  0.095510184999999997
1358    -0.0147692  0.046457335000000002  0.18420711000000001
1359    -0.058779523  0.063157246  0.15054612000000001
1360    0.057782840000000002  0.052831049999999997  0.15144750000000001
1361    -0.044849962  0.04600899  0.17287219000000001
1362    -0.047096251999999998  0.10893482  0.055465482000000003
1363    0.060043345999999997  0.069979905999999995  0.13751115999999999
1364    -0.038413070000000001  0.066229603999999997  0.16633629999999999
1365    0.011659346500000001  0.11973213000000001  0.011816047
1366    0.075047760000000005  0.08758196  0.085157245000000006
1367    0.070003540000000003  0.086157300000000006  0.10178635
1368    -0.049159920000000003  0.070993329999999993  0.1534779
1369    -0.040932139999999999  0.083213410000000002  0.14613049
1370    -0.055149312999999998  0.102205426  0.069790939999999996
1371    0.059529220000000001  0.1064677  0.0632881
1372    0.065301090000000006  0.093854030000000005  0.094529820000000001
1373    0.059579764  0.080098144999999996  0.12748880000000001
1374    -0.021545381999999998  0.066219719999999996  0.17314172999999999
1375    -0.047807152999999998  0.082482025  0.14036280000000001
1376    -0.049579233  0.10137331500000001  0.095313800000000004
1377    0.029825966999999998  0.070575014000000005  0.16117840999999999
1378    0.011927086999999999  0.065742224000000002  0.17180735
1379    -0.045734472999999998  0.107854694  0.075364749999999994
1380    -0.036490112999999998  0.11438443  0.05840737
1381    0.023836574999999999  0.12168782  0.038106772999999997
1382    0.032250237000000001  0.082613930000000002  0.14900099
1383    0.056210425000000001  0.10222363499999999  0.091419760000000003
1384    -0.027931463  0.11821037500000001  0.039525020000000001
1385    0.046274177999999999  0.090139659999999996  0.12917467999999999
1386    -0.037300855000000001  0.11134856999999999  0.082763194999999998
1387    -0.013849555499999999  0.121765  0.058708615999999998
1388    0.043659218  0.10378292  0.10757139
1389    -0.039498255000000003  0.10066207000000001  0.11617416
1390    0.041704225999999997  0.11207908  0.085068569999999996
1391    -0.031531215000000001  0.094072119999999995  0.13665484999999999
1392    -0.024444493000000001  0.082738359999999997  0.1568793
1393    0.0071563180000000001  0.12382576000000001  0.040329030000000002
1394    -0.015720140000000001  0.094778284000000004  0.14318499000000001
1395    -0.0096011159999999998  0.122887835  0.042676567999999998
1396    0.013965188  0.090980190000000002  0.14824137000000001
1397    0.029096678000000001  0.099724144000000001  0.12851597000000001
1398    0.0056731775000000003  0.12306540000000001  0.064582239999999999
1399    0.00021756720000000001  0.121887565  0.074384324000000002
1400    -0.021679144000000001  0.10926553  0.11257577000000001
1401    0.011623576  0.10543188000000001  0.12591672000000001
1402    0.015230248  0.1172533  0.094504779999999997
1403    0.20195742  -0.0673015  -0.054793067000000001
1404    -0.16111038999999999  -0.36222005000000002  -0.046451934
1405    0.054693650000000003  0.33617330000000001  -0.0057504102999999997
1406    -0.16525827000000001  -0.10912502  0.078397900000000006
1407    -0.22231787  0.10493019000000001  -0.060633138000000003
1408    -0.18772948  0.078657210000000005  -0.067732379999999995
1409    -0.15687798  0.037691858000000002  -0.066990614000000004
1410    -0.15443978  0.054144396999999997  -0.072441450000000004
1411    -0.11282551  0.017970597000000001  -0.068858340000000004
1412    0.033735370000000001  0.32755020000000001  0.0032444000000000001
1413    0.039456807000000003  0.32558306999999997  -0.0097930429999999995
1414    -0.050471094000000001  0.25870943000000002  0.0077048168
1415    -0.051609185000000002  0.24813935000000001  0.00042822957000000002
1416    -0.04275085  0.24609262000000001  -0.0033118948
1417    -0.062790200000000004  0.17063439  -0.032155000000000003
1418    -0.053297915000000001  0.19356487999999999  -0.023163943999999999
1419    -0.045064483000000002  0.17247802000000001  -0.028228920000000001
1420    -0.043714963000000003  0.18652358999999999  -0.021237737999999999
1421    -0.047121900000000001  0.14072694999999999  -0.047118317
1422    -0.029662963000000001  0.12502033000000001  -0.043770152999999999
1423    -0.35499399999999998  -0.02928561  0.039424516
1424    -0.25195450000000003  -0.088971149999999999  0.078257023999999994
1425    -0.22927858000000001  -0.095419824  0.074481069999999996
1426    -0.18437787999999999  -0.091411989999999999  0.047671354999999999
1427    -0.19237888  -0.090052469999999996  0.054196479999999998
1428    0.21768742999999999  0.17000794  0.03065557
1429    0.103307724  0.054485890000000002  0.025046695000000001
1430    0.098399624000000005  0.016496757000000001  0.013171093
1431    0.094185619999999998  -0.029670485999999999  0.032468230000000001
1432    0.094440709999999997  0.031996577999999998  -1.8692574999999999e-05
1433    0.10435271  0.0057341140000000002  -0.032069213999999999
1434    0.080637574000000004  -0.025597122999999999  -2.7442350999999999e-05
1435    0.048627785999999999  -0.13805012  0.01355876
1436    -0.00020517315999999999  -0.10806062  -0.052515649999999997
1437    0.00012322702000000001  -0.082504350000000004  -0.071704450000000003
1438    -0.0055597043000000001  -0.085399169999999996  -0.071712609999999996
1439    0.010759016499999999  -0.05890894  -0.058438864
1440    0.0069063865000000002  -0.053206332000000002  -0.072405430000000007
1441    0.052819494000000002  0.042083487000000003  -0.061161310000000003
1442    0.045623987999999997  0.076721734999999999  -0.053995877999999997
1443    0.078521729999999998  0.074386820000000006  -0.029662797000000001
1444    0.078719720000000007  0.065825419999999996  -0.033687122
1445    0.057229634000000001  0.064655610000000002  -0.045816040000000002
1446    0.070258303999999994  0.058553010000000003  -0.031158010999999999
1447    0.025684426999999999  0.12383208  -0.10484776
1448    0.011982036999999999  0.083408769999999993  -0.11748131000000001
1449    0.021602317999999999  0.077029780000000006  -0.10162744999999999
1450    0.023205578000000001  0.051929443999999998  -0.10141019499999999
1451    0.020804237999999999  0.036800615000000002  -0.10093834
1452    -0.032566175000000003  -0.25297540000000002  0.078850279999999995
1453    0.042107057000000003  -0.17652914  0.040861915999999998
1454    0.026291907  -0.17872022000000001  0.032460037999999997
1455    0.058058787000000001  -0.13243936000000001  0.023192140999999999
1456    0.24276553000000001  -0.25114077000000001  0.0067937969999999999
1457    0.16813752000000001  0.15803248  0.0046735070000000004
1458    0.18748171999999999  0.15195069  0.021950121999999999
1459    0.16261861999999999  0.13875973  0.017434597
1460    0.14690822000000001  0.13067155999999999  0.0028848014999999999
1461    0.10276021  0.094486654000000003  -0.023961836
1462    0.12117782000000001  0.108611085  -0.0042273477
1463    0.20673852000000001  -0.071868374999999998  -0.057322486999999998
1464    0.21915802000000001  -0.077588190000000001  -0.043595719999999998
1465    0.13023582  -0.0050701275000000004  -0.071086469999999999
1466    0.13775092  -0.013337692  -0.066762420000000003
1467    0.14154072000000001  -0.0049820690000000004  -0.060990438000000001
1468    0.14337892999999999  -0.017492247999999998  -0.074498770000000006
1469    0.48700051999999999  0.084049470000000001  -0.0024715047
1470    0.50502320000000001  0.087262080000000006  -0.048629060000000002
1471    0.36009980000000003  0.12823153000000001  0.063889995000000005
1472    0.49053292999999998  0.075363739999999999  -0.017420123999999999
1473    0.27255689999999999  0.18775578000000001  0.068352339999999998
1474    -0.0099605470000000002  0.25707275000000002  0.034508990000000003
1475    0.50423070000000003  0.091881779999999996  -0.033858190000000003
1476    0.075317350000000005  0.091920710000000003  0.024576277000000001
1477    0.48637249999999999  0.090966030000000003  -0.017984089000000002
1478    0.4035147  0.090983380000000003  0.058714222000000003
1479    0.35507929999999999  0.119918674  0.091748679999999999
1480    0.3723146  0.10820523999999999  0.068337590000000004
1481    0.33996870000000001  0.12242211  0.079246536000000006
1482    0.24592802999999999  0.19044931000000001  0.0527778
1483    0.35979299999999997  0.14682083000000001  0.072347104999999995
1484    0.49558222000000002  0.07971201  -0.01603218
1485    0.33040580000000003  0.15679156999999999  0.098492380000000004
1486    0.48470039999999998  0.090474985999999993  -0.0090803580000000002
1487    0.47387829999999997  0.074095435000000001  0.0067371649999999998
1488    0.11428462  0.11444395  0.022488899999999999
1489    0.43305751999999997  0.088508149999999994  0.026959565000000001
1490    0.32161412  0.13192086  0.077836625000000007
1491    0.11641042  0.12756664000000001  0.029881122999999999
1492    0.069426580000000002  0.12953787  0.016981684
1493    0.25860080000000002  0.19127818999999999  0.076286346000000005
1494    0.346252  0.14186560000000001  0.099157499999999996
1495    0.47828730000000003  0.082394439999999999  0.0093836130000000007
1496    0.33576771999999999  0.13653019  0.09951422
1497    0.34804190000000002  0.15623704999999999  0.083688390000000001
1498    0.44731462  0.091015559999999995  0.016187098
1499    0.16615300999999999  0.14794724000000001  0.044973305999999998
1500    0.2562856  0.16174585  0.090512040000000002
1501    0.041392207  0.083261950000000001  -0.044937770000000002
1502    0.40418530000000003  0.12205300500000001  0.072161585
1503    0.013128687  0.018007598999999999  0.18543424999999999
1504    0.38233109999999998  0.12276202  0.08924464
1505    -0.31214537999999997  -0.056814280000000002  0.072405780000000003
1506    -0.36893587999999999  -0.024019032999999999  0.058583706999999999
1507    -0.32339200000000001  -0.049296065999999999  0.091186545999999993
1508    -0.078549610000000006  -0.037161972000000001  0.052421625999999999
1509    -0.37438850000000001  -0.0046768825999999996  0.026307717000000001
1510    -0.34141159999999998  -0.014534043  0.051739226999999999
1511    -0.31136407999999999  -0.03074675  0.094469609999999996
1512    -0.3098901  -0.024003713999999999  0.083315169999999994
1513    -0.33299820000000002  -0.014475979  0.064870419999999998
1514    -0.074599520000000002  -0.085406659999999995  0.025966728000000001
1515    -0.16056807000000001  -0.095237605000000003  0.092324089999999998
1516    -0.29963647999999998  -0.030178975  0.079158409999999998
1517    -0.44819989999999998  -0.048663421999999998  -0.067992700000000003
1518    -0.18460378  -0.079079449999999996  0.1004983
1519    -0.34171430000000003  -0.034773163000000003  0.082056746
1520    -0.21443608  -0.098822473999999993  0.10047902
1521    -0.23852177999999999  -0.081965769999999993  0.11093482
1522    -0.41974790000000001  -0.013691096999999999  -0.027122874000000002
1523    -0.38870830000000001  -0.012730607  -0.00018012662999999999
1524    -0.27037630000000001  -0.079783549999999995  0.10310026
1525    -0.34332439999999997  -0.017869442999999999  0.07446651
1526    -0.35294658000000001  -0.010402679  0.060479030000000003
1527    -0.054634984999999997  -0.062211469999999998  0.045144178
1528    -0.19646198000000001  -0.094990160000000004  0.058235614999999998
1529    -0.16827097999999999  -0.10148513000000001  0.091649149999999999
1530    -0.4136783  -0.022228525999999998  0.0038586506000000001
1531    -0.24819817999999999  0.18897688000000001  -0.063604289999999994
1532    0.040592857000000003  0.30006867999999998  0.0034083350999999998
1533    0.024423785999999999  0.31616719999999998  -0.0013804138000000001
1534    -0.030371392000000001  0.28451290000000001  0.030357025999999999
1535    -0.0011865123999999999  0.10144815  -0.03637191
1536    0.086552619999999997  0.32720500000000002  -0.037975542000000001
1537    0.024088766000000001  0.28751729999999998  0.014765412
1538    -0.032977840000000001  0.26955706000000001  0.0057043579999999997
1539    -0.012307508999999999  0.25133443  0.02763287
1540    -0.045177434000000002  0.14564535000000001  0.0097507459999999994
1541    -0.014192634000000001  0.11787219  -0.008703176
1542    -0.083289429999999998  0.17841599999999999  -0.013860308
1543    0.064746453999999995  0.33344249999999998  -0.004135728
1544    -0.22744238  0.20320445000000001  -0.050398096000000003
1545    -0.079406530000000003  0.20916219999999999  -0.0010657981
1546    0.038776048  0.29917616000000002  0.024218604000000001
1547    -0.11960028  0.062230766  -0.052770860000000003
1548    -0.075752239999999998  0.13195947999999999  0.0049534477000000004
1549    -0.037273889999999997  0.11981162400000001  -0.047781862000000001
1550    0.055097234000000002  0.33097880000000002  -0.023898579999999999
1551    -0.010102151  0.27474063999999998  0.0063029528
1552    -0.14558668  0.072903449999999995  -0.037370529999999999
1553    -0.22363678000000001  0.20061909  -0.050437785999999998
1554    0.081545696000000001  0.33846157999999998  -0.026015043000000002
1555    -0.016465915000000001  0.27695602000000002  0.043998309999999999
1556    0.050687570000000001  0.33281270000000002  -0.016887866000000001
1557    -0.042637533999999998  0.26876798000000002  0.035169877000000002
1558    -0.059381419999999997  0.24546893  0.031926415999999999
1559    -0.15469888000000001  -0.30492687000000002  0.0042073055999999999
1560    -0.083981840000000002  -0.2356259  0.081314620000000004
1561    -0.15588527999999999  -0.38791504999999998  -0.062175937000000001
1562    -0.092080090000000003  -0.26766682000000003  0.051110654999999998
1563    -0.068529930000000003  -0.23282021  0.066695735000000006
1564    -0.15639818  -0.33579153  -0.037553690000000001
1565    -0.084789305999999995  -0.24915577  0.091083369999999997
1566    -0.067385780000000006  -0.2288404  0.092049300000000001
1567    -0.020121159  -0.2031231  0.097224820000000003
1568    0.050780463999999997  -0.14938438000000001  0.033447273
1569    -0.14407209000000001  -0.35869917000000001  -0.056745067000000003
1570    -0.14392808000000001  -0.29888885999999998  -0.0025488064
1571    -0.095024479999999995  -0.25346866000000001  0.055199883999999998
1572    -0.123102084  -0.29542511999999999  0.023786849999999998
1573    0.017635167  -0.057014093000000002  -0.02015374
1574    -0.14303257999999999  -0.37843906999999999  -0.069814349999999997
1575    0.018797237000000001  -0.18724442999999999  0.086249805999999998
1576    -0.027493183000000001  -0.24154613999999999  0.061937183
1577    -0.055250604000000002  -0.24472638999999999  0.059808627000000003
1578    -0.12097639  -0.29243229999999998  0.061479338000000001
1579    0.022691958000000002  -0.088315790000000005  -0.010234294
1580    -0.15143218999999999  -0.29971692  0.022050500000000001
1581    -0.003375453  -0.071372784999999994  0.00016718171999999999
1582    -0.15485299  -0.32822509999999999  0.0041630416999999999
1583    -0.15726878  -0.38017285000000001  -0.063893870000000005
1584    0.0030690169999999998  -0.077094689999999994  0.037272945000000002
1585    -0.086380555999999997  -0.24059963000000001  0.06666598
1586    -0.11003563  -0.25277070000000001  0.061947107000000001
1587    0.027151815999999999  -0.14544272  0.074645879999999998
1588    0.045746196000000003  -0.13478926999999999  0.062924889999999997
1589    0.0091662970000000003  -0.12647942000000001  0.054650563999999999
1590    -0.12607798000000001  -0.27607912000000001  0.061918750000000002
1591    -0.18108799  0.076741039999999996  -0.066853609999999994
1592    -0.22934847999999999  0.26625019999999999  -0.159914
1593    -0.26953870000000002  0.27449976999999998  -0.29160970000000003
1594    -0.22589608  0.24442568000000001  -0.083315245999999996
1595    -0.24347737  0.22092886  -0.093529639999999997
1596    -0.26376110000000003  0.28326373999999999  -0.27637963999999998
1597    -0.23728357  0.27814489999999997  -0.21599552
1598    -0.23622528000000001  0.26683918000000001  -0.15411194
1599    -0.22479118000000001  0.28927928000000003  -0.17620045000000001
1600    -0.21893118  0.20111243000000001  -0.07339553
1601    -0.24145728  0.28914415999999998  -0.24872030000000001
1602    -0.21884487999999999  0.23459467000000001  -0.096879124999999996
1603    -0.25723439999999997  0.28579336  -0.25977895000000001
1604    -0.050513192999999998  0.039107169999999997  -0.062550359999999999
1605    -0.22333608999999999  0.26815446999999998  -0.16155800000000001
1606    -0.23059519000000001  0.27292727999999999  -0.18202893000000001
1607    -0.22972438000000001  0.22562979  -0.065173164000000006
1608    -0.21857528000000001  0.26173425  -0.13796493000000001
1609    -0.10398361  0.043878324000000003  -0.023669160000000002
1610    -0.18781897  0.067284405000000005  -0.023938674
1611    -0.20871677999999999  0.080421573999999996  -0.052877247000000002
1612    -0.23277958000000001  0.29325723999999997  -0.21300772000000001
1613    -0.24363019  0.18212020000000001  -0.071838440000000003
1614    -0.22375157000000001  0.27276400000000001  -0.12403536
1615    -0.24417776999999999  0.24818625999999999  -0.097047179999999997
1616    -0.094589055000000005  0.019249529000000001  -0.018104105999999998
1617    -0.21424107000000001  0.17855193999999999  -0.050383057000000002
1618    -0.21858917  0.27067995  -0.12874857000000001
1619    -0.069618669999999994  -0.0061671249999999999  -0.028906319999999999
1620    -0.025533601999999999  0.087989250000000005  -0.11492321
1621    0.14041082999999999  -0.0079765840000000001  -0.050040673000000001
1622    0.12933242  -0.40757662  -0.039599479999999999
1623    0.17394651  -0.36140746000000001  -0.006867349
1624    0.21634871999999999  -0.20387216999999999  0.0054904000000000003
1625    0.22312702000000001  -0.31033056999999997  0.020499572000000001
1626    0.19108163  -0.34587770000000001  2.1308659999999999e-05
1627    0.12919042  -0.4242264  -0.060368873000000003
1628    0.19065222000000001  -0.12419276  -0.037349936
1629    0.14742282000000001  -0.38140627999999999  -0.012509719000000001
1630    0.22672333  -0.116303526  -0.0033747368
1631    0.16258660999999999  -0.36537933  0.012276515
1632    0.21423262000000001  -0.23659649999999999  0.020820238000000001
1633    0.16606531999999999  -0.078092239999999993  -0.023859601000000001
1634    0.12061372400000001  -0.051512114999999997  -0.073722369999999995
1635    0.18273492  -0.32635117000000002  0.024245231999999999
1636    0.20552561999999999  -0.27843319999999999  0.014523104
1637    0.21462651999999999  -0.24427103999999999  0.0094247240000000006
1638    0.21568051999999999  -0.22772086  0.0097264870000000007
1639    0.21790102  -0.11523477999999999  -0.049523730000000002
1640    0.16624843  -0.096927360000000004  -0.039400673999999997
1641    0.20645781999999999  -0.26731433999999998  0.021081231999999998
1642    0.24519262999999999  -0.17801607999999999  0.016220637
1643    0.21008413000000001  -0.15469895  -0.028920057999999998
1644    0.06411712  0.032286584  -0.050362997
1645    0.086186200000000004  -0.0016126037  -0.076486979999999996
1646    0.23860143  -0.24280763  0.031950615000000002
1647    0.12599382000000001  -0.014110485000000001  -0.029042616
1648    -0.073792994000000001  -0.18478458  0.0017871037
1649    -0.20164348000000001  -0.17234093  -0.0016544163
1650    -0.22977088000000001  -0.16512462  -0.0085716360000000005
1651    -0.071543010000000004  -0.18430772000000001  -0.026515199999999999
1652    -0.05048739  -0.12229855000000001  -0.034995279999999997
1653    -0.10058955999999999  -0.17080190000000001  -0.0034223869999999998
1654    -0.12594358999999999  -0.19138741000000001  -0.0083079710000000008
1655    -0.22789508  -0.1757407  -0.0090455520000000001
1656    -0.042469680000000003  -0.12451379  -0.026406018
1657    -0.035639003000000002  -0.10936316  -0.030521232999999998
1658    -0.19584508  -0.17963634000000001  -0.0036294088
1659    0.0034321677000000001  -0.095192120000000005  -0.04984566
1660    -0.070858984999999999  -0.15196133000000001  -0.033155579999999997
1661    -0.00038961319999999999  -0.082930429999999999  -0.039115115999999998
1662    -0.068511340000000004  -0.18865660000000001  -0.017288540000000002
1663    -0.17005368000000001  -0.18609932000000001  -0.00088017434
1664    -0.034792133000000003  -0.12969045000000001  -0.061684147000000002
1665    -0.081089380000000003  -0.15887963999999999  -0.021425198999999999
1666    -0.019407041  -0.09854533  -0.031478800000000001
1667    -0.16481767999999999  -0.18978184000000001  0.020317822999999999
1668    -0.029451273  -0.036861631999999998  -0.07044512
1669    -0.011984649  0.012621146  -0.087964440000000005
1670    0.07711287  0.16922946  -0.059687465000000002
1671    0.0026498680000000001  0.12216191  -0.12010437
1672    0.036272958000000001  0.16263959  -0.069978730000000003
1673    0.13135711999999999  0.15758148  -0.077328146
1674    0.14889421999999999  0.12564652000000001  -0.083479576
1675    -0.023461044  0.071343260000000006  -0.078733259999999999
1676    0.13473352999999999  0.14730398  -0.098481920000000001
1677    0.16005902  0.10928843000000001  -0.11841144000000001
1678    0.017266686999999999  0.076815110000000006  -0.083271070000000003
1679    0.018119606999999999  0.10936702  -0.096207210000000001
1680    -0.020390459999999999  0.12152911  -0.11216013
1681    0.044320236999999998  0.17161587  -0.064029849999999999
1682    0.0052784364999999998  0.10694784  -0.12051555
1683    -0.036581892999999997  0.085043430000000003  -0.10121877
1684    0.10447581  0.16006887  -0.06139
1685    -0.037187423999999997  0.056905709999999998  -0.091398610000000005
1686    0.058961566999999999  0.17839432999999999  -0.064323485
1687    0.088235110000000005  0.1742802  -0.061991654
1688    0.12558822  0.14364974  -0.086296559999999994
1689    0.034480764999999997  0.13977477999999999  -0.10242008399999999
1690    0.019919988  0.12588646000000001  -0.091839223999999997
1691    0.094444423999999999  0.17025098  -0.09316692
1692    0.041089847999999998  0.18039231  -0.073914839999999996
1693    0.11621052  0.16846686999999999  -0.082004889999999997
1694    -0.027550323000000002  -0.048819010000000003  -0.027272824000000001
1695    -0.042108810000000003  -0.038322200000000001  -0.030946669999999999
1696    0.060737167000000002  -0.056160238000000001  0.025430881999999998
1697    0.032791827000000003  0.0021999106  -0.068164684000000003
1698    -0.075078820000000004  -0.0008135382  -0.022906981
1699    0.099849716000000005  0.17384612999999999  -0.087085049999999997
1700    -0.082937060000000007  0.021039318000000001  -0.0137007125
1701    -0.05513792  0.051324636  -0.054208815
1702    0.092976320000000001  0.075059059999999997  -0.0069630723000000004
1703    0.084552795  0.077437740000000005  0.017954964
1704    0.086967915000000007  0.076301250000000001  0.070121974000000004
1705    0.069936010000000007  0.03339512  0.14480054000000001
1706    -0.055484522000000001  0.093122004999999994  0.10813544999999999
1707    -0.0135318395  0.11737711000000001  0.091079549999999995
1708    -0.12560937999999999  0.023743733999999999  -0.065517060000000002
1709    -0.11127012999999999  0.034968119999999998  -0.074675640000000001
1710    -0.33748210000000001  -0.038186822000000002  0.053383484000000002
1711    0.2554999  0.15249512000000001  0.062169257999999998
1712    0.26598620000000001  0.15238997000000001  0.064214939999999998
1713    0.22950371999999999  0.16447524999999999  0.039226916000000001
1714    0.093687010000000001  -0.017698490000000001  0.0039608255
1715    0.10210561999999999  0.041538004000000003  0.048969798000000002
1716    0.09717141  0.040465050000000002  0.0043098909999999997
1717    0.0096669979999999996  -0.036971122000000002  -0.069869180000000003
1718    0.002244467  -0.045734311999999999  -0.075903970000000001
1719    0.071169789999999997  0.068829950000000001  -0.039253103999999997
1720    0.025539528999999998  0.064327129999999996  -0.077364749999999996
1721    0.019825916999999998  0.044732787000000003  -0.10416499999999999
1722    0.032929796999999997  -0.1880011  0.041722997999999997
1723    0.034105636000000002  -0.18730927  0.051269530000000001
1724    0.053768086999999999  -0.10358291  0.002686061
1725    0.20039602000000001  -0.33857324999999999  0.026143929999999999
1726    0.18265222  0.16588214000000001  0.012046721
1727    0.16811651999999999  0.14544046999999999  0.011664018
1728    0.10196692  0.089905669999999993  -0.013969986
1729    0.4852302  0.076686754999999995  -0.022683015000000001
1730    0.17441812000000001  -0.042714785999999998  -0.069616004999999995
1731    0.12664012999999999  -0.0021952949999999999  -0.062172196999999998
1732    0.35403952  0.14890186  0.091794089999999995
1733    0.43537520000000002  0.105370335  0.041437719999999997
1734    0.40804550000000001  0.11022516  0.076307379999999994
1735    0.079123974  0.14127387  -0.016271832999999999
1736    0.13333971999999999  0.17827514999999999  0.033132500000000002
1737    0.39011220000000002  0.13181444  0.070230310000000004
1738    0.19509531999999999  0.15703366999999999  0.023925307999999999
1739    0.064119620000000002  0.13289353000000001  -0.013238460000000001
1740    0.32953979999999999  0.13119707  0.095440805000000004
1741    0.12491472000000001  0.15628932000000001  0.039729238
1742    0.26912659999999999  0.15061975  0.084798429999999994
1743    0.18527663  0.19429307000000001  0.034762286000000003
1744    0.067890839999999994  0.32433718  -0.00094186515000000001
1745    0.36690030000000001  0.13453066  0.093930089999999994
1746    0.104043424  0.094211450000000002  0.010048876
1747    0.40425519999999998  0.10442084  0.077896683999999994
1748    0.45714352000000003  0.074650264999999993  0.020485926000000002
1749    -0.44405879999999998  -0.041962289999999999  -0.047782376000000001
1750    -0.44725549999999997  -0.038176477  -0.045978747
1751    -0.47781610000000002  -0.071557720000000005  -0.091346590000000005
1752    -0.27216279999999998  -0.043862869999999998  0.10311444
1753    -0.22886428  -0.064052890000000001  0.078571799999999997
1754    -0.43307607999999997  -0.024344505999999998  -0.024240340999999999
1755    -0.13571138999999999  -0.064690070000000002  0.069066665999999999
1756    -0.084466635999999998  -0.048105776000000003  0.054173842
1757    0.00069531705  -0.12119178  0.031169840000000001
1758    -0.41391519999999998  -0.030189925999999999  -0.011393845
1759    -0.23681177  -0.093653336000000004  0.077935619999999997
1760    -0.072974709999999998  -0.064135960000000006  -0.00010845065
1761    -0.38533650000000003  -0.017458247  0.0048280563000000004
1762    0.060515855  0.31425655000000002  0.0066754073000000001
1763    -0.029769042999999999  0.15439803999999999  -0.016411174000000001
1764    -0.032053392  0.25849420000000001  0.0016582683
1765    -0.032836444999999999  0.26977994999999999  0.041637458000000002
1766    -0.044557244000000003  0.24678822  0.04210233
1767    -0.015926915999999999  0.1240382  -0.016154747000000001
1768    0.002936948  0.31069845000000001  0.021481894000000001
1769    -0.015805112  0.11258903000000001  -0.039867494000000003
1770    0.071362703999999999  0.31774681999999999  -0.023212828000000001
1771    0.069869529999999999  0.32857138000000002  -0.039846890000000003
1772    -0.048677831999999997  0.26791164000000001  0.022565505999999999
1773    -0.089307739999999997  0.051931784000000002  -0.03347195
1774    -0.086992130000000001  0.16594568000000001  -0.0032532662
1775    -0.06894699  0.14818556999999999  -0.036538485000000002
1776    -0.035089105000000002  0.20745598000000001  0.01558549
1777    -0.059601963000000001  -0.25440847999999999  0.060408756000000001
1778    -0.020109789999999999  -0.20530023  0.051575943999999999
1779    -0.12849057999999999  -0.30429869999999998  0.016215681999999999
1780    -0.14267827999999999  -0.38440415  -0.061060824
1781    -0.15281337  -0.36610836000000002  -0.062368460000000001
1782    -0.083722666000000001  -0.24035480000000001  0.087343210000000004
1783    -0.000346113  -0.17145589  0.08392049
1784    0.049223620000000003  -0.066275790000000001  0.044212278000000001
1785    0.0093809480000000001  -0.16873135  0.02810286
1786    -0.041376362999999999  -0.24562186  0.061392545999999999
1787    -0.08936711  -0.27546150000000003  0.053160377000000002
1788    -0.13196099  -0.31348862999999999  0.020470127000000001
1789    -0.14863878  -0.30246033999999999  0.030176602
1790    -0.14641008  -0.3115078  -0.016253091000000001
1791    -0.15396027000000001  -0.31604302000000001  -0.018632650000000001
1792    0.00094440669999999998  -0.093998709999999999  0.031048888
1793    0.0052546075999999999  -0.22401360000000001  0.071172214999999997
1794    -0.13042877999999999  -0.28265232000000001  0.020709798000000001
1795    0.049370345000000003  -0.15763547  0.053548140000000001
1796    0.047742159999999999  -0.079041935999999993  0.045767336999999998
1797    0.062091599999999997  -0.094027609999999998  0.020910867
1798    -0.23194538000000001  0.27879061999999999  -0.22020443000000001
1799    -0.21772037  0.23946023  -0.09185815
1800    -0.21990067999999999  0.23915960999999999  -0.083890914999999996
1801    -0.14636547999999999  0.065780885999999997  -0.064297370000000006
1802    -0.22079678  0.27490072999999998  -0.17642780999999999
1803    -0.24412818  0.2839817  -0.21608925000000001
1804    -0.21515618  0.17342705999999999  -0.062159907
1805    -0.21649927999999999  0.26808852  -0.13868507999999999
1806    -0.10063881  0.013861461  -0.064595713999999999
1807    -0.21914949  0.16647513  -0.035853179999999998
1808    -0.21208107000000001  0.13232057  -0.063935859999999997
1809    -0.19971268  0.11949383  -0.060039509999999997
1810    -0.23741408  0.28436610000000001  -0.16112828000000001
1811    -0.21640179000000001  0.10003727  -0.059866323999999999
1812    -0.121474385  0.016146211000000001  -0.060091815999999999
1813    -0.13856028000000001  0.063038930000000007  -0.029764470000000001
1814    -0.049277883000000001  0.0020169932  -0.058546223000000001
1815    0.24766332999999999  -0.14888193  -0.015436891499999999
1816    0.112879515  -0.43358669999999999  -0.075041650000000001
1817    0.13184931999999999  -0.41068786000000002  -0.046511956
1818    0.061383430000000003  1.7909332999999998e-05  -0.074570549999999999
1819    0.14634222  -0.41341309999999998  -0.026871501999999999
1820    0.21669392000000001  -0.23655923000000001  0.027079538
1821    0.22124392000000001  -0.24068703  0.032609171999999999
1822    0.19785032  -0.12899527999999999  -0.041548259999999997
1823    0.15055462999999999  -0.082881640000000006  -0.055072530000000001
1824    0.13457182000000001  -0.055627546999999999  -0.028972032000000002
1825    0.23710523999999999  -0.25385809999999998  0.0024232120000000001
1826    0.22962663  -0.25176053999999998  -0.00013435631999999999
1827    0.24202092  -0.26144235999999998  0.01629597
1828    0.18697552000000001  -0.35868618000000002  0.018660486
1829    0.15860152  -0.38744366000000002  0.0024444163000000001
1830    0.13767811999999999  -0.40706505999999998  -0.018517717999999999
1831    0.13659312000000001  -0.070075170000000006  -0.038652850000000002
1832    0.15226042000000001  -0.023443647000000001  -0.034888674000000001
1833    0.20278272  -0.14401169999999999  -0.012485019999999999
1834    0.21913423000000001  -0.087647409999999995  -0.045094118000000002
1835    0.19873191000000001  -0.3487498  0.015969858
1836    0.17683732999999999  -0.33510086  0.012569830000000001
1837    -0.057832500000000002  -0.14540832000000001  -0.01780549
1838    -0.040033773000000002  -0.061032414  -0.043208009999999998
1839    -0.10287039000000001  -0.17347409999999999  0.0049617067000000004
1840    -0.054634984999999997  -0.17902148000000001  -0.025161329999999999
1841    -0.17234258  -0.18198228  0.019899613999999999
1842    -0.013215627000000001  -0.061519197999999997  -0.076613979999999998
1843    -0.020186875  -0.082329159999999998  -0.074757980000000002
1844    -0.041155881999999998  -0.11385029000000001  -0.062155164999999998
1845    0.17049612  0.10066319999999999  -0.11945
1846    0.0027373469999999998  0.13800593999999999  -0.080560699999999999
1847    -0.0044914270000000001  0.020049259999999999  -0.095934779999999997
1848    -0.024485242000000001  0.040863305000000003  -0.10222262999999999
1849    -0.0011545131000000001  0.072723819999999995  -0.11772197500000001
1850    0.12255362  0.16209868999999999  -0.091724899999999998
1851    0.016314168  0.16591954  -0.10174982
1852    0.082381934000000004  0.15934986000000001  -0.085014599999999996
1853    -0.02128992  0.088872919999999994  -0.082770330000000003
1854    0.015367387  0.092758699999999999  -0.090674384999999996
1855    -0.015175912  0.14494061  -0.088066964999999997
1856    -0.032896083  0.041953842999999998  -0.075783580000000003
1857    0.15697911000000001  0.13442129  -0.099770053999999997
1858    0.030534486999999999  -0.017987428  -0.059719330000000001
1859    -0.065700400000000006  -0.028298073999999999  -0.013177565
1860    -0.077500059999999996  -0.018864311000000002  -0.00075666373999999995
1861    -0.096146226000000001  -0.031378812999999998  0.012886940499999999
1862    0.082273570000000004  0.023537312000000001  -0.033863667
1863    -0.023757133999999999  -0.040800669999999997  0.15716300999999999
1864    -0.037502144000000001  0.0015857369  0.17987581999999999
1865    -0.0088134830000000004  0.09528971  -0.045817953000000002
1866    -0.010169312  0.011410415  0.18852711999999999
1867    0.046079825999999997  0.021973646999999999  0.16839845000000001
1868    -0.050580323000000003  0.087542369999999994  0.12841675999999999
1869    -0.24153537999999999  0.22158816000000001  -0.097557379999999999
1870    -0.063572890000000007  0.21336748  -0.0153000355
1871    -0.046786862999999998  0.18433374  -0.028916746
1872    -0.043744949999999998  0.12858781  -0.049565364000000001
1873    -0.0038107634000000001  -0.10484176000000001  -0.062275234999999998
1874    0.0050667263999999998  -0.045907650000000001  -0.068409040000000004
1875    0.082151175000000007  0.057676020000000001  -0.029483112999999998
1876    0.072202310000000006  0.051066577000000002  -0.045228156999999998
1877    0.0076246876  0.079465149999999998  -0.11704183
1878    0.018407598000000001  0.075909760000000007  -0.110411525
1879    0.031396247000000002  -0.18848865000000001  0.046550229999999998
1880    0.043262158000000002  -0.15557410999999999  0.027498838000000001
1881    0.048810076000000001  -0.14877364000000001  0.021855007999999999
1882    0.17775932  0.16078918  0.0072193965000000001
1883    0.16712891999999999  0.15039907  0.0064547993000000003
1884    0.040156648000000003  -0.088837810000000003  -0.0080934519999999992
1885    0.10936332  0.093511559999999994  -0.017088208000000001
1886    0.23664181000000001  -0.10812977  -0.029055201999999999
1887    0.20894513000000001  -0.077499559999999995  -0.049992986000000003
1888    0.40080779999999999  0.094548480000000004  0.054055694000000001
1889    0.14147203  0.1822935  0.014027286
1890    0.19020723  0.15069060000000001  0.047301162000000001
1891    0.35404960000000002  0.14597979999999999  0.068918279999999998
1892    0.13635691999999999  0.12505417999999999  0.022294817000000001
1893    0.29842619999999997  0.17496568000000001  0.092361260000000001
1894    0.15445141000000001  0.13485473000000001  0.026363052000000001
1895    0.18498231000000001  0.15478295  0.05505649
1896    0.27372930000000001  0.17834290999999999  0.092891483999999996
1897    0.43261102000000001  0.079147869999999995  0.039560378
1898    0.26410422  0.18596303  0.085632899999999998
1899    -0.4059797  -0.016148240000000001  -0.020927596999999999
1900    -0.45031159999999998  -0.033926453000000002  -0.050993330000000003
1901    -0.47829317999999998  -0.064250109999999999  -0.090569615000000006
1902    -0.46615980000000001  -0.063804929999999996  -0.081742289999999995
1903    -0.14201447  -0.10068157  0.081148440000000002
1904    -0.24166888  -0.094593120000000003  0.097330340000000001
1905    -0.41109958000000002  -0.026586838000000002  0.0018367544
1906    -0.4415538  -0.040579549999999999  -0.064454490000000003
1907    -0.2885026  -0.041208185000000001  0.10366489
1908    -0.39377210000000001  -0.0053845899999999999  0.01377514
1909    -0.13333128  -0.088330370000000005  0.081773910000000005
1910    -0.12610218000000001  -0.10448249  0.064882620000000002
1911    -0.4193653  -0.012497930000000001  -0.011857627000000001
1912    -0.29507840000000002  -0.059265584000000003  0.10500801
1913    -0.27292640000000001  -0.040812317000000001  0.096457385000000007
1914    -0.18538718000000001  -0.08157536  0.052371926999999999
1915    -0.12531048  -0.050035660000000003  0.039808292000000002
1916    -0.13632928  -0.1061614  0.047839056999999997
1917    -0.021988872  0.27075863  0.0048344657000000003
1918    0.090847015000000003  0.34775650000000002  -0.056357294000000002
1919    0.091751814000000001  0.34145125999999998  -0.087891330000000004
1920    -0.037838812999999999  0.12042066999999999  0.006645214
1921    -0.061785724  0.22368769999999999  0.035278103999999998
1922    0.028393738000000002  0.32444240000000002  0.011550002
1923    -0.072836906000000007  0.22686616000000001  0.021481371999999999
1924    0.026755365999999999  0.29911061999999999  0.0023766681999999998
1925    -0.034177020000000002  0.22320613  -0.0010235979999999999
1926    0.061666029999999997  -0.10322911999999999  0.027340204
1927    0.012509048  -0.18757099999999999  0.035692460000000002
1928    0.0038276072999999999  -0.115974516  0.041827146000000003
1929    0.016186506999999999  -0.077304824999999994  0.045725679999999998
1930    -0.15250517  -0.30473840000000002  -0.0032008959999999999
1931    0.0071250369999999999  -0.21060938000000001  0.088831419999999994
1932    0.039427746  -0.1578772  0.071244329999999995
1933    -0.016380619999999999  -0.24139959  0.082380839999999997
1934    -0.050928782999999998  -0.26040637  0.089295379999999994
1935    0.031131006999999999  -0.19341591  0.061654028
1936    0.011557987  -0.13724317  0.015094552000000001
1937    -0.036075815999999997  -0.21231984000000001  0.061040879999999999
1938    -0.0099770994999999994  -0.16666853000000001  0.058792575999999999
1939    -0.14973378000000001  0.058700424000000001  -0.068259829999999994
1940    -0.21757837999999999  0.21339812999999999  -0.069229529999999997
1941    -0.24494468  0.27848634  -0.24186943
1942    -0.20346558000000001  0.14286461  -0.042830355000000001
1943    -0.23994428000000001  0.27926874000000002  -0.16532794000000001
1944    -0.24129767999999999  0.17919879  -0.044791784000000001
1945    -0.17918818  0.087729550000000003  -0.025073160000000001
1946    -0.17540848000000001  0.041804247000000003  -0.050114289999999999
1947    -0.21197568  0.12017702  -0.024360709000000001
1948    -0.24221519  0.16098319  -0.043346589999999997
1949    0.25275880000000001  -0.19195187  0.0055303276
1950    0.21930942  -0.18112512  -0.018776986999999998
1951    0.15115451999999999  -0.028943370999999999  -0.030009813999999999
1952    0.19917161999999999  -0.32539709999999999  0.032337499999999998
1953    0.14974302  -0.38273396999999998  -0.018568218000000001
1954    0.18596092  -0.045128136999999999  -0.040782550000000001
1955    -0.14618728  -0.1864885  -0.0031948536999999999
1956    -0.20832948000000001  -0.16889573999999999  0.0025608054999999999
1957    -0.14674847999999999  -0.17824677  0.014304951
1958    -0.0017312028999999999  -0.10368281  -0.041649367999999999
1959    -0.027465601999999999  -0.14677804999999999  -0.05162754
1960    -0.11074581999999999  -0.1909295  -0.013171781
1961    -0.092524423999999994  -0.19515772000000001  -0.012567926
1962    0.024447557000000002  0.13139753000000001  -0.11313946499999999
1963    0.053689208000000002  0.17291604999999999  -0.099128129999999995
1964    0.023777126999999999  0.16829035000000001  -0.069728419999999999
1965    -0.035828084000000003  0.093694659999999999  -0.093182206000000004
1966    0.099207013999999996  0.15624020999999999  -0.072683109999999995
1967    0.028958215999999998  0.059362209999999999  -0.069775543999999995
1968    0.092580914  0.16030559999999999  -0.063731220000000005
1969    -0.010339709000000001  0.067429089999999997  -0.11719105
1970    0.029557426000000001  0.17448114000000001  -0.070892659999999996
1971    0.033842318000000003  -0.073012010000000002  0.048765152999999999
1972    -0.085701260000000001  -0.015283924500000001  0.016697314000000001
1973    0.083537879999999995  0.015912097  -0.024108290000000001
1974    -0.066157850000000004  0.077649670000000004  -0.013148054500000001
1975    0.029366177  0.030041248  0.17859642000000001
1976    -0.00024530291999999999  0.035841703000000003  0.18710092
1977    -0.0015703226000000001  0.078938770000000005  0.16382244000000001
1978    -0.23249808  0.19679826  -0.082238790000000006
1979    -0.22389988999999999  0.10592578  -0.055307022999999997
1980    -0.04767192  0.22700505000000001  -0.0092483389999999995
1981    -0.036261093000000001  0.18616540000000001  0.0042587592999999997
1982    -0.043985940000000001  0.14832017  -0.038773439999999999
1983    -0.034790321999999999  0.14263683999999999  -0.04320388
1984    -0.21734086999999999  -0.093246504999999993  0.063753210000000005
1985    -0.12340298  -0.30365792000000003  0.028864019000000001
1986    0.093728110000000003  -0.00041454030000000002  0.0064229415999999999
1987    0.088066619999999998  -0.031778809999999998  0.0099552730000000006
1988    0.104359016  -0.055673624999999997  -0.058290396000000001
1989    0.027846597000000001  0.08362928  -0.053023170000000001
1990    0.035424598000000002  0.071009260000000005  -0.062491089999999999
1991    0.079444570000000006  0.068243936000000005  -0.027625500000000001
1992    0.013433257000000001  -0.21004776999999999  0.052896626000000002
1993    0.049329100000000001  -0.091562173999999996  -0.0020899065000000001
1994    0.2547914  -0.20910147000000001  0.0085473059999999993
1995    0.108131915  0.11068088  -0.028220519999999999
1996    0.23145521999999999  -0.096997395  -0.031122509999999999
1997    0.13567393  -0.0047600139999999999  -0.052028329999999998
1998    0.13212821999999999  -0.023525431999999999  -0.076835100000000003
1999    0.14891731999999999  -0.0153707545  -0.059508472999999999
2000    0.14713243000000001  0.14460128999999999  -0.085844649999999995
2001    0.22672771999999999  0.19453155999999999  0.070609309999999995
2002    0.10614201400000001  0.103495136  -0.020115778000000001
2003    0.12273042000000001  0.17006425999999999  -0.00082538277000000001
2004    0.35691990000000001  0.14066254  0.066593559999999996
2005    0.13461702  0.16777629999999999  0.043200817000000002
2006    0.03547194  0.11036256999999999  -0.0063147843
2007    0.29990992  0.17921248000000001  0.079405420000000004
2008    0.28179001999999997  0.18338170000000001  0.085461040000000002
2009    0.46010020000000001  0.087677865999999993  0.031656820000000002
2010    0.29840480000000003  0.1417011  0.090848020000000002
2011    -0.094204220000000005  -0.086883634000000001  0.059694219999999999
2012    -0.22618288  0.11952098999999999  -0.030024510000000001
2013    -0.34656510000000001  -0.027925134000000001  0.044720652999999999
2014    -0.45202409999999998  -0.050562910000000003  -0.062701166000000003
2015    -0.33839590000000003  -0.021237639999999999  0.050962596999999998
2016    -0.36501487999999999  -0.03526315  0.052700235999999998
2017    -0.2735205  -0.06410739  0.11088692
2018    -0.050207593000000002  -0.064521809999999999  0.040636209999999999
2019    -0.42540660000000002  -0.030152862999999999  -0.045730196000000001
2020    -0.10814099000000001  -0.042344517999999998  0.04544082
2021    -0.11705108  -0.069648533999999998  0.07021223
2022    -0.34824058000000002  -0.039195918000000003  0.073828980000000002
2023    -0.20827648000000001  -0.079723569999999994  0.10845566
2024    -0.061275054000000002  0.090542780000000003  0.0032054149000000001
2025    -0.046942501999999997  0.22729889  0.039093549999999998
2026    -0.063330139999999993  0.20242773  0.031449514999999997
2027    0.0027167368999999999  0.30888742000000002  0.0095639230000000002
2028    -0.065308359999999996  0.19133209000000001  -0.023789197000000002
2029    -0.073895559999999999  0.22770244000000001  0.01073955
2030    -0.067423880000000005  0.10129248  -0.038620777000000002
2031    -0.086478990000000006  0.053589302999999998  -0.051137547999999998
2032    -0.0084729139999999998  -0.17700015999999999  0.083664299999999997
2033    -0.13719588999999999  -0.30774056999999999  0.039041996000000002
2034    -0.014635491  -0.20734704000000001  0.049293824
2035    -0.14752177999999999  -0.32238206000000003  -0.028329610000000002
2036    -0.075896959999999999  -0.25414604000000002  0.0946626
2037    0.016077688  -0.105230324  -0.00086945670000000003
2038    0.0073853265  -0.059807449999999998  -0.016412026999999999
2039    -0.14334358  -0.40357658000000002  -0.070332480000000003
2040    -0.13976537999999999  -0.39667713999999998  -0.071863844999999996
2041    -0.14642309000000001  -0.37513128000000001  -0.068952925999999998
2042    0.04229811  -0.12451812600000001  0.062878094999999995
2043    -0.14410828000000001  0.024067637999999999  -0.056916766000000001
2044    -0.21836348  0.27961724999999998  -0.15651967999999999
2045    -0.22095259  0.15326882999999999  -0.030381604999999999
2046    -0.22382316999999999  0.22644486999999999  -0.097185984000000003
2047    -0.097006259999999997  0.024811785999999999  -0.069691463999999995
2048    -0.24053368  0.23234484999999999  -0.074108820000000006
2049    -0.19018136999999999  0.077876570000000006  -0.02231431
2050    -0.24796547999999999  0.21424568999999999  -0.072148450000000003
2051    -0.047693614000000002  0.030043883  -0.065950944999999997
2052    -0.23872729000000001  0.13895065000000001  -0.041953377
2053    0.24626713  -0.15246122000000001  0.0016130357999999999
2054    0.13344192999999999  -0.42790810000000001  -0.048413775999999999
2055    0.12029642  -0.42015754999999999  -0.051427156000000002
2056    0.12160282  -0.42053393  -0.057807564999999998
2057    0.13943191999999999  -0.033241793999999998  -0.077409519999999996
2058    0.22139633  -0.18972053999999999  0.017787985999999999
2059    -0.072438269999999999  -0.18900808999999999  -0.0058559253999999998
2060    -0.12262939  -0.17742996999999999  0.0097535250000000007
2061    -0.19617867  -0.18240054  0.013305515
2062    -0.18379238000000001  -0.19133020000000001  0.011581368999999999
2063    -0.049051820000000003  -0.1490504  -0.013069600000000001
2064    -0.12065098  -0.19376636  0.017259411999999998
2065    -0.019779818000000001  -0.10483003  -0.070437130000000001
2066    0.015820946999999998  0.016188569999999999  -0.087863184999999996
2067    -0.032316834000000003  0.025277325999999999  -0.075634580000000007
2068    -0.034944719999999999  0.047135897000000003  -0.093097425999999997
2069    0.018002987000000002  0.13938697999999999  -0.084326120000000004
2070    0.011101417000000001  0.15588878  -0.074716210000000005
2071    0.063241019999999995  0.18159258  -0.070033819999999997
2072    0.032993827000000003  -0.036545932000000003  -0.042216530000000002
2073    0.043010008000000002  -0.031325609999999997  -0.051290889999999999
2074    -0.024831922999999999  0.0071339886999999998  -0.074771950000000004
2075    -0.014118936  -0.0095429420000000004  0.18254503999999999
2076    -0.16481778  0.045398563000000003  -0.068749539999999998
2077    -0.036700085  0.14626074  -0.035814337000000002
2078    -0.075781409999999993  -0.18969162000000001  -0.018472120000000002
2079    -0.20837797  -0.100034736  0.06806885
2080    -0.19167018  -0.10065742  0.055623150000000003
2081    -0.10145123  -0.087921929999999995  0.0117799975
2082    0.0050766263000000004  -0.074878860000000005  -0.066035259999999998
2083    0.035425797000000002  0.15503061000000001  -0.11094576
2084    0.041241100000000003  -0.18187833  0.046039312999999998
2085    0.032981347000000001  -0.13544300000000001  0.0088091790000000003
2086    0.25197190000000003  -0.18313202000000001  -0.0085407529999999999
2087    0.16706341999999999  -0.029286751999999999  -0.041527130000000002
2088    0.24271922000000001  -0.13013366000000001  -0.018356342000000001
2089    0.4438394  0.079944180000000004  0.040498136999999997
2090    0.17080793  0.16752181999999999  0.0063651055
2091    0.44471001999999998  0.077225879999999997  0.021867569999999999
2092    0.13143521999999999  0.12931101  0.029105664999999999
2093    0.35473751999999997  0.11920789  0.070352440000000002
2094    0.41770439999999998  0.1094126  0.045103822000000002
2095    0.094964820000000005  0.079705869999999998  0.0036354475000000002
2096    0.096015619999999996  0.11570896  0.025811257000000001
2097    0.37423980000000001  0.11580826  0.061151423000000003
2098    0.26367980000000002  0.16738649  0.094359600000000002
2099    -0.121735185  -0.075062855999999997  0.017126504000000001
2100    -0.43110880000000001  -0.032943069999999998  -0.02646486
2101    -0.15194418000000001  -0.103298925  0.044067554000000002
2102    -0.24433698000000001  -0.094577129999999995  0.09164195
2103    -0.10999038999999999  -0.099167229999999995  0.034212579999999999
2104    0.034535379999999997  0.32867010000000002  -0.0013975948000000001
2105    0.014161277999999999  0.31573610000000002  0.0073716939999999998
2106    -0.018682903000000001  0.28369918  0.0049258545000000001
2107    0.092324420000000004  0.35857475  -0.098886125000000005
2108    0.083524673999999993  0.32800970000000002  -0.048387960000000001
2109    -0.047367193000000002  0.12977776999999999  0.0093841110000000005
2110    0.040806927  0.31981397  0.019836009000000002
2111    -0.032407284000000001  0.22043090000000001  0.0032946913999999999
2112    -0.032385245  0.26112901999999999  0.043977811999999998
2113    -0.15719408000000001  -0.37038840000000001  -0.045507878000000002
2114    -0.067536145000000006  -0.24176425000000001  0.061204849999999998
2115    -0.16180417999999999  -0.33604494000000001  -0.018200614
2116    0.010033106  -0.072056369999999995  -0.011890838000000001
2117    -0.24775198000000001  0.27985643999999998  -0.26771085999999999
2118    -0.23389898000000001  0.24529308  -0.12309870000000001
2119    -0.21831468000000001  0.24642549999999999  -0.11018234
2120    -0.25221407000000001  0.2884236  -0.26311449999999997
2121    -0.24619009  0.23864761000000001  -0.096924590000000005
2122    -0.17683108  0.048737639999999999  -0.028680593000000001
2123    -0.20803209  0.14550544000000001  -0.058079579999999999
2124    -0.092487245999999995  0.000112636015  -0.033759302999999997
2125    0.16167992  -0.39792382999999998  -0.016713113000000002
2126    0.21066122000000001  -0.30222893000000001  0.036398433000000001
2127    0.13756382  -0.39835777999999999  -0.017046213000000001
2128    0.21246192  -0.27416778000000003  0.036177083999999998
2129    0.19896902  -0.28887475000000001  0.023383573000000001
2130    0.10729321999999999  -0.047276217000000002  -0.032488309999999999
2131    0.10751532  -0.0089155329999999998  -0.025123123000000001
2132    -0.036379742999999999  -0.16484293  -0.022257249999999999
2133    0.012978847999999999  0.11320092499999999  -0.090770050000000005
2134    0.014673657999999999  0.035206596999999999  -0.099764939999999996
2135    0.16323372999999999  0.111867145  -0.100389384
2136    0.14134473  0.12960722999999999  -0.088810379999999994
2137    0.085598510000000003  0.17792590999999999  -0.087557179999999998
2138    -0.036623972999999997  -0.066978969999999999  0.026823633999999999
2139    0.09068872  0.015330511999999999  -0.0086207130000000003
2140    -0.057045743000000003  0.20954234999999999  -0.017873548
2141    -0.18100809000000001  -0.103915304  0.052889354999999999
2142    0.33789942000000001  0.12792437000000001  0.072346720000000003
2143    0.103936315  0.038404441999999997  0.0093413779999999991
2144    -0.019146759999999999  -0.14669277999999999  -0.042579770000000003
2145    0.028826985999999999  0.080144400000000005  -0.059035562
2146    0.023933685999999999  0.073160030000000001  -0.062313504999999998
2147    0.18619622  0.15879014  0.010148324
2148    0.11646631  0.102829  -0.01730423
2149    0.44845491999999998  0.09548508  0.042478897000000002
2150    0.32162422000000002  0.13100086  0.088223129999999997
2151    0.24683832  0.18449193  0.047462862000000001
2152    0.19756752  0.18013257999999999  0.071460070000000001
2153    -0.35488760000000003  -0.037905149999999999  0.050334030000000002
2154    -0.43722480000000002  -0.022352252  -0.037578556999999999
2155    -0.46501140000000002  -0.060904460000000001  -0.088224620000000004
2156    -0.25963649999999999  -0.087212145000000005  0.086195599999999997
2157    -0.2636927  -0.077487440000000005  0.10855463
2158    -0.114613384  -0.10369301  0.05117551
2159    -0.22565098  -0.059361259999999999  0.097225130000000007
2160    -0.037336253  0.21414569  0.026562259000000001
2161    -0.039584763000000002  0.12233707000000001  -0.048133988000000003
2162    0.06052329  0.31555309999999998  -0.018098666999999999
2163    0.062857209999999997  0.33646967999999999  -0.033721276000000001
2164    0.093009010000000003  0.35793229999999998  -0.11184312
2165    -0.079393359999999996  0.16751848  0.01441725
2166    0.017717138  -0.10616937  0.05265131
2167    -0.12559368000000001  -0.26659504000000001  0.055806130000000002
2168    -0.047341023000000003  -0.21184747000000001  0.073433200000000004
2169    -0.13932607999999999  -0.40266513999999998  -0.07915287
2170    -0.20362759  0.13995977000000001  -0.037296597000000001
2171    -0.23918837000000001  0.25078761999999999  -0.092760839999999997
2172    -0.24511878000000001  0.23264635  -0.080797783999999997
2173    0.23206893000000001  -0.22729546  0.032636582999999997
2174    0.11508413000000001  -0.43183273  -0.061473212999999999
2175    0.14780942  -0.40434819999999999  -0.034913755999999997
2176    0.23297332000000001  -0.106213875  -0.023792002
2177    0.22177601999999999  -0.28698430000000003  0.036596164
2178    0.15559651999999999  -0.39350584  -0.025809585999999999
2179    0.12422152  -0.42440119999999998  -0.063838619999999999
2180    0.19556751999999999  -0.33470820000000001  0.0024017616999999999
2181    0.20631332999999999  -0.29976383000000001  0.0063988863999999996
2182    0.23141041000000001  -0.15368909  -0.034032352000000002
2183    0.13483022  -0.063366439999999996  -0.033469147999999997
2184    0.063219233999999999  -0.033796072000000003  -0.062148564000000003
2185    -0.019191186999999998  -0.055296887000000003  -0.029549997000000001
2186    -0.038129232999999998  -0.046453156000000002  -0.034902595000000002
2187    -0.041895493999999998  -0.039639514000000001  -0.05381536
2188    0.058428925  0.15808907  -0.081317596000000006
2189    0.064432470000000006  0.15894361000000001  -0.091888869999999997
2190    0.16482872000000001  0.12076304  -0.11562717
2191    0.062025274999999998  0.15766683000000001  -0.088527010000000003
2192    -0.13554517999999999  0.022182368000000001  -0.028069497999999998
2193    0.039935577999999999  0.024570379999999999  -0.069896630000000001
2194    -0.22309938000000001  -0.061473686  0.084422590000000006
2195    0.085950374999999996  0.062261566999999997  -0.0032701919999999999
2196    -0.023385340000000001  -0.119172215  -0.065789470000000003
2197    0.22360192000000001  0.19118245  0.041773475999999997
2198    0.099904925000000006  0.12875544  0.028983637999999999
2199    0.43781870000000001  0.090529299999999993  0.053474340000000002
2200    -0.15112497999999999  -0.064686450000000006  0.070172269999999995
2201    -0.27038760000000001  -0.083185090000000003  0.093554794999999996
2202    -0.36644640000000001  -0.022421962  0.027050164000000002
2203    -0.3868356  -0.023093605  0.0081838659999999997
2204    -0.21945186999999999  -0.083793999999999993  0.110394485
2205    -0.14798628  -0.10984039  0.066057210000000005
2206    -0.014334725  0.25088632  0.01671011
2207    0.018696856000000001  0.30754136999999998  0.03256817
2208    -0.030867361999999999  -0.19551632999999999  0.077732906000000004
2209    -0.14953189  -0.34423969999999998  -0.048052190000000002
2210    0.023913678000000001  -0.13172992  0.0074566713999999999
2211    -0.14174607  -0.42754373000000001  -0.082745509999999994
2212    -0.076386019999999999  0.0088868569999999997  -0.063306055999999999
2213    0.25218429999999997  -0.20771496  0.012990721
2214    0.098387820000000001  -0.042685399999999998  -0.072125770000000006
2215    0.15896852  -0.084819329999999998  -0.061022416000000003
2216    0.098483009999999996  -0.051133850000000002  -0.041504121999999997
2217    0.14142932  -0.025602909  -0.074618050000000005
2218    0.12640651999999999  -0.43476130000000002  -0.062561564
2219    -0.051707253000000002  -0.1456335  -0.051685873
2220    -0.12793718000000001  -0.18474609  -0.007293023
2221    -0.012193618  -0.10655435000000001  -0.032569019999999997
2222    -0.032920875000000002  -0.089304010000000003  -0.035364456000000002
2223    -0.19029598  -0.18789385  -0.0011427328000000001
2224    -0.044641443000000003  -0.16591296999999999  -0.040668375999999999
2225    0.16678973  0.09645927  -0.13618227999999999
2226    0.074526146000000001  0.1633986  -0.066085530000000003
2227    0.013237217000000001  0.12521255000000001  -0.11890630000000001
2228    0.056033316999999999  0.16382077  -0.068631650000000002
2229    -0.0003003832  0.16078614999999999  -0.093942255000000002
2230    -0.047112714  -0.064128994999999994  0.046542409999999999
2231    -0.0028937924999999998  -0.0486761  0.15066125999999999
2232    -0.0049432620000000004  0.069021219999999994  -0.071241159999999998
2233    -0.050834794000000003  0.055164657999999998  0.16415597000000001
2234    -0.0039437496999999997  0.062947509999999998  0.17651811000000001
2235    -0.18424888  0.070344420000000005  -0.068745269999999997
2236    -0.011637481  -0.035421676999999999  -0.075085559999999996
2237    0.034707777000000002  0.050777494999999999  -0.069695850000000004
2238    0.028845206000000002  0.14914427999999999  -0.11256735
2239    -0.071653759999999997  -0.26792258000000002  0.059476577000000003
2240    0.24810441  -0.24163622000000001  0.017265475999999998
2241    0.043230607999999997  0.088509069999999995  -0.037905044999999998
2242    0.45941781999999998  0.095146775000000003  0.021996358000000001
2243    0.36928191999999999  0.14381097000000001  0.076388075999999999
2244    0.3254457  0.16651722999999999  0.076281799999999997
2245    0.51513339999999996  0.095201330000000001  -0.053216286000000002
2246    0.21616900999999999  0.19611192  0.047449890000000002
2247    0.42010271999999999  0.085361519999999996  0.055859696
2248    0.41436659999999997  0.11699609  0.057338140000000003
2249    0.39376129999999998  0.109900504  0.053013965000000003
2250    0.24518223  0.17674766  0.043752167000000002
2251    0.058041755  0.1191733  -0.025211882000000001
2252    0.097676109999999997  0.10398296999999999  0.021595092
2253    0.43117561999999998  0.097857109999999997  0.030736715000000001
2254    -0.15644647  -0.073130390000000003  0.039349202
2255    -0.32586880000000001  -0.017877832  0.076440240000000007
2256    -0.23345289  -0.095230679999999998  0.10069729400000001
2257    -0.32558819999999999  -0.01818645  0.066678989999999994
2258    -0.30848310000000001  -0.040326635999999999  0.10011396
2259    -0.18155838999999999  -0.10615717  0.059729486999999998
2260    0.088016120000000003  0.35721803000000002  -0.088903285999999998
2261    0.08640312  0.3365148  -0.070858920000000006
2262    -0.084468680000000004  0.16867937  0.0066884570000000001
2263    -0.15878428999999999  -0.31895366000000003  0.0026218370000000001
2264    -0.023744073000000001  -0.14669925  -0.025443647
2265    -0.14395018000000001  -0.36811343000000002  -0.050238878000000001
2266    -0.24780226999999999  0.20634577000000001  -0.076940400000000006
2267    -0.22143926999999999  0.096002190000000001  -0.042119794000000002
2268    -0.15249038000000001  0.078116630000000006  -0.053516875999999998
2269    -0.17960947999999999  0.098274513999999993  -0.030972425000000001
2270    -0.21489388000000001  0.18208585999999999  -0.059119289999999998
2271    0.24135692  -0.21313894  0.027725361
2272    0.17032001999999999  -0.34860154999999998  0.016374320000000001
2273    0.14927431999999999  -0.38312995  -0.0017448366
2274    -0.050629540000000001  -0.1770369  -0.014783278
2275    -0.23029847000000001  -0.1728933  -0.014833654999999999
2276    -0.050981063  -0.12345977  -0.052926692999999997
2277    0.010222917  -0.052681312000000001  -0.045062557000000003
2278    0.0044882280000000004  -0.032668594000000002  -0.069966459999999994
2279    -0.11181603  -0.17599962999999999  -0.0067945870000000004
2280    0.16898062999999999  0.090959159999999997  -0.1341156
2281    -0.0048662517000000001  0.15279374000000001  -0.080807610000000002
2282    0.034316766999999998  -0.052121489999999999  -0.020049351999999999
2283    -0.020523762000000001  -0.06935595  0.10507902500000001
2284    -0.040379602000000001  0.19029577  0.015041277
2285    0.093925309999999998  0.047585804000000002  0.0048037358000000002
2286    0.081922490000000001  -0.0092412290000000001  -0.014741994
2287    0.092476114999999998  -0.022280077999999998  0.042488452000000003
2288    0.28177560000000001  0.15796742  0.059203754999999997
2289    0.31648520000000002  0.1538534  0.064932799999999999
2290    0.14718292999999999  0.17706579  0.0053747743000000002
2291    0.22939302  0.18826187999999999  0.079036400000000007
2292    -0.061469425000000001  -0.041132613999999998  -0.010915546
2293    -0.10799837  -0.077572240000000001  0.013036868
2294    -0.27260390000000001  -0.043326049999999998  0.086424336000000004
2295    -0.16039708  -0.067353256  0.047896102000000003
2296    -0.021699354000000001  0.13197473000000001  -0.027101755000000002
2297    0.042932827  0.31932192999999998  -0.012328370999999999
2298    -0.065349384999999996  0.23649043  0.0022371486000000002
2299    -0.071979059999999997  0.10006312000000001  -0.030795033999999999
2300    -0.050516310000000002  0.10913150000000001  -0.049508173000000003
2301    -0.14875218000000001  -0.35893293999999998  -0.036172314999999997
2302    -0.13000639  -0.31055783999999997  0.030708872000000002
2303    -0.066203830000000005  -0.22552839  0.075000020000000001
2304    -0.21616357999999999  0.112955  -0.025020423999999999
2305    -0.060996644000000003  -0.0053799579999999998  -0.048113015000000002
2306    -0.22391517  0.20918390000000001  -0.085095149999999994
2307    -0.24442288000000001  0.15964310000000001  -0.049979277000000003
2308    0.20691203  -0.32581744000000001  0.0062120854999999997
2309    0.22193862  -0.30750189999999999  0.0114464015
2310    0.079038590000000006  -0.044858683000000003  -0.042464559999999998
2311    0.16351611999999999  -0.37556427999999997  -0.0150640905
2312    0.17966492000000001  -0.073604230000000007  -0.018147705
2313    0.17864272  -0.34743336000000002  -0.0010474175000000001
2314    -0.021847005999999999  0.060081355000000003  -0.11195286
2315    0.010667687  0.14172261999999999  -0.115906484
2316    0.017689697000000001  -0.01194917  0.17624124999999999
2317    0.012182938000000001  0.070861964999999999  -0.068277550000000006
2318    0.065047263999999994  0.10119228  0.023538305999999998
2319    0.014322957000000001  0.1117433  -0.11702881
2320    0.081514284000000006  -0.038000184999999999  0.025229440999999998
2321    0.088001309999999999  0.072900030000000005  -0.018414157
2322    -0.10048976499999999  -0.032798734000000003  0.036381799999999999
2323    -0.058586143  0.11997200500000001  -0.045973807999999998
2324    -0.058177463999999998  0.25538860000000002  0.022426254999999999
2325    -0.034788189999999997  -0.23491334999999999  0.10022383
2326    0.0019014971000000001  -0.10206038000000001  0.012301736000000001
2327    -0.12226268999999999  0.062622726000000004  -0.041119978000000001
2328    0.24056463  -0.17737295  -0.022348634999999999
2329    0.18019462  -0.36494100000000002  -0.00589107
2330    0.16387742999999999  -0.37538078000000002  0.010282025
2331    0.22470713  -0.14028125  0.0071764923999999997
2332    0.24858083  -0.19528490000000001  0.017132564999999999
2333    0.091843110000000006  0.16552088000000001  -0.094071210000000002
2334    -0.014459461  -0.074028880000000005  0.029292637
2335    -0.027944601999999999  -0.0090701129999999994  -0.067014489999999996
2336    -0.081788810000000003  -0.015541526  0.007765798
2337    0.098134323999999995  -0.0080613490000000006  0.061251464999999998
2338    0.09766851  0.021336284  0.0085288529999999994
2339    -0.018052625999999999  0.06315788  -0.071910870000000002
2340    0.078578220000000004  0.1079837  0.024118258
2341    0.26191130000000001  0.15580288  0.055492
2342    0.082219630000000002  0.15023094000000001  -0.0019865744000000002
2343    0.46648002  0.076138739999999996  -0.0027742963
2344    0.42651471000000002  0.088367490000000007  0.057998069999999999
2345    -0.17424628  -0.068884280000000006  0.08527788
2346    -0.21169798000000001  -0.069774195999999997  0.10597442999999999
2347    -0.23893528  -0.066783880000000004  0.074962324999999996
2348    -0.0084362645000000003  0.11240081  -0.026657328000000001
2349    -0.051329742999999997  0.070014775000000001  -0.045997545000000001
2350    -0.073173240000000001  0.2154614  0.026100117999999999
2351    -0.14996728000000001  -0.33642896999999999  -0.0053132400000000003
2352    0.00016100705  -0.10123654  0.024312627
2353    -0.017712123999999999  -0.19014874000000001  0.05207374
2354    0.0012301272  -0.13501150000000001  0.048669983
2355    -0.14137938999999999  -0.37235802000000001  -0.058879040000000001
2356    -0.052600163999999998  -0.0030242483999999999  -0.053239316000000002
2357    0.21798651999999999  -0.19884261  0.014464899999999999
2358    0.22766942000000001  -0.096403636000000001  -0.028647743
2359    0.028791897  0.055004284000000001  -0.087698289999999998
2360    0.0044617373  0.28884989999999999  0.0061615630000000001
2361    -0.14237068999999999  -0.10934584  0.059587029999999999
2362    0.086450410000000005  0.069784460000000006  0.0087684359999999992
2363    0.17625462  -0.035990000000000001  -0.053933658000000002
2364    0.19713752000000001  0.18982257  0.066480495000000001
2365    0.09726332  0.16033754  0.0013128109000000001
2366    0.41661150000000002  0.11129217600000001  0.068566083999999999
2367    0.16219142  0.18828033999999999  0.02138982
2368    0.17904001  0.16077474999999999  0.059673954000000001
2369    -0.12102918  -0.059471830000000003  0.018943088
2370    -0.40385169999999998  -0.0086438450000000007  0.0086967850000000003
2371    -0.2628837  -0.082264320000000002  0.080110799999999996
2372    0.061205927  0.32511449999999997  -0.028586626
2373    -0.054540914000000003  0.19086248  -0.027862853999999999
2374    -0.055574432  0.11482227  0.0082445030000000002
2375    0.026781737999999999  -0.099440310000000004  0.053781620000000002
2376    0.18914042  -0.12276980999999999  -0.025769653
2377    0.123427525  -0.41672104999999998  -0.040560989999999998
2378    0.12661612  -0.43106042999999999  -0.065523780000000004
2379    -0.069504410000000003  -0.148925  -0.024488567999999999
2380    -0.024174622999999999  0.12780187000000001  -0.1040406
2381    -0.058901384000000001  0.069284185999999998  -0.037128500000000002
2382    0.039468947999999997  0.038976065999999997  -0.069373219999999999
2383    0.27890229999999999  0.180731  0.061383180000000002
2384    0.46032432000000001  0.073883199999999996  0.0094290039999999995
2385    -0.14954287999999999  -0.086998425000000004  0.088870379999999999
2386    -0.28518589999999999  -0.074500469999999999  0.083993849999999995
2387    -0.26303428000000001  -0.055622280000000003  0.078800720000000005
2388    0.03182782  -0.095830075000000001  -0.0077621620000000004
2389    0.16187241999999999  -0.36485833000000001  -0.0060862154
2390    -0.045220482999999999  -0.10113082  -0.043000169999999997
2391    -0.018199910999999999  -0.11679819  -0.029043071
2392    -0.031821992  0.05027616  -0.10097415
2393    0.012573137999999999  -0.0049725417000000003  -0.072345524999999994
2394    0.10636221999999999  0.16020118999999999  -0.092731599999999997
2395    -0.042505084999999998  0.111091316  0.034721920000000003
2396    -0.24422437999999999  0.21236947  -0.062611885000000006
2397    -0.14332227  -0.063828109999999993  0.036014780000000003
2398    0.25344460000000002  -0.17303542999999999  -0.00343341
2399    0.21687571999999999  0.17955505999999999  0.030968226000000001
2400    -0.22222649  -0.091582015000000003  0.106735155
2401    -0.33223049999999998  -0.050061055  0.079596243999999997
2402    -0.019600256999999999  0.085450366  -0.05418017
2403    -0.045303789999999997  0.20555784999999999  0.028633155
2404    -0.14315517  -0.34984999999999999  -0.047589241999999997
2405    -0.079072879999999998  0.0066233569999999999  -0.018174124999999999
2406    -0.16597318999999999  0.086399229999999994  -0.033785849999999999
2407    0.21388093  -0.15840787000000001  0.0042301229999999997
2408    0.20056531999999999  -0.12385485  -0.0081213789999999998
2409    0.22148111000000001  -0.26203114  0.037009581999999999
2410    -0.023911043999999999  -0.054952732999999997  -0.074700489999999994
2411    0.110275716  0.16327067000000001  -0.062294636
2412    -0.095305293999999999  -0.040500227  0.0058231847000000002
2413    0.086660219999999996  0.04551272  -0.014210944
2414    0.056979584999999999  -0.09546934  0.0088885649999999993
2415    0.40219870000000002  0.11468739  0.05151874
2416    0.43753999999999998  0.080695240000000001  0.025532606999999999
2417    0.21873602  -0.21909445999999999  0.00058882683999999998
2418    0.19144621000000001  -0.30824032000000001  0.026912256999999998
2419    0.22839872999999999  -0.20642114  0.026987664000000001
2420    0.099991410000000003  0.014294258000000001  -0.05615618
2421    -0.057660494  -0.1326995  -0.044766689999999998
2422    -0.094309359999999995  0.0075862836000000003  0.047864508
2423    0.20444281  0.19045675000000001  0.032809492000000003
2424    -0.16119768000000001  -0.064223126000000005  0.057773329999999998
2425    0.064700900000000006  -0.092085929999999996  0.013023913
2426    0.15398302999999999  0.17343253  0.0034324639000000001
2427    0.17084372  0.17586383  0.0093874260000000008
2428    0.20598303000000001  0.1619458  0.069497009999999998
2429    -0.051037962999999999  -0.21278359999999999  0.084286219999999995
2430    -0.029461722999999999  0.068296720000000005  -0.10965666
2431    0.072360960000000002  0.17279398000000001  -0.096132369999999995
2432    -0.012489279000000001  0.11526316  -0.0025676750000000002
2433    -0.105002075  0.025567402999999999  -0.071951340000000003
2434    -0.057636294999999997  0.10086721  0.055566619999999997
2435    0.030518208000000002  -0.17642152  0.078131296000000003
2436    0.010909377  0.10270392  -0.033486004999999999
2437    -0.021819531999999999  0.25782326  0.0048153101999999998
2438    0.091756224999999997  -0.028040450000000001  -0.077529639999999997
2439    0.3229303  0.16323430999999999  0.07002506
2440    0.22872832000000001  -0.26122065999999999  0.036302929999999997
2441    -0.040649141999999999  -0.067114644000000001  -0.059357569999999998
2442    -0.022141270000000001  -0.18939455999999999  0.084625320000000004
2443    -0.19143867000000001  0.11805429000000001  -0.052673730000000002
2444    0.15868612000000001  0.12688930000000001  -0.092075219999999999
2445    0.030015156000000001  0.11802082999999999  0.01887778
2446    0.097635224000000007  0.15582836  -0.0086012669999999992
2447    0.081980020000000001  0.060649375999999998  -0.01516285
2448    0.24743222000000001  -0.23330677999999999  0.0047917960000000001
2449    0.20907882  -0.33192579999999999  0.023049555999999999
2450    0.17063402  -0.083758559999999996  -0.066089615000000004
2451    0.051167320000000002  0.11167483  0.03905148
2452    -0.13816448000000001  -0.41759372  -0.080446190000000001
2453    0.32716802  0.13680328  0.068877004000000006
2454    -0.14099228  0.051658608000000002  -0.068970249999999997
2455    -0.072024820000000003  -0.023113671999999998  -0.0070801876000000001
2456    -0.103459865  -0.26636857000000003  0.046350664999999999
2457    -0.016207323999999999  -0.18158204999999999  0.056063889999999998
2458    0.0019598267999999999  -0.055878200000000003  0.14017941
2459    -0.18684228  -0.109015  0.082353085000000006
2460    -0.22395377999999999  0.25489592999999999  -0.13254088
2461    -0.0060293376000000003  -0.20249407999999999  0.096731719999999993
2462    0.0065646673999999999  -0.084616943999999999  -0.061159850000000002
2463    -0.14524458000000001  0.042759622999999997  -0.069376989999999999
2464    0.015041667999999999  0.059745118  -0.10761555
2465    0.3373583  0.13064160999999999  0.096924629999999998
2466    -0.15007998  -0.077373819999999996  0.033582695000000003
2467    0.090556709999999999  -0.016140338000000001  -0.019431256000000001
2468    -0.071612629999999997  0.018581875000000001  0.15353027
2469    0.11144902  0.15136279999999999  -0.082985279999999995
2470    -0.19178276999999999  0.11716187  -0.034633940000000002
2471    0.10780881  0.11560321599999999  -0.024273726999999998
2472    -0.011483770000000001  0.29911490000000002  0.030741385999999999
2473    0.025622677  0.015686282999999999  -0.080613606000000004
2474    0.060006175000000002  -0.039463657999999999  -0.042770565000000003
2475    0.0052291565000000002  -0.14974771000000001  0.068899799999999997
2476    0.13200022  0.14435120000000001  -0.0141852535
2477    -0.16336998  -0.10900298  0.058521530000000002
2478    -0.067818699999999996  -0.077314439999999998  0.014387525999999999
2479    0.14937152000000001  0.16089153  -0.0040839350000000003
2480    0.18851741999999999  -0.32111967000000002  0.0089323149999999997
2481    -0.066112764000000004  0.088669090000000006  0.090396160000000003
2482    -0.08909011  0.048129789999999999  0.092585490000000006
2483    0.47094160000000002  0.088955670000000001  -0.0055964068000000002
2484    0.092946409999999993  0.015772426999999999  -0.034720297999999997
2485    -0.25810820000000001  0.27655816  -0.26934334999999998
2486    0.015151637000000001  -0.13192296000000001  0.063850560000000001
2487    0.058979120000000003  -0.10560546  0.008711211
2488    -0.027807113000000001  -0.121920824  -0.025943181999999999
2489    0.044420210000000002  -0.16813212999999999  0.042723209999999998
2490    0.033958599999999999  -0.17097047000000001  0.031275596000000003
2491    -0.10863391999999999  0.053333968000000002  -0.031278911999999999
2492    -0.0048549752999999998  0.099320199999999997  -0.083726819999999993
2493    0.076156470000000004  0.027555188000000001  -0.046512286999999999
2494    0.10203652000000001  0.014050137000000001  -0.044753093000000001
2495    0.3623036  0.11126178  0.076811489999999996
2496    0.21742781999999999  -0.15643760000000001  -0.033105969999999998
2497    -0.091507524000000007  -0.17894478  -0.023934383
2498    -0.034201114999999997  0.23423832999999999  0.038178083000000002
2499    -0.22709478  0.28320116000000001  -0.21786198000000001
2500    0.13408732000000001  0.16227293000000001  -0.0078108759999999996
2501    -0.14069267999999999  -0.32716054  -0.0010697618000000001
# Generated by ./tetgen /home/yuzhang/repos/Gaia/Data/mesh_models/ModelsDifferentRes/octopus/octopus_5KFaces_reset.ply 
