5000  1
    0    616  1737   664    -1
    1   1447   107  1175    -1
    2     66   483   484    -1
    3   2450  2215  1073    -1
    4    393  1637  1636    -1
    5   2356  2212   975    -1
    6   1177  1194  2071    -1
    7   1442  1990    97    -1
    8   1442   512  1990    -1
    9    540   538  2490    -1
   10    796   821   804    -1
   11    558  1642  2053    -1
   12   2116   872  2037    -1
   13   2400  1521  2204    -1
   14    230  1752  1913    -1
   15   1751  1902  2155    -1
   16   2252  1488  1746    -1
   17   1329  1316  1308    -1
   18    131  1831  1062    -1
   19    241   237  1276    -1
   20   1109  2220  1654    -1
   21   1377  1378   211    -1
   22   1370  2434  1362    -1
   23   1373   201  1385    -1
   24   2166   360   351    -1
   25    549   866  1724    -1
   26   1992   880   839    -1
   27   2358   151  1834    -1
   28   2419   395  1005    -1
   29   2292   472   470    -1
   30   1505   460   738    -1
   31   2475   891   887    -1
   32   2281  1144  1159    -1
   33   2154   700  1522    -1
   34   2085   546   544    -1
   35    768  1474   670    -1
   36   1228  1212  1227    -1
   37   1940  1600  2270    -1
   38   2417  1624  1638    -1
   39    272  2063   267    -1
   40   1032  1042  1633    -1
   41   2153    37  2016    -1
   42   1667  1841  1138    -1
   43   1063  2216  1010    -1
   44    374  2482  1337    -1
   45    824  1921  2026    -1
   46    307  1335  1320    -1
   47   2292   694   472    -1
   48   1566  1560   868    -1
   49   1273  1644  2493    -1
   50    554  1006   555    -1
   51    902   870  1783    -1
   52   1025  1033   998    -1
   53   1989   511  1501    -1
   54    884  1780  2039    -1
   55    158  2451   187    -1
   56    582   581   585    -1
   57   2489   124   356    -1
   58   2035    35  1790    -1
   59    747   233  2401    -1
   60   1892   638  1488    -1
   61    813   768   800    -1
   62   1507  2401  2022    -1
   63   1190   377  2380    -1
   64   1824  1021  1079    -1
   65   2306   919  1978    -1
   66   1046  1998   586    -1
   67   2359   528   526    -1
   68   1570   851  1794    -1
   69    715  1900   212    -1
   70    659   608   163    -1
   71   2073  2072  1209    -1
   72   1532  1537   194    -1
   73   1161  1691  2431    -1
   74    141  1462    74    -1
   75   2441  2187    53    -1
   76   2008  1898  1493    -1
   77   1097    90  2185    -1
   78   1650   404  1956    -1
   79     74   638   141    -1
   80    901  1587   902    -1
   81    607  1890   177    -1
   82   2043   475  1812    -1
   83   2050  2266  2121    -1
   84    539  1722  2084    -1
   85   2442  2032   870    -1
   86    719  2424   699    -1
   87   1350  2006   591    -1
   88    100   117  1088    -1
   89     82  2467  1015    -1
   90    710  1523   698    -1
   91    359  2488  2391    -1
   92    274   767  1321    -1
   93     39   701  1506    -1
   94    826  1405  1543    -1
   95   1359  1368  2233    -1
   96    811  1321   787    -1
   97   2462  1437  1094    -1
   98    912  1596   922    -1
   99   1857  2444  2000    -1
  100   2429   837  2303    -1
  101   1729  1472   653    -1
  102    386  2180  1018    -1
  103   1117  1130    44    -1
  104   2422   249  1242    -1
  105   1984  1425   464    -1
  106   2191   416  2189    -1
  107    648  2367  2290    -1
  108    892   325   269    -1
  109    728   259   692    -1
  110   1870  2028  2140    -1
  111     30    34   834    -1
  112    984  1611  1979    -1
  113   1117    44  1650    -1
  114   1328  1323  1704    -1
  115   2144  1142  1111    -1
  116   1787   530   847    -1
  117   1698  1238  1619    -1
  118    480   177   157    -1
  119    315  1396   211    -1
  120    456  1120  1651    -1
  121   1708   435  2043    -1
  122    789  2107  2164    -1
  123    299  1370   302    -1
  124    703  1511  2258    -1
  125    407  1859  2292    -1
  126   1249  1244  1089    -1
  127   2353   874   845    -1
  128    449  1980   448    -1
  129   1867  1344  1325    -1
  130   1348  2436   210    -1
  131   2069   420  1846    -1
  132   2038  1196   329    -1
  133    359  2264  1101    -1
  134   2488  1657  1666    -1
  135   2223  1122   338    -1
  136   2074  1235  2335    -1
  137   1686  1147  1692    -1
  138   2210  1785   873    -1
  139    640   611  2242    -1
  140    314  2269  1945    -1
  141    293  2112  1765    -1
  142    908  1796   856    -1
  143   1122   335  2275    -1
  144    896  2042  1199    -1
  145     22  1925   795    -1
  146   1998  1059  2057    -1
  147    205  1311  1705    -1
  148   1309  1306  1300    -1
  149    637   636  2366    -1
  150   1489  2253   161    -1
  151   2060  1957  1098    -1
  152   1443  2321   144    -1
  153   1556   276  1412    -1
  154    146   570   145    -1
  155    310  1402  1399    -1
  156   1860  1861  2412    -1
  157   1209  1210   362    -1
  158    852  2208   882    -1
  159    854   869  2461    -1
  160    702   246  1861    -1
  161   2059  2078  1141    -1
  162   2195  1702  2447    -1
  163   1619   964  2124    -1
  164    707   752   701    -1
  165    907  1244  1236    -1
  166   1337  1322  1335    -1
  167   1703   643  2362    -1
  168    273  2064  1114    -1
  169    840   877   876    -1
  170   1118  1956  1102    -1
  171    501  1959  2144    -1
  172   2163  1556  1550    -1
  173    870   248  2442    -1
  174    146  1886   574    -1
  175   2325   867   348    -1
  176   1010  1024  1988    -1
  177   1080  1730  2363    -1
  178    112  1186  1185    -1
  179   1412  1405  1922    -1
  180    705  2386   459    -1
  181   1819  1064  2125    -1
  182   2263    72  1582    -1
  183   1318  1337  2482    -1
  184   2289   165    63    -1
  185   1757   878  2326    -1
  186   1681  1964  1147    -1
  187   2193  2382   526    -1
  188   1909  1515  2385    -1
  189   1979   960   987    -1
  190    435   437  2463    -1
  191   1133  1955  1663    -1
  192    165  2439  2383    -1
  193    562   140   565    -1
  194   2233  1364  1361    -1
  195   2251  2241   163    -1
  196   1589  2354  1928    -1
  197    783  1770  2108    -1
  198   2331   395   906    -1
  199   2041  2209  1781    -1
  200   2113  1561  1404    -1
  201    613  1883  1457    -1
  202   2176  1996  1886    -1
  203    753   471    55    -1
  204   1314  2339  2232    -1
  205   2377  2174  2055    -1
  206    347  1250  1232    -1
  207   1455   543   541    -1
  208    192  1341  1976    -1
  209   1929  1213  1204    -1
  210    356   898  1795    -1
  211    842   892   269    -1
  212    858  2033   354    -1
  213   1301  1287  1302    -1
  214    193  2332  2213    -1
  215    145   147  2088    -1
  216   1361  1331  1332    -1
  217   1463  1887   577    -1
  218   2128   125  1051    -1
  219    329   353  2038    -1
  220   1145  1845  2280    -1
  221   1632   123  1638    -1
  222   1604  1267  1701    -1
  223   1167  1171  1181    -1
  224   2150  1740   197    -1
  225    135   134   551    -1
  226   1467  1466   152    -1
  227    755  2267   987    -1
  228   1415  2298   447    -1
  229   1008  1078  1070    -1
  230    436  1411  2433    -1
  231   1597  1941  1803    -1
  232   1022  2130  2216    -1
  233    581   582   579    -1
  234   1309   285  1974    -1
  235   2375   351   896    -1
  236   1763   823   822    -1
  237    319  2470  2170    -1
  238     86  1021  1824    -1
  239   1558  2324  1557    -1
  240    867  2325   854    -1
  241    651   190   632    -1
  242   1084   529   387    -1
  243   1461  2002   569    -1
  244   2002  1885  2148    -1
  245   1712   481   604    -1
  246   2459   746   711    -1
  247   1159  1164  2281    -1
  248    808   807   175    -1
  249    282  1981   793    -1
  250   2154  1911  1754    -1
  251   1838  1137    53    -1
  252   2182  1045   398    -1
  253    891  2032  2442    -1
  254   2018  1527  2230    -1
  255   1745  1494  1732    -1
  256   2171  2172  1615    -1
  257   2078   336  1961    -1
  258   2162  1771  2372    -1
  259   1563  2114   881    -1
  260    776  1539   284    -1
  261   1259  1203  1863    -1
  262    442  1924    19    -1
  263    809   791  1327    -1
  264    853   855   843    -1
  265     25  1144  1148    -1
  266     59    50   467    -1
  267   1445   515  1719    -1
  268   1295   255  1289    -1
  269    656  1888   623    -1
  270   1463   578  1887    -1
  271   1109  1654  1960    -1
  272   2264   359   875    -1
  273    143   140  2471    -1
  274    185  1373  1385    -1
  275   2331   388   998    -1
  276   1789    72  1580    -1
  277   1059   400  2057    -1
  278    132   541  1926    -1
  279   2446  2365  2342    -1
  280    458   735   724    -1
  281   1331   231  1332    -1
  282   1209   362  2474    -1
  283    988   974   370    -1
  284    201  1382  1385    -1
  285    948  2268     8    -1
  286   1494  1496   168    -1
  287    433    11   432    -1
  288   1649    49  1102    -1
  289    912  1593   369    -1
  290   1662  1840  1651    -1
  291    517  1875  1446    -1
  292   1937   848  1778    -1
  293     37  2153  1423    -1
  294    937   819  1547    -1
  295   2325   893   843    -1
  296    404   335  1658    -1
  297   2060  1098    29    -1
  298    853  1566   897    -1
  299    173  1492   196    -1
  300   1734   594  2366    -1
  301   2468  1313  1351    -1
  302   2297  2372  1550    -1
  303   1110  1106  2497    -1
  304   1627  2179  1001    -1
  305    882  1937  2353    -1
  306   1029   398  2496    -1
  307    174  1536   769    -1
  308    494  2338  1430    -1
  309    308  1164   303    -1
  310   1324   658  1329    -1
  311    513  1445  1719    -1
  312    751   238   704    -1
  313    635   483   482    -1
  314   1060  2330  1027    -1
  315   2178  2125    61    -1
  316   1793   345   894    -1
  317   2367  1743   176    -1
  318   2346   229  2159    -1
  319    271  1957  1092    -1
  320   1870    23   447    -1
  321    444   442  2027    -1
  322   1600  2306   927    -1
  323    765  1545   770    -1
  324    159  2289   654    -1
  325   1834   150   148    -1
  326   1175   113  1679    -1
  327   2103   761    55    -1
  328    799   763   291    -1
  329    995  1044  2407    -1
  330    674  1304   206    -1
  331     48    50   468    -1
  332   1452   860   861    -1
  333   1359  1339  1355    -1
  334   1204   358   365    -1
  335    774  1775   825    -1
  336   1453   124  2489    -1
  337    732  1906  2019    -1
  338    923   974   940    -1
  339   1502  2366   594    -1
  340    467    50    48    -1
  341   1119  1137    16    -1
  342    977  2499   376    -1
  343    462  2347  2387    -1
  344   1399   281  1707    -1
  345    160   183  1500    -1
  346   1958   504  1111    -1
  347   1524  2201   747    -1
  348   1301  1317  1330    -1
  349   2113   324   332    -1
  350   1389   317  1391    -1
  351    859   860   535    -1
  352    815   447  2298    -1
  353   2271  1646  2173    -1
  354    654  2289  2453    -1
  355     96  2191  2189    -1
  356    523  1448  1878    -1
  357    252  1253   270    -1
  358   1717    93   508    -1
  359   2190  1857  1149    -1
  360   1242   225  1265    -1
  361   1689  1174  1173    -1
  362   2300   290  1293    -1
  363    450  1417    26    -1
  364   1439  1091  2082    -1
  365    943  1531  2050    -1
  366   1261  2337  1089    -1
  367   2260  2107   162    -1
  368   1952  1037  1725    -1
  369   1412   276  1405    -1
  370   1005   395   392    -1
  371   1918   162   789    -1
  372   1401  1396   315    -1
  373   1460   601  1459    -1
  374    141   140  1462    -1
  375   1292   363  1275    -1
  376    602   597  2245    -1
  377    931  1595  1869    -1
  378   1224    91  2393    -1
  379   2476  2500   200    -1
  380    922   961  2485    -1
  381   2497  1120  1110    -1
  382    770  2029  1923    -1
  383   1715  1316   490    -1
  384     64   599  2453    -1
  385   1806  2047  2433    -1
  386    782  1546   671    -1
  387   2289    64  2453    -1
  388   2463  1410    14    -1
  389    890  1792   360    -1
  390    975  2212  1806    -1
  391   1363   201  1373    -1
  392    552  2240  2448    -1
  393   1941   961   929    -1
  394   1419    26  1982    -1
  395    135   551   133    -1
  396   1861  1972   702    -1
  397    229   230   714    -1
  398    539   538   540    -1
  399   1240   357  1218    -1
  400   2319   106  2227    -1
  401    218  1509  1908    -1
  402    194   670   671    -1
  403    734  2021   686    -1
  404   1031  2377  1830    -1
  405    274  1321  2374    -1
  406   1985  1779  1788    -1
  407    716   738   739    -1
  408   1364  1368  1369    -1
  409   1002   390  1639    -1
  410    161   592  2249    -1
  411    256  1291  1263    -1
  412   1544  1553   985    -1
  413    783  2261   777    -1
  414   2015  2013  1710    -1
  415   2396  2048   986    -1
  416   1669  1224   408    -1
  417   1282   236  1315    -1
  418   2102    42  2156    -1
  419    335   404   403    -1
  420   1555   799   291    -1
  421    393  1826  1061    -1
  422   1233  1245   263    -1
  423   1296  2339  1314    -1
  424    137  1748  2089    -1
  425    385   993  1064    -1
  426    339   327   834    -1
  427   2193  1157   389    -1
  428   1313  1339  1351    -1
  429   1002  1639  1004    -1
  430    514  1442    97    -1
  431   2117  1601  2120    -1
  432   1098  1955  1104    -1
  433   1522  1911  2154    -1
  434   2496   399  1822    -1
  435    798  2165  1548    -1
  436    636  2149  2199    -1
  437    408  2393  2066    -1
  438      8  2406   316    -1
  439   1747  2199  2344    -1
  440   2304   940  2049    -1
  441    608   659   567    -1
  442   1259   361  1253    -1
  443    511  1442  1501    -1
  444    512  1442   511    -1
  445    775   810  1540    -1
  446    603   629   172    -1
  447    203   660   608    -1
  448    301  1618   925    -1
  449   1046   117  1645    -1
  450   1215    91  2278    -1
  451   1491   180  2092    -1
  452   1307  1305  1866    -1
  453    430   429     7    -1
  454    127   131  1640    -1
  455   2228  1670  2226    -1
  456    417   114  1849    -1
  457   1233  1508   676    -1
  458    320  2041   243    -1
  459   1578   354  2033    -1
  460    325   864   829    -1
  461   2103   756  1916    -1
  462   1832  1433  1076    -1
  463   2096  2198  1491    -1
  464   1055  1010  2216    -1
  465   1932   838   898    -1
  466    901  1199  1587    -1
  467   1224  2393   408    -1
  468    362  1208  1217    -1
  469   1763   812   818    -1
  470   1404  1561  1583    -1
  471    672   657   625    -1
  472   2357  1066  1028    -1
  473    698  1761  2202    -1
  474   2363  1048  1954    -1
  475   2207   763   816    -1
  476     56   472   473    -1
  477   2141   465   689    -1
  478   1330   374  1352    -1
  479     86    82  1021    -1
  480   2080  2259  2141    -1
  481     18   924   928    -1
  482    466  2080  2141    -1
  483   1516  2294  1913    -1
  484   1836  1635  1011    -1
  485    883   845   330    -1
  486    745   462   226    -1
  487    813   800  1551    -1
  488    424   927  1978    -1
  489   1307  1503  1304    -1
  490    701    39  1519    -1
  491    543   545  1881    -1
  492    213   678   680    -1
  493   1817  1003  1030    -1
  494   1743  2367   648    -1
  495   1689    96   102    -1
  496   1168  1677   108    -1
  497   2022   707   701    -1
  498    550  1625  2309    -1
  499   2101   469   465    -1
  500    409   417  1969    -1
  501    978  2044  1618    -1
  502   2331  1033  1630    -1
  503   1974  2024   278    -1
  504   1041  2176   195    -1
  505   1796   896  1205    -1
  506   1484  1472  1487    -1
  507   1600  1940   921    -1
  508    648  2427   202    -1
  509   1218   358  1213    -1
  510   1008   581  1078    -1
  511      2  1594  1607    -1
  512   1823   131   127    -1
  513    365   358  1212    -1
  514   2399   609   202    -1
  515   1431   500  2287    -1
  516    460   705   459    -1
  517    202  2427  2090    -1
  518   2224  1959  1124    -1
  519    689  1426  2141    -1
  520   1426   689  1914    -1
  521    740   983  1946    -1
  522    147  1815  1000    -1
  523   1937   882  2168    -1
  524    500  1211  1228    -1
  525   1754   750  1530    -1
  526   1293   290  2349    -1
  527   2234   192  1358    -1
  528   1766   801  2112    -1
  529    745    40  2371    -1
  530     42  1424  2156    -1
  531    536   537   894    -1
  532   1141  1961   455    -1
  533    185  1383  1372    -1
  534    195  1630  1041    -1
  535   2143   491  1716    -1
  536   1440    93  1874    -1
  537    675  1751  1901    -1
  538   2417  1043  1020    -1
  539   1352   374  1346    -1
  540   1219   263  1222    -1
  541   2158   761  2103    -1
  542    201  1363  1334    -1
  543    942  1606   375    -1
  544   1774   300  1542    -1
  545    362  2310  2474    -1
  546    661  2500  2003    -1
  547    834   327    30    -1
  548    306  1804  2123    -1
  549    451  1775   452    -1
  550   1559  1930   836    -1
  551   1835   993  1828    -1
  552    861  1933  1452    -1
  553   1850  1143  1676    -1
  554   1572   851  1779    -1
  555   1092  2060  1839    -1
  556   1884  1993  1202    -1
  557   1135  1133  1100    -1
  558    416  1966  1852    -1
  559   2015   724   735    -1
  560    707   695   752    -1
  561   1832  1951  1647    -1
  562    299  2481  1335    -1
  563   1606  1592  1605    -1
  564   1005  2271  2173    -1
  565   1381  2445   187    -1
  566    924   978  1614    -1
  567   1262   498  1260    -1
  568    614   478  2341    -1
  569   1303  1277  1297    -1
  570   1451   525  1721    -1
  571    534   532   533    -1
  572    401   386  2181    -1
  573    806  1554  1918    -1
  574   2374   811  2109    -1
  575   1052  1079  1082    -1
  576   1283  1297  1277    -1
  577   2230  2138   217    -1
  578    979   928     0    -1
  579   1111   875  1958    -1
  580   1432   493  1716    -1
  581    555  1006  1994    -1
  582    132  1926   130    -1
  583   2234  1977  1378    -1
  584   1308  1316  1715    -1
  585   1981   282   822    -1
  586   2401   233   691    -1
  587   1303  1308    80    -1
  588   2240  1827   992    -1
  589    963   938   422    -1
  590   2152   672   625    -1
  591    463  1528  1427    -1
  592    588  1080  1999    -1
  593    236   231  1864    -1
  594    229   697  1752    -1
  595   1371   208  2451    -1
  596   1757  2326  2352    -1
  597   1746   600  2252    -1
  598   1321   767  1548    -1
  599     85   904  1696    -1
  600   1856  2067  1685    -1
  601   2256   754  2400    -1
  602   1391  1369  1375    -1
  603   1182   377  1190    -1
  604   1017  2218  2054    -1
  605    579  1078   581    -1
  606   1340  1358  1976    -1
  607   1820  2357  1821    -1
  608   1578  2033   863    -1
  609   1671  2227  2315    -1
  610   1933   345  1793    -1
  611   2158   219   259    -1
  612   2293    56   476    -1
  613   1402  1401   292    -1
  614   1569  2355  2404    -1
  615   2180  1626  2308    -1
  616   1997  1731  1467    -1
  617   2059  1662  2078    -1
  618   1097  1196  1113    -1
  619   1527   742  1223    -1
  620   2261   762   777    -1
  621    168  1496   182    -1
  622    721  2194  1753    -1
  623    229  1752   230    -1
  624    747  2401  1507    -1
  625   1221   341   347    -1
  626    583   584  1048    -1
  627   1003  2175  1030    -1
  628   1975  1503  1341    -1
  629    165   634    63    -1
  630   1647  1246  1433    -1
  631   2489   356  1795    -1
  632   2157  2017   247    -1
  633   1402   310   207    -1
  634    619  1747  2344    -1
  635    412  1182  2083    -1
  636   2423  2246  1743    -1
  637    276  1556  2163    -1
  638   2317  2146  1989    -1
  639    245   731   711    -1
  640   1935   124  1723    -1
  641    815  1545  1542    -1
  642    833   885   334    -1
  643    490  1323  1328    -1
  644   1626  2329  1040    -1
  645    715   690  1900    -1
  646   2441  1131  2187    -1
  647   1231  2286    83    -1
  648   1900  2154  1754    -1
  649   1007   391  1016    -1
  650    879   872  1581    -1
  651   1166  2315  1190    -1
  652    778  1537   288    -1
  653    973  1552     8    -1
  654   1700   963   422    -1
  655   1225   232  1222    -1
  656    370   969   981    -1
  657   1474  2498   773    -1
  658   1303  1319   186    -1
  659    841   530    73    -1
  660   2341   479  1711    -1
  661    249  2422  1289    -1
  662   1237  1242  1264    -1
  663    366  1655  1130    -1
  664    918  1798   934    -1
  665   2443   316   319    -1
  666     74   633  2095    -1
  667    761   259   728    -1
  668    630   667  1893    -1
  669   1393  1398  1395    -1
  670    439   437  1708    -1
  671    746  2459    47    -1
  672    652   176   188    -1
  673    247   685  1521    -1
  674    306  2123   932    -1
  675   1034   136   554    -1
  676   1059  1998  1046    -1
  677    587  1465   586    -1
  678    521   106  2319    -1
  679   1465  1467  1731    -1
  680   2021    60   215    -1
  681   1307  1866  1503    -1
  682    102  2189   103    -1
  683    929   378  1803    -1
  684    407  1214  1859    -1
  685   2463    14  1409    -1
  686    435  2463  1409    -1
  687   2235    11  1591    -1
  688   1409  2076   968    -1
  689   2076  1409    14    -1
  690   1050   906  2058    -1
  691    658  1333  1329    -1
  692    835  2167   268    -1
  693   1792  2352   879    -1
  694    437   439   441    -1
  695    439   436   441    -1
  696   1042  2408  1067    -1
  697   2331   998  1033    -1
  698   1897  1748  2091    -1
  699   2438  1059  1083    -1
  700    564   566  1460    -1
  701   1704  1357  1366    -1
  702    990   962   313    -1
  703    126   541   132    -1
  704   1540   817   814    -1
  705    472   694   473    -1
  706    666   644   188    -1
  707    434  2076    13    -1
  708   1526  1513  2255    -1
  709   1009  2409  2440    -1
  710   1954  2087  1049    -1
  711    277   767  1974    -1
  712    273  1139  2064    -1
  713   1491   628   180    -1
  714    363  1268  1250    -1
  715    509  2236  1842    -1
  716   1174  1178  1173    -1
  717   1106  1665  1108    -1
  718   1312   184   181    -1
  719   1160  1150  2411    -1
  720    355   847   841    -1
  721   1809  2123  1808    -1
  722   1880  1568  1881    -1
  723   1699  1691  1850    -1
  724    860   859   532    -1
  725   2125  1064  1035    -1
  726   2154   690   700    -1
  727   2276    16  1103    -1
  728   2326   878   846    -1
  729    630  1893  2008    -1
  730    223  1522   706    -1
  731   1691  1161  2333    -1
  732   2174  1816  2056    -1
  733    856  1784  1228    -1
  734   1226  1216  1131    -1
  735   2428   596   177    -1
  736   1443  1991  2321    -1
  737    695   717    38    -1
  738   1338  1366   199    -1
  739   1157  1451  2134    -1
  740    355   849   325    -1
  741   1638   997  1632    -1
  742    458   457   738    -1
  743    495  1430    75    -1
  744   2321  1702  1728    -1
  745   1369  1392  1364    -1
  746   1592  1598   913    -1
  747   1694  1198  1126    -1
  748   1820  1051  1632    -1
  749    170   660   203    -1
  750   2117   934  1601    -1
  751    439  1411   436    -1
  752    771    28  2296    -1
  753    701   752  1506    -1
  754   1413  1556  2104    -1
  755    696  2194   714    -1
  756    425  2266     3    -1
  757   1531   943  2307    -1
  758    610  1484  1469    -1
  759    758   733  2345    -1
  760   1653    57    33    -1
  761     45  2371  1424    -1
  762   1158   110  1176    -1
  763   1041  1630  1033    -1
  764    457   677  1505    -1
  765   1736   188   669    -1
  766   1365  2445  1381    -1
  767    998  2312  1025    -1
  768   2288   665    64    -1
  769   1758  2100  1905    -1
  770   2362   600  2095    -1
  771   2287   500  1249    -1
  772    910   991  2012    -1
  773    244   726   743    -1
  774   2260  1327  2107    -1
  775   1956   404  1649    -1
  776      9   947   820    -1
  777   1469  1484  1495    -1
  778   1476  1703  1328    -1
  779    893   864  2036    -1
  780   1227   907  1236    -1
  781    692  2011  2018    -1
  782    675   212  2014    -1
  783   1314  1310  1326    -1
  784    485    69   486    -1
  785   1696   904  1797    -1
  786   2169  2452  2040    -1
  787   1023   117  1081    -1
  788    899   898   356    -1
  789   2278  1717   508    -1
  790   1834   578   150    -1
  791    597   653   610    -1
  792   2487  2414  1724    -1
  793     69  2501   486    -1
  794    513  1719  1444    -1
  795    802  2162  2372    -1
  796   2223   338  1134    -1
  797   2010  2150   604    -1
  798   2014  1749   687    -1
  799    460   459    40    -1
  800   1129  1102  1105    -1
  801   2430  2392  2314    -1
  802      3  1978   425    -1
  803   2295  2424   722    -1
  804   1186  1179  1185    -1
  805   1326  2436  1535    -1
  806   1160  1673  1183    -1
  807    713  1758  2203    -1
  808   2464  1878  1877    -1
  809    454    28  2077    -1
  810   1783  2032   891    -1
  811   2202  1761  2203    -1
  812   1107    33   272    -1
  813    883  2354   887    -1
  814   2489   538  1453    -1
  815   1297  1312  1311    -1
  816    713   214  1758    -1
  817    342  2042  1588    -1
  818    505    87   503    -1
  819   2112   293   805    -1
  820   2455  1860  2412    -1
  821   1924   288  1532    -1
  822    797  2323  1775    -1
  823   1710   737   724    -1
  824   1799  1805  2119    -1
  825   1659   504  1958    -1
  826    962   803  2031    -1
  827    484   483   635    -1
  828   1197  2334  2138    -1
  829   1539  2206   284    -1
  830    949   228   950    -1
  831   1474   776  2498    -1
  832    437   441   440    -1
  833   2140   448    23    -1
  834    669   625  2005    -1
  835   1139  1141    31    -1
  836   2269   309  1945    -1
  837   2429  2303  2168    -1
  838   1201  1197   232    -1
  839    714   230  1913    -1
  840   2253   618  2094    -1
  841     26  1871   450    -1
  842   1750   681  2100    -1
  843   2349   290  2030    -1
  844   1480  2097  2093    -1
  845   1244  1257   397    -1
  846   1966   104  1852    -1
  847   1996   149   574    -1
  848   1996   148   149    -1
  849   2454  1939  1410    -1
  850   2111  1925   781    -1
  851   1147  1686  1681    -1
  852   1984  2079   463    -1
  853    245  1520   235    -1
  854   1690  2133   420    -1
  855     31   455  1135    -1
  856   1619  2124  1698    -1
  857    936    15   990    -1
  858   1915   683   702    -1
  859    828   537   122    -1
  860    382   370   981    -1
  861   1341   192   204    -1
  862    456  1840    36    -1
  863    614  2341  2288    -1
  864    429   430   946    -1
  865    355   534   847    -1
  866   1586  1585   837    -1
  867    165  2289   159    -1
  868    252  1272   251    -1
  869     94    93  1439    -1
  870   2149  2009  2199    -1
  871   1269  1284   402    -1
  872   1724   866  2487    -1
  873   2330  1631  1027    -1
  874   1865  1314  1326    -1
  875   2403  2160  2284    -1
  876   1560  1566  1782    -1
  877   2385   242  1518    -1
  878   1375  1868  1391    -1
  879   1190  2315  1182    -1
  880    413  2070  1681    -1
  881   2180  2308  1018    -1
  882    205   658  1324    -1
  883     92  1189  1847    -1
  884    792   280  2260    -1
  885   2459   731  1406    -1
  886   1062  1047  1633    -1
  887   2019  1899     4    -1
  888    235  2204   708    -1
  889   1235  1239  1814    -1
  890   2188  1173  1163    -1
  891   2081    51  2293    -1
  892    717  2203    38    -1
  893   1026  1066  1058    -1
  894   1636   401  1085    -1
  895    989  2171   979    -1
  896   1575   322   903    -1
  897   2426  2479  2427    -1
  898     59   477   476    -1
  899    474   477    59    -1
  900   1821  2058  2419    -1
  901    712  1507  1519    -1
  902   1100  1140  1135    -1
  903   1104    29  1098    -1
  904    992  2440  1646    -1
  905    880  1879  1722    -1
  906   1229  2356  2305    -1
  907   1707  1400   289    -1
  908    921  1602  2306    -1
  909   1615   971   979    -1
  910    295  1395  1384    -1
  911    503  1095    89    -1
  912    136  1006   554    -1
  913     89   506   505    -1
  914    101   102  2083    -1
  915    713   757  2019    -1
  916   2124   266   965    -1
  917   1855  1169  1170    -1
  918    966   952   967    -1
  919   2449   550  1835    -1
  920    471    52   470    -1
  921    979     0   989    -1
  922   1591   954  1408    -1
  923    201  1377  1382    -1
  924   1725  2449  1835    -1
  925   2338   493  1432    -1
  926    676   682   741    -1
  927   1252  1238  1258    -1
  928    315   287  1401    -1
  929    585  1048   584    -1
  930   1998  2217  1468    -1
  931   1465   153   586    -1
  932   1455   541   126    -1
  933   1034  1825   136    -1
  934    111  1145  2280    -1
  935   1189    92   116    -1
  936   1075  1828  1027    -1
  937   1398  1399  1395    -1
  938   1691  2333  1143    -1
  939    177  1890  1895    -1
  940   1736   624   622    -1
  941    439  1812  1411    -1
  942    910  2012  2304    -1
  943   2449  1625   550    -1
  944    519  1441  1644    -1
  945     15   440   990    -1
  946   2152   625   644    -1
  947    775   787  2026    -1
  948   1271  1269  1278    -1
  949   1506   704   744    -1
  950    806   175  1554    -1
  951   2370  1908   238    -1
  952   1292  1284   363    -1
  953    595   178   598    -1
  954    883  2457   845    -1
  955   1383   199  1372    -1
  956    857  2034  1927    -1
  957   1076  2484  2494    -1
  958   1536   175   806    -1
  959   1932   898  2435    -1
  960    562   565   563    -1
  961   1222   261  1225    -1
  962   1000   558  2053    -1
  963   2302   354   841    -1
  964   2328   554   994    -1
  965   1410  1939    13    -1
  966   1896   595   598    -1
  967   1641  1637   123    -1
  968    174   769   166    -1
  969    844   845   874    -1
  970   1690   420  2069    -1
  971    868  1560   837    -1
  972   2205  2361  2477    -1
  973   1920   286   294    -1
  974   1316  1323   490    -1
  975   1100  1134   337    -1
  976    666  2364   644    -1
  977   1351  1359  2233    -1
  978   1022    83  2130    -1
  979   1267   410   415    -1
  980   2501   488   487    -1
  981   1858  2184  1084    -1
  982   1280  2237  1441    -1
  983   1189   116   114    -1
  984    546  2490  1880    -1
  985   1155  1160  1183    -1
  986   1831  1010  1055    -1
  987   1326  1535  1865    -1
  988   1007  1013  1041    -1
  989   2293   476   477    -1
  990   1634   400  2438    -1
  991   1338  1353  1328    -1
  992    187  2445   158    -1
  993   1791  2035  1790    -1
  994    898   838  1795    -1
  995   2419  2058   906    -1
  996   2124   965   976    -1
  997   2313  2180  1074    -1
  998   2276  2421  1110    -1
  999   1049  1621  1999    -1
 1000   2226   416  2228    -1
 1001    477   474  2081    -1
 1002   1391   317  1394    -1
 1003   1235  2051  1239    -1
 1004    357   358  1218    -1
 1005   1341  1503  1976    -1
 1006    295  2432  1365    -1
 1007    660   163   608    -1
 1008    772   779  1541    -1
 1009   2414  2487   130    -1
 1010   1012   992   134    -1
 1011   1877  1849   114    -1
 1012    998   388  1072    -1
 1013     17   371   990    -1
 1014    626   596   657    -1
 1015   1273  2493  1862    -1
 1016     73  2302   841    -1
 1017   2498   805   773    -1
 1018    986     2  1607    -1
 1019   2364   178  2152    -1
 1020   1660    54  2379    -1
 1021    185  1388  1383    -1
 1022    464    46  2079    -1
 1023   1347  1535  2436    -1
 1024    456  1651  1840    -1
 1025    723  2138  1126    -1
 1026   2388  1579  2210    -1
 1027   2378  1627  1001    -1
 1028   1794    32  1570    -1
 1029   1603  2120   935    -1
 1030    292  1707   281    -1
 1031    812  1763  2296    -1
 1032    388  2331   906    -1
 1033   1213   358  1204    -1
 1034   1064   993  1035    -1
 1035    350  1141  1139    -1
 1036    395   179   392    -1
 1037    819   937  2031    -1
 1038    911  1943   930    -1
 1039    259   219   692    -1
 1040   1721   116  2134    -1
 1041    590  2476   608    -1
 1042   2006   668   629    -1
 1043     70  2351    69    -1
 1044     70   324  2351    -1
 1045   2244  2007   164    -1
 1046    968  2076   434    -1
 1047   2004   159   654    -1
 1048    518  1445  1280    -1
 1049    560   139   561    -1
 1050    264  2396   986    -1
 1051    887   889  1938    -1
 1052   1471  2004   654    -1
 1053   1420  1418  1871    -1
 1054   1044  1833  2376    -1
 1055   1989  2146  2145    -1
 1056   1461   144  1728    -1
 1057   2151   609  2250    -1
 1058   1925    24   449    -1
 1059   2363  1049  1999    -1
 1060   2211  2452   334    -1
 1061   1709   440   441    -1
 1062   1792  1584   360    -1
 1063   2085   544   549    -1
 1064   2339  1158  2232    -1
 1065    102   103  2083    -1
 1066    243  1781  1583    -1
 1067   1740  1479   197    -1
 1068     97  1990  2146    -1
 1069   2023  2346  1518    -1
 1070   1971  1205   351    -1
 1071   1740   183   182    -1
 1072   2394  2333   105    -1
 1073   1345  1341   204    -1
 1074   1480  1478  1888    -1
 1075    869   897  1567    -1
 1076   2273   909  2127    -1
 1077   2073  1209  2474    -1
 1078    738   457  1505    -1
 1079   1047  1824  1079    -1
 1080   1361  1354   258    -1
 1081   1985   531  1572    -1
 1082    732   700   690    -1
 1083   1138  1841   271    -1
 1084   1963   275  1181    -1
 1085   1091  1439  1440    -1
 1086    509  1091  1440    -1
 1087   2208  2168   882    -1
 1088   1097   405  1196    -1
 1089    566   141  1460    -1
 1090     90  1127  1666    -1
 1091    115   524  2359    -1
 1092    915  1810  1943    -1
 1093   1679   113  1854    -1
 1094   1675   410   414    -1
 1095    298  1546   782    -1
 1096    271  1092  1114    -1
 1097   1353  1371  1356    -1
 1098   2164   788   789    -1
 1099   1947  2045   941    -1
 1100     41   461  1759    -1
 1101   2489  2490   538    -1
 1102   2067  2068  1685    -1
 1103    311  1807  1553    -1
 1104   1868  1375  1355    -1
 1105    318  1149  1857    -1
 1106   2208  2429  2168    -1
 1107   1240   907  1227    -1
 1108    208   187  2451    -1
 1109   1348  1365  1347    -1
 1110   1004  1008  1002    -1
 1111   2048  2171     2    -1
 1112   2125  2178  2175    -1
 1113    676   225  1237    -1
 1114   1739  1349  2251    -1
 1115   1427  1528  2080    -1
 1116   1665  1106  1660    -1
 1117   1777  1577   119    -1
 1118    974   923   969    -1
 1119    612   619   155    -1
 1120    719  1915   222    -1
 1121     51    56  2293    -1
 1122    396   397  1257    -1
 1123    744    39  1506    -1
 1124     56    51   470    -1
 1125    369  2120  1596    -1
 1126   2257  1510   735    -1
 1127     53  1119  2441    -1
 1128   2145  1990   512    -1
 1129   1544  1607   951    -1
 1130   2419   906   395    -1
 1131   1768  1922   816    -1
 1132      0  1614   989    -1
 1133   1827   552  1456    -1
 1134    688  1755   734    -1
 1135    484   607    66    -1
 1136    732  2019     4    -1
 1137    154  1482  1473    -1
 1138   1197  1201  1200    -1
 1139    810   304   817    -1
 1140   1654   455  1960    -1
 1141   1291   256  1302    -1
 1142   1737  2243  1483    -1
 1143    844   878   845    -1
 1144     96  1689  1173    -1
 1145   2013   224  1423    -1
 1146    912   369  1596    -1
 1147    918  1941  1798    -1
 1148    885   323   334    -1
 1149    208   207   187    -1
 1150    922  1593   912    -1
 1151     20  2163   777    -1
 1152    452  2161  1872    -1
 1153   1086   401  1636    -1
 1154   1984    41  1425    -1
 1155   1252  2336  1238    -1
 1156   2172  2396  2050    -1
 1157   1715   490   492    -1
 1158    835   842  1590    -1
 1159   1219  1222  1223    -1
 1160   1739  2342   645    -1
 1161    449  1420   781    -1
 1162    438  1844  1093    -1
 1163   2177  1037  2126    -1
 1164    402   674   181    -1
 1165   2121  2266  1595    -1
 1166   1845  1145  2135    -1
 1167   1319  1303  1297    -1
 1168   1302  1298  1317    -1
 1169    994   554  2086    -1
 1170    209  1342  1363    -1
 1171    346  2128  1009    -1
 1172   1146  1151  1688    -1
 1173    919  1869  1595    -1
 1174   2076  1410    13    -1
 1175   1195  1126  2334    -1
 1176    916   957   956    -1
 1177   1890    68   647    -1
 1178   1520   245   711    -1
 1179   2209  1564   832    -1
 1180    888  2263  2115    -1
 1181    438  1119    16    -1
 1182   2230  1197  2138    -1
 1183   1612   935  1601    -1
 1184   2022   701  1519    -1
 1185    898   899  2435    -1
 1186   2128   346   125    -1
 1187   1667  1123   337    -1
 1188   1443   568   513    -1
 1189   1216  2187  1131    -1
 1190   1271  1278  1254    -1
 1191   2299   285  2381    -1
 1192   1524  1904  2201    -1
 1193   1184   305  1683    -1
 1194   2308  1626  1040    -1
 1195    923   309  1813    -1
 1196    427     6   426    -1
 1197   2290  1889  2003    -1
 1198   1392  1394   315    -1
 1199    551   134  1827    -1
 1200   1593  2117   369    -1
 1201    100   510   117    -1
 1202    454    27  1422    -1
 1203    649   589   650    -1
 1204    596   183  1742    -1
 1205   1754   681  1750    -1
 1206   1371   199  1383    -1
 1207    329  1581   353    -1
 1208    756   467    48    -1
 1209   2467  1246  2131    -1
 1210   1939    15  1801    -1
 1211    142  1150  1155    -1
 1212   2431  1251  1963    -1
 1213   1949  1994  2213    -1
 1214   1635  2418   346    -1
 1215    327   895   836    -1
 1216   1714  1243  1434    -1
 1217   1303   186  1308    -1
 1218    277  1974   285    -1
 1219    607   480    66    -1
 1220   2322  1915   702    -1
 1221   1549  2402   790    -1
 1222   1026  1643   999    -1
 1223     95  1501   514    -1
 1224   1566  1565  1782    -1
 1225   1087  1952  1075    -1
 1226   1510  2015   735    -1
 1227    232  1225  1201    -1
 1228   2132  1096  2264    -1
 1229   1688  1151  2469    -1
 1230   2454   440    15    -1
 1231   1103    54  2421    -1
 1232   2011   742  2018    -1
 1233    454  1983   453    -1
 1234    863   344  1578    -1
 1235    871   827  2114    -1
 1236   1162   308  1853    -1
 1237    637   663   636    -1
 1238    497  1714   499    -1
 1239     51   471   470    -1
 1240   2212  1814  1239    -1
 1241    510   100  1644    -1
 1242   1874  1717  1718    -1
 1243   1440  1718   509    -1
 1244     34   851  1572    -1
 1245   1847   409  1165    -1
 1246    853   897   855    -1
 1247    222  2200   719    -1
 1248    604   665  1712    -1
 1249    605   610  1469    -1
 1250    128  1628   127    -1
 1251   1154  2280  1845    -1
 1252   1851   377  1182    -1
 1253   1874  1718  1440    -1
 1254   1706  1868   381    -1
 1255   2004   617   664    -1
 1256   2306  1978   927    -1
 1257   2261   783  2108    -1
 1258   1316  1329  1323    -1
 1259     56   473  2099    -1
 1260   2466  2254   689    -1
 1261    174  2261  2108    -1
 1262     13   933    11    -1
 1263    169   160  2098    -1
 1264   1365  2432  1347    -1
 1265   2304   228  1947    -1
 1266   1500   183   596    -1
 1267    790  1769  1549    -1
 1268   2384   606  2343    -1
 1269   1327   791   788    -1
 1270   1631   121  2272    -1
 1271    447    23   448    -1
 1272    447   448  1980    -1
 1273    394  2181  1018    -1
 1274   1963  1251   275    -1
 1275   1116  2277  1196    -1
 1276    873   546  2085    -1
 1277   1326   210  2436    -1
 1278   1657  1656  1652    -1
 1279    168   182   160    -1
 1280    150  1014   148    -1
 1281   1753   696  2347    -1
 1282   1380  1379  1362    -1
 1283   1219   759  1756    -1
 1284   1967  2317  1720    -1
 1285    118  2456    34    -1
 1286    341   361   367    -1
 1287    989  1594     2    -1
 1288    687  1906  1517    -1
 1289   2212  2047  1806    -1
 1290    572   994   556    -1
 1291   1980    24    22    -1
 1292   2168   328  1937    -1
 1293   1677  1168   111    -1
 1294     92   408  2066    -1
 1295    998  1072  2312    -1
 1296    444  2106  1551    -1
 1297   2215  2450    88    -1
 1298      5   960   955    -1
 1299   1042   542  1633    -1
 1300    647  1895  1890    -1
 1301    220  1510  1513    -1
 1302   2231  1274  1275    -1
 1303   1333  1357  1704    -1
 1304   1441  2382   510    -1
 1305    445  1416   446    -1
 1306    449   781  1925    -1
 1307   1474   671   670    -1
 1308    263   261  1222    -1
 1309   1418  2028  2373    -1
 1310    800   778  1551    -1
 1311   1813   981   969    -1
 1312   1798  1941  1597    -1
 1313   2005  1741   196    -1
 1314   1232  1240  1218    -1
 1315   1809   430    12    -1
 1316   1401  1397  1396    -1
 1317   2143   495   492    -1
 1318    584   580   582    -1
 1319   1150  1160  1155    -1
 1320   2499   373   934    -1
 1321   1459   561  1727    -1
 1322    913  2118  2460    -1
 1323   1869   919   945    -1
 1324    891   260   889    -1
 1325   1680  2380  1184    -1
 1326    191  2003  1889    -1
 1327    840  2034   877    -1
 1328   1342   205  1705    -1
 1329   2028  1870   283    -1
 1330     61  1035    62    -1
 1331   1475   597   610    -1
 1332    895   327   339    -1
 1333    225  1242  1237    -1
 1334   1797  2425   130    -1
 1335    494  2143   493    -1
 1336    220   710  1510    -1
 1337    304  2026  2025    -1
 1338   2075  1286  1274    -1
 1339   1881   546  1880    -1
 1340   2405  1238  1698    -1
 1341   1118  1102  1841    -1
 1342   2450  1070    88    -1
 1343   2046  2119   926    -1
 1344    283  1870   815    -1
 1345   2432   295   772    -1
 1346    779   772  1920    -1
 1347    655   624   673    -1
 1348     91  1215  2393    -1
 1349     90  1128  2185    -1
 1350    161  2253   592    -1
 1351   1974   278  1309    -1
 1352    864  1934   829    -1
 1353   2141  2259   465    -1
 1354    893  2036   843    -1
 1355   1983  1421   453    -1
 1356   1608  1802  1605    -1
 1357   1661  2221  1127    -1
 1358   1797   905  2425    -1
 1359   2260   809  1327    -1
 1360    118   531  1787    -1
 1361   1056  1043  1826    -1
 1362    696  2387  2347    -1
 1363   1819  1017  2054    -1
 1364   1185  2430  2314    -1
 1365   1158  1853  2492    -1
 1366    481  1711   480    -1
 1367   1262   497   499    -1
 1368   1118  1841  2061    -1
 1369   2028  1418  2140    -1
 1370    165  2383   634    -1
 1371   2314  1848   409    -1
 1372    409  1969  2314    -1
 1373   1387  1384  1395    -1
 1374   1794   851    34    -1
 1375   1416  1980    22    -1
 1376   1688  2136  1146    -1
 1377    754  1521  2400    -1
 1378   1399  1398   310    -1
 1379     66    65   483    -1
 1380   1046  1645  1083    -1
 1381   2223  1134  1663    -1
 1382    655   673   172    -1
 1383    374  1337  1346    -1
 1384    433  1946   968    -1
 1385   2374   294   274    -1
 1386     63   634  2288    -1
 1387   2040  2039  1780    -1
 1388    784  2298  1414    -1
 1389   2397  2369   257    -1
 1390    759   215  1756    -1
 1391    183   160   182    -1
 1392   1157  2134  2473    -1
 1393   1576   850   876    -1
 1394    836  1580  1559    -1
 1395   2025  2403   304    -1
 1396   1675  1158  2339    -1
 1397    106   521  1962    -1
 1398   2347   462    43    -1
 1399   2315  2238  1182    -1
 1400   2470   319   316    -1
 1401   1403  1463   577    -1
 1402   2449  1037  1012    -1
 1403   2393  1215   387    -1
 1404   1178  1672  1163    -1
 1405    618  1733  2248    -1
 1406   1586   268  2167    -1
 1407   2296  1763   771    -1
 1408   2190   418  1172    -1
 1409    418  1168  1172    -1
 1410    946     1   955    -1
 1411   1844  2219  1112    -1
 1412   2361  2205  1910    -1
 1413   1207  1229  1214    -1
 1414    603  1492   173    -1
 1415   2250   634  2151    -1
 1416   2359   524   528    -1
 1417   1848  1156  1165    -1
 1418   1753  2347   721    -1
 1419    507  2082  1091    -1
 1420   1179  1680  1184    -1
 1421    189   173   196    -1
 1422    581   575  1403    -1
 1423    528   525   527    -1
 1424   1370  1379   302    -1
 1425    528   527   526    -1
 1426   1144  1964  1159    -1
 1427    521  1447  1962    -1
 1428    593  1729  1470    -1
 1429   1076  1433  2484    -1
 1430   1290  1278   184    -1
 1431    108  1172  1168    -1
 1432     18   953   970    -1
 1433   1433  1832  1647    -1
 1434   1460  1883   613    -1
 1435   1730   582   580    -1
 1436   2203  1758    38    -1
 1437   2252  2096  1488    -1
 1438   2255  1513  1512    -1
 1439    716   458   738    -1
 1440   1343   258  1354    -1
 1441    118    34  1572    -1
 1442   1936   844  1785    -1
 1443   1683   305  1965    -1
 1444   2109   811   766    -1
 1445    394   133  1826    -1
 1446    582  1730   579    -1
 1447    235  1515  1529    -1
 1448   1648  1096  2274    -1
 1449   1454   540  2490    -1
 1450    134   992  1827    -1
 1451   1632  1051   123    -1
 1452   1228  1236  1249    -1
 1453   1340  1866   265    -1
 1454   1202  1993   129    -1
 1455   1826   133  1825    -1
 1456   1647  1082  1015    -1
 1457    540   880  1722    -1
 1458   2429  2208  2442    -1
 1459    622  2365   191    -1
 1460   2101  1916   756    -1
 1461   1886   146  2176    -1
 1462   1805   925  1618    -1
 1463   1445    97  1280    -1
 1464   2090  1726   202    -1
 1465    470   472    56    -1
 1466    589   649  2001    -1
 1467    865    35   886    -1
 1468    359  2063  2488    -1
 1469    553  1949  2086    -1
 1470     65    66   479    -1
 1471   1279  1295  1266    -1
 1472   1968  1966   416    -1
 1473    289  1387  1707    -1
 1474     99  1674  2135    -1
 1475    168   160   639    -1
 1476     45   745  2371    -1
 1477    297   316  2443    -1
 1478   1460   613   564    -1
 1479   2023   242   708    -1
 1480   1929  1971   351    -1
 1481   2439  1483  2244    -1
 1482   1151   104  2469    -1
 1483   1355  1368  1359    -1
 1484    670   194  1537    -1
 1485   2422  1266  1289    -1
 1486   2297   802  2372    -1
 1487   1878  2464  1449    -1
 1488   2405  1700  1258    -1
 1489   1153  1685  2068    -1
 1490   2159   733  2346    -1
 1491   1910   234   219    -1
 1492   1205  1784  1796    -1
 1493   1661  1127  1113    -1
 1494   2129  1636  1641    -1
 1495   2052     5  2307    -1
 1496    433   431  1611    -1
 1497   2099   476    56    -1
 1498   1600   921  2306    -1
 1499   1274  1863  1203    -1
 1500   1511   703  1525    -1
 1501    818   779   780    -1
 1502   1135   455  1654    -1
 1503   1445    98   514    -1
 1504    623  1489   161    -1
 1505   2072  1116   862    -1
 1506   1954    67  2087    -1
 1507    977   376  2044    -1
 1508    878   844  1936    -1
 1509    613  1457  2476    -1
 1510   1285   917   803    -1
 1511    363  1284  1268    -1
 1512    504    87   505    -1
 1513   1118  2061  1130    -1
 1514   1487   137  1495    -1
 1515   2000   318  1857    -1
 1516   2397   699  2295    -1
 1517   2255  1525  1526    -1
 1518   1604   371  2051    -1
 1519   1519    39   703    -1
 1520   1897  2091  2416    -1
 1521    445   446  1538    -1
 1522   2271   193  1646    -1
 1523   2104  1533  1413    -1
 1524    590   140   562    -1
 1525   2279  1109  1108    -1
 1526    968   434    11    -1
 1527   1553  1544   951    -1
 1528   1109  2497  1106    -1
 1529   2456   827  1571    -1
 1530   1810   915   953    -1
 1531     21  2472  1534    -1
 1532   2122   939   740    -1
 1533    365  1784  1971    -1
 1534    615  1469  1495    -1
 1535   1247  1271  1254    -1
 1536    908  2042  1796    -1
 1537   2267  1979   987    -1
 1538   1032    84  2312    -1
 1539   1718  1717  2278    -1
 1540    355   841   849    -1
 1541    383  2174  1077    -1
 1542    740   939    58    -1
 1543   1206  1230  1213    -1
 1544   1846   303  1159    -1
 1545    546   873  1454    -1
 1546   1067  2376   128    -1
 1547   1974   274  2024    -1
 1548    480   607   177    -1
 1549    598  1898  1896    -1
 1550   1770  1771  2162    -1
 1551   1203  1281  1282    -1
 1552    331   324  2113    -1
 1553   2021   734   725    -1
 1554    423   926  2118    -1
 1555    268  1586  1560    -1
 1556    151  1053  1464    -1
 1557   2314  2392  1848    -1
 1558   1042  1067   542    -1
 1559   1543  1405   794    -1
 1560   1366  1357  1367    -1
 1561   2409  1009  2128    -1
 1562    174  2108  1536    -1
 1563   1441   510  1644    -1
 1564   1223   742   759    -1
 1565   1397  1385  1382    -1
 1566   1943   944   930    -1
 1567    504  1659  1436    -1
 1568   1570   865   851    -1
 1569   1584  1200  1206    -1
 1570     77  2337    80    -1
 1571   1938   852  2457    -1
 1572    323   885  1561    -1
 1573    804   296   277    -1
 1574    300  1774   296    -1
 1575   1473  2383   164    -1
 1576    927     6   956    -1
 1577   2439   164  2383    -1
 1578    327    32    30    -1
 1579   1401  1402   198    -1
 1580    163  2241    95    -1
 1581   1295  1306  1318    -1
 1582   2288    64    63    -1
 1583   1726  2399   202    -1
 1584     38  1905   695    -1
 1585   2454  2463   437    -1
 1586   1151  1676  1143    -1
 1587   2180  2313  1626    -1
 1588   1604  1701  1270    -1
 1589    161   656   623    -1
 1590    362  1210  1208    -1
 1591    877  1576   876    -1
 1592   2274  1096  2132    -1
 1593   1693  1850   318    -1
 1594    628   167   180    -1
 1595   1927   840   839    -1
 1596   1270   962  1604    -1
 1597    506   504   505    -1
 1598   1406   254  2205    -1
 1599   2086   557   994    -1
 1600   1109  1960  2497    -1
 1601   1299  1272   241    -1
 1602   1222  2230  1223    -1
 1603    824  2262   770    -1
 1604   1550  1413  2297    -1
 1605   2357  1624  1066    -1
 1606   1704  1338  1328    -1
 1607     34  2456   834    -1
 1608   1949  2213  2332    -1
 1609   1011  1629  2389    -1
 1610    605   615  1486    -1
 1611    615   605  1469    -1
 1612    273   749   350    -1
 1613   1801   947   933    -1
 1614    399  1073  1822    -1
 1615   1460   141   601    -1
 1616    320   833  2169    -1
 1617   1086  1636  2129    -1
 1618   1032  1633    84    -1
 1619   1682   522  2319    -1
 1620    957     1  1808    -1
 1621   1836  1069  1074    -1
 1622   2172  2121  1615    -1
 1623   2458   347   341    -1
 1624    181   674  1867    -1
 1625    405   329  1196    -1
 1626   2012  2052   950    -1
 1627    826   816  1405    -1
 1628   1654  1955  1133    -1
 1629   1265  2422  1242    -1
 1630    503    89   505    -1
 1631   1603   935   972    -1
 1632    243  2041  1781    -1
 1633    244  2345   733    -1
 1634   1656  1837  1652    -1
 1635   1037  1952  2126    -1
 1636   2194   721   726    -1
 1637    786   298  2207    -1
 1638   1006  2213  1994    -1
 1639   2275   335   403    -1
 1640    944   971   930    -1
 1641    795   813  2437    -1
 1642   2467    82    83    -1
 1643    601   638  1892    -1
 1644   2147  1882   560    -1
 1645   2473  2066   421    -1
 1646   2176  1041  2358    -1
 1647    909  1830  2127    -1
 1648   1625  1012   134    -1
 1649    541   900  1926    -1
 1650    651  1504  1747    -1
 1651   1897  2416   623    -1
 1652   1428   482  1713    -1
 1653   2491   379   982    -1
 1654   1364  1392  1374    -1
 1655    861   348  1933    -1
 1656   1845  1191   411    -1
 1657    276    20   792    -1
 1658    712  2258   250    -1
 1659    753  2478   693    -1
 1660    577  1464  1053    -1
 1661   2354  1589   887    -1
 1662   2301   485  2265    -1
 1663   1876   519   517    -1
 1664    431  1408   954    -1
 1665   1464   577  1887    -1
 1666    679   458   716    -1
 1667   2032  1783   870    -1
 1668    497  1986  1243    -1
 1669   2360   778   288    -1
 1670   1299   231   236    -1
 1671   1405   276   794    -1
 1672    326  1789  1580    -1
 1673   1696   856  1211    -1
 1674    338   366  2062    -1
 1675     61  1623  2311    -1
 1676   2031   803   917    -1
 1677    207   208  1390    -1
 1678     64  2289    63    -1
 1679   2396   943  2050    -1
 1680   1850  1676  1149    -1
 1681   2384  1748  1487    -1
 1682   1499  2368  1895    -1
 1683   1902  1751   675    -1
 1684   2196  2065  1664    -1
 1685   1227  1236  1228    -1
 1686   2096  2252  2340    -1
 1687   1482  2151  2383    -1
 1688   1014  1639   149    -1
 1689   2298  1545   815    -1
 1690    560  1458  2147    -1
 1691    561   647    68    -1
 1692   1132  1220  1224    -1
 1693   1538  1917  2106    -1
 1694   1932  2435   342    -1
 1695   2155  1517    10    -1
 1696   1987   499  1714    -1
 1697   1192   411  2190    -1
 1698   1490  2453   599    -1
 1699    719  2200  2424    -1
 1700   1444  1875  1991    -1
 1701   1446  1875  1444    -1
 1702    450  1871  2373    -1
 1703    805   293   773    -1
 1704    353  1581   872    -1
 1705   1574  1569  2041    -1
 1706   2045  1947   228    -1
 1707   1289   256   249    -1
 1708     41   462   461    -1
 1709   1058  1020  1950    -1
 1710   1503   206  1304    -1
 1711    388  1044  2408    -1
 1712   1659  1094  1436    -1
 1713   1679  1854  2133    -1
 1714   1291  1287  1276    -1
 1715   1034  1056  1826    -1
 1716   2415   617  2249    -1
 1717   1817  1622  2056    -1
 1718   1288  1300   422    -1
 1719   2477  2361  1916    -1
 1720   1193  1678   113    -1
 1721    153  1465  1731    -1
 1722   1891  2439   159    -1
 1723   2059  1648  2274    -1
 1724   1176  1854   419    -1
 1725   2455  1859  1619    -1
 1726    371  2047  1239    -1
 1727   2318   158   603    -1
 1728   2495  2093  1481    -1
 1729   2247  1897  1478    -1
 1730   1057  1631  2272    -1
 1731    262  1237  1264    -1
 1732    340  1575  2435    -1
 1733   1501   210  1989    -1
 1734    964   975   920    -1
 1735    534   860   532    -1
 1736   2108  1770  1536    -1
 1737   1418  1420   449    -1
 1738   1882  1726  2090    -1
 1739   1985  2302    73    -1
 1740      7  1811   954    -1
 1741   2019  1906   687    -1
 1742   2204  2023   708    -1
 1743   2221  1661  1115    -1
 1744   2411  1684  1687    -1
 1745   1774  1542   765    -1
 1746   1683  1153  1184    -1
 1747    252   251  1253    -1
 1748   1351  2233  1332    -1
 1749    910  1610   221    -1
 1750    721  1914   720    -1
 1751   1016  1832  2087    -1
 1752   1769  2348  2296    -1
 1753    421  2066  2393    -1
 1754    732    10  1906    -1
 1755   2122   740   221    -1
 1756   2385  1518   686    -1
 1757   1015  2131  1647    -1
 1758   1124  1125  1664    -1
 1759     81  1019  1052    -1
 1760   1142  2264  1111    -1
 1761   1047    84  1633    -1
 1762    982  1813  2327    -1
 1763   1942   311  1617    -1
 1764   1175   109   113    -1
 1765    175  1762  1744    -1
 1766    737   457   458    -1
 1767    737   677   457    -1
 1768   1839  1107  1092    -1
 1769   2170  2470   314    -1
 1770   2243  1497  2244    -1
 1771   2487   132   130    -1
 1772    338  2062   337    -1
 1773   2111   282   793    -1
 1774   2110   816   826    -1
 1775     87  1436  1873    -1
 1776    657   596  2428    -1
 1777    796   804  2299    -1
 1778    279  1699  1693    -1
 1779   2193   526  1157    -1
 1780   2377  2055   120    -1
 1781    946   430  1808    -1
 1782    685  2023  2204    -1
 1783    841   354   849    -1
 1784    809   280   762    -1
 1785   1430  2139  1986    -1
 1786   1439    93  1440    -1
 1787   2223   335  1122    -1
 1788   1741   167   628    -1
 1789   1329  1333  1323    -1
 1790   2316  1294  1292    -1
 1791   2308   550  2309    -1
 1792    371   962   990    -1
 1793    661   203   200    -1
 1794   2129  1641   125    -1
 1795   2363  1730   583    -1
 1796   1623  2389  2311    -1
 1797    221   984   991    -1
 1798   1639  1014  1004    -1
 1799   2273  1631   909    -1
 1800   1620  2430  1185    -1
 1801    475  2043    58    -1
 1802   2048  2172  2171    -1
 1803   1438  2065  1095    -1
 1804     34    30  1794    -1
 1805    744  1525    39    -1
 1806   2467    83  2286    -1
 1807   2450  1008  1070    -1
 1808   1153  1683  1685    -1
 1809   1305  1286  2075    -1
 1810    101  2083  2238    -1
 1811   1690  2069  1174    -1
 1812   1467   152  1999    -1
 1813     62  1040  2329    -1
 1814   2486   901  2475    -1
 1815   1949   553   555    -1
 1816   2390  1137  1121    -1
 1817    188   644   669    -1
 1818   1568  1795   541    -1
 1819    840   876   839    -1
 1820   2337  1260  2287    -1
 1821    342   903  1587    -1
 1822   1122   366   338    -1
 1823    294  2374  1920    -1
 1824   1162   414  1965    -1
 1825    917   938  1773    -1
 1826    621   180  1499    -1
 1827   1614   301   989    -1
 1828   2182  1639  1045    -1
 1829   1969   112  1185    -1
 1830    198   207  1390    -1
 1831    814   817  2284    -1
 1832   1742   480   157    -1
 1833    567  2471   590    -1
 1834    283   815  1542    -1
 1835   1026   995  1066    -1
 1836    813   795  2206    -1
 1837    398  2328  2182    -1
 1838    383   384  1816    -1
 1839    673  2005   196    -1
 1840   1999   152   588    -1
 1841    152  1468   588    -1
 1842   1468   152  1466    -1
 1843     43  1984   463    -1
 1844   1808  2123   957    -1
 1845   1624  2417  1058    -1
 1846   1133  1135  1654    -1
 1847    211  1977   315    -1
 1848   1603   972   929    -1
 1849   1806  1411  1812    -1
 1850    221  1610  2122    -1
 1851   1104  1955  2220    -1
 1852   1017  2378  2218    -1
 1853    181   184   402    -1
 1854    288  1537  1532    -1
 1855   1265  1279  1266    -1
 1856    915   378   953    -1
 1857    156   155  1478    -1
 1858   1655   366  1122    -1
 1859   1496  1494   632    -1
 1860   1382   211  1396    -1
 1861    831  1564   830    -1
 1862    270  1241  1256    -1
 1863   1450   115  2464    -1
 1864   1965   414  1685    -1
 1865   1944   958   949    -1
 1866    218  1523   710    -1
 1867   2478   753    55    -1
 1868   1626  2313  1623    -1
 1869    999  2376  1833    -1
 1870   2472   763   799    -1
 1871   1391  1868  1389    -1
 1872     26  1419  1871    -1
 1873   2201  2386   233    -1
 1874    745    45   462    -1
 1875   2159  2194   733    -1
 1876   1266  2422  1265    -1
 1877   1768  2027  2105    -1
 1878   1701  2349  2381    -1
 1879    198  1397  1401    -1
 1880    249  1263  1264    -1
 1881   1700   382   963    -1
 1882   1473  1482  2383    -1
 1883   1137  1838  1121    -1
 1884    671   773   782    -1
 1885     17  1709  2433    -1
 1886     33    57   272    -1
 1887   1077  2174  1065    -1
 1888    675  2014  1902    -1
 1889     52   753   693    -1
 1890   1809  2443   932    -1
 1891    678   715   675    -1
 1892     48   469  2101    -1
 1893    530   841   847    -1
 1894    757   713  2203    -1
 1895    176   652  1889    -1
 1896    866   544   126    -1
 1897    730   219   234    -1
 1898    251  1203  1259    -1
 1899    923  1813   969    -1
 1900   1447   101  1962    -1
 1901   2225   108  1677    -1
 1902     99  1145   111    -1
 1903   1058  1066  1624    -1
 1904    651  1479   190    -1
 1905   2337  1277    80    -1
 1906    771   822  1420    -1
 1907    290   797  2030    -1
 1908    172  1492   603    -1
 1909   1964  1144  1970    -1
 1910    748  2020   682    -1
 1911   1207  2186  1838    -1
 1912   1591   933   947    -1
 1913    508    93    94    -1
 1914   1945   923   940    -1
 1915   1129  1841  1102    -1
 1916    139  1883  1727    -1
 1917   1631  2330   909    -1
 1918   2181   386  1018    -1
 1919   1305  1304  2316    -1
 1920   1053   151  1013    -1
 1921    693  1760    52    -1
 1922    894   340   899    -1
 1923    522  1682  1877    -1
 1924    210  1501  2241    -1
 1925     76   490  1328    -1
 1926    821   300   804    -1
 1927    795  2437    22    -1
 1928   1234   270  1253    -1
 1929   1194  2137   279    -1
 1930   2138  2334  1126    -1
 1931   1348   641  1349    -1
 1932   1005   392  2271    -1
 1933    643  1476  2252    -1
 1934   1121  1838  2222    -1
 1935   1054  1039  2184    -1
 1936   1389  1386  1400    -1
 1937   1268  1271  1247    -1
 1938   2062  2061  1667    -1
 1939   2225  1192   108    -1
 1940   1574  2041   320    -1
 1941    402  1284  1294    -1
 1942    217   728   692    -1
 1943   2251  1735  1739    -1
 1944   1551  2106  1917    -1
 1945    944  1810   928    -1
 1946    490    76  1429    -1
 1947   1311   205  1319    -1
 1948   2269  2470   316    -1
 1949   1555   293  1765    -1
 1950   2042   342  1587    -1
 1951    967  2192   939    -1
 1952     37  1423   717    -1
 1953    625   669   644    -1
 1954     13  1939   933    -1
 1955    557   556   994    -1
 1956   2454  1410  2463    -1
 1957   1609  1773   938    -1
 1958    868   248  1566    -1
 1959   2228  1163  1672    -1
 1960    187   207   310    -1
 1961   1108    57  1653    -1
 1962    866   126   132    -1
 1963    773   293   782    -1
 1964   1089   397  1261    -1
 1965    364    85  1208    -1
 1966     28   454  1422    -1
 1967   1752   697   709    -1
 1968    105  1852   104    -1
 1969   1448   522  1877    -1
 1970   1227   357  1240    -1
 1971    353  2116  2038    -1
 1972    926  2119  2460    -1
 1973    884  2265  1780    -1
 1974   1904   754  2256    -1
 1975    429   428  1407    -1
 1976   1385  1388   185    -1
 1977   1968  2226  1670    -1
 1978    654  2142  2093    -1
 1979   2442   260   891    -1
 1980    858  2351  1582    -1
 1981    216   747  1507    -1
 1982    169   639   160    -1
 1983    394  1826   393    -1
 1984    726   721   720    -1
 1985    289  1380  1384    -1
 1986   1114  2064  1138    -1
 1987    818  1767   779    -1
 1988   1356  2318  1476    -1
 1989   1573  2038  2116    -1
 1990   1991   516  2447    -1
 1991    894  1931   340    -1
 1992    137  2089  2199    -1
 1993   1367  1357   209    -1
 1994   1682  2319  2227    -1
 1995    962  1270   803    -1
 1996    324  1582  2351    -1
 1997    240   253  1909    -1
 1998   2453  1490  2142    -1
 1999   1882  2147  1726    -1
 2000   1629  1011   121    -1
 2001    899   340  2435    -1
 2002   1107   272   267    -1
 2003   2009   615  1495    -1
 2004   1004   578   575    -1
 2005   1883   139  1457    -1
 2006   1616   380   952    -1
 2007    433   968    11    -1
 2008    592  2253  2094    -1
 2009   2381  2030  2299    -1
 2010   1448  1877  1878    -1
 2011   1823  2215   996    -1
 2012   1523   757  1761    -1
 2013    794   792   162    -1
 2014   1044   388   906    -1
 2015   2258  1511  1907    -1
 2016    633    74    78    -1
 2017   2105   442  1533    -1
 2018   1099   267  1101    -1
 2019   1243  1714   497    -1
 2020   1068  1817  1030    -1
 2021   2415  2094   616    -1
 2022   2193   510  2382    -1
 2023    115  1450   524    -1
 2024    732   690   213    -1
 2025   2132    36  2274    -1
 2026   2039   323   333    -1
 2027    314  2470  2269    -1
 2028   1380  1362  2395    -1
 2029    836    32   327    -1
 2030     85  1696  1211    -1
 2031    172   668   655    -1
 2032     95    98   513    -1
 2033   1630   179  2331    -1
 2034   1330  1352  1339    -1
 2035   1081   117   510    -1
 2036    356   124  1935    -1
 2037   1177   275  1251    -1
 2038   1312   181  1311    -1
 2039   2096  1491  1488    -1
 2040    838   352   900    -1
 2041   1685   414  1856    -1
 2042    578  1463   575    -1
 2043   2335  1226  1668    -1
 2044    679   735   458    -1
 2045   2083   103   412    -1
 2046   1311   181  1705    -1
 2047   2282  1210  1209    -1
 2048   1658  1649   404    -1
 2049     57  1665  2379    -1
 2050   2448  2240  1006    -1
 2051    691   677  2153    -1
 2052   1054  1063  1988    -1
 2053   1937   328   881    -1
 2054   1372  1367   185    -1
 2055   1484   610   653    -1
 2056   1687  1194   279    -1
 2057   1378   204   192    -1
 2058    432  2235  1408    -1
 2059   1470   602  2245    -1
 2060   2369  2397  2254    -1
 2061   2033    72   863    -1
 2062    886   487   865    -1
 2063   1803   378   915    -1
 2064   1088   153  1731    -1
 2065    674   206  1867    -1
 2066   2270  1804   306    -1
 2067    662   594  1745    -1
 2068   1576   877  1786    -1
 2069   1189   417   409    -1
 2070    423   931  1869    -1
 2071   1159  2070  1846    -1
 2072   2117  1593  2485    -1
 2073   2338   494   493    -1
 2074   2426  2500  2479    -1
 2075    930  1598   911    -1
 2076   1407   428  1979    -1
 2077    685   247   709    -1
 2078    635   482  1428    -1
 2079   1421   452  1872    -1
 2080   1560  1782   268    -1
 2081    209  1357   658    -1
 2082   2327  1813  1552    -1
 2083    186  1324  1329    -1
 2084   1711  1712  2341    -1
 2085    731   254  1406    -1
 2086   2485   961  1941    -1
 2087   1204   365  1971    -1
 2088    105   104  2394    -1
 2089   2077  1982  1983    -1
 2090   1088  1731  2420    -1
 2091   1200  1201  1230    -1
 2092   1458   561    68    -1
 2093    902   322  2461    -1
 2094   2224   456    36    -1
 2095    964   920   266    -1
 2096   1147  1970  1692    -1
 2097    651  1745  1504    -1
 2098    471    51  2081    -1
 2099   2316  1304  1294    -1
 2100     16  2390  1103    -1
 2101   1205  1971  1784    -1
 2102    546  1454  2490    -1
 2103    421   387  1697    -1
 2104    226   739   745    -1
 2105   1084  2214  2438    -1
 2106   1404  2115   331    -1
 2107   1701   803  1270    -1
 2108    137  1487  1748    -1
 2109   1199  2042  1587    -1
 2110   2088   146   145    -1
 2111   1365  1381  1393    -1
 2112   1318  2482   255    -1
 2113   2015  1710   724    -1
 2114   2190   411  1191    -1
 2115   1156   372  1248    -1
 2116    806  1918   769    -1
 2117   1525   703    39    -1
 2118   2117  2485   918    -1
 2119   1812   920  1806    -1
 2120   1344  1975  1345    -1
 2121   2254  2397  2295    -1
 2122   1660  2379  1665    -1
 2123    107   109  1175    -1
 2124   1242   249  1264    -1
 2125   2124   976  1698    -1
 2126   1169  2380  1170    -1
 2127   1474  1539   776    -1
 2128    703  2258   712    -1
 2129   2449  1725  1037    -1
 2130    762   280    20    -1
 2131   1043  1056  1020    -1
 2132   1343  1354  1358    -1
 2133   1475  1477   620    -1
 2134   1033  1007  1041    -1
 2135    766   787   775    -1
 2136   1642   392   179    -1
 2137   2149   663  2242    -1
 2138   2337  1261  1277    -1
 2139   2423  2197  2246    -1
 2140   1348  1349  1350    -1
 2141   1141  2078  1961    -1
 2142   1468  1466   587    -1
 2143   1280  1441   519    -1
 2144   1139   273   350    -1
 2145    475   920  1812    -1
 2146   2051  1267  1604    -1
 2147   2287  1089  2337    -1
 2148    957   916     1    -1
 2149   2343   606  1729    -1
 2150      6   914   426    -1
 2151   1285   938   917    -1
 2152   2488  1656  1657    -1
 2153   1406  2205   239    -1
 2154   2324  1558  1923    -1
 2155    389  1818  1023    -1
 2156    144  1461   569    -1
 2157     86  2130    82    -1
 2158    750   238   751    -1
 2159    916   427     1    -1
 2160   1340   265  1343    -1
 2161    980   931  2118    -1
 2162    840  1927  2034    -1
 2163   2207   291   763    -1
 2164   1777   532   859    -1
 2165   1390  1371  1383    -1
 2166    833   334  2169    -1
 2167   1003  1817  1627    -1
 2168   1903   684   234    -1
 2169    324    70   332    -1
 2170   1610   966  2122    -1
 2171   1726   138  2399    -1
 2172   1774   765  2262    -1
 2173    503  1873  1095    -1
 2174   1216  1814  2356    -1
 2175    418  2190  1149    -1
 2176    748    60   725    -1
 2177    572   556  1815    -1
 2178    219   730  2011    -1
 2179   1602  2119  2046    -1
 2180   1185  2314  1969    -1
 2181   1669   408  1847    -1
 2182   1306   278  1322    -1
 2183   1889  2367   176    -1
 2184   1464  1887   578    -1
 2185    875   359  1115    -1
 2186    919  2046   945    -1
 2187    314  1945   941    -1
 2188   2319   107   521    -1
 2189    107  1447   521    -1
 2190    166   769   789    -1
 2191   1713   482    65    -1
 2192   1189   409  1847    -1
 2193   1207  1216  1229    -1
 2194    583  1048  2363    -1
 2195   1744  1543  1554    -1
 2196   2263  1580    72    -1
 2197   2248   616  2094    -1
 2198   1894  1892  2092    -1
 2199   1402   207   198    -1
 2200   1479   631   612    -1
 2201    868  2429   248    -1
 2202    945   423  1869    -1
 2203   2467  2131  1015    -1
 2204     33  1107  1839    -1
 2205   1290  1283   396    -1
 2206   2106   443  1538    -1
 2207   1340  1343  1358    -1
 2208   2210  1579  2037    -1
 2209   1075  1027  1057    -1
 2210    973  2327  1552    -1
 2211   1870   447   815    -1
 2212    888  1559  2263    -1
 2213   1213  1221  1218    -1
 2214    576   577  1053    -1
 2215   1815   571   572    -1
 2216   2036   853   843    -1
 2217   2361  1910  2158    -1
 2218    384   383  1001    -1
 2219     94  1439  1090    -1
 2220    959   984   221    -1
 2221   2177  2440   992    -1
 2222   2343   593   171    -1
 2223   1350  1349  2006    -1
 2224   1245  1233  1237    -1
 2225   1520   746  2256    -1
 2226   1288   422   938    -1
 2227   1935  1723   536    -1
 2228    736  1526   704    -1
 2229   1928  1757  2352    -1
 2230   1621  1049  2087    -1
 2231    396  1278  1290    -1
 2232   1411  1806  2433    -1
 2233   2099   473  2466    -1
 2234   2387   696  2294    -1
 2235   1547   936   313    -1
 2236   1241   270   261    -1
 2237    618  2248  2094    -1
 2238   1451   527   525    -1
 2239   1157   527  1451    -1
 2240   1996  2358   148    -1
 2241   2062  1667   337    -1
 2242   2371  2156  1424    -1
 2243   1013   151  2358    -1
 2244   2484  1433  1973    -1
 2245    651   632  1745    -1
 2246    746    46    42    -1
 2247   1988  1039  1054    -1
 2248   2116  1579  1573    -1
 2249   1423  2202   717    -1
 2250   1151  1146  1676    -1
 2251   2378  1003  1627    -1
 2252   1344  1360  1325    -1
 2253   1523   706  1899    -1
 2254   1981  2284  1776    -1
 2255    227  1752  1907    -1
 2256     87  1873   503    -1
 2257   1923   784  2324    -1
 2258    881  2114  1577    -1
 2259   2300  2323   290    -1
 2260   1907  1511   227    -1
 2261    699  2397   683    -1
 2262   2104  1412  1533    -1
 2263    967   952   380    -1
 2264    597  1475  2245    -1
 2265    709   697   685    -1
 2266    784  1414  1772    -1
 2267   1551  2437   813    -1
 2268   1379  1376   302    -1
 2269    530   531    73    -1
 2270   1676  1146   418    -1
 2271    307  1320  1336    -1
 2272    571  1815   147    -1
 2273    547   129  1993    -1
 2274    212  1749  2014    -1
 2275   1283   397   396    -1
 2276    224  1510   710    -1
 2277   2060  1653  1839    -1
 2278   2485  1941   918    -1
 2279   1797  1926   343    -1
 2280   1285  2381  1288    -1
 2281   1213  1230  1221    -1
 2282    103  1161   412    -1
 2283    271  1129  1957    -1
 2284   1180  1693  1673    -1
 2285   1931   894   345    -1
 2286    328  1563   881    -1
 2287   2462  1094  1659    -1
 2288   2080  1426  1427    -1
 2289   1116  1858  1215    -1
 2290   1108  1665    57    -1
 2291   1690  1447  1679    -1
 2292    547  2425   905    -1
 2293    796   774   821    -1
 2294    591  2006   629    -1
 2295   1793   894   537    -1
 2296   2202   224   698    -1
 2297    493  2143  1716    -1
 2298    900   352   343    -1
 2299    512   511  2145    -1
 2300    943  1948  2307    -1
 2301   1585  1586   339    -1
 2302   1281  1272  1299    -1
 2303    527  1157   526    -1
 2304   1415  1414  2298    -1
 2305    347  2458  1250    -1
 2306    561   139  1727    -1
 2307   1643  1026  1950    -1
 2308   2053   195  1000    -1
 2309    748   725   760    -1
 2310   1915   760   222    -1
 2311    246   257  1861    -1
 2312    801  1765  2112    -1
 2313   2147   559  1726    -1
 2314    564   563   566    -1
 2315    586  1998   587    -1
 2316   2123  1809   932    -1
 2317   1479   651   631    -1
 2318   1052  1951    81    -1
 2319   1120  2224  1124    -1
 2320   1793   537   828    -1
 2321    232  2230  1222    -1
 2322    980   930  2121    -1
 2323   1377   211  1382    -1
 2324   1256  1276   237    -1
 2325    588  2217  1080    -1
 2326   1183  1674  1155    -1
 2327    964  1229  2305    -1
 2328   1414   443  1772    -1
 2329   1514    55   761    -1
 2330   2277  1090  1958    -1
 2331   1086  2480   401    -1
 2332   1234  2283  1225    -1
 2333   1964  1681  2070    -1
 2334    877  1577  1786    -1
 2335   1432    79  2139    -1
 2336    485  2404  2265    -1
 2337    579  1730  1080    -1
 2338   1575  1931   322    -1
 2339   1312  1297  1290    -1
 2340   2290  2003  2500    -1
 2341   1444  1719  1446    -1
 2342    920   475   266    -1
 2343   1427  1426  1914    -1
 2344   2109  1540   780    -1
 2345   1246  1647  2131    -1
 2346   1611  1811  1979    -1
 2347   1565   853  2036    -1
 2348   2414  2425   547    -1
 2349    723   693  2478    -1
 2350   1455   545   543    -1
 2351    678   675  1901    -1
 2352    981  1609   382    -1
 2353   2378  1001  2218    -1
 2354    949   958   985    -1
 2355   1331  1864   231    -1
 2356    832  1564   831    -1
 2357   1348  1347  2436    -1
 2358    929   961  1603    -1
 2359    551  1827  1456    -1
 2360    654  2453  2142    -1
 2361    173  2340  2318    -1
 2362   2084   124  1453    -1
 2363   1518  2346   758    -1
 2364   2251   660   170    -1
 2365   2458   341   367    -1
 2366    835   268  1782    -1
 2367    829  1934   534    -1
 2368   1327  2164  2107    -1
 2369    323  1561   333    -1
 2370    797   796  2030    -1
 2371   1053  1007    67    -1
 2372    253   742  2011    -1
 2373   2250   614   634    -1
 2374   1934   348   861    -1
 2375    679  2294  1516    -1
 2376   1191  1845  2135    -1
 2377   2161    27  1872    -1
 2378   1564  1791   830    -1
 2379   1477  1486   611    -1
 2380     10   680  2155    -1
 2381    405  1097  2185    -1
 2382   1789   344   863    -1
 2383   1673  2000  1183    -1
 2384    331  1582   324    -1
 2385   1043  2417  1061    -1
 2386    330   845   878    -1
 2387   1268  1284  1271    -1
 2388   1875   516  1991    -1
 2389   2494  2420  1997    -1
 2390   1993   548   547    -1
 2391   1187  1686  2071    -1
 2392   1192  1172   108    -1
 2393   1192  2190  1172    -1
 2394    904   905  1797    -1
 2395    952   382  1616    -1
 2396   1716   491  2285    -1
 2397   1191  1857  2190    -1
 2398   1933   348   867    -1
 2399   2244  1497  2007    -1
 2400   1464  1834   151    -1
 2401    171   642  2483    -1
 2402   1302   256  1298    -1
 2403   2257   735  1516    -1
 2404    326  1580   836    -1
 2405    535  1452   850    -1
 2406     19  1533   442    -1
 2407   1931   345   867    -1
 2408   2457   883  1938    -1
 2409   1332   231  2468    -1
 2410   1958   875  1115    -1
 2411    107   522   109    -1
 2412   1227  1212   357    -1
 2413   2187  1216  1207    -1
 2414    742  1527  2018    -1
 2415   1826  1043  1061    -1
 2416    726   722   743    -1
 2417   1591    12   954    -1
 2418    756    48  2101    -1
 2419    520  2413   516    -1
 2420    458   724   737    -1
 2421   1065  1031  1077    -1
 2422   1416  1415   447    -1
 2423    781   282  2111    -1
 2424   1201  1225  2283    -1
 2425   1919   166   788    -1
 2426    166   789   788    -1
 2427    746  1904  2256    -1
 2428   1490  1481  2142    -1
 2429   1644  1273   519    -1
 2430   1407     7   429    -1
 2431   2248   637  1502    -1
 2432   2488  1666  2391    -1
 2433   1704  1366  1338    -1
 2434   1396  1397  1382    -1
 2435    236  1281  1299    -1
 2436    363  1250  2458    -1
 2437   2313  2389  1623    -1
 2438   1723  1879   536    -1
 2439    666   650   589    -1
 2440    997  1820  1632    -1
 2441   2456  1562   827    -1
 2442    154   649  2246    -1
 2443   1732   662  1745    -1
 2444    303  1846   420    -1
 2445    118  1787  1562    -1
 2446   1144    25  1970    -1
 2447    718    60   748    -1
 2448   1167   275  1692    -1
 2449    702  1972   741    -1
 2450      8   316   948    -1
 2451   1767  1347  1541    -1
 2452    814   818   780    -1
 2453    780   779  1920    -1
 2454   1587   903   902    -1
 2455   1655  2275    44    -1
 2456    710  1509   218    -1
 2457    410  1267  1856    -1
 2458   2291  2364  2001    -1
 2459   2114   119  1577    -1
 2460    118  1562  2456    -1
 2461   1342  1360  1363    -1
 2462    889   260  1938    -1
 2463   1781  2209   832    -1
 2464    684   730   234    -1
 2465   2413  2447   516    -1
 2466   1295  1300  1306    -1
 2467   1339  1313  1330    -1
 2468    342  1575   903    -1
 2469    333  1561  2113    -1
 2470   1160  2411  1673    -1
 2471   1305  1307  1304    -1
 2472    969   370   974    -1
 2473   1673  2411  1180    -1
 2474   1012  2177   992    -1
 2475    737  1710   677    -1
 2476   1546   807   194    -1
 2477    740   959   221    -1
 2478      6  1613   914    -1
 2479   1168  1146   111    -1
 2480   1767  2296  2348    -1
 2481   1449   113   523    -1
 2482   2324  1772  1557    -1
 2483   1531   914  1613    -1
 2484   1585  1563  2303    -1
 2485   1301  1302  1317    -1
 2486   1902  2014  1517    -1
 2487    501   506    89    -1
 2488    262  1264  1263    -1
 2489    333   332   884    -1
 2490    332   333  2113    -1
 2491   1652  1121  1657    -1
 2492   1635  1057  2272    -1
 2493    341  2283   361    -1
 2494   2162   808  1770    -1
 2495   1790  1570  1791    -1
 2496   1818   529  1083    -1
 2497    874   857   844    -1
 2498   1664  2219  1124    -1
 2499   2373  2028   450    -1
 2500   2130    86  1055    -1
 2501   2499   375   376    -1
 2502   1211  2320    85    -1
 2503    585   584   582    -1
 2504   1750   212  1900    -1
 2505   1087   346  1952    -1
 2506    278  1306  1309    -1
 2507    385  1064  1829    -1
 2508    897   248   870    -1
 2509   2205   254  1910    -1
 2510   2185  1128  1694    -1
 2511   1207    53  2187    -1
 2512    464  1425    46    -1
 2513   1697   529  1818    -1
 2514    824  2350  1921    -1
 2515    317  1400   287    -1
 2516    888   831   830    -1
 2517   1710  2013  2153    -1
 2518    155   619  2247    -1
 2519   1326  1310  1989    -1
 2520    260  2442  2208    -1
 2521    993    62  1035    -1
 2522   1317   374  1330    -1
 2523    265   258  1343    -1
 2524   2182  2328   572    -1
 2525    941   940  1947    -1
 2526    346  1009  2126    -1
 2527   1141   455    31    -1
 2528   1126  1198   723    -1
 2529    125   346  2418    -1
 2530    471   474    55    -1
 2531   2146  1967    97    -1
 2532    463   721    43    -1
 2533   1334  1345   204    -1
 2534   1884  1724  1993    -1
 2535   2371    40  2386    -1
 2536   2282  2072   862    -1
 2537   1958  1661  2277    -1
 2538   1514  2478    55    -1
 2539   2232  1158  1176    -1
 2540    844   857  1785    -1
 2541    496   495    75    -1
 2542    134   135  1625    -1
 2543   1294  1304   674    -1
 2544   1401   287   292    -1
 2545    149   148  1014    -1
 2546    556  1000  1815    -1
 2547   2071  1686  1692    -1
 2548     92  1847   408    -1
 2549    504  1436    87    -1
 2550   1621  1076  1997    -1
 2551   2196  1125  1095    -1
 2552    290  2323   797    -1
 2553   1177  1251  2137    -1
 2554    648  2423  1743    -1
 2555    621  2092   180    -1
 2556   1466  1467  1465    -1
 2557   1093  2410  1136    -1
 2558   2343   646  2091    -1
 2559   2384  2343  2091    -1
 2560   2228   416  2188    -1
 2561      3   424  1978    -1
 2562   1410  2076    14    -1
 2563   1987  1714  1434    -1
 2564   1090  2462  1659    -1
 2565   1691  2137  2431    -1
 2566     43   462    41    -1
 2567   2236  1718  2278    -1
 2568   1934   864   893    -1
 2569    850  1576   535    -1
 2570    625   657   627    -1
 2571    139  1882  1457    -1
 2572   2220  1955  1654    -1
 2573   1585  2303   837    -1
 2574   1644   100  2420    -1
 2575   1755  2200   222    -1
 2576    725    60  2021    -1
 2577    619  2344  2247    -1
 2578   1740  2150  2010    -1
 2579   2212  1239  2047    -1
 2580    974   988  2049    -1
 2581   2048     2   986    -1
 2582   1455   126  1435    -1
 2583   2152   644  2364    -1
 2584    823   814  1981    -1
 2585   2441   438  1136    -1
 2586    881   848  1937    -1
 2587   1226  1131  1668    -1
 2588    972   935   953    -1
 2589    343  1926   900    -1
 2590    653   597   602    -1
 2591   2488  1837  1656    -1
 2592    376  1802  1805    -1
 2593    743  2345   244    -1
 2594    402  1294   674    -1
 2595    789   162  2107    -1
 2596   1775   451  1417    -1
 2597   1629   120  1068    -1
 2598    156   612   155    -1
 2599    201  1334  1377    -1
 2600   1476  2318  2340    -1
 2601   1048  1403   576    -1
 2602   1609  2491  1773    -1
 2603   1274  2231  1863    -1
 2604   1167    25  1171    -1
 2605   1591  1408  2235    -1
 2606   2042   896  1796    -1
 2607   2024   274   294    -1
 2608   1900   690  2154    -1
 2609    972   378   929    -1
 2610   1206  1200  1230    -1
 2611    310  1393  1381    -1
 2612   2130  1055  2216    -1
 2613    438  1093  1136    -1
 2614   2164  1327   788    -1
 2615    435  1409   968    -1
 2616   1061  1637   393    -1
 2617   2311  2178    61    -1
 2618   1585  1571   871    -1
 2619    422  1279  1700    -1
 2620   1074  2180   386    -1
 2621   1055    86  2183    -1
 2622    568   569   567    -1
 2623   2297  1533    19    -1
 2624    531   530  1787    -1
 2625   2464  1877   114    -1
 2626    319  1942   932    -1
 2627   1903  1529  1515    -1
 2628    299   302  2481    -1
 2629   1987  1431   499    -1
 2630    856   343   908    -1
 2631   1843  2065  1438    -1
 2632   2451  1356  1371    -1
 2633    412  1161  2431    -1
 2634   2362   489    76    -1
 2635   1758   214  2100    -1
 2636    618   640  1733    -1
 2637   1507  1912   216    -1
 2638   1180   279  1693    -1
 2639   1054  2310  1063    -1
 2640   2482  1298   255    -1
 2641   1616  1700  2405    -1
 2642    718  1756    60    -1
 2643   2099  2466    50    -1
 2644   1652  2390  1121    -1
 2645   2283  1234   361    -1
 2646   1208  1231  1217    -1
 2647   1678  1854   113    -1
 2648    832   831  1404    -1
 2649   1060  1027  1828    -1
 2650   2321  1991  2447    -1
 2651   1701  1267   415    -1
 2652   1378  1977   211    -1
 2653    502  1959  2224    -1
 2654   1975  1344   206    -1
 2655   1104  2220  2279    -1
 2656   2440  2173  1646    -1
 2657     84  1047  1079    -1
 2658   2167  1590   326    -1
 2659   1655  1122  2275    -1
 2660   2073  1054  2184    -1
 2661   1683  1965  1685    -1
 2662    122   537  1992    -1
 2663   2302  1985  1788    -1
 2664   1392  1977  1374    -1
 2665   1825   133   551    -1
 2666    224  2013  2015    -1
 2667    218  1908   223    -1
 2668   1917  2437  1551    -1
 2669   1140  1123  2064    -1
 2670    978  1599  2044    -1
 2671    178   672  2152    -1
 2672   2133   110   420    -1
 2673   1130  2061   366    -1
 2674   1957  1105  1098    -1
 2675    661  2003  2446    -1
 2676   1980  1416   447    -1
 2677    710   698   224    -1
 2678   2209  2035  1564    -1
 2679    120  1622  1068    -1
 2680   2002  1461  1885    -1
 2681    959   433  1611    -1
 2682   1768   763  2472    -1
 2683   1361   258  1331    -1
 2684   2038  1573  1196    -1
 2685     17  2433  2047    -1
 2686   1541  1347  2432    -1
 2687   2298   784  2029    -1
 2688    836   895   326    -1
 2689   1045   390   399    -1
 2690   1058  1950  1026    -1
 2691   2204  1521   685    -1
 2692    495   496   492    -1
 2693   1363  1360  1334    -1
 2694   1855  2229  1148    -1
 2695     79  1273  1973    -1
 2696   2191  1173  2188    -1
 2697   1634  2214  1039    -1
 2698     47   239  2259    -1
 2699   1968  1150  1966    -1
 2700   1600  1804  2270    -1
 2701   1499   180   167    -1
 2702   2079  1984   464    -1
 2703     71   485   486    -1
 2704   2158  1910   219    -1
 2705   2039   333   884    -1
 2706    642   171   593    -1
 2707   2151   634  2383    -1
 2708   1437  2082   507    -1
 2709   1828  1075  1725    -1
 2710    511  1989  2145    -1
 2711    538   539  1453    -1
 2712    583   580   584    -1
 2713    427   916     6    -1
 2714    714  2194  2159    -1
 2715   1062  1633   542    -1
 2716    209   658   205    -1
 2717   2365  2446   191    -1
 2718   1865   790  2402    -1
 2719   2249  2097   656    -1
 2720   1905    38  1758    -1
 2721    709   247  2017    -1
 2722    988  1610  2049    -1
 2723   1281   251  1272    -1
 2724   2462  1090  1439    -1
 2725   2469   142  1688    -1
 2726    820   947  1801    -1
 2727   1711   481  1712    -1
 2728    609  2399  2250    -1
 2729    746  2102  1904    -1
 2730    171  2483  1498    -1
 2731   2183  1831  1055    -1
 2732   2173  2440  2409    -1
 2733   1713   479   478    -1
 2734     50  2466   468    -1
 2735   2205  2477   239    -1
 2736   1478   155  2247    -1
 2737    372  2068  2067    -1
 2738   1272   237   241    -1
 2739   1158  2492   110    -1
 2740    380  1616  2405    -1
 2741    704  1506   751    -1
 2742   1928  2354   330    -1
 2743   1716  2285  1432    -1
 2744   2328  1034   554    -1
 2745   1258  1265  1252    -1
 2746     46  2259  2079    -1
 2747   1766  2112   805    -1
 2748   1662  1651  2078    -1
 2749   1366  1372   199    -1
 2750   2209  2404  2035    -1
 2751   2402   764  1296    -1
 2752    888  2115   831    -1
 2753   1445   514    97    -1
 2754    136   552  2448    -1
 2755   2396  2172  2048    -1
 2756   1912   712   250    -1
 2757    135   133  2309    -1
 2758   2372  1771  2163    -1
 2759    252  1256   237    -1
 2760   1288   285  1309    -1
 2761   2262   824  2165    -1
 2762    689   465   469    -1
 2763   1951  1082  1647    -1
 2764    704  1526   744    -1
 2765    874  2353  1778    -1
 2766    662  1732  1497    -1
 2767    492   496  1715    -1
 2768    862  1573  1579    -1
 2769   1960   336  2497    -1
 2770   1920   772   286    -1
 2771    699  2424  2295    -1
 2772   1953  1068  1030    -1
 2773    257   683  2397    -1
 2774   1515   684  1903    -1
 2775   1166  1680  1179    -1
 2776    537   536  1992    -1
 2777   2499  1798   375    -1
 2778   1568   543  1881    -1
 2779   2496  1950  1029    -1
 2780    406  2222  1838    -1
 2781   1095  1873  1094    -1
 2782   1760   729   407    -1
 2783   1074   386  2480    -1
 2784   1219  1223   759    -1
 2785   1385  1397  1388    -1
 2786   1615   930   971    -1
 2787    762    20   777    -1
 2788    956  1804  1600    -1
 2789    848   881   877    -1
 2790   2362    76  1703    -1
 2791   1198  1694   729    -1
 2792   1934   893   348    -1
 2793    823   818   814    -1
 2794   1896   667   169    -1
 2795     96  1173  2191    -1
 2796   1847  1165  1669    -1
 2797   1575   342  2435    -1
 2798     68   607   484    -1
 2799   1374  2234  1358    -1
 2800   1650    44   403    -1
 2801   1996   574  1886    -1
 2802   1201  2283  1230    -1
 2803    371  1604   962    -1
 2804   1057  1087  1075    -1
 2805    304   775  2026    -1
 2806   2064  1123  1138    -1
 2807    518  1280   519    -1
 2808    673  1492   172    -1
 2809    983   968  1946    -1
 2810   1249   500  1228    -1
 2811   1970  1147  1964    -1
 2812    691  2153  2016    -1
 2813   1074  1069  2313    -1
 2814   2310  1054  2474    -1
 2815   1810   953    18    -1
 2816    693   729  1760    -1
 2817   2119  1805  1608    -1
 2818     61  2125  1035    -1
 2819   1982  1421  1983    -1
 2820    656   161  2249    -1
 2821   1351  1332  2468    -1
 2822   1811     7  1407    -1
 2823    712  1519   703    -1
 2824   1328  1353  1476    -1
 2825    330  1757  1928    -1
 2826    924    18  1599    -1
 2827   1450   116  1721    -1
 2828    978  1618  1614    -1
 2829   2327   973  1547    -1
 2830    121  1011  2272    -1
 2831    443  1414  1538    -1
 2832   1739  1735  2342    -1
 2833   1472  1729   606    -1
 2834   2080   466  1426    -1
 2835   1217  1231    83    -1
 2836   1105  1102    49    -1
 2837   1073   390  2450    -1
 2838    915   368  1803    -1
 2839   1979  1811  1407    -1
 2840   1915   719   699    -1
 2841   1550  2372  2163    -1
 2842    135  2309  1625    -1
 2843    945  2046   926    -1
 2844   2008  1493  1473    -1
 2845   1476  2340  2252    -1
 2846   1508   682   676    -1
 2847   1612   373   977    -1
 2848   2336  1252  1972    -1
 2849   2388   862  1579    -1
 2850   2016  2401   691    -1
 2851    943   264  1944    -1
 2852   2000  1673   318    -1
 2853    232  1197  2230    -1
 2854   1778   848  2034    -1
 2855   1278   396  1254    -1
 2856   2235   432    11    -1
 2857    880   540  1454    -1
 2858   2339   410  1675    -1
 2859   2379    54  1837    -1
 2860    328  2168  2303    -1
 2861   1434  2286  1231    -1
 2862   2405  1258  1238    -1
 2863    706     4  1899    -1
 2864   1354  1361  1364    -1
 2865   2010   604  1742    -1
 2866   1057   346  1087    -1
 2867    825   283  1542    -1
 2868    524   525   528    -1
 2869    856  1696   343    -1
 2870   2381  2349  2030    -1
 2871   2074  2335  1188    -1
 2872    296  1774   798    -1
 2873   1350  2445  1365    -1
 2874   2075  1282  1315    -1
 2875   1590  2167   835    -1
 2876   1526   736   220    -1
 2877    947     9    12    -1
 2878    267   749  1107    -1
 2879   2329  1626  1623    -1
 2880   2251  1349   641    -1
 2881   1395  1399  1387    -1
 2882   1184  2380   305    -1
 2883     29  1104  2279    -1
 2884    306   932  1942    -1
 2885   1375  1369  1368    -1
 2886   2444  1674  1183    -1
 2887    796  2299  2030    -1
 2888   1611   431  1811    -1
 2889    705   460  1505    -1
 2890    196  1741   189    -1
 2891    261   263  1241    -1
 2892    253  2011   730    -1
 2893    193  2213  1038    -1
 2894   1187  1670  1686    -1
 2895     67  1954  1053    -1
 2896   1263   249   256    -1
 2897   2364  2291   178    -1
 2898     10   732   213    -1
 2899   1039   996    88    -1
 2900    355   829   534    -1
 2901   2194   696  1753    -1
 2902   2495  1481  2150    -1
 2903   1488   638  1746    -1
 2904   1101  1096  1099    -1
 2905   1868  1706  1389    -1
 2906   1244   907  1257    -1
 2907   1258  1700  1279    -1
 2908   2327   819   982    -1
 2909   1617  2270   306    -1
 2910     52  1760   470    -1
 2911    149  1639   573    -1
 2912   2369  2466   473    -1
 2913   1080  2363  1999    -1
 2914    517  1446  1876    -1
 2915   2355   321  1780    -1
 2916    846   878  1936    -1
 2917   1251  2431  2137    -1
 2918    617  2415   616    -1
 2919    407  1695  1214    -1
 2920   1884   549  1724    -1
 2921   1624   997  1638    -1
 2922   1708  2043  1812    -1
 2923    741   225   676    -1
 2924   1120   336  1651    -1
 2925    321  2169  2040    -1
 2926   1913   227  1512    -1
 2927   2246   649   650    -1
 2928    819  2327  1547    -1
 2929   1881  1435   546    -1
 2930   2111   793   284    -1
 2931   1171  1851  1181    -1
 2932    738   460    40    -1
 2933   2096  2340  2198    -1
 2934    379   981  1813    -1
 2935   1305  2075  1866    -1
 2936   1953  1629  1068    -1
 2937   1273    79   520    -1
 2938   1344  1345  1334    -1
 2939    488  1788  1779    -1
 2940   1344  1334  1360    -1
 2941   1824  2183    86    -1
 2942   2035  1791  1564    -1
 2943   1352  1355  1339    -1
 2944     49  1098  1105    -1
 2945   2166  1199  2486    -1
 2946      6   424  1613    -1
 2947    424     3  1613    -1
 2948    255  1298  1289    -1
 2949   2353  2457   882    -1
 2950   2392  2068   372    -1
 2951    295  1393  1395    -1
 2952   1808     1   946    -1
 2953    900  1795   838    -1
 2954   2274    36  1840    -1
 2955     11   933  1591    -1
 2956   1924   442  2360    -1
 2957   1414   445  1538    -1
 2958    829   355   325    -1
 2959    400  1078  2057    -1
 2960   2277  1113  1196    -1
 2961   1554   175  1744    -1
 2962    287  1394   317    -1
 2963    496    75    77    -1
 2964    914  1531  2307    -1
 2965    685  2346  2023    -1
 2966   2373  1871  1418    -1
 2967   1310  2317  1989    -1
 2968   2092   621  1894    -1
 2969    641   210  2241    -1
 2970   1065  2174  2377    -1
 2971   2395  1362  1336    -1
 2972   1833   995   999    -1
 2973   1247  1240  1232    -1
 2974   1483  1891   664    -1
 2975     74  1462    78    -1
 2976    802  1532   808    -1
 2977     21  1534  1772    -1
 2978    792    20   280    -1
 2979   1776  2284  2160    -1
 2980   2269  2406   309    -1
 2981   1918  1554   794    -1
 2982   1853   312  2492    -1
 2983   1609   981   379    -1
 2984     95  2241  1501    -1
 2985   1046  1088   117    -1
 2986   1777   859  1786    -1
 2987   1939  1801   933    -1
 2988   1298   256  1289    -1
 2989    826   785  2110    -1
 2990   1241   263  1245    -1
 2991   2043   435   968    -1
 2992   2362   643   600    -1
 2993    227  1913  1752    -1
 2994   2452  2039  2040    -1
 2995    198  1390  1388    -1
 2996   1154  2225  2280    -1
 2997   2388  2210  2085    -1
 2998   1682  1186   112    -1
 2999   1571   834  2456    -1
 3000   1021  1015  1082    -1
 3001    573   570   146    -1
 3002   1220    91  1224    -1
 3003    491  2143   492    -1
 3004   2406  1552   309    -1
 3005    618  1498   640    -1
 3006   1020  1029  1950    -1
 3007    262  1256  1245    -1
 3008   1621  1997  1467    -1
 3009   1559  1580  2263    -1
 3010    470  1760  2292    -1
 3011     49  1658  1663    -1
 3012   2146  1990  2145    -1
 3013    523   113   109    -1
 3014   1601   373  1612    -1
 3015   2027    21   443    -1
 3016    251  1259  1253    -1
 3017   1004   575   581    -1
 3018   1606  1605   375    -1
 3019    682  2020  2322    -1
 3020   2104  1556  1412    -1
 3021   1098    49  1955    -1
 3022   1719   515  1446    -1
 3023    794   162  1918    -1
 3024   2379  1837    57    -1
 3025   1189   114   417    -1
 3026   1208  1434  1231    -1
 3027    939   966   967    -1
 3028   1404   831  2115    -1
 3029   1028   995  2407    -1
 3030   2427  2290  2426    -1
 3031   1634  1039    88    -1
 3032    319  2170  1942    -1
 3033   1807  2045   985    -1
 3034   2480   386   401    -1
 3035   2402  1314  1865    -1
 3036    181  1325  1705    -1
 3037   2105  1412  1922    -1
 3038      4  1522   700    -1
 3039   1522     4   706    -1
 3040   1590   842   269    -1
 3041   1419  2077   771    -1
 3042    996  2215    88    -1
 3043    945   926   423    -1
 3044   2120  1603   961    -1
 3045    204  1378  1377    -1
 3046   1557   801  1558    -1
 3047   1384  1387   289    -1
 3048   2461  1567   902    -1
 3049   2464   115  1449    -1
 3050    323  2211   334    -1
 3051    780  1920  2109    -1
 3052    533   532  1777    -1
 3053   1843  1842  2410    -1
 3054    667  1485   168    -1
 3055    387   421  2393    -1
 3056    570   573  1071    -1
 3057   1842   507   509    -1
 3058   2224  1120   456    -1
 3059    787  2165   824    -1
 3060   2010   183  1740    -1
 3061   1490  2150  1481    -1
 3062    362  1217  1022    -1
 3063   1863  2231   367    -1
 3064    565   141   566    -1
 3065    971   944   928    -1
 3066   2159   229   714    -1
 3067   1529   731   245    -1
 3068    828   122   839    -1
 3069     64   665   599    -1
 3070   1290  1297  1283    -1
 3071    534   861   860    -1
 3072   1909   684  1515    -1
 3073   1837    54  1652    -1
 3074   2441  1119   438    -1
 3075   1321   811  2374    -1
 3076    504   506  1111    -1
 3077    314  1807  2170    -1
 3078   1696  1797   343    -1
 3079   1130  1655    44    -1
 3080    346  1057  1635    -1
 3081   1921  1558   801    -1
 3082    591   629   603    -1
 3083   1249  1236  1244    -1
 3084    614  2288   634    -1
 3085     95   514    98    -1
 3086    983    58  2043    -1
 3087    652   188  1736    -1
 3088   2369  2412   257    -1
 3089    572  2328   994    -1
 3090   2401  2016  2022    -1
 3091   1025  1019    81    -1
 3092   1852   105  2189    -1
 3093   1059  1046  1083    -1
 3094   1915  2322  2020    -1
 3095   1408   431   432    -1
 3096   1945   309   923    -1
 3097   1056  1029  1020    -1
 3098   2082  1437  2462    -1
 3099   1308   496    80    -1
 3100   1428  1713  2250    -1
 3101   1293   764  2300    -1
 3102    778   800  1537    -1
 3103   1594   301  1800    -1
 3104    890   360  2166    -1
 3105   2127   121  2273    -1
 3106   1578   344   269    -1
 3107    686  1518   688    -1
 3108    985  1553  1807    -1
 3109    686   240  1909    -1
 3110   1756  1508  1219    -1
 3111   1792  1928  2352    -1
 3112   1514   727  2478    -1
 3113   2001   649  1493    -1
 3114    348   893  2325    -1
 3115    986  1607  1544    -1
 3116    787   766   811    -1
 3117   2134    92  2066    -1
 3118   2057  2217  1998    -1
 3119   1423  2153  2013    -1
 3120    332    70  2301    -1
 3121   2267   991   984    -1
 3122   1916  2101  2477    -1
 3123   1457  1882  2090    -1
 3124   1747   619   631    -1
 3125    751  1506   752    -1
 3126   1260  2337    77    -1
 3127   1833  1044   995    -1
 3128   2355  2265  2404    -1
 3129     53  1207  1838    -1
 3130    568   144   569    -1
 3131    564   562   563    -1
 3132    186  1329  1308    -1
 3133    314   941  1807    -1
 3134    516   517   520    -1
 3135     31  1140  1139    -1
 3136    689   468  2466    -1
 3137   1424   461    45    -1
 3138    105  1152  2189    -1
 3139    128   127  1640    -1
 3140   1836  1086  2418    -1
 3141   1514   217   727    -1
 3142   1353  1338   199    -1
 3143   2084  1722  1879    -1
 3144   2365   655  2342    -1
 3145   1010  1831   131    -1
 3146    880  1927   839    -1
 3147    988   952   966    -1
 3148    513  1444  1443    -1
 3149    852   260  2208    -1
 3150   2336  1860  1238    -1
 3151    143  1462   140    -1
 3152    383  1077  2218    -1
 3153    693  1198   729    -1
 3154    181  1867  1325    -1
 3155   1033   391  1007    -1
 3156   1164  1169  1855    -1
 3157    756  2103   474    -1
 3158    535  1576  1786    -1
 3159    959   740  1946    -1
 3160   1997  2420  1731    -1
 3161    857   873  1785    -1
 3162   1919   762  2261    -1
 3163   1079  1021  1082    -1
 3164    591   158  2445    -1
 3165    640  1498  2483    -1
 3166   2229  1851  1171    -1
 3167    332  2301   884    -1
 3168   1435   126   544    -1
 3169   1449   523  1878    -1
 3170   2179  1816   384    -1
 3171    620   593  1470    -1
 3172    897   869   855    -1
 3173   2191  2188   416    -1
 3174   1438  1095  1094    -1
 3175   1249  1089  2287    -1
 3176   1220  2236  2278    -1
 3177   2236  1220  1132    -1
 3178   2299   804   277    -1
 3179   1079  1019    84    -1
 3180   1137  1119    53    -1
 3181    821   825  1542    -1
 3182   2169   321   320    -1
 3183     18   970  1599    -1
 3184   1627  2056  2179    -1
 3185   1465   587  1466    -1
 3186    349  1792   879    -1
 3187    985  2045   949    -1
 3188    287  1400   292    -1
 3189   2500   661   200    -1
 3190    548  2414   547    -1
 3191   1738  1458    68    -1
 3192   2022  1519  1507    -1
 3193   2273   121  1631    -1
 3194    147  1000  2088    -1
 3195   2471   140   590    -1
 3196   1156  1248  2074    -1
 3197   2460  1608  1605    -1
 3198    339  1586   895    -1
 3199   1485  1494   168    -1
 3200   2184  1858  2073    -1
 3201    676  1237  1233    -1
 3202    283   450  2028    -1
 3203   1109  2279  2220    -1
 3204    958  1944   264    -1
 3205   1257  1247  1254    -1
 3206   1192  1154   411    -1
 3207   1737  2248  1502    -1
 3208   1014   150  1004    -1
 3209   2179   384  1001    -1
 3210    794  1554  1543    -1
 3211    421  1697  2473    -1
 3212   2140   449   448    -1
 3213    535   860  1452    -1
 3214   2407  1050  1028    -1
 3215   1392   315  1977    -1
 3216   1512  2257  1516    -1
 3217    120  2055  1622    -1
 3218   2148    78   143    -1
 3219    446  1764  1538    -1
 3220    233  2386   705    -1
 3221    919   425  1978    -1
 3222   2325   869   854    -1
 3223    741  2322   702    -1
 3224    802  1924  1532    -1
 3225   2095  1746    74    -1
 3226     90  2222  1128    -1
 3227   1346   381  1352    -1
 3228   1140    31  1135    -1
 3229    847  2239  1787    -1
 3230   2382  2359   526    -1
 3231    365  1212  1784    -1
 3232   2052  1948   950    -1
 3233   1111  2264   875    -1
 3234    217  2018  2230    -1
 3235    940   974  2049    -1
 3236     62  2329    61    -1
 3237   1789   326   344    -1
 3238    198  1388  1397    -1
 3239   2267   984  1979    -1
 3240   1899  2019   757    -1
 3241   1048   585  1403    -1
 3242      4   700   732    -1
 3243   2201   233   747    -1
 3244   1234  1225   261    -1
 3245    170   661  1735    -1
 3246    293  1555   291    -1
 3247    364  1202   129    -1
 3248   2297  1413  1533    -1
 3249   1360  1342  1325    -1
 3250   1836  1074  2480    -1
 3251   2254   720  1914    -1
 3252   2335  1814  1226    -1
 3253   1168   418  1146    -1
 3254   1894  1459   601    -1
 3255   2194   244   733    -1
 3256    576  1954  1048    -1
 3257   2253  1498   618    -1
 3258   1895   647  1499    -1
 3259   2247  2344  2089    -1
 3260   1424  1759   461    -1
 3261    609  2423   202    -1
 3262   1150  1684  2411    -1
 3263   1181   275  1167    -1
 3264    186  1319  1324    -1
 3265   2083  1182  2238    -1
 3266   1431  1260   498    -1
 3267   1538  1764  1917    -1
 3268    689  2254  1914    -1
 3269   1850  1149   318    -1
 3270   1348   210   641    -1
 3271   1371  1390   208    -1
 3272   1565   842   835    -1
 3273   1783  2475   901    -1
 3274    862  2388  1884    -1
 3275   1230   341  1221    -1
 3276    414  1162  1675    -1
 3277    931  2121  1595    -1
 3278   1950  2496  1643    -1
 3279   2140  1418   449    -1
 3280   1921   801  1766    -1
 3281   1281  1203   251    -1
 3282   1736   669   673    -1
 3283   2348  1347  1767    -1
 3284   1645   117  1023    -1
 3285   1260  1431  2287    -1
 3286   1050  2058  2357    -1
 3287    913   980  2118    -1
 3288   1843  2410  1093    -1
 3289   1272   252   237    -1
 3290   1636  1637  1641    -1
 3291   1602  1799  2119    -1
 3292    959  1946   433    -1
 3293   2409  1821  2173    -1
 3294    330   878  1757    -1
 3295    653  1472  1484    -1
 3296   1336  1320  2024    -1
 3297    645  1349  1739    -1
 3298    611  2483  1477    -1
 3299   1750  1900  1754    -1
 3300   1016    67  1007    -1
 3301    971   928   979    -1
 3302    705  1505   691    -1
 3303   1482  2246  2197    -1
 3304   1769  1422  1549    -1
 3305   1645  1818  1083    -1
 3306   1804   956   957    -1
 3307   1967  2237    97    -1
 3308   2290  2500  2426    -1
 3309   2479  2090  2427    -1
 3310    344  1590   269    -1
 3311   1094  1437  1438    -1
 3312   1862  1973  1273    -1
 3313   1752   709  1907    -1
 3314    557  2086  2398    -1
 3315    502  1142  2144    -1
 3316    687   214  2019    -1
 3317   1617   951  1940    -1
 3318   2089  1897  2247    -1
 3319    216  1912  2017    -1
 3320    785  1744  1762    -1
 3321     12     7   954    -1
 3322   1858   387  1215    -1
 3323   1981   814  2284    -1
 3324   1403   575  1463    -1
 3325    209  1363  1373    -1
 3326   1302  1287  1291    -1
 3327   2392  2430  1153    -1
 3328    663  1733  2242    -1
 3329    233   705   691    -1
 3330   2016   707  2022    -1
 3331   1075  1952  1725    -1
 3332    807  1762   175    -1
 3333   1622  2055  2056    -1
 3334   2458  2231   363    -1
 3335   2034   874  1778    -1
 3336   1077  1031  2054    -1
 3337   1274  1286  1275    -1
 3338    319   932  2443    -1
 3339   1274  1203  1282    -1
 3340   2222  1657  1121    -1
 3341   1813   982   379    -1
 3342   2398   558   556    -1
 3343    656  1480  1888    -1
 3344   1619  1238  2455    -1
 3345   1796  1784   856    -1
 3346   1771   783   777    -1
 3347    630  2007  1497    -1
 3348   2227  1671  1682    -1
 3349    515  1876  1446    -1
 3350   1028  1050  2357    -1
 3351   2321  2447  1702    -1
 3352      8  2268   973    -1
 3353   2044   376  1805    -1
 3354   1565  2036   892    -1
 3355   1194  1687  1187    -1
 3356   1455  1435   545    -1
 3357   1301  2468  1287    -1
 3358   1261   397  1283    -1
 3359   2053  1642   179    -1
 3360   2388  2085   549    -1
 3361    991   910   221    -1
 3362   2144  1959   502    -1
 3363   2193   389  1081    -1
 3364   1111   506  2144    -1
 3365    111  2280  1677    -1
 3366   2306  1602  2046    -1
 3367   2399  1428  2250    -1
 3368   2459  1406   239    -1
 3369   2416  1489   623    -1
 3370    910  2304  2049    -1
 3371   2099    50    59    -1
 3372    293   298   782    -1
 3373   2412   473  2455    -1
 3374   2034   848   877    -1
 3375   1546   785  1762    -1
 3376    595  1896   169    -1
 3377   1117  1956  1118    -1
 3378    206  1344  1867    -1
 3379   1042  1032  1072    -1
 3380   1954  1049  2363    -1
 3381   1078  2217  2057    -1
 3382   2197  2423   609    -1
 3383   1453   539  2084    -1
 3384   1634    88  1070    -1
 3385   1821  2357  2058    -1
 3386   2176   146  2088    -1
 3387   1386  1379  1380    -1
 3388   2324   784  1772    -1
 3389   1415  1416   445    -1
 3390   1904  1524   754    -1
 3391   1097  1113  1127    -1
 3392   2093  1471   654    -1
 3393   2110  2207   816    -1
 3394   1431  1987  2320    -1
 3395   2024   294  1336    -1
 3396   1079  1052  1019    -1
 3397    297  2443  1809    -1
 3398   1765  1557   799    -1
 3399   2200  2345   743    -1
 3400   1531  1613  2266    -1
 3401    766  1540  2109    -1
 3402   1598  1606   911    -1
 3403    630  1497  1732    -1
 3404    405  2185  1694    -1
 3405   1933   867   345    -1
 3406    318  1673  1693    -1
 3407   1822  1628   999    -1
 3408   2149  2242   615    -1
 3409    548  1993  1724    -1
 3410   1071  2182   572    -1
 3411   1029  1056  1034    -1
 3412   1243  1255  2286    -1
 3413   1825  1034  1826    -1
 3414   2411  1687  1180    -1
 3415   1634  1070   400    -1
 3416   2396   264   943    -1
 3417   1891  2004   664    -1
 3418   1840  1662  2274    -1
 3419   1614  1618   301    -1
 3420   2120   961  1596    -1
 3421    935  2120  1601    -1
 3422   1246  2467  2286    -1
 3423   2137  1699   279    -1
 3424   2052  2012   755    -1
 3425   1828  1725  1835    -1
 3426   2059   350  1648    -1
 3427    791  1919   788    -1
 3428    429   946   428    -1
 3429    961   922  1596    -1
 3430     20   276  2163    -1
 3431   1164  1159   303    -1
 3432   2219  1120  1124    -1
 3433   1965   305  1169    -1
 3434   1814  2212  2356    -1
 3435   1615  2121   930    -1
 3436    223  1911  1522    -1
 3437    334  2452  2169    -1
 3438    613  2476   564    -1
 3439   1415   445  1414    -1
 3440    827   871  1571    -1
 3441   1103  2390  1652    -1
 3442    525   524  1450    -1
 3443    382  1700  1616    -1
 3444   1378   192  2234    -1
 3445   2268     9   820    -1
 3446   1639   390  1045    -1
 3447   1916  2158  2103    -1
 3448    111  2136    99    -1
 3449   1940  1799   921    -1
 3450    827   119  2114    -1
 3451   1844  2276  2219    -1
 3452   2346   733   758    -1
 3453    559  1458   138    -1
 3454   1162  1965   308    -1
 3455    315  1394   287    -1
 3456   1300  1295  1279    -1
 3457   2195   489  2362    -1
 3458    604  2150   599    -1
 3459    313   936   990    -1
 3460   1697  1818   389    -1
 3461   1475   620  2245    -1
 3462   1759  1425    41    -1
 3463   1333  1704  1323    -1
 3464     83  1022  1217    -1
 3465   1178   413  1672    -1
 3466   1818  1645  1023    -1
 3467    874  2034   857    -1
 3468   1318  1322  1337    -1
 3469    204  1377  1334    -1
 3470   1832  1016  1951    -1
 3471   2067  1248   372    -1
 3472   2369  2254  2466    -1
 3473   1737   616  2248    -1
 3474   1489   646  1498    -1
 3475   1295  1289  1266    -1
 3476   1096  1101  2264    -1
 3477   1335  1346  1337    -1
 3478   2229   377  1851    -1
 3479    739   738    40    -1
 3480   2207   298   291    -1
 3481    558  1949  2332    -1
 3482    798  1548   767    -1
 3483   2198  1741   628    -1
 3484    199  1371  1353    -1
 3485   1800  1799  1940    -1
 3486     61  2329  1623    -1
 3487   1960  1961   336    -1
 3488   2025   805  2498    -1
 3489    891   889   887    -1
 3490    360  1584  1929    -1
 3491   1853  1158  1675    -1
 3492   2376  1067  2408    -1
 3493    136  1456   552    -1
 3494   1715   496  1308    -1
 3495   1202  2282  1884    -1
 3496    556   558  1000    -1
 3497   1742   604   481    -1
 3498     92  2134   116    -1
 3499   1968  1684  1150    -1
 3500   1640  1067   128    -1
 3501   1491  2092  1488    -1
 3502   1849   112  1969    -1
 3503   1972  1252   741    -1
 3504   2338  1432  2139    -1
 3505   1805  1618  2044    -1
 3506   1400  1386   289    -1
 3507   1118  1130  1117    -1
 3508    816   763  1768    -1
 3509   1051  1641   123    -1
 3510   2488  2063  1837    -1
 3511   1156  2074  1669    -1
 3512   1379  1370  1362    -1
 3513    284  2160   776    -1
 3514   1351  1339  1359    -1
 3515   1848  2392   372    -1
 3516    708   242  2385    -1
 3517     75  1262    77    -1
 3518   1445   518   515    -1
 3519   2256  2400  1520    -1
 3520   1872   453  1421    -1
 3521   2173  1821  2419    -1
 3522   1477  2483   642    -1
 3523    946   955   960    -1
 3524   1076  2494  1997    -1
 3525   1348  1350  1365    -1
 3526   2232   419  2317    -1
 3527    173   189  2198    -1
 3528   2207  2110   786    -1
 3529    541  1795   900    -1
 3530   1523   218   706    -1
 3531    197   156  2495    -1
 3532    612   156   197    -1
 3533   2358  1996  2176    -1
 3534    907  1247  1257    -1
 3535   1241  1245  1256    -1
 3536    951  1800  1940    -1
 3537    138  1738   635    -1
 3538    854  2461   322    -1
 3539   1776   793  1981    -1
 3540   2162   802   808    -1
 3541    428   960  1979    -1
 3542   1296  1314  2402    -1
 3543    426   914     5    -1
 3544    629   668   172    -1
 3545   1192  2225  1154    -1
 3546   1093  1844  1112    -1
 3547   1322  1318  1306    -1
 3548   1374  1358  1354    -1
 3549   1403   577   576    -1
 3550   1720  2317   419    -1
 3551   1944   949   950    -1
 3552   1948  1944   950    -1
 3553   2098   595   169    -1
 3554   1551  2360   444    -1
 3555    743   722  2424    -1
 3556    626   595  2098    -1
 3557   1637  2417  1638    -1
 3558   2053   179   195    -1
 3559   1901  2155   680    -1
 3560    277   285  2299    -1
 3561   1255  1243  1986    -1
 3562    608  2476   200    -1
 3563   1260    77  1262    -1
 3564   1708  1812   439    -1
 3565   1862  2493  2494    -1
 3566   2197   609  2151    -1
 3567    606  1487  1472    -1
 3568   1592  1606  1598    -1
 3569   1817  2056  1627    -1
 3570   2284   817  2403    -1
 3571   2174  2056  2055    -1
 3572   1026   999   995    -1
 3573   1918   789   769    -1
 3574   1589  2486  2475    -1
 3575    305  2380  1169    -1
 3576   1928  1792   890    -1
 3577   1755   688  2200    -1
 3578   1248  1235  2074    -1
 3579   1016   391    81    -1
 3580   1314  2232  2317    -1
 3581   1310  1314  2317    -1
 3582    943  1944  1948    -1
 3583    745   739    40    -1
 3584   1287   241  1276    -1
 3585    242  2023  1518    -1
 3586    899   356  1935    -1
 3587   1861   257  2412    -1
 3588    542   131  1062    -1
 3589    895  2167   326    -1
 3590   1701   415  2349    -1
 3591   1467  1999  1621    -1
 3592    748   760  2020    -1
 3593   1022  2216  2310    -1
 3594   1027  1631  1057    -1
 3595   2196  1095  2065    -1
 3596   1661  1113  2277    -1
 3597   1388  1390  1383    -1
 3598   2459   711   731    -1
 3599    736  1908  1509    -1
 3600   1479  2465   190    -1
 3601   1485  1732  1494    -1
 3602   1269  1271  1284    -1
 3603    107  2319   522    -1
 3604    396  1257  1254    -1
 3605   2192   965   939    -1
 3606   1148  2229  1171    -1
 3607   1117  1650  1956    -1
 3608   1139  1140  2064    -1
 3609   1025  2312  1019    -1
 3610   1790   865  1570    -1
 3611   1680  1190  2380    -1
 3612    781   822   282    -1
 3613      1   427   955    -1
 3614   1507   712  1912    -1
 3615    573   574   149    -1
 3616    146   574   573    -1
 3617    914  2307     5    -1
 3618   1934   861   534    -1
 3619   2001  1898  2291    -1
 3620    112  1877  1682    -1
 3621   2195  2095  1702    -1
 3622      8  1552  2406    -1
 3623    653   602  1470    -1
 3624   1830  1036  1031    -1
 3625    727  2138   723    -1
 3626    647   561  1459    -1
 3627   1393   295  1365    -1
 3628   1823  1024   131    -1
 3629   1108  1653  2279    -1
 3630   1137  2390    16    -1
 3631   1051   125  1641    -1
 3632      0   924  1614    -1
 3633    924     0   928    -1
 3634     17   990   440    -1
 3635    615  2009  2149    -1
 3636     52   471   753    -1
 3637   1193  1720  1678    -1
 3638   1185  1179  1620    -1
 3639    346  2126  1952    -1
 3640   1938   260   852    -1
 3641   2119  1608  2460    -1
 3642    624  1736   673    -1
 3643   2385   686  1909    -1
 3644    184  1269   402    -1
 3645   1493   154  1473    -1
 3646    599  2150  1490    -1
 3647    533  1777  2239    -1
 3648   1650   403   404    -1
 3649   1089  1244   397    -1
 3650   1733   637  2248    -1
 3651    608   567   590    -1
 3652     46  1759    42    -1
 3653   2410  2236  1132    -1
 3654   2428  2368   657    -1
 3655   1895  2368  2428    -1
 3656   1508   718   682    -1
 3657    682   718   748    -1
 3658   2228  2188  1163    -1
 3659    371  1239  2051    -1
 3660    870   902  1567    -1
 3661   1223  2230  1527    -1
 3662   2364   666   589    -1
 3663   1868  1355   381    -1
 3664    240  2021   215    -1
 3665    177  1895  2428    -1
 3666   1517  1906    10    -1
 3667   1435  1881   545    -1
 3668   1966  1150   142    -1
 3669   1380   289  1386    -1
 3670   1549  2161  2300    -1
 3671   2300  2161  2323    -1
 3672    942   375  1597    -1
 3673   1743   650   176    -1
 3674   1116  1196   862    -1
 3675   1557  1534   799    -1
 3676    496    77    80    -1
 3677    620  1470  2245    -1
 3678    238   750  2370    -1
 3679   2084  1723   124    -1
 3680   1210  2282  1202    -1
 3681   1129  1105  1957    -1
 3682   1855  1170  2229    -1
 3683   1009  2440  2177    -1
 3684   1221   347  1218    -1
 3685    626   178   595    -1
 3686   1181   412  1963    -1
 3687   1799  1602   921    -1
 3688   1233   263  1219    -1
 3689    786  2110   785    -1
 3690    675   715   212    -1
 3691   1106  1110  1660    -1
 3692   1987    85  2320    -1
 3693   1071  1639  2182    -1
 3694    451    26  1417    -1
 3695     26   451  1982    -1
 3696   2495  2150   197    -1
 3697   1255  1986  2139    -1
 3698   2105  1922  1768    -1
 3699    120  2127  2377    -1
 3700    568   659   513    -1
 3701   2195  2285   489    -1
 3702   2350   770  1923    -1
 3703   2239   534   533    -1
 3704   1661  1958  1115    -1
 3705   1949   558  2398    -1
 3706   1949  2398  2086    -1
 3707   1255  1973  1433    -1
 3708   1643  1822   999    -1
 3709   1487  1495  1484    -1
 3710    672   178   626    -1
 3711   1278  1269   184    -1
 3712    881  1577   877    -1
 3713    721  2347    43    -1
 3714    454   453    27    -1
 3715    837  2429   868    -1
 3716   1581  1195   879    -1
 3717    236  1282  1281    -1
 3718    710   220  1509    -1
 3719    435  1708   437    -1
 3720    412  1181  1851    -1
 3721    277   296   798    -1
 3722   2326   872   879    -1
 3723    326  1590   344    -1
 3724   1285  1288   938    -1
 3725    432   431   433    -1
 3726   1986  1262  1430    -1
 3727    168   639   667    -1
 3728   1173  1178  1163    -1
 3729   1006  2240  2213    -1
 3730    424     6   927    -1
 3731   2097  1471  2093    -1
 3732   1018  2309   133    -1
 3733   1008  2450  1002    -1
 3734   1936  2037   846    -1
 3735    321  1574   320    -1
 3736   2040  1780   321    -1
 3737   1779  1985  1572    -1
 3738    562   564  2476    -1
 3739     58   939   965    -1
 3740    368   915  1943    -1
 3741   2102   746    42    -1
 3742   1551   778  2360    -1
 3743   1255  1246  2286    -1
 3744    916   956     6    -1
 3745   2238  2227  1962    -1
 3746   1711   479    66    -1
 3747    480  1711    66    -1
 3748    754  2157  1521    -1
 3749     79  1432  2413    -1
 3750    550  2308  1040    -1
 3751   1831  2183  1062    -1
 3752     58   983   740    -1
 3753    446    22  1764    -1
 3754     22   446  1416    -1
 3755   1584  1197  1200    -1
 3756    508  1215  2278    -1
 3757    596   626  1500    -1
 3758   1830   909  1829    -1
 3759   2090  2476  1457    -1
 3760    483    65   482    -1
 3761    419  2232  1176    -1
 3762    559   138  1726    -1
 3763   1211   500  2320    -1
 3764   1454   873  1927    -1
 3765   1927   873   857    -1
 3766    984   959  1611    -1
 3767    202  2423   648    -1
 3768   1219  1508  1233    -1
 3769   1690  1679  2133    -1
 3770   1419   771  1420    -1
 3771   1569  2404  2209    -1
 3772   1114   749   273    -1
 3773   2499   977   373    -1
 3774   2361  2158  1916    -1
 3775   1263  1291  1276    -1
 3776   1799   925  1805    -1
 3777   1612   970   953    -1
 3778    285  1288  2381    -1
 3779   1562   119   827    -1
 3780   1562  1787   119    -1
 3781   2173  2419  1005    -1
 3782   1697   387   529    -1
 3783   1109  1106  1108    -1
 3784   1595   425   919    -1
 3785   2250   478   614    -1
 3786   2234  1374  1977    -1
 3787   1728   633    78    -1
 3788    894  1935   536    -1
 3789    633  1728  1702    -1
 3790   1434  1243  2286    -1
 3791   1822   127  1628    -1
 3792    127  1822  1073    -1
 3793   1479   612   197    -1
 3794    137  2009  1495    -1
 3795    773   671  1474    -1
 3796    902  1783   901    -1
 3797   1692   275  1177    -1
 3798   1071   572   570    -1
 3799   2454   437   440    -1
 3800   2045  1807   941    -1
 3801   2359  1720  1193    -1
 3802    478  2250  1713    -1
 3803    828   839   876    -1
 3804    828   876   850    -1
 3805   1800   951  1594    -1
 3806   1458   560   561    -1
 3807   1540   766   775    -1
 3808    269   325  1578    -1
 3809    692  2018   217    -1
 3810   1528  2079  2259    -1
 3811   2479  2476  2090    -1
 3812   1071   573  1639    -1
 3813   1046   153  1088    -1
 3814    666   188   176    -1
 3815    666   176   650    -1
 3816     60  1756   215    -1
 3817   1040    62   993    -1
 3818    779  1767  1541    -1
 3819   1188  1132  1224    -1
 3820    297    12     9    -1
 3821   1498   646   171    -1
 3822   1843  1438  1842    -1
 3823    367  2231  2458    -1
 3824    394  1085  2181    -1
 3825    393  1085   394    -1
 3826    262  1245  1237    -1
 3827     36  2132  1142    -1
 3828   1664  1125  2196    -1
 3829    726   244  2194    -1
 3830   2460  1592   913    -1
 3831   2493  1644  2420    -1
 3832    787   824  2026    -1
 3833     85  1987  1434    -1
 3834    380   976  2192    -1
 3835   1876   518   519    -1
 3836    949  2045   228    -1
 3837     73   531  1985    -1
 3838   2441  1136  1131    -1
 3839    213   680    10    -1
 3840   2077    28   771    -1
 3841    410  2339   415    -1
 3842   1930  1559   888    -1
 3843    226   716   739    -1
 3844    905   904   364    -1
 3845    364   129   905    -1
 3846    892   864   325    -1
 3847    883   887  1938    -1
 3848   2143   494   495    -1
 3849     30    32  1794    -1
 3850   2138   727   217    -1
 3851   1858  2072  2073    -1
 3852   1011  2389  1069    -1
 3853   1476   643  1703    -1
 3854   1904  2102  2201    -1
 3855   2071  1194  1187    -1
 3856   2054  1031  1036    -1
 3857   1315   265  1866    -1
 3858   1903   254  1529    -1
 3859    400  1059  2438    -1
 3860   1767   812  2296    -1
 3861     99  2135  1145    -1
 3862     69   485  2301    -1
 3863     70    69  2301    -1
 3864   1114  1092  1107    -1
 3865    617  1471  2097    -1
 3866   2117   918   934    -1
 3867    349   879  1195    -1
 3868    975   964  2305    -1
 3869    480  1742   481    -1
 3870   1528   463  2079    -1
 3871     16  2276   438    -1
 3872   1610   988   966    -1
 3873    677  1710  2153    -1
 3874    862  1196  1573    -1
 3875    936  1801    15    -1
 3876   2354   883   330    -1
 3877      3  2266  1613    -1
 3878   2215   127  1073    -1
 3879   2315  1166  1671    -1
 3880    581  1403   585    -1
 3881   1588  2042   908    -1
 3882    352  1588   908    -1
 3883    551  1456  1825    -1
 3884   2100   681  1905    -1
 3885   1905   681  1530    -1
 3886   1530   681  1754    -1
 3887   2264  1142  2132    -1
 3888    254  1903  1910    -1
 3889   1841  1667  2061    -1
 3890    686  2021   240    -1
 3891   1668  1131  1136    -1
 3892    662  1497  2243    -1
 3893    368   911   942    -1
 3894    942   911  1606    -1
 3895   1296   764   415    -1
 3896    720  2295   722    -1
 3897    264   986   958    -1
 3898   1754  1911   750    -1
 3899    679  1516   735    -1
 3900    520    79  2413    -1
 3901   1663  1134  1133    -1
 3902    175  1536  1770    -1
 3903   1793   850  1933    -1
 3904   1083   529  2438    -1
 3905    529  1084  2438    -1
 3906   1353  1356  1476    -1
 3907   1355  1375  1368    -1
 3908   1232  1268  1247    -1
 3909   1960   455  1961    -1
 3910    670  1537   800    -1
 3911   1975  1341  1345    -1
 3912   2175  2178  1030    -1
 3913   2178  1953  1030    -1
 3914   1250  1268  1232    -1
 3915   1430  2338  2139    -1
 3916   1524  2157   754    -1
 3917   1755   760   725    -1
 3918   2306  2046   919    -1
 3919   2251   163   660    -1
 3920   2155  1902  1517    -1
 3921    174   166  1919    -1
 3922    791   762  1919    -1
 3923    866   549   544    -1
 3924    517   516  1875    -1
 3925    822   823  1981    -1
 3926   1802   375  1605    -1
 3927   2311  1953  2178    -1
 3928   1482   154  2246    -1
 3929    419  1678  1720    -1
 3930   1857  1191  2444    -1
 3931   1670  2228  1681    -1
 3932   2228  1672  1681    -1
 3933   1140  1100   337    -1
 3934   1034   398  1029    -1
 3935   1154  1845   411    -1
 3936   2280  2225  1677    -1
 3937   2335  1132  1188    -1
 3938   1937  1778  2353    -1
 3939    167  1741   627    -1
 3940   1220  2278    91    -1
 3941    313   937  1547    -1
 3942     76  1328  1703    -1
 3943    189  1741  2198    -1
 3944   1864  1315   236    -1
 3945    336  1120  2497    -1
 3946   1489  1498  2253    -1
 3947    592  2094  2415    -1
 3948   1191  2135  2444    -1
 3949   1058  2417  1020    -1
 3950   1051  1821  2128    -1
 3951   1821  2409  2128    -1
 3952    487   488  1779    -1
 3953   1116  2072  1858    -1
 3954   1992  1879   880    -1
 3955    560  1882   139    -1
 3956    140   141   565    -1
 3957    565   566   563    -1
 3958    391  1033  1025    -1
 3959   1435   544   546    -1
 3960   1649  1102  1956    -1
 3961    377  1170  2380    -1
 3962    608   200   203    -1
 3963   2240   992  1038    -1
 3964   2135  1674  2444    -1
 3965   1381   187   310    -1
 3966   1238  1860  2455    -1
 3967   1836  2418  1635    -1
 3968    809  2260   280    -1
 3969   1504  1745   594    -1
 3970   1686  1670  1681    -1
 3971    728  1514   761    -1
 3972   1279   422  1300    -1
 3973   1891  1483  2439    -1
 3974   2000  2444  1183    -1
 3975      9  2268   948    -1
 3976   1277  1303    80    -1
 3977    927   956  1600    -1
 3978   1872    27   453    -1
 3979    620  1477   642    -1
 3980   1456   136  1825    -1
 3981   1556  1413  1550    -1
 3982    702   683   246    -1
 3983   1707   292  1400    -1
 3984   2097  2249   617    -1
 3985   1970    25  1167    -1
 3986   1567   897   870    -1
 3987     18   928  1810    -1
 3988    664  1737  1483    -1
 3989    721   463  1914    -1
 3990     78  2148  1885    -1
 3991     78  1885  1728    -1
 3992    308  1169  1164    -1
 3993   2365   622   655    -1
 3994    550  1040  1835    -1
 3995   2106   444   443    -1
 3996   2252   600   643    -1
 3997   2065  1843  1112    -1
 3998   1592  2460  1605    -1
 3999    982  1773  2491    -1
 4000   1612   977  1599    -1
 4001    970  1612  1599    -1
 4002    331  2113  1404    -1
 4003    812  1767   818    -1
 4004   2151  1482  2197    -1
 4005    822   771  1763    -1
 4006   1127  2221  1666    -1
 4007   1504  1734  1747    -1
 4008   1504   594  1734    -1
 4009    193  1038  1646    -1
 4010   2259    46    47    -1
 4011   2446  1735   661    -1
 4012   1924  2360   288    -1
 4013   1579  2116  2037    -1
 4014    796   797   774    -1
 4015   1493   649   154    -1
 4016   1799  1800   925    -1
 4017    864   892  2036    -1
 4018   2014   687  1517    -1
 4019   1896  2008  1893    -1
 4020   2008  1896  1898    -1
 4021    765   770  2262    -1
 4022   2384  1487   606    -1
 4023   1342   209   205    -1
 4024   2402  1549   764    -1
 4025    764  1549  2300    -1
 4026    635  1428   138    -1
 4027    138  1428  2399    -1
 4028    385  1060  1828    -1
 4029    993   385  1828    -1
 4030    300   821  1542    -1
 4031    846   872  2326    -1
 4032   2254  2295   720    -1
 4033   2427   648  2290    -1
 4034    307  1336  2434    -1
 4035    983  2043   968    -1
 4036   1215   508  1116    -1
 4037   2005   625  1741    -1
 4038   1883  1460  1727    -1
 4039   2238  2315  2227    -1
 4040   1060  1829  2330    -1
 4041   1744   785   826    -1
 4042   1543  1744   826    -1
 4043    908   343   352    -1
 4044   2326   879  2352    -1
 4045   1336  1362  2434    -1
 4046    820   936  1547    -1
 4047    684  1909   253    -1
 4048    730   684   253    -1
 4049    347  1232  1218    -1
 4050   1746  2095   600    -1
 4051   1170   377  2229    -1
 4052    978   924  1599    -1
 4053   1968   416  2226    -1
 4054   1745   632  1494    -1
 4055   2077  1983   454    -1
 4056   1619  1229   964    -1
 4057   1386  1389  1376    -1
 4058   2431  1963   412    -1
 4059   2367  1889  2290    -1
 4060   1101  2063   359    -1
 4061   1890   607    68    -1
 4062   1384  1380  2395    -1
 4063   1473   164  2007    -1
 4064   1036  1830  1829    -1
 4065   1036  1064  1819    -1
 4066    519   520   517    -1
 4067   1068  1622  1817    -1
 4068    580   583  1730    -1
 4069    195  2088  1000    -1
 4070   2176  2088   195    -1
 4071    218   223   706    -1
 4072    312   420  2492    -1
 4073     72  1789   863    -1
 4074   1702  2095   633    -1
 4075   1155  1674   142    -1
 4076    904    85   364    -1
 4077   2199  2009   137    -1
 4078   1653  2060  2279    -1
 4079   2400  2204   235    -1
 4080   1914   463  1427    -1
 4081   1546  1762   807    -1
 4082   2471   567  1995    -1
 4083    555   553   554    -1
 4084    882  2457   852    -1
 4085   2011   692   219    -1
 4086    261   270  1234    -1
 4087   2089  2344  2199    -1
 4088   2333  1161   105    -1
 4089   1161  1152   105    -1
 4090   2276  1110  2219    -1
 4091    337  1123  1140    -1
 4092   2439   165   159    -1
 4093   1394  1392  1391    -1
 4094   1262    75  1430    -1
 4095    104  1151  2394    -1
 4096    871  2114  1563    -1
 4097    871  1563  1585    -1
 4098   1572   531   118    -1
 4099    622   652  1736    -1
 4100   2075  1315  1866    -1
 4101   1283  1277  1261    -1
 4102    714  2294   696    -1
 4103    354  1578   849    -1
 4104   2262   798  1774    -1
 4105   1016  2087    67    -1
 4106    434    13    11    -1
 4107   2283   341  1230    -1
 4108   1664  1112  2219    -1
 4109   2195  2413  2285    -1
 4110   2413  2195  2447    -1
 4111    854   322  1931    -1
 4112   1617  1940  2270    -1
 4113    866   132  2487    -1
 4114    220   736  1509    -1
 4115   1216  1226  1814    -1
 4116   1006   136  2448    -1
 4117   1429   489   491    -1
 4118   1429    76   489    -1
 4119    492  1429   491    -1
 4120    409  1848  1165    -1
 4121   1693  1699  1850    -1
 4122    953   378   972    -1
 4123   1954   576  1053    -1
 4124    554   553  2086    -1
 4125   1802   376   375    -1
 4126    130  1926  1797    -1
 4127   1292  1294  1284    -1
 4128    128  2376  1628    -1
 4129   1849  1969   417    -1
 4130   1186  1682  1671    -1
 4131    301  1594   989    -1
 4132   1862  2484  1973    -1
 4133    430     7    12    -1
 4134   1157  2473   389    -1
 4135    519  1273   520    -1
 4136    707  2016   695    -1
 4137    695  2016   717    -1
 4138    980   913  1598    -1
 4139   2265   884  2301    -1
 4140    965  2192   976    -1
 4141   1966  2469   104    -1
 4142   1749   214   687    -1
 4143   1252  1265   225    -1
 4144    138  1458  1738    -1
 4145   2147  1458   559    -1
 4146   1930  1570    32    -1
 4147    836  1930    32    -1
 4148   2181  1085   401    -1
 4149    317  1389  1400    -1
 4150   2462  1439  2082    -1
 4151    620   642   593    -1
 4152   1980   449    24    -1
 4153    646  2343   171    -1
 4154   2374  2109  1920    -1
 4155    142  2469  1966    -1
 4156   1829   909  2330    -1
 4157   1060   385  1829    -1
 4158     55   474  2103    -1
 4159   1367   209  1373    -1
 4160   1186  1166  1179    -1
 4161   1512  1516  1913    -1
 4162    694  1859  2455    -1
 4163    191  1889   622    -1
 4164    179   395  2331    -1
 4165    193  2271  2332    -1
 4166    653  1470  1729    -1
 4167   2047   371    17    -1
 4168   1212   358   357    -1
 4169   1423   224  2202    -1
 4170   1803  1941   929    -1
 4171   2310  2216  1063    -1
 4172   1720  2237  1967    -1
 4173    894   899  1935    -1
 4174   1679  1447  1175    -1
 4175    243  1583   885    -1
 4176    885  1583  1561    -1
 4177    243   885   833    -1
 4178   2282  1209  2072    -1
 4179   1420   822   781    -1
 4180     35  2404    71    -1
 4181     35  2035  2404    -1
 4182     71  2404   485    -1
 4183   2012   950   228    -1
 4184   1510  2257  1513    -1
 4185   1781   832  1583    -1
 4186   1017  1819  2125    -1
 4187    810   775   304    -1
 4188   2389  2313  1069    -1
 4189    297   948   316    -1
 4190    297     9   948    -1
 4191   1861  1860  2336    -1
 4192   2025  2498  2403    -1
 4193    799  1534  2472    -1
 4194    571   145   570    -1
 4195    571   147   145    -1
 4196   1891   159  2004    -1
 4197   2304  1947   940    -1
 4198    755  2012   991    -1
 4199   2267   755   991    -1
 4200   1125  1959   501    -1
 4201    231  1299  2468    -1
 4202    373  1601   934    -1
 4203   2100   214  1749    -1
 4204   2081  2293   477    -1
 4205   2266  2050  1531    -1
 4206   2020   760  1915    -1
 4207   1536   806   769    -1
 4208    413  2069  1846    -1
 4209   1349   645  2006    -1
 4210   2183  1824  1047    -1
 4211    688   734   686    -1
 4212   1988  1024   996    -1
 4213   1369  1391  1392    -1
 4214    173  2318   603    -1
 4215   2308  2309  1018    -1
 4216   1454  1927   880    -1
 4217   1823   127  2215    -1
 4218    942  1803   368    -1
 4219   2171  1615   979    -1
 4220    714  1913  2294    -1
 4221   2276  1844   438    -1
 4222    158   591   603    -1
 4223    955   426     5    -1
 4224    955   427   426    -1
 4225    185  1367  1373    -1
 4226   1313  2468  1301    -1
 4227   1535  2348  1865    -1
 4228   2348  1535  1347    -1
 4229    770  2350   824    -1
 4230    638   601   141    -1
 4231   1775  2323   452    -1
 4232    690   715   213    -1
 4233   1429   492   490    -1
 4234   2255  1511  1525    -1
 4235    142  2136  1688    -1
 4236    142  1674  2136    -1
 4237   2206   768   813    -1
 4238   2206  1539   768    -1
 4239   1721  2134  1451    -1
 4240    525  1450  1721    -1
 4241     54  1660  2421    -1
 4242   1998  1468   587    -1
 4243   1770   783  1771    -1
 4244    205  1324  1319    -1
 4245     85  1434  1208    -1
 4246   1212  1228  1784    -1
 4247    121   120  1629    -1
 4248    121  2127   120    -1
 4249    299   307  2434    -1
 4250   1335   307   299    -1
 4251   1370   299  2434    -1
 4252   1015  1021    82    -1
 4253   1480   656  2097    -1
 4254   1240  1247   907    -1
 4255   1288  1309  1300    -1
 4256    689   469   468    -1
 4257     49  1663  1955    -1
 4258   1597   375  1798    -1
 4259    800   768   670    -1
 4260    966   939  2122    -1
 4261    272  1837  2063    -1
 4262    711   746  1520    -1
 4263    902   903   322    -1
 4264   2382  1441  2237    -1
 4265   1419  1420  1871    -1
 4266   2418  2129   125    -1
 4267   1813   309  1552    -1
 4268    301   925  1800    -1
 4269   1873  1436  1094    -1
 4270    678   213   715    -1
 4271   2312  1072  1032    -1
 4272   1809  1808   430    -1
 4273   2137  1691  1699    -1
 4274   1637  1061  2417    -1
 4275   1107   749  1114    -1
 4276   2296    28  1769    -1
 4277   2121  2172  2050    -1
 4278   1421  1982   451    -1
 4279   1449  1193   113    -1
 4280    581  1008  1004    -1
 4281   1052  1082  1951    -1
 4282    162   792  2260    -1
 4283    625   627  1741    -1
 4284    558  2332  1642    -1
 4285   1041  1013  2358    -1
 4286     19   802  2297    -1
 4287   1988  1063  1010    -1
 4288   1907   709   250    -1
 4289    144   568  1443    -1
 4290     21  1768  2472    -1
 4291    895  1586  2167    -1
 4292    768  1539  1474    -1
 4293   2125  2175  1017    -1
 4294    387  1858  1084    -1
 4295     49  1649  1658    -1
 4296    855  2325   843    -1
 4297   2438  2214  1634    -1
 4298   1144  2281  1148    -1
 4299    958  1544   985    -1
 4300     12  1591   947    -1
 4301   2175  1003  1017    -1
 4302   2166  2486  1589    -1
 4303    651  1747   631    -1
 4304    440  1709    17    -1
 4305    452  1421   451    -1
 4306     21  1772   443    -1
 4307   1787  2239   119    -1
 4308   2465   182  1496    -1
 4309   2465  1740   182    -1
 4310    368  1943   911    -1
 4311   1542  1545   765    -1
 4312    862  1884  2282    -1
 4313    791   809   762    -1
 4314    391  1025    81    -1
 4315    752  1530   751    -1
 4316   2271   392  1642    -1
 4317   1734   636  1747    -1
 4318   1734  2366   636    -1
 4319   2406  2269   316    -1
 4320   1973  2139    79    -1
 4321   2139  1973  1255    -1
 4322    416  1852  2189    -1
 4323    367   361  1259    -1
 4324   1259  1863   367    -1
 4325    302  1376  1706    -1
 4326    302  1706  2481    -1
 4327   2395  1336   294    -1
 4328   1478  1897   623    -1
 4329    441   436  1709    -1
 4330   1775   774   797    -1
 4331   1210  1202  1208    -1
 4332   2407  1044   906    -1
 4333   2407   906  1050    -1
 4334   1012  1625  2449    -1
 4335    253   240   742    -1
 4336   1502   594   662    -1
 4337   1737  1502   662    -1
 4338    758   688  1518    -1
 4339   2211   323  2039    -1
 4340   2452  2211  2039    -1
 4341   2037   872   846    -1
 4342   2418  1086  2129    -1
 4343    624   655   622    -1
 4344    997  2357  1820    -1
 4345   1333   658  1357    -1
 4346   1146  2136   111    -1
 4347    601  1892  1894    -1
 4348   2029   770  1545    -1
 4349     27  2161  1549    -1
 4350   2049  1610   910    -1
 4351   1228  1211   856    -1
 4352   2475  1783   891    -1
 4353    688  2345  2200    -1
 4354   1777   119  2239    -1
 4355   1901  1751  2155    -1
 4356   1486   615  2242    -1
 4357   1486  2242   611    -1
 4358   1779   865   487    -1
 4359   1898   598  2291    -1
 4360   2126  1009  2177    -1
 4361   1776   284   793    -1
 4362    310  1398  1393    -1
 4363   1292  1286  2316    -1
 4364   1546   786   785    -1
 4365   1124  1959  1125    -1
 4366   1930   888  1791    -1
 4367   1073   399   390    -1
 4368   2186  1694  1128    -1
 4369    406  2186  1128    -1
 4370    639   169   667    -1
 4371   1540   810   817    -1
 4372   1889   652   622    -1
 4373   1312  1290   184    -1
 4374    321  2355  1569    -1
 4375   1574   321  1569    -1
 4376    888   830  1791    -1
 4377    717  2016    37    -1
 4378    679  2387  2294    -1
 4379    729  1694  1695    -1
 4380    413  1178  2069    -1
 4381   1229  1216  2356    -1
 4382    238  1908   736    -1
 4383    645  2342   668    -1
 4384    663   637  1733    -1
 4385   2219  1110  1120    -1
 4386   2437  1764    22    -1
 4387    679   716   226    -1
 4388    542  1067  1640    -1
 4389    952   988   370    -1
 4390   1116   508    94    -1
 4391    103  1152  1161    -1
 4392    349  1584  1792    -1
 4393    586   153  1046    -1
 4394    995  1028  1066    -1
 4395   1533  1412  2105    -1
 4396   2446  2342  1735    -1
 4397   1807   311  2170    -1
 4398    311  1942  2170    -1
 4399    562  2476   590    -1
 4400   1431   498   499    -1
 4401    655   668  2342    -1
 4402   1675  1162  1853    -1
 4403    664   617   616    -1
 4404    930   980  1598    -1
 4405   1628  2376   999    -1
 4406   1489  2416   646    -1
 4407   2077  1419  1982    -1
 4408    777  2163  1771    -1
 4409     28  1422  1769    -1
 4410    252   270  1256    -1
 4411   1138   271  1114    -1
 4412   2025  1921  1766    -1
 4413    292   281  1402    -1
 4414    792   794   276    -1
 4415   1054  2073  2474    -1
 4416   1933   850  1452    -1
 4417   1560  1586   837    -1
 4418    556   557  2398    -1
 4419   1153  2430  1620    -1
 4420   1366  1367  1372    -1
 4421   1870  2140    23    -1
 4422   2334   349  1195    -1
 4423   1483  2243  2244    -1
 4424     29  2279  2060    -1
 4425   2425  2414   130    -1
 4426     93  1717  1874    -1
 4427   1897  2089  1748    -1
 4428    935  1612   953    -1
 4429   1510   224  2015    -1
 4430   1620  1184  1153    -1
 4431     59   467   756    -1
 4432    828   850  1793    -1
 4433   1664  2065  1112    -1
 4434   1761   698  1523    -1
 4435    960     5   987    -1
 4436      5  2052   987    -1
 4437   1459  1894   647    -1
 4438   2350  1923  1558    -1
 4439   1486  1475   605    -1
 4440   1475  1486  1477    -1
 4441   2358  1834   148    -1
 4442   2489  1795  1568    -1
 4443   2412  2369   473    -1
 4444    886   486   487    -1
 4445    487   486  2501    -1
 4446     22    24  1925    -1
 4447   2359  2382  2237    -1
 4448    920   975  1806    -1
 4449     78  1462   143    -1
 4450   1092  1957  2060    -1
 4451   2067  2051  1248    -1
 4452   1911  2370   750    -1
 4453    258   265  1331    -1
 4454     59   476  2099    -1
 4455   1252   225   741    -1
 4456    996  1024  1823    -1
 4457   1678   419  1854    -1
 4458    693   723  1198    -1
 4459    191  2446  2003    -1
 4460   1389  1706  1376    -1
 4461    296   804   300    -1
 4462    746    47    46    -1
 4463    567   569  1995    -1
 4464   1995   569  2002    -1
 4465    858   354  2302    -1
 4466    964   266  2124    -1
 4467   1356   158  2318    -1
 4468   1930  1791  1570    -1
 4469   1471   617  2004    -1
 4470    621   647  1894    -1
 4471   1364  1374  1354    -1
 4472   1100  1133  1134    -1
 4473   2054  1036  1819    -1
 4474    227  2255  1512    -1
 4475    400  1070  1078    -1
 4476    339   834  1571    -1
 4477    890  1589  1928    -1
 4478   2166  1589   890    -1
 4479    133   394  1018    -1
 4480   1805  1802  1608    -1
 4481    328  2303  1563    -1
 4482   1593   922  2485    -1
 4483    761  2158   259    -1
 4484     19  1924   802    -1
 4485   1479  1740  2465    -1
 4486      2  2171   989    -1
 4487   1919  2261   174    -1
 4488   1929  1204  1971    -1
 4489    226   462  2387    -1
 4490   1404  1583   832    -1
 4491   1174  2069  1178    -1
 4492   1877   112  1849    -1
 4493   2137  1194  1177    -1
 4494   1865  2348  1769    -1
 4495    790  1865  1769    -1
 4496    635  1738   484    -1
 4497   1738    68   484    -1
 4498    820  1801   936    -1
 4499   2339  1296   415    -1
 4500   2368   627   657    -1
 4501    627  2368   167    -1
 4502    805  2025  1766    -1
 4503    659   163    95    -1
 4504   1670  1187  1687    -1
 4505    418  1149  1676    -1
 4506    459  2386    40    -1
 4507   2087  1832  1076    -1
 4508    507  1842  1438    -1
 4509   1234  1253   361    -1
 4510   2265  2355  1780    -1
 4511   2029  1545  2298    -1
 4512   1480  2495  1478    -1
 4513   2495   156  1478    -1
 4514   2416  2091   646    -1
 4515   1712   665  2288    -1
 4516   1712  2288  2341    -1
 4517   1505   677   691    -1
 4518   1012  1037  2177    -1
 4519   1669  2074  1188    -1
 4520   2377  2127  1830    -1
 4521   1039  2214  2184    -1
 4522   2214  1084  2184    -1
 4523   2281  1855  1148    -1
 4524   2281  1164  1855    -1
 4525     45   461   462    -1
 4526   2237  1720  2359    -1
 4527   1224  1669  1188    -1
 4528    383  1816  2174    -1
 4529   2375  2166   351    -1
 4530   1669  1165  1156    -1
 4531   1017  1003  2378    -1
 4532    697  2346   685    -1
 4533    238   736   704    -1
 4534   1694  1126   405    -1
 4535    329   405  1126    -1
 4536    750   751  1530    -1
 4537    567   659   568    -1
 4538   1659  1958  1090    -1
 4539    500  1431  2320    -1
 4540   1286  1292  1275    -1
 4541   1995   143  2471    -1
 4542   1995  2002  2148    -1
 4543   1995  2148   143    -1
 4544    669  2005   673    -1
 4545   1939  2454    15    -1
 4546   1464   578  1834    -1
 4547    320   243   833    -1
 4548   2334  1197  1584    -1
 4549    858  1582  2033    -1
 4550   1582    72  2033    -1
 4551   1658   335  2223    -1
 4552   2201  2156  2386    -1
 4553   2274  1662  2059    -1
 4554   1493  1898  2001    -1
 4555    636   663  2149    -1
 4556   1530   695  1905    -1
 4557    695  1530   752    -1
 4558     41  1984    43    -1
 4559   1976  1358   192    -1
 4560   1670  1684  1968    -1
 4561   1687  1684  1670    -1
 4562    428   946   960    -1
 4563   1202   364  1208    -1
 4564   1069  1836  1011    -1
 4565   1557  1772  1534    -1
 4566   1513  2257  1512    -1
 4567   1491  2198   628    -1
 4568    306  1942  1617    -1
 4569   1540   814   780    -1
 4570   2075  1274  1282    -1
 4571   1750  1749   212    -1
 4572   1658  2223  1663    -1
 4573    266    58   965    -1
 4574     58   266   475    -1
 4575   2475   887  1589    -1
 4576    389  1023  1081    -1
 4577   1841  1129   271    -1
 4578   1318   255  1295    -1
 4579   1619  1859  1229    -1
 4580   1749  1750  2100    -1
 4581   1297  1311  1319    -1
 4582   1569  2209  2041    -1
 4583     35    71   886    -1
 4584    886    71   486    -1
 4585   2007  2008  1473    -1
 4586    892   842  1565    -1
 4587   1943  1810   944    -1
 4588   1962  2227   106    -1
 4589   1077  2054  2218    -1
 4590    313  2031   937    -1
 4591   2031   313   962    -1
 4592   2480  1086  1836    -1
 4593   2078  1651   336    -1
 4594   1405   816  1922    -1
 4595   1790    35   865    -1
 4596    593  2343  1729    -1
 4597    450   825  1417    -1
 4598   1936  2210  2037    -1
 4599   1159  1964  2070    -1
 4600    858  2501  2351    -1
 4601    855   869  2325    -1
 4602   1765   799  1555    -1
 4603   2222   406  1128    -1
 4604   2266   425  1595    -1
 4605   1991  1443  1444    -1
 4606   1156  1848   372    -1
 4607    337  1134   338    -1
 4608    248  2429  2442    -1
 4609    144  2321  1728    -1
 4610   1558  1921  2350    -1
 4611   1280    97  2237    -1
 4612   1727  1460  1459    -1
 4613   2007   630  2008    -1
 4614   1803   942  1597    -1
 4615   1103  1652    54    -1
 4616   1988   996  1039    -1
 4617    100  1088  2420    -1
 4618    389  2473  1697    -1
 4619   1064  1036  1829    -1
 4620   1566   853  1565    -1
 4621    272    57  1837    -1
 4622    311   951  1617    -1
 4623    311  1553   951    -1
 4624    588  1468  2217    -1
 4625    234  1910  1903    -1
 4626    801  1557  1765    -1
 4627    474   471  2081    -1
 4628   2241  2251   641    -1
 4629   1126  1195   329    -1
 4630   2146  2317  1967    -1
 4631   1640   131   542    -1
 4632   1182   412  1851    -1
 4633    759   742   240    -1
 4634   1687   279  1180    -1
 4635   2410  1842  2236    -1
 4636   1110  2421  1660    -1
 4637     99  2136  1674    -1
 4638    499   498  1262    -1
 4639   2400   235  1520    -1
 4640   2202  2203   717    -1
 4641   2059  1141   350    -1
 4642   1500   626  2098    -1
 4643   1500  2098   160    -1
 4644   1174  1689  1447    -1
 4645   1447  1690  1174    -1
 4646    502  2224    36    -1
 4647   2068  2392  1153    -1
 4648   1207  1214  1695    -1
 4649    203   661   170    -1
 4650    114   116  2464    -1
 4651   2277  1116    94    -1
 4652   1019  2312    84    -1
 4653   1671  1166  1186    -1
 4654   2061  2062   366    -1
 4655    967   380  2192    -1
 4656   2117  2120   369    -1
 4657   1856  1267  2067    -1
 4658   1267  2051  2067    -1
 4659   1275   363  2231    -1
 4660    123  1637  1638    -1
 4661   1921  2025  2026    -1
 4662   2006   645   668    -1
 4663   2070   413  1846    -1
 4664    177   596   157    -1
 4665    167  2368  1499    -1
 4666   2491  1609   379    -1
 4667   2460  2118   926    -1
 4668   2501    69  2351    -1
 4669   2246   650  1743    -1
 4670   2292  1760   407    -1
 4671    986  1544   958    -1
 4672   1438  1437   507    -1
 4673    731  1529   254    -1
 4674   1911   223  2370    -1
 4675   2370   223  1908    -1
 4676    867   854  1931    -1
 4677   1177  2071  1692    -1
 4678   1258  1279  1265    -1
 4679   1524   216  2157    -1
 4680   1681  1672   413    -1
 4681   1759    46  1425    -1
 4682    509  1718  2236    -1
 4683   1668  2410  1132    -1
 4684   1588  1932   342    -1
 4685   2414   548  1724    -1
 4686    240   215   759    -1
 4687   1335  2481  1346    -1
 4688   1917  1764  2437    -1
 4689   1002  2450   390    -1
 4690    694  2292  1859    -1
 4691    591  2445  1350    -1
 4692    772  1541  2432    -1
 4693    539   540  1722    -1
 4694   2198  2340   173    -1
 4695   1093  1112  1843    -1
 4696   1184  1620  1179    -1
 4697    963  1609   938    -1
 4698   1838  2186   406    -1
 4699   2371  2386  2156    -1
 4700   2271  1642  2332    -1
 4701    515   518  1876    -1
 4702   1195  1581   329    -1
 4703    845  2457  2353    -1
 4704   2413  1432  2285    -1
 4705     12   297  1809    -1
 4706    808   175  1770    -1
 4707   1821  1051  1820    -1
 4708   2233  1368  1364    -1
 4709    495   494  1430    -1
 4710    757  2203  1761    -1
 4711    657   672   626    -1
 4712    786  1546   298    -1
 4713   1136  2410  1668    -1
 4714    442  2105  2027    -1
 4715   1169   308  1965    -1
 4716    688   758  2345    -1
 4717   2336  1972  1861    -1
 4718    291   298   293    -1
 4719    734  1755   725    -1
 4720    523   109   522    -1
 4721    896  1199  2375    -1
 4722    103  2189  1152    -1
 4723    491   489  2285    -1
 4724   1422    27  1549    -1
 4725   1085   393  1636    -1
 4726   2012   228  2304    -1
 4727    102    96  2189    -1
 4728   2259  2080  1528    -1
 4729    250   709  2017    -1
 4730    250  2017  1912    -1
 4731    592  2415  2249    -1
 4732   2243  1737   662    -1
 4733    954  1811   431    -1
 4734    678  1901   680    -1
 4735     90  1097  1127    -1
 4736   1038  2213  2240    -1
 4737   2240   552  1827    -1
 4738    170  1735  2251    -1
 4739    596  1742   157    -1
 4740   1167  1692  1970    -1
 4741   2263  1582   331    -1
 4742   2095  2195  2362    -1
 4743    150   578  1004    -1
 4744    196  1492   673    -1
 4745   1461  1728  1885    -1
 4746    579  2217  1078    -1
 4747    579  1080  2217    -1
 4748   2323  2161   452    -1
 4749   1449   115  1193    -1
 4750   2359  1193   115    -1
 4751   1975   206  1503    -1
 4752    535  1786   859    -1
 4753   2244   164  2439    -1
 4754    443   444  2027    -1
 4755    210  1326  1989    -1
 4756    987  2052   755    -1
 4757    239  2477  2259    -1
 4758   1450  2464   116    -1
 4759   1034  2328   398    -1
 4760   1994  1949   555    -1
 4761    571   570   572    -1
 4762    549  1884  2388    -1
 4763    865  1779   851    -1
 4764    952   370   382    -1
 4765    339  1571  1585    -1
 4766   2206   795   284    -1
 4767   2482  1317  1298    -1
 4768    246   683   257    -1
 4769   1317  2482   374    -1
 4770    312   303   420    -1
 4771   1313  1301  1330    -1
 4772   1896  1893   667    -1
 4773   1925  2111   795    -1
 4774   2335  1235  1814    -1
 4775    359  2391  1115    -1
 4776   2391  2221  1115    -1
 4777   2121   931   980    -1
 4778   1709   436  2433    -1
 4779   2233  1361  1332    -1
 4780    194   808  1532    -1
 4781    757  1523  1899    -1
 4782    610   605  1475    -1
 4783    510  2193  1081    -1
 4784   2498   776  2160    -1
 4785   2498  2160  2403    -1
 4786   1929   351   360    -1
 4787   1199  2166  2375    -1
 4788    381  2481  1706    -1
 4789    195   179  1630    -1
 4790    501  2144   506    -1
 4791   1584   349  2334    -1
 4792   2468   241  1287    -1
 4793   1578   325   849    -1
 4794    284  1776  2160    -1
 4795   1588   838  1932    -1
 4796    682  2322   741    -1
 4797    726   720   722    -1
 4798   1680  1166  1190    -1
 4799   2473  2134  2066    -1
 4800    599   665   604    -1
 4801    250  2258  1907    -1
 4802   2084  1879  1723    -1
 4803   2019   214   713    -1
 4804    632   190  1496    -1
 4805   2357   997  1624    -1
 4806    388  2408  1042    -1
 4807   1072   388  1042    -1
 4808    229  2346   697    -1
 4809    101  1447  1689    -1
 4810    129   547   905    -1
 4811   2477  2101   465    -1
 4812   2259  2477   465    -1
 4813    444  2360   442    -1
 4814   1255  1433  1246    -1
 4815   1588   352   838    -1
 4816    847   534  2239    -1
 4817   2394  1151  1143    -1
 4818   1387  1399  1707    -1
 4819   2186  1207  1695    -1
 4820    767   277   798    -1
 4821   2500  2476  2479    -1
 4822    513    98  1445    -1
 4823   1915   699   683    -1
 4824   2142  1481  2093    -1
 4825   1013  1007  1053    -1
 4826    896   351  1205    -1
 4827   2389  1629  1953    -1
 4828   2311  2389  1953    -1
 4829    901  2486  1199    -1
 4830    501    89  1125    -1
 4831   1125    89  1095    -1
 4832   1748  2384  2091    -1
 4833    679   226  2387    -1
 4834    807   808   194    -1
 4835   1229  1859  1214    -1
 4836    589  2001  2364    -1
 4837    102   101  1689    -1
 4838   1635  2272  1011    -1
 4839   1653    33  1839    -1
 4840   1607  1594   951    -1
 4841    798  2262  2165    -1
 4842   2263   331  2115    -1
 4843    497  1262  1986    -1
 4844   1256   262  1276    -1
 4845   2085  2210   873    -1
 4846   2186  1695  1694    -1
 4847    217  1514   728    -1
 4848   1099  1096  1648    -1
 4849    502    36  1142    -1
 4850   1568  1880  2489    -1
 4851    513   659    95    -1
 4852    977  2044  1599    -1
 4853   2377  1031  1065    -1
 4854    245   235  1529    -1
 4855   1951  1016    81    -1
 4856    468   469    48    -1
 4857   1335  1322  1320    -1
 4858    278  1320  1322    -1
 4859   1299   241  2468    -1
 4860    667   630  1485    -1
 4861   1099  1648   350    -1
 4862   2459   239    47    -1
 4863    992  1646  1038    -1
 4864   2489  1880  2490    -1
 4865   2405  1698   976    -1
 4866   2405   976   380    -1
 4867    817   304  2403    -1
 4868   1546   194   671    -1
 4869   1705  1325  1342    -1
 4870    178  2291   598    -1
 4871   2157   247  1521    -1
 4872   2200   743  2424    -1
 4873    509   507  1091    -1
 4874   1879  1992   536    -1
 4875    473   694  2455    -1
 4876   1976  1503  1866    -1
 4877   1376  1379  1386    -1
 4878   1854  1176   110    -1
 4879    399  2496   398    -1
 4880   1045   399   398    -1
 4881   1399  1402   281    -1
 4882    708  1515   235    -1
 4883   1515   708  2385    -1
 4884   2017  2157   216    -1
 4885   1854   110  2133    -1
 4886    729  1695   407    -1
 4887   1417   825  1775    -1
 4888   2116   353   872    -1
 4889   1286  1305  2316    -1
 4890   2242  1733   640    -1
 4891    931   423  2118    -1
 4892   2102  2156  2201    -1
 4893   1862  2494  2484    -1
 4894    975  2305  2356    -1
 4895    312   308   303    -1
 4896    308   312  1853    -1
 4897    415  1293  2349    -1
 4898   1755   222   760    -1
 4899    637  2366  1502    -1
 4900   2123  1804   957    -1
 4901   1976  1866  1340    -1
 4902     90  1657  2222    -1
 4903   1666  1657    90    -1
 4904   1763   818   823    -1
 4905   2391  1666  2221    -1
 4906    267  1099   749    -1
 4907    278  2024  1320    -1
 4908   1480  2093  2495    -1
 4909   1929  1206  1213    -1
 4910   1062  2183  1047    -1
 4911     59   756   474    -1
 4912   1248  2051  1235    -1
 4913   1962   101  2238    -1
 4914   1785  2210  1936    -1
 4915    619   612   631    -1
 4916   1575   340  1931    -1
 4917   1263  1276   262    -1
 4918   1948  2052  2307    -1
 4919    940   941  1945    -1
 4920    381  1355  1352    -1
 4921    820  1547   973    -1
 4922   2268   820   973    -1
 4923    267  2063  1101    -1
 4924   1742   183  2010    -1
 4925    963   382  1609    -1
 4926    764  1293   415    -1
 4927    284   795  2111    -1
 4928   1701  1285   803    -1
 4929   1701  2381  1285    -1
 4930   1568   541   543    -1
 4931   1143  2333  2394    -1
 4932   1691  1143  1850    -1
 4933   1548  2165   787    -1
 4934   1321  1548   787    -1
 4935   1713    65   479    -1
 4936   1974   767   274    -1
 4937     25  1148  1171    -1
 4938   2335  1668  1132    -1
 4939   1923  2029   784    -1
 4940    839   122  1992    -1
 4941     83    82  2130    -1
 4942    403    44  2275    -1
 4943   1892  1488  2092    -1
 4944   1643  2496  1822    -1
 4945    718  1508  1756    -1
 4946   1103  2421  2276    -1
 4947   1798  2499   934    -1
 4948   2465  1496   190    -1
 4949   1138  1123  1667    -1
 4950   1076  1621  2087    -1
 4951   2395   294   286    -1
 4952   1010   131  1024    -1
 4953   2056  1816  2179    -1
 4954   1001   383  2218    -1
 4955    636  2199  1747    -1
 4956   1099   350   749    -1
 4957    450   283   825    -1
 4958    265  1864  1331    -1
 4959    158  1356  2451    -1
 4960   1566   248   897    -1
 4961    727   723  2478    -1
 4962   1513  1526   220    -1
 4963    835  1782  1565    -1
 4964   1746   638    74    -1
 4965   1768    21  2027    -1
 4966   2461   869  1567    -1
 4967   1206  1929  1584    -1
 4968    774   825   821    -1
 4969   1788   858  2302    -1
 4970    858  1788   488    -1
 4971    993  1835  1040    -1
 4972   1346  2481   381    -1
 4973    611   640  2483    -1
 4974   1525   744  1526    -1
 4975   1499   647   621    -1
 4976    488  2501   858    -1
 4977   2408  1044  2376    -1
 4978   2277    94  1090    -1
 4979   1577  1777  1786    -1
 4980   2492   420   110    -1
 4981    514  1501  1442    -1
 4982   2141  1426   466    -1
 4983   2493  2420  2494    -1
 4984   1524   747   216    -1
 4985    265  1315  1864    -1
 4986   1485   630  1732    -1
 4987   2310   362  1022    -1
 4988   1384   286   772    -1
 4989    295  1384   772    -1
 4990     42  1759  1424    -1
 4991   2255   227  1511    -1
 4992    523   522  1448    -1
 4993    917   982   819    -1
 4994    917  1773   982    -1
 4995   2031   917   819    -1
 4996    479  2341   478    -1
 4997    414   410  1856    -1
 4998    286  1384  2395    -1
 4999    623  1888  1478    -1
# Generated by ./tetgen /home/yuzhang/repos/Gaia/Data/mesh_models/ModelsDifferentRes/octopus/octopus_5KFaces_reset.ply 
