$MeshFormat
2.2 0 8
$EndMeshFormat
$Nodes
2502
1 -0.23260107999999999 0.27293446999999998 -0.12281741
2 -0.22404478 0.15012410000000001 -0.068241659999999996
3 -0.23365308000000001 0.24163588999999999 -0.079325969999999996
4 -0.24105889 0.19009764000000001 -0.079948804999999998
5 -0.4270195 -0.023524272999999998 -0.045326136000000003
6 -0.24072557999999999 0.14500847 -0.055139206000000003
7 -0.23415258999999999 0.16260678000000001 -0.069968939999999993
8 -0.20795437999999999 0.10415685 -0.064120755000000002
9 -0.16208587999999999 0.086519299999999993 -0.04248354
10 -0.17530037000000001 0.093147986000000002 -0.05827628
11 -0.45350679999999999 -0.047620179999999998 -0.076767370000000001
12 -0.18218438000000001 0.064570900000000001 -0.064955460000000007
13 -0.18839428 0.096605109999999994 -0.063533455000000003
14 -0.16345478999999999 0.058148424999999997 -0.067691189999999998
15 -0.15413447999999999 0.045506150000000002 -0.067402649999999995
16 -0.12727599000000001 0.052345134000000001 -0.067156370000000007
17 -0.045993122999999997 -0.098596100000000006 -0.051559626999999997
18 -0.10167368 0.03653609 -0.070142739999999995
19 -0.23406307000000001 0.28764325000000002 -0.16470978
20 0.033344287 0.30926508000000003 -0.0043518690000000004
21 0.076528650000000004 0.34527403000000001 -0.055851378
22 -0.024729513000000002 0.29112113000000001 0.02206172
23 -0.030753393 0.24224066999999999 0.00076927989999999997
24 -0.058504313000000002 0.22063959999999999 -0.013078749000000001
25 -0.037832594999999997 0.22916311 -0.004408866
26 0.019336025999999999 0.17301776999999999 -0.077393829999999997
27 -0.055003203000000001 0.1717545 -0.031970895999999999
28 -0.036256141999999998 0.12745085 -0.048843484
29 -0.027579612999999999 0.13578981000000001 -0.033811795999999998
30 -0.12392008 -0.17660973999999999 0.0032499433
31 -0.12733807999999999 -0.27471370000000001 0.030000447999999999
32 -0.11999719 -0.20095842999999999 0.0045123547000000003
33 -0.14121987999999999 -0.28538468 0.016734682000000001
34 -0.087829530000000003 -0.16757643 -0.0016016737000000001
35 -0.12213959000000001 -0.27757353000000001 0.029789962
36 -0.14298617999999999 -0.32392672 -0.024628713999999999
37 -0.042966722999999998 -0.17150040999999999 -0.031688574999999997
38 -0.36091578000000002 -0.035058792999999998 0.040678951999999997
39 -0.39057239999999999 -0.027911770999999998 0.013614012
40 -0.35438819999999999 -0.026331555 0.071443709999999994
41 -0.27483249999999998 -0.068848969999999995 0.075167330000000004
42 -0.23618027999999999 -0.085974110000000006 0.072351470000000001
43 -0.24544647 -0.093371819999999994 0.086348560000000005
44 -0.22481387999999999 -0.078648313999999997 0.067868330000000004
45 -0.23202738000000001 -0.17074971 -0.0087319200000000007
46 -0.25631419999999999 -0.081584770000000001 0.075523510000000002
47 -0.21716958 -0.1018492 0.076699939999999994
48 -0.19342628000000001 -0.108669706 0.075133130000000006
49 -0.14390997999999999 -0.099441119999999994 0.033392199999999997
50 -0.17861588 -0.17684299000000001 0.0042333900000000001
51 -0.14244298999999999 -0.086139419999999994 0.029006456999999999
52 -0.099323880000000003 -0.076999629999999999 0.0049329639999999998
53 -0.079846516000000006 -0.073569654999999998 0.0067907907000000003
54 -0.042216755000000002 -0.057671720000000003 -0.050105012999999997
55 -0.060528512999999999 -0.13778066999999999 -0.030379395999999999
56 -0.086102455999999994 -0.086824245999999994 0.020299451
57 -0.11091541000000001 -0.069001090000000001 0.0070766713000000002
58 -0.078827515000000001 -0.16116591999999999 -0.0087348860000000007
59 -0.14413027 0.020251418 -0.042366404000000003
60 -0.11676109 -0.084762169999999998 0.018679709999999999
61 -0.10210015 -0.054450947999999999 0.058347824999999999
62 0.16801663 -0.38473249999999998 -0.015247077
63 0.18426892 -0.36916915 -0.00030080974
64 0.29339799999999999 0.16038764999999999 0.060548678000000002
65 0.30615690000000001 0.14759174 0.066027604000000004
66 0.22946662000000001 0.15895316000000001 0.044704117000000002
67 0.22559302000000001 0.15538254000000001 0.052114189999999998
68 0.18546051999999999 -0.047141716 -0.034268149999999997
69 0.19403912000000001 0.15024698 0.035854234999999998
70 -0.14498648 -0.33922434000000001 -0.016227834
71 -0.15085018 -0.35009044 -0.023870072999999999
72 -0.14248358 -0.33582224999999999 -0.030406043000000001
73 -0.14948177000000001 -0.31153356999999998 0.024887979000000001
74 -0.10623255 -0.29280402999999999 0.051132940000000002
75 0.11359702000000001 0.10021729 0.0017301738000000001
76 0.101153016 0.013638641999999999 0.026260606999999998
77 0.095552310000000001 0.059942584 0.028599294000000001
78 0.10242562 0.011026413000000001 0.045166049999999999
79 0.10832772 0.094705865 -0.0075366013000000001
80 0.087583809999999998 0.030365381 -0.016333549999999999
81 0.10242082 0.013968362999999999 0.063800750000000003
82 0.17101612999999999 -0.048253803999999997 -0.025378134
83 0.104754716 -0.031974540000000003 -0.024532310000000002
84 0.081723005000000001 -0.022818479999999999 -0.019023536000000001
85 0.16087092 -0.064410776000000003 -0.023317449000000001
86 0.076771884999999998 -0.038356632000000002 0.014572666
87 0.11680072499999999 -0.045956931999999999 -0.029268510000000001
88 0.00068964715999999995 -0.11281334599999999 -0.053634670000000002
89 0.14041732000000001 -0.068791315000000006 -0.067422480000000007
90 -0.010110815 -0.120810956 -0.059576514999999997
91 -0.018993208000000001 -0.081473000000000004 -0.03245584
92 0.0045898071999999996 -0.014741087 -0.068116839999999998
93 0.0065236073000000004 0.023552982 -0.096561499999999995
94 0.014641367000000001 -0.045978657999999999 -0.063541399999999998
95 0.012916878 -0.047613322999999999 -0.054596065999999999
96 0.053353060000000001 0.078340450000000006 -0.040168273999999997
97 0.048085269999999999 0.15149164000000001 -0.095245540000000004
98 0.038031666999999998 0.06439839 -0.061774902
99 0.059176649999999997 0.071701064999999994 -0.039077964
100 0.15670912000000001 0.113307565 -0.097674940000000002
101 0.083820014999999998 0.016316621999999999 -0.064352110000000004
102 0.033303975999999999 0.14301501 -0.10978337000000001
103 0.043564367999999999 0.15063747999999999 -0.10343914
104 0.055344280000000003 0.15905227999999999 -0.10102579
105 0.099614725000000001 0.15690204999999999 -0.086577769999999998
106 0.085979910000000007 0.16165866000000001 -0.091272339999999993
107 0.016513997999999998 0.12543857 -0.119377054
108 0.022481035 0.11584517 -0.11009091999999999
109 0.16201112000000001 0.11203639999999999 -0.1236022
110 0.019019376000000001 0.096655309999999994 -0.10915972
111 0.0072194879999999996 0.094601214000000003 -0.086102170000000006
112 0.15581871999999999 0.11314842 -0.104572594
113 -0.0031614928 0.086370884999999994 -0.12045139000000001
114 0.018993448 0.091978889999999994 -0.095996250000000005
115 0.0044509079999999999 0.052755993000000001 -0.110929705
116 0.023981057 0.059018359999999999 -0.096493060000000005
117 0.011305677 0.043287538 -0.104594246
118 0.081246109999999996 0.0071684252 -0.072895004999999999
119 -0.10685809 -0.27512809999999999 0.041768399999999997
120 -0.074339985999999997 -0.25535934999999998 0.057546109999999998
121 0.13399462000000001 -0.39984809999999998 -0.024905354000000001
122 0.15044571000000001 -0.37644907999999999 -0.0029377042999999999
123 0.0055774674000000002 -0.2188707 0.054622746999999999
124 0.21184792 -0.24839195999999999 0.018284789999999999
125 0.039272136999999999 -0.17969151 0.051731493000000003
126 0.19906192 -0.29583403000000003 0.031439229999999999
127 0.053797457 -0.12559467999999999 0.018570356
128 0.17428592000000001 -0.10442592000000001 -0.046982169999999997
129 0.17547662999999999 -0.10709050000000001 -0.041228969999999997
130 0.055541170000000001 -0.084651573999999993 0.0023818611999999999
131 0.061848935000000001 -0.10231031 0.012373626
132 0.14999983 -0.083712935000000002 -0.044799659999999998
133 0.056963029999999998 -0.11236614 0.015878268000000001
134 0.22569832000000001 -0.28806113999999999 0.0075102670000000002
135 0.23816143000000001 -0.27852060000000001 0.01951141
136 0.23113201999999999 -0.28786957000000002 0.013850875
137 0.24357570000000001 -0.23335217 -0.00033549220000000002
138 0.4593238 0.078896339999999995 0.028990347
139 0.19578432000000001 0.16718638 0.019647382000000001
140 0.17252332000000001 0.14943054 0.0064665675000000001
141 0.12552432999999999 0.12407121 -0.015154444
142 0.13281302 0.11807617500000001 0.0016664676
143 0.12568811999999999 0.14249232000000001 -0.074985850000000007
144 0.117144525 0.110274754 -0.015302915
145 0.096400719999999995 0.092212349999999998 -0.023151502000000001
146 0.24408181000000001 -0.13259636999999999 -0.023839796
147 0.23567462 -0.118112415 -0.030853370000000001
148 0.24807162999999999 -0.13817858999999999 -0.015906925999999998
149 0.22263162 -0.096719965000000005 -0.043153762999999998
150 0.22868082000000001 -0.10527034 -0.041599593999999997
151 0.21171692 -0.08954811 -0.054632399999999998
152 0.21695992 -0.079827490000000001 -0.037078462999999999
153 0.14740062000000001 -0.0104583595 -0.063657864999999994
154 0.12454012 -0.0075343045999999997 -0.071233619999999997
155 0.25120940000000003 0.19293637999999999 0.063728359999999998
156 0.40096359999999998 0.094147809999999998 0.068659800000000007
157 0.3922216 0.096652139999999997 0.068131750000000005
158 0.24202452999999999 0.15630069999999999 0.077339599999999994
159 0.052560974000000003 0.10915083 0.019716628
160 0.32639580000000001 0.15390892 0.066325120000000001
161 0.29143542 0.15572642 0.099554710000000005
162 0.41546090000000002 0.097458236000000004 0.040119826999999997
163 0.089664220000000003 0.35395510000000002 -0.072347629999999996
164 0.057954524 0.10071951 -0.035377211999999998
165 0.29544399999999998 0.17830552 0.069367856000000006
166 0.29859552 0.16792298999999999 0.062940819999999995
167 0.096408220000000003 0.34215151999999999 -0.080942340000000002
168 0.14749981000000001 0.15257794 0.046425029999999999
169 0.32006689999999999 0.14950517999999999 0.10122755999999999
170 0.28429989999999999 0.16545792000000001 0.098526509999999998
171 0.080314529999999995 0.13439224999999999 -0.023105305
172 0.46458509999999997 0.082312640000000006 -0.0041245352000000004
173 0.068995909999999994 0.13397010000000001 0.013010979000000001
174 0.077386096000000001 0.12081335999999999 0.023822092999999999
175 0.093865619999999997 0.33635429999999999 -0.066894029999999993
176 0.077560160000000003 0.32127622 -0.016894780000000002
177 0.16614192999999999 0.19202752000000001 0.032908109999999997
178 0.21123812 0.15771155000000001 0.065705799999999995
179 0.22892483 0.17830183999999999 0.084093200000000007
180 0.23620411999999999 -0.15222910000000001 0.010734252999999999
181 0.14237192000000001 0.14076193000000001 0.037464900000000002
182 0.062276926000000003 0.016094908000000002 0.15461895
183 0.31877761999999998 0.14185159 0.099651420000000004
184 0.28641299999999997 0.14937921000000001 0.094311710000000007
185 0.068087499999999995 -0.0023637115999999999 0.14337301
186 0.053741629999999999 0.096451190000000006 0.10927239
187 0.097133520000000001 0.033826380000000003 0.091508199999999998
188 0.035192788000000003 0.11895533 0.043538305999999999
189 0.15911371999999999 0.18892257000000001 0.040953512999999997
190 0.090863719999999995 0.13344416000000001 0.027003691999999999
191 0.35450140000000002 0.12565175000000001 0.095526374999999997
192 0.11498612 0.16964957 0.0034917517999999998
193 0.0021646972999999998 0.050268449999999999 0.18209863000000001
194 0.24780492000000001 -0.21243803 0.022104166000000001
195 0.034718606999999999 0.29266286000000002 0.019263125999999998
196 0.23828811999999999 -0.12708549999999999 -0.0058095715999999997
197 0.095357609999999995 0.14593413 0.026636940000000001
198 0.3568365 0.11426372 0.084528190000000003
199 0.028268906999999999 0.1112838 0.10411115
200 0.066097740000000002 0.10046076 0.070385340000000005
201 0.11546331999999999 0.14813459000000001 -0.017301235000000002
202 0.041768397999999998 0.077841729999999998 0.14716075000000001
203 0.19527860999999999 0.18041726999999999 0.021201573000000001
204 0.09825122 0.14131378999999999 -0.021649926999999999
205 0.018865347000000001 0.058545489999999999 0.17396721000000001
206 0.080331459999999993 0.047587934999999998 0.1252877
207 0.034431376 0.016907208 0.1765129
208 0.030207977 0.11831107 0.075110579999999996
209 0.043324710000000002 0.11520033 0.063726720000000001
210 0.075331405000000004 0.068393860000000001 0.11722792999999999
211 0.026165484999999999 0.099324629999999997 -0.033411910000000003
212 0.012745937000000001 0.081766463999999997 0.15869058999999999
213 -0.46004240000000002 -0.048570729999999999 -0.062875494000000004
214 -0.45742519999999998 -0.043321012999999998 -0.074966099999999994
215 -0.42758748000000002 -0.035726037000000002 -0.035949483999999997
216 -0.097922010000000004 -0.061308503 0.061206006
217 -0.29371979999999998 -0.066366105999999994 0.10126233
218 -0.043140723999999998 -0.067230509999999993 0.027747342000000001
219 -0.38718989999999998 -0.0060147580000000003 0.0082918320000000007
220 -0.1022995 -0.095202099999999998 0.058345300000000003
221 -0.35726940000000001 -0.0072767194000000002 0.043596797
222 -0.19926326999999999 0.068004869999999995 -0.033045239999999997
223 -0.13786267999999999 -0.058912395999999999 0.059588686000000002
224 -0.40703729999999999 -0.0080349250000000001 -0.0056007089999999997
225 -0.35032839999999998 -0.018812341999999999 0.040263750000000001
226 -0.08605583 -0.019182479999999998 0.035747424
227 -0.27610030000000002 -0.053066387999999999 0.076836810000000005
228 -0.30202709999999999 -0.030408058000000002 0.094239959999999998
229 -0.22611787999999999 0.14121626000000001 -0.028870608999999998
230 -0.24211888000000001 -0.054779265000000001 0.10267374999999999
231 -0.25111450000000002 -0.050383787999999999 0.099072839999999995
232 -0.057676073000000001 0.0082892629999999998 0.16767879999999999
233 -0.036436471999999998 -0.070449479999999995 0.060981727999999999
234 -0.30429487999999999 -0.065664330000000007 0.08606577
235 -0.12404849 -0.10079302 0.069454855999999995
236 -0.19536708 -0.093944609999999998 0.10364056000000001
237 -0.044353135000000002 -0.0080372580000000002 0.17395796999999999
238 -0.067472770000000001 -0.023945149999999998 0.13782564999999999
239 -0.39236009999999999 -0.0093031840000000008 0.026342620000000001
240 -0.16702797999999999 -0.11108216999999999 0.069986984000000002
241 -0.095332280000000005 -0.071459666000000005 0.063324500000000006
242 -0.071179350000000002 -0.0064738243999999997 0.14730370000000001
243 -0.18424718000000001 -0.083297120000000002 0.10202809
244 -0.15123887 -0.39026588000000001 -0.074910199999999996
245 -0.19568737999999999 -0.065433264000000005 0.083958240000000003
246 -0.19296637 -0.10079348 0.097739380000000001
247 -0.11285400399999999 -0.043773048000000002 0.023893435000000001
248 -0.25480419999999998 -0.070598885 0.11266031999999999
249 -0.038268823 -0.20525207000000001 0.090323529999999999
250 -0.093901189999999995 0.0047924016000000002 0.076919000000000001
251 -0.29753378000000003 -0.047784843 0.10502699
252 -0.048342343000000003 -0.033924490000000002 0.15059703999999999
253 -0.061078663999999998 -0.034568957999999997 0.1338831
254 -0.10555635400000001 -0.084200789999999998 0.068026799999999998
255 -0.15680358 -0.10705866 0.080345970000000003
256 -0.093738299999999997 0.039437941999999997 0.065173306
257 -0.092529120000000006 0.014873341 0.096552319999999997
258 -0.11691348 -0.051835045000000003 0.019647812000000001
259 -0.034919604999999999 0.032694697000000002 0.18176281
260 -0.089141384000000004 -0.093095540000000004 0.045279063000000001
261 -0.016348275999999998 -0.17873347000000001 0.073334425999999994
262 -0.057916163999999999 -0.054442715000000003 0.093929460000000006
263 -0.082097710000000004 -0.025052886 0.094571530000000001
264 -0.070150434999999997 -0.045357372999999999 0.076722200000000004
265 -0.24230077999999999 0.20452107 -0.055374064000000001
266 -0.027325992 0.018112794000000002 0.18625543999999999
267 -0.112687334 0.0058402577000000004 -0.044017623999999998
268 -0.060319251999999997 -0.16523257999999999 -0.0035324990000000001
269 -0.10424601999999999 -0.25051024999999999 0.073603569999999993
270 -0.117507786 -0.28308818000000002 0.068692320000000001
271 -0.056081012 -0.047270055999999998 0.11955444
272 -0.15276936999999999 -0.18141267 0.020024127999999999
273 -0.064638435999999994 -0.15782257999999999 -0.0076244846000000002
274 -0.106644526 -0.18820295000000001 0.015527694999999999
275 -0.063261049999999999 0.09823606 0.0017468631
276 0.049069825999999997 0.18002799 -0.090304280000000001
277 0.066248669999999996 0.34244010000000003 -0.028160735999999999
278 -0.078568159999999998 0.11209145 -0.016280658999999999
279 -0.074862029999999996 0.077395119999999998 0.014903536
280 0.098819524000000006 0.17621854000000001 -0.075058120000000006
281 0.082956909999999995 0.35108077999999998 -0.080643430000000002
282 -0.0014206925 0.11809343999999999 0.092651813999999999
283 -0.036222544000000002 0.19506960000000001 -0.0064964144999999996
284 -0.074406920000000001 0.18944174 -0.019658855999999999
285 -0.024967583000000002 0.23168907999999999 0.017770952999999999
286 -0.064188170000000003 0.071743205000000004 -0.025970210000000001
287 -0.036253735000000002 0.110434674 0.0088353119999999997
288 -0.00081255287000000002 0.10441971999999999 0.12908513999999999
289 0.021925617000000001 0.28933494999999998 0.010242701
290 -0.026351732999999999 0.11675417 0.077336059999999998
291 -0.057925883999999997 0.099261489999999994 -0.046266172000000001
292 -0.0022809430000000001 0.29121983000000001 0.040928796000000003
293 0.0021202266 0.11261402 0.11144951
294 -0.01346053 0.27340500000000001 0.044778153000000001
295 -0.047322992000000001 0.104061715 0.0088107849999999998
296 -0.0097980270000000008 0.1211153 0.022465143
297 -0.083124770000000001 0.13180943000000001 -0.011361569
298 -0.18382688 0.10568707400000001 -0.055088017000000003
299 0.015333727 0.29208436999999998 0.038101889999999999
300 -0.063520460000000001 0.095053810000000002 0.068685300000000005
301 -0.085074514000000004 0.14939447 -0.0153166875
302 -0.22089449 0.25773596999999998 -0.10337875000000001
303 -0.058216244 0.097611939999999994 0.083353153999999999
304 -0.013676289499999999 0.12525073 -0.082912429999999995
305 -0.054348473000000001 0.19083829999999999 0.026659366
306 -0.034089793 0.10514204000000001 -0.097656354000000001
307 -0.20893898999999999 0.15870097 -0.051706173000000001
308 -0.065585530000000003 0.093888365000000001 0.045342404000000003
309 -0.026425733999999999 0.10946596 -0.086971510000000002
310 -0.16301668 0.077932929999999997 -0.028506044000000001
311 0.017121797000000001 0.12234647999999999 0.064114290000000004
312 -0.21367227999999999 0.16347855 -0.039102400000000002
313 -0.01096867 0.10879357000000001 -0.083914383999999995
314 -0.10075774999999999 0.051895887000000002 -0.060976700000000002
315 -0.19388747000000001 0.11135440000000001 -0.027864564000000001
316 -0.0079304890000000006 0.092603266000000004 0.14842886999999999
317 -0.17931828 0.10437083 -0.042877164000000002
318 -0.02228028 0.1028022 0.12641384999999999
319 0.13833073000000001 0.15337938000000001 -0.090189290000000005
320 -0.19270907000000001 0.12321717 -0.043922476000000002
321 -0.14331008000000001 -0.39447173000000002 -0.077852459999999998
322 -0.13996547000000001 -0.38895764999999999 -0.071345560000000002
323 0.0047474466 -0.19572260999999999 0.09337579
324 -0.14701918 -0.41777693999999999 -0.078434409999999996
325 -0.15485436999999999 -0.34918450000000001 -0.021820948
326 -0.097031519999999996 -0.28069772999999998 0.078015760000000003
327 -0.13932117999999999 -0.2827964 0.04386901
328 -0.12891527999999999 -0.27114904000000001 0.03522347
329 -0.051728999999999997 -0.22117714999999999 0.066854189999999994
330 -0.0051917860000000003 -0.064876645999999996 -0.0062339379999999996
331 -0.0017618332 -0.14660628000000001 0.038054711999999997
332 -0.16014518 -0.34322765 -0.019010164
333 -0.15368388999999999 -0.36205214000000002 -0.03620056
334 -0.15227889 -0.38724038 -0.059020095000000002
335 -0.14344657999999999 -0.41874766000000002 -0.086309360000000002
336 -0.20859507999999999 -0.18045079999999999 -0.0064988659999999998
337 -0.089408290000000001 -0.18557361999999999 -0.022499620000000001
338 -0.16889977 -0.19590664999999999 0.011819072
339 -0.19033696999999999 -0.19018384999999999 0.0048125310000000001
340 -0.10347596000000001 -0.25237969999999998 0.056201287000000003
341 0.019496657000000001 -0.19671058999999999 0.083729475999999997
342 -0.0088359825000000006 -0.064797759999999996 0.12306836
343 0.032398299999999998 -0.15986346000000001 0.076868489999999998
344 0.060452770000000003 -0.096064849999999993 0.036793883999999999
345 -0.13202378000000001 -0.28850890000000001 0.055418654999999997
346 0.0050502176999999999 -0.22109479000000001 0.081789630000000002
347 0.20180592 -0.30323963999999998 0.035418182999999999
348 0.014673777000000001 -0.062451399999999997 0.1251572
349 -0.030158753 -0.24482747999999999 0.093479839999999995
350 -0.0045821265999999999 -0.074802720000000003 0.024729319
351 -0.089015510000000006 -0.19053587 0.0077198893000000003
352 0.026763796999999999 -0.083214133999999995 0.04924953
353 0.053783860000000003 -0.12604956 0.053003978
354 0.0020973664 -0.065448519999999996 -0.0097385200000000005
355 -0.12979418000000001 -0.30503792000000002 0.044076845000000003
356 -0.090588290000000002 -0.28360577999999997 0.072259390000000007
357 0.042132990000000002 -0.17338079000000001 0.060132159999999997
358 0.046317079999999997 -0.064113199999999995 0.089315854
359 0.033794406999999999 -0.071466773999999997 0.077568090000000006
360 -0.028710633999999999 -0.13706309 -0.02142413
361 0.0092095470000000002 -0.087151229999999996 0.041703551999999998
362 -0.027598261999999998 -0.059424497 0.12718235
363 0.062472279999999998 -0.037289801999999997 -0.030895568000000002
364 0.024902056999999998 -0.040872100000000001 0.15240368000000001
365 0.058398735 -0.048958494999999998 0.00059359707000000001
366 0.042271268000000001 -0.069116919999999998 0.064594923999999998
367 -0.20612607999999999 -0.18306984000000001 0.0061451494999999997
368 -0.014431197999999999 -0.054294847 0.14155756999999999
369 -0.23995759 0.28074628000000001 -0.19113042999999999
370 -0.26082297999999998 0.28328773000000002 -0.28205606
371 -0.13234918000000001 0.039076149999999997 -0.021682361000000001
372 -0.063612329999999995 0.030406585 -0.067213419999999996
373 -0.029574003000000001 0.029691390000000002 -0.089110910000000002
374 -0.23072297999999999 0.28871942 -0.22494310000000001
375 -0.082728369999999996 0.058393094999999999 0.10489116599999999
376 -0.22723398 0.27637756000000002 -0.19745371
377 -0.21955457 0.27956377999999998 -0.18000253999999999
378 -0.0030052830000000001 0.15099055 -0.10611551
379 -0.24697227999999999 0.28830307999999999 -0.22875535
380 -0.12522209000000001 0.054152247000000001 -0.027334190000000001
381 -0.10659364 0.017609822000000001 -0.021587829999999999
382 -0.066686019999999999 0.079839320000000005 0.11396795999999999
383 -0.098048540000000003 0.030923577000000001 -0.019030442000000002
384 0.11371572000000001 -0.44157276000000001 -0.076766065999999994
385 0.11478582 -0.43847019999999998 -0.08246539
386 0.17476401999999999 -0.37566316 0.009620801
387 0.19888242 -0.31769606 0.0052064879999999996
388 0.030805908 -0.0096986480000000007 -0.064619764999999996
389 0.20705332000000001 -0.117676064 -0.0040880292999999996
390 0.037115566000000003 0.012914056 -0.068970829999999997
391 0.19916523 -0.10742663 -0.056789020000000003
392 0.19663411 -0.068914875 -0.020803180000000001
393 0.23719122000000001 -0.18243164000000001 0.020985073999999999
394 0.21557702000000001 -0.26807713999999999 0.005579695
395 0.21805762000000001 -0.28211062999999997 0.0048007070000000004
396 0.22881702000000001 -0.17157776999999999 0.017509866999999998
397 0.080818966000000006 -0.01724206 0.113520995
398 0.085142969999999998 -0.026079956000000001 0.089979686000000003
399 0.22864751999999999 -0.16505317 -0.030390094999999999
400 0.21099003 -0.13514403999999999 -0.043537060000000002
401 0.13625643000000001 -0.046653500000000001 -0.077827179999999996
402 0.19919071999999999 -0.30532651999999999 0.0088423860000000007
403 0.049214859999999999 -0.005301699 0.16114607
404 -0.23820127999999999 -0.16448209 -0.020795725000000001
405 -0.22338088 -0.16697972 -0.012488971999999999
406 -0.013104414999999999 -0.053601474000000003 -0.025802754000000001
407 -0.034124922000000002 -0.065174565000000004 -0.035851855000000002
408 -0.053311482 -0.042094543999999998 -0.012182373999999999
409 0.0035400280000000002 0.0079755020000000006 -0.085638119999999998
410 -0.013871145 0.042961579999999999 -0.10826311
411 -0.026261692999999999 0.054692726999999997 -0.073151910000000001
412 0.17203442999999999 0.10458743600000001 -0.12690699
413 0.038974367000000003 0.16328799999999999 -0.10698889
414 0.018695964999999998 0.15217865999999999 -0.076446
415 -0.034625344000000002 0.060549468000000002 -0.083764136000000003
416 -0.04083415 0.059814736 -0.062659339999999994
417 0.078999533999999996 0.15992998 -0.075608120000000001
418 -0.0034323828000000002 0.05145251 -0.111815676
419 0.15232812000000001 0.13307814000000001 -0.107979715
420 0.0093644469999999997 0.070997879999999999 -0.073224739999999996
421 0.0010601467999999999 0.11879684 -0.085626839999999996
422 0.021899565999999999 0.0011823159000000001 -0.073006429999999997
423 -0.079717350000000006 0.041378506000000002 -0.018103711000000001
424 -0.23877917000000001 0.2342265 -0.10698783000000001
425 -0.23424387999999999 0.18401311000000001 -0.077486849999999996
426 -0.24002778999999999 0.20718639999999999 -0.086853200000000005
427 -0.23903547 0.14971042000000001 -0.06474328
428 -0.23102199000000001 0.15325277000000001 -0.070364220000000005
429 -0.22203928000000001 0.11337395 -0.063597925
430 -0.21188498 0.11136652499999999 -0.067023040000000006
431 -0.20649397 0.11394888 -0.064461320000000003
432 -0.20070568 0.078041180000000002 -0.060561456
433 -0.19553108999999999 0.067720144999999995 -0.062042132
434 -0.19494268000000001 0.063701234999999995 -0.054809798
435 -0.16699976999999999 0.050202223999999997 -0.065023300000000006
436 -0.14757597 0.034957380000000003 -0.065202979999999994
437 -0.11372168000000001 0.027577170000000002 -0.068932419999999994
438 -0.12523947999999999 0.035668760000000001 -0.070061065000000006
439 -0.04250346 -0.10059957 -0.060769222999999997
440 -0.12117699 0.024033678999999999 -0.070497766000000003
441 -0.117434576 0.040970657000000001 -0.07024408
442 -0.11714469 0.033145603000000003 -0.074053530000000006
443 0.011649977000000001 0.30454409999999998 0.0024901703
444 -0.026427314 0.28609908000000001 0.013235055000000001
445 -0.0044275720000000003 0.29255745 0.0065131633999999999
446 -0.046687745000000003 0.25772157000000001 0.00081972779999999997
447 -0.039255254000000003 0.25172052 -0.0032980293000000002
448 -0.061315674000000001 0.22621996999999999 -0.0086110679999999995
449 -0.048080212999999997 0.21931687999999999 -0.016325437000000002
450 -0.046721609999999997 0.20860307 -0.015158929
451 -0.061895274 0.18152088 -0.030378077
452 -0.052569712999999997 0.14092724000000001 -0.042806074
453 -0.055164802999999998 0.13047360999999999 -0.045313723
454 -0.037242709999999998 0.13425930999999999 -0.041907236
455 -0.029122222 0.13828299999999999 -0.042243986999999997
456 -0.10786 -0.19767028 -0.0073718430000000003
457 -0.051496750000000001 -0.17231162999999999 -0.035830908000000002
458 -0.31542468000000001 -0.051311724000000003 0.065610799999999997
459 -0.31176959999999998 -0.039702207000000003 0.065852289999999994
460 -0.28533377999999998 -0.072175740000000002 0.077134640000000004
461 -0.29838910000000002 -0.063648626 0.076367770000000001
462 -0.24895959000000001 -0.079992530000000006 0.071430854000000002
463 -0.24833448 -0.073446659999999997 0.073191300000000001
464 -0.21091188 -0.088470586000000004 0.062039329999999997
465 -0.22205658 -0.10040106 0.072215219999999997
466 -0.17422367999999999 -0.10207579 0.052168086000000002
467 -0.18528417999999999 -0.097761230000000005 0.05460537
468 -0.13857958000000001 -0.094886849999999995 0.031900643999999999
469 -0.15301348000000001 -0.088406940000000003 0.032697864
470 -0.15621926999999999 -0.095979250000000002 0.038617476999999997
471 -0.096406800000000001 -0.070986845000000007 0.0064083003000000001
472 -0.093782976000000004 -0.080710374000000001 0.011531781
473 -0.10109113 -0.065695740000000002 0.0062489490000000002
474 -0.11021083600000001 -0.062683260000000005 0.010706291
475 -0.1028052 -0.088752310000000001 0.018176162999999999
476 -0.12814458000000001 0.013678648999999999 -0.051257625000000001
477 -0.116936386 -0.07885346 0.011373449000000001
478 -0.11337348999999999 -0.085129990000000003 0.01228301
479 0.24628823 0.1672449 0.045048546000000002
480 0.24686031 0.15748546999999999 0.053173557000000003
481 0.24344621999999999 0.15390682 0.070797070000000004
482 0.26402012000000002 0.15013783999999999 0.075766390000000003
483 0.22324501999999999 0.16215964999999999 0.0328011
484 0.21832383 0.15396478999999999 0.040878654
485 0.20959303000000001 0.15344917999999999 0.042147509999999999
486 -0.14314437999999999 -0.34565327000000001 -0.031858987999999998
487 -0.14060378000000001 -0.32856825000000001 -0.016377217999999999
488 -0.13621428999999999 -0.31481706999999998 1.8574297000000001e-05
489 -0.13547877999999999 -0.31849104 0.011161476
490 0.093559710000000004 0.057233274000000001 0.013968522000000001
491 0.099144414 0.053305797000000002 0.042957700000000001
492 0.10214482 0.050924964000000003 0.014455325999999999
493 0.109190315 0.034726303 0.03820548
494 0.098643913999999999 0.029623928000000001 0.0059692264000000004
495 0.10367672 0.025719525 0.011621384
496 0.10818252 0.022869699 0.026327125999999999
497 0.10339482 0.023665275 0.044302510000000003
498 0.098838419999999996 -0.0086023929999999998 0.0097396895000000008
499 0.10216181000000001 -0.012611786 0.029274973999999999
500 0.102290824 -0.0079691569999999993 0.020794726999999999
501 0.085793585000000006 -0.032914659999999998 0.038451694000000002
502 -0.019693933 -0.14047535999999999 -0.050909415
503 -0.024994981999999999 -0.1521044 -0.041945747999999998
504 -0.0062298756000000004 -0.114045694 -0.063412659999999996
505 -0.0026278729000000002 -0.1137605 -0.046221204000000002
506 -0.0021313830000000001 -0.117940135 -0.052121013000000001
507 -0.0075521236000000002 -0.12456030999999999 -0.050348744000000001
508 -0.0027913925999999999 -0.072443455000000004 -0.072392730000000002
509 0.012966656999999999 -0.037444690000000003 -0.058659450000000002
510 -0.00090397239999999998 -0.052910980000000003 -0.073732339999999993
511 0.054379586000000001 0.029088197 -0.059898170000000001
512 0.034472268 0.083403333999999996 -0.054209720000000003
513 0.036459147999999997 0.075573559999999998 -0.054084733000000003
514 0.071028770000000005 0.075625464000000003 -0.034429059999999997
515 0.048160889999999998 0.071293910000000002 -0.049460829999999997
516 0.065780850000000002 0.063354480000000005 -0.044435284999999998
517 0.080425930000000007 0.058059554999999999 -0.020411812000000001
518 0.081837709999999994 0.051341586000000002 -0.032994540000000003
519 0.063237500000000002 0.054192564999999998 -0.047799000000000001
520 0.070110409999999998 0.042113221999999999 -0.042525627000000003
521 0.079218369999999996 0.044856764 -0.028682161000000001
522 0.024095517 0.122569025 -0.11436336499999999
523 0.011430608 0.093403934999999993 -0.11659170000000001
524 0.022664387000000001 0.089998834 -0.10939096
525 0.029984657000000001 0.051909879999999999 -0.095482800000000007
526 0.023883238000000001 0.043474859999999997 -0.094239323999999999
527 0.031226698000000001 0.03945311 -0.084254949999999995
528 0.027539267999999999 0.036680919999999999 -0.094869889999999998
529 0.032366097000000003 0.046549130000000001 -0.09134399
530 0.061331544000000002 -0.012282163 -0.073767470000000002
531 -0.093027159999999998 -0.2855568 0.053270020000000001
532 -0.10716359 -0.28780156000000001 0.041964687000000001
533 -0.057457942999999997 -0.26432347 0.065898269999999995
534 -0.064993830000000002 -0.27054820000000002 0.063475799999999999
535 -0.071500380000000002 -0.27558359999999998 0.072805960000000003
536 -0.030254613999999999 -0.25084305000000001 0.068826390000000001
537 0.018709026 -0.20851729999999999 0.060036055999999997
538 0.015054457 -0.21788341 0.062482752000000003
539 0.035457137999999999 -0.17678052 0.03203723
540 0.035549435999999997 -0.17882085 0.041537285
541 0.030272416999999999 -0.18181249999999999 0.033517304999999997
542 0.057287347000000002 -0.13312674999999999 0.032873917000000002
543 0.17294551 -0.097515030000000003 -0.027799238
544 0.058123660000000001 -0.14166777999999999 0.029426377
545 0.044801300000000002 -0.13141948000000001 0.0121146925
546 0.050320980000000001 -0.1394213 0.024198379999999999
547 0.040116899999999997 -0.14413566999999999 0.016209966999999999
548 0.059702057000000003 -0.089971095000000001 0.0028975419999999999
549 0.053887236999999998 -0.095657229999999996 -0.00095627829999999996
550 0.042875778000000003 -0.10920568999999999 0.00078672542999999996
551 0.21012172000000001 -0.33210915000000002 0.012535058
552 0.23498052 -0.27739799999999998 0.010390811
553 0.24899383 -0.24392611 0.0095820130000000003
554 0.2513378 -0.19886731999999999 -0.003687933
555 0.24533503000000001 -0.20447831999999999 -0.0099010539999999994
556 0.25339982 -0.20897412000000001 -0.00095632669999999999
557 0.25123509999999999 -0.16606998000000001 -0.0093469690000000001
558 0.25121640000000001 -0.17344218 -0.014065713000000001
559 0.25178460000000003 -0.17625209999999999 0.0047157780000000003
560 0.18730202000000001 0.16086829 0.015145558999999999
561 0.18296392 0.14804932000000001 0.017219596
562 0.17530962999999999 0.14468085999999999 0.022262994000000001
563 0.13298141999999999 0.13344866 -0.017118379999999999
564 0.13598811999999999 0.13084794999999999 -0.0078942890000000005
565 0.14480842999999999 0.13754037 -0.010197502000000001
566 0.13376592000000001 0.12017721000000001 -0.010401387
567 0.14317362 0.12329261 -0.0018480755
568 0.096199510000000002 0.1117297 -0.029093767999999999
569 0.093287620000000002 0.098555914999999994 -0.028354127
570 0.10081741 0.102635115 -0.029889457000000001
571 0.23993302999999999 -0.13520291000000001 -0.029348986000000001
572 0.24650441000000001 -0.14591170000000001 -0.025289867000000001
573 0.24218743000000001 -0.14980570000000001 -0.027489439000000001
574 0.22882283 -0.11506784 -0.041433725999999997
575 0.23220213000000001 -0.111315206 -0.038270116
576 0.20073302000000001 -0.075034680000000006 -0.058975927999999997
577 0.20647741999999999 -0.066368339999999998 -0.041466116999999997
578 0.21281072000000001 -0.069107323999999998 -0.045822024000000003
579 0.21425622999999999 -0.085778170000000001 -0.056729870000000002
580 0.17036332000000001 -0.04849784 -0.071152456000000003
581 0.17892472000000001 -0.047698539999999998 -0.063216633999999994
582 0.17568101999999999 -0.059896856999999998 -0.070549000000000001
583 0.17898291 -0.054445899999999998 -0.071998820000000005
584 0.18271112 -0.038388850000000002 -0.059459150000000002
585 0.19021761000000001 -0.051043406 -0.0607761
586 0.19046110999999999 -0.05911392 -0.060956235999999997
587 0.12521482 -0.013992098999999999 -0.075306213999999996
588 0.13476872000000001 -0.015032004999999999 -0.077017500000000003
589 0.14744982000000001 -0.021586503999999999 -0.069615410000000003
590 0.20936613000000001 0.19656435999999999 0.059063409999999997
591 0.111516014 0.12809960000000001 -0.022717576
592 0.039817100000000001 0.11198532999999999 0.0069011374999999996
593 0.41434969999999999 0.10317938 0.042237879999999998
594 0.48276089999999999 0.082125110000000001 -0.024343121999999998
595 0.39017721999999999 0.125916 0.083500669999999999
596 0.2590829 0.17250863999999999 0.093161725000000001
597 0.23851393000000001 0.16194386999999999 0.083288760000000003
598 0.51015809999999995 0.091904440000000004 -0.038145366999999999
599 0.24411732999999999 0.18080415 0.087301895000000004
600 0.30796570000000001 0.13859463999999999 0.074616275999999995
601 0.092990219999999998 0.083997816000000003 0.011972975
602 0.14222762 0.12541124000000001 0.013094120000000001
603 0.51691229999999999 0.090278185999999996 -0.050724499999999999
604 0.057013344000000001 0.114275925 0.017430101999999999
605 0.28769640000000002 0.14377949000000001 0.080210865000000006
606 0.49383002999999998 0.088010980000000003 -0.014407939999999999
607 0.47684902000000001 0.073701753999999994 -0.0071748309999999996
608 0.21376281999999999 0.15455936000000001 0.057495980000000002
609 0.094508320000000007 0.12603042 -0.028157596
610 0.21603853000000001 0.18400277000000001 0.032310433999999999
611 0.50858223000000002 0.087193909999999999 -0.034385464999999997
612 0.46760469999999998 0.0923128 0.0051848255000000003
613 0.37506630000000002 0.10685777 0.081724099999999994
614 0.14593902 0.14157644 -0.0059342383999999998
615 0.26021430000000001 0.17032528 0.049530393999999998
616 0.47228249999999999 0.089875389999999999 0.013471801
617 0.40284500000000001 0.12191862000000001 0.059263386000000001
618 0.37733420000000001 0.12769469999999999 0.061228150000000002
619 0.43298522 0.102899976 0.035489595999999998
620 0.40553040000000001 0.095648830000000004 0.071429774000000001
621 0.49510001999999997 0.090838574000000005 -0.033583130000000003
622 0.15399620999999999 0.13905047000000001 0.034134711999999998
623 0.12307952 0.17615119000000001 0.017481859999999998
624 0.41565380000000002 0.08858038 0.042810474000000001
625 0.11214462 0.16886306000000001 0.021821816000000001
626 0.16979691 0.17449223 0.060213767000000001
627 0.23658831 0.17002864000000001 0.086384760000000005
628 0.16151091000000001 0.16228908 0.055016544000000001
629 0.12655342 0.14436346 0.038494250000000001
630 0.047493766999999999 0.11671442 0.0072373821999999997
631 0.31684279999999998 0.17038289000000001 0.089469000000000007
632 0.37663410000000003 0.11095437399999999 0.086871340000000005
633 0.35480339999999999 0.13171516 0.097082570000000007
634 0.10240231499999999 0.087269336000000003 -0.0029032156
635 0.26896700000000001 0.17491648000000001 0.053212746999999998
636 0.20866972 0.16147998 0.029049128
637 0.42881049999999998 0.10210817 0.061197422000000001
638 0.4308053 0.107867375 0.052272054999999998
639 0.124041215 0.11268514 0.012717496999999999
640 0.30652049999999997 0.15806447000000001 0.10068091
641 0.44943529999999998 0.097350195 0.023213958
642 0.035102475000000001 0.10023717 -0.026448507
643 0.47311451999999998 0.086048979999999997 -0.011575086
644 0.086639820000000006 0.08757537 0.018431389999999999
645 0.17845981999999999 0.18803985000000001 0.057850152000000002
646 0.060256045000000001 0.13180743 -0.0059062354000000003
647 0.45218631999999997 0.081748420000000002 0.0087548609999999992
648 0.17034732 0.14321457000000001 0.034097463000000001
649 0.17674582 0.18580363999999999 0.018962447
650 0.22741362000000001 0.19663663000000001 0.061573453
651 0.19772743000000001 0.19661057000000001 0.046797051999999999
652 0.37640420000000002 0.11796845 0.090904399999999996
653 0.14294761 0.18454478999999999 0.028344471
654 0.50853420000000005 0.082957454 -0.040801882999999997
655 0.34232309999999999 0.13657101999999999 0.066162990000000005
656 0.100061014 0.16204973 0.01638655
657 0.39798749999999999 0.099703650000000005 0.052274317000000001
658 0.19548222000000001 0.16811362999999999 0.069763005000000003
659 0.086366709999999999 0.061066862 0.102079265
660 0.072455495999999994 0.093165785000000001 -0.035699893000000003
661 0.073621439999999996 0.12021801 -0.030139826000000002
662 0.10596642000000001 0.15428106 -0.013920955
663 0.3709288 0.14149205000000001 0.085272349999999997
664 0.43800600000000001 0.10305095 0.048463717000000003
665 0.37995872000000003 0.13221975 0.064368540000000002
666 0.28277360000000001 0.14911500999999999 0.067661449999999998
667 0.18465651999999999 0.19453818 0.049686180000000003
668 0.30846390000000001 0.1648492 0.09860294
669 0.072771829999999996 0.14222874999999999 0.0062555559999999998
670 0.15555061000000001 0.18177660000000001 0.048968909999999997
671 0.019945457999999999 0.28204151999999999 0.023272865
672 0.0040017365999999999 0.2719763 0.035703770000000003
673 0.20360001999999999 0.17342325 0.074529319999999996
674 0.11374811999999999 0.16445926999999999 0.02983655
675 0.042584147000000003 0.0022149608 0.16853978999999999
676 -0.46937667999999999 -0.057903311999999998 -0.076206540000000003
677 -0.083509180000000002 -0.025740434999999999 0.044121537000000002
678 -0.33109290000000002 -0.048536404999999998 0.066844020000000004
679 -0.46941169999999999 -0.053387202000000002 -0.080252519999999994
680 -0.2914389 -0.040211706999999999 0.077081769999999994
681 -0.46362320000000001 -0.052085377000000002 -0.083398044000000005
682 -0.43353438 -0.029943435000000001 -0.025654574999999999
683 -0.091464760000000006 -0.033018329999999999 0.044056829999999998
684 -0.12794438 -0.052045821999999999 0.034457290000000002
685 -0.13174269 -0.095572530000000003 0.07886572
686 -0.23861778 -0.070083779999999998 0.11308429
687 -0.13275628 -0.077330969999999999 0.079063869999999994
688 -0.43771367999999999 -0.041481055000000003 -0.053005735999999998
689 -0.15090548000000001 -0.072077825999999998 0.081207864000000005
690 -0.17335437000000001 -0.089329064 0.045884609999999999
691 -0.44514619999999999 -0.028717551000000001 -0.05481043
692 -0.33584360000000002 -0.048775939999999997 0.072009290000000004
693 -0.076413960000000003 -0.08511552 0.044019996999999998
694 -0.062704739999999995 -0.067639740000000004 0.0042206476999999999
695 -0.070650770000000002 -0.033907316999999999 -0.00888392
696 -0.39054230000000001 -0.028401490000000001 0.026389948999999999
697 -0.24895387999999999 -0.056993179999999997 0.081710409999999997
698 -0.25515199999999999 -0.054653420000000001 0.10898967
699 -0.36606339999999998 -0.015358597 0.025482378999999999
700 -0.14600938999999999 -0.060717 0.044422983999999999
701 -0.43317299999999997 -0.023197249999999999 -0.047117513
702 -0.36482969999999998 -0.029885327 0.061418917000000003
703 -0.10149704 -0.03249179 0.028412692
704 -0.33218488000000002 -0.029956712999999999 0.087492849999999997
705 -0.37528719999999999 -0.013525205 0.049092323
706 -0.30280620000000003 -0.065708530000000001 0.08259524
707 -0.40585120000000002 -0.010666063 -0.015917554
708 -0.37881280000000001 -0.029840048000000001 0.042405470000000001
709 -0.18695418999999999 -0.087511989999999998 0.10330481
710 -0.26630310000000001 -0.054609480000000002 0.110924415
711 -0.36724269999999998 -0.0094162559999999996 0.026474075
712 -0.20191277999999999 -0.10493711 0.092370674
713 -0.3175306 -0.045361171999999998 0.096480720000000006
714 -0.4076147 -0.027144886999999999 -0.016741303999999999
715 -0.24631507999999999 -0.052596837 0.091767760000000004
716 -0.46032348000000001 -0.042434699999999999 -0.066545149999999997
717 -0.2982728 -0.042887269999999998 0.071830764000000005
718 -0.37241210000000002 -0.031063376 0.032098420000000003
719 -0.087140515000000002 -0.040270224 0.050512960000000003
720 -0.15110868 -0.061631701999999997 0.059596613
721 -0.18095928 -0.073691430000000002 0.055046193
722 -0.20989698000000001 -0.072232199999999996 0.067380293999999993
723 -0.17290398000000001 -0.068073389999999998 0.056945654999999998
724 -0.039296642 -0.06060509 0.0070398170000000003
725 -0.32464799999999999 -0.032334442999999997 0.059590783000000001
726 -0.11654599 -0.058250666 0.061195056999999997
727 -0.19893748 -0.067834063999999999 0.071361439999999998
728 -0.044625003000000003 -0.067159339999999998 0.017027549999999999
729 -0.074079430000000002 -0.085991410000000004 0.034830615000000002
730 -0.045649049999999997 -0.050698105 -0.0064817397000000001
731 -0.11547528 -0.095670340000000006 0.068820919999999994
732 -0.18281707 -0.105608255 0.089855774999999999
733 -0.4429806 -0.035781313000000002 -0.064462884999999998
734 -0.20346168000000001 -0.065524555999999998 0.093247839999999999
735 -0.13048148000000001 -0.070004425999999995 0.073654639999999993
736 -0.32043739999999998 -0.025431195 0.064649419999999999
737 -0.37386219999999998 -0.0063364757000000001 0.040223523999999997
738 -0.32733499999999999 -0.043329243000000003 0.061793993999999998
739 -0.30403239999999998 -0.050061066000000001 0.069752044999999999
740 -0.28488150000000001 -0.054091214999999998 0.074179574999999998
741 -0.17540638 0.041324444000000002 -0.039052330000000003
742 -0.089041709999999996 -0.021440142999999998 0.032530299999999998
743 -0.079556959999999996 -0.073126269999999993 0.056080489999999997
744 -0.17959528 -0.066117674000000001 0.07529487
745 -0.36088599999999998 -0.018687691999999999 0.064031000000000005
746 -0.26486130000000002 -0.070658885000000005 0.074905336000000003
747 -0.21768728000000001 -0.103501774 0.08843173
748 -0.29660979999999998 -0.068754196000000004 0.095341640000000005
749 -0.099965289999999998 -0.046041400000000003 0.052320329999999998
750 -0.09298381 -0.18114620000000001 0.011314711999999999
751 -0.40666720000000001 -0.01487133 0.012792843
752 -0.39132529999999999 -0.017387759999999999 0.034231693000000001
753 -0.39037529999999998 -0.024656293999999999 0.032773726000000003
754 -0.079615829999999999 -0.08026026 0.013183223000000001
755 -0.24451957999999999 -0.087297050000000001 0.10637485000000001
756 -0.22955818 0.11513017 -0.038135259999999997
757 -0.13929607999999999 -0.10147123 0.038222140000000002
758 -0.4023545 -0.019421931 -0.016783475999999999
759 -0.18210688 -0.074128546000000003 0.095959954
760 -0.080229506000000006 -0.059072993999999997 0.05667208
761 -0.123238176 -0.051686709999999997 0.05239013
762 -0.087999519999999998 -0.092617320000000003 0.032334929999999998
763 0.084192959999999997 0.3450838 -0.082751580000000005
764 0.0032850969999999998 0.30476794000000001 0.032975539999999998
765 -0.029740063000000001 0.079363199999999995 -0.055431574999999997
766 -0.085088949999999997 0.18804787000000001 0.0024152323999999999
767 -0.055708673 0.14086486000000001 0.012684725000000001
768 -0.074477199999999993 0.11046951000000001 -0.0046200269999999996
769 -0.00029029324999999998 0.26454930999999998 0.025874086000000001
770 0.095946119999999996 0.34297877999999998 -0.063225105000000004
771 -0.081985039999999995 0.20006868 0.012563065
772 -0.035401464000000001 0.15989026000000001 -0.025756836000000002
773 -0.023383326999999999 0.11403992 0.0030707604999999998
774 -0.0087212599999999998 0.26623376999999998 0.041911690000000001
775 -0.076870830000000001 0.14769003999999999 -0.03017632
776 -0.061301651999999998 0.16623296000000001 0.019733705000000001
777 -0.025933313999999999 0.23475914000000001 0.030252042999999999
778 0.076604635000000004 0.33854951999999999 -0.056930452999999999
779 0.0025278274 0.27799766999999997 0.010289565000000001
780 -0.025214291999999999 0.1295395 -0.0032684729
781 -0.035281643000000001 0.13465964999999999 0.0035799257000000001
782 -0.040353592000000001 0.20213395000000001 -0.011790998
783 0.010984046000000001 0.28307724000000001 0.038161977999999999
784 0.080702289999999996 0.33134907000000002 -0.054521367000000001
785 -0.063294009999999998 0.24638562999999999 0.011863083
786 0.051778574000000001 0.31681693 0.015678688999999999
787 0.033528686000000002 0.30504350000000002 0.029263936000000001
788 -0.070874380000000001 0.17722452999999999 0.022415272999999999
789 0.092974109999999999 0.35259548000000002 -0.11182494
790 0.097061410000000001 0.35275329999999999 -0.091986949999999998
791 -0.015704524000000001 0.095141605000000004 -0.049524643
792 0.087644815000000001 0.35096630000000001 -0.105862066
793 0.082226305999999999 0.35153600000000002 -0.063312220000000002
794 -0.03376846 0.20715855 0.0063430667000000003
795 0.077502550000000003 0.34504430000000003 -0.033050894999999997
796 -0.022100020000000001 0.24449417000000001 0.0090995799999999995
797 -0.075660249999999998 0.12536642000000001 -0.032658104
798 -0.069913760000000005 0.12362194 -0.038928236999999997
799 -0.081971390000000005 0.13704905000000001 -0.0013394839999999999
800 -0.020161374999999999 0.2876551 0.03798969
801 0.0025600363 0.27184975 0.015800110999999999
802 -0.048782292999999997 0.25322714000000002 0.0389177
803 0.047958846999999999 0.31098068000000001 -0.009502992
804 -0.067989066000000001 0.052806949999999998 -0.047008116000000003
805 -0.079416453999999997 0.12272745 -0.025184552999999998
806 -0.029100063999999998 0.25041406999999999 0.043404129999999999
807 0.08877061 0.3360242 -0.037772939999999998
808 0.056769144000000001 0.3080889 0.0069687665000000001
809 0.055816594999999997 0.30735546000000002 -0.0035880432
810 0.085123493999999994 0.35431639999999998 -0.097073969999999996
811 -0.053605890000000003 0.16722672 0.018276006000000001
812 -0.061966013 0.13316852000000001 0.010987733
813 -0.021287170000000001 0.13402411 -0.019155915999999999
814 -0.012539379 0.25763960000000002 0.011971213
815 -0.039239692999999999 0.15883512999999999 0.0058086403
816 -0.074710250000000006 0.20950384 -0.0084686499999999994
817 0.028219048 0.32149935000000002 0.019640304000000001
818 -0.047227382999999998 0.17430303 0.016514435000000001
819 -0.031156003000000002 0.15064163999999999 -0.0042443126000000003
820 -0.104120746 0.057840870000000003 -0.046175982999999997
821 -0.14792778000000001 0.072924870000000003 -0.057812236000000003
822 -0.082436339999999997 0.15121390000000001 -0.022688143000000001
823 -0.035566873999999998 0.17628316999999999 -0.014318511000000001
824 -0.033696465000000002 0.16695401000000001 -0.0051071270000000004
825 -0.077628896000000003 0.19034168000000001 0.020802256000000002
826 -0.07570876 0.16366327 -0.028546988999999998
827 0.051590013999999997 0.32848359999999999 0.0076955779999999998
828 -0.081128820000000004 -0.25285859999999999 0.057077660000000002
829 0.0019611175999999998 -0.22424975 0.062519599999999995
830 -0.077940609999999994 -0.27486509999999997 0.082189349999999994
831 -0.15924558 -0.33317572000000001 -0.030464463000000001
832 -0.16182008000000001 -0.34636873000000001 -0.035233326000000002
833 -0.15770268000000001 -0.35308563999999998 -0.049677193000000001
834 -0.14641649000000001 -0.40415230000000002 -0.081688490000000002
835 -0.11023389 -0.26335355999999999 0.045503870000000002
836 -0.10876781000000001 -0.25925280000000001 0.076307416000000003
837 -0.14454968000000001 -0.28584933000000001 0.024458325999999999
838 -0.077544970000000005 -0.23156956000000001 0.076201649999999996
839 0.047405786999999998 -0.14604112999999999 0.062300358
840 0.0038658379999999999 -0.21236125 0.050458459999999997
841 -0.011938196999999999 -0.21621826 0.05076497
842 -0.110740066 -0.29570916000000003 0.055717700000000002
843 -0.1064136 -0.26773124999999998 0.079561209999999993
844 -0.053324523999999998 -0.24143893 0.099809419999999996
845 0.0029762479999999999 -0.1650132 0.030830420000000001
846 -0.0022060526999999998 -0.16371495 0.036863655000000002
847 0.0075185169999999997 -0.12372805000000001 0.013588242
848 -0.088347839999999997 -0.28379460000000001 0.063036196000000003
849 -0.030927842000000001 -0.21876192 0.055802256000000001
850 -0.10902447999999999 -0.29084003000000003 0.065982260000000001
851 -0.016865267999999999 -0.24149509 0.070152049999999994
852 -0.12862828000000001 -0.29230117999999999 0.016369960999999999
853 -0.018561680000000001 -0.1814095 0.064600829999999998
854 -0.0633827 -0.23617474999999999 0.097473710000000005
855 -0.010186763499999999 -0.21623898 0.097317959999999995
856 -0.048430603000000003 -0.22885984000000001 0.100093104
857 0.055314925000000001 -0.062092981999999998 0.036496340000000002
858 0.0029801167999999999 -0.18623724999999999 0.036458254000000002
859 -0.14230028 -0.32040453000000002 0.018594078999999999
860 -0.046314611999999998 -0.25591596999999999 0.065628690000000003
861 -0.044992294000000002 -0.26024755999999999 0.074787270000000003
862 -0.040118559999999998 -0.25688627000000003 0.084777199999999997
863 0.025218226 -0.054690275000000003 -0.021122186000000001
864 -0.13694648000000001 -0.29841614 0.046237685000000001
865 -0.071950349999999996 -0.26580967999999999 0.090448870000000001
866 -0.14015507999999999 -0.30908173 -0.0091410429999999997
867 0.052660946 -0.11075301999999999 0.008973155
868 -0.0084281709999999999 -0.22667134 0.092527479999999995
869 -0.066882949999999997 -0.22473338000000001 0.086252170000000003
870 -0.028157822999999998 -0.21815799999999999 0.10082457
871 -0.016121361000000001 -0.19046888000000001 0.091303855000000003
872 -0.081523209999999999 -0.24537755999999999 0.060727738000000003
873 0.0056653770000000001 -0.091961799999999996 0.00064414367000000005
874 0.021389137999999999 -0.16487618000000001 0.023417074
875 -0.0067741069999999997 -0.18376222 0.042118059999999999
876 -0.019207673000000001 -0.13670771000000001 -0.027987363000000001
877 -0.016497161 -0.22946801999999999 0.057371676000000003
878 -0.032214060000000003 -0.23296239999999999 0.057746492000000003
879 0.0035360474000000002 -0.13113073 0.022568873999999999
880 -0.0046409266000000003 -0.077377899999999999 0.010328370999999999
881 0.025124855000000001 -0.18671086000000001 0.038390136999999998
882 -0.049167151999999999 -0.2299445 0.060912617000000002
883 -0.031424260000000002 -0.19904475999999999 0.066220340000000003
884 -0.0071112257000000003 -0.1598948 0.049159466999999998
885 -0.14784227 -0.38060027000000002 -0.054943690000000003
886 -0.15102528000000001 -0.40335014000000002 -0.077709849999999997
887 -0.13911048000000001 -0.31555583999999998 -0.010494626999999999
888 -0.0013007531 -0.15104064 0.059803612999999999
889 -0.16056058000000001 -0.32397756 -0.014441684
890 -0.0070414199999999996 -0.16293089999999999 0.064229670000000003
891 0.0088962669999999994 -0.099610340000000006 0.043399590000000002
892 -0.0045671360000000003 -0.16413140000000001 0.071771940000000006
893 -0.095841079999999995 -0.26842523000000001 0.085087724000000003
894 -0.055492483000000002 -0.25143227000000001 0.097275589999999995
895 0.019315716 -0.20672267999999999 0.076563573999999995
896 -0.13001457999999999 -0.26914376000000001 0.04190845
897 0.038695226999999999 -0.093484684999999998 0.052941597999999999
898 -0.044692315000000003 -0.21647596 0.096820349999999999
899 0.039679925999999997 -0.16832034000000001 0.069216624000000004
900 0.032380946000000001 -0.18744415 0.071214600000000003
901 0.055355359999999999 -0.13549659 0.047886126000000001
902 0.017087527000000002 -0.14346032 0.071981119999999996
903 0.0059992580000000004 -0.17783761000000001 0.089233435999999999
904 0.018731218000000001 -0.17386925 0.085621126000000006
905 0.062504560000000001 -0.051632095000000003 0.015693096
906 0.060151826999999998 -0.083927570000000007 0.010435209000000001
907 0.21977981999999999 -0.15361962000000001 0.0089106819999999996
908 0.065677910000000006 -0.049003060000000001 0.09278053
909 0.053031024000000003 -0.10413942 0.049705095999999997
910 0.14866631999999999 -0.39062356999999998 -0.0032523869999999998
911 -0.20863636999999999 0.089274989999999999 -0.026727715999999999
912 -0.23710679000000001 0.27271782999999999 -0.16814914
913 -0.27081558 0.27888175999999998 -0.28799092999999998
914 -0.23217626999999999 0.25651309999999999 -0.13731900999999999
915 -0.24283318000000001 0.15857328000000001 -0.060511570000000001
916 -0.24164878000000001 0.28731554999999998 -0.19883648000000001
917 -0.22625068000000001 0.16454625000000001 -0.070236504000000005
918 -0.082473770000000002 0.053485610000000003 -0.039528756999999998
919 -0.24877118000000001 0.27680909999999997 -0.26234649999999998
920 -0.23542657 0.21544687000000001 -0.094343090000000004
921 -0.10937452 0.0079283679999999999 -0.054883531999999999
922 -0.21806517 0.21858992999999999 -0.079619690000000007
923 -0.2614978 0.27863890000000002 -0.2696134
924 -0.16487049000000001 0.073068573999999997 -0.024521399999999999
925 -0.22798918000000001 0.28336325000000001 -0.14720453
926 -0.21800478000000001 0.25467532999999998 -0.10588618
927 -0.22556359000000001 0.24389847000000001 -0.11833849
928 -0.22500658000000001 0.19265962 -0.077860079999999998
929 -0.23468168 0.27737233 -0.13388644
930 -0.25061348 0.28272265000000002 -0.24234906000000001
931 -0.24209977999999999 0.26330724 -0.13023275000000001
932 -0.24382618 0.23658013 -0.103597626
933 -0.20143968000000001 0.13700420999999999 -0.051079449999999998
934 -0.17231858 0.071420209999999998 -0.066563579999999997
935 -0.23865828 0.28153378000000001 -0.24918127000000001
936 -0.24525137 0.2914641 -0.24308848
937 -0.12616648 0.060122087999999997 -0.061677309999999999
938 -0.10349274 0.056728210000000001 -0.053693459999999998
939 -0.077679529999999997 0.049579150000000002 -0.027944594999999999
940 -0.15029518 0.029244348 -0.029105444000000001
941 -0.19728567999999999 0.097999320000000001 -0.022304404999999999
942 -0.20101318000000001 0.11471789 -0.02520851
943 -0.23630148000000001 0.27669758 -0.19349894000000001
944 -0.24632087 0.18940681000000001 -0.054597892000000002
945 -0.23959889000000001 0.27910230000000003 -0.15171473999999999
946 -0.23096858000000001 0.23167921999999999 -0.10674436
947 -0.21860996999999999 0.12273188 -0.064452930000000005
948 -0.17316268000000001 0.083402649999999995 -0.06356763
949 -0.16897129 0.092368549999999994 -0.050276436000000001
950 -0.23432778000000001 0.16904326 -0.037019238000000003
951 -0.23658907000000001 0.15286830000000001 -0.036112770000000002
952 -0.22193257999999999 0.22240030999999999 -0.066647780000000004
953 -0.122469276 0.029306998000000001 -0.021519205999999999
954 -0.23834889000000001 0.29255294999999998 -0.20390285999999999
955 -0.19394158 0.085931359999999998 -0.06489839
956 -0.23142588 0.13879084999999999 -0.063330960000000006
957 -0.22222897 0.17981073 -0.072089810000000004
958 -0.21767217999999999 0.15994554999999999 -0.065373345999999999
959 -0.23697567999999999 0.19611755 -0.048037722999999997
960 -0.19874017999999999 0.063989610000000002 -0.045579277000000001
961 -0.23213007999999999 0.12528111 -0.056732937999999997
962 -0.25816169999999999 0.28157650000000001 -0.26053769999999998
963 -0.079310104000000006 0.048047149999999997 -0.059963706999999998
964 -0.086634950000000002 0.039379176000000002 -0.020337149999999998
965 -0.088368059999999998 -0.0011434424999999999 -0.047076659999999999
966 -0.12500288000000001 0.012472034 -0.033884369999999997
967 -0.15706097999999999 0.043546031999999998 -0.023547096
968 -0.13600548000000001 0.027937050000000001 -0.024465779999999999
969 -0.16275956999999999 0.038996309999999999 -0.060469568000000001
970 -0.14311288 0.052477929999999999 -0.022877824000000001
971 -0.23247878 0.29152795999999997 -0.18194389999999999
972 -0.24033397000000001 0.26990992000000003 -0.12991765
973 -0.24857607000000001 0.28999528000000002 -0.24129187999999999
974 -0.13654488000000001 0.070250880000000002 -0.048300438000000001
975 -0.16871797999999999 0.065540219999999996 -0.021923887999999999
976 -0.087416079999999993 0.0040997024999999999 -0.057453762999999998
977 -0.10489605 0.0079433209999999997 -0.02787982
978 -0.22225147000000001 0.28712683999999999 -0.19249234000000001
979 -0.22222137 0.28280633999999999 -0.15250826000000001
980 -0.23858077999999999 0.26487424999999998 -0.11424093
981 -0.24005858999999999 0.2538376 -0.1272335
982 -0.12520269000000001 0.044205670000000002 -0.022685725
983 -0.10994722 0.05782048 -0.038695729999999998
984 -0.16169828 0.031877941999999999 -0.050121617
985 -0.20906337999999999 0.07635836 -0.045309759999999998
986 -0.22851957000000001 0.18537888 -0.041196916
987 -0.23688938000000001 0.22168958 -0.063165730000000003
988 -0.22958687999999999 0.111722454 -0.04594351
989 -0.16319399000000001 0.053351216 -0.022333941999999999
990 -0.23066487999999999 0.26281526999999999 -0.1038414
991 -0.095716789999999996 0.044347484 -0.065896979999999994
992 -0.21562318999999999 0.089081439999999998 -0.034767329999999999
993 0.23622592000000001 -0.26901847000000001 0.030541263999999999
994 0.18534522 -0.36862070000000002 0.0064082890000000002
995 0.24642892 -0.17482348 -0.017874247999999999
996 0.20967431 -0.16296247 -0.006079063
997 0.12357302000000001 -0.064637884000000007 -0.060908110000000001
998 0.21634160999999999 -0.21334951999999999 0.013532832
999 0.20605071999999999 -0.10171165 -0.0075526834000000003
1000 0.20258142000000001 -0.14627573999999999 -0.022050752999999999
1001 0.24625082000000001 -0.14119894999999999 -0.011244427
1002 0.11840442 -0.44060978000000001 -0.079978759999999996
1003 0.19353092 -0.091106850000000003 -0.062379523999999999
1004 0.13600743000000001 -0.41491594999999998 -0.048403731999999998
1005 0.20274763000000001 -0.084682240000000006 -0.059340850000000001
1006 0.23268570999999999 -0.20083870000000001 0.02650632
1007 0.25125370000000002 -0.2178573 0.0031524970000000002
1008 0.20213363000000001 -0.067926459999999994 -0.024842665999999999
1009 0.17979802 -0.077427220000000005 -0.068071309999999996
1010 0.21533293000000001 -0.28215600000000002 0.037633948
1011 0.124886125 -0.06642866 -0.04738349
1012 0.16996802 -0.34601703 0.011211275999999999
1013 0.22706792000000001 -0.29177389999999997 0.031313673
1014 0.21468382 -0.080090634999999993 -0.025374733
1015 0.21400742 -0.10102771000000001 -0.052337974000000002
1016 0.11642502 -0.024465806999999999 -0.025130868000000001
1017 0.16799243 -0.035644450000000001 -0.032882392000000003
1018 0.14405411000000001 -0.41506283999999999 -0.040026859999999997
1019 0.21100262 -0.3087471 0.0057758912000000001
1020 0.16858342000000001 -0.057996899999999997 -0.021963954000000001
1021 0.22303240999999999 -0.19750297 -0.013850324000000001
1022 0.12605283 -0.042297050000000003 -0.026894807999999999
1023 0.085895020000000002 -0.039827130000000002 -0.030495066000000001
1024 0.059986765999999997 0.0098183660000000002 -0.071930595
1025 0.13150722000000001 -0.070891224000000003 -0.053508338000000003
1026 0.19275922000000001 -0.073225150000000003 -0.017652111000000002
1027 0.21133362 -0.16638789000000001 -0.018528722000000001
1028 0.17780282 -0.35690945000000002 0.02176024
1029 0.21508493000000001 -0.17930852 0.0060582533000000001
1030 0.22562303 -0.17401184 -0.026371973999999999
1031 0.14257163 -0.40018794000000002 -0.034352637999999998
1032 0.12931741999999999 -0.42103573999999999 -0.035005525000000003
1033 0.17993322 -0.085185109999999994 -0.018018573999999999
1034 0.21040212 -0.091251360000000004 -0.011749447999999999
1035 0.23924063000000001 -0.20858247999999999 -0.01236365
1036 0.16880461999999999 -0.38948724000000001 -0.0093275159999999992
1037 0.13981213000000001 -0.41500123999999999 -0.025017798000000001
1038 0.21203822 -0.31365597000000001 0.032895385999999999
1039 0.24644521999999999 -0.23572261999999999 0.023639515
1040 0.11051142 -0.053853669999999999 -0.067012384999999994
1041 0.20250082 -0.3422268 0.0078589620000000006
1042 0.22539931999999999 -0.099485039999999997 -0.015612407
1043 0.18638970999999999 -0.10350146 -0.017252132
1044 0.22514123 -0.22259413 -0.0058206096000000002
1045 0.20757571999999999 -0.13861100000000001 -0.0022760704
1046 0.21493851999999999 -0.124926776 -0.048008636
1047 0.11539381999999999 -0.014140367500000001 -0.077904075000000003
1048 0.14958932 -0.064749290000000001 -0.027142757999999999
1049 0.18922062000000001 -0.048063725000000002 -0.050514064999999997
1050 0.16533961999999999 -0.026495564999999999 -0.04826577
1051 0.21865841999999999 -0.17435986000000001 0.011409000000000001
1052 0.21059842000000001 -0.26095119999999999 0.029536441
1053 0.16082293 -0.047792513000000002 -0.024373733000000002
1054 0.21073583000000001 -0.071893819999999997 -0.032635465000000002
1055 0.075052679999999997 -0.043540022999999997 -0.053822093000000001
1056 0.115729526 -0.057467509999999999 -0.039040076999999999
1057 0.23351732 -0.20551954 -0.014077179
1058 0.17866322000000001 -0.3422519 0.024431973999999999
1059 0.21537392 -0.18486854 -0.0084904249999999994
1060 0.12278102 -0.033885248 -0.079433866000000006
1061 0.17404991 -0.37204473999999998 0.012945801
1062 0.22038221 -0.25063079999999999 0.0018252805
1063 0.15647082000000001 -0.081339309999999998 -0.031738530000000001
1064 0.09356631 -0.051505394000000003 -0.052618186999999997
1065 0.16335472000000001 -0.39253991999999999 -0.0034816712000000001
1066 0.12193932 -0.42808649999999998 -0.048795097000000003
1067 0.21389352 -0.1821652 -0.0018856077999999999
1068 0.18423222 -0.11276031 -0.024110349999999999
1069 0.14033242000000001 -0.39251219999999998 -0.024203598
1070 0.16973673 -0.34959137000000001 0.0033962129999999999
1071 0.14672892000000001 -0.063181125000000005 -0.073326126000000005
1072 0.23389491000000001 -0.13896734999999999 -0.036092836000000003
1073 0.19271342 -0.097851439999999998 -0.012001839
1074 0.19124302000000001 -0.1124375 -0.052383843999999999
1075 0.18128842000000001 -0.33764356000000001 0.0035561323000000001
1076 0.18816373 -0.34324547999999999 0.027376965
1077 0.13174971999999999 -0.0058958763000000001 -0.040689796
1078 0.12407333 -0.43388817000000002 -0.054668426999999999
1079 0.15539132 -0.052123219999999998 -0.0755855
1080 0.14443932000000001 -0.051081806 -0.025286084
1081 0.16830671999999999 -0.037138129999999998 -0.065995799999999993
1082 0.046676107000000001 0.022203427000000001 -0.065770300000000004
1083 0.15016133000000001 -0.04125678 -0.024970389999999999
1084 0.089948219999999995 -0.014798744000000001 -0.079046115
1085 0.069104029999999997 -0.026076195999999999 -0.071824059999999995
1086 0.20809262000000001 -0.28271034 0.0093094930000000003
1087 0.19097281999999999 -0.30947912 0.015245996
1088 0.19506351999999999 -0.32110583999999998 0.032685840000000001
1089 0.097845316000000002 0.0089197100000000008 -0.067416829999999997
1090 0.088615015000000005 -0.026530926999999999 0.072036879999999998
1091 0.0078036169999999997 -0.075408260000000005 -0.050783288000000003
1092 0.0047002974999999997 -0.059206420000000003 -0.069520589999999993
1093 -0.11745168 -0.1791866 0.013750516000000001
1094 -0.034139633000000003 -0.084934994999999999 -0.068956749999999997
1095 0.0011279872000000001 -0.092197609999999999 -0.064438485000000004
1096 -0.01128034 -0.11254662999999999 -0.064909145000000001
1097 -0.052869792999999998 -0.17229723999999999 -0.0068739279999999996
1098 -0.010368362000000001 -0.059783317000000002 -0.031488704999999999
1099 -0.15643388 -0.17896158000000001 0.0056576580000000003
1100 -0.079117789999999993 -0.18054049 0.0064161195999999998
1101 -0.15253417 -0.19819501 0.0034246594000000002
1102 -0.044262103999999997 -0.15887799999999999 -0.011105169
1103 -0.19179947999999999 -0.17232839999999999 0.0097718869999999999
1104 -0.051419319999999998 -0.11775186999999999 -0.043012096999999999
1105 -0.13629458999999999 -0.18032682 -0.00063303112999999996
1106 -0.17079417 -0.1759252 0.010595344
1107 -0.090608179999999997 -0.17164024999999999 -0.023332196999999999
1108 -0.087501064000000003 -0.17279716000000001 0.0051206649999999999
1109 -0.091175809999999996 -0.16591865 -0.015004616
1110 -0.1115859 -0.18124682 -0.013864085
1111 -0.067475124999999997 -0.15650189 -0.039820939999999999
1112 -0.013690512 -0.13474317999999999 -0.035780802
1113 -0.032859474 -0.10915537 -0.067687153999999999
1114 0.0011841673 -0.061457354999999998 -0.036844950000000001
1115 -0.12400848 -0.18510291000000001 0.019269623
1116 -0.0096977350000000007 -0.11282432000000001 -0.034358884999999999
1117 0.015010778000000001 -0.03841021 -0.047583340000000002
1118 -0.21595468000000001 -0.17116292999999999 0.0034021213999999998
1119 -0.19837347999999999 -0.17559499000000001 0.012218273999999999
1120 -0.043185484000000003 -0.085748779999999997 -0.056176297
1121 -0.061477153999999999 -0.16443685999999999 -0.041593946999999999
1122 -0.038671054000000003 -0.09478338 -0.037838536999999998
1123 -0.21130888 -0.18272237 -0.0029061958000000001
1124 -0.14061457999999999 -0.19679557 0.017002076000000001
1125 -0.039671995000000002 -0.14780481000000001 -0.053240533999999999
1126 -0.025084651999999999 -0.13193487000000001 -0.060256869999999997
1127 -0.023893873999999999 -0.063925759999999998 0.00096340480000000001
1128 -0.0097797479999999996 -0.081945130000000005 -0.034250095000000001
1129 -0.024926092 -0.065520339999999996 -0.032454429999999999
1130 -0.17239157999999999 -0.17735287999999999 0.015908688000000001
1131 -0.21625169 -0.17650115 0.0028530731999999999
1132 -0.039249025 -0.026007582000000001 -0.059171423000000001
1133 -0.018270824000000001 -0.0075138193000000002 -0.070647730000000006
1134 -0.14839308000000001 -0.19288150000000001 -0.0024246350000000001
1135 -0.17118887999999999 -0.1931388 0.0018532053
1136 -0.12404158999999999 -0.19946268 -0.0032505020000000002
1137 -0.035177334999999997 -0.056754470000000001 -0.067339494999999999
1138 -0.042217530000000003 -0.080546110000000004 -0.046781695999999998
1139 -0.14185808999999999 -0.18964754 0.021240703999999999
1140 -0.1074567 -0.19604240000000001 0.011047222000000001
1141 -0.13687137999999999 -0.19993933999999999 0.0117557645
1142 -0.090210299999999993 -0.19637007000000001 -0.0032680704999999998
1143 -0.026580412000000001 -0.15558901 -0.032764519999999998
1144 0.11154783 0.16196999000000001 -0.093624025999999999
1145 0.016109338000000001 0.16751547 -0.073294059999999994
1146 0.16623792000000001 0.098112640000000001 -0.1175737
1147 0.13662572000000001 0.1407175 -0.098191574000000004
1148 0.041924370000000002 0.17509710000000001 -0.066070870000000004
1149 0.0010606572000000001 0.16106398 -0.081998125000000005
1150 0.14979012 0.14015746000000001 -0.1018435
1151 0.11346972 0.15249673 -0.065341935000000004
1152 0.11876292500000001 0.15232909 -0.092391364000000004
1153 0.069056880000000001 0.16313532 -0.096777156000000003
1154 -0.035163519999999997 0.077050510000000003 -0.10549937
1155 0.17173351000000001 0.095087304999999997 -0.13837695
1156 0.13996932000000001 0.13497010000000001 -0.075502369999999999
1157 -0.023111716000000001 0.022672456000000001 -0.090723849999999995
1158 0.024141386000000001 0.032112584 -0.091131605000000004
1159 -0.0067337396999999997 0.081339634999999993 -0.078875680000000004
1160 -0.0035658432 0.14860567 -0.079314990000000002
1161 0.12821532999999999 0.14916450000000001 -0.067050605999999999
1162 0.072999923999999994 0.16711177999999999 -0.097162604
1163 -0.032053514999999998 0.085249060000000002 -0.086811125000000003
1164 0.040475179999999999 0.1560242 -0.077945959999999995
1165 -0.016000074999999999 0.13640264999999999 -0.084283899999999995
1166 -0.016412800000000002 0.028633570000000001 -0.098509490000000005
1167 -0.0061272160000000004 0.12936835999999999 -0.1171301
1168 0.032618698000000002 0.17882222 -0.081720285000000004
1169 0.15282302 0.12531912000000001 -0.11033665400000001
1170 -0.028183061999999998 0.12290313 -0.092556015000000005
1171 -0.019511326999999998 0.13926996 -0.097270949999999995
1172 0.011049718 0.16919222 -0.088047354999999994
1173 0.16129293 0.12242573499999999 -0.11679713999999999
1174 0.042075608 0.14968472999999999 -0.088964360000000006
1175 0.029499615999999999 0.13653124999999999 -0.093573420000000004
1176 0.021244376999999998 0.11091972999999999 -0.10216538
1177 0.0028195680000000002 0.082450460000000003 -0.079667195999999996
1178 0.061849130000000002 0.18281415000000001 -0.081606479999999995
1179 0.029828347000000002 0.14666277 -0.083799470000000001
1180 -0.017889485 0.10907201499999999 -0.11785909999999999
1181 0.11173302 0.16868465999999999 -0.070842675999999993
1182 0.033441595999999997 0.17411435 -0.097155359999999996
1183 0.013888298 0.15283959999999999 -0.11136235
1184 0.14458412000000001 0.13919476 -0.076937080000000005
1185 -0.030934053 0.10233045 -0.108212106
1186 -0.017547678000000001 0.084067149999999993 -0.11857903
1187 -0.0079052020000000001 0.10467013999999999 -0.12127085999999999
1188 0.076268900000000001 0.17857741999999999 -0.064914070000000004
1189 -0.017558562 0.00099890310000000002 -0.074470229999999998
1190 0.001122077 0.0390888 -0.10652494
1191 -0.0061959220000000004 0.14036130999999999 -0.11195856
1192 0.16792592000000001 0.11541617999999999 -0.11010393
1193 0.16794503 0.10940838 -0.12912705999999999
1194 0.022847328 0.073095569999999999 -0.090479775999999998
1195 0.080828756000000002 0.18031906 -0.074923229999999993
1196 -0.0083417930000000001 -0.069114400000000006 0.0059249326999999997
1197 0.0023701768000000002 -0.050970923000000001 -0.032522330000000002
1198 -0.024908482999999999 -0.073980459999999998 0.047864660000000003
1199 -0.042125023999999997 -0.05578375 -0.0010282042999999999
1200 0.030012905999999999 -0.12180727 0.064036876000000006
1201 -0.0098497029999999996 -0.077349215999999998 0.065016729999999995
1202 -0.018399134000000001 -0.075390970000000002 0.075335529999999998
1203 0.049200725000000001 -0.048555497000000003 -0.012223202000000001
1204 -0.033605054000000002 -0.032886405 0.16199659
1205 0.030967146000000001 -0.073445079999999996 0.065915084999999998
1206 0.037105836000000003 -0.074671100000000004 0.047554764999999999
1207 0.0030254869999999999 -0.077917546000000004 0.065870579999999998
1208 -0.045231691999999997 -0.026887193 -0.041165672
1209 0.063374620000000007 -0.032645 -0.019694614999999999
1210 0.041598209999999997 -0.035298682999999997 -0.038637385000000003
1211 0.052529926999999997 -0.036602624 -0.026744905999999999
1212 0.069426000000000002 -0.050643038000000001 0.037622615999999998
1213 0.05132192 -0.064175460000000004 0.072584990000000002
1214 0.019125647999999999 -0.075345469999999998 0.078232794999999994
1215 -0.055576604000000002 -0.026721666000000002 -0.029286402999999999
1216 0.013235588 -0.023188509999999999 -0.061426908000000002
1217 -0.044904373999999997 -0.017065252999999999 -0.050310932000000003
1218 0.067337275000000002 -0.032884978000000002 -0.023613470000000001
1219 0.027798976999999999 -0.067867084999999994 0.10248996
1220 -0.066955953999999998 -0.049455177000000003 0.052926744999999997
1221 -0.0039390455999999997 -0.014054451000000001 -0.070964470000000002
1222 0.0080383680000000006 -0.071017414000000001 0.105688766
1223 -0.053215711999999998 -0.060920692999999998 0.072210289999999996
1224 -0.062283190000000002 -0.054688639999999997 0.051501166000000001
1225 -0.0025415728 -0.0062697046000000003 -0.072721659999999994
1226 -0.036907993 -0.068545229999999999 0.083992880000000006
1227 -0.037922073000000001 -0.011102678 -0.059745251999999999
1228 0.062125976999999999 -0.055978272000000003 0.077508240000000006
1229 0.068932010000000002 -0.052712962000000002 0.054527473
1230 -0.060906544 -0.0089411679999999993 -0.040058129999999997
1231 -0.0032834727000000002 -0.074121623999999997 0.096156015999999997
1232 0.073610770000000006 -0.022149559999999999 -0.016174197000000001
1233 0.038118317999999998 -0.056033636999999997 0.12188233
1234 -0.076769219999999999 -0.037901614 0.057254675999999997
1235 -0.039770609999999998 -0.060825235999999998 0.111576736
1236 -0.038749239999999997 0.011157230000000001 -0.068764140000000001
1237 0.071927710000000006 -0.048968070000000002 0.067754339999999996
1238 -0.085250409999999999 -0.023945353999999999 0.06302555
1239 -0.08069076 -0.0087720220000000008 -0.0025143091999999998
1240 -0.048731523999999998 0.013249939000000001 -0.064412153999999999
1241 0.048702028000000001 -0.059809689999999999 0.099323770000000006
1242 -0.064825850000000004 -0.045245266999999999 0.10383244599999999
1243 -0.091916490000000003 -0.0063419210000000004 0.057846777000000002
1244 0.087673719999999997 -0.0095697130000000005 -0.0012707375
1245 0.078274029999999994 -0.039902285000000003 0.079226225999999997
1246 -0.07657303 -0.036624539999999997 0.084931864999999995
1247 0.10325101 -0.0012278193999999999 -0.026318286
1248 0.056747424999999997 -0.044477745999999999 0.119618185
1249 -0.028221853000000002 0.016038507 -0.076507225999999998
1250 0.084163100000000005 -0.035914293999999999 0.057155154999999999
1251 0.027995567999999998 -0.052899679999999998 0.13478029999999999
1252 0.075473680000000001 0.17791541999999999 -0.091027230000000001
1253 -0.086941539999999998 -0.010090597999999999 0.021736531999999999
1254 -0.044194261999999998 -0.048388354000000001 0.13387233000000001
1255 0.070925504 -0.030824649999999999 0.11685062
1256 0.084673540000000005 0.0053069079999999999 -0.018690999999999999
1257 -0.070071729999999999 -0.034946530000000003 0.11527366999999999
1258 0.073378965000000004 -0.038964704000000003 0.098545069999999999
1259 -0.087330119999999997 0.0098806329999999998 0.0040695159999999996
1260 -0.034602760000000003 -0.046552735999999997 0.14514239000000001
1261 0.097941520000000004 -0.0081318915000000002 0.040435415000000002
1262 0.092842620000000001 -0.014317105 0.081460476000000004
1263 0.098581210000000002 0.0026807887000000002 0.022584163000000001
1264 -0.088017780000000004 -0.0061521680000000004 0.103015
1265 -0.08842738 -0.014878336000000001 0.079763780000000006
1266 -0.091650400000000007 0.0058814295999999999 0.024944186
1267 -0.093701035000000002 0.024875693000000001 0.030741401000000002
1268 -0.036213589999999997 0.044643759999999998 -0.071199070000000003
1269 0.041653245999999998 -0.041896768000000001 0.1394939
1270 0.054068449999999997 -0.019421312999999999 0.14899817000000001
1271 -0.059567700000000001 0.047432050000000003 -0.056566313
1272 0.058487656999999998 -0.030729545 0.13498545000000001
1273 -0.061628031999999999 -0.020763892999999999 0.14982311000000001
1274 0.074976399999999999 0.031071212000000001 -0.038160644000000001
1275 -0.011161767 -0.031163577000000001 0.16924270999999999
1276 0.0066910664999999996 -0.037079867000000002 0.16221057999999999
1277 -0.078869910000000001 -0.016049411 0.12332192
1278 0.098302109999999998 0.0036225559999999999 0.082449839999999996
1279 0.070731950000000002 -0.014679212000000001 0.13294564
1280 -0.089172290000000001 0.029914677000000001 0.0072587746999999998
1281 0.051994745000000002 0.053027369999999997 -0.056592404999999998
1282 -0.050129272000000002 -0.019470613000000001 0.16293852
1283 -0.029484313000000002 -0.020772624999999999 0.17366369000000001
1284 0.089762314999999995 -0.0087877920000000009 0.10043811
1285 0.041831805999999999 -0.025845524000000002 0.15498686
1286 -0.06777147 0.054359780000000003 -0.036570079999999998
1287 0.0026155468000000001 -0.023867652 0.17413685000000001
1288 -0.081036404000000006 0.0047524309999999997 0.13403826999999999
1289 -0.071273550000000005 0.053710795999999998 -0.029248931999999998
1290 -0.095637829999999993 0.023464201000000001 0.063478889999999996
1291 0.083616289999999996 -0.0007920116 0.12003139
1292 -0.086567160000000004 0.0040507874999999999 0.11770774000000001
1293 0.022360489000000001 -0.026071608 0.16649657000000001
1294 -0.041386023000000001 0.074103450000000001 -0.05259701
1295 0.031135388 -0.011504445 0.17017784999999999
1296 -0.092927709999999997 0.041050499999999997 0.038573388
1297 -0.023134901999999999 0.072460785999999999 -0.063700820000000005
1298 0.091457516000000003 0.0088224224999999996 0.10766691
1299 -0.092816949999999995 0.030761239999999999 0.092366754999999995
1300 -0.062237213999999999 -0.0041116214999999999 0.16019412999999999
1301 -0.084778339999999994 0.049370296000000001 0.0030184798
1302 -0.082016930000000002 0.026831008 0.1346337
1303 -0.088398409999999997 0.020599816 0.11625184
1304 0.097786725000000005 0.019112855000000002 0.091664510000000005
1305 0.027699596999999999 0.0026114433999999999 0.17749113999999999
1306 0.0043866970000000002 -0.0057170614999999996 0.18317132
1307 -0.086295949999999996 0.059130583 0.025066035
1308 0.0071271974999999998 0.0038492083999999999 0.18512036000000001
1309 0.10111362 0.033631038000000002 0.074778490000000003
1310 -0.077033069999999995 0.064654169999999997 -0.0029499792000000002
1311 0.011629377 0.083645650000000002 -0.057650252999999999
1312 0.08157064 0.024257919999999999 0.12961210000000001
1313 0.080200510000000003 0.012327921 0.13078153000000001
1314 -0.074560730000000006 0.042738795000000003 0.14324244999999999
1315 -0.002536323 0.081975699999999999 -0.060534980000000002
1316 -0.024410563 -0.0014802888 0.18391988000000001
1317 0.098890915999999995 0.049315706000000001 0.067875850000000001
1318 -0.086656109999999995 0.041289665000000003 0.11170310999999999
1319 -0.088451325999999997 0.058973803999999998 0.058299629999999998
1320 0.090207115000000004 0.031760490000000002 0.11227452
1321 -0.070334720000000003 0.086507804999999993 0.026587179999999998
1322 -0.067599535000000002 0.11054894 0.0023118518
1323 -0.081751539999999998 0.071866639999999996 0.039060603999999999
1324 0.094216615000000004 0.064376310000000006 0.06275588
1325 0.091569419999999999 0.048028250000000001 0.10105223000000001
1326 0.05853295 0.03056097 0.15782918000000001
1327 0.012555366 0.094418589999999997 -0.045525573
1328 0.087636220000000001 0.36037131999999999 -0.11748831999999999
1329 0.088961615999999993 0.075440560000000004 0.043230556000000003
1330 0.095812410000000001 0.052740872000000001 0.080567025
1331 -0.081578164999999994 0.048239342999999997 0.122179806
1332 -0.046616803999999998 0.022651128 0.17637929999999999
1333 -0.056801282000000002 0.030969597000000001 0.16794788999999999
1334 0.089270114999999997 0.065971210000000002 0.085608385999999995
1335 0.044533059999999999 0.059202850000000001 0.15967637000000001
1336 -0.073691149999999997 0.085243479999999996 0.059536939999999997
1337 -0.059174343999999997 0.098948166000000004 0.030405778000000001
1338 -0.083024440000000005 0.069126950000000006 0.074726760000000003
1339 0.080572500000000005 0.085917779999999999 0.066554189999999999
1340 -0.071686714999999998 0.055133946000000003 0.13865074999999999
1341 -0.013277811 0.028094567000000001 0.18842953000000001
1342 0.013018187000000001 0.036455639999999997 0.18399335
1343 0.068786260000000002 0.051761641999999997 0.13976132999999999
1344 -0.025845243 0.041161110000000001 0.18371146999999999
1345 0.039912846000000002 0.042195994000000001 0.17023511
1346 0.026824127999999999 0.046026527999999997 0.17607786
1347 -0.075386419999999996 0.076280710000000002 0.093696563999999996
1348 -0.0041591906999999999 0.11078629 -0.019296549999999999
1349 0.017453646 0.110970005 -0.015475228000000001
1350 0.033469896999999998 0.10610103999999999 -0.016355465999999999
1351 0.026359499000000002 0.113911495 -0.0013612546000000001
1352 -0.065451190000000006 0.043705140000000003 0.15578441000000001
1353 -0.072222464 0.065515260000000006 0.12597474
1354 0.075832869999999997 0.093256846000000004 0.049042229999999999
1355 -0.030772712000000001 0.051174722999999998 0.17840128999999999
1356 -0.058550123000000003 0.073388203999999999 0.13932449
1357 0.063232049999999998 0.10381373000000001 0.042875870000000003
1358 0.082103250000000003 0.073617909999999995 0.095510184999999997
1359 -0.0147692 0.046457335000000002 0.18420711000000001
1360 -0.058779523 0.063157246 0.15054612000000001
1361 0.057782840000000002 0.052831049999999997 0.15144750000000001
1362 -0.044849962 0.04600899 0.17287219000000001
1363 -0.047096251999999998 0.10893482 0.055465482000000003
1364 0.060043345999999997 0.069979905999999995 0.13751115999999999
1365 -0.038413070000000001 0.066229603999999997 0.16633629999999999
1366 0.011659346500000001 0.11973213000000001 0.011816047
1367 0.075047760000000005 0.08758196 0.085157245000000006
1368 0.070003540000000003 0.086157300000000006 0.10178635
1369 -0.049159920000000003 0.070993329999999993 0.1534779
1370 -0.040932139999999999 0.083213410000000002 0.14613049
1371 -0.055149312999999998 0.102205426 0.069790939999999996
1372 0.059529220000000001 0.1064677 0.0632881
1373 0.065301090000000006 0.093854030000000005 0.094529820000000001
1374 0.059579764 0.080098144999999996 0.12748880000000001
1375 -0.021545381999999998 0.066219719999999996 0.17314172999999999
1376 -0.047807152999999998 0.082482025 0.14036280000000001
1377 -0.049579233 0.10137331500000001 0.095313800000000004
1378 0.029825966999999998 0.070575014000000005 0.16117840999999999
1379 0.011927086999999999 0.065742224000000002 0.17180735
1380 -0.045734472999999998 0.107854694 0.075364749999999994
1381 -0.036490112999999998 0.11438443 0.05840737
1382 0.023836574999999999 0.12168782 0.038106772999999997
1383 0.032250237000000001 0.082613930000000002 0.14900099
1384 0.056210425000000001 0.10222363499999999 0.091419760000000003
1385 -0.027931463 0.11821037500000001 0.039525020000000001
1386 0.046274177999999999 0.090139659999999996 0.12917467999999999
1387 -0.037300855000000001 0.11134856999999999 0.082763194999999998
1388 -0.013849555499999999 0.121765 0.058708615999999998
1389 0.043659218 0.10378292 0.10757139
1390 -0.039498255000000003 0.10066207000000001 0.11617416
1391 0.041704225999999997 0.11207908 0.085068569999999996
1392 -0.031531215000000001 0.094072119999999995 0.13665484999999999
1393 -0.024444493000000001 0.082738359999999997 0.1568793
1394 0.0071563180000000001 0.12382576000000001 0.040329030000000002
1395 -0.015720140000000001 0.094778284000000004 0.14318499000000001
1396 -0.0096011159999999998 0.122887835 0.042676567999999998
1397 0.013965188 0.090980190000000002 0.14824137000000001
1398 0.029096678000000001 0.099724144000000001 0.12851597000000001
1399 0.0056731775000000003 0.12306540000000001 0.064582239999999999
1400 0.00021756720000000001 0.121887565 0.074384324000000002
1401 -0.021679144000000001 0.10926553 0.11257577000000001
1402 0.011623576 0.10543188000000001 0.12591672000000001
1403 0.015230248 0.1172533 0.094504779999999997
1404 0.20195742 -0.0673015 -0.054793067000000001
1405 -0.16111038999999999 -0.36222005000000002 -0.046451934
1406 0.054693650000000003 0.33617330000000001 -0.0057504102999999997
1407 -0.16525827000000001 -0.10912502 0.078397900000000006
1408 -0.22231787 0.10493019000000001 -0.060633138000000003
1409 -0.18772948 0.078657210000000005 -0.067732379999999995
1410 -0.15687798 0.037691858000000002 -0.066990614000000004
1411 -0.15443978 0.054144396999999997 -0.072441450000000004
1412 -0.11282551 0.017970597000000001 -0.068858340000000004
1413 0.033735370000000001 0.32755020000000001 0.0032444000000000001
1414 0.039456807000000003 0.32558306999999997 -0.0097930429999999995
1415 -0.050471094000000001 0.25870943000000002 0.0077048168
1416 -0.051609185000000002 0.24813935000000001 0.00042822957000000002
1417 -0.04275085 0.24609262000000001 -0.0033118948
1418 -0.062790200000000004 0.17063439 -0.032155000000000003
1419 -0.053297915000000001 0.19356487999999999 -0.023163943999999999
1420 -0.045064483000000002 0.17247802000000001 -0.028228920000000001
1421 -0.043714963000000003 0.18652358999999999 -0.021237737999999999
1422 -0.047121900000000001 0.14072694999999999 -0.047118317
1423 -0.029662963000000001 0.12502033000000001 -0.043770152999999999
1424 -0.35499399999999998 -0.02928561 0.039424516
1425 -0.25195450000000003 -0.088971149999999999 0.078257023999999994
1426 -0.22927858000000001 -0.095419824 0.074481069999999996
1427 -0.18437787999999999 -0.091411989999999999 0.047671354999999999
1428 -0.19237888 -0.090052469999999996 0.054196479999999998
1429 0.21768742999999999 0.17000794 0.03065557
1430 0.103307724 0.054485890000000002 0.025046695000000001
1431 0.098399624000000005 0.016496757000000001 0.013171093
1432 0.094185619999999998 -0.029670485999999999 0.032468230000000001
1433 0.094440709999999997 0.031996577999999998 -1.8692574999999999e-05
1434 0.10435271 0.0057341140000000002 -0.032069213999999999
1435 0.080637574000000004 -0.025597122999999999 -2.7442350999999999e-05
1436 0.048627785999999999 -0.13805012 0.01355876
1437 -0.00020517315999999999 -0.10806062 -0.052515649999999997
1438 0.00012322702000000001 -0.082504350000000004 -0.071704450000000003
1439 -0.0055597043000000001 -0.085399169999999996 -0.071712609999999996
1440 0.010759016499999999 -0.05890894 -0.058438864
1441 0.0069063865000000002 -0.053206332000000002 -0.072405430000000007
1442 0.052819494000000002 0.042083487000000003 -0.061161310000000003
1443 0.045623987999999997 0.076721734999999999 -0.053995877999999997
1444 0.078521729999999998 0.074386820000000006 -0.029662797000000001
1445 0.078719720000000007 0.065825419999999996 -0.033687122
1446 0.057229634000000001 0.064655610000000002 -0.045816040000000002
1447 0.070258303999999994 0.058553010000000003 -0.031158010999999999
1448 0.025684426999999999 0.12383208 -0.10484776
1449 0.011982036999999999 0.083408769999999993 -0.11748131000000001
1450 0.021602317999999999 0.077029780000000006 -0.10162744999999999
1451 0.023205578000000001 0.051929443999999998 -0.10141019499999999
1452 0.020804237999999999 0.036800615000000002 -0.10093834
1453 -0.032566175000000003 -0.25297540000000002 0.078850279999999995
1454 0.042107057000000003 -0.17652914 0.040861915999999998
1455 0.026291907 -0.17872022000000001 0.032460037999999997
1456 0.058058787000000001 -0.13243936000000001 0.023192140999999999
1457 0.24276553000000001 -0.25114077000000001 0.0067937969999999999
1458 0.16813752000000001 0.15803248 0.0046735070000000004
1459 0.18748171999999999 0.15195069 0.021950121999999999
1460 0.16261861999999999 0.13875973 0.017434597
1461 0.14690822000000001 0.13067155999999999 0.0028848014999999999
1462 0.10276021 0.094486654000000003 -0.023961836
1463 0.12117782000000001 0.108611085 -0.0042273477
1464 0.20673852000000001 -0.071868374999999998 -0.057322486999999998
1465 0.21915802000000001 -0.077588190000000001 -0.043595719999999998
1466 0.13023582 -0.0050701275000000004 -0.071086469999999999
1467 0.13775092 -0.013337692 -0.066762420000000003
1468 0.14154072000000001 -0.0049820690000000004 -0.060990438000000001
1469 0.14337892999999999 -0.017492247999999998 -0.074498770000000006
1470 0.48700051999999999 0.084049470000000001 -0.0024715047
1471 0.50502320000000001 0.087262080000000006 -0.048629060000000002
1472 0.36009980000000003 0.12823153000000001 0.063889995000000005
1473 0.49053292999999998 0.075363739999999999 -0.017420123999999999
1474 0.27255689999999999 0.18775578000000001 0.068352339999999998
1475 -0.0099605470000000002 0.25707275000000002 0.034508990000000003
1476 0.50423070000000003 0.091881779999999996 -0.033858190000000003
1477 0.075317350000000005 0.091920710000000003 0.024576277000000001
1478 0.48637249999999999 0.090966030000000003 -0.017984089000000002
1479 0.4035147 0.090983380000000003 0.058714222000000003
1480 0.35507929999999999 0.119918674 0.091748679999999999
1481 0.3723146 0.10820523999999999 0.068337590000000004
1482 0.33996870000000001 0.12242211 0.079246536000000006
1483 0.24592802999999999 0.19044931000000001 0.0527778
1484 0.35979299999999997 0.14682083000000001 0.072347104999999995
1485 0.49558222000000002 0.07971201 -0.01603218
1486 0.33040580000000003 0.15679156999999999 0.098492380000000004
1487 0.48470039999999998 0.090474985999999993 -0.0090803580000000002
1488 0.47387829999999997 0.074095435000000001 0.0067371649999999998
1489 0.11428462 0.11444395 0.022488899999999999
1490 0.43305751999999997 0.088508149999999994 0.026959565000000001
1491 0.32161412 0.13192086 0.077836625000000007
1492 0.11641042 0.12756664000000001 0.029881122999999999
1493 0.069426580000000002 0.12953787 0.016981684
1494 0.25860080000000002 0.19127818999999999 0.076286346000000005
1495 0.346252 0.14186560000000001 0.099157499999999996
1496 0.47828730000000003 0.082394439999999999 0.0093836130000000007
1497 0.33576771999999999 0.13653019 0.09951422
1498 0.34804190000000002 0.15623704999999999 0.083688390000000001
1499 0.44731462 0.091015559999999995 0.016187098
1500 0.16615300999999999 0.14794724000000001 0.044973305999999998
1501 0.2562856 0.16174585 0.090512040000000002
1502 0.041392207 0.083261950000000001 -0.044937770000000002
1503 0.40418530000000003 0.12205300500000001 0.072161585
1504 0.013128687 0.018007598999999999 0.18543424999999999
1505 0.38233109999999998 0.12276202 0.08924464
1506 -0.31214537999999997 -0.056814280000000002 0.072405780000000003
1507 -0.36893587999999999 -0.024019032999999999 0.058583706999999999
1508 -0.32339200000000001 -0.049296065999999999 0.091186545999999993
1509 -0.078549610000000006 -0.037161972000000001 0.052421625999999999
1510 -0.37438850000000001 -0.0046768825999999996 0.026307717000000001
1511 -0.34141159999999998 -0.014534043 0.051739226999999999
1512 -0.31136407999999999 -0.03074675 0.094469609999999996
1513 -0.3098901 -0.024003713999999999 0.083315169999999994
1514 -0.33299820000000002 -0.014475979 0.064870419999999998
1515 -0.074599520000000002 -0.085406659999999995 0.025966728000000001
1516 -0.16056807000000001 -0.095237605000000003 0.092324089999999998
1517 -0.29963647999999998 -0.030178975 0.079158409999999998
1518 -0.44819989999999998 -0.048663421999999998 -0.067992700000000003
1519 -0.18460378 -0.079079449999999996 0.1004983
1520 -0.34171430000000003 -0.034773163000000003 0.082056746
1521 -0.21443608 -0.098822473999999993 0.10047902
1522 -0.23852177999999999 -0.081965769999999993 0.11093482
1523 -0.41974790000000001 -0.013691096999999999 -0.027122874000000002
1524 -0.38870830000000001 -0.012730607 -0.00018012662999999999
1525 -0.27037630000000001 -0.079783549999999995 0.10310026
1526 -0.34332439999999997 -0.017869442999999999 0.07446651
1527 -0.35294658000000001 -0.010402679 0.060479030000000003
1528 -0.054634984999999997 -0.062211469999999998 0.045144178
1529 -0.19646198000000001 -0.094990160000000004 0.058235614999999998
1530 -0.16827097999999999 -0.10148513000000001 0.091649149999999999
1531 -0.4136783 -0.022228525999999998 0.0038586506000000001
1532 -0.24819817999999999 0.18897688000000001 -0.063604289999999994
1533 0.040592857000000003 0.30006867999999998 0.0034083350999999998
1534 0.024423785999999999 0.31616719999999998 -0.0013804138000000001
1535 -0.030371392000000001 0.28451290000000001 0.030357025999999999
1536 -0.0011865123999999999 0.10144815 -0.03637191
1537 0.086552619999999997 0.32720500000000002 -0.037975542000000001
1538 0.024088766000000001 0.28751729999999998 0.014765412
1539 -0.032977840000000001 0.26955706000000001 0.0057043579999999997
1540 -0.012307508999999999 0.25133443 0.02763287
1541 -0.045177434000000002 0.14564535000000001 0.0097507459999999994
1542 -0.014192634000000001 0.11787219 -0.008703176
1543 -0.083289429999999998 0.17841599999999999 -0.013860308
1544 0.064746453999999995 0.33344249999999998 -0.004135728
1545 -0.22744238 0.20320445000000001 -0.050398096000000003
1546 -0.079406530000000003 0.20916219999999999 -0.0010657981
1547 0.038776048 0.29917616000000002 0.024218604000000001
1548 -0.11960028 0.062230766 -0.052770860000000003
1549 -0.075752239999999998 0.13195947999999999 0.0049534477000000004
1550 -0.037273889999999997 0.11981162400000001 -0.047781862000000001
1551 0.055097234000000002 0.33097880000000002 -0.023898579999999999
1552 -0.010102151 0.27474063999999998 0.0063029528
1553 -0.14558668 0.072903449999999995 -0.037370529999999999
1554 -0.22363678000000001 0.20061909 -0.050437785999999998
1555 0.081545696000000001 0.33846157999999998 -0.026015043000000002
1556 -0.016465915000000001 0.27695602000000002 0.043998309999999999
1557 0.050687570000000001 0.33281270000000002 -0.016887866000000001
1558 -0.042637533999999998 0.26876798000000002 0.035169877000000002
1559 -0.059381419999999997 0.24546893 0.031926415999999999
1560 -0.15469888000000001 -0.30492687000000002 0.0042073055999999999
1561 -0.083981840000000002 -0.2356259 0.081314620000000004
1562 -0.15588527999999999 -0.38791504999999998 -0.062175937000000001
1563 -0.092080090000000003 -0.26766682000000003 0.051110654999999998
1564 -0.068529930000000003 -0.23282021 0.066695735000000006
1565 -0.15639818 -0.33579153 -0.037553690000000001
1566 -0.084789305999999995 -0.24915577 0.091083369999999997
1567 -0.067385780000000006 -0.2288404 0.092049300000000001
1568 -0.020121159 -0.2031231 0.097224820000000003
1569 0.050780463999999997 -0.14938438000000001 0.033447273
1570 -0.14407209000000001 -0.35869917000000001 -0.056745067000000003
1571 -0.14392808000000001 -0.29888885999999998 -0.0025488064
1572 -0.095024479999999995 -0.25346866000000001 0.055199883999999998
1573 -0.123102084 -0.29542511999999999 0.023786849999999998
1574 0.017635167 -0.057014093000000002 -0.02015374
1575 -0.14303257999999999 -0.37843906999999999 -0.069814349999999997
1576 0.018797237000000001 -0.18724442999999999 0.086249805999999998
1577 -0.027493183000000001 -0.24154613999999999 0.061937183
1578 -0.055250604000000002 -0.24472638999999999 0.059808627000000003
1579 -0.12097639 -0.29243229999999998 0.061479338000000001
1580 0.022691958000000002 -0.088315790000000005 -0.010234294
1581 -0.15143218999999999 -0.29971692 0.022050500000000001
1582 -0.003375453 -0.071372784999999994 0.00016718171999999999
1583 -0.15485299 -0.32822509999999999 0.0041630416999999999
1584 -0.15726878 -0.38017285000000001 -0.063893870000000005
1585 0.0030690169999999998 -0.077094689999999994 0.037272945000000002
1586 -0.086380555999999997 -0.24059963000000001 0.06666598
1587 -0.11003563 -0.25277070000000001 0.061947107000000001
1588 0.027151815999999999 -0.14544272 0.074645879999999998
1589 0.045746196000000003 -0.13478926999999999 0.062924889999999997
1590 0.0091662970000000003 -0.12647942000000001 0.054650563999999999
1591 -0.12607798000000001 -0.27607912000000001 0.061918750000000002
1592 -0.18108799 0.076741039999999996 -0.066853609999999994
1593 -0.22934847999999999 0.26625019999999999 -0.159914
1594 -0.26953870000000002 0.27449976999999998 -0.29160970000000003
1595 -0.22589608 0.24442568000000001 -0.083315245999999996
1596 -0.24347737 0.22092886 -0.093529639999999997
1597 -0.26376110000000003 0.28326373999999999 -0.27637963999999998
1598 -0.23728357 0.27814489999999997 -0.21599552
1599 -0.23622528000000001 0.26683918000000001 -0.15411194
1600 -0.22479118000000001 0.28927928000000003 -0.17620045000000001
1601 -0.21893118 0.20111243000000001 -0.07339553
1602 -0.24145728 0.28914415999999998 -0.24872030000000001
1603 -0.21884487999999999 0.23459467000000001 -0.096879124999999996
1604 -0.25723439999999997 0.28579336 -0.25977895000000001
1605 -0.050513192999999998 0.039107169999999997 -0.062550359999999999
1606 -0.22333608999999999 0.26815446999999998 -0.16155800000000001
1607 -0.23059519000000001 0.27292727999999999 -0.18202893000000001
1608 -0.22972438000000001 0.22562979 -0.065173164000000006
1609 -0.21857528000000001 0.26173425 -0.13796493000000001
1610 -0.10398361 0.043878324000000003 -0.023669160000000002
1611 -0.18781897 0.067284405000000005 -0.023938674
1612 -0.20871677999999999 0.080421573999999996 -0.052877247000000002
1613 -0.23277958000000001 0.29325723999999997 -0.21300772000000001
1614 -0.24363019 0.18212020000000001 -0.071838440000000003
1615 -0.22375157000000001 0.27276400000000001 -0.12403536
1616 -0.24417776999999999 0.24818625999999999 -0.097047179999999997
1617 -0.094589055000000005 0.019249529000000001 -0.018104105999999998
1618 -0.21424107000000001 0.17855193999999999 -0.050383057000000002
1619 -0.21858917 0.27067995 -0.12874857000000001
1620 -0.069618669999999994 -0.0061671249999999999 -0.028906319999999999
1621 -0.025533601999999999 0.087989250000000005 -0.11492321
1622 0.14041082999999999 -0.0079765840000000001 -0.050040673000000001
1623 0.12933242 -0.40757662 -0.039599479999999999
1624 0.17394651 -0.36140746000000001 -0.006867349
1625 0.21634871999999999 -0.20387216999999999 0.0054904000000000003
1626 0.22312702000000001 -0.31033056999999997 0.020499572000000001
1627 0.19108163 -0.34587770000000001 2.1308659999999999e-05
1628 0.12919042 -0.4242264 -0.060368873000000003
1629 0.19065222000000001 -0.12419276 -0.037349936
1630 0.14742282000000001 -0.38140627999999999 -0.012509719000000001
1631 0.22672333 -0.116303526 -0.0033747368
1632 0.16258660999999999 -0.36537933 0.012276515
1633 0.21423262000000001 -0.23659649999999999 0.020820238000000001
1634 0.16606531999999999 -0.078092239999999993 -0.023859601000000001
1635 0.12061372400000001 -0.051512114999999997 -0.073722369999999995
1636 0.18273492 -0.32635117000000002 0.024245231999999999
1637 0.20552561999999999 -0.27843319999999999 0.014523104
1638 0.21462651999999999 -0.24427103999999999 0.0094247240000000006
1639 0.21568051999999999 -0.22772086 0.0097264870000000007
1640 0.21790102 -0.11523477999999999 -0.049523730000000002
1641 0.16624843 -0.096927360000000004 -0.039400673999999997
1642 0.20645781999999999 -0.26731433999999998 0.021081231999999998
1643 0.24519262999999999 -0.17801607999999999 0.016220637
1644 0.21008413000000001 -0.15469895 -0.028920057999999998
1645 0.06411712 0.032286584 -0.050362997
1646 0.086186200000000004 -0.0016126037 -0.076486979999999996
1647 0.23860143 -0.24280763 0.031950615000000002
1648 0.12599382000000001 -0.014110485000000001 -0.029042616
1649 -0.073792994000000001 -0.18478458 0.0017871037
1650 -0.20164348000000001 -0.17234093 -0.0016544163
1651 -0.22977088000000001 -0.16512462 -0.0085716360000000005
1652 -0.071543010000000004 -0.18430772000000001 -0.026515199999999999
1653 -0.05048739 -0.12229855000000001 -0.034995279999999997
1654 -0.10058955999999999 -0.17080190000000001 -0.0034223869999999998
1655 -0.12594358999999999 -0.19138741000000001 -0.0083079710000000008
1656 -0.22789508 -0.1757407 -0.0090455520000000001
1657 -0.042469680000000003 -0.12451379 -0.026406018
1658 -0.035639003000000002 -0.10936316 -0.030521232999999998
1659 -0.19584508 -0.17963634000000001 -0.0036294088
1660 0.0034321677000000001 -0.095192120000000005 -0.04984566
1661 -0.070858984999999999 -0.15196133000000001 -0.033155579999999997
1662 -0.00038961319999999999 -0.082930429999999999 -0.039115115999999998
1663 -0.068511340000000004 -0.18865660000000001 -0.017288540000000002
1664 -0.17005368000000001 -0.18609932000000001 -0.00088017434
1665 -0.034792133000000003 -0.12969045000000001 -0.061684147000000002
1666 -0.081089380000000003 -0.15887963999999999 -0.021425198999999999
1667 -0.019407041 -0.09854533 -0.031478800000000001
1668 -0.16481767999999999 -0.18978184000000001 0.020317822999999999
1669 -0.029451273 -0.036861631999999998 -0.07044512
1670 -0.011984649 0.012621146 -0.087964440000000005
1671 0.07711287 0.16922946 -0.059687465000000002
1672 0.0026498680000000001 0.12216191 -0.12010437
1673 0.036272958000000001 0.16263959 -0.069978730000000003
1674 0.13135711999999999 0.15758148 -0.077328146
1675 0.14889421999999999 0.12564652000000001 -0.083479576
1676 -0.023461044 0.071343260000000006 -0.078733259999999999
1677 0.13473352999999999 0.14730398 -0.098481920000000001
1678 0.16005902 0.10928843000000001 -0.11841144000000001
1679 0.017266686999999999 0.076815110000000006 -0.083271070000000003
1680 0.018119606999999999 0.10936702 -0.096207210000000001
1681 -0.020390459999999999 0.12152911 -0.11216013
1682 0.044320236999999998 0.17161587 -0.064029849999999999
1683 0.0052784364999999998 0.10694784 -0.12051555
1684 -0.036581892999999997 0.085043430000000003 -0.10121877
1685 0.10447581 0.16006887 -0.06139
1686 -0.037187423999999997 0.056905709999999998 -0.091398610000000005
1687 0.058961566999999999 0.17839432999999999 -0.064323485
1688 0.088235110000000005 0.1742802 -0.061991654
1689 0.12558822 0.14364974 -0.086296559999999994
1690 0.034480764999999997 0.13977477999999999 -0.10242008399999999
1691 0.019919988 0.12588646000000001 -0.091839223999999997
1692 0.094444423999999999 0.17025098 -0.09316692
1693 0.041089847999999998 0.18039231 -0.073914839999999996
1694 0.11621052 0.16846686999999999 -0.082004889999999997
1695 -0.027550323000000002 -0.048819010000000003 -0.027272824000000001
1696 -0.042108810000000003 -0.038322200000000001 -0.030946669999999999
1697 0.060737167000000002 -0.056160238000000001 0.025430881999999998
1698 0.032791827000000003 0.0021999106 -0.068164684000000003
1699 -0.075078820000000004 -0.0008135382 -0.022906981
1700 0.099849716000000005 0.17384612999999999 -0.087085049999999997
1701 -0.082937060000000007 0.021039318000000001 -0.0137007125
1702 -0.05513792 0.051324636 -0.054208815
1703 0.092976320000000001 0.075059059999999997 -0.0069630723000000004
1704 0.084552795 0.077437740000000005 0.017954964
1705 0.086967915000000007 0.076301250000000001 0.070121974000000004
1706 0.069936010000000007 0.03339512 0.14480054000000001
1707 -0.055484522000000001 0.093122004999999994 0.10813544999999999
1708 -0.0135318395 0.11737711000000001 0.091079549999999995
1709 -0.12560937999999999 0.023743733999999999 -0.065517060000000002
1710 -0.11127012999999999 0.034968119999999998 -0.074675640000000001
1711 -0.33748210000000001 -0.038186822000000002 0.053383484000000002
1712 0.2554999 0.15249512000000001 0.062169257999999998
1713 0.26598620000000001 0.15238997000000001 0.064214939999999998
1714 0.22950371999999999 0.16447524999999999 0.039226916000000001
1715 0.093687010000000001 -0.017698490000000001 0.0039608255
1716 0.10210561999999999 0.041538004000000003 0.048969798000000002
1717 0.09717141 0.040465050000000002 0.0043098909999999997
1718 0.0096669979999999996 -0.036971122000000002 -0.069869180000000003
1719 0.002244467 -0.045734311999999999 -0.075903970000000001
1720 0.071169789999999997 0.068829950000000001 -0.039253103999999997
1721 0.025539528999999998 0.064327129999999996 -0.077364749999999996
1722 0.019825916999999998 0.044732787000000003 -0.10416499999999999
1723 0.032929796999999997 -0.1880011 0.041722997999999997
1724 0.034105636000000002 -0.18730927 0.051269530000000001
1725 0.053768086999999999 -0.10358291 0.002686061
1726 0.20039602000000001 -0.33857324999999999 0.026143929999999999
1727 0.18265222 0.16588214000000001 0.012046721
1728 0.16811651999999999 0.14544046999999999 0.011664018
1729 0.10196692 0.089905669999999993 -0.013969986
1730 0.4852302 0.076686754999999995 -0.022683015000000001
1731 0.17441812000000001 -0.042714785999999998 -0.069616004999999995
1732 0.12664012999999999 -0.0021952949999999999 -0.062172196999999998
1733 0.35403952 0.14890186 0.091794089999999995
1734 0.43537520000000002 0.105370335 0.041437719999999997
1735 0.40804550000000001 0.11022516 0.076307379999999994
1736 0.079123974 0.14127387 -0.016271832999999999
1737 0.13333971999999999 0.17827514999999999 0.033132500000000002
1738 0.39011220000000002 0.13181444 0.070230310000000004
1739 0.19509531999999999 0.15703366999999999 0.023925307999999999
1740 0.064119620000000002 0.13289353000000001 -0.013238460000000001
1741 0.32953979999999999 0.13119707 0.095440805000000004
1742 0.12491472000000001 0.15628932000000001 0.039729238
1743 0.26912659999999999 0.15061975 0.084798429999999994
1744 0.18527663 0.19429307000000001 0.034762286000000003
1745 0.067890839999999994 0.32433718 -0.00094186515000000001
1746 0.36690030000000001 0.13453066 0.093930089999999994
1747 0.104043424 0.094211450000000002 0.010048876
1748 0.40425519999999998 0.10442084 0.077896683999999994
1749 0.45714352000000003 0.074650264999999993 0.020485926000000002
1750 -0.44405879999999998 -0.041962289999999999 -0.047782376000000001
1751 -0.44725549999999997 -0.038176477 -0.045978747
1752 -0.47781610000000002 -0.071557720000000005 -0.091346590000000005
1753 -0.27216279999999998 -0.043862869999999998 0.10311444
1754 -0.22886428 -0.064052890000000001 0.078571799999999997
1755 -0.43307607999999997 -0.024344505999999998 -0.024240340999999999
1756 -0.13571138999999999 -0.064690070000000002 0.069066665999999999
1757 -0.084466635999999998 -0.048105776000000003 0.054173842
1758 0.00069531705 -0.12119178 0.031169840000000001
1759 -0.41391519999999998 -0.030189925999999999 -0.011393845
1760 -0.23681177 -0.093653336000000004 0.077935619999999997
1761 -0.072974709999999998 -0.064135960000000006 -0.00010845065
1762 -0.38533650000000003 -0.017458247 0.0048280563000000004
1763 0.060515855 0.31425655000000002 0.0066754073000000001
1764 -0.029769042999999999 0.15439803999999999 -0.016411174000000001
1765 -0.032053392 0.25849420000000001 0.0016582683
1766 -0.032836444999999999 0.26977994999999999 0.041637458000000002
1767 -0.044557244000000003 0.24678822 0.04210233
1768 -0.015926915999999999 0.1240382 -0.016154747000000001
1769 0.002936948 0.31069845000000001 0.021481894000000001
1770 -0.015805112 0.11258903000000001 -0.039867494000000003
1771 0.071362703999999999 0.31774681999999999 -0.023212828000000001
1772 0.069869529999999999 0.32857138000000002 -0.039846890000000003
1773 -0.048677831999999997 0.26791164000000001 0.022565505999999999
1774 -0.089307739999999997 0.051931784000000002 -0.03347195
1775 -0.086992130000000001 0.16594568000000001 -0.0032532662
1776 -0.06894699 0.14818556999999999 -0.036538485000000002
1777 -0.035089105000000002 0.20745598000000001 0.01558549
1778 -0.059601963000000001 -0.25440847999999999 0.060408756000000001
1779 -0.020109789999999999 -0.20530023 0.051575943999999999
1780 -0.12849057999999999 -0.30429869999999998 0.016215681999999999
1781 -0.14267827999999999 -0.38440415 -0.061060824
1782 -0.15281337 -0.36610836000000002 -0.062368460000000001
1783 -0.083722666000000001 -0.24035480000000001 0.087343210000000004
1784 -0.000346113 -0.17145589 0.08392049
1785 0.049223620000000003 -0.066275790000000001 0.044212278000000001
1786 0.0093809480000000001 -0.16873135 0.02810286
1787 -0.041376362999999999 -0.24562186 0.061392545999999999
1788 -0.08936711 -0.27546150000000003 0.053160377000000002
1789 -0.13196099 -0.31348862999999999 0.020470127000000001
1790 -0.14863878 -0.30246033999999999 0.030176602
1791 -0.14641008 -0.3115078 -0.016253091000000001
1792 -0.15396027000000001 -0.31604302000000001 -0.018632650000000001
1793 0.00094440669999999998 -0.093998709999999999 0.031048888
1794 0.0052546075999999999 -0.22401360000000001 0.071172214999999997
1795 -0.13042877999999999 -0.28265232000000001 0.020709798000000001
1796 0.049370345000000003 -0.15763547 0.053548140000000001
1797 0.047742159999999999 -0.079041935999999993 0.045767336999999998
1798 0.062091599999999997 -0.094027609999999998 0.020910867
1799 -0.23194538000000001 0.27879061999999999 -0.22020443000000001
1800 -0.21772037 0.23946023 -0.09185815
1801 -0.21990067999999999 0.23915960999999999 -0.083890914999999996
1802 -0.14636547999999999 0.065780885999999997 -0.064297370000000006
1803 -0.22079678 0.27490072999999998 -0.17642780999999999
1804 -0.24412818 0.2839817 -0.21608925000000001
1805 -0.21515618 0.17342705999999999 -0.062159907
1806 -0.21649927999999999 0.26808852 -0.13868507999999999
1807 -0.10063881 0.013861461 -0.064595713999999999
1808 -0.21914949 0.16647513 -0.035853179999999998
1809 -0.21208107000000001 0.13232057 -0.063935859999999997
1810 -0.19971268 0.11949383 -0.060039509999999997
1811 -0.23741408 0.28436610000000001 -0.16112828000000001
1812 -0.21640179000000001 0.10003727 -0.059866323999999999
1813 -0.121474385 0.016146211000000001 -0.060091815999999999
1814 -0.13856028000000001 0.063038930000000007 -0.029764470000000001
1815 -0.049277883000000001 0.0020169932 -0.058546223000000001
1816 0.24766332999999999 -0.14888193 -0.015436891499999999
1817 0.112879515 -0.43358669999999999 -0.075041650000000001
1818 0.13184931999999999 -0.41068786000000002 -0.046511956
1819 0.061383430000000003 1.7909332999999998e-05 -0.074570549999999999
1820 0.14634222 -0.41341309999999998 -0.026871501999999999
1821 0.21669392000000001 -0.23655923000000001 0.027079538
1822 0.22124392000000001 -0.24068703 0.032609171999999999
1823 0.19785032 -0.12899527999999999 -0.041548259999999997
1824 0.15055462999999999 -0.082881640000000006 -0.055072530000000001
1825 0.13457182000000001 -0.055627546999999999 -0.028972032000000002
1826 0.23710523999999999 -0.25385809999999998 0.0024232120000000001
1827 0.22962663 -0.25176053999999998 -0.00013435631999999999
1828 0.24202092 -0.26144235999999998 0.01629597
1829 0.18697552000000001 -0.35868618000000002 0.018660486
1830 0.15860152 -0.38744366000000002 0.0024444163000000001
1831 0.13767811999999999 -0.40706505999999998 -0.018517717999999999
1832 0.13659312000000001 -0.070075170000000006 -0.038652850000000002
1833 0.15226042000000001 -0.023443647000000001 -0.034888674000000001
1834 0.20278272 -0.14401169999999999 -0.012485019999999999
1835 0.21913423000000001 -0.087647409999999995 -0.045094118000000002
1836 0.19873191000000001 -0.3487498 0.015969858
1837 0.17683732999999999 -0.33510086 0.012569830000000001
1838 -0.057832500000000002 -0.14540832000000001 -0.01780549
1839 -0.040033773000000002 -0.061032414 -0.043208009999999998
1840 -0.10287039000000001 -0.17347409999999999 0.0049617067000000004
1841 -0.054634984999999997 -0.17902148000000001 -0.025161329999999999
1842 -0.17234258 -0.18198228 0.019899613999999999
1843 -0.013215627000000001 -0.061519197999999997 -0.076613979999999998
1844 -0.020186875 -0.082329159999999998 -0.074757980000000002
1845 -0.041155881999999998 -0.11385029000000001 -0.062155164999999998
1846 0.17049612 0.10066319999999999 -0.11945
1847 0.0027373469999999998 0.13800593999999999 -0.080560699999999999
1848 -0.0044914270000000001 0.020049259999999999 -0.095934779999999997
1849 -0.024485242000000001 0.040863305000000003 -0.10222262999999999
1850 -0.0011545131000000001 0.072723819999999995 -0.11772197500000001
1851 0.12255362 0.16209868999999999 -0.091724899999999998
1852 0.016314168 0.16591954 -0.10174982
1853 0.082381934000000004 0.15934986000000001 -0.085014599999999996
1854 -0.02128992 0.088872919999999994 -0.082770330000000003
1855 0.015367387 0.092758699999999999 -0.090674384999999996
1856 -0.015175912 0.14494061 -0.088066964999999997
1857 -0.032896083 0.041953842999999998 -0.075783580000000003
1858 0.15697911000000001 0.13442129 -0.099770053999999997
1859 0.030534486999999999 -0.017987428 -0.059719330000000001
1860 -0.065700400000000006 -0.028298073999999999 -0.013177565
1861 -0.077500059999999996 -0.018864311000000002 -0.00075666373999999995
1862 -0.096146226000000001 -0.031378812999999998 0.012886940499999999
1863 0.082273570000000004 0.023537312000000001 -0.033863667
1864 -0.023757133999999999 -0.040800669999999997 0.15716300999999999
1865 -0.037502144000000001 0.0015857369 0.17987581999999999
1866 -0.0088134830000000004 0.09528971 -0.045817953000000002
1867 -0.010169312 0.011410415 0.18852711999999999
1868 0.046079825999999997 0.021973646999999999 0.16839845000000001
1869 -0.050580323000000003 0.087542369999999994 0.12841675999999999
1870 -0.24153537999999999 0.22158816000000001 -0.097557379999999999
1871 -0.063572890000000007 0.21336748 -0.0153000355
1872 -0.046786862999999998 0.18433374 -0.028916746
1873 -0.043744949999999998 0.12858781 -0.049565364000000001
1874 -0.0038107634000000001 -0.10484176000000001 -0.062275234999999998
1875 0.0050667263999999998 -0.045907650000000001 -0.068409040000000004
1876 0.082151175000000007 0.057676020000000001 -0.029483112999999998
1877 0.072202310000000006 0.051066577000000002 -0.045228156999999998
1878 0.0076246876 0.079465149999999998 -0.11704183
1879 0.018407598000000001 0.075909760000000007 -0.110411525
1880 0.031396247000000002 -0.18848865000000001 0.046550229999999998
1881 0.043262158000000002 -0.15557410999999999 0.027498838000000001
1882 0.048810076000000001 -0.14877364000000001 0.021855007999999999
1883 0.17775932 0.16078918 0.0072193965000000001
1884 0.16712891999999999 0.15039907 0.0064547993000000003
1885 0.040156648000000003 -0.088837810000000003 -0.0080934519999999992
1886 0.10936332 0.093511559999999994 -0.017088208000000001
1887 0.23664181000000001 -0.10812977 -0.029055201999999999
1888 0.20894513000000001 -0.077499559999999995 -0.049992986000000003
1889 0.40080779999999999 0.094548480000000004 0.054055694000000001
1890 0.14147203 0.1822935 0.014027286
1891 0.19020723 0.15069060000000001 0.047301162000000001
1892 0.35404960000000002 0.14597979999999999 0.068918279999999998
1893 0.13635691999999999 0.12505417999999999 0.022294817000000001
1894 0.29842619999999997 0.17496568000000001 0.092361260000000001
1895 0.15445141000000001 0.13485473000000001 0.026363052000000001
1896 0.18498231000000001 0.15478295 0.05505649
1897 0.27372930000000001 0.17834290999999999 0.092891483999999996
1898 0.43261102000000001 0.079147869999999995 0.039560378
1899 0.26410422 0.18596303 0.085632899999999998
1900 -0.4059797 -0.016148240000000001 -0.020927596999999999
1901 -0.45031159999999998 -0.033926453000000002 -0.050993330000000003
1902 -0.47829317999999998 -0.064250109999999999 -0.090569615000000006
1903 -0.46615980000000001 -0.063804929999999996 -0.081742289999999995
1904 -0.14201447 -0.10068157 0.081148440000000002
1905 -0.24166888 -0.094593120000000003 0.097330340000000001
1906 -0.41109958000000002 -0.026586838000000002 0.0018367544
1907 -0.4415538 -0.040579549999999999 -0.064454490000000003
1908 -0.2885026 -0.041208185000000001 0.10366489
1909 -0.39377210000000001 -0.0053845899999999999 0.01377514
1910 -0.13333128 -0.088330370000000005 0.081773910000000005
1911 -0.12610218000000001 -0.10448249 0.064882620000000002
1912 -0.4193653 -0.012497930000000001 -0.011857627000000001
1913 -0.29507840000000002 -0.059265584000000003 0.10500801
1914 -0.27292640000000001 -0.040812317000000001 0.096457385000000007
1915 -0.18538718000000001 -0.08157536 0.052371926999999999
1916 -0.12531048 -0.050035660000000003 0.039808292000000002
1917 -0.13632928 -0.1061614 0.047839056999999997
1918 -0.021988872 0.27075863 0.0048344657000000003
1919 0.090847015000000003 0.34775650000000002 -0.056357294000000002
1920 0.091751814000000001 0.34145125999999998 -0.087891330000000004
1921 -0.037838812999999999 0.12042066999999999 0.006645214
1922 -0.061785724 0.22368769999999999 0.035278103999999998
1923 0.028393738000000002 0.32444240000000002 0.011550002
1924 -0.072836906000000007 0.22686616000000001 0.021481371999999999
1925 0.026755365999999999 0.29911061999999999 0.0023766681999999998
1926 -0.034177020000000002 0.22320613 -0.0010235979999999999
1927 0.061666029999999997 -0.10322911999999999 0.027340204
1928 0.012509048 -0.18757099999999999 0.035692460000000002
1929 0.0038276072999999999 -0.115974516 0.041827146000000003
1930 0.016186506999999999 -0.077304824999999994 0.045725679999999998
1931 -0.15250517 -0.30473840000000002 -0.0032008959999999999
1932 0.0071250369999999999 -0.21060938000000001 0.088831419999999994
1933 0.039427746 -0.1578772 0.071244329999999995
1934 -0.016380619999999999 -0.24139959 0.082380839999999997
1935 -0.050928782999999998 -0.26040637 0.089295379999999994
1936 0.031131006999999999 -0.19341591 0.061654028
1937 0.011557987 -0.13724317 0.015094552000000001
1938 -0.036075815999999997 -0.21231984000000001 0.061040879999999999
1939 -0.0099770994999999994 -0.16666853000000001 0.058792575999999999
1940 -0.14973378000000001 0.058700424000000001 -0.068259829999999994
1941 -0.21757837999999999 0.21339812999999999 -0.069229529999999997
1942 -0.24494468 0.27848634 -0.24186943
1943 -0.20346558000000001 0.14286461 -0.042830355000000001
1944 -0.23994428000000001 0.27926874000000002 -0.16532794000000001
1945 -0.24129767999999999 0.17919879 -0.044791784000000001
1946 -0.17918818 0.087729550000000003 -0.025073160000000001
1947 -0.17540848000000001 0.041804247000000003 -0.050114289999999999
1948 -0.21197568 0.12017702 -0.024360709000000001
1949 -0.24221519 0.16098319 -0.043346589999999997
1950 0.25275880000000001 -0.19195187 0.0055303276
1951 0.21930942 -0.18112512 -0.018776986999999998
1952 0.15115451999999999 -0.028943370999999999 -0.030009813999999999
1953 0.19917161999999999 -0.32539709999999999 0.032337499999999998
1954 0.14974302 -0.38273396999999998 -0.018568218000000001
1955 0.18596092 -0.045128136999999999 -0.040782550000000001
1956 -0.14618728 -0.1864885 -0.0031948536999999999
1957 -0.20832948000000001 -0.16889573999999999 0.0025608054999999999
1958 -0.14674847999999999 -0.17824677 0.014304951
1959 -0.0017312028999999999 -0.10368281 -0.041649367999999999
1960 -0.027465601999999999 -0.14677804999999999 -0.05162754
1961 -0.11074581999999999 -0.1909295 -0.013171781
1962 -0.092524423999999994 -0.19515772000000001 -0.012567926
1963 0.024447557000000002 0.13139753000000001 -0.11313946499999999
1964 0.053689208000000002 0.17291604999999999 -0.099128129999999995
1965 0.023777126999999999 0.16829035000000001 -0.069728419999999999
1966 -0.035828084000000003 0.093694659999999999 -0.093182206000000004
1967 0.099207013999999996 0.15624020999999999 -0.072683109999999995
1968 0.028958215999999998 0.059362209999999999 -0.069775543999999995
1969 0.092580914 0.16030559999999999 -0.063731220000000005
1970 -0.010339709000000001 0.067429089999999997 -0.11719105
1971 0.029557426000000001 0.17448114000000001 -0.070892659999999996
1972 0.033842318000000003 -0.073012010000000002 0.048765152999999999
1973 -0.085701260000000001 -0.015283924500000001 0.016697314000000001
1974 0.083537879999999995 0.015912097 -0.024108290000000001
1975 -0.066157850000000004 0.077649670000000004 -0.013148054500000001
1976 0.029366177 0.030041248 0.17859642000000001
1977 -0.00024530291999999999 0.035841703000000003 0.18710092
1978 -0.0015703226000000001 0.078938770000000005 0.16382244000000001
1979 -0.23249808 0.19679826 -0.082238790000000006
1980 -0.22389988999999999 0.10592578 -0.055307022999999997
1981 -0.04767192 0.22700505000000001 -0.0092483389999999995
1982 -0.036261093000000001 0.18616540000000001 0.0042587592999999997
1983 -0.043985940000000001 0.14832017 -0.038773439999999999
1984 -0.034790321999999999 0.14263683999999999 -0.04320388
1985 -0.21734086999999999 -0.093246504999999993 0.063753210000000005
1986 -0.12340298 -0.30365792000000003 0.028864019000000001
1987 0.093728110000000003 -0.00041454030000000002 0.0064229415999999999
1988 0.088066619999999998 -0.031778809999999998 0.0099552730000000006
1989 0.104359016 -0.055673624999999997 -0.058290396000000001
1990 0.027846597000000001 0.08362928 -0.053023170000000001
1991 0.035424598000000002 0.071009260000000005 -0.062491089999999999
1992 0.079444570000000006 0.068243936000000005 -0.027625500000000001
1993 0.013433257000000001 -0.21004776999999999 0.052896626000000002
1994 0.049329100000000001 -0.091562173999999996 -0.0020899065000000001
1995 0.2547914 -0.20910147000000001 0.0085473059999999993
1996 0.108131915 0.11068088 -0.028220519999999999
1997 0.23145521999999999 -0.096997395 -0.031122509999999999
1998 0.13567393 -0.0047600139999999999 -0.052028329999999998
1999 0.13212821999999999 -0.023525431999999999 -0.076835100000000003
2000 0.14891731999999999 -0.0153707545 -0.059508472999999999
2001 0.14713243000000001 0.14460128999999999 -0.085844649999999995
2002 0.22672771999999999 0.19453155999999999 0.070609309999999995
2003 0.10614201400000001 0.103495136 -0.020115778000000001
2004 0.12273042000000001 0.17006425999999999 -0.00082538277000000001
2005 0.35691990000000001 0.14066254 0.066593559999999996
2006 0.13461702 0.16777629999999999 0.043200817000000002
2007 0.03547194 0.11036256999999999 -0.0063147843
2008 0.29990992 0.17921248000000001 0.079405420000000004
2009 0.28179001999999997 0.18338170000000001 0.085461040000000002
2010 0.46010020000000001 0.087677865999999993 0.031656820000000002
2011 0.29840480000000003 0.1417011 0.090848020000000002
2012 -0.094204220000000005 -0.086883634000000001 0.059694219999999999
2013 -0.22618288 0.11952098999999999 -0.030024510000000001
2014 -0.34656510000000001 -0.027925134000000001 0.044720652999999999
2015 -0.45202409999999998 -0.050562910000000003 -0.062701166000000003
2016 -0.33839590000000003 -0.021237639999999999 0.050962596999999998
2017 -0.36501487999999999 -0.03526315 0.052700235999999998
2018 -0.2735205 -0.06410739 0.11088692
2019 -0.050207593000000002 -0.064521809999999999 0.040636209999999999
2020 -0.42540660000000002 -0.030152862999999999 -0.045730196000000001
2021 -0.10814099000000001 -0.042344517999999998 0.04544082
2022 -0.11705108 -0.069648533999999998 0.07021223
2023 -0.34824058000000002 -0.039195918000000003 0.073828980000000002
2024 -0.20827648000000001 -0.079723569999999994 0.10845566
2025 -0.061275054000000002 0.090542780000000003 0.0032054149000000001
2026 -0.046942501999999997 0.22729889 0.039093549999999998
2027 -0.063330139999999993 0.20242773 0.031449514999999997
2028 0.0027167368999999999 0.30888742000000002 0.0095639230000000002
2029 -0.065308359999999996 0.19133209000000001 -0.023789197000000002
2030 -0.073895559999999999 0.22770244000000001 0.01073955
2031 -0.067423880000000005 0.10129248 -0.038620777000000002
2032 -0.086478990000000006 0.053589302999999998 -0.051137547999999998
2033 -0.0084729139999999998 -0.17700015999999999 0.083664299999999997
2034 -0.13719588999999999 -0.30774056999999999 0.039041996000000002
2035 -0.014635491 -0.20734704000000001 0.049293824
2036 -0.14752177999999999 -0.32238206000000003 -0.028329610000000002
2037 -0.075896959999999999 -0.25414604000000002 0.0946626
2038 0.016077688 -0.105230324 -0.00086945670000000003
2039 0.0073853265 -0.059807449999999998 -0.016412026999999999
2040 -0.14334358 -0.40357658000000002 -0.070332480000000003
2041 -0.13976537999999999 -0.39667713999999998 -0.071863844999999996
2042 -0.14642309000000001 -0.37513128000000001 -0.068952925999999998
2043 0.04229811 -0.12451812600000001 0.062878094999999995
2044 -0.14410828000000001 0.024067637999999999 -0.056916766000000001
2045 -0.21836348 0.27961724999999998 -0.15651967999999999
2046 -0.22095259 0.15326882999999999 -0.030381604999999999
2047 -0.22382316999999999 0.22644486999999999 -0.097185984000000003
2048 -0.097006259999999997 0.024811785999999999 -0.069691463999999995
2049 -0.24053368 0.23234484999999999 -0.074108820000000006
2050 -0.19018136999999999 0.077876570000000006 -0.02231431
2051 -0.24796547999999999 0.21424568999999999 -0.072148450000000003
2052 -0.047693614000000002 0.030043883 -0.065950944999999997
2053 -0.23872729000000001 0.13895065000000001 -0.041953377
2054 0.24626713 -0.15246122000000001 0.0016130357999999999
2055 0.13344192999999999 -0.42790810000000001 -0.048413775999999999
2056 0.12029642 -0.42015754999999999 -0.051427156000000002
2057 0.12160282 -0.42053393 -0.057807564999999998
2058 0.13943191999999999 -0.033241793999999998 -0.077409519999999996
2059 0.22139633 -0.18972053999999999 0.017787985999999999
2060 -0.072438269999999999 -0.18900808999999999 -0.0058559253999999998
2061 -0.12262939 -0.17742996999999999 0.0097535250000000007
2062 -0.19617867 -0.18240054 0.013305515
2063 -0.18379238000000001 -0.19133020000000001 0.011581368999999999
2064 -0.049051820000000003 -0.1490504 -0.013069600000000001
2065 -0.12065098 -0.19376636 0.017259411999999998
2066 -0.019779818000000001 -0.10483003 -0.070437130000000001
2067 0.015820946999999998 0.016188569999999999 -0.087863184999999996
2068 -0.032316834000000003 0.025277325999999999 -0.075634580000000007
2069 -0.034944719999999999 0.047135897000000003 -0.093097425999999997
2070 0.018002987000000002 0.13938697999999999 -0.084326120000000004
2071 0.011101417000000001 0.15588878 -0.074716210000000005
2072 0.063241019999999995 0.18159258 -0.070033819999999997
2073 0.032993827000000003 -0.036545932000000003 -0.042216530000000002
2074 0.043010008000000002 -0.031325609999999997 -0.051290889999999999
2075 -0.024831922999999999 0.0071339886999999998 -0.074771950000000004
2076 -0.014118936 -0.0095429420000000004 0.18254503999999999
2077 -0.16481778 0.045398563000000003 -0.068749539999999998
2078 -0.036700085 0.14626074 -0.035814337000000002
2079 -0.075781409999999993 -0.18969162000000001 -0.018472120000000002
2080 -0.20837797 -0.100034736 0.06806885
2081 -0.19167018 -0.10065742 0.055623150000000003
2082 -0.10145123 -0.087921929999999995 0.0117799975
2083 0.0050766263000000004 -0.074878860000000005 -0.066035259999999998
2084 0.035425797000000002 0.15503061000000001 -0.11094576
2085 0.041241100000000003 -0.18187833 0.046039312999999998
2086 0.032981347000000001 -0.13544300000000001 0.0088091790000000003
2087 0.25197190000000003 -0.18313202000000001 -0.0085407529999999999
2088 0.16706341999999999 -0.029286751999999999 -0.041527130000000002
2089 0.24271922000000001 -0.13013366000000001 -0.018356342000000001
2090 0.4438394 0.079944180000000004 0.040498136999999997
2091 0.17080793 0.16752181999999999 0.0063651055
2092 0.44471001999999998 0.077225879999999997 0.021867569999999999
2093 0.13143521999999999 0.12931101 0.029105664999999999
2094 0.35473751999999997 0.11920789 0.070352440000000002
2095 0.41770439999999998 0.1094126 0.045103822000000002
2096 0.094964820000000005 0.079705869999999998 0.0036354475000000002
2097 0.096015619999999996 0.11570896 0.025811257000000001
2098 0.37423980000000001 0.11580826 0.061151423000000003
2099 0.26367980000000002 0.16738649 0.094359600000000002
2100 -0.121735185 -0.075062855999999997 0.017126504000000001
2101 -0.43110880000000001 -0.032943069999999998 -0.02646486
2102 -0.15194418000000001 -0.103298925 0.044067554000000002
2103 -0.24433698000000001 -0.094577129999999995 0.09164195
2104 -0.10999038999999999 -0.099167229999999995 0.034212579999999999
2105 0.034535379999999997 0.32867010000000002 -0.0013975948000000001
2106 0.014161277999999999 0.31573610000000002 0.0073716939999999998
2107 -0.018682903000000001 0.28369918 0.0049258545000000001
2108 0.092324420000000004 0.35857475 -0.098886125000000005
2109 0.083524673999999993 0.32800970000000002 -0.048387960000000001
2110 -0.047367193000000002 0.12977776999999999 0.0093841110000000005
2111 0.040806927 0.31981397 0.019836009000000002
2112 -0.032407284000000001 0.22043090000000001 0.0032946913999999999
2113 -0.032385245 0.26112901999999999 0.043977811999999998
2114 -0.15719408000000001 -0.37038840000000001 -0.045507878000000002
2115 -0.067536145000000006 -0.24176425000000001 0.061204849999999998
2116 -0.16180417999999999 -0.33604494000000001 -0.018200614
2117 0.010033106 -0.072056369999999995 -0.011890838000000001
2118 -0.24775198000000001 0.27985643999999998 -0.26771085999999999
2119 -0.23389898000000001 0.24529308 -0.12309870000000001
2120 -0.21831468000000001 0.24642549999999999 -0.11018234
2121 -0.25221407000000001 0.2884236 -0.26311449999999997
2122 -0.24619009 0.23864761000000001 -0.096924590000000005
2123 -0.17683108 0.048737639999999999 -0.028680593000000001
2124 -0.20803209 0.14550544000000001 -0.058079579999999999
2125 -0.092487245999999995 0.000112636015 -0.033759302999999997
2126 0.16167992 -0.39792382999999998 -0.016713113000000002
2127 0.21066122000000001 -0.30222893000000001 0.036398433000000001
2128 0.13756382 -0.39835777999999999 -0.017046213000000001
2129 0.21246192 -0.27416778000000003 0.036177083999999998
2130 0.19896902 -0.28887475000000001 0.023383573000000001
2131 0.10729321999999999 -0.047276217000000002 -0.032488309999999999
2132 0.10751532 -0.0089155329999999998 -0.025123123000000001
2133 -0.036379742999999999 -0.16484293 -0.022257249999999999
2134 0.012978847999999999 0.11320092499999999 -0.090770050000000005
2135 0.014673657999999999 0.035206596999999999 -0.099764939999999996
2136 0.16323372999999999 0.111867145 -0.100389384
2137 0.14134473 0.12960722999999999 -0.088810379999999994
2138 0.085598510000000003 0.17792590999999999 -0.087557179999999998
2139 -0.036623972999999997 -0.066978969999999999 0.026823633999999999
2140 0.09068872 0.015330511999999999 -0.0086207130000000003
2141 -0.057045743000000003 0.20954234999999999 -0.017873548
2142 -0.18100809000000001 -0.103915304 0.052889354999999999
2143 0.33789942000000001 0.12792437000000001 0.072346720000000003
2144 0.103936315 0.038404441999999997 0.0093413779999999991
2145 -0.019146759999999999 -0.14669277999999999 -0.042579770000000003
2146 0.028826985999999999 0.080144400000000005 -0.059035562
2147 0.023933685999999999 0.073160030000000001 -0.062313504999999998
2148 0.18619622 0.15879014 0.010148324
2149 0.11646631 0.102829 -0.01730423
2150 0.44845491999999998 0.09548508 0.042478897000000002
2151 0.32162422000000002 0.13100086 0.088223129999999997
2152 0.24683832 0.18449193 0.047462862000000001
2153 0.19756752 0.18013257999999999 0.071460070000000001
2154 -0.35488760000000003 -0.037905149999999999 0.050334030000000002
2155 -0.43722480000000002 -0.022352252 -0.037578556999999999
2156 -0.46501140000000002 -0.060904460000000001 -0.088224620000000004
2157 -0.25963649999999999 -0.087212145000000005 0.086195599999999997
2158 -0.2636927 -0.077487440000000005 0.10855463
2159 -0.114613384 -0.10369301 0.05117551
2160 -0.22565098 -0.059361259999999999 0.097225130000000007
2161 -0.037336253 0.21414569 0.026562259000000001
2162 -0.039584763000000002 0.12233707000000001 -0.048133988000000003
2163 0.06052329 0.31555309999999998 -0.018098666999999999
2164 0.062857209999999997 0.33646967999999999 -0.033721276000000001
2165 0.093009010000000003 0.35793229999999998 -0.11184312
2166 -0.079393359999999996 0.16751848 0.01441725
2167 0.017717138 -0.10616937 0.05265131
2168 -0.12559368000000001 -0.26659504000000001 0.055806130000000002
2169 -0.047341023000000003 -0.21184747000000001 0.073433200000000004
2170 -0.13932607999999999 -0.40266513999999998 -0.07915287
2171 -0.20362759 0.13995977000000001 -0.037296597000000001
2172 -0.23918837000000001 0.25078761999999999 -0.092760839999999997
2173 -0.24511878000000001 0.23264635 -0.080797783999999997
2174 0.23206893000000001 -0.22729546 0.032636582999999997
2175 0.11508413000000001 -0.43183273 -0.061473212999999999
2176 0.14780942 -0.40434819999999999 -0.034913755999999997
2177 0.23297332000000001 -0.106213875 -0.023792002
2178 0.22177601999999999 -0.28698430000000003 0.036596164
2179 0.15559651999999999 -0.39350584 -0.025809585999999999
2180 0.12422152 -0.42440119999999998 -0.063838619999999999
2181 0.19556751999999999 -0.33470820000000001 0.0024017616999999999
2182 0.20631332999999999 -0.29976383000000001 0.0063988863999999996
2183 0.23141041000000001 -0.15368909 -0.034032352000000002
2184 0.13483022 -0.063366439999999996 -0.033469147999999997
2185 0.063219233999999999 -0.033796072000000003 -0.062148564000000003
2186 -0.019191186999999998 -0.055296887000000003 -0.029549997000000001
2187 -0.038129232999999998 -0.046453156000000002 -0.034902595000000002
2188 -0.041895493999999998 -0.039639514000000001 -0.05381536
2189 0.058428925 0.15808907 -0.081317596000000006
2190 0.064432470000000006 0.15894361000000001 -0.091888869999999997
2191 0.16482872000000001 0.12076304 -0.11562717
2192 0.062025274999999998 0.15766683000000001 -0.088527010000000003
2193 -0.13554517999999999 0.022182368000000001 -0.028069497999999998
2194 0.039935577999999999 0.024570379999999999 -0.069896630000000001
2195 -0.22309938000000001 -0.061473686 0.084422590000000006
2196 0.085950374999999996 0.062261566999999997 -0.0032701919999999999
2197 -0.023385340000000001 -0.119172215 -0.065789470000000003
2198 0.22360192000000001 0.19118245 0.041773475999999997
2199 0.099904925000000006 0.12875544 0.028983637999999999
2200 0.43781870000000001 0.090529299999999993 0.053474340000000002
2201 -0.15112497999999999 -0.064686450000000006 0.070172269999999995
2202 -0.27038760000000001 -0.083185090000000003 0.093554794999999996
2203 -0.36644640000000001 -0.022421962 0.027050164000000002
2204 -0.3868356 -0.023093605 0.0081838659999999997
2205 -0.21945186999999999 -0.083793999999999993 0.110394485
2206 -0.14798628 -0.10984039 0.066057210000000005
2207 -0.014334725 0.25088632 0.01671011
2208 0.018696856000000001 0.30754136999999998 0.03256817
2209 -0.030867361999999999 -0.19551632999999999 0.077732906000000004
2210 -0.14953189 -0.34423969999999998 -0.048052190000000002
2211 0.023913678000000001 -0.13172992 0.0074566713999999999
2212 -0.14174607 -0.42754373000000001 -0.082745509999999994
2213 -0.076386019999999999 0.0088868569999999997 -0.063306055999999999
2214 0.25218429999999997 -0.20771496 0.012990721
2215 0.098387820000000001 -0.042685399999999998 -0.072125770000000006
2216 0.15896852 -0.084819329999999998 -0.061022416000000003
2217 0.098483009999999996 -0.051133850000000002 -0.041504121999999997
2218 0.14142932 -0.025602909 -0.074618050000000005
2219 0.12640651999999999 -0.43476130000000002 -0.062561564
2220 -0.051707253000000002 -0.1456335 -0.051685873
2221 -0.12793718000000001 -0.18474609 -0.007293023
2222 -0.012193618 -0.10655435000000001 -0.032569019999999997
2223 -0.032920875000000002 -0.089304010000000003 -0.035364456000000002
2224 -0.19029598 -0.18789385 -0.0011427328000000001
2225 -0.044641443000000003 -0.16591296999999999 -0.040668375999999999
2226 0.16678973 0.09645927 -0.13618227999999999
2227 0.074526146000000001 0.1633986 -0.066085530000000003
2228 0.013237217000000001 0.12521255000000001 -0.11890630000000001
2229 0.056033316999999999 0.16382077 -0.068631650000000002
2230 -0.0003003832 0.16078614999999999 -0.093942255000000002
2231 -0.047112714 -0.064128994999999994 0.046542409999999999
2232 -0.0028937924999999998 -0.0486761 0.15066125999999999
2233 -0.0049432620000000004 0.069021219999999994 -0.071241159999999998
2234 -0.050834794000000003 0.055164657999999998 0.16415597000000001
2235 -0.0039437496999999997 0.062947509999999998 0.17651811000000001
2236 -0.18424888 0.070344420000000005 -0.068745269999999997
2237 -0.011637481 -0.035421676999999999 -0.075085559999999996
2238 0.034707777000000002 0.050777494999999999 -0.069695850000000004
2239 0.028845206000000002 0.14914427999999999 -0.11256735
2240 -0.071653759999999997 -0.26792258000000002 0.059476577000000003
2241 0.24810441 -0.24163622000000001 0.017265475999999998
2242 0.043230607999999997 0.088509069999999995 -0.037905044999999998
2243 0.45941781999999998 0.095146775000000003 0.021996358000000001
2244 0.36928191999999999 0.14381097000000001 0.076388075999999999
2245 0.3254457 0.16651722999999999 0.076281799999999997
2246 0.51513339999999996 0.095201330000000001 -0.053216286000000002
2247 0.21616900999999999 0.19611192 0.047449890000000002
2248 0.42010271999999999 0.085361519999999996 0.055859696
2249 0.41436659999999997 0.11699609 0.057338140000000003
2250 0.39376129999999998 0.109900504 0.053013965000000003
2251 0.24518223 0.17674766 0.043752167000000002
2252 0.058041755 0.1191733 -0.025211882000000001
2253 0.097676109999999997 0.10398296999999999 0.021595092
2254 0.43117561999999998 0.097857109999999997 0.030736715000000001
2255 -0.15644647 -0.073130390000000003 0.039349202
2256 -0.32586880000000001 -0.017877832 0.076440240000000007
2257 -0.23345289 -0.095230679999999998 0.10069729400000001
2258 -0.32558819999999999 -0.01818645 0.066678989999999994
2259 -0.30848310000000001 -0.040326635999999999 0.10011396
2260 -0.18155838999999999 -0.10615717 0.059729486999999998
2261 0.088016120000000003 0.35721803000000002 -0.088903285999999998
2262 0.08640312 0.3365148 -0.070858920000000006
2263 -0.084468680000000004 0.16867937 0.0066884570000000001
2264 -0.15878428999999999 -0.31895366000000003 0.0026218370000000001
2265 -0.023744073000000001 -0.14669925 -0.025443647
2266 -0.14395018000000001 -0.36811343000000002 -0.050238878000000001
2267 -0.24780226999999999 0.20634577000000001 -0.076940400000000006
2268 -0.22143926999999999 0.096002190000000001 -0.042119794000000002
2269 -0.15249038000000001 0.078116630000000006 -0.053516875999999998
2270 -0.17960947999999999 0.098274513999999993 -0.030972425000000001
2271 -0.21489388000000001 0.18208585999999999 -0.059119289999999998
2272 0.24135692 -0.21313894 0.027725361
2273 0.17032001999999999 -0.34860154999999998 0.016374320000000001
2274 0.14927431999999999 -0.38312995 -0.0017448366
2275 -0.050629540000000001 -0.1770369 -0.014783278
2276 -0.23029847000000001 -0.1728933 -0.014833654999999999
2277 -0.050981063 -0.12345977 -0.052926692999999997
2278 0.010222917 -0.052681312000000001 -0.045062557000000003
2279 0.0044882280000000004 -0.032668594000000002 -0.069966459999999994
2280 -0.11181603 -0.17599962999999999 -0.0067945870000000004
2281 0.16898062999999999 0.090959159999999997 -0.1341156
2282 -0.0048662517000000001 0.15279374000000001 -0.080807610000000002
2283 0.034316766999999998 -0.052121489999999999 -0.020049351999999999
2284 -0.020523762000000001 -0.06935595 0.10507902500000001
2285 -0.040379602000000001 0.19029577 0.015041277
2286 0.093925309999999998 0.047585804000000002 0.0048037358000000002
2287 0.081922490000000001 -0.0092412290000000001 -0.014741994
2288 0.092476114999999998 -0.022280077999999998 0.042488452000000003
2289 0.28177560000000001 0.15796742 0.059203754999999997
2290 0.31648520000000002 0.1538534 0.064932799999999999
2291 0.14718292999999999 0.17706579 0.0053747743000000002
2292 0.22939302 0.18826187999999999 0.079036400000000007
2293 -0.061469425000000001 -0.041132613999999998 -0.010915546
2294 -0.10799837 -0.077572240000000001 0.013036868
2295 -0.27260390000000001 -0.043326049999999998 0.086424336000000004
2296 -0.16039708 -0.067353256 0.047896102000000003
2297 -0.021699354000000001 0.13197473000000001 -0.027101755000000002
2298 0.042932827 0.31932192999999998 -0.012328370999999999
2299 -0.065349384999999996 0.23649043 0.0022371486000000002
2300 -0.071979059999999997 0.10006312000000001 -0.030795033999999999
2301 -0.050516310000000002 0.10913150000000001 -0.049508173000000003
2302 -0.14875218000000001 -0.35893293999999998 -0.036172314999999997
2303 -0.13000639 -0.31055783999999997 0.030708872000000002
2304 -0.066203830000000005 -0.22552839 0.075000020000000001
2305 -0.21616357999999999 0.112955 -0.025020423999999999
2306 -0.060996644000000003 -0.0053799579999999998 -0.048113015000000002
2307 -0.22391517 0.20918390000000001 -0.085095149999999994
2308 -0.24442288000000001 0.15964310000000001 -0.049979277000000003
2309 0.20691203 -0.32581744000000001 0.0062120854999999997
2310 0.22193862 -0.30750189999999999 0.0114464015
2311 0.079038590000000006 -0.044858683000000003 -0.042464559999999998
2312 0.16351611999999999 -0.37556427999999997 -0.0150640905
2313 0.17966492000000001 -0.073604230000000007 -0.018147705
2314 0.17864272 -0.34743336000000002 -0.0010474175000000001
2315 -0.021847005999999999 0.060081355000000003 -0.11195286
2316 0.010667687 0.14172261999999999 -0.115906484
2317 0.017689697000000001 -0.01194917 0.17624124999999999
2318 0.012182938000000001 0.070861964999999999 -0.068277550000000006
2319 0.065047263999999994 0.10119228 0.023538305999999998
2320 0.014322957000000001 0.1117433 -0.11702881
2321 0.081514284000000006 -0.038000184999999999 0.025229440999999998
2322 0.088001309999999999 0.072900030000000005 -0.018414157
2323 -0.10048976499999999 -0.032798734000000003 0.036381799999999999
2324 -0.058586143 0.11997200500000001 -0.045973807999999998
2325 -0.058177463999999998 0.25538860000000002 0.022426254999999999
2326 -0.034788189999999997 -0.23491334999999999 0.10022383
2327 0.0019014971000000001 -0.10206038000000001 0.012301736000000001
2328 -0.12226268999999999 0.062622726000000004 -0.041119978000000001
2329 0.24056463 -0.17737295 -0.022348634999999999
2330 0.18019462 -0.36494100000000002 -0.00589107
2331 0.16387742999999999 -0.37538078000000002 0.010282025
2332 0.22470713 -0.14028125 0.0071764923999999997
2333 0.24858083 -0.19528490000000001 0.017132564999999999
2334 0.091843110000000006 0.16552088000000001 -0.094071210000000002
2335 -0.014459461 -0.074028880000000005 0.029292637
2336 -0.027944601999999999 -0.0090701129999999994 -0.067014489999999996
2337 -0.081788810000000003 -0.015541526 0.007765798
2338 0.098134323999999995 -0.0080613490000000006 0.061251464999999998
2339 0.09766851 0.021336284 0.0085288529999999994
2340 -0.018052625999999999 0.06315788 -0.071910870000000002
2341 0.078578220000000004 0.1079837 0.024118258
2342 0.26191130000000001 0.15580288 0.055492
2343 0.082219630000000002 0.15023094000000001 -0.0019865744000000002
2344 0.46648002 0.076138739999999996 -0.0027742963
2345 0.42651471000000002 0.088367490000000007 0.057998069999999999
2346 -0.17424628 -0.068884280000000006 0.08527788
2347 -0.21169798000000001 -0.069774195999999997 0.10597442999999999
2348 -0.23893528 -0.066783880000000004 0.074962324999999996
2349 -0.0084362645000000003 0.11240081 -0.026657328000000001
2350 -0.051329742999999997 0.070014775000000001 -0.045997545000000001
2351 -0.073173240000000001 0.2154614 0.026100117999999999
2352 -0.14996728000000001 -0.33642896999999999 -0.0053132400000000003
2353 0.00016100705 -0.10123654 0.024312627
2354 -0.017712123999999999 -0.19014874000000001 0.05207374
2355 0.0012301272 -0.13501150000000001 0.048669983
2356 -0.14137938999999999 -0.37235802000000001 -0.058879040000000001
2357 -0.052600163999999998 -0.0030242483999999999 -0.053239316000000002
2358 0.21798651999999999 -0.19884261 0.014464899999999999
2359 0.22766942000000001 -0.096403636000000001 -0.028647743
2360 0.028791897 0.055004284000000001 -0.087698289999999998
2361 0.0044617373 0.28884989999999999 0.0061615630000000001
2362 -0.14237068999999999 -0.10934584 0.059587029999999999
2363 0.086450410000000005 0.069784460000000006 0.0087684359999999992
2364 0.17625462 -0.035990000000000001 -0.053933658000000002
2365 0.19713752000000001 0.18982257 0.066480495000000001
2366 0.09726332 0.16033754 0.0013128109000000001
2367 0.41661150000000002 0.11129217600000001 0.068566083999999999
2368 0.16219142 0.18828033999999999 0.02138982
2369 0.17904001 0.16077474999999999 0.059673954000000001
2370 -0.12102918 -0.059471830000000003 0.018943088
2371 -0.40385169999999998 -0.0086438450000000007 0.0086967850000000003
2372 -0.2628837 -0.082264320000000002 0.080110799999999996
2373 0.061205927 0.32511449999999997 -0.028586626
2374 -0.054540914000000003 0.19086248 -0.027862853999999999
2375 -0.055574432 0.11482227 0.0082445030000000002
2376 0.026781737999999999 -0.099440310000000004 0.053781620000000002
2377 0.18914042 -0.12276980999999999 -0.025769653
2378 0.123427525 -0.41672104999999998 -0.040560989999999998
2379 0.12661612 -0.43106042999999999 -0.065523780000000004
2380 -0.069504410000000003 -0.148925 -0.024488567999999999
2381 -0.024174622999999999 0.12780187000000001 -0.1040406
2382 -0.058901384000000001 0.069284185999999998 -0.037128500000000002
2383 0.039468947999999997 0.038976065999999997 -0.069373219999999999
2384 0.27890229999999999 0.180731 0.061383180000000002
2385 0.46032432000000001 0.073883199999999996 0.0094290039999999995
2386 -0.14954287999999999 -0.086998425000000004 0.088870379999999999
2387 -0.28518589999999999 -0.074500469999999999 0.083993849999999995
2388 -0.26303428000000001 -0.055622280000000003 0.078800720000000005
2389 0.03182782 -0.095830075000000001 -0.0077621620000000004
2390 0.16187241999999999 -0.36485833000000001 -0.0060862154
2391 -0.045220482999999999 -0.10113082 -0.043000169999999997
2392 -0.018199910999999999 -0.11679819 -0.029043071
2393 -0.031821992 0.05027616 -0.10097415
2394 0.012573137999999999 -0.0049725417000000003 -0.072345524999999994
2395 0.10636221999999999 0.16020118999999999 -0.092731599999999997
2396 -0.042505084999999998 0.111091316 0.034721920000000003
2397 -0.24422437999999999 0.21236947 -0.062611885000000006
2398 -0.14332227 -0.063828109999999993 0.036014780000000003
2399 0.25344460000000002 -0.17303542999999999 -0.00343341
2400 0.21687571999999999 0.17955505999999999 0.030968226000000001
2401 -0.22222649 -0.091582015000000003 0.106735155
2402 -0.33223049999999998 -0.050061055 0.079596243999999997
2403 -0.019600256999999999 0.085450366 -0.05418017
2404 -0.045303789999999997 0.20555784999999999 0.028633155
2405 -0.14315517 -0.34984999999999999 -0.047589241999999997
2406 -0.079072879999999998 0.0066233569999999999 -0.018174124999999999
2407 -0.16597318999999999 0.086399229999999994 -0.033785849999999999
2408 0.21388093 -0.15840787000000001 0.0042301229999999997
2409 0.20056531999999999 -0.12385485 -0.0081213789999999998
2410 0.22148111000000001 -0.26203114 0.037009581999999999
2411 -0.023911043999999999 -0.054952732999999997 -0.074700489999999994
2412 0.110275716 0.16327067000000001 -0.062294636
2413 -0.095305293999999999 -0.040500227 0.0058231847000000002
2414 0.086660219999999996 0.04551272 -0.014210944
2415 0.056979584999999999 -0.09546934 0.0088885649999999993
2416 0.40219870000000002 0.11468739 0.05151874
2417 0.43753999999999998 0.080695240000000001 0.025532606999999999
2418 0.21873602 -0.21909445999999999 0.00058882683999999998
2419 0.19144621000000001 -0.30824032000000001 0.026912256999999998
2420 0.22839872999999999 -0.20642114 0.026987664000000001
2421 0.099991410000000003 0.014294258000000001 -0.05615618
2422 -0.057660494 -0.1326995 -0.044766689999999998
2423 -0.094309359999999995 0.0075862836000000003 0.047864508
2424 0.20444281 0.19045675000000001 0.032809492000000003
2425 -0.16119768000000001 -0.064223126000000005 0.057773329999999998
2426 0.064700900000000006 -0.092085929999999996 0.013023913
2427 0.15398302999999999 0.17343253 0.0034324639000000001
2428 0.17084372 0.17586383 0.0093874260000000008
2429 0.20598303000000001 0.1619458 0.069497009999999998
2430 -0.051037962999999999 -0.21278359999999999 0.084286219999999995
2431 -0.029461722999999999 0.068296720000000005 -0.10965666
2432 0.072360960000000002 0.17279398000000001 -0.096132369999999995
2433 -0.012489279000000001 0.11526316 -0.0025676750000000002
2434 -0.105002075 0.025567402999999999 -0.071951340000000003
2435 -0.057636294999999997 0.10086721 0.055566619999999997
2436 0.030518208000000002 -0.17642152 0.078131296000000003
2437 0.010909377 0.10270392 -0.033486004999999999
2438 -0.021819531999999999 0.25782326 0.0048153101999999998
2439 0.091756224999999997 -0.028040450000000001 -0.077529639999999997
2440 0.3229303 0.16323430999999999 0.07002506
2441 0.22872832000000001 -0.26122065999999999 0.036302929999999997
2442 -0.040649141999999999 -0.067114644000000001 -0.059357569999999998
2443 -0.022141270000000001 -0.18939455999999999 0.084625320000000004
2444 -0.19143867000000001 0.11805429000000001 -0.052673730000000002
2445 0.15868612000000001 0.12688930000000001 -0.092075219999999999
2446 0.030015156000000001 0.11802082999999999 0.01887778
2447 0.097635224000000007 0.15582836 -0.0086012669999999992
2448 0.081980020000000001 0.060649375999999998 -0.01516285
2449 0.24743222000000001 -0.23330677999999999 0.0047917960000000001
2450 0.20907882 -0.33192579999999999 0.023049555999999999
2451 0.17063402 -0.083758559999999996 -0.066089615000000004
2452 0.051167320000000002 0.11167483 0.03905148
2453 -0.13816448000000001 -0.41759372 -0.080446190000000001
2454 0.32716802 0.13680328 0.068877004000000006
2455 -0.14099228 0.051658608000000002 -0.068970249999999997
2456 -0.072024820000000003 -0.023113671999999998 -0.0070801876000000001
2457 -0.103459865 -0.26636857000000003 0.046350664999999999
2458 -0.016207323999999999 -0.18158204999999999 0.056063889999999998
2459 0.0019598267999999999 -0.055878200000000003 0.14017941
2460 -0.18684228 -0.109015 0.082353085000000006
2461 -0.22395377999999999 0.25489592999999999 -0.13254088
2462 -0.0060293376000000003 -0.20249407999999999 0.096731719999999993
2463 0.0065646673999999999 -0.084616943999999999 -0.061159850000000002
2464 -0.14524458000000001 0.042759622999999997 -0.069376989999999999
2465 0.015041667999999999 0.059745118 -0.10761555
2466 0.3373583 0.13064160999999999 0.096924629999999998
2467 -0.15007998 -0.077373819999999996 0.033582695000000003
2468 0.090556709999999999 -0.016140338000000001 -0.019431256000000001
2469 -0.071612629999999997 0.018581875000000001 0.15353027
2470 0.11144902 0.15136279999999999 -0.082985279999999995
2471 -0.19178276999999999 0.11716187 -0.034633940000000002
2472 0.10780881 0.11560321599999999 -0.024273726999999998
2473 -0.011483770000000001 0.29911490000000002 0.030741385999999999
2474 0.025622677 0.015686282999999999 -0.080613606000000004
2475 0.060006175000000002 -0.039463657999999999 -0.042770565000000003
2476 0.0052291565000000002 -0.14974771000000001 0.068899799999999997
2477 0.13200022 0.14435120000000001 -0.0141852535
2478 -0.16336998 -0.10900298 0.058521530000000002
2479 -0.067818699999999996 -0.077314439999999998 0.014387525999999999
2480 0.14937152000000001 0.16089153 -0.0040839350000000003
2481 0.18851741999999999 -0.32111967000000002 0.0089323149999999997
2482 -0.066112764000000004 0.088669090000000006 0.090396160000000003
2483 -0.08909011 0.048129789999999999 0.092585490000000006
2484 0.47094160000000002 0.088955670000000001 -0.0055964068000000002
2485 0.092946409999999993 0.015772426999999999 -0.034720297999999997
2486 -0.25810820000000001 0.27655816 -0.26934334999999998
2487 0.015151637000000001 -0.13192296000000001 0.063850560000000001
2488 0.058979120000000003 -0.10560546 0.008711211
2489 -0.027807113000000001 -0.121920824 -0.025943181999999999
2490 0.044420210000000002 -0.16813212999999999 0.042723209999999998
2491 0.033958599999999999 -0.17097047000000001 0.031275596000000003
2492 -0.10863391999999999 0.053333968000000002 -0.031278911999999999
2493 -0.0048549752999999998 0.099320199999999997 -0.083726819999999993
2494 0.076156470000000004 0.027555188000000001 -0.046512286999999999
2495 0.10203652000000001 0.014050137000000001 -0.044753093000000001
2496 0.3623036 0.11126178 0.076811489999999996
2497 0.21742781999999999 -0.15643760000000001 -0.033105969999999998
2498 -0.091507524000000007 -0.17894478 -0.023934383
2499 -0.034201114999999997 0.23423832999999999 0.038178083000000002
2500 -0.22709478 0.28320116000000001 -0.21786198000000001
2501 0.13408732000000001 0.16227293000000001 -0.0078108759999999996
2502 -0.14069267999999999 -0.32716054 -0.0010697618000000001
$EndNodes
$Elements
9758
1 4 0 1504 1332 1305 2317
2 4 0 265 4 2267 1979
3 4 0 936 930 973 1602
4 4 0 2494 1274 1974 1863
5 4 0 2041 321 322 2170
6 4 0 1367 300 1334 1380
7 4 0 684 258 1916 2370
8 4 0 1132 2187 1695 1208
9 4 0 2055 1066 1078 1032
10 4 0 213 1901 1751 2015
11 4 0 1770 1550 1768 1423
12 4 0 1765 1415 1539 446
13 4 0 664 162 1734 2200
14 4 0 408 1696 1695 730
15 4 0 1560 1571 33 1581
16 4 0 1902 2156 679 1903
17 4 0 1437 1959 1874 1096
18 4 0 540 846 881 884
19 4 0 459 736 738 704
20 4 0 786 1745 1763 827
21 4 0 285 2325 1416 1559
22 4 0 41 746 2202 2372
23 4 0 2202 748 2387 234
24 4 0 1504 1341 259 1867
25 4 0 1633 2241 1039 1647
26 4 0 430 429 1408 1980
27 4 0 2396 1385 296 287
28 4 0 1167 1672 421 1681
29 4 0 1468 1732 1466 1467
30 4 0 17 1845 1104 2277
31 4 0 1966 1854 309 1163
32 4 0 712 236 245 734
33 4 0 90 502 507 1126
34 4 0 1801 2049 922 1608
35 4 0 1915 722 464 1428
36 4 0 1078 2180 1628 2219
37 4 0 2372 41 2387 2202
38 4 0 953 1617 381 383
39 4 0 1105 1136 2221 30
40 4 0 1619 1806 2120 1609
41 4 0 2051 1608 2049 987
42 4 0 11 676 213 214
43 4 0 740 461 2387 748
44 4 0 942 1808 2171 2046
45 4 0 376 978 377 2500
46 4 0 275 1975 768 2300
47 4 0 8 13 298 1612
48 4 0 1923 2106 817 1769
49 4 0 2065 274 1140 1093
50 4 0 6 307 951 2124
51 4 0 473 703 1757 719
52 4 0 740 217 2387 227
53 4 0 2027 825 305 788
54 4 0 1958 1115 2061 1093
55 4 0 226 1238 677 1243
56 4 0 1299 2483 1219 1265
57 4 0 982 983 2492 1709
58 4 0 828 2240 1788 120
59 4 0 425 944 959 1532
60 4 0 2112 794 1926 782
61 4 0 938 314 441 1548
62 4 0 1659 1664 50 2224
63 4 0 985 432 960 1612
64 4 0 706 748 2387 461
65 4 0 1875 510 1092 1440
66 4 0 2406 977 1617 2125
67 4 0 1416 2325 1415 785
68 4 0 650 673 178 2002
69 4 0 1994 130 549 548
70 4 0 2282 2071 1160 1149
71 4 0 448 2030 2299 816
72 4 0 2368 653 189 177
73 4 0 1680 111 1855 2134
74 4 0 180 196 2332 1631
75 4 0 540 1723 881 541
76 4 0 987 1608 2049 3
77 4 0 2468 1256 2287 1247
78 4 0 264 1234 1223 1220
79 4 0 1169 2136 2445 112
80 4 0 2066 1096 1113 2197
81 4 0 2076 1332 1308 2317
82 4 0 1735 1503 595 2367
83 4 0 807 784 21 1919
84 4 0 2486 2118 1597 2121
85 4 0 149 1034 2359 1014
86 4 0 435 1411 2077 14
87 4 0 736 725 2256 2258
88 4 0 1776 452 798 453
89 4 0 1531 751 752 753
90 4 0 699 753 1510 696
91 4 0 1191 1691 2228 2316
92 4 0 2000 2364 1050 1081
93 4 0 1329 1705 1339 1324
94 4 0 1182 1172 26 1168
95 4 0 2211 550 867 545
96 4 0 181 623 1742 1737
97 4 0 2129 2410 1010 993
98 4 0 399 1030 995 557
99 4 0 753 2203 699 752
100 4 0 2367 2416 620 1735
101 4 0 1298 2483 397 1291
102 4 0 1117 1221 1208 1216
103 4 0 209 2452 1357 188
104 4 0 234 748 713 1508
105 4 0 1796 901 1569 839
106 4 0 1137 2442 1094 1844
107 4 0 714 1523 1900 2020
108 4 0 931 914 2461 981
109 4 0 436 15 2455 2464
110 4 0 273 1102 1097 2275
111 4 0 1761 730 2293 694
112 4 0 971 978 1607 943
113 4 0 1082 511 390 1698
114 4 0 1197 330 2039 406
115 4 0 1824 128 2216 1641
116 4 0 1934 1577 1453 349
117 4 0 609 171 568 174
118 4 0 1944 1600 19 912
119 4 0 1849 2340 410 2393
120 4 0 955 948 1592 13
121 4 0 127 546 1456 542
122 4 0 1066 1078 2175 2057
123 4 0 2213 372 804 939
124 4 0 1588 902 1933 343
125 4 0 977 1807 1617 976
126 4 0 324 335 2453 2212
127 4 0 1013 136 134 1086
128 4 0 721 723 727 744
129 4 0 1220 1528 694 728
130 4 0 163 167 2262 763
131 4 0 1050 1081 589 2000
132 4 0 1960 1125 1665 1126
133 4 0 2025 295 773 1975
134 4 0 1748 157 595 1503
135 4 0 11 676 2015 213
136 4 0 2307 2049 922 920
137 4 0 2349 1542 773 1348
138 4 0 2051 2122 2173 1596
139 4 0 27 772 1420 815
140 4 0 304 421 1165 1847
141 4 0 2197 1096 1113 1667
142 4 0 1594 2486 370 923
143 4 0 173 174 1736 669
144 4 0 948 9 434 12
145 4 0 980 1616 990 2172
146 4 0 2228 107 1963 522
147 4 0 1623 1818 1018 1032
148 4 0 757 469 470 2467
149 4 0 6 2124 951 2053
150 4 0 86 1209 365 1435
151 4 0 309 1681 306 1170
152 4 0 932 981 2122 1616
153 4 0 691 688 733 701
154 4 0 2162 1423 28 454
155 4 0 1873 453 454 1422
156 4 0 693 260 2012 743
157 4 0 2397 944 1532 265
158 4 0 244 321 1575 322
159 4 0 2044 59 476 1709
160 4 0 947 429 430 431
161 4 0 1798 1927 2415 133
162 4 0 1434 1833 1648 1077
163 4 0 811 815 824 818
164 4 0 642 99 1447 2242
165 4 0 2020 701 215 2155
166 4 0 1602 919 935 930
167 4 0 660 661 2252 569
168 4 0 928 265 1545 1601
169 4 0 980 981 2461 2119
170 4 0 954 978 971 916
171 4 0 1824 582 2216 1071
172 4 0 1942 973 379 936
173 4 0 117 2135 526 2233
174 4 0 1185 1621 1684 1154
175 4 0 2094 1480 1746 191
176 4 0 591 1489 1463 639
177 4 0 2180 1002 2379 1817
178 4 0 1889 657 593 162
179 4 0 56 2294 762 216
180 4 0 291 2300 275 2031
181 4 0 1319 1307 1323 1296
182 4 0 787 2208 817 2106
183 4 0 149 1068 1015 1640
184 4 0 1759 1755 1531 1912
185 4 0 2396 2435 1337 308
186 4 0 2263 1775 766 1543
187 4 0 930 919 1942 962
188 4 0 1207 1238 1201 1202
189 4 0 1420 2078 772 1983
190 4 0 200 1391 209 208
191 4 0 1541 822 826 775
192 4 0 1114 1440 2278 1091
193 4 0 2439 2132 1084 1023
194 4 0 1545 1554 959 928
195 4 0 1041 551 2181 1726
196 4 0 1662 1959 2222 1128
197 4 0 2464 436 438 16
198 4 0 1617 976 964 965
199 4 0 1944 945 1593 1811
200 4 0 223 2398 700 761
201 4 0 2315 1686 2393 415
202 4 0 2050 2305 941 911
203 4 0 331 1929 879 1758
204 4 0 1212 2423 1250 1319
205 4 0 510 1441 1719 1875
206 4 0 1437 1096 1874 504
207 4 0 1120 1094 1138 2223
208 4 0 159 2319 630 604
209 4 0 745 2154 40 702
210 4 0 113 1850 1159 1186
211 4 0 91 407 1129 2442
212 4 0 2219 1817 2175 2379
213 4 0 1617 965 1701 2125
214 4 0 1046 2409 147 574
215 4 0 1146 1193 412 2226
216 4 0 1686 2431 2393 1154
217 4 0 1616 981 2122 931
218 4 0 935 919 1799 1942
219 4 0 1606 1803 2045 1806
220 4 0 2159 1917 2362 1911
221 4 0 434 432 1409 433
222 4 0 931 981 2461 1
223 4 0 3 2172 1595 2122
224 4 0 338 339 2063 1135
225 4 0 889 487 2502 2352
226 4 0 941 911 317 2270
227 4 0 256 359 908 250
228 4 0 2198 650 178 67
229 4 0 1601 2307 928 1979
230 4 0 1914 1913 1908 2295
231 4 0 1565 2036 831 72
232 4 0 1593 914 2461 1609
233 4 0 934 310 2123 1947
234 4 0 2256 736 1520 725
235 4 0 1216 92 1208 1217
236 4 0 1513 2258 1517 736
237 4 0 198 157 2496 613
238 4 0 22 800 769 801
239 4 0 1303 1292 1318 1331
240 4 0 251 1913 713 234
241 4 0 55 2422 1111 1661
242 4 0 217 748 2387 1525
243 4 0 1673 1965 1682 1971
244 4 0 2124 307 951 2046
245 4 0 476 1813 953 966
246 4 0 697 746 463 2372
247 4 0 691 2155 1751 701
248 4 0 1594 2118 370 2486
249 4 0 2051 426 2049 1608
250 4 0 2031 2300 798 797
251 4 0 984 436 970 940
252 4 0 265 1979 1532 4
253 4 0 2268 992 2305 756
254 4 0 215 701 1751 2155
255 4 0 972 914 931 1599
256 4 0 971 377 1607 978
257 4 0 969 15 984 436
258 4 0 2388 697 463 2348
259 4 0 975 2050 924 1611
260 4 0 117 2233 115 1190
261 4 0 114 1680 1176 110
262 4 0 1903 2156 11 1518
263 4 0 1903 681 11 2156
264 4 0 989 970 924 975
265 4 0 2057 2056 2175 1066
266 4 0 488 487 2502 887
267 4 0 9 2269 934 948
268 4 0 1842 1130 272 1668
269 4 0 2493 2134 111 1683
270 4 0 757 1917 2159 468
271 4 0 1118 336 405 1957
272 4 0 388 2074 1082 1645
273 4 0 2297 29 813 1764
274 4 0 2307 2397 1941 987
275 4 0 2233 1676 418 2340
276 4 0 948 821 10 2269
277 4 0 431 429 430 1980
278 4 0 171 661 568 1740
279 4 0 1968 2233 2238 2318
280 4 0 1264 257 348 1242
281 4 0 757 2467 470 2102
282 4 0 1267 226 2423 1266
283 4 0 773 1385 287 296
284 4 0 248 2157 2158 697
285 4 0 1612 13 955 8
286 4 0 830 828 120 2240
287 4 0 891 1793 2353 1929
288 4 0 1228 358 1241 908
289 4 0 1504 2317 1308 1332
290 4 0 171 2097 609 1736
291 4 0 712 246 245 236
292 4 0 2055 1032 1018 1004
293 4 0 1809 2124 933 1810
294 4 0 1447 1877 518 520
295 4 0 307 2046 312 951
296 4 0 361 1585 873 1793
297 4 0 1240 372 2306 1271
298 4 0 411 1670 1857 1848
299 4 0 1593 1609 2461 1606
300 4 0 960 434 2407 1611
301 4 0 2021 247 1916 2323
302 4 0 622 168 648 1458
303 4 0 1107 1109 2498 337
304 4 0 2493 421 111 2134
305 4 0 2315 1676 1159 1970
306 4 0 1171 1847 1165 421
307 4 0 1315 2340 2318 1297
308 4 0 277 795 21 793
309 4 0 454 1873 28 2162
310 4 0 51 468 60 2104
311 4 0 943 978 1607 376
312 4 0 210 206 1374 1347
313 4 0 1948 2471 2171 942
314 4 0 826 1418 1775 815
315 4 0 1856 1847 1165 1171
316 4 0 1191 1691 421 1167
317 4 0 2256 1514 1526 1527
318 4 0 1615 1 2461 980
319 4 0 1540 777 1475 806
320 4 0 2281 112 1146 1678
321 4 0 1964 1252 1178 2432
322 4 0 1819 530 1084 1646
323 4 0 1549 297 799 812
324 4 0 1170 1171 304 2381
325 4 0 1171 421 1165 304
326 4 0 1187 1672 1167 1180
327 4 0 2047 1603 922 2307
328 4 0 1801 1603 1595 1800
329 4 0 2472 2097 2003 75
330 4 0 452 1983 781 2078
331 4 0 1169 1192 112 2191
332 4 0 1731 583 581 580
333 4 0 408 406 2039 730
334 4 0 1917 2478 2362 2102
335 4 0 865 533 1935 535
336 4 0 214 681 11 676
337 4 0 1978 1369 1393 1370
338 4 0 234 748 2387 706
339 4 0 711 1762 1510 219
340 4 0 1690 97 103 1174
341 4 0 435 969 2077 15
342 4 0 969 1802 435 821
343 4 0 979 1811 1593 945
344 4 0 198 1480 1746 2094
345 4 0 1879 114 524 1449
346 4 0 84 2131 1023 83
347 4 0 1348 1542 773 2433
348 4 0 2297 780 813 29
349 4 0 980 1 2461 981
350 4 0 2247 2198 178 608
351 4 0 1983 1764 772 819
352 4 0 2270 911 985 2050
353 4 0 704 736 1513 459
354 4 0 234 1506 692 2402
355 4 0 779 2361 783 671
356 4 0 1380 1381 1400 1371
357 4 0 2027 776 788 305
358 4 0 22 2028 2473 445
359 4 0 2171 2046 312 1943
360 4 0 1554 1601 1545 1941
361 4 0 266 1332 259 1867
362 4 0 1754 722 2195 44
363 4 0 847 2327 1758 2353
364 4 0 771 2030 1924 2351
365 4 0 1541 301 767 815
366 4 0 1333 1360 1352 2234
367 4 0 953 989 371 967
368 4 0 1948 2046 2171 229
369 4 0 1119 1659 1103 2062
370 4 0 1975 295 2349 1770
371 4 0 1023 84 83 2468
372 4 0 1546 2285 816 794
373 4 0 676 214 716 213
374 4 0 805 2300 798 278
375 4 0 1921 453 2110 781
376 4 0 1601 265 1545 2397
377 4 0 1941 2307 952 922
378 4 0 2122 946 2047 1870
379 4 0 1459 649 1739 139
380 4 0 591 1489 201 2199
381 4 0 326 843 270 893
382 4 0 928 1601 1545 1554
383 4 0 778 1919 21 784
384 4 0 928 7 957 425
385 4 0 1532 944 1945 1614
386 4 0 936 1602 973 1604
387 4 0 1342 1332 259 1362
388 4 0 1611 310 2407 1946
389 4 0 81 1309 497 1716
390 4 0 1697 130 905 906
391 4 0 199 282 1373 186
392 4 0 1562 2041 334 2040
393 4 0 680 717 227 740
394 4 0 1932 853 895 840
395 4 0 618 1738 617 665
396 4 0 2294 478 475 60
397 4 0 922 1608 952 1801
398 4 0 1638 1637 394 1642
399 4 0 1365 1362 2234 1375
400 4 0 1654 1109 1107 1110
401 4 0 398 908 1258 1284
402 4 0 1560 889 1931 2264
403 4 0 821 1802 435 14
404 4 0 2356 1781 2266 885
405 4 0 293 1403 199 282
406 4 0 1360 1369 2234 1379
407 4 0 753 751 696 1531
408 4 0 1227 2336 1208 1132
409 4 0 1435 365 86 1244
410 4 0 1115 1139 272 1958
411 4 0 2372 746 463 46
412 4 0 2005 1482 655 2143
413 4 0 1226 264 1219 1214
414 4 0 1289 1536 2382 286
415 4 0 1550 1768 287 773
416 4 0 1265 1238 264 1246
417 4 0 2284 257 1233 1222
418 4 0 2397 265 1532 2267
419 4 0 990 927 926 302
420 4 0 1838 273 1841 1102
421 4 0 2353 1929 847 891
422 4 0 88 506 505 1437
423 4 0 753 708 1507 702
424 4 0 2202 2157 755 1905
425 4 0 1946 949 2407 960
426 4 0 2016 745 1511 2014
427 4 0 911 992 2013 2305
428 4 0 104 2190 1964 2192
429 4 0 2233 1177 115 1159
430 4 0 1958 1101 1124 1139
431 4 0 2104 1917 2159 757
432 4 0 2260 2080 48 1529
433 4 0 2181 1627 1075 2314
434 4 0 1375 1362 2234 2235
435 4 0 684 761 1916 2398
436 4 0 1425 463 462 46
437 4 0 909 1589 2043 353
438 4 0 41 461 460 740
439 4 0 2044 59 940 984
440 4 0 1869 1353 1356 382
441 4 0 1333 1360 2234 1346
442 4 0 312 958 1949 1808
443 4 0 228 1513 1914 1517
444 4 0 76 494 493 496
445 4 0 1980 1810 8 431
446 4 0 702 2154 2023 2017
447 4 0 1512 2259 713 1517
448 4 0 821 14 934 1802
449 4 0 114 1449 1879 1878
450 4 0 717 739 740 461
451 4 0 2380 457 1841 1121
452 4 0 1856 1171 1165 1170
453 4 0 721 1915 466 467
454 4 0 982 968 953 371
455 4 0 253 1288 1277 238
456 4 0 859 2264 73 1560
457 4 0 1106 338 1130 1135
458 4 0 1945 986 959 950
459 4 0 349 1577 1453 882
460 4 0 2063 50 1130 1106
461 4 0 2223 2066 91 1874
462 4 0 2388 746 463 697
463 4 0 2202 2157 2158 755
464 4 0 2347 686 2160 2205
465 4 0 34 1654 2498 337
466 4 0 2016 725 736 2258
467 4 0 44 47 464 722
468 4 0 356 828 2240 1788
469 4 0 982 968 371 59
470 4 0 32 1105 2061 30
471 4 0 1956 1655 2221 1105
472 4 0 1665 1845 1113 2220
473 4 0 2076 1865 1316 1332
474 4 0 2023 1508 2402 1520
475 4 0 1663 2275 1841 268
476 4 0 1910 2362 1904 2206
477 4 0 467 1915 466 690
478 4 0 1340 1314 1302 2469
479 4 0 715 697 755 248
480 4 0 1362 2235 193 1379
481 4 0 30 1655 2221 2280
482 4 0 878 2169 1938 329
483 4 0 346 883 1794 829
484 4 0 1300 1282 232 237
485 4 0 538 123 1794 840
486 4 0 698 230 231 1753
487 4 0 2425 690 2102 2478
488 4 0 1838 2225 1111 55
489 4 0 1695 2186 1197 406
490 4 0 1331 1314 1302 1340
491 4 0 2413 473 53 719
492 4 0 2060 2079 1142 1962
493 4 0 258 2413 247 474
494 4 0 1439 2463 1662 1095
495 4 0 1947 434 2123 12
496 4 0 273 1838 1841 2380
497 4 0 1480 613 198 632
498 4 0 829 840 877 841
499 4 0 552 135 1828 993
500 4 0 2361 1552 779 445
501 4 0 757 49 470 469
502 4 0 1960 360 503 876
503 4 0 759 243 2386 1519
504 4 0 467 1529 2260 48
505 4 0 324 2212 2453 2040
506 4 0 1902 681 679 2156
507 4 0 29 454 1984 455
508 4 0 2340 1159 2233 1676
509 4 0 1265 250 257 1299
510 4 0 393 1051 1029 2059
511 4 0 1282 1273 1204 252
512 4 0 1580 361 1930 873
513 4 0 874 902 2491 2490
514 4 0 1112 2392 507 1126
515 4 0 742 1862 1220 677
516 4 0 381 977 383 1617
517 4 0 1634 576 1009 1404
518 4 0 2044 59 371 940
519 4 0 258 684 1916 247
520 4 0 1267 1307 1280 1296
521 4 0 1013 1626 2450 1038
522 4 0 1668 1101 1124 338
523 4 0 74 850 531 119
524 4 0 1253 1259 1196 1127
525 4 0 53 473 1761 471
526 4 0 56 2479 754 1515
527 4 0 2223 439 1122 1120
528 4 0 279 1433 1431 1244
529 4 0 1383 316 1395 212
530 4 0 760 241 216 743
531 4 0 1265 250 1264 257
532 4 0 1825 1056 2184 87
533 4 0 1043 999 149 1073
534 4 0 1207 1234 1201 1238
535 4 0 1862 703 683 742
536 4 0 1892 633 1484 1733
537 4 0 873 1585 1930 1580
538 4 0 258 1862 247 2413
539 4 0 1917 468 757 1756
540 4 0 56 216 762 743
541 4 0 760 729 56 1515
542 4 0 2021 683 749 2323
543 4 0 1381 1363 1371 1380
544 4 0 1860 406 408 1215
545 4 0 1589 1590 1569 2487
546 4 0 1220 719 53 1757
547 4 0 509 2237 1197 1117
548 4 0 964 2213 1701 965
549 4 0 976 965 2306 2213
550 4 0 267 921 977 2125
551 4 0 2233 1190 93 2340
552 4 0 2139 226 2335 1253
553 4 0 2117 1930 1206 1972
554 4 0 365 1267 905 1307
555 4 0 2186 2188 1695 1669
556 4 0 1815 1236 1225 1227
557 4 0 1844 2442 1129 508
558 4 0 1439 1843 1844 508
559 4 0 677 2423 2335 226
560 4 0 1448 102 1963 1690
561 4 0 2159 254 220 2104
562 4 0 1405 833 2266 1570
563 4 0 1095 2066 1094 1844
564 4 0 1961 1655 2280 1110
565 4 0 1093 32 2065 2061
566 4 0 56 760 471 472
567 4 0 346 829 1794 877
568 4 0 2035 1928 858 840
569 4 0 1211 1974 1210 1645
570 4 0 2073 1208 1859 1117
571 4 0 1300 1273 232 1282
572 4 0 1216 1117 1859 1208
573 4 0 1097 2265 2133 1102
574 4 0 760 743 56 729
575 4 0 1759 2101 714 215
576 4 0 2380 1661 1841 1666
577 4 0 2307 987 952 1608
578 4 0 467 2260 744 732
579 4 0 2064 2225 1838 55
580 4 0 408 2456 2293 730
581 4 0 2337 695 2293 1220
582 4 0 2356 885 2266 1782
583 4 0 2255 2467 470 469
584 4 0 900 892 1724 890
585 4 0 1958 1105 2061 1115
586 4 0 831 70 71 72
587 4 0 769 800 672 801
588 4 0 1342 1346 1333 1362
589 4 0 2485 1256 101 530
590 4 0 833 1782 2210 1570
591 4 0 1530 2260 744 2346
592 4 0 1792 36 1791 487
593 4 0 706 461 2387 460
594 4 0 459 1508 713 1512
595 4 0 1785 1212 1229 857
596 4 0 721 690 466 1915
597 4 0 1425 2157 43 463
598 4 0 2042 1575 1570 2356
599 4 0 286 2300 291 2031
600 4 0 866 887 1931 1791
601 4 0 2063 50 1106 1135
602 4 0 1139 1101 1124 272
603 4 0 121 1032 1623 1037
604 4 0 1136 32 30 1105
605 4 0 32 1655 456 1136
606 4 0 2255 690 470 2296
607 4 0 1119 1659 2062 367
608 4 0 680 459 717 1517
609 4 0 467 690 1427 1915
610 4 0 1479 156 2248 620
611 4 0 288 382 202 1869
612 4 0 2402 1506 458 1508
613 4 0 269 893 836 843
614 4 0 1268 411 2068 1857
615 4 0 865 120 1566 2037
616 4 0 704 2259 713 1512
617 4 0 1502 96 2242 99
618 4 0 1308 2317 1306 2076
619 4 0 1143 2225 2064 55
620 4 0 690 2467 2255 469
621 4 0 464 47 1985 2080
622 4 0 1102 273 1841 2275
623 4 0 328 35 119 896
624 4 0 867 133 2488 131
625 4 0 740 1913 1908 251
626 4 0 730 724 2293 1199
627 4 0 873 361 1930 1585
628 4 0 241 743 2012 260
629 4 0 582 1048 581 580
630 4 0 1785 1213 1229 366
631 4 0 743 2019 693 1528
632 4 0 220 254 241 726
633 4 0 346 877 868 883
634 4 0 1576 904 900 892
635 4 0 272 1668 1124 1139
636 4 0 1818 1032 2378 1004
637 4 0 1572 1586 828 872
638 4 0 423 939 1286 804
639 4 0 1093 274 1140 2280
640 4 0 467 2260 2142 466
641 4 0 642 2252 1350 164
642 4 0 1590 2355 2476 888
643 4 0 757 468 2159 2104
644 4 0 1222 263 2284 257
645 4 0 888 2355 2487 331
646 4 0 1631 2177 147 389
647 4 0 1576 341 903 2033
648 4 0 1794 877 868 346
649 4 0 1578 861 1935 1778
650 4 0 851 877 1794 829
651 4 0 2134 1683 421 1672
652 4 0 1535 22 2473 800
653 4 0 1939 2458 884 875
654 4 0 1675 1184 2001 2137
655 4 0 226 1243 677 2423
656 4 0 250 256 1299 2483
657 4 0 779 445 2473 2361
658 4 0 216 2022 61 726
659 4 0 1353 382 375 1347
660 4 0 1284 1304 398 187
661 4 0 1303 1299 1318 257
662 4 0 350 1196 905 365
663 4 0 34 1109 2498 1654
664 4 0 2217 1056 1989 2131
665 4 0 1214 1207 1231 1202
666 4 0 2300 1322 2324 278
667 4 0 2254 1898 1490 2090
668 4 0 537 341 2458 853
669 4 0 2069 1154 1686 2393
670 4 0 1038 1953 347 1088
671 4 0 830 828 2240 893
672 4 0 1746 191 2005 2094
673 4 0 1787 882 1453 1577
674 4 0 884 1939 890 888
675 4 0 2335 2423 1212 1267
676 4 0 244 2042 1584 1575
677 4 0 321 834 2040 886
678 4 0 1575 322 1781 244
679 4 0 321 834 2170 2040
680 4 0 2088 1083 1017 1952
681 4 0 887 2264 2502 488
682 4 0 1779 853 2354 883
683 4 0 1376 1356 1370 1369
684 4 0 993 2410 1010 2178
685 4 0 121 1831 2378 1032
686 4 0 1583 2264 2502 889
687 4 0 1726 1038 2450 1953
688 4 0 2035 840 2354 853
689 4 0 1666 1109 1107 58
690 4 0 1437 506 505 1096
691 4 0 829 841 1794 1779
692 4 0 1637 136 1086 395
693 4 0 486 72 71 70
694 4 0 598 1476 654 611
695 4 0 2468 1646 1085 118
696 4 0 1776 775 767 1541
697 4 0 1126 502 1665 1960
698 4 0 1960 2225 503 1125
699 4 0 1627 1041 2181 1836
700 4 0 1581 852 837 1790
701 4 0 1044 1638 2418 1062
702 4 0 2476 343 1933 902
703 4 0 993 552 394 1828
704 4 0 124 1052 1828 2441
705 4 0 1237 366 1229 1213
706 4 0 1833 2000 2058 1022
707 4 0 1821 124 1822 1052
708 4 0 1903 2156 679 681
709 4 0 474 473 471 2294
710 4 0 1273 238 242 1288
711 4 0 730 2456 2293 1861
712 4 0 2442 2188 54 1137
713 4 0 2353 1929 1758 847
714 4 0 1628 2180 1002 2379
715 4 0 1578 2115 1935 894
716 4 0 540 890 881 1724
717 4 0 2340 1676 418 2315
718 4 0 787 1547 817 2111
719 4 0 1207 2231 1198 1201
720 4 0 2436 892 900 904
721 4 0 884 2355 888 331
722 4 0 351 1649 1142 1100
723 4 0 1787 860 536 1453
724 4 0 2479 724 694 728
725 4 0 1242 1257 342 1264
726 4 0 1792 2036 831 1565
727 4 0 216 60 475 241
728 4 0 542 546 1569 901
729 4 0 846 540 881 1455
730 4 0 1788 843 326 1563
731 4 0 1313 1312 1343 1706
732 4 0 1405 1570 2266 1782
733 4 0 2393 2340 410 2315
734 4 0 324 886 1562 2040
735 4 0 85 2313 1634 1020
736 4 0 663 2244 665 1472
737 4 0 1072 1000 1834 147
738 4 0 2465 1159 115 1177
739 4 0 344 1798 1797 857
740 4 0 1112 502 2145 876
741 4 0 2038 873 2389 1580
742 4 0 1113 1845 2391 439
743 4 0 638 162 1734 664
744 4 0 290 1708 282 1400
745 4 0 99 2448 1447 514
746 4 0 1250 1319 78 1212
747 4 0 559 557 2399 1051
748 4 0 158 481 178 67
749 4 0 2111 1923 1413 20
750 4 0 199 1377 186 293
751 4 0 1597 923 913 1594
752 4 0 1087 1088 2481 1953
753 4 0 1737 674 1742 2006
754 4 0 375 1312 1343 1313
755 4 0 1034 999 1026 1073
756 4 0 1335 1346 1378 1345
757 4 0 1219 908 1255 1241
758 4 0 1299 2483 1318 257
759 4 0 1503 595 663 1738
760 4 0 289 1538 195 787
761 4 0 1899 599 2292 1494
762 4 0 257 1222 1219 1248
763 4 0 622 1895 181 2480
764 4 0 2002 2292 2365 2153
765 4 0 350 365 905 1697
766 4 0 1406 277 795 1544
767 4 0 1208 1117 1197 1695
768 4 0 967 940 371 968
769 4 0 1833 1050 589 2000
770 4 0 226 1973 677 742
771 4 0 383 964 1701 1617
772 4 0 1892 633 2005 1484
773 4 0 1118 336 1957 1131
774 4 0 1558 800 1766 1535
775 4 0 1442 1645 1281 511
776 4 0 1377 2482 210 1347
777 4 0 1562 2040 334 324
778 4 0 390 1289 513 2382
779 4 0 1345 1335 1326 1868
780 4 0 1171 1167 421 2381
781 4 0 647 2092 2344 2385
782 4 0 2473 1769 764 445
783 4 0 506 1096 504 90
784 4 0 1964 104 1162 1153
785 4 0 75 2097 2003 2253
786 4 0 1330 1325 1334 187
787 4 0 1679 1177 2465 420
788 4 0 2262 175 778 784
789 4 0 652 1746 663 2496
790 4 0 1856 1847 1160 1165
791 4 0 1400 1380 282 290
792 4 0 2161 2404 2499 2026
793 4 0 1319 256 1330 300
794 4 0 97 1164 1174 2189
795 4 0 1060 1016 2215 2131
796 4 0 1162 1252 106 2432
797 4 0 764 671 2208 299
798 4 0 2244 2094 663 1746
799 4 0 420 2233 527 1968
800 4 0 820 983 2328 1548
801 4 0 2435 2396 1363 1381
802 4 0 1225 2394 390 1698
803 4 0 2155 1755 1751 682
804 4 0 672 801 783 671
805 4 0 1983 452 454 2078
806 4 0 596 1501 627 599
807 4 0 373 2069 1857 1849
808 4 0 1414 1413 2298 827
809 4 0 770 2109 175 807
810 4 0 480 479 67 179
811 4 0 2341 646 1740 661
812 4 0 1868 1335 1378 1345
813 4 0 1746 652 663 1505
814 4 0 18 1807 1610 921
815 4 0 1970 2431 2315 1676
816 4 0 1161 1674 143 2470
817 4 0 1241 908 1255 1248
818 4 0 2392 1126 1112 2489
819 4 0 2066 1665 2197 1113
820 4 0 2042 321 1575 244
821 4 0 1241 1248 1255 1219
822 4 0 1401 1707 1390 1377
823 4 0 1707 1347 1374 375
824 4 0 1968 2067 527 2238
825 4 0 1697 365 905 130
826 4 0 1265 263 1219 257
827 4 0 810 792 790 1920
828 4 0 1550 2297 1921 1768
829 4 0 2286 1717 494 1433
830 4 0 2383 1281 2238 98
831 4 0 2465 420 116 1679
832 4 0 1770 2297 1768 2349
833 4 0 2134 1672 421 1691
834 4 0 642 2242 1447 211
835 4 0 1535 800 1556 769
836 4 0 1121 2220 1111 2225
837 4 0 1178 2138 1195 1252
838 4 0 75 144 2003 2472
839 4 0 1237 2423 1250 1229
840 4 0 1742 181 629 623
841 4 0 211 515 513 1502
842 4 0 2381 1167 421 1681
843 4 0 1850 1970 1159 1186
844 4 0 1540 806 2113 2207
845 4 0 2048 991 2032 963
846 4 0 791 765 2301 2403
847 4 0 422 2394 390 1225
848 4 0 1220 1757 53 2479
849 4 0 2363 2448 514 1444
850 4 0 568 2253 2003 609
851 4 0 514 1720 1447 99
852 4 0 2213 976 964 963
853 4 0 1159 2431 1854 1970
854 4 0 1695 1669 1197 2186
855 4 0 485 2424 1891 658
856 4 0 886 834 244 321
857 4 0 2479 1224 694 1220
858 4 0 1267 1266 1280 1259
859 4 0 906 1994 1206 130
860 4 0 608 658 1891 2429
861 4 0 2119 981 2461 914
862 4 0 1444 2319 514 2363
863 4 0 591 2477 141 563
864 4 0 1183 1852 378 2230
865 4 0 1631 999 389 2332
866 4 0 2321 86 501 1263
867 4 0 179 673 2153 2292
868 4 0 1378 1361 1383 202
869 4 0 1888 1835 151 579
870 4 0 247 703 1916 2323
871 4 0 1047 1016 154 1732
872 4 0 591 144 1463 2472
873 4 0 241 260 475 216
874 4 0 695 2337 1861 1862
875 4 0 2031 2300 275 295
876 4 0 1793 2327 880 873
877 4 0 906 130 905 365
878 4 0 1217 1227 1208 1132
879 4 0 1838 1661 2380 55
880 4 0 2199 1489 201 1492
881 4 0 1599 914 1609 1806
882 4 0 2137 1675 2445 2001
883 4 0 69 608 485 1891
884 4 0 2334 106 1692 2138
885 4 0 2200 1748 637 2345
886 4 0 133 2167 867 127
887 4 0 2468 2132 1084 1247
888 4 0 1619 914 1615 929
889 4 0 1705 300 1317 1330
890 4 0 1033 2313 1641 1634
891 4 0 1000 400 147 1072
892 4 0 1073 2313 1026 1033
893 4 0 2161 1924 2299 2030
894 4 0 1416 1415 2299 785
895 4 0 607 1496 1488 1470
896 4 0 1244 1433 1431 2140
897 4 0 1068 1640 2377 1629
898 4 0 577 1026 1008 392
899 4 0 1281 390 513 2383
900 4 0 111 1683 1680 523
901 4 0 1175 2316 1963 1691
902 4 0 1171 1167 2381 1191
903 4 0 549 130 2415 548
904 4 0 669 173 1740 1736
905 4 0 2465 1878 115 1850
906 4 0 1023 2468 1084 1055
907 4 0 1466 1467 154 587
908 4 0 1952 1648 1833 1022
909 4 0 514 2448 1447 1992
910 4 0 1177 1855 420 1679
911 4 0 1431 76 2339 77
912 4 0 1074 1043 391 129
913 4 0 84 2475 1218 2185
914 4 0 1311 2403 1866 1315
915 4 0 1447 519 1281 1446
916 4 0 309 1165 304 1170
917 4 0 1857 1670 2068 1157
918 4 0 1186 1970 1854 2431
919 4 0 2300 286 2382 2031
920 4 0 1648 1077 1732 2132
921 4 0 1467 1732 587 1077
922 4 0 961 1809 933 947
923 4 0 355 864 1986 2034
924 4 0 2432 1162 1692 2334
925 4 0 2453 834 2170 335
926 4 0 793 795 21 1919
927 4 0 84 2485 530 1256
928 4 0 1146 2226 2281 1678
929 4 0 2486 2121 1597 923
930 4 0 1175 1690 1963 2239
931 4 0 1165 1856 2282 1160
932 4 0 109 1146 2226 1193
933 4 0 929 945 925 1599
934 4 0 512 1502 1990 513
935 4 0 1966 1621 1684 1185
936 4 0 2298 2163 1551 1557
937 4 0 1771 2163 809 176
938 4 0 281 163 2262 763
939 4 0 2378 1818 2056 1623
940 4 0 2344 1496 1488 2484
941 4 0 577 1033 576 1888
942 4 0 1150 2137 419 1858
943 4 0 2500 978 1613 376
944 4 0 1471 603 2246 598
945 4 0 1892 1733 655 2143
946 4 0 2425 2296 700 720
947 4 0 2095 657 593 1889
948 4 0 118 530 101 1819
949 4 0 68 2313 1404 577
950 4 0 1054 578 1888 577
951 4 0 663 1733 1484 1746
952 4 0 1599 912 931 1944
953 4 0 660 661 569 568
954 4 0 1674 1152 1689 2470
955 4 0 452 1422 454 453
956 4 0 609 661 568 171
957 4 0 1150 1677 419 1147
958 4 0 1738 595 665 618
959 4 0 1187 1180 421 1681
960 4 0 454 1983 1984 1422
961 4 0 2325 1559 2499 1767
962 4 0 2028 1769 289 443
963 4 0 1763 1745 809 803
964 4 0 1281 1442 520 1645
965 4 0 1698 1216 388 1859
966 4 0 2223 2442 1094 1138
967 4 0 1823 2409 2377 1000
968 4 0 1737 1890 653 168
969 4 0 2071 1145 414 1172
970 4 0 378 1847 1160 1856
971 4 0 192 2004 623 625
972 4 0 3 2049 2047 1801
973 4 0 1595 2172 302 1800
974 4 0 2228 1691 1963 2316
975 4 0 1538 1769 289 764
976 4 0 1413 1557 1414 2105
977 4 0 178 608 1891 1896
978 4 0 778 1772 21 2164
979 4 0 827 1923 1413 2111
980 4 0 2007 2319 592 2363
981 4 0 1888 1026 1008 577
982 4 0 37 1102 1841 2275
983 4 0 1072 400 147 574
984 4 0 2038 847 550 891
985 4 0 897 1797 909 344
986 4 0 2197 1845 1113 1665
987 4 0 1000 2409 147 400
988 4 0 713 459 717 739
989 4 0 2066 1667 1113 1096
990 4 0 32 1655 2280 456
991 4 0 995 2087 2399 559
992 4 0 1046 400 399 2183
993 4 0 1028 1061 1070 994
994 4 0 1490 2150 641 2254
995 4 0 393 2059 1029 1067
996 4 0 147 2409 1834 1631
997 4 0 1636 1088 2481 1087
998 4 0 2377 1640 1046 1823
999 4 0 1134 1101 1664 1135
1000 4 0 55 1661 1111 1838
1001 4 0 1623 1037 1018 1031
1002 4 0 326 848 356 850
1003 4 0 1574 2117 863 354
1004 4 0 488 2264 489 1560
1005 4 0 321 2041 322 244
1006 4 0 885 2040 334 1781
1007 4 0 1122 1667 1658 1113
1008 4 0 886 834 324 335
1009 4 0 2040 834 324 886
1010 4 0 1986 532 1573 355
1011 4 0 35 328 835 31
1012 4 0 324 834 2453 335
1013 4 0 2040 2041 2170 321
1014 4 0 2041 2040 2170 2453
1015 4 0 2453 324 2170 834
1016 4 0 2040 324 2170 2453
1017 4 0 2040 834 2170 324
1018 4 0 1217 1132 1208 2188
1019 4 0 1782 2042 2210 1570
1020 4 0 2040 321 244 2041
1021 4 0 886 321 244 2040
1022 4 0 11 1518 2015 1903
1023 4 0 1584 2042 1782 885
1024 4 0 394 1827 1826 552
1025 4 0 346 2035 1794 1779
1026 4 0 1115 750 274 1093
1027 4 0 88 1437 1874 504
1028 4 0 2040 886 1562 244
1029 4 0 2356 885 1782 2042
1030 4 0 1781 1575 1584 2042
1031 4 0 1793 361 2038 873
1032 4 0 1447 1446 1281 515
1033 4 0 883 841 1794 829
1034 4 0 356 828 1563 893
1035 4 0 2186 1098 1197 406
1036 4 0 1584 244 1782 2042
1037 4 0 2066 1096 1874 1667
1038 4 0 1244 365 86 905
1039 4 0 2042 2356 1570 1782
1040 4 0 1584 244 1562 886
1041 4 0 72 36 831 70
1042 4 0 1903 681 679 676
1043 4 0 379 973 954 936
1044 4 0 2042 1781 885 1584
1045 4 0 1138 17 1122 2391
1046 4 0 1584 1781 1562 1575
1047 4 0 244 1575 1562 1781
1048 4 0 1584 1575 1562 244
1049 4 0 244 2041 1562 2040
1050 4 0 1781 1575 2356 322
1051 4 0 910 1830 2274 2331
1052 4 0 1781 2040 334 2041
1053 4 0 1781 1584 334 885
1054 4 0 1562 1584 334 1781
1055 4 0 1781 2041 334 322
1056 4 0 1562 244 334 2041
1057 4 0 322 2041 334 244
1058 4 0 1562 1781 334 244
1059 4 0 322 244 334 1781
1060 4 0 2042 1781 2356 885
1061 4 0 2042 1575 2356 1781
1062 4 0 2055 1037 1018 1032
1063 4 0 2036 36 831 72
1064 4 0 404 2276 405 1651
1065 4 0 1560 2264 1931 488
1066 4 0 1667 1096 1874 1959
1067 4 0 723 2296 2425 690
1068 4 0 885 334 333 2114
1069 4 0 1097 1100 268 1649
1070 4 0 2487 331 1881 874
1071 4 0 265 1979 2267 2397
1072 4 0 2280 1655 2221 1110
1073 4 0 1097 273 268 1102
1074 4 0 750 1093 1840 274
1075 4 0 1791 1792 1931 1571
1076 4 0 1115 1139 1124 2065
1077 4 0 1792 889 831 2036
1078 4 0 2033 1784 903 1576
1079 4 0 360 1960 503 1125
1080 4 0 876 360 503 2265
1081 4 0 2455 2464 16 436
1082 4 0 1439 1096 1874 2066
1083 4 0 2066 1095 1439 1844
1084 4 0 876 2392 1116 1112
1085 4 0 1025 997 89 1824
1086 4 0 545 127 546 1436
1087 4 0 876 2265 2145 1112
1088 4 0 2133 2225 37 2064
1089 4 0 1122 1113 1658 2391
1090 4 0 95 1875 2278 509
1091 4 0 370 2118 1597 2486
1092 4 0 2482 1707 1377 303
1093 4 0 2391 17 1122 439
1094 4 0 213 1518 2015 11
1095 4 0 1665 2220 2277 1845
1096 4 0 1653 2422 1657 55
1097 4 0 1143 55 2064 360
1098 4 0 1845 439 2277 17
1099 4 0 952 1941 1545 987
1100 4 0 1120 2442 1138 1094
1101 4 0 758 1912 224 707
1102 4 0 1902 1903 679 676
1103 4 0 1004 1818 2176 1031
1104 4 0 749 474 471 472
1105 4 0 444 2028 22 445
1106 4 0 439 2442 1120 1094
1107 4 0 1104 2422 1653 55
1108 4 0 1317 81 497 1716
1109 4 0 1116 1112 507 505
1110 4 0 527 526 2360 529
1111 4 0 1440 2083 508 1092
1112 4 0 1053 1081 580 1048
1113 4 0 1244 2140 1232 1203
1114 4 0 1095 1096 1874 1439
1115 4 0 95 1440 1875 94
1116 4 0 1843 2411 1844 1137
1117 4 0 2409 999 2377 1043
1118 4 0 1126 1096 2197 90
1119 4 0 506 88 504 1437
1120 4 0 1437 1096 504 506
1121 4 0 2200 619 2254 624
1122 4 0 2087 2329 1021 1059
1123 4 0 1137 2442 1844 1843
1124 4 0 1844 2442 508 1843
1125 4 0 377 1803 1607 376
1126 4 0 1439 1438 508 2083
1127 4 0 117 420 115 2233
1128 4 0 1973 703 1862 742
1129 4 0 2048 372 18 991
1130 4 0 1074 1015 391 1043
1131 4 0 798 2031 2324 2300
1132 4 0 2489 1126 1112 502
1133 4 0 1759 1912 224 758
1134 4 0 260 216 762 475
1135 4 0 2066 1113 1094 1844
1136 4 0 1113 439 1094 1845
1137 4 0 1215 1117 1197 1208
1138 4 0 1786 846 845 858
1139 4 0 2066 439 1094 1113
1140 4 0 1844 2411 1094 1137
1141 4 0 411 1848 1857 1157
1142 4 0 411 1157 1857 1166
1143 4 0 1441 510 1092 1875
1144 4 0 1875 1440 1092 1441
1145 4 0 1441 94 1875 1440
1146 4 0 1022 1952 2058 1833
1147 4 0 15 1411 435 14
1148 4 0 1074 1640 391 1015
1149 4 0 1197 1875 2278 1098
1150 4 0 1550 2301 287 295
1151 4 0 116 1194 1450 2465
1152 4 0 991 963 2048 372
1153 4 0 1247 2132 1084 1089
1154 4 0 2196 1366 1433 2363
1155 4 0 2279 1875 2237 1719
1156 4 0 1197 509 2278 1875
1157 4 0 85 82 581 1053
1158 4 0 1138 2442 54 1839
1159 4 0 411 1849 1857 2069
1160 4 0 408 406 1695 1215
1161 4 0 1875 1098 2411 510
1162 4 0 1128 1094 91 1844
1163 4 0 976 963 2213 2048
1164 4 0 314 18 437 441
1165 4 0 1256 2140 2287 1244
1166 4 0 523 1878 111 113
1167 4 0 2048 1240 372 2213
1168 4 0 92 1216 1698 1217
1169 4 0 1613 1804 374 1598
1170 4 0 935 1942 1799 374
1171 4 0 1662 2278 1091 1114
1172 4 0 1197 1098 2278 1114
1173 4 0 2463 1438 1439 2083
1174 4 0 1137 1839 54 2442
1175 4 0 1709 438 982 983
1176 4 0 1095 2066 1439 1874
1177 4 0 1761 408 2293 730
1178 4 0 2463 1095 1439 1438
1179 4 0 1092 510 508 1843
1180 4 0 2345 2248 637 593
1181 4 0 1757 719 53 473
1182 4 0 2188 2187 54 2186
1183 4 0 749 473 471 474
1184 4 0 1518 214 733 11
1185 4 0 370 2121 1597 2118
1186 4 0 1731 2364 581 584
1187 4 0 705 2203 1424 718
1188 4 0 2121 962 1597 923
1189 4 0 11 1903 2015 676
1190 4 0 1959 1096 2222 1667
1191 4 0 2223 1667 1122 2066
1192 4 0 1129 2187 1695 2186
1193 4 0 2019 728 724 218
1194 4 0 728 695 694 1220
1195 4 0 1665 1125 2277 2220
1196 4 0 847 873 2327 2038
1197 4 0 2391 1104 1658 1653
1198 4 0 891 361 2038 2353
1199 4 0 2283 2039 863 1574
1200 4 0 215 2155 1751 682
1201 4 0 39 2204 696 2203
1202 4 0 676 679 716 214
1203 4 0 219 2204 239 1909
1204 4 0 1902 1903 676 1752
1205 4 0 1983 1422 454 452
1206 4 0 885 1584 2114 1782
1207 4 0 1902 1903 1752 2156
1208 4 0 370 2486 1597 923
1209 4 0 862 882 844 1453
1210 4 0 1134 1101 1141 1124
1211 4 0 2063 338 1130 1842
1212 4 0 2155 701 5 2020
1213 4 0 679 681 214 676
1214 4 0 1801 1608 1595 3
1215 4 0 1942 930 1804 379
1216 4 0 214 1518 213 11
1217 4 0 5 2155 215 1755
1218 4 0 982 2193 953 968
1219 4 0 435 15 1940 969
1220 4 0 676 681 11 1903
1221 4 0 215 2101 714 1523
1222 4 0 2271 957 959 1554
1223 4 0 214 1518 716 213
1224 4 0 716 1518 733 2015
1225 4 0 213 1901 2015 716
1226 4 0 716 1518 2015 213
1227 4 0 5 2020 215 2155
1228 4 0 8 430 1980 431
1229 4 0 919 2121 1602 2118
1230 4 0 2432 2190 1964 1153
1231 4 0 943 916 369 978
1232 4 0 1811 971 1944 916
1233 4 0 2015 1901 733 716
1234 4 0 1191 1167 2228 1691
1235 4 0 940 59 371 968
1236 4 0 923 1594 1597 370
1237 4 0 1683 1878 523 113
1238 4 0 1681 2381 304 421
1239 4 0 1473 607 1487 643
1240 4 0 1698 530 1819 388
1241 4 0 1619 914 2461 1615
1242 4 0 1410 15 2077 969
1243 4 0 982 2044 380 438
1244 4 0 1520 725 738 2023
1245 4 0 1160 1149 2071 2070
1246 4 0 2406 381 1617 977
1247 4 0 27 772 1418 1776
1248 4 0 1597 1594 913 370
1249 4 0 1907 688 2020 733
1250 4 0 2308 944 1949 1945
1251 4 0 1169 1173 419 1858
1252 4 0 428 7 915 958
1253 4 0 1979 4 2267 426
1254 4 0 2067 2233 1158 93
1255 4 0 2137 1184 1156 1675
1256 4 0 2465 420 115 117
1257 4 0 2165 792 789 2108
1258 4 0 821 1802 934 948
1259 4 0 310 12 434 9
1260 4 0 688 1901 733 1907
1261 4 0 1604 1602 973 930
1262 4 0 929 1 980 972
1263 4 0 376 916 943 978
1264 4 0 1602 2121 1604 936
1265 4 0 1806 1599 1593 1609
1266 4 0 1 981 980 931
1267 4 0 1942 936 374 935
1268 4 0 1598 1804 943 916
1269 4 0 2118 919 935 1602
1270 4 0 782 794 450 2285
1271 4 0 374 2500 1799 935
1272 4 0 1732 2132 1047 1016
1273 4 0 2124 2046 951 2053
1274 4 0 2172 3 1595 990
1275 4 0 1089 2421 118 1646
1276 4 0 943 369 1607 971
1277 4 0 379 1613 954 1804
1278 4 0 935 936 374 1602
1279 4 0 1602 919 1604 2121
1280 4 0 930 919 1604 1602
1281 4 0 1602 936 374 1613
1282 4 0 379 936 374 1942
1283 4 0 962 919 1942 2486
1284 4 0 1613 2500 374 978
1285 4 0 935 919 1942 930
1286 4 0 1942 930 379 973
1287 4 0 923 2121 962 2486
1288 4 0 930 919 962 1604
1289 4 0 2486 2121 962 2118
1290 4 0 2486 2118 962 919
1291 4 0 919 2121 962 1604
1292 4 0 919 2118 962 2121
1293 4 0 971 1600 1944 1607
1294 4 0 943 1804 369 916
1295 4 0 1616 927 424 2119
1296 4 0 920 1979 2307 426
1297 4 0 2305 992 942 911
1298 4 0 1762 219 1909 2204
1299 4 0 2172 1616 424 932
1300 4 0 1613 379 374 1804
1301 4 0 1907 1901 733 2015
1302 4 0 1804 379 1598 1942
1303 4 0 935 1602 1942 936
1304 4 0 930 1602 1942 935
1305 4 0 930 936 1942 1602
1306 4 0 973 936 1942 930
1307 4 0 1048 580 1071 1079
1308 4 0 1 914 2461 931
1309 4 0 377 1600 1607 1803
1310 4 0 1186 2431 2315 1970
1311 4 0 1613 936 374 379
1312 4 0 1185 2381 306 1681
1313 4 0 917 958 957 1805
1314 4 0 1598 376 1799 2500
1315 4 0 912 1607 1944 1600
1316 4 0 1804 916 954 379
1317 4 0 1600 1803 912 1607
1318 4 0 1598 916 943 376
1319 4 0 1944 945 931 1599
1320 4 0 576 2313 577 1404
1321 4 0 1941 987 952 2307
1322 4 0 425 1614 957 944
1323 4 0 1281 1447 513 390
1324 4 0 936 1613 954 379
1325 4 0 374 1613 1799 2500
1326 4 0 1598 1613 1799 374
1327 4 0 1598 2500 1799 1613
1328 4 0 374 1942 1799 379
1329 4 0 1598 379 1799 1942
1330 4 0 437 983 820 938
1331 4 0 374 379 1799 1804
1332 4 0 1598 1804 1799 379
1333 4 0 374 1804 1799 1598
1334 4 0 376 978 1607 377
1335 4 0 954 971 19 1811
1336 4 0 376 978 954 916
1337 4 0 1613 978 954 376
1338 4 0 1804 1613 954 1598
1339 4 0 1598 916 954 1804
1340 4 0 1598 376 954 916
1341 4 0 1598 1613 954 2500
1342 4 0 376 2500 954 1613
1343 4 0 1598 2500 954 376
1344 4 0 1619 929 925 1806
1345 4 0 19 1803 1606 912
1346 4 0 2122 2172 2173 3
1347 4 0 1870 2122 424 932
1348 4 0 946 2122 424 1870
1349 4 0 1616 2119 424 932
1350 4 0 369 916 1944 971
1351 4 0 791 1866 1975 286
1352 4 0 1806 914 1609 929
1353 4 0 1811 971 19 1944
1354 4 0 954 1613 971 978
1355 4 0 1600 978 971 1613
1356 4 0 369 916 971 978
1357 4 0 954 971 1811 916
1358 4 0 1600 1803 19 912
1359 4 0 810 2108 790 792
1360 4 0 377 978 971 1600
1361 4 0 774 672 294 783
1362 4 0 943 369 912 1607
1363 4 0 369 978 971 943
1364 4 0 971 1600 1607 377
1365 4 0 1615 929 925 1619
1366 4 0 945 1599 1593 979
1367 4 0 1554 1941 1545 952
1368 4 0 1944 1599 1593 945
1369 4 0 1599 914 931 981
1370 4 0 1944 1811 1593 912
1371 4 0 682 1755 1759 2101
1372 4 0 369 971 1944 1607
1373 4 0 369 1607 1944 912
1374 4 0 912 1811 19 1944
1375 4 0 1944 971 19 1600
1376 4 0 1671 1687 2229 1682
1377 4 0 1941 1800 922 1801
1378 4 0 972 914 1 931
1379 4 0 915 2 427 428
1380 4 0 1907 2015 733 1518
1381 4 0 766 1543 284 818
1382 4 0 946 920 2047 1870
1383 4 0 1599 945 931 972
1384 4 0 979 1599 925 945
1385 4 0 1606 1811 1593 979
1386 4 0 1370 1978 1395 1393
1387 4 0 1912 1755 1531 751
1388 4 0 2172 932 424 2122
1389 4 0 1681 313 304 2381
1390 4 0 1944 912 1593 1599
1391 4 0 1521 2024 236 734
1392 4 0 1518 11 733 1907
1393 4 0 931 972 980 1
1394 4 0 979 1811 925 19
1395 4 0 2070 1847 1160 2230
1396 4 0 214 1518 733 716
1397 4 0 1603 1801 922 1800
1398 4 0 972 1599 929 914
1399 4 0 945 1599 929 972
1400 4 0 2051 987 2049 2397
1401 4 0 825 788 766 818
1402 4 0 691 1901 1751 2155
1403 4 0 523 113 111 2493
1404 4 0 6 2 956 427
1405 4 0 779 671 783 801
1406 4 0 1616 2119 990 927
1407 4 0 2122 946 424 2172
1408 4 0 2101 1755 1759 1523
1409 4 0 1980 429 988 947
1410 4 0 1912 1523 1759 1755
1411 4 0 912 1803 1606 1607
1412 4 0 1601 2397 1545 1941
1413 4 0 1510 699 737 752
1414 4 0 29 2078 1984 454
1415 4 0 2023 702 40 2154
1416 4 0 1856 2230 2282 378
1417 4 0 2051 1596 2049 426
1418 4 0 1615 1619 925 979
1419 4 0 987 426 2051 1608
1420 4 0 979 945 925 1811
1421 4 0 980 981 1616 931
1422 4 0 931 972 1616 980
1423 4 0 312 951 1949 307
1424 4 0 1187 523 2493 113
1425 4 0 961 6 2053 956
1426 4 0 932 981 1616 2119
1427 4 0 980 2119 1616 981
1428 4 0 929 914 1615 972
1429 4 0 2173 2172 2049 3
1430 4 0 1941 2397 1545 987
1431 4 0 2122 1616 2172 932
1432 4 0 1612 1812 2268 992
1433 4 0 696 751 239 39
1434 4 0 1871 2141 24 450
1435 4 0 2122 932 1870 1596
1436 4 0 691 214 733 716
1437 4 0 39 2204 2203 718
1438 4 0 2122 1616 2173 2172
1439 4 0 2051 2397 2049 2173
1440 4 0 2100 57 2294 477
1441 4 0 1191 1847 421 1691
1442 4 0 2051 426 2267 1596
1443 4 0 302 1800 2120 926
1444 4 0 1759 1912 1531 1906
1445 4 0 5 1755 1523 2155
1446 4 0 1957 367 1119 1118
1447 4 0 1762 2204 1909 2371
1448 4 0 987 2397 1545 265
1449 4 0 6 2124 2053 956
1450 4 0 415 1676 2393 2315
1451 4 0 1803 376 1606 1607
1452 4 0 2307 920 922 2047
1453 4 0 815 772 826 1418
1454 4 0 1870 1596 2173 2122
1455 4 0 265 4 1532 2267
1456 4 0 1651 1118 1656 405
1457 4 0 215 1755 1523 5
1458 4 0 427 915 6 2
1459 4 0 2173 1596 2049 2051
1460 4 0 2173 920 2049 1596
1461 4 0 426 1596 2049 920
1462 4 0 1532 4 425 1614
1463 4 0 1614 944 425 1532
1464 4 0 1801 1603 2047 1595
1465 4 0 980 927 990 2119
1466 4 0 1769 445 2028 2361
1467 4 0 2051 1596 2267 2122
1468 4 0 1508 1506 713 234
1469 4 0 2267 4 1532 1614
1470 4 0 980 1615 926 2461
1471 4 0 1621 1186 1854 1154
1472 4 0 929 972 1615 1
1473 4 0 1 972 1615 914
1474 4 0 265 1979 928 1532
1475 4 0 415 1154 1163 1676
1476 4 0 421 313 304 1681
1477 4 0 980 2119 990 1616
1478 4 0 469 51 2467 468
1479 4 0 966 267 953 381
1480 4 0 1911 687 235 735
1481 4 0 2397 2051 1532 944
1482 4 0 2267 2051 1532 2397
1483 4 0 425 1532 959 928
1484 4 0 958 7 915 917
1485 4 0 799 812 767 1549
1486 4 0 697 746 2202 2388
1487 4 0 912 1607 1593 1599
1488 4 0 1606 1607 1593 912
1489 4 0 1806 1609 1593 1606
1490 4 0 979 1806 1593 1606
1491 4 0 1606 912 1593 1811
1492 4 0 1600 978 2045 377
1493 4 0 2047 1801 922 1603
1494 4 0 1599 914 1806 929
1495 4 0 2070 1847 414 2071
1496 4 0 1806 1803 2045 377
1497 4 0 1609 914 1619 929
1498 4 0 1609 929 1619 1806
1499 4 0 1849 2069 411 2393
1500 4 0 922 1801 952 1941
1501 4 0 979 1806 2045 1619
1502 4 0 1619 1806 925 979
1503 4 0 1543 451 284 1421
1504 4 0 1535 1475 1556 1766
1505 4 0 1538 671 289 779
1506 4 0 1603 946 2047 2122
1507 4 0 1 980 1615 990
1508 4 0 104 1153 1964 2190
1509 4 0 1609 1803 1606 1806
1510 4 0 2049 1608 1801 3
1511 4 0 1603 2172 1595 1800
1512 4 0 447 1417 23 1415
1513 4 0 2047 2049 922 1801
1514 4 0 2361 445 2028 443
1515 4 0 770 167 175 163
1516 4 0 377 1803 2045 1600
1517 4 0 1615 1619 926 2461
1518 4 0 1800 1801 926 302
1519 4 0 946 2172 1595 1603
1520 4 0 1558 2325 1773 802
1521 4 0 175 1920 2262 167
1522 4 0 1806 979 2045 1606
1523 4 0 1800 1801 302 1595
1524 4 0 1599 914 1593 1609
1525 4 0 1970 1850 113 1186
1526 4 0 929 1811 925 945
1527 4 0 1686 1966 415 1684
1528 4 0 19 912 1606 1811
1529 4 0 979 19 925 1600
1530 4 0 1615 1 925 929
1531 4 0 929 19 925 1811
1532 4 0 958 307 2 2124
1533 4 0 691 1901 733 688
1534 4 0 1923 2106 1534 817
1535 4 0 639 602 142 1893
1536 4 0 929 1599 925 1806
1537 4 0 1593 1806 925 1599
1538 4 0 979 1806 925 1593
1539 4 0 1593 1599 925 979
1540 4 0 785 2030 2299 1924
1541 4 0 2161 1922 2299 1924
1542 4 0 1600 19 2045 979
1543 4 0 1600 1803 2045 19
1544 4 0 1606 19 2045 1803
1545 4 0 2438 2207 1765 796
1546 4 0 1606 979 2045 1811
1547 4 0 19 1811 2045 979
1548 4 0 1606 1811 2045 19
1549 4 0 823 283 782 1421
1550 4 0 781 813 819 780
1551 4 0 2230 1149 1160 2070
1552 4 0 1765 1415 23 796
1553 4 0 1609 914 2461 1619
1554 4 0 1595 3 2047 1801
1555 4 0 824 815 1420 772
1556 4 0 1770 2349 1768 1542
1557 4 0 1160 2070 2071 1847
1558 4 0 22 779 2473 801
1559 4 0 2375 1322 805 278
1560 4 0 980 2119 2461 927
1561 4 0 2134 313 2493 421
1562 4 0 1615 914 2461 1
1563 4 0 2047 920 922 2049
1564 4 0 1981 794 24 450
1565 4 0 1945 944 959 986
1566 4 0 989 2123 1611 975
1567 4 0 922 2307 1601 1941
1568 4 0 774 806 294 2113
1569 4 0 2307 1608 922 2049
1570 4 0 2473 801 292 800
1571 4 0 1603 2122 1595 946
1572 4 0 946 2122 1595 2172
1573 4 0 1191 1167 2381 1681
1574 4 0 1870 920 2047 1596
1575 4 0 1619 2461 2120 926
1576 4 0 2049 426 2307 1608
1577 4 0 920 426 2307 2049
1578 4 0 987 1608 2307 426
1579 4 0 316 1978 1395 212
1580 4 0 1601 1979 928 265
1581 4 0 798 1322 2324 2375
1582 4 0 2051 987 2307 426
1583 4 0 2397 987 2307 2051
1584 4 0 2267 426 2307 1979
1585 4 0 2267 1979 2307 2397
1586 4 0 1595 990 302 2172
1587 4 0 1419 451 2374 1421
1588 4 0 2267 2051 2307 426
1589 4 0 2397 2051 2307 2267
1590 4 0 984 969 741 967
1591 4 0 2461 927 926 980
1592 4 0 922 2307 952 1608
1593 4 0 302 1619 926 1615
1594 4 0 27 1421 451 823
1595 4 0 926 1806 2120 1619
1596 4 0 1770 791 2349 1975
1597 4 0 2301 2324 1921 1550
1598 4 0 699 1762 1510 711
1599 4 0 2461 927 2120 926
1600 4 0 315 1808 2171 942
1601 4 0 1801 1608 952 1595
1602 4 0 1619 1609 2120 2461
1603 4 0 1201 1585 1198 1207
1604 4 0 2271 1805 307 1618
1605 4 0 2173 1596 2047 920
1606 4 0 2173 1870 2047 1596
1607 4 0 1595 1603 2047 2122
1608 4 0 1595 2122 2047 3
1609 4 0 2173 3 2047 2122
1610 4 0 2173 2122 2047 1870
1611 4 0 2049 2173 2047 920
1612 4 0 3 2173 2047 2049
1613 4 0 990 980 926 927
1614 4 0 1615 990 926 302
1615 4 0 1615 980 926 990
1616 4 0 811 776 1775 815
1617 4 0 1191 1167 421 1171
1618 4 0 2047 946 2120 927
1619 4 0 1603 946 2120 2047
1620 4 0 926 927 2120 302
1621 4 0 2172 1800 2120 302
1622 4 0 2172 1603 2120 1800
1623 4 0 424 927 2120 946
1624 4 0 2172 946 2120 1603
1625 4 0 424 946 2120 2172
1626 4 0 424 1616 2120 927
1627 4 0 2172 1616 2120 424
1628 4 0 990 927 2120 1616
1629 4 0 302 927 2120 990
1630 4 0 990 2172 2120 302
1631 4 0 990 1616 2120 2172
1632 4 0 1353 1331 382 1869
1633 4 0 1941 2307 1601 2397
1634 4 0 1979 2397 1601 2307
1635 4 0 378 1191 1856 1171
1636 4 0 952 987 1545 1608
1637 4 0 265 2397 1601 1979
1638 4 0 652 191 1746 1480
1639 4 0 1023 2132 1084 2468
1640 4 0 2494 1645 1974 1274
1641 4 0 425 7 957 1614
1642 4 0 947 429 431 1980
1643 4 0 2270 10 317 949
1644 4 0 307 1805 2124 958
1645 4 0 2381 1171 304 421
1646 4 0 928 1601 2271 957
1647 4 0 1601 1805 2271 957
1648 4 0 1416 1417 25 1981
1649 4 0 425 4 928 1979
1650 4 0 1532 4 928 425
1651 4 0 1532 1979 928 4
1652 4 0 2396 1396 1382 1394
1653 4 0 250 2483 1299 1265
1654 4 0 16 441 991 314
1655 4 0 961 1809 1943 933
1656 4 0 454 1423 455 29
1657 4 0 951 2053 1949 2308
1658 4 0 1764 819 824 815
1659 4 0 2 307 6 2124
1660 4 0 958 2124 2 1809
1661 4 0 947 1980 431 1810
1662 4 0 958 2 915 428
1663 4 0 1809 947 956 2
1664 4 0 8 1810 298 13
1665 4 0 1810 947 1809 431
1666 4 0 6 958 951 307
1667 4 0 984 436 940 2044
1668 4 0 1448 1691 1963 2228
1669 4 0 2032 976 918 1774
1670 4 0 1236 1268 1249 2052
1671 4 0 2444 1810 298 8
1672 4 0 712 48 747 47
1673 4 0 756 947 988 961
1674 4 0 1650 336 405 1659
1675 4 0 1814 970 924 989
1676 4 0 961 2053 988 756
1677 4 0 2015 1518 1907 688
1678 4 0 957 944 959 425
1679 4 0 1408 8 1980 1812
1680 4 0 427 2 956 428
1681 4 0 1759 1523 714 2101
1682 4 0 934 948 1592 12
1683 4 0 951 6 1949 958
1684 4 0 756 1810 933 320
1685 4 0 1814 2044 371 970
1686 4 0 2 958 6 307
1687 4 0 915 958 6 2
1688 4 0 966 267 476 1813
1689 4 0 2019 1528 694 2479
1690 4 0 2021 258 61 2370
1691 4 0 1132 2336 1208 1221
1692 4 0 1813 1807 437 921
1693 4 0 435 1802 1940 14
1694 4 0 434 12 1592 948
1695 4 0 966 2193 953 476
1696 4 0 8 1980 1812 1810
1697 4 0 992 911 985 1612
1698 4 0 1223 262 1226 264
1699 4 0 1947 310 924 2269
1700 4 0 951 1808 950 2046
1701 4 0 2236 433 1592 1409
1702 4 0 415 1686 1684 1154
1703 4 0 2270 10 949 1946
1704 4 0 2236 12 1592 433
1705 4 0 222 1611 960 1946
1706 4 0 222 911 985 992
1707 4 0 1554 986 959 2271
1708 4 0 8 1810 1812 2444
1709 4 0 949 10 317 298
1710 4 0 1408 8 430 1980
1711 4 0 431 1810 8 13
1712 4 0 1523 2020 714 215
1713 4 0 1709 476 953 982
1714 4 0 229 2124 1943 2053
1715 4 0 1286 2357 1289 1230
1716 4 0 2315 1676 2393 2340
1717 4 0 2134 313 421 1683
1718 4 0 2316 1167 2228 1191
1719 4 0 924 310 1553 2269
1720 4 0 1808 1618 312 1805
1721 4 0 1812 432 955 1612
1722 4 0 1812 1612 955 8
1723 4 0 2464 15 2455 1411
1724 4 0 2223 2442 91 1094
1725 4 0 319 1674 1851 1689
1726 4 0 441 983 437 938
1727 4 0 1184 319 2001 1689
1728 4 0 948 12 934 9
1729 4 0 9 310 934 2269
1730 4 0 955 948 13 10
1731 4 0 2455 436 1814 15
1732 4 0 948 2269 934 821
1733 4 0 821 2269 934 14
1734 4 0 9 12 934 310
1735 4 0 434 433 1592 12
1736 4 0 1409 433 1592 434
1737 4 0 1409 434 1592 432
1738 4 0 10 432 1592 434
1739 4 0 955 948 10 1592
1740 4 0 955 432 1592 10
1741 4 0 1409 432 1592 955
1742 4 0 2431 1686 2393 2315
1743 4 0 2239 1183 1963 1175
1744 4 0 114 1879 524 1450
1745 4 0 1186 1154 1621 2431
1746 4 0 2465 1177 115 2233
1747 4 0 309 1180 1185 1681
1748 4 0 107 2320 108 2228
1749 4 0 513 390 2147 2383
1750 4 0 934 14 435 12
1751 4 0 941 911 942 315
1752 4 0 1167 2316 2228 1672
1753 4 0 1281 515 513 1447
1754 4 0 1016 1077 1732 1648
1755 4 0 1676 2431 1854 1159
1756 4 0 1866 765 791 2403
1757 4 0 1850 1159 115 2465
1758 4 0 1681 1672 421 1187
1759 4 0 1170 1171 1165 304
1760 4 0 1180 1186 1187 1621
1761 4 0 523 1449 114 1878
1762 4 0 1846 1146 1192 1678
1763 4 0 2316 1847 1191 1691
1764 4 0 997 1040 1989 1056
1765 4 0 687 1756 735 1917
1766 4 0 1672 1683 2228 2320
1767 4 0 1691 1672 421 1167
1768 4 0 1167 1672 2228 1691
1769 4 0 1975 291 275 2025
1770 4 0 1854 2431 1163 1154
1771 4 0 1690 102 1963 2239
1772 4 0 1683 523 1187 113
1773 4 0 1322 275 768 2300
1774 4 0 378 1847 1856 1191
1775 4 0 1770 2301 773 1550
1776 4 0 1629 1640 1015 1068
1777 4 0 818 776 766 1543
1778 4 0 114 523 524 1449
1779 4 0 1159 1970 1854 1186
1780 4 0 791 2301 1770 1550
1781 4 0 1856 378 2282 1160
1782 4 0 414 1172 1179 1852
1783 4 0 2228 1672 2134 1691
1784 4 0 1187 313 2493 1683
1785 4 0 2301 291 1770 295
1786 4 0 1160 378 2282 2230
1787 4 0 378 2230 1160 1847
1788 4 0 113 1159 111 2493
1789 4 0 27 824 1420 823
1790 4 0 1183 2316 378 1191
1791 4 0 1191 2316 378 1847
1792 4 0 1170 2381 304 313
1793 4 0 2320 1672 2134 2228
1794 4 0 2134 2320 1680 1683
1795 4 0 1171 1191 1856 1847
1796 4 0 1171 1847 421 1191
1797 4 0 93 117 2233 2135
1798 4 0 2381 313 1170 1681
1799 4 0 1856 1149 2282 2230
1800 4 0 1167 1672 1681 1180
1801 4 0 1447 521 1876 517
1802 4 0 1964 1153 1162 2432
1803 4 0 1683 1672 2134 2320
1804 4 0 75 1463 79 144
1805 4 0 211 2437 513 1447
1806 4 0 496 76 495 1431
1807 4 0 1187 1672 421 1683
1808 4 0 1185 309 306 1854
1809 4 0 1169 1192 2445 2136
1810 4 0 1180 1672 1681 1187
1811 4 0 815 1541 826 772
1812 4 0 2431 1154 415 1676
1813 4 0 1681 1180 421 313
1814 4 0 782 794 1926 450
1815 4 0 1683 313 421 1187
1816 4 0 1190 410 1848 1166
1817 4 0 2375 278 798 1322
1818 4 0 523 1878 1855 111
1819 4 0 1681 2381 306 1170
1820 4 0 1236 2052 1815 1605
1821 4 0 1966 1854 306 309
1822 4 0 1185 1854 306 1966
1823 4 0 1187 313 421 1180
1824 4 0 1171 2230 1856 378
1825 4 0 967 970 1814 989
1826 4 0 1185 1681 306 309
1827 4 0 2300 278 2324 798
1828 4 0 1775 776 2263 2166
1829 4 0 1921 1550 287 295
1830 4 0 2363 1366 1433 279
1831 4 0 1160 2230 2282 1149
1832 4 0 280 1853 1700 105
1833 4 0 388 1698 1024 1819
1834 4 0 1168 1164 1673 26
1835 4 0 1691 1847 2070 2316
1836 4 0 2230 1852 2070 1183
1837 4 0 421 1847 2070 1691
1838 4 0 1676 2431 1159 1970
1839 4 0 378 2316 2070 1847
1840 4 0 1183 2316 2070 378
1841 4 0 378 1847 2070 2230
1842 4 0 378 2230 2070 1183
1843 4 0 1172 1149 2071 1145
1844 4 0 2141 1419 450 782
1845 4 0 1149 2230 2071 2070
1846 4 0 1149 1172 2071 2230
1847 4 0 2071 1172 414 2230
1848 4 0 2071 2230 414 2070
1849 4 0 1175 1691 1963 1448
1850 4 0 2230 1852 414 2070
1851 4 0 2230 1172 414 1852
1852 4 0 1546 1543 284 766
1853 4 0 2166 776 2263 788
1854 4 0 1819 2074 1024 388
1855 4 0 513 2146 1990 512
1856 4 0 415 2340 2393 1676
1857 4 0 2013 1948 933 2171
1858 4 0 1854 1966 1684 1163
1859 4 0 2140 1203 1244 1259
1860 4 0 1550 1423 28 2162
1861 4 0 529 526 2360 525
1862 4 0 1819 1256 1024 1232
1863 4 0 1686 1154 415 2431
1864 4 0 1215 1239 2406 2456
1865 4 0 2242 96 642 99
1866 4 0 2350 1294 291 2382
1867 4 0 114 1679 1450 1194
1868 4 0 2078 1983 1984 454
1869 4 0 101 1645 511 1024
1870 4 0 111 2134 1680 1683
1871 4 0 765 2403 1315 1297
1872 4 0 2393 2069 373 1849
1873 4 0 1605 1240 1815 2357
1874 4 0 1249 1157 2068 1670
1875 4 0 2074 1210 1859 2073
1876 4 0 1854 1621 1684 1966
1877 4 0 415 2069 1857 1686
1878 4 0 2455 441 16 438
1879 4 0 410 2340 1166 1190
1880 4 0 765 416 1297 1294
1881 4 0 2052 1268 1249 2068
1882 4 0 1240 372 1605 2052
1883 4 0 1271 372 1605 1240
1884 4 0 1186 2431 1854 1154
1885 4 0 1190 1166 1848 93
1886 4 0 1550 2403 791 2301
1887 4 0 2493 1683 111 523
1888 4 0 1866 1311 1327 2403
1889 4 0 1536 2403 1327 1311
1890 4 0 2448 2363 1350 2196
1891 4 0 976 965 1617 2125
1892 4 0 2242 514 642 96
1893 4 0 1776 1983 1418 27
1894 4 0 1921 798 2110 453
1895 4 0 1670 2067 409 93
1896 4 0 515 96 1502 99
1897 4 0 513 98 1991 1443
1898 4 0 1648 2132 1732 1016
1899 4 0 2465 2233 115 420
1900 4 0 1948 320 933 2171
1901 4 0 2315 2431 415 1676
1902 4 0 1686 2431 415 2315
1903 4 0 1550 765 2403 2301
1904 4 0 415 1154 1684 1163
1905 4 0 1850 1970 115 1159
1906 4 0 304 313 309 1170
1907 4 0 813 780 781 29
1908 4 0 1467 1077 587 1016
1909 4 0 1732 1077 1998 2495
1910 4 0 1244 1203 1232 365
1911 4 0 1676 1154 1163 2431
1912 4 0 381 2193 953 966
1913 4 0 989 967 741 969
1914 4 0 1447 1536 513 1289
1915 4 0 1683 523 2493 1187
1916 4 0 1676 2431 1163 1854
1917 4 0 412 109 1192 1193
1918 4 0 2134 1683 2493 313
1919 4 0 14 1802 1940 934
1920 4 0 110 523 524 114
1921 4 0 1681 313 309 1180
1922 4 0 1170 313 309 1681
1923 4 0 1431 1307 1263 1321
1924 4 0 1866 1294 2382 286
1925 4 0 113 1186 2493 1187
1926 4 0 1186 1159 2493 1854
1927 4 0 1186 113 2493 1159
1928 4 0 1187 1186 2493 1621
1929 4 0 781 1776 2110 1541
1930 4 0 1621 1186 2493 1854
1931 4 0 1187 1180 2493 313
1932 4 0 1621 1180 2493 1187
1933 4 0 1434 2495 1732 2421
1934 4 0 1878 1850 111 113
1935 4 0 1878 1177 111 1850
1936 4 0 1159 1850 111 1177
1937 4 0 113 1850 111 1159
1938 4 0 1679 1194 116 2465
1939 4 0 2455 937 16 1802
1940 4 0 2007 1351 1350 592
1941 4 0 114 1878 1855 523
1942 4 0 111 1878 1855 1177
1943 4 0 1878 1850 2465 1879
1944 4 0 420 1177 2465 2233
1945 4 0 1159 1177 2465 1850
1946 4 0 415 1686 2393 2069
1947 4 0 2239 2228 1963 2316
1948 4 0 1680 2320 110 1683
1949 4 0 523 1683 110 2320
1950 4 0 1680 1683 110 523
1951 4 0 114 1680 110 1855
1952 4 0 1855 523 110 114
1953 4 0 1855 111 110 523
1954 4 0 1680 111 110 1855
1955 4 0 1680 523 110 111
1956 4 0 1966 1621 1185 1854
1957 4 0 309 313 1185 1180
1958 4 0 1854 1154 1684 1621
1959 4 0 1163 1154 1684 1854
1960 4 0 306 1966 1684 1185
1961 4 0 2493 1854 1185 1621
1962 4 0 2493 1180 1185 313
1963 4 0 1621 1180 1185 2493
1964 4 0 1854 313 1185 309
1965 4 0 2493 313 1185 1854
1966 4 0 1833 1050 2058 589
1967 4 0 1084 2132 1047 1089
1968 4 0 2393 2315 410 1849
1969 4 0 2362 1917 685 1911
1970 4 0 1166 1157 1857 373
1971 4 0 1157 1848 1670 1166
1972 4 0 410 2340 418 2315
1973 4 0 388 1698 1082 1024
1974 4 0 437 1807 1412 2434
1975 4 0 1857 411 2068 1670
1976 4 0 2125 921 976 965
1977 4 0 1620 2125 1699 965
1978 4 0 1157 1848 1857 1670
1979 4 0 1085 1055 1084 2468
1980 4 0 2393 2069 411 415
1981 4 0 2340 1190 93 1166
1982 4 0 1159 1676 418 2233
1983 4 0 1159 2233 418 115
1984 4 0 415 2340 411 2393
1985 4 0 1268 1236 1702 1605
1986 4 0 101 2494 1024 1819
1987 4 0 2068 2069 1857 373
1988 4 0 411 1166 1857 1849
1989 4 0 415 1676 411 2340
1990 4 0 1670 93 409 1848
1991 4 0 2238 2383 2147 2318
1992 4 0 2485 1974 101 1256
1993 4 0 1669 2188 1132 1137
1994 4 0 1679 1194 1721 116
1995 4 0 2238 2474 527 2383
1996 4 0 117 2233 526 420
1997 4 0 2340 2233 2067 93
1998 4 0 1859 1645 1698 1447
1999 4 0 2340 416 1268 1297
2000 4 0 1849 1166 373 1157
2001 4 0 1189 1236 2336 1133
2002 4 0 2393 2340 411 1849
2003 4 0 1249 373 2068 1157
2004 4 0 974 2455 1814 15
2005 4 0 286 1289 1975 1310
2006 4 0 964 939 918 1774
2007 4 0 1236 1605 1815 1702
2008 4 0 410 1190 418 2340
2009 4 0 411 2069 1857 415
2010 4 0 1849 1166 1857 373
2011 4 0 2336 1815 1227 1236
2012 4 0 2233 1190 418 115
2013 4 0 1268 1236 1605 2052
2014 4 0 1774 2492 820 1610
2015 4 0 873 354 1582 2117
2016 4 0 1719 1875 1718 2279
2017 4 0 1239 1620 2406 2456
2018 4 0 2194 422 2474 390
2019 4 0 695 2413 1861 2456
2020 4 0 1157 1166 411 1848
2021 4 0 1819 1974 1024 1256
2022 4 0 1166 410 411 2340
2023 4 0 1849 410 411 1166
2024 4 0 1849 2340 411 410
2025 4 0 1857 1157 2068 373
2026 4 0 1166 93 411 1848
2027 4 0 1166 2340 411 93
2028 4 0 1819 1256 101 1974
2029 4 0 371 380 982 2044
2030 4 0 1848 93 411 1670
2031 4 0 2067 93 411 2340
2032 4 0 1670 93 411 2067
2033 4 0 1280 1301 1701 423
2034 4 0 940 968 2193 59
2035 4 0 2019 728 694 1528
2036 4 0 976 921 977 1807
2037 4 0 115 1850 418 1970
2038 4 0 100 1675 2445 2137
2039 4 0 963 1605 1271 372
2040 4 0 1084 1089 1047 1646
2041 4 0 1670 1249 409 2068
2042 4 0 1294 765 791 1866
2043 4 0 2048 1807 2213 976
2044 4 0 2383 1281 2147 513
2045 4 0 92 1221 1208 2336
2046 4 0 1236 1268 1189 2075
2047 4 0 92 2336 1208 1227
2048 4 0 1875 94 509 95
2049 4 0 965 2213 2406 1699
2050 4 0 2336 1669 1132 1227
2051 4 0 2413 1862 247 703
2052 4 0 961 947 956 1809
2053 4 0 1236 1268 1702 1297
2054 4 0 416 1297 1702 1268
2055 4 0 410 2315 418 1970
2056 4 0 416 1294 2350 1297
2057 4 0 2031 2350 291 2382
2058 4 0 938 983 820 1548
2059 4 0 2382 1294 291 286
2060 4 0 2201 2206 689 2478
2061 4 0 1225 1189 409 1670
2062 4 0 286 2031 291 2382
2063 4 0 2048 963 2213 372
2064 4 0 735 687 731 2022
2065 4 0 1774 314 2032 991
2066 4 0 1217 1230 1289 2357
2067 4 0 381 267 1610 921
2068 4 0 2052 1240 1815 1605
2069 4 0 1189 2075 2336 1236
2070 4 0 2340 2233 2474 2067
2071 4 0 92 1216 1208 1221
2072 4 0 436 16 2044 438
2073 4 0 2382 1536 2350 1866
2074 4 0 438 983 1709 441
2075 4 0 314 937 16 1548
2076 4 0 2048 2434 437 18
2077 4 0 441 938 437 314
2078 4 0 1225 1133 92 1227
2079 4 0 721 723 466 690
2080 4 0 1670 1157 2075 1249
2081 4 0 2075 1249 1189 1670
2082 4 0 730 406 1695 408
2083 4 0 2442 1132 2188 1137
2084 4 0 974 821 1553 2269
2085 4 0 918 963 804 939
2086 4 0 1493 604 173 646
2087 4 0 16 1548 441 314
2088 4 0 942 941 1948 2305
2089 4 0 760 1757 471 749
2090 4 0 1215 406 1695 1696
2091 4 0 526 2135 1158 2233
2092 4 0 279 1321 1433 2363
2093 4 0 372 1240 2306 2213
2094 4 0 2052 1236 1815 1240
2095 4 0 2492 1813 1610 953
2096 4 0 2353 2327 2038 847
2097 4 0 1881 547 1569 546
2098 4 0 2479 728 218 1515
2099 4 0 953 982 1610 2492
2100 4 0 1274 1645 1210 1447
2101 4 0 976 2357 2213 2306
2102 4 0 2188 2187 1695 1132
2103 4 0 2186 2187 1695 2188
2104 4 0 1959 1091 1660 1662
2105 4 0 2067 2474 527 2238
2106 4 0 1232 1974 1024 2074
2107 4 0 1159 2315 418 1676
2108 4 0 1698 1819 390 1024
2109 4 0 2075 411 1189 1249
2110 4 0 1440 2083 1091 508
2111 4 0 1267 1253 2335 226
2112 4 0 2336 1236 1227 1133
2113 4 0 1189 1249 409 1670
2114 4 0 1227 1236 1225 1133
2115 4 0 101 1645 1024 2494
2116 4 0 1159 1970 418 2315
2117 4 0 1133 2336 92 1227
2118 4 0 1133 1221 92 2336
2119 4 0 1225 1221 92 1133
2120 4 0 388 1645 1082 1698
2121 4 0 1860 1230 1620 1215
2122 4 0 1133 1236 1225 1189
2123 4 0 1236 1268 1225 1189
2124 4 0 2233 2340 418 1190
2125 4 0 1839 1208 2187 54
2126 4 0 2279 1875 1718 509
2127 4 0 92 1221 2279 1216
2128 4 0 1859 1645 388 1698
2129 4 0 363 1211 1209 1218
2130 4 0 1133 2411 2237 1669
2131 4 0 1281 511 2383 1442
2132 4 0 509 1875 1718 94
2133 4 0 1268 411 1225 1189
2134 4 0 116 526 2360 420
2135 4 0 527 1968 2360 526
2136 4 0 1056 1022 1635 87
2137 4 0 1434 2132 1732 1077
2138 4 0 2067 2394 422 409
2139 4 0 586 1634 1404 2313
2140 4 0 118 530 1819 1646
2141 4 0 791 1975 773 2349
2142 4 0 1221 1132 2237 2279
2143 4 0 115 1970 418 1159
2144 4 0 2494 1645 1024 1974
2145 4 0 1024 1645 1082 2074
2146 4 0 1133 1669 2237 2336
2147 4 0 2336 1221 2237 1133
2148 4 0 509 1875 2237 2279
2149 4 0 1875 510 2237 1719
2150 4 0 694 695 2293 1761
2151 4 0 2336 1669 2237 1132
2152 4 0 1132 1221 2237 2336
2153 4 0 2411 1875 2237 1669
2154 4 0 2411 510 2237 1875
2155 4 0 510 2411 2237 1843
2156 4 0 1536 1311 2350 2403
2157 4 0 508 1128 1662 1091
2158 4 0 1208 2187 1695 1696
2159 4 0 2406 372 423 1271
2160 4 0 2068 1249 409 411
2161 4 0 411 1670 409 2068
2162 4 0 411 2067 409 1670
2163 4 0 2485 1646 118 2421
2164 4 0 2146 513 1990 2147
2165 4 0 401 997 1025 1011
2166 4 0 1532 265 959 928
2167 4 0 733 688 2020 701
2168 4 0 889 36 2036 1792
2169 4 0 435 15 2077 1411
2170 4 0 2036 2116 831 36
2171 4 0 14 15 1940 435
2172 4 0 441 438 437 1709
2173 4 0 14 1411 1940 15
2174 4 0 1940 1411 2455 15
2175 4 0 969 1802 1940 435
2176 4 0 1813 983 2492 437
2177 4 0 969 15 1940 1802
2178 4 0 15 969 1410 436
2179 4 0 2455 2464 438 16
2180 4 0 2308 6 1949 951
2181 4 0 2434 1710 437 18
2182 4 0 1956 1655 1105 1134
2183 4 0 1813 437 1412 440
2184 4 0 1709 1813 2492 476
2185 4 0 2048 1807 437 2434
2186 4 0 966 940 2193 59
2187 4 0 2455 1802 16 1940
2188 4 0 436 15 2464 1410
2189 4 0 991 937 16 314
2190 4 0 690 2296 721 723
2191 4 0 1286 1230 1289 1620
2192 4 0 18 1807 437 2048
2193 4 0 938 1548 441 983
2194 4 0 989 969 741 1947
2195 4 0 991 314 441 18
2196 4 0 438 983 441 1548
2197 4 0 428 7 427 915
2198 4 0 6 2124 956 2
2199 4 0 438 1548 441 16
2200 4 0 16 438 380 2044
2201 4 0 441 18 437 1710
2202 4 0 1134 1956 1664 1099
2203 4 0 441 1710 437 442
2204 4 0 1523 1755 1912 2155
2205 4 0 1099 1101 1664 1134
2206 4 0 2195 1754 2160 715
2207 4 0 441 442 437 438
2208 4 0 1813 983 437 1709
2209 4 0 1709 983 437 441
2210 4 0 940 59 741 984
2211 4 0 439 1137 2442 1094
2212 4 0 982 59 371 2044
2213 4 0 31 328 327 35
2214 4 0 18 921 437 1807
2215 4 0 437 442 440 438
2216 4 0 437 438 440 1709
2217 4 0 1709 1813 440 437
2218 4 0 1105 1655 2221 1136
2219 4 0 436 438 2044 1709
2220 4 0 263 1238 1265 1246
2221 4 0 2013 756 933 1948
2222 4 0 1709 982 953 2492
2223 4 0 2422 2277 1653 1125
2224 4 0 940 2044 970 371
2225 4 0 371 380 2044 1814
2226 4 0 2 2124 956 1809
2227 4 0 961 1809 956 2124
2228 4 0 2204 751 39 1909
2229 4 0 688 2015 1750 1907
2230 4 0 227 217 2295 1913
2231 4 0 917 958 428 2
2232 4 0 917 7 428 958
2233 4 0 951 2053 2308 6
2234 4 0 47 722 2080 464
2235 4 0 691 716 733 1901
2236 4 0 752 751 696 753
2237 4 0 32 1655 30 2280
2238 4 0 1957 336 405 1650
2239 4 0 701 733 5 2020
2240 4 0 2155 1901 1751 1755
2241 4 0 1759 1912 1906 224
2242 4 0 691 701 1751 688
2243 4 0 1912 1523 714 1759
2244 4 0 1906 758 2204 714
2245 4 0 682 1755 1531 1759
2246 4 0 1906 1912 1531 224
2247 4 0 682 1759 1531 1906
2248 4 0 682 2101 1751 215
2249 4 0 2155 701 1523 5
2250 4 0 682 1755 215 2155
2251 4 0 2101 1755 215 682
2252 4 0 5 2020 1900 1523
2253 4 0 1912 1523 1900 714
2254 4 0 1912 1523 707 1900
2255 4 0 2101 682 1906 1759
2256 4 0 1906 751 2204 1524
2257 4 0 2101 1755 1523 215
2258 4 0 5 2020 1523 215
2259 4 0 2492 1813 953 476
2260 4 0 2371 224 1909 219
2261 4 0 1523 5 707 1900
2262 4 0 2020 714 758 1900
2263 4 0 714 1912 758 1900
2264 4 0 1759 1912 758 714
2265 4 0 741 2123 960 222
2266 4 0 1037 1831 1065 1820
2267 4 0 1909 219 1510 239
2268 4 0 2123 1611 960 222
2269 4 0 718 39 696 2203
2270 4 0 734 44 747 1521
2271 4 0 1912 1900 707 758
2272 4 0 2204 751 1909 2371
2273 4 0 1810 1980 988 947
2274 4 0 753 718 708 696
2275 4 0 1947 434 960 741
2276 4 0 2270 941 315 317
2277 4 0 1912 1523 224 707
2278 4 0 961 947 988 429
2279 4 0 887 487 2502 889
2280 4 0 1510 239 737 1909
2281 4 0 711 699 737 1510
2282 4 0 707 1900 1524 758
2283 4 0 707 758 1524 224
2284 4 0 224 219 1524 707
2285 4 0 1513 459 1517 1512
2286 4 0 1612 911 985 2270
2287 4 0 16 937 2328 1548
2288 4 0 39 751 239 1909
2289 4 0 1527 221 225 745
2290 4 0 1762 758 2204 1524
2291 4 0 1906 1524 2204 758
2292 4 0 758 1759 1906 224
2293 4 0 2402 1508 458 459
2294 4 0 758 224 1906 1524
2295 4 0 714 1759 1906 758
2296 4 0 708 752 1507 705
2297 4 0 737 752 705 239
2298 4 0 1531 751 2371 1912
2299 4 0 1531 1912 2371 224
2300 4 0 736 704 1513 2256
2301 4 0 921 2125 267 965
2302 4 0 1759 2204 1906 39
2303 4 0 1531 1906 2371 751
2304 4 0 224 1906 2371 1531
2305 4 0 2271 986 959 944
2306 4 0 1524 751 2371 1906
2307 4 0 1906 224 2371 1524
2308 4 0 768 297 1549 1322
2309 4 0 1759 2204 714 1906
2310 4 0 224 219 2371 1524
2311 4 0 1906 751 39 2204
2312 4 0 1510 752 737 239
2313 4 0 2204 751 2371 1524
2314 4 0 2204 1524 2371 1762
2315 4 0 699 752 1510 753
2316 4 0 1524 1762 1909 2371
2317 4 0 1524 219 1909 1762
2318 4 0 2371 219 1909 1524
2319 4 0 705 38 1507 708
2320 4 0 1909 751 239 2371
2321 4 0 39 2204 239 696
2322 4 0 221 2203 1424 705
2323 4 0 227 41 2387 460
2324 4 0 462 1760 43 1425
2325 4 0 2017 1424 2154 38
2326 4 0 1512 2259 1517 228
2327 4 0 1924 2404 1922 2351
2328 4 0 39 1909 239 2204
2329 4 0 752 751 239 696
2330 4 0 312 1808 1949 951
2331 4 0 753 752 239 696
2332 4 0 2014 1511 225 1527
2333 4 0 696 239 1510 699
2334 4 0 1531 751 696 1906
2335 4 0 39 1906 696 751
2336 4 0 221 2203 705 737
2337 4 0 718 2203 696 753
2338 4 0 699 2203 225 221
2339 4 0 708 38 1507 2017
2340 4 0 1913 1508 713 748
2341 4 0 2203 718 752 753
2342 4 0 829 123 1794 538
2343 4 0 711 1510 737 221
2344 4 0 2203 2204 699 1762
2345 4 0 961 756 933 2013
2346 4 0 821 1548 974 937
2347 4 0 8 1612 992 1812
2348 4 0 753 752 1510 239
2349 4 0 2017 696 708 718
2350 4 0 705 221 745 1507
2351 4 0 41 1525 2202 2388
2352 4 0 704 736 1520 2256
2353 4 0 696 753 1510 239
2354 4 0 753 752 1507 708
2355 4 0 696 2203 699 753
2356 4 0 2407 9 1553 310
2357 4 0 1947 989 924 975
2358 4 0 696 2204 699 2203
2359 4 0 239 2204 699 696
2360 4 0 702 708 1507 2017
2361 4 0 1239 1620 1699 2406
2362 4 0 1762 1524 711 699
2363 4 0 1762 219 711 1524
2364 4 0 699 2204 1510 1762
2365 4 0 239 2204 1510 699
2366 4 0 219 2204 1510 239
2367 4 0 219 1762 1510 2204
2368 4 0 1338 1336 1347 2482
2369 4 0 711 699 225 221
2370 4 0 320 1810 933 2444
2371 4 0 2016 2258 1511 1514
2372 4 0 2017 708 2023 702
2373 4 0 937 1802 974 821
2374 4 0 2203 752 737 699
2375 4 0 2203 718 737 752
2376 4 0 699 711 737 221
2377 4 0 221 2203 737 699
2378 4 0 2020 701 1750 215
2379 4 0 2202 1525 2387 748
2380 4 0 2478 690 466 723
2381 4 0 1907 1901 1750 688
2382 4 0 718 753 708 752
2383 4 0 38 2017 708 718
2384 4 0 705 737 708 752
2385 4 0 718 752 708 737
2386 4 0 1424 705 708 38
2387 4 0 1424 718 708 705
2388 4 0 38 718 708 1424
2389 4 0 705 718 708 2203
2390 4 0 737 2203 708 718
2391 4 0 705 2203 708 737
2392 4 0 2256 2258 1513 736
2393 4 0 434 10 949 1592
2394 4 0 328 837 327 896
2395 4 0 2053 961 988 6
2396 4 0 38 1424 1507 2017
2397 4 0 705 1424 1507 38
2398 4 0 711 221 225 1511
2399 4 0 2014 2016 225 1511
2400 4 0 1946 1611 924 2050
2401 4 0 2123 434 1611 975
2402 4 0 713 2259 717 1517
2403 4 0 1424 221 225 2203
2404 4 0 941 911 2270 2050
2405 4 0 975 310 924 1947
2406 4 0 1527 1511 225 221
2407 4 0 2492 476 953 1709
2408 4 0 942 2046 2171 1948
2409 4 0 736 2258 1511 2016
2410 4 0 1810 947 988 756
2411 4 0 2044 1814 380 436
2412 4 0 702 2154 2014 745
2413 4 0 1921 773 287 1768
2414 4 0 2017 2154 2014 702
2415 4 0 2017 1424 2014 2154
2416 4 0 745 1507 2014 702
2417 4 0 1709 983 2492 1813
2418 4 0 381 968 953 2193
2419 4 0 741 434 2123 1947
2420 4 0 1507 1424 2014 2017
2421 4 0 1507 2017 2014 702
2422 4 0 725 1711 1514 2016
2423 4 0 2016 2258 1514 725
2424 4 0 961 429 988 1980
2425 4 0 1511 221 1527 1514
2426 4 0 745 705 1527 221
2427 4 0 737 221 1527 705
2428 4 0 2308 958 1949 6
2429 4 0 1869 1331 1356 1353
2430 4 0 1220 728 2019 1528
2431 4 0 956 2124 2053 961
2432 4 0 1511 745 1527 2014
2433 4 0 1512 228 1513 2256
2434 4 0 2014 1711 40 2154
2435 4 0 1511 2016 1527 745
2436 4 0 2030 2404 2161 1924
2437 4 0 1527 745 225 2014
2438 4 0 2014 745 225 1507
2439 4 0 2014 1507 225 1424
2440 4 0 745 221 225 1507
2441 4 0 1507 221 225 705
2442 4 0 1424 705 225 221
2443 4 0 1507 705 225 1424
2444 4 0 1506 739 713 234
2445 4 0 951 958 1949 307
2446 4 0 704 1508 1513 1512
2447 4 0 1338 1323 1336 1319
2448 4 0 312 307 1949 958
2449 4 0 915 958 2308 6
2450 4 0 917 958 2308 915
2451 4 0 2053 951 2013 229
2452 4 0 1532 944 959 265
2453 4 0 265 987 959 1545
2454 4 0 1947 12 2123 934
2455 4 0 1814 2044 970 436
2456 4 0 1545 928 959 265
2457 4 0 2305 756 1948 320
2458 4 0 2271 944 959 957
2459 4 0 1296 1290 2423 256
2460 4 0 2435 2396 1337 1363
2461 4 0 267 921 476 1813
2462 4 0 2063 339 2062 50
2463 4 0 1709 1813 476 2044
2464 4 0 1106 1135 1130 2063
2465 4 0 350 1930 857 1585
2466 4 0 721 1915 2255 690
2467 4 0 1238 1243 1234 677
2468 4 0 1973 1253 742 226
2469 4 0 938 314 820 437
2470 4 0 966 1813 953 267
2471 4 0 889 2352 70 487
2472 4 0 337 1109 2498 34
2473 4 0 459 2402 738 678
2474 4 0 1617 2125 1701 2406
2475 4 0 2157 46 1425 2372
2476 4 0 1138 1120 1122 17
2477 4 0 2074 2185 1859 530
2478 4 0 375 257 1318 2483
2479 4 0 1774 991 820 314
2480 4 0 970 940 967 984
2481 4 0 2370 2100 474 2294
2482 4 0 694 728 2293 695
2483 4 0 1664 1956 50 1099
2484 4 0 1751 691 1750 1901
2485 4 0 1947 969 741 984
2486 4 0 961 947 933 756
2487 4 0 1222 1226 2284 1265
2488 4 0 1121 1111 2498 1107
2489 4 0 338 2063 1668 1842
2490 4 0 223 2467 700 2398
2491 4 0 1130 1842 1103 2062
2492 4 0 53 2413 1761 473
2493 4 0 58 2079 1107 1652
2494 4 0 2193 59 476 966
2495 4 0 953 267 1610 381
2496 4 0 508 2083 1091 1439
2497 4 0 2471 315 2171 942
2498 4 0 474 2413 695 2456
2499 4 0 976 2048 383 964
2500 4 0 974 2455 2328 1814
2501 4 0 1948 756 933 320
2502 4 0 1610 991 1774 383
2503 4 0 2053 2124 1943 961
2504 4 0 315 2444 2471 298
2505 4 0 1549 788 812 2166
2506 4 0 940 436 970 2044
2507 4 0 982 983 380 2492
2508 4 0 1709 59 982 2044
2509 4 0 2044 438 982 1709
2510 4 0 2193 968 982 59
2511 4 0 476 59 982 1709
2512 4 0 2193 59 982 476
2513 4 0 9 310 2407 434
2514 4 0 1774 2032 820 918
2515 4 0 804 1271 1286 423
2516 4 0 1795 837 327 31
2517 4 0 1548 983 2328 438
2518 4 0 989 967 2123 741
2519 4 0 2171 2046 1943 229
2520 4 0 317 2444 2471 320
2521 4 0 934 12 2123 310
2522 4 0 2050 1611 911 222
2523 4 0 949 9 2407 434
2524 4 0 967 940 2123 741
2525 4 0 982 476 953 2193
2526 4 0 2270 1946 2407 310
2527 4 0 16 438 2328 380
2528 4 0 982 438 2328 983
2529 4 0 2479 2019 218 728
2530 4 0 677 1243 1234 2423
2531 4 0 940 967 371 970
2532 4 0 2406 2125 1701 965
2533 4 0 383 964 1774 1610
2534 4 0 887 487 1791 36
2535 4 0 940 984 741 967
2536 4 0 2256 704 1526 1520
2537 4 0 1814 983 380 2328
2538 4 0 975 1946 924 2050
2539 4 0 42 2348 44 463
2540 4 0 434 435 969 12
2541 4 0 222 2050 985 911
2542 4 0 1699 2125 2406 965
2543 4 0 435 12 1947 934
2544 4 0 1649 1100 268 58
2545 4 0 14 2269 1947 435
2546 4 0 435 934 1947 14
2547 4 0 405 1131 1656 336
2548 4 0 934 2269 1947 14
2549 4 0 310 2269 1947 934
2550 4 0 130 1885 1206 857
2551 4 0 416 1297 2350 1702
2552 4 0 2115 1586 838 1564
2553 4 0 2032 963 804 918
2554 4 0 703 2323 683 742
2555 4 0 1259 1301 1701 1280
2556 4 0 1349 2433 1351 1366
2557 4 0 1814 436 2328 380
2558 4 0 1502 211 1990 513
2559 4 0 1617 976 383 964
2560 4 0 2007 2319 630 592
2561 4 0 1315 1311 2350 1297
2562 4 0 805 1322 2110 812
2563 4 0 1310 1289 1975 423
2564 4 0 1611 434 2407 310
2565 4 0 2021 2370 1916 258
2566 4 0 1617 1807 383 976
2567 4 0 977 921 383 1807
2568 4 0 2223 2442 1138 1839
2569 4 0 1975 2300 275 291
2570 4 0 1975 2025 279 1310
2571 4 0 241 60 475 260
2572 4 0 1220 1224 694 1528
2573 4 0 1959 1667 2222 1128
2574 4 0 456 32 1140 2280
2575 4 0 1292 1288 1277 253
2576 4 0 726 1916 61 2100
2577 4 0 977 1699 2125 2406
2578 4 0 2100 51 2398 2467
2579 4 0 1757 754 53 2479
2580 4 0 1266 1253 1267 226
2581 4 0 2277 1125 2422 2220
2582 4 0 1921 1768 287 1550
2583 4 0 260 220 2012 2104
2584 4 0 1323 1319 308 1336
2585 4 0 1299 1265 1219 257
2586 4 0 475 757 2104 60
2587 4 0 1337 295 1321 2025
2588 4 0 677 1862 683 742
2589 4 0 879 1937 2211 1929
2590 4 0 1933 899 357 1796
2591 4 0 2167 891 847 1929
2592 4 0 1296 256 2423 1319
2593 4 0 768 297 799 1549
2594 4 0 1296 1267 2423 1290
2595 4 0 300 256 187 1338
2596 4 0 1266 1243 226 2423
2597 4 0 1243 256 2423 1290
2598 4 0 2370 2100 61 1916
2599 4 0 2182 402 387 1019
2600 4 0 1265 2483 1219 250
2601 4 0 1972 1212 1785 1585
2602 4 0 238 253 1257 1277
2603 4 0 1353 1331 375 382
2604 4 0 1325 1298 187 1320
2605 4 0 537 853 895 341
2606 4 0 2348 230 755 686
2607 4 0 684 2370 1916 2100
2608 4 0 719 2323 683 703
2609 4 0 729 693 762 260
2610 4 0 331 1937 879 2355
2611 4 0 2288 1432 501 2321
2612 4 0 1875 510 2278 1114
2613 4 0 1212 1296 78 1323
2614 4 0 1215 1696 1695 408
2615 4 0 1127 406 1695 730
2616 4 0 847 879 2211 1758
2617 4 0 1987 86 2321 1263
2618 4 0 1274 1447 1210 1211
2619 4 0 1117 1132 1208 1221
2620 4 0 1930 1585 880 1580
2621 4 0 2283 2117 863 1885
2622 4 0 1866 2403 2350 765
2623 4 0 1216 509 1117 2279
2624 4 0 2279 1221 1117 1216
2625 4 0 2279 1132 1117 1221
2626 4 0 2186 1875 1197 1098
2627 4 0 1127 730 1695 1199
2628 4 0 2279 509 1117 2237
2629 4 0 2237 1132 1117 2279
2630 4 0 92 2394 1698 1216
2631 4 0 1259 730 2039 1127
2632 4 0 1267 226 2335 2423
2633 4 0 2139 2231 2335 677
2634 4 0 434 435 1947 969
2635 4 0 1230 965 1620 2306
2636 4 0 1023 2311 1218 84
2637 4 0 226 1253 2337 1973
2638 4 0 226 1973 2337 677
2639 4 0 1296 1301 1307 1280
2640 4 0 2337 1862 695 1973
2641 4 0 977 381 383 921
2642 4 0 2479 1528 694 1224
2643 4 0 381 921 977 267
2644 4 0 1815 1240 2306 2357
2645 4 0 2213 1240 2306 1815
2646 4 0 1815 2357 2306 2213
2647 4 0 1605 2357 2306 1240
2648 4 0 1605 1240 2306 1271
2649 4 0 966 381 977 267
2650 4 0 976 2125 977 921
2651 4 0 1874 1095 1660 1437
2652 4 0 1224 760 1515 729
2653 4 0 1091 2463 1662 1439
2654 4 0 2187 2188 1208 1132
2655 4 0 1217 92 1208 1227
2656 4 0 2032 963 918 976
2657 4 0 2133 1102 37 2275
2658 4 0 730 694 1199 2293
2659 4 0 530 84 1085 118
2660 4 0 760 749 471 472
2661 4 0 473 2413 1761 695
2662 4 0 2492 982 1610 380
2663 4 0 2306 2357 1620 1230
2664 4 0 2413 474 695 473
2665 4 0 2489 502 1112 876
2666 4 0 1220 695 694 742
2667 4 0 2223 407 2442 1839
2668 4 0 965 2306 1699 1620
2669 4 0 965 2213 1699 2306
2670 4 0 2406 965 1701 2213
2671 4 0 2306 2357 1699 1620
2672 4 0 1215 2456 1860 406
2673 4 0 1239 2456 1215 406
2674 4 0 2456 1620 1215 1860
2675 4 0 1774 314 820 2032
2676 4 0 383 953 1610 381
2677 4 0 742 1973 695 1862
2678 4 0 1113 439 1122 2066
2679 4 0 2456 1620 2406 1215
2680 4 0 2337 2456 1861 1239
2681 4 0 703 473 2413 719
2682 4 0 2139 2019 218 2231
2683 4 0 1862 2413 1861 695
2684 4 0 683 1862 2413 703
2685 4 0 683 703 2413 719
2686 4 0 264 1202 1226 1223
2687 4 0 2038 2117 873 1580
2688 4 0 1220 1528 2019 1224
2689 4 0 1315 765 2350 2403
2690 4 0 953 383 982 371
2691 4 0 1307 1267 1280 1259
2692 4 0 977 976 1617 2125
2693 4 0 2213 965 964 976
2694 4 0 2306 2213 2406 372
2695 4 0 1699 2213 2406 2306
2696 4 0 2306 372 2406 1271
2697 4 0 383 953 982 1610
2698 4 0 1617 977 383 1807
2699 4 0 1699 2357 2406 1620
2700 4 0 1774 983 820 2492
2701 4 0 2306 2357 2406 1699
2702 4 0 2306 1605 2406 2357
2703 4 0 964 965 1701 1617
2704 4 0 2048 976 1774 964
2705 4 0 1874 1667 2223 2066
2706 4 0 1973 677 695 2337
2707 4 0 1973 742 695 677
2708 4 0 314 991 1610 18
2709 4 0 1774 991 2032 2048
2710 4 0 804 1702 1286 1271
2711 4 0 1463 1489 75 639
2712 4 0 1776 1983 2110 452
2713 4 0 976 1807 383 2048
2714 4 0 2492 983 820 437
2715 4 0 514 2448 642 96
2716 4 0 816 1543 284 1546
2717 4 0 1866 1294 286 791
2718 4 0 383 921 1610 1807
2719 4 0 383 381 1610 921
2720 4 0 953 1813 1610 267
2721 4 0 2053 961 2013 756
2722 4 0 1322 788 812 1549
2723 4 0 2406 1620 423 1215
2724 4 0 286 2300 1975 291
2725 4 0 1286 423 1289 939
2726 4 0 1866 765 2350 1294
2727 4 0 229 2046 1943 2124
2728 4 0 1536 1866 2382 286
2729 4 0 1975 1536 1348 2437
2730 4 0 2032 314 820 938
2731 4 0 1297 1294 2350 765
2732 4 0 963 991 2032 314
2733 4 0 2383 1249 2238 2474
2734 4 0 939 918 1286 804
2735 4 0 2025 295 1975 291
2736 4 0 1768 780 1921 773
2737 4 0 964 2213 939 1701
2738 4 0 1701 423 939 964
2739 4 0 2213 2406 939 1701
2740 4 0 2213 372 939 2406
2741 4 0 423 2406 939 372
2742 4 0 1701 2406 939 423
2743 4 0 18 921 1610 437
2744 4 0 437 314 1610 18
2745 4 0 1208 1230 1289 1217
2746 4 0 267 1813 1610 921
2747 4 0 383 2048 1610 991
2748 4 0 1807 2048 1610 383
2749 4 0 18 2048 1610 1807
2750 4 0 991 2048 1610 18
2751 4 0 437 1813 1610 2492
2752 4 0 437 921 1610 1813
2753 4 0 383 991 1774 2048
2754 4 0 383 2048 1774 964
2755 4 0 2048 976 2032 1774
2756 4 0 2048 963 2032 976
2757 4 0 2213 963 804 372
2758 4 0 423 372 804 1271
2759 4 0 939 372 804 423
2760 4 0 939 2213 918 963
2761 4 0 964 2213 918 939
2762 4 0 964 963 918 2213
2763 4 0 964 976 918 963
2764 4 0 1774 976 918 964
2765 4 0 1872 451 1420 1421
2766 4 0 1271 372 804 963
2767 4 0 939 963 804 2213
2768 4 0 1610 991 820 1774
2769 4 0 1610 314 820 991
2770 4 0 1610 437 820 314
2771 4 0 2492 437 820 1610
2772 4 0 1605 1271 1286 1702
2773 4 0 278 1322 805 768
2774 4 0 768 297 805 278
2775 4 0 1315 2403 2350 1311
2776 4 0 423 1271 1286 2406
2777 4 0 591 568 2472 609
2778 4 0 28 1423 455 454
2779 4 0 1247 1089 1084 1646
2780 4 0 1401 1390 288 318
2781 4 0 2162 453 454 1873
2782 4 0 2406 1605 1286 2357
2783 4 0 1815 2357 1286 1605
2784 4 0 2297 1423 1768 1550
2785 4 0 1815 1605 1286 1702
2786 4 0 2306 1605 1286 2406
2787 4 0 2306 1271 1286 1605
2788 4 0 2406 1271 1286 2306
2789 4 0 184 161 2099 1501
2790 4 0 1170 1966 306 309
2791 4 0 2406 2357 1286 1620
2792 4 0 1620 2357 1286 1230
2793 4 0 1722 526 1451 117
2794 4 0 530 84 118 2485
2795 4 0 1866 1294 2350 2382
2796 4 0 2406 423 1289 1286
2797 4 0 2406 1620 1289 423
2798 4 0 1286 1620 1289 2406
2799 4 0 1620 1215 1289 423
2800 4 0 1620 1230 1289 1215
2801 4 0 1431 1433 2339 2140
2802 4 0 1215 1230 1289 1208
2803 4 0 1286 1815 1289 2357
2804 4 0 1702 1815 1289 1286
2805 4 0 1217 2357 1289 1815
2806 4 0 1866 2403 1327 1536
2807 4 0 1866 1315 1327 1311
2808 4 0 1536 1866 1348 2349
2809 4 0 2078 29 781 454
2810 4 0 2350 1327 513 1311
2811 4 0 781 819 1541 815
2812 4 0 1768 780 773 1542
2813 4 0 1740 646 2252 661
2814 4 0 794 283 1982 2285
2815 4 0 781 1983 1541 819
2816 4 0 287 295 1337 2396
2817 4 0 2475 2185 84 2311
2818 4 0 2375 1322 2324 2300
2819 4 0 604 592 630 159
2820 4 0 982 983 2328 380
2821 4 0 291 1294 2301 765
2822 4 0 1286 1702 2382 1289
2823 4 0 286 1294 291 791
2824 4 0 2448 642 1447 1350
2825 4 0 1294 765 291 791
2826 4 0 1543 776 2263 1775
2827 4 0 788 818 305 811
2828 4 0 773 2433 296 1366
2829 4 0 1941 1618 1554 2271
2830 4 0 1592 948 949 434
2831 4 0 1740 661 568 2341
2832 4 0 2382 1327 2350 1536
2833 4 0 454 29 781 780
2834 4 0 765 791 2301 291
2835 4 0 1315 1297 2350 765
2836 4 0 1866 1536 2350 2403
2837 4 0 291 295 2301 2031
2838 4 0 767 301 1775 815
2839 4 0 291 295 275 2025
2840 4 0 301 297 805 822
2841 4 0 276 1164 1964 2189
2842 4 0 642 164 1350 514
2843 4 0 1232 1256 1024 1974
2844 4 0 1311 1536 2350 1327
2845 4 0 1249 1268 411 2068
2846 4 0 2233 2318 1968 420
2847 4 0 1289 1702 2350 1815
2848 4 0 2382 1702 2350 1289
2849 4 0 2242 164 642 514
2850 4 0 1327 1536 513 2437
2851 4 0 1225 1189 422 409
2852 4 0 291 791 1975 286
2853 4 0 2031 295 275 291
2854 4 0 1701 1301 1310 423
2855 4 0 1289 1301 423 1310
2856 4 0 767 799 1775 301
2857 4 0 1769 445 2473 2028
2858 4 0 939 1610 1774 964
2859 4 0 423 2406 1310 1701
2860 4 0 805 797 2110 2375
2861 4 0 1259 1301 1310 1701
2862 4 0 2039 330 354 1196
2863 4 0 2187 1839 2186 407
2864 4 0 1447 521 518 1876
2865 4 0 1877 520 1447 519
2866 4 0 1322 297 1549 812
2867 4 0 513 1311 2147 2350
2868 4 0 2406 1259 1310 1701
2869 4 0 2066 439 2223 1094
2870 4 0 2058 2000 2218 1022
2871 4 0 1197 1117 2278 509
2872 4 0 278 2300 768 1975
2873 4 0 1322 2300 768 278
2874 4 0 307 1805 312 1618
2875 4 0 781 452 2110 1983
2876 4 0 286 278 1975 2300
2877 4 0 798 291 2324 2031
2878 4 0 1946 310 924 1611
2879 4 0 775 297 805 797
2880 4 0 2455 937 2328 16
2881 4 0 2110 812 767 1541
2882 4 0 1765 796 23 2438
2883 4 0 1703 2363 2096 644
2884 4 0 773 2301 287 1550
2885 4 0 2300 275 2375 1322
2886 4 0 2300 295 2375 275
2887 4 0 1770 295 773 2301
2888 4 0 623 674 629 1742
2889 4 0 1338 1336 300 1319
2890 4 0 248 230 755 715
2891 4 0 1611 310 924 975
2892 4 0 768 1322 805 297
2893 4 0 988 756 320 1810
2894 4 0 797 452 798 1776
2895 4 0 455 2078 1984 29
2896 4 0 799 297 775 812
2897 4 0 797 822 805 775
2898 4 0 775 822 805 297
2899 4 0 788 825 305 818
2900 4 0 781 1983 2110 1776
2901 4 0 1770 1423 1768 2297
2902 4 0 805 797 798 2300
2903 4 0 2324 1776 798 453
2904 4 0 29 2078 781 813
2905 4 0 2375 797 798 805
2906 4 0 805 278 798 2375
2907 4 0 775 797 798 1776
2908 4 0 301 297 775 799
2909 4 0 301 822 775 297
2910 4 0 812 297 805 1322
2911 4 0 797 453 798 452
2912 4 0 775 1776 826 772
2913 4 0 818 788 766 776
2914 4 0 2027 825 2351 771
2915 4 0 798 278 2324 1322
2916 4 0 797 297 1776 775
2917 4 0 2437 1975 1349 1348
2918 4 0 775 297 1776 812
2919 4 0 2031 291 2324 2301
2920 4 0 1982 283 1419 2285
2921 4 0 287 773 296 1366
2922 4 0 450 794 816 2285
2923 4 0 1541 1776 2110 812
2924 4 0 1768 780 813 2297
2925 4 0 2435 1385 308 2396
2926 4 0 1542 1770 773 1768
2927 4 0 1768 2349 1348 1542
2928 4 0 279 1307 1321 1323
2929 4 0 813 2078 781 1764
2930 4 0 2007 669 630 646
2931 4 0 1550 295 1921 2301
2932 4 0 1550 2324 1921 454
2933 4 0 29 2078 813 1764
2934 4 0 1975 1348 2433 1349
2935 4 0 1550 2324 2162 2301
2936 4 0 1975 1348 773 2433
2937 4 0 201 192 662 2366
2938 4 0 454 453 781 452
2939 4 0 824 815 1418 27
2940 4 0 2162 1423 454 1550
2941 4 0 2162 2324 454 453
2942 4 0 2297 1423 454 29
2943 4 0 1550 1423 454 2297
2944 4 0 1319 1336 300 2435
2945 4 0 454 452 781 2078
2946 4 0 1550 2324 454 2162
2947 4 0 1921 454 781 780
2948 4 0 791 291 1770 2301
2949 4 0 291 791 1770 1975
2950 4 0 1975 295 1770 291
2951 4 0 1770 1866 2349 791
2952 4 0 1921 453 781 454
2953 4 0 29 1770 2297 1423
2954 4 0 304 1160 1847 1165
2955 4 0 452 797 2110 1776
2956 4 0 2027 825 771 305
2957 4 0 1776 1983 27 772
2958 4 0 812 1322 2110 2375
2959 4 0 811 818 824 823
2960 4 0 715 697 1754 2348
2961 4 0 1401 1708 293 282
2962 4 0 2341 2199 2097 174
2963 4 0 1030 399 1027 996
2964 4 0 1921 2375 2110 798
2965 4 0 1511 1527 40 1526
2966 4 0 285 2161 2112 1777
2967 4 0 2433 2025 773 1975
2968 4 0 2349 1770 773 1542
2969 4 0 1348 1975 773 1866
2970 4 0 2349 295 773 1770
2971 4 0 1764 813 819 781
2972 4 0 2325 1767 2499 777
2973 4 0 1770 1550 773 1768
2974 4 0 1975 295 773 2349
2975 4 0 2349 1866 773 791
2976 4 0 1975 286 1348 1536
2977 4 0 1866 286 1348 1975
2978 4 0 1866 1536 1348 286
2979 4 0 1768 2297 1921 780
2980 4 0 454 2297 1921 1550
2981 4 0 1348 1866 773 2349
2982 4 0 1358 187 659 303
2983 4 0 791 1866 773 1975
2984 4 0 805 2375 2110 1322
2985 4 0 798 2375 2110 797
2986 4 0 812 799 767 775
2987 4 0 773 295 287 2301
2988 4 0 2194 511 2383 390
2989 4 0 26 414 1965 1145
2990 4 0 454 2324 1921 453
2991 4 0 2301 2031 1921 2324
2992 4 0 2301 295 1921 2031
2993 4 0 2375 2300 1921 295
2994 4 0 2031 295 1921 2300
2995 4 0 2300 2375 1921 2324
2996 4 0 2324 2031 1921 2300
2997 4 0 1337 308 1321 2396
2998 4 0 1911 220 731 235
2999 4 0 454 780 1921 29
3000 4 0 2297 29 1921 780
3001 4 0 454 29 1921 2297
3002 4 0 798 453 1921 2324
3003 4 0 2324 2375 1921 798
3004 4 0 2404 2027 2026 1922
3005 4 0 1924 2404 2161 1922
3006 4 0 2199 197 629 1492
3007 4 0 2078 1764 819 781
3008 4 0 2078 1983 819 1764
3009 4 0 781 1983 819 2078
3010 4 0 806 1767 2499 2026
3011 4 0 1366 2025 279 295
3012 4 0 819 1776 772 1983
3013 4 0 1388 1396 1381 1385
3014 4 0 1687 2227 2072 1188
3015 4 0 1336 1319 308 2435
3016 4 0 1922 2404 2161 2026
3017 4 0 181 2501 629 2480
3018 4 0 1367 1380 1334 1373
3019 4 0 2351 1559 1922 1924
3020 4 0 1400 1396 1399 2435
3021 4 0 193 1379 205 1346
3022 4 0 287 773 1366 295
3023 4 0 2025 295 1366 773
3024 4 0 1776 812 767 775
3025 4 0 767 776 1775 2166
3026 4 0 781 1776 1541 1983
3027 4 0 1775 2166 2263 799
3028 4 0 811 776 305 788
3029 4 0 287 2396 1337 296
3030 4 0 1319 1296 1323 2435
3031 4 0 1705 1330 1324 1334
3032 4 0 2396 1385 308 1396
3033 4 0 1178 1252 417 2189
3034 4 0 296 1385 1394 1396
3035 4 0 2396 1385 1394 296
3036 4 0 2396 1396 1394 1385
3037 4 0 188 2435 1396 1357
3038 4 0 949 434 2407 960
3039 4 0 2435 1396 308 1385
3040 4 0 775 799 767 301
3041 4 0 1307 1267 1323 1296
3042 4 0 1234 1243 366 2231
3043 4 0 1336 1321 308 1323
3044 4 0 1198 1930 1972 1207
3045 4 0 310 1947 975 2123
3046 4 0 815 776 767 1541
3047 4 0 279 2025 1321 295
3048 4 0 1310 1301 279 1307
3049 4 0 1972 857 1206 2117
3050 4 0 1323 2435 308 1319
3051 4 0 1323 1307 1321 1267
3052 4 0 1388 1396 2435 1381
3053 4 0 1373 303 1334 1358
3054 4 0 1381 1396 2435 1385
3055 4 0 1381 1385 2435 2396
3056 4 0 1324 1716 78 1329
3057 4 0 1298 303 187 1284
3058 4 0 667 2424 1891 203
3059 4 0 1015 1003 1640 391
3060 4 0 2286 2196 1433 2363
3061 4 0 1946 2270 2407 949
3062 4 0 819 1983 1541 1776
3063 4 0 1280 1307 279 1301
3064 4 0 2196 2448 2414 1447
3065 4 0 1574 1580 863 2117
3066 4 0 1703 2363 2196 2096
3067 4 0 2097 1736 204 609
3068 4 0 1337 287 1321 295
3069 4 0 296 287 1321 1337
3070 4 0 279 295 1321 1366
3071 4 0 2341 2319 569 145
3072 4 0 1337 2396 1321 296
3073 4 0 1366 287 1321 296
3074 4 0 1366 295 1321 287
3075 4 0 2290 64 65 166
3076 4 0 1418 823 1543 811
3077 4 0 452 453 2110 797
3078 4 0 781 453 2110 452
3079 4 0 1776 297 2110 812
3080 4 0 797 297 2110 1776
3081 4 0 805 812 2110 297
3082 4 0 805 297 2110 797
3083 4 0 797 453 2110 798
3084 4 0 1541 812 767 1776
3085 4 0 1541 822 767 301
3086 4 0 775 822 767 1541
3087 4 0 775 301 767 822
3088 4 0 975 434 1611 310
3089 4 0 756 947 933 1810
3090 4 0 741 989 975 2123
3091 4 0 741 1947 975 989
3092 4 0 2123 1947 975 741
3093 4 0 961 2124 1943 1809
3094 4 0 222 1611 1946 2050
3095 4 0 686 2348 1522 755
3096 4 0 732 1519 759 246
3097 4 0 2123 434 960 1611
3098 4 0 2158 217 2018 1525
3099 4 0 974 2269 1553 9
3100 4 0 298 1612 992 8
3101 4 0 2123 434 975 12
3102 4 0 310 12 975 434
3103 4 0 2123 12 975 310
3104 4 0 10 434 960 432
3105 4 0 746 697 2202 2372
3106 4 0 16 1548 2328 438
3107 4 0 315 298 2471 317
3108 4 0 1611 1946 2407 960
3109 4 0 222 432 960 985
3110 4 0 315 911 942 992
3111 4 0 298 10 317 13
3112 4 0 2050 1946 2270 941
3113 4 0 315 317 2471 2270
3114 4 0 2270 1946 315 941
3115 4 0 1381 2435 1371 1363
3116 4 0 315 8 2471 2444
3117 4 0 1612 432 960 434
3118 4 0 317 298 2471 2444
3119 4 0 992 1612 985 2268
3120 4 0 310 9 1553 2269
3121 4 0 948 9 949 434
3122 4 0 1612 1980 2268 1812
3123 4 0 1592 10 949 948
3124 4 0 320 2444 2471 2268
3125 4 0 16 436 2328 2455
3126 4 0 2053 2046 229 2124
3127 4 0 10 2269 949 948
3128 4 0 948 2269 949 9
3129 4 0 955 432 2270 1612
3130 4 0 1946 432 2270 10
3131 4 0 955 10 2270 432
3132 4 0 741 434 960 2123
3133 4 0 955 10 317 2270
3134 4 0 955 13 317 10
3135 4 0 298 13 317 1612
3136 4 0 911 1612 317 2270
3137 4 0 941 992 317 911
3138 4 0 2271 1618 1554 986
3139 4 0 955 1612 317 13
3140 4 0 2270 1612 317 955
3141 4 0 992 298 317 1612
3142 4 0 992 1612 317 911
3143 4 0 1812 8 2268 992
3144 4 0 1812 2444 2268 8
3145 4 0 1812 1980 2268 1810
3146 4 0 1812 1810 2268 2444
3147 4 0 1601 1941 1554 2271
3148 4 0 1543 776 1775 811
3149 4 0 992 8 2268 298
3150 4 0 2270 432 985 1612
3151 4 0 2050 1946 985 2270
3152 4 0 2050 222 985 1946
3153 4 0 2270 1946 985 432
3154 4 0 222 432 985 1946
3155 4 0 1946 10 960 432
3156 4 0 1946 432 960 222
3157 4 0 949 434 960 10
3158 4 0 10 1946 960 949
3159 4 0 1814 2455 2328 436
3160 4 0 9 949 2407 317
3161 4 0 2455 1802 974 937
3162 4 0 317 949 2407 2270
3163 4 0 380 438 2328 982
3164 4 0 1940 1802 974 2455
3165 4 0 1940 15 974 1802
3166 4 0 2455 15 974 1940
3167 4 0 984 970 1814 967
3168 4 0 1553 974 2328 1814
3169 4 0 984 436 1814 970
3170 4 0 984 15 1814 436
3171 4 0 969 15 1814 984
3172 4 0 974 1548 2328 937
3173 4 0 974 937 2328 2455
3174 4 0 1947 2269 924 989
3175 4 0 924 2269 1553 989
3176 4 0 1814 310 1553 924
3177 4 0 924 989 1553 1814
3178 4 0 974 1802 1553 821
3179 4 0 969 821 1553 1802
3180 4 0 974 15 1553 1802
3181 4 0 1814 15 1553 974
3182 4 0 989 967 1553 1814
3183 4 0 989 969 1553 967
3184 4 0 821 969 1553 435
3185 4 0 14 821 1553 435
3186 4 0 14 2269 1553 821
3187 4 0 435 2269 1553 14
3188 4 0 1947 989 1553 2269
3189 4 0 1947 2269 1553 435
3190 4 0 969 15 1553 1814
3191 4 0 969 1802 1553 15
3192 4 0 1814 984 1553 969
3193 4 0 967 984 1553 1814
3194 4 0 967 969 1553 984
3195 4 0 1947 435 1553 969
3196 4 0 1947 969 1553 989
3197 4 0 2044 16 2328 380
3198 4 0 2044 436 2328 16
3199 4 0 380 436 2328 2044
3200 4 0 951 2046 229 2053
3201 4 0 1943 2046 312 307
3202 4 0 320 2171 1943 933
3203 4 0 988 1810 320 1980
3204 4 0 1545 986 959 1554
3205 4 0 2268 1980 320 1810
3206 4 0 2268 1810 320 2444
3207 4 0 911 992 315 941
3208 4 0 317 941 315 992
3209 4 0 317 992 315 298
3210 4 0 298 992 315 2268
3211 4 0 1808 1805 312 958
3212 4 0 298 8 315 2444
3213 4 0 2268 8 315 298
3214 4 0 2268 8 2471 315
3215 4 0 2268 2444 2471 8
3216 4 0 234 706 717 680
3217 4 0 992 756 2013 2305
3218 4 0 2029 1982 284 818
3219 4 0 1513 1512 1517 228
3220 4 0 961 2013 933 2171
3221 4 0 942 2305 1948 320
3222 4 0 2305 911 942 941
3223 4 0 382 1331 1318 1869
3224 4 0 229 961 2013 2053
3225 4 0 2053 961 1943 229
3226 4 0 2305 229 1948 2013
3227 4 0 320 988 2305 756
3228 4 0 756 988 2305 2268
3229 4 0 320 2471 1948 942
3230 4 0 320 1980 2305 988
3231 4 0 988 1980 2305 2268
3232 4 0 320 2268 2305 1980
3233 4 0 2471 2268 2305 320
3234 4 0 2305 2268 942 992
3235 4 0 315 992 942 2268
3236 4 0 2305 320 942 2471
3237 4 0 2305 2471 942 2268
3238 4 0 315 2268 942 2471
3239 4 0 823 1421 1543 818
3240 4 0 1808 986 1554 1618
3241 4 0 256 2483 1338 1319
3242 4 0 320 2471 2171 1948
3243 4 0 2013 756 1948 2305
3244 4 0 713 739 717 2259
3245 4 0 460 740 2387 227
3246 4 0 234 1508 2402 748
3247 4 0 2190 2192 417 1252
3248 4 0 1810 947 933 1809
3249 4 0 785 1922 2161 2026
3250 4 0 951 2046 312 1808
3251 4 0 857 909 1797 344
3252 4 0 229 2013 2171 1948
3253 4 0 24 1777 448 1546
3254 4 0 307 958 312 1805
3255 4 0 229 961 2171 2013
3256 4 0 933 2124 1943 307
3257 4 0 2171 961 1943 933
3258 4 0 933 1809 1943 2124
3259 4 0 1775 297 301 799
3260 4 0 2124 2046 1943 307
3261 4 0 229 961 1943 2171
3262 4 0 928 1601 1554 2271
3263 4 0 450 449 24 1981
3264 4 0 957 928 1554 2271
3265 4 0 382 1707 1347 2482
3266 4 0 739 706 717 234
3267 4 0 986 2046 950 1808
3268 4 0 1949 1808 950 951
3269 4 0 1945 986 950 1618
3270 4 0 1543 1421 284 818
3271 4 0 1541 818 815 811
3272 4 0 284 2029 1871 816
3273 4 0 776 815 811 1541
3274 4 0 1343 382 202 288
3275 4 0 1767 1559 2499 2026
3276 4 0 2207 1540 769 814
3277 4 0 1776 452 1418 1983
3278 4 0 1766 1540 2113 1558
3279 4 0 1764 2078 772 29
3280 4 0 818 776 811 788
3281 4 0 1549 799 2166 767
3282 4 0 767 812 2166 1549
3283 4 0 774 1766 1556 1475
3284 4 0 1535 444 1773 22
3285 4 0 626 1742 2006 628
3286 4 0 1981 448 2299 1416
3287 4 0 815 301 826 1541
3288 4 0 2141 450 1871 816
3289 4 0 1168 1673 1971 1965
3290 4 0 1554 312 1808 1618
3291 4 0 785 1559 2325 1924
3292 4 0 2030 2404 2351 1777
3293 4 0 1168 1693 1971 1673
3294 4 0 1016 1022 83 87
3295 4 0 802 1559 1767 1922
3296 4 0 782 2285 816 283
3297 4 0 451 823 1543 1418
3298 4 0 2026 1922 1767 1559
3299 4 0 299 783 292 764
3300 4 0 811 815 1775 1418
3301 4 0 815 776 1775 767
3302 4 0 1418 826 1775 1543
3303 4 0 818 776 1543 811
3304 4 0 2351 2030 1924 2404
3305 4 0 1981 2030 2299 448
3306 4 0 779 671 289 2361
3307 4 0 1618 952 1941 1554
3308 4 0 1532 1614 1945 915
3309 4 0 2351 2404 1922 2027
3310 4 0 818 823 1982 824
3311 4 0 2030 1777 2112 2161
3312 4 0 2308 944 1945 1532
3313 4 0 447 1415 1765 446
3314 4 0 1924 1559 1922 785
3315 4 0 1922 1559 2026 785
3316 4 0 203 139 1429 636
3317 4 0 771 825 2285 305
3318 4 0 1871 794 24 816
3319 4 0 783 672 292 801
3320 4 0 250 1238 1214 264
3321 4 0 2030 1777 2161 2404
3322 4 0 764 783 292 779
3323 4 0 2482 1336 300 1338
3324 4 0 2308 1532 1945 915
3325 4 0 807 2109 175 1537
3326 4 0 1415 1416 446 1417
3327 4 0 777 1559 2499 2325
3328 4 0 794 2285 1982 1777
3329 4 0 801 814 769 1552
3330 4 0 777 1767 2499 806
3331 4 0 2325 1559 1767 802
3332 4 0 248 230 231 698
3333 4 0 2207 777 285 1540
3334 4 0 1769 671 764 2361
3335 4 0 774 806 2113 1475
3336 4 0 1736 171 204 609
3337 4 0 1556 292 294 672
3338 4 0 1808 1618 950 986
3339 4 0 957 7 1945 1614
3340 4 0 1918 1539 1535 444
3341 4 0 1475 806 2113 1540
3342 4 0 915 1614 1945 7
3343 4 0 802 1767 777 806
3344 4 0 802 2325 777 1767
3345 4 0 806 777 1475 2499
3346 4 0 22 800 1535 769
3347 4 0 1419 1421 2374 1872
3348 4 0 818 2404 2285 305
3349 4 0 825 818 2285 305
3350 4 0 305 2404 2285 1777
3351 4 0 22 445 2473 779
3352 4 0 2029 2141 1871 816
3353 4 0 783 2361 764 671
3354 4 0 1764 1983 772 2078
3355 4 0 801 1552 769 22
3356 4 0 2271 986 1945 1618
3357 4 0 2299 1981 25 2112
3358 4 0 796 777 285 2207
3359 4 0 1540 806 2207 777
3360 4 0 1223 1202 1226 233
3361 4 0 1769 443 2028 2106
3362 4 0 2161 1777 2285 2404
3363 4 0 1687 2227 2229 2072
3364 4 0 27 815 1420 824
3365 4 0 783 671 764 299
3366 4 0 777 806 796 802
3367 4 0 2207 806 796 777
3368 4 0 450 2141 24 449
3369 4 0 1673 1148 1682 1693
3370 4 0 2396 2452 1382 1357
3371 4 0 2470 1152 1851 1674
3372 4 0 2026 785 285 2161
3373 4 0 209 200 1339 1372
3374 4 0 608 67 178 481
3375 4 0 777 2325 285 1559
3376 4 0 2161 777 285 2499
3377 4 0 2499 2026 285 2161
3378 4 0 1559 785 285 2026
3379 4 0 2499 1559 285 2026
3380 4 0 777 1559 285 2499
3381 4 0 2473 800 292 764
3382 4 0 2473 445 764 2361
3383 4 0 1543 826 1775 822
3384 4 0 1421 451 284 2029
3385 4 0 1983 772 1420 27
3386 4 0 1872 1421 2374 451
3387 4 0 823 811 1418 27
3388 4 0 27 1983 1418 452
3389 4 0 824 811 1418 815
3390 4 0 312 952 1618 1554
3391 4 0 824 1764 772 823
3392 4 0 823 824 1420 772
3393 4 0 2263 825 766 771
3394 4 0 794 2285 782 283
3395 4 0 1546 2030 448 816
3396 4 0 2029 1421 1419 1982
3397 4 0 818 815 1982 2285
3398 4 0 824 815 1982 818
3399 4 0 823 1421 1982 283
3400 4 0 818 1421 1982 823
3401 4 0 2029 451 1419 1421
3402 4 0 1982 1421 1419 283
3403 4 0 450 794 1871 816
3404 4 0 1543 776 766 2263
3405 4 0 285 1777 2112 794
3406 4 0 824 815 772 1764
3407 4 0 1776 819 772 1541
3408 4 0 2282 2071 1149 1145
3409 4 0 772 1541 826 775
3410 4 0 1541 301 826 822
3411 4 0 815 819 772 1764
3412 4 0 1541 819 772 815
3413 4 0 1418 772 826 1776
3414 4 0 1541 775 772 1776
3415 4 0 815 772 1418 27
3416 4 0 782 283 1419 1421
3417 4 0 27 1421 1420 451
3418 4 0 823 27 1418 451
3419 4 0 2166 799 1775 767
3420 4 0 2285 818 766 1982
3421 4 0 818 811 1543 823
3422 4 0 826 451 284 1543
3423 4 0 2285 825 766 818
3424 4 0 27 451 1420 1872
3425 4 0 27 823 1420 1421
3426 4 0 1421 772 823 1420
3427 4 0 823 811 27 824
3428 4 0 1543 811 1775 1418
3429 4 0 1419 1421 450 782
3430 4 0 782 283 816 1419
3431 4 0 2263 788 766 2166
3432 4 0 766 1982 284 2285
3433 4 0 27 811 1418 824
3434 4 0 826 451 1543 1418
3435 4 0 451 1421 1543 823
3436 4 0 2029 451 2374 1419
3437 4 0 782 2141 816 450
3438 4 0 1871 450 24 794
3439 4 0 1546 816 448 24
3440 4 0 301 822 1775 826
3441 4 0 1419 283 816 2285
3442 4 0 1982 818 2029 1421
3443 4 0 1543 822 1775 301
3444 4 0 1419 2029 816 2141
3445 4 0 796 814 2438 2207
3446 4 0 1540 1475 769 814
3447 4 0 450 2285 816 782
3448 4 0 785 1559 1416 2325
3449 4 0 815 301 1775 826
3450 4 0 2263 776 766 788
3451 4 0 816 2285 284 1419
3452 4 0 2030 771 1546 2351
3453 4 0 2141 782 816 1419
3454 4 0 2285 771 766 825
3455 4 0 766 818 284 1982
3456 4 0 2166 788 766 825
3457 4 0 2166 825 766 2263
3458 4 0 766 2285 284 816
3459 4 0 1419 2029 284 816
3460 4 0 771 2027 1546 2351
3461 4 0 2438 1765 1539 1918
3462 4 0 1981 2112 1926 25
3463 4 0 1546 766 284 816
3464 4 0 2029 818 284 1421
3465 4 0 1982 2029 284 1419
3466 4 0 1419 2285 284 1982
3467 4 0 305 2027 1546 771
3468 4 0 2285 1777 1546 305
3469 4 0 794 1777 1546 2285
3470 4 0 2351 2404 1546 1777
3471 4 0 2027 2404 1546 2351
3472 4 0 2404 2027 1546 305
3473 4 0 305 1777 1546 2404
3474 4 0 766 2285 816 771
3475 4 0 766 771 816 1546
3476 4 0 305 2285 816 1546
3477 4 0 305 771 816 2285
3478 4 0 1546 771 816 305
3479 4 0 816 1871 448 24
3480 4 0 794 1777 816 1546
3481 4 0 1981 794 2112 1777
3482 4 0 1179 414 1673 1164
3483 4 0 672 800 292 801
3484 4 0 446 1417 447 1415
3485 4 0 285 1559 1416 785
3486 4 0 1700 2395 1692 1144
3487 4 0 794 1777 24 816
3488 4 0 785 1924 2299 1922
3489 4 0 447 1415 23 1765
3490 4 0 816 1777 24 1546
3491 4 0 24 449 448 1981
3492 4 0 2351 2030 448 1546
3493 4 0 2351 1777 448 2030
3494 4 0 1546 1777 448 2351
3495 4 0 24 794 448 1777
3496 4 0 1981 794 448 24
3497 4 0 1981 1777 448 794
3498 4 0 448 1417 1416 1981
3499 4 0 1919 770 2262 793
3500 4 0 23 1981 25 1417
3501 4 0 816 2030 2299 1546
3502 4 0 1981 2030 2112 2299
3503 4 0 2030 2161 2112 2299
3504 4 0 2412 1151 1181 1161
3505 4 0 785 1922 2299 2161
3506 4 0 417 2138 280 1853
3507 4 0 1416 285 1415 2325
3508 4 0 777 802 1415 2325
3509 4 0 796 802 1415 777
3510 4 0 285 777 1415 2325
3511 4 0 796 777 1415 285
3512 4 0 1380 1387 290 1381
3513 4 0 283 794 2112 782
3514 4 0 1981 450 1926 794
3515 4 0 2299 2161 2112 785
3516 4 0 285 785 2112 2161
3517 4 0 448 1777 2112 2030
3518 4 0 1981 1777 2112 448
3519 4 0 448 2030 2112 1981
3520 4 0 1413 2105 1414 20
3521 4 0 1765 446 1539 447
3522 4 0 25 450 1926 1981
3523 4 0 1981 794 1926 2112
3524 4 0 2438 1552 1918 814
3525 4 0 2299 1416 25 1981
3526 4 0 2112 285 25 785
3527 4 0 1416 785 25 285
3528 4 0 2299 785 25 1416
3529 4 0 2112 785 25 2299
3530 4 0 810 2261 281 763
3531 4 0 1179 1852 1182 413
3532 4 0 1416 1417 23 25
3533 4 0 25 285 23 1416
3534 4 0 1415 1417 23 1416
3535 4 0 1415 1416 23 285
3536 4 0 1415 285 23 796
3537 4 0 2112 796 23 285
3538 4 0 1926 796 23 2112
3539 4 0 2112 25 23 1926
3540 4 0 2112 285 23 25
3541 4 0 1540 2207 2113 1558
3542 4 0 2361 445 764 1769
3543 4 0 1533 1547 808 786
3544 4 0 2208 299 292 764
3545 4 0 2438 814 1539 2207
3546 4 0 1918 814 1539 2438
3547 4 0 2111 786 1413 827
3548 4 0 1949 951 950 1945
3549 4 0 1925 289 1533 195
3550 4 0 1559 2325 1558 802
3551 4 0 648 562 1728 1458
3552 4 0 2473 779 292 801
3553 4 0 779 2361 764 783
3554 4 0 1071 1824 89 2216
3555 4 0 2261 163 793 281
3556 4 0 1763 176 808 809
3557 4 0 1534 1923 1413 2106
3558 4 0 764 671 289 1538
3559 4 0 22 1552 1535 444
3560 4 0 1767 802 2113 806
3561 4 0 2432 413 1162 1964
3562 4 0 1688 1195 280 417
3563 4 0 570 145 1462 2003
3564 4 0 292 672 1556 800
3565 4 0 444 2107 22 1552
3566 4 0 1925 20 1533 803
3567 4 0 2308 915 1945 917
3568 4 0 2107 1918 444 1539
3569 4 0 2107 1552 444 1918
3570 4 0 764 779 292 2361
3571 4 0 2189 1164 2229 1693
3572 4 0 1526 704 40 1520
3573 4 0 197 2006 1742 674
3574 4 0 445 2107 22 444
3575 4 0 445 1552 22 2107
3576 4 0 445 1552 779 22
3577 4 0 299 783 294 292
3578 4 0 7 917 1945 915
3579 4 0 2251 179 480 1483
3580 4 0 1356 1331 1340 1353
3581 4 0 801 671 672 769
3582 4 0 779 1552 801 22
3583 4 0 201 2366 2447 197
3584 4 0 1736 204 2447 2343
3585 4 0 764 2361 292 2473
3586 4 0 2473 2361 292 779
3587 4 0 2016 1711 40 2014
3588 4 0 1511 2016 40 1527
3589 4 0 265 944 959 1945
3590 4 0 1558 806 2113 802
3591 4 0 1377 1387 1390 1401
3592 4 0 1769 2028 2473 22
3593 4 0 801 800 2473 22
3594 4 0 1558 802 2113 1766
3595 4 0 1377 1387 282 303
3596 4 0 2341 644 634 1747
3597 4 0 957 1614 1945 944
3598 4 0 1766 800 1556 1535
3599 4 0 1356 1360 1370 1369
3600 4 0 292 783 294 672
3601 4 0 1835 1014 1015 149
3602 4 0 769 1552 1535 22
3603 4 0 1475 1540 2113 1766
3604 4 0 769 1475 1535 814
3605 4 0 444 1552 1535 1918
3606 4 0 769 814 1535 1552
3607 4 0 1918 1552 1535 814
3608 4 0 1398 1402 1383 1397
3609 4 0 308 2435 300 1336
3610 4 0 1808 1805 950 1618
3611 4 0 951 2046 950 229
3612 4 0 1554 957 959 928
3613 4 0 425 928 959 957
3614 4 0 1508 739 713 1506
3615 4 0 1388 1708 290 1400
3616 4 0 1533 195 808 1547
3617 4 0 1899 1494 2292 2002
3618 4 0 165 605 166 2008
3619 4 0 2106 443 2208 1769
3620 4 0 1475 814 1766 1535
3621 4 0 1475 1540 1766 814
3622 4 0 1540 2207 1766 814
3623 4 0 1558 2207 1766 1540
3624 4 0 1535 1539 1766 1558
3625 4 0 1539 2207 1766 1558
3626 4 0 1539 814 1766 2207
3627 4 0 1535 814 1766 1918
3628 4 0 1539 1918 1766 814
3629 4 0 1535 1918 1766 1539
3630 4 0 783 801 292 779
3631 4 0 1558 2207 2113 806
3632 4 0 774 1475 2113 1766
3633 4 0 672 1475 774 769
3634 4 0 1381 1388 290 1400
3635 4 0 1365 1362 1375 1355
3636 4 0 1377 1708 282 1387
3637 4 0 769 800 1556 672
3638 4 0 769 1475 1556 1535
3639 4 0 774 1475 1556 769
3640 4 0 1415 2325 1773 785
3641 4 0 1539 1415 1773 444
3642 4 0 802 2325 1773 1415
3643 4 0 1766 774 294 2113
3644 4 0 1556 774 294 1766
3645 4 0 290 1380 282 1387
3646 4 0 769 774 294 1556
3647 4 0 769 672 294 774
3648 4 0 1556 672 294 769
3649 4 0 1539 1535 1773 1558
3650 4 0 1539 444 1773 1535
3651 4 0 1415 796 1773 802
3652 4 0 1765 1415 1773 1539
3653 4 0 1558 802 1773 806
3654 4 0 796 806 1773 802
3655 4 0 1765 796 1773 1415
3656 4 0 1558 2207 1773 1539
3657 4 0 2207 806 1773 796
3658 4 0 1558 806 1773 2207
3659 4 0 2207 796 1773 1765
3660 4 0 1539 2207 1773 2438
3661 4 0 1765 2438 1773 2207
3662 4 0 1539 2438 1773 1765
3663 4 0 2271 1618 1945 1805
3664 4 0 957 917 1945 7
3665 4 0 1805 917 1945 957
3666 4 0 2271 944 1945 986
3667 4 0 957 944 1945 2271
3668 4 0 1805 957 1945 2271
3669 4 0 1945 1618 950 1805
3670 4 0 958 1808 950 1949
3671 4 0 958 1805 950 1808
3672 4 0 1945 2308 950 1949
3673 4 0 917 1805 950 958
3674 4 0 1945 1805 950 917
3675 4 0 1945 917 950 2308
3676 4 0 1949 2308 950 958
3677 4 0 917 958 950 2308
3678 4 0 1389 1384 186 199
3679 4 0 740 217 227 1913
3680 4 0 1380 1381 290 1400
3681 4 0 193 1355 1359 2235
3682 4 0 1338 1319 300 256
3683 4 0 382 1869 1390 1707
3684 4 0 1401 290 1708 1387
3685 4 0 1377 1387 1401 1708
3686 4 0 653 1737 623 1890
3687 4 0 625 674 623 1737
3688 4 0 1910 2201 1904 689
3689 4 0 1391 282 208 1400
3690 4 0 282 1377 293 1401
3691 4 0 1313 2483 1279 375
3692 4 0 1207 359 366 1238
3693 4 0 1284 1304 187 1298
3694 4 0 288 1402 1383 1398
3695 4 0 1994 130 2415 549
3696 4 0 375 1331 1318 382
3697 4 0 1291 185 1313 1279
3698 4 0 2482 1338 300 303
3699 4 0 1380 1387 1377 303
3700 4 0 1370 1369 1393 1365
3701 4 0 2332 1034 1631 999
3702 4 0 1377 1707 293 1401
3703 4 0 303 1380 300 1371
3704 4 0 596 482 1899 2099
3705 4 0 186 1377 1374 293
3706 4 0 207 675 1345 1868
3707 4 0 1355 1362 1375 2235
3708 4 0 597 599 627 1501
3709 4 0 1248 257 1255 1219
3710 4 0 282 1377 1401 1708
3711 4 0 290 1387 282 1708
3712 4 0 2363 2319 592 1704
3713 4 0 1707 2482 1377 1347
3714 4 0 1278 1330 1262 187
3715 4 0 1090 1319 1262 1330
3716 4 0 1377 1707 1374 293
3717 4 0 1358 303 1334 187
3718 4 0 1381 2435 1400 1371
3719 4 0 1400 1388 2435 1381
3720 4 0 1400 1396 2435 1388
3721 4 0 1343 1364 1374 1707
3722 4 0 1395 1392 1383 1869
3723 4 0 206 1312 1374 1347
3724 4 0 186 210 1374 1377
3725 4 0 817 1406 827 1923
3726 4 0 2499 774 1475 806
3727 4 0 1298 1347 1284 2483
3728 4 0 199 1384 1391 1389
3729 4 0 303 1387 282 1380
3730 4 0 1316 2076 1283 1865
3731 4 0 1390 382 318 1869
3732 4 0 1402 1401 293 1707
3733 4 0 1390 1707 318 382
3734 4 0 1401 1707 1402 1390
3735 4 0 161 640 668 170
3736 4 0 704 1508 713 1520
3737 4 0 1784 1576 892 904
3738 4 0 830 828 1566 120
3739 4 0 1508 739 1506 459
3740 4 0 1379 1346 2234 1360
3741 4 0 2018 1913 1753 217
3742 4 0 1978 1379 2234 1369
3743 4 0 1379 1362 2234 1346
3744 4 0 1978 2235 2234 1379
3745 4 0 1333 1346 2234 1362
3746 4 0 1379 2235 2234 1362
3747 4 0 1403 1402 293 199
3748 4 0 1512 1508 713 704
3749 4 0 266 1341 259 1344
3750 4 0 1402 1401 288 293
3751 4 0 1978 1369 1370 1360
3752 4 0 1362 1332 1333 1342
3753 4 0 367 1131 2062 1119
3754 4 0 1361 382 202 1343
3755 4 0 1865 1332 1275 232
3756 4 0 2018 251 1908 1913
3757 4 0 1313 182 1706 185
3758 4 0 1370 1393 1395 1392
3759 4 0 2076 2317 1306 1287
3760 4 0 675 1976 1345 1346
3761 4 0 316 1393 1395 1978
3762 4 0 1869 1390 1392 318
3763 4 0 288 1869 202 1392
3764 4 0 1822 998 1639 1821
3765 4 0 1379 1369 1978 1360
3766 4 0 829 840 1794 123
3767 4 0 1379 1360 1978 1356
3768 4 0 1978 1360 1370 1356
3769 4 0 288 1392 1395 318
3770 4 0 1254 253 368 1292
3771 4 0 2143 1733 1495 1482
3772 4 0 2244 2094 2005 1472
3773 4 0 2466 633 1495 1497
3774 4 0 2365 179 2153 2292
3775 4 0 1402 1390 288 1401
3776 4 0 382 1707 288 1364
3777 4 0 318 1707 288 382
3778 4 0 1390 1707 288 318
3779 4 0 1402 1707 288 1390
3780 4 0 1258 1248 1255 908
3781 4 0 1504 1867 1977 1341
3782 4 0 1392 318 288 1869
3783 4 0 318 382 288 1869
3784 4 0 1370 212 1395 1978
3785 4 0 1376 1370 1395 1392
3786 4 0 1376 212 1395 1370
3787 4 0 2483 1313 1279 1291
3788 4 0 1869 1376 1395 1392
3789 4 0 1342 1362 259 193
3790 4 0 1355 1344 259 1359
3791 4 0 1867 1341 259 266
3792 4 0 1355 2235 193 1362
3793 4 0 64 165 666 605
3794 4 0 1254 1292 368 271
3795 4 0 1932 341 895 323
3796 4 0 234 739 713 2259
3797 4 0 1090 1237 1250 1245
3798 4 0 193 1346 205 1342
3799 4 0 1295 207 675 1976
3800 4 0 187 1298 659 303
3801 4 0 1520 2023 40 1526
3802 4 0 398 187 1262 256
3803 4 0 1342 1362 193 1346
3804 4 0 1379 1346 193 1362
3805 4 0 1375 2235 1359 1355
3806 4 0 375 1312 1313 1347
3807 4 0 43 463 755 2348
3808 4 0 680 706 717 461
3809 4 0 1865 1282 1283 237
3810 4 0 1333 1332 232 2317
3811 4 0 890 888 892 2476
3812 4 0 1359 1344 259 1341
3813 4 0 1359 1341 259 1977
3814 4 0 193 1355 259 1359
3815 4 0 193 1362 259 1355
3816 4 0 1977 1342 259 193
3817 4 0 1977 193 259 1359
3818 4 0 1504 1332 259 1342
3819 4 0 1977 1504 259 1342
3820 4 0 1977 1341 259 1504
3821 4 0 368 362 1260 1254
3822 4 0 1378 1869 1383 1361
3823 4 0 1375 2235 2234 1978
3824 4 0 1393 1369 2234 1365
3825 4 0 1978 1369 2234 1393
3826 4 0 1375 1978 2234 1393
3827 4 0 1393 1365 2234 1375
3828 4 0 1287 2317 1293 1276
3829 4 0 1865 232 1275 1283
3830 4 0 232 1273 1204 1282
3831 4 0 384 1817 2175 2219
3832 4 0 1270 1331 1326 1318
3833 4 0 1231 1226 1219 1214
3834 4 0 1136 1655 30 32
3835 4 0 1908 1914 1753 1913
3836 4 0 262 1265 2284 1226
3837 4 0 1340 1314 2469 1352
3838 4 0 1340 1352 2469 1333
3839 4 0 729 2019 218 2479
3840 4 0 686 2347 2024 2205
3841 4 0 2023 1711 692 2154
3842 4 0 1867 1332 1316 266
3843 4 0 2018 251 710 1908
3844 4 0 1885 1580 1206 2117
3845 4 0 1530 243 759 732
3846 4 0 2255 469 470 690
3847 4 0 2086 2389 2211 550
3848 4 0 1865 266 1316 1332
3849 4 0 463 2157 755 697
3850 4 0 1303 1331 1318 1302
3851 4 0 346 1934 868 1794
3852 4 0 2469 1340 1288 1302
3853 4 0 1340 1331 1288 1302
3854 4 0 1201 1238 1223 1202
3855 4 0 1576 903 323 904
3856 4 0 893 830 1566 865
3857 4 0 2388 2295 231 715
3858 4 0 252 238 253 1273
3859 4 0 227 680 2295 2388
3860 4 0 44 722 2195 734
3861 4 0 467 1915 744 721
3862 4 0 2389 361 352 1930
3863 4 0 1913 748 713 234
3864 4 0 223 720 700 2467
3865 4 0 260 2104 241 60
3866 4 0 1011 1056 2184 1825
3867 4 0 2415 1725 867 550
3868 4 0 242 1273 232 1300
3869 4 0 242 2469 232 1273
3870 4 0 1300 2469 232 242
3871 4 0 893 865 1566 2037
3872 4 0 2476 343 902 904
3873 4 0 232 1204 1275 1283
3874 4 0 2358 998 1822 1821
3875 4 0 2076 1332 1275 1865
3876 4 0 2076 1867 1306 1308
3877 4 0 1282 237 1865 232
3878 4 0 2462 346 2209 2443
3879 4 0 1741 2143 1497 2466
3880 4 0 1201 233 1223 1234
3881 4 0 257 263 2284 1242
3882 4 0 2130 1086 2182 402
3883 4 0 1316 1865 1283 237
3884 4 0 227 1913 2295 740
3885 4 0 270 1591 836 2168
3886 4 0 698 230 2347 686
3887 4 0 1282 232 1283 1204
3888 4 0 1865 232 1283 1282
3889 4 0 2202 697 2158 2372
3890 4 0 2076 1865 1275 1283
3891 4 0 2154 2017 692 2023
3892 4 0 903 2033 323 871
3893 4 0 2462 871 1932 2443
3894 4 0 1303 1292 1264 1318
3895 4 0 1238 1243 250 1290
3896 4 0 1287 2317 1276 1275
3897 4 0 303 1380 1334 300
3898 4 0 2202 2372 2157 2387
3899 4 0 877 1938 868 883
3900 4 0 1316 1867 1308 1332
3901 4 0 2076 1867 1308 1316
3902 4 0 1316 1332 1308 2076
3903 4 0 259 1504 1308 1332
3904 4 0 1867 1504 1308 259
3905 4 0 259 1332 1308 1867
3906 4 0 1265 1243 250 1238
3907 4 0 232 1332 1275 2317
3908 4 0 1299 250 257 1290
3909 4 0 2076 2317 1275 1332
3910 4 0 1287 2317 1275 2076
3911 4 0 2063 367 2062 339
3912 4 0 687 1917 735 1911
3913 4 0 1238 1290 250 256
3914 4 0 250 1290 1299 256
3915 4 0 241 2104 2012 220
3916 4 0 1290 1243 250 2423
3917 4 0 2232 1292 368 253
3918 4 0 271 362 368 1254
3919 4 0 1235 271 1254 362
3920 4 0 1295 1285 1293 1276
3921 4 0 1255 1248 1279 2483
3922 4 0 185 1270 403 182
3923 4 0 1347 2483 375 1338
3924 4 0 256 359 250 1238
3925 4 0 1222 1265 1219 1226
3926 4 0 1011 1056 1989 2217
3927 4 0 1205 1207 366 1198
3928 4 0 1276 2317 1864 1275
3929 4 0 43 2348 755 2103
3930 4 0 2201 2425 689 723
3931 4 0 1976 675 1345 207
3932 4 0 382 1707 375 1347
3933 4 0 1972 1585 1785 857
3934 4 0 1288 1292 1303 1331
3935 4 0 744 1915 727 721
3936 4 0 1331 1302 1303 1288
3937 4 0 253 1276 1864 2232
3938 4 0 263 1265 1264 257
3939 4 0 1038 2419 402 1087
3940 4 0 1277 1264 1257 263
3941 4 0 1529 1428 744 467
3942 4 0 260 2104 2012 241
3943 4 0 1291 1312 1313 1298
3944 4 0 1303 257 1264 1292
3945 4 0 1318 257 1264 1303
3946 4 0 2401 2205 1521 2024
3947 4 0 242 238 1277 1288
3948 4 0 2443 892 2033 261
3949 4 0 1276 1288 1864 2469
3950 4 0 271 253 1254 1257
3951 4 0 263 1246 262 1242
3952 4 0 1917 468 735 2022
3953 4 0 1407 723 240 466
3954 4 0 1277 253 1257 1292
3955 4 0 1277 1292 1257 1264
3956 4 0 1228 359 908 256
3957 4 0 264 1202 1214 1226
3958 4 0 1067 1643 1950 559
3959 4 0 1222 263 1219 1265
3960 4 0 2014 745 40 2016
3961 4 0 2205 2257 2401 1522
3962 4 0 2295 1913 1908 740
3963 4 0 2388 746 2202 41
3964 4 0 745 702 40 1507
3965 4 0 1527 745 40 1526
3966 4 0 2023 2154 40 1711
3967 4 0 1453 882 844 856
3968 4 0 1513 736 1517 459
3969 4 0 1581 1780 33 852
3970 4 0 2256 725 1520 2258
3971 4 0 461 706 717 739
3972 4 0 680 459 1517 736
3973 4 0 740 748 2387 217
3974 4 0 2014 2154 40 745
3975 4 0 42 43 1760 2103
3976 4 0 2023 1711 40 1526
3977 4 0 1512 1508 1513 459
3978 4 0 1517 459 713 1512
3979 4 0 1526 1711 40 2016
3980 4 0 1526 2016 40 1511
3981 4 0 1520 702 40 2023
3982 4 0 704 459 1513 1508
3983 4 0 1527 2016 40 745
3984 4 0 704 725 1520 736
3985 4 0 2256 704 1513 1512
3986 4 0 1583 889 2502 2352
3987 4 0 680 2259 251 228
3988 4 0 2256 1512 1526 704
3989 4 0 2256 2258 1526 1514
3990 4 0 1520 2258 1526 2256
3991 4 0 1520 2023 1526 725
3992 4 0 460 461 2387 740
3993 4 0 1511 1514 1526 2016
3994 4 0 1527 1514 1526 1511
3995 4 0 1520 725 1526 2258
3996 4 0 1514 2258 1526 725
3997 4 0 2023 1711 1526 725
3998 4 0 1514 725 1526 1711
3999 4 0 1514 1711 1526 2016
4000 4 0 251 2259 1908 228
4001 4 0 2018 2388 698 2158
4002 4 0 2388 41 227 746
4003 4 0 1519 689 2386 759
4004 4 0 1913 748 217 1508
4005 4 0 2388 697 2158 2202
4006 4 0 2024 2347 2401 2205
4007 4 0 887 889 2502 2264
4008 4 0 461 680 740 717
4009 4 0 248 686 698 710
4010 4 0 459 739 713 1508
4011 4 0 234 2259 713 251
4012 4 0 706 739 461 1506
4013 4 0 234 1506 2402 1508
4014 4 0 462 1425 43 463
4015 4 0 2202 2372 2158 2157
4016 4 0 1751 215 1750 701
4017 4 0 896 2168 119 835
4018 4 0 1517 459 717 713
4019 4 0 1506 739 234 706
4020 4 0 251 680 234 2259
4021 4 0 234 706 692 1506
4022 4 0 2402 2023 692 2017
4023 4 0 2295 697 715 2388
4024 4 0 2114 333 332 325
4025 4 0 692 704 738 1520
4026 4 0 1664 1135 1106 50
4027 4 0 1579 864 355 2034
4028 4 0 704 1508 2402 459
4029 4 0 1520 1508 2402 704
4030 4 0 458 459 738 678
4031 4 0 234 680 717 2259
4032 4 0 234 2259 717 739
4033 4 0 228 680 717 1517
4034 4 0 228 2259 717 680
4035 4 0 1517 2259 717 228
4036 4 0 245 48 759 246
4037 4 0 1570 833 2405 2210
4038 4 0 678 692 738 1711
4039 4 0 2023 1711 738 692
4040 4 0 1107 1654 2498 1109
4041 4 0 2260 2460 240 1407
4042 4 0 1520 2023 692 2402
4043 4 0 2023 725 738 1711
4044 4 0 2402 704 692 1520
4045 4 0 740 746 227 41
4046 4 0 41 1525 2387 2202
4047 4 0 1520 2023 738 692
4048 4 0 1106 338 1668 1842
4049 4 0 740 680 2295 227
4050 4 0 1914 1913 2295 217
4051 4 0 740 41 227 460
4052 4 0 459 1508 458 1506
4053 4 0 1517 680 2295 1914
4054 4 0 217 1913 740 748
4055 4 0 234 1913 740 251
4056 4 0 234 251 740 680
4057 4 0 678 2402 738 704
4058 4 0 2348 697 755 230
4059 4 0 463 46 1425 2157
4060 4 0 230 715 2160 2348
4061 4 0 234 748 740 1913
4062 4 0 461 706 740 680
4063 4 0 234 680 740 706
4064 4 0 706 748 740 234
4065 4 0 461 748 740 706
4066 4 0 680 228 1914 1517
4067 4 0 2020 688 1750 701
4068 4 0 326 1563 356 1788
4069 4 0 740 251 1908 680
4070 4 0 2034 1583 73 859
4071 4 0 1754 715 2195 697
4072 4 0 1753 2295 231 2388
4073 4 0 1908 1913 1753 2018
4074 4 0 459 704 738 2402
4075 4 0 1961 456 2280 1655
4076 4 0 1751 701 1750 688
4077 4 0 1914 680 1908 228
4078 4 0 251 228 1908 680
4079 4 0 2295 680 1908 1914
4080 4 0 732 243 759 1519
4081 4 0 2157 2372 2158 697
4082 4 0 859 2303 73 2034
4083 4 0 2478 2260 240 466
4084 4 0 715 697 2348 230
4085 4 0 1519 734 2024 2347
4086 4 0 715 230 755 697
4087 4 0 740 680 1908 2295
4088 4 0 72 2036 2405 2210
4089 4 0 91 407 2223 1129
4090 4 0 2103 2157 755 43
4091 4 0 744 48 727 1529
4092 4 0 462 1760 42 43
4093 4 0 2372 46 463 2157
4094 4 0 2157 697 463 2372
4095 4 0 227 746 463 2388
4096 4 0 1751 2015 1750 213
4097 4 0 459 725 738 736
4098 4 0 462 463 43 42
4099 4 0 463 2348 43 42
4100 4 0 2103 2348 755 1905
4101 4 0 1506 739 458 459
4102 4 0 678 704 738 692
4103 4 0 2158 1525 2018 2388
4104 4 0 2280 1105 2221 30
4105 4 0 240 2206 255 1407
4106 4 0 2202 2157 1905 2103
4107 4 0 1760 42 1905 2257
4108 4 0 2103 42 1905 1760
4109 4 0 1760 2257 1905 2103
4110 4 0 43 42 1905 2103
4111 4 0 727 245 2195 734
4112 4 0 755 248 2158 1522
4113 4 0 2202 1525 2158 2388
4114 4 0 755 1525 2158 2202
4115 4 0 248 697 755 2157
4116 4 0 463 697 755 2348
4117 4 0 876 2265 503 2145
4118 4 0 2157 2103 755 1905
4119 4 0 43 2157 755 463
4120 4 0 686 230 755 248
4121 4 0 755 2157 2158 248
4122 4 0 2240 356 535 830
4123 4 0 1407 2478 255 240
4124 4 0 910 2128 2274 1630
4125 4 0 2018 2158 710 248
4126 4 0 248 230 698 686
4127 4 0 1905 1525 755 2202
4128 4 0 2022 468 735 223
4129 4 0 710 2388 698 2018
4130 4 0 248 686 1522 755
4131 4 0 255 2386 1516 1904
4132 4 0 2169 1934 870 2326
4133 4 0 755 1905 1522 2257
4134 4 0 228 2259 1908 1512
4135 4 0 1753 2018 710 1908
4136 4 0 2018 2158 698 710
4137 4 0 2388 227 2018 2295
4138 4 0 710 2158 698 248
4139 4 0 228 1914 1753 1908
4140 4 0 217 1913 1753 1914
4141 4 0 2387 1525 2018 217
4142 4 0 227 217 2018 2295
4143 4 0 2387 217 2018 227
4144 4 0 2387 41 2018 1525
4145 4 0 2388 1525 2018 41
4146 4 0 2387 227 2018 41
4147 4 0 2388 41 2018 227
4148 4 0 2295 217 1753 1914
4149 4 0 2018 217 1753 2295
4150 4 0 2018 2295 1753 2388
4151 4 0 2388 2018 710 1753
4152 4 0 715 2295 231 1914
4153 4 0 248 715 231 230
4154 4 0 1753 1914 231 2295
4155 4 0 698 2158 231 248
4156 4 0 715 697 231 2388
4157 4 0 698 710 231 2388
4158 4 0 1753 710 231 698
4159 4 0 1753 2388 231 710
4160 4 0 248 697 231 715
4161 4 0 2158 697 231 248
4162 4 0 2158 2388 231 697
4163 4 0 698 2388 231 2158
4164 4 0 1111 1661 2380 1838
4165 4 0 30 1136 2221 1655
4166 4 0 688 1901 1750 691
4167 4 0 215 688 1750 2020
4168 4 0 1099 1135 1664 1101
4169 4 0 1649 1100 34 2060
4170 4 0 1506 2402 678 692
4171 4 0 458 459 678 2402
4172 4 0 1939 858 884 1928
4173 4 0 458 2402 678 1506
4174 4 0 1118 45 1656 1131
4175 4 0 859 1789 73 2303
4176 4 0 704 736 738 725
4177 4 0 2402 704 678 692
4178 4 0 1751 1901 1750 2015
4179 4 0 1520 704 738 725
4180 4 0 1907 2015 1750 1901
4181 4 0 2022 254 2159 2104
4182 4 0 1428 722 727 1915
4183 4 0 469 468 2467 757
4184 4 0 405 2276 1656 45
4185 4 0 338 1135 1106 1664
4186 4 0 473 247 749 1757
4187 4 0 1791 887 1931 2264
4188 4 0 688 691 1750 1751
4189 4 0 405 45 1656 1651
4190 4 0 2266 1405 2302 833
4191 4 0 44 47 1985 464
4192 4 0 1751 2101 1750 215
4193 4 0 2276 404 45 1651
4194 4 0 692 1711 678 2154
4195 4 0 832 486 71 2302
4196 4 0 1792 487 1791 887
4197 4 0 1119 1957 1103 1650
4198 4 0 2224 336 1123 1659
4199 4 0 72 36 2405 2036
4200 4 0 2116 2352 70 889
4201 4 0 1427 467 466 690
4202 4 0 1791 2264 1931 1792
4203 4 0 1405 833 832 333
4204 4 0 1130 1842 2062 2063
4205 4 0 760 749 472 56
4206 4 0 1650 367 1123 336
4207 4 0 405 336 1656 2276
4208 4 0 2022 468 2159 1917
4209 4 0 267 59 966 476
4210 4 0 50 1099 1106 1664
4211 4 0 338 1664 1106 1099
4212 4 0 367 339 1123 2224
4213 4 0 367 1659 1123 336
4214 4 0 1581 489 73 1560
4215 4 0 1123 2276 1656 336
4216 4 0 1957 1651 405 1118
4217 4 0 404 336 405 2276
4218 4 0 1659 339 367 2224
4219 4 0 690 2296 2255 721
4220 4 0 1911 235 685 1904
4221 4 0 1651 45 1656 1118
4222 4 0 367 336 1650 1659
4223 4 0 1567 2304 838 869
4224 4 0 2224 1659 1123 367
4225 4 0 70 487 72 36
4226 4 0 1093 32 1140 2065
4227 4 0 1123 336 1656 1131
4228 4 0 2231 1224 1223 1220
4229 4 0 1118 1131 1656 405
4230 4 0 1131 367 1656 1123
4231 4 0 1931 1571 33 1560
4232 4 0 1118 1131 1957 367
4233 4 0 1123 1131 1957 336
4234 4 0 1123 336 1957 1650
4235 4 0 1123 1650 1957 367
4236 4 0 1123 367 1957 1131
4237 4 0 1131 336 405 1118
4238 4 0 1651 2276 405 45
4239 4 0 845 1937 879 331
4240 4 0 2294 2100 474 57
4241 4 0 2100 2467 2398 2370
4242 4 0 477 60 2294 2100
4243 4 0 477 478 2294 60
4244 4 0 260 60 475 2104
4245 4 0 2060 58 34 1649
4246 4 0 2398 2467 700 2255
4247 4 0 2467 1756 223 720
4248 4 0 1842 338 1130 1106
4249 4 0 220 2159 731 254
4250 4 0 49 51 469 468
4251 4 0 2255 2467 700 720
4252 4 0 49 468 469 757
4253 4 0 474 2467 2100 2370
4254 4 0 2294 57 474 473
4255 4 0 690 2102 466 470
4256 4 0 471 57 2294 473
4257 4 0 216 1757 749 61
4258 4 0 1904 1530 1516 255
4259 4 0 2255 2296 470 2102
4260 4 0 757 1756 2467 1917
4261 4 0 757 468 2467 1756
4262 4 0 1838 360 2489 2064
4263 4 0 216 2294 475 60
4264 4 0 1018 2055 2379 2219
4265 4 0 2100 2370 2398 684
4266 4 0 2370 258 2398 684
4267 4 0 247 703 1757 473
4268 4 0 247 703 749 1757
4269 4 0 258 247 1916 2021
4270 4 0 2413 473 247 474
4271 4 0 2255 2370 2398 2467
4272 4 0 727 245 759 744
4273 4 0 709 243 1530 732
4274 4 0 1916 761 700 2398
4275 4 0 2294 2370 258 474
4276 4 0 2022 468 223 2398
4277 4 0 1916 2021 61 2370
4278 4 0 2061 32 2065 1105
4279 4 0 677 683 1220 1509
4280 4 0 2413 703 247 473
4281 4 0 60 51 2398 2100
4282 4 0 2255 2296 700 2398
4283 4 0 1757 703 749 719
4284 4 0 2104 51 2398 60
4285 4 0 223 1916 700 720
4286 4 0 220 693 260 2012
4287 4 0 473 474 749 247
4288 4 0 2398 684 700 1916
4289 4 0 250 359 1214 1238
4290 4 0 464 1428 727 1529
4291 4 0 467 1915 1427 1428
4292 4 0 342 1242 2284 1235
4293 4 0 2386 709 243 1516
4294 4 0 2460 48 712 246
4295 4 0 1650 50 1103 1659
4296 4 0 246 709 732 243
4297 4 0 1130 50 1103 1106
4298 4 0 719 703 749 2323
4299 4 0 726 2104 2159 468
4300 4 0 348 257 2284 1242
4301 4 0 1099 1101 338 1135
4302 4 0 1904 1910 685 2362
4303 4 0 1207 1202 1214 1238
4304 4 0 1220 1234 233 2231
4305 4 0 223 761 700 1916
4306 4 0 2255 720 700 2296
4307 4 0 684 703 1916 247
4308 4 0 2102 49 470 757
4309 4 0 2102 2296 470 690
4310 4 0 2467 720 2255 1756
4311 4 0 1917 1756 2255 720
4312 4 0 2467 1756 2255 1917
4313 4 0 1938 2169 2209 883
4314 4 0 2362 1756 2201 687
4315 4 0 2398 51 223 2467
4316 4 0 2398 468 223 51
4317 4 0 2467 468 223 1756
4318 4 0 51 468 223 2467
4319 4 0 254 2022 726 2104
4320 4 0 2323 247 749 2021
4321 4 0 223 1756 726 761
4322 4 0 2022 1756 726 223
4323 4 0 233 1202 1198 1201
4324 4 0 260 743 762 216
4325 4 0 2398 2022 726 223
4326 4 0 223 761 726 2398
4327 4 0 60 2104 726 2398
4328 4 0 1139 1101 272 1958
4329 4 0 2398 468 726 2022
4330 4 0 1916 684 726 761
4331 4 0 2100 684 726 1916
4332 4 0 2100 60 726 2398
4333 4 0 726 761 749 61
4334 4 0 2398 51 726 468
4335 4 0 2104 51 726 2398
4336 4 0 2104 468 726 51
4337 4 0 684 2100 726 2398
4338 4 0 2398 761 726 684
4339 4 0 726 468 2159 2022
4340 4 0 2079 1652 2498 1107
4341 4 0 712 734 245 722
4342 4 0 240 2478 255 2206
4343 4 0 503 2225 1143 1125
4344 4 0 1428 1915 727 744
4345 4 0 846 858 875 845
4346 4 0 2022 2104 2159 726
4347 4 0 1238 359 1214 1207
4348 4 0 247 474 749 258
4349 4 0 690 2478 466 2102
4350 4 0 2102 2467 470 2255
4351 4 0 2425 2296 2102 690
4352 4 0 2255 720 2102 1917
4353 4 0 2081 1529 2260 467
4354 4 0 466 690 2142 1427
4355 4 0 2467 1917 2102 757
4356 4 0 2255 1917 2102 2467
4357 4 0 2255 2296 2102 720
4358 4 0 2362 2206 2102 2478
4359 4 0 2362 1756 2102 720
4360 4 0 1917 1756 2102 2362
4361 4 0 1917 720 2102 1756
4362 4 0 1428 2081 1427 467
4363 4 0 1529 1428 467 2081
4364 4 0 1115 274 2065 1093
4365 4 0 709 1519 246 236
4366 4 0 467 2081 2142 2260
4367 4 0 2063 1135 1130 338
4368 4 0 1591 896 327 2168
4369 4 0 1427 467 2142 466
4370 4 0 1985 47 465 2080
4371 4 0 1904 2206 255 2386
4372 4 0 1958 1105 1115 1139
4373 4 0 2065 32 1141 1105
4374 4 0 1522 2257 2401 755
4375 4 0 2460 467 744 732
4376 4 0 367 1131 1119 1118
4377 4 0 2062 50 1103 2063
4378 4 0 2103 2257 747 1760
4379 4 0 1664 1099 338 1135
4380 4 0 732 255 1407 1530
4381 4 0 1650 1659 1103 1119
4382 4 0 2061 1115 2065 1093
4383 4 0 2224 339 2063 50
4384 4 0 2224 1135 2063 339
4385 4 0 1664 2224 2063 50
4386 4 0 1664 1135 2063 2224
4387 4 0 50 1135 2063 1664
4388 4 0 1106 1099 1668 338
4389 4 0 2460 48 744 1529
4390 4 0 1842 2063 1668 2062
4391 4 0 1560 488 1931 1571
4392 4 0 2347 734 759 1519
4393 4 0 2062 1842 1103 1119
4394 4 0 1957 1650 1119 367
4395 4 0 1105 1956 1958 1099
4396 4 0 1134 1136 1141 1101
4397 4 0 35 1573 119 532
4398 4 0 245 246 759 1519
4399 4 0 272 1101 1124 1668
4400 4 0 1099 2061 1958 1105
4401 4 0 1958 1134 1124 1101
4402 4 0 1105 1956 1141 1124
4403 4 0 367 1659 2062 339
4404 4 0 269 1586 1783 1566
4405 4 0 1650 1659 1119 367
4406 4 0 1099 1101 1668 338
4407 4 0 744 2460 759 48
4408 4 0 727 48 759 245
4409 4 0 1579 532 1591 74
4410 4 0 2224 339 2062 1659
4411 4 0 1130 2063 1103 50
4412 4 0 2062 2063 1103 1130
4413 4 0 2224 1659 1103 50
4414 4 0 2062 1659 1103 2224
4415 4 0 2062 2224 1103 339
4416 4 0 50 339 1103 2224
4417 4 0 2062 339 1103 50
4418 4 0 1124 1101 1141 338
4419 4 0 1124 1956 1141 1134
4420 4 0 1130 1106 1668 1842
4421 4 0 846 1786 1455 1928
4422 4 0 2410 2441 1010 2178
4423 4 0 1099 1134 1958 1101
4424 4 0 1956 1134 1958 1099
4425 4 0 1093 32 2061 30
4426 4 0 1093 272 1958 1115
4427 4 0 33 852 837 1581
4428 4 0 1105 32 1141 1136
4429 4 0 355 842 1986 74
4430 4 0 2065 1115 1141 1124
4431 4 0 2115 1564 838 2037
4432 4 0 893 1586 269 1566
4433 4 0 2060 1100 34 1108
4434 4 0 1840 456 1142 351
4435 4 0 1841 273 1652 268
4436 4 0 1666 58 1107 1652
4437 4 0 1099 1101 272 1668
4438 4 0 1958 1101 272 1099
4439 4 0 1958 1099 272 1106
4440 4 0 1958 1106 272 1130
4441 4 0 1668 1106 272 1099
4442 4 0 1130 1106 272 1668
4443 4 0 856 349 882 329
4444 4 0 854 856 869 1567
4445 4 0 878 329 1938 882
4446 4 0 552 395 1826 134
4447 4 0 1932 840 895 1794
4448 4 0 841 2035 849 1779
4449 4 0 1093 30 1140 32
4450 4 0 2280 30 1140 1093
4451 4 0 2280 32 1140 30
4452 4 0 1783 1586 1561 872
4453 4 0 2061 2280 1840 1093
4454 4 0 1958 1956 1124 1134
4455 4 0 840 1993 537 538
4456 4 0 1105 1958 1124 1139
4457 4 0 1105 1956 1124 1958
4458 4 0 1105 1134 1141 1956
4459 4 0 1105 1136 1141 1655
4460 4 0 1134 1655 1141 1136
4461 4 0 1105 1655 1141 1134
4462 4 0 1124 1139 1141 1105
4463 4 0 1115 1139 1141 1124
4464 4 0 1115 1105 1141 1139
4465 4 0 2061 1115 1141 2065
4466 4 0 2061 1105 1141 1115
4467 4 0 2065 1105 1141 2061
4468 4 0 1108 1115 1093 750
4469 4 0 2159 2022 731 254
4470 4 0 247 258 749 2021
4471 4 0 273 1108 34 58
4472 4 0 1663 58 2079 2060
4473 4 0 2035 1928 840 841
4474 4 0 58 1108 34 1100
4475 4 0 61 474 749 2294
4476 4 0 1962 1108 1142 2060
4477 4 0 249 2169 2430 2209
4478 4 0 1572 340 269 1586
4479 4 0 687 254 731 2022
4480 4 0 1840 2280 1654 456
4481 4 0 1840 1108 1654 34
4482 4 0 361 1793 2353 891
4483 4 0 352 891 2376 361
4484 4 0 2380 1838 1841 457
4485 4 0 875 846 884 858
4486 4 0 1885 1994 352 2389
4487 4 0 2442 1844 91 1094
4488 4 0 729 1528 1515 1224
4489 4 0 123 840 538 1993
4490 4 0 537 1993 2458 875
4491 4 0 2458 883 2354 853
4492 4 0 1916 761 61 2021
4493 4 0 576 1634 1009 1641
4494 4 0 61 761 749 2021
4495 4 0 1263 499 2321 500
4496 4 0 2139 2019 724 218
4497 4 0 2436 343 1933 899
4498 4 0 1786 858 1928 846
4499 4 0 726 2104 241 220
4500 4 0 875 840 2354 2035
4501 4 0 1928 840 1993 858
4502 4 0 1102 457 1841 1838
4503 4 0 2035 858 875 840
4504 4 0 2035 1779 2354 875
4505 4 0 2280 274 1840 1093
4506 4 0 349 1934 862 1453
4507 4 0 1934 878 851 1577
4508 4 0 2380 1666 1841 273
4509 4 0 337 1652 2498 2079
4510 4 0 1453 1577 536 1787
4511 4 0 232 1204 1864 1275
4512 4 0 1140 274 1840 2280
4513 4 0 1881 839 1569 2487
4514 4 0 1044 1639 2418 1638
4515 4 0 1587 843 836 270
4516 4 0 841 2035 829 840
4517 4 0 1794 840 895 537
4518 4 0 841 1779 829 2035
4519 4 0 1779 853 2443 2035
4520 4 0 844 329 2304 856
4521 4 0 841 878 877 849
4522 4 0 883 853 2443 1779
4523 4 0 1928 858 884 846
4524 4 0 578 152 1888 1465
4525 4 0 1285 1331 403 1270
4526 4 0 1938 1779 2354 883
4527 4 0 2035 853 2354 1779
4528 4 0 1061 2331 1028 1632
4529 4 0 856 349 1453 882
4530 4 0 1028 1061 994 1829
4531 4 0 1038 2127 347 1953
4532 4 0 349 2169 878 329
4533 4 0 349 329 878 882
4534 4 0 882 1577 878 349
4535 4 0 878 882 1938 849
4536 4 0 386 1830 1061 2331
4537 4 0 2476 1784 892 904
4538 4 0 1407 466 240 2260
4539 4 0 1563 843 836 1587
4540 4 0 1231 1222 2284 342
4541 4 0 829 2035 1794 840
4542 4 0 1881 2487 1569 1590
4543 4 0 856 349 844 1453
4544 4 0 877 841 883 829
4545 4 0 1938 1779 883 849
4546 4 0 1938 849 883 877
4547 4 0 849 841 883 877
4548 4 0 849 1779 883 841
4549 4 0 1779 2035 1794 829
4550 4 0 858 1928 537 1993
4551 4 0 2231 677 2139 1220
4552 4 0 846 875 884 2458
4553 4 0 875 858 884 1939
4554 4 0 1993 840 875 858
4555 4 0 2133 2225 2064 1143
4556 4 0 1143 360 2064 2265
4557 4 0 1108 1093 1840 750
4558 4 0 2443 871 249 1568
4559 4 0 1993 858 875 537
4560 4 0 1121 1111 1107 1652
4561 4 0 70 487 486 72
4562 4 0 120 533 535 534
4563 4 0 2436 343 899 2476
4564 4 0 884 1928 890 1939
4565 4 0 1275 2317 1864 232
4566 4 0 1993 875 2354 2458
4567 4 0 1993 840 2354 875
4568 4 0 537 853 2354 840
4569 4 0 2458 853 2354 537
4570 4 0 537 1993 2354 2458
4571 4 0 537 840 2354 1993
4572 4 0 2104 254 220 726
4573 4 0 870 2326 868 855
4574 4 0 127 2167 542 353
4575 4 0 2413 1862 1761 695
4576 4 0 1238 1202 1214 264
4577 4 0 268 750 1108 1100
4578 4 0 2186 1669 1197 2237
4579 4 0 875 858 1939 1928
4580 4 0 870 1934 868 2326
4581 4 0 1257 253 1254 1292
4582 4 0 2280 1110 1654 1961
4583 4 0 254 2022 241 726
4584 4 0 1128 1129 91 1098
4585 4 0 331 846 888 884
4586 4 0 1200 2043 2376 897
4587 4 0 2085 540 1724 125
4588 4 0 540 890 1724 125
4589 4 0 2043 1588 1200 1589
4590 4 0 845 846 888 331
4591 4 0 1786 846 888 845
4592 4 0 845 331 888 1786
4593 4 0 892 1939 261 890
4594 4 0 2159 762 2104 260
4595 4 0 2104 2159 260 220
4596 4 0 903 1784 904 1576
4597 4 0 903 2033 871 1784
4598 4 0 546 353 542 2167
4599 4 0 56 749 472 2294
4600 4 0 218 728 724 2139
4601 4 0 999 1640 1042 574
4602 4 0 2043 353 2376 909
4603 4 0 1515 729 218 2479
4604 4 0 1582 350 354 1196
4605 4 0 268 2275 1841 273
4606 4 0 475 216 762 2294
4607 4 0 1129 1844 91 2442
4608 4 0 241 2022 216 726
4609 4 0 1794 1934 868 851
4610 4 0 2436 904 900 1576
4611 4 0 156 1735 1748 620
4612 4 0 2436 1576 900 341
4613 4 0 44 722 747 47
4614 4 0 898 856 854 1567
4615 4 0 831 72 71 486
4616 4 0 724 730 2293 2337
4617 4 0 1515 754 56 760
4618 4 0 271 1292 2459 1257
4619 4 0 220 254 2012 241
4620 4 0 883 346 2209 855
4621 4 0 683 719 1220 1509
4622 4 0 726 761 61 1916
4623 4 0 677 1862 1220 683
4624 4 0 1220 1234 2231 677
4625 4 0 1234 677 1220 1509
4626 4 0 1861 2456 2293 695
4627 4 0 56 693 762 729
4628 4 0 693 743 762 260
4629 4 0 2222 2197 1658 1667
4630 4 0 56 743 762 693
4631 4 0 241 2104 216 60
4632 4 0 726 2104 216 241
4633 4 0 726 60 216 2104
4634 4 0 61 2021 749 258
4635 4 0 247 2323 749 703
4636 4 0 61 258 749 474
4637 4 0 260 743 216 241
4638 4 0 719 2323 749 683
4639 4 0 719 61 749 1757
4640 4 0 729 743 56 693
4641 4 0 1220 695 2293 728
4642 4 0 472 2294 471 52
4643 4 0 726 60 61 216
4644 4 0 726 2100 61 60
4645 4 0 2413 719 1220 683
4646 4 0 2413 683 1220 1862
4647 4 0 2294 2370 61 258
4648 4 0 2294 2100 61 2370
4649 4 0 60 2294 61 216
4650 4 0 60 2100 61 2294
4651 4 0 507 502 2145 1112
4652 4 0 1509 719 1220 1757
4653 4 0 2019 1528 2231 1224
4654 4 0 474 2294 61 258
4655 4 0 216 760 749 1757
4656 4 0 2294 2082 472 475
4657 4 0 724 728 1199 694
4658 4 0 61 2294 749 216
4659 4 0 2294 52 472 2082
4660 4 0 1757 754 471 53
4661 4 0 2463 2083 1091 1440
4662 4 0 1224 1220 2231 2019
4663 4 0 2220 2225 1121 1125
4664 4 0 742 677 1220 695
4665 4 0 677 2337 1220 695
4666 4 0 2019 2012 743 693
4667 4 0 471 2293 473 1761
4668 4 0 1321 76 1263 1431
4669 4 0 2423 677 2231 1234
4670 4 0 2479 728 694 2019
4671 4 0 2104 260 762 475
4672 4 0 1515 1528 2479 1224
4673 4 0 2353 1793 2038 2327
4674 4 0 1198 1585 2335 2231
4675 4 0 1231 1214 1219 1222
4676 4 0 56 2104 762 475
4677 4 0 1234 1243 2231 2423
4678 4 0 1589 1588 1200 2487
4679 4 0 2231 1220 2139 2019
4680 4 0 2338 1319 78 1250
4681 4 0 131 2415 2488 867
4682 4 0 2231 233 1198 1201
4683 4 0 542 127 909 1927
4684 4 0 2019 1528 729 693
4685 4 0 730 2456 2039 408
4686 4 0 540 1454 2491 2490
4687 4 0 2086 1937 874 547
4688 4 0 68 577 1008 392
4689 4 0 1091 95 1440 2278
4690 4 0 1585 873 880 1580
4691 4 0 1234 2231 1201 233
4692 4 0 1207 2231 1201 1234
4693 4 0 891 1590 1929 2167
4694 4 0 1231 1201 1202 1207
4695 4 0 905 1798 1697 906
4696 4 0 2139 677 2335 226
4697 4 0 1207 1585 1198 1930
4698 4 0 1205 359 366 1207
4699 4 0 353 2167 909 127
4700 4 0 547 874 2491 1881
4701 4 0 1259 2406 2039 1239
4702 4 0 1695 1117 1197 1132
4703 4 0 1127 2139 1196 1253
4704 4 0 1654 58 34 1109
4705 4 0 2082 478 475 2294
4706 4 0 1972 1785 1229 366
4707 4 0 880 873 350 1793
4708 4 0 1585 873 350 880
4709 4 0 1585 1793 350 873
4710 4 0 2335 2139 1196 1127
4711 4 0 2406 1259 2039 1310
4712 4 0 2335 1253 1196 2139
4713 4 0 1104 2277 1653 2422
4714 4 0 760 754 471 1757
4715 4 0 1860 2456 408 406
4716 4 0 874 2490 2491 1881
4717 4 0 56 754 471 760
4718 4 0 1198 2231 2335 2139
4719 4 0 1120 1094 2223 439
4720 4 0 1128 2066 91 1094
4721 4 0 588 587 1999 1467
4722 4 0 2337 2456 730 1861
4723 4 0 1885 2117 863 1580
4724 4 0 530 2185 1085 84
4725 4 0 1631 389 147 2409
4726 4 0 749 1757 471 473
4727 4 0 873 2327 2038 1793
4728 4 0 2083 2463 1091 1439
4729 4 0 1838 2064 1102 457
4730 4 0 729 1515 762 56
4731 4 0 472 754 471 56
4732 4 0 1212 1697 857 1585
4733 4 0 1590 1937 879 1929
4734 4 0 91 2186 1098 1129
4735 4 0 390 511 2383 1281
4736 4 0 847 879 1758 2327
4737 4 0 1590 2355 1881 2487
4738 4 0 1590 2355 879 1937
4739 4 0 694 695 1761 1862
4740 4 0 693 1528 729 743
4741 4 0 693 218 729 2019
4742 4 0 1224 743 729 1528
4743 4 0 760 743 729 1224
4744 4 0 474 2294 472 749
4745 4 0 2294 475 472 56
4746 4 0 695 2337 2293 1861
4747 4 0 847 891 2038 2353
4748 4 0 2337 1239 730 2456
4749 4 0 475 2294 762 56
4750 4 0 361 1793 2038 2353
4751 4 0 37 457 1841 1102
4752 4 0 1114 510 2278 1440
4753 4 0 749 2294 56 216
4754 4 0 216 760 56 749
4755 4 0 216 743 56 760
4756 4 0 1515 729 2479 1528
4757 4 0 2019 1528 2479 729
4758 4 0 53 473 471 1757
4759 4 0 474 2294 471 472
4760 4 0 730 1861 2293 2337
4761 4 0 1515 760 2479 754
4762 4 0 1224 760 2479 1515
4763 4 0 1757 754 2479 760
4764 4 0 2406 1215 2039 1239
4765 4 0 1220 760 2479 1224
4766 4 0 1757 760 2479 1220
4767 4 0 53 754 471 472
4768 4 0 408 1860 2293 2456
4769 4 0 2220 2422 1111 55
4770 4 0 847 1937 2211 879
4771 4 0 1793 2327 2353 880
4772 4 0 1929 2355 879 1590
4773 4 0 331 1929 2355 879
4774 4 0 1653 1125 1657 2422
4775 4 0 1669 2188 1695 1132
4776 4 0 2197 1126 2392 1658
4777 4 0 1667 2197 1658 1113
4778 4 0 876 1657 360 2489
4779 4 0 2489 1667 2392 1658
4780 4 0 1841 457 1652 1121
4781 4 0 2066 439 1122 2223
4782 4 0 17 1845 2391 1104
4783 4 0 1120 439 1122 17
4784 4 0 1658 1667 2392 2222
4785 4 0 1660 505 1959 1437
4786 4 0 546 2167 542 127
4787 4 0 1838 1653 1657 55
4788 4 0 33 1581 837 1560
4789 4 0 1649 58 268 2060
4790 4 0 842 532 1579 74
4791 4 0 2060 2079 1962 337
4792 4 0 1663 58 1652 2079
4793 4 0 2293 728 1199 724
4794 4 0 1127 406 2039 330
4795 4 0 2293 694 1199 728
4796 4 0 880 1580 2117 1930
4797 4 0 1259 730 1253 1239
4798 4 0 1875 1669 2186 2237
4799 4 0 408 2456 2039 406
4800 4 0 695 2456 2293 1860
4801 4 0 1238 359 366 256
4802 4 0 1259 1239 2039 730
4803 4 0 503 2265 1143 2145
4804 4 0 1862 742 694 695
4805 4 0 1929 2167 2211 847
4806 4 0 1128 1098 1114 1129
4807 4 0 1220 1862 1761 2413
4808 4 0 53 1220 1761 719
4809 4 0 2413 719 1761 1220
4810 4 0 53 719 1761 2413
4811 4 0 694 1220 1761 2479
4812 4 0 53 2479 1761 1220
4813 4 0 694 2479 1761 53
4814 4 0 694 1862 1761 742
4815 4 0 1220 742 1761 1862
4816 4 0 694 742 1761 1220
4817 4 0 730 2337 724 1253
4818 4 0 2139 1220 724 2019
4819 4 0 2019 1220 724 728
4820 4 0 2237 1132 1197 1117
4821 4 0 1582 1196 354 330
4822 4 0 226 1253 724 2337
4823 4 0 2139 1253 724 226
4824 4 0 677 1220 724 2139
4825 4 0 1117 1132 1695 1208
4826 4 0 2293 728 724 1220
4827 4 0 1875 1440 2278 510
4828 4 0 406 1239 2039 1215
4829 4 0 677 226 724 2337
4830 4 0 2139 226 724 677
4831 4 0 677 2337 724 1220
4832 4 0 2293 1220 724 2337
4833 4 0 2186 2187 54 1839
4834 4 0 1116 1959 505 2222
4835 4 0 2038 361 2389 873
4836 4 0 2196 279 1433 1366
4837 4 0 724 2139 1127 1253
4838 4 0 1196 880 1582 350
4839 4 0 2039 1574 354 2117
4840 4 0 1885 2117 1203 2283
4841 4 0 724 730 1127 1199
4842 4 0 724 1253 1127 730
4843 4 0 730 1239 2039 2456
4844 4 0 1838 58 2380 273
4845 4 0 1704 159 2446 2452
4846 4 0 730 1259 1253 1127
4847 4 0 273 2064 1102 1838
4848 4 0 1662 1116 2222 1959
4849 4 0 1127 730 2039 406
4850 4 0 2456 1239 2039 406
4851 4 0 880 350 2117 1582
4852 4 0 873 880 2117 1582
4853 4 0 873 1580 2117 880
4854 4 0 350 1585 2117 1930
4855 4 0 880 1585 2117 350
4856 4 0 880 1930 2117 1585
4857 4 0 2186 1839 1129 407
4858 4 0 95 1440 2278 1875
4859 4 0 508 1439 1662 1128
4860 4 0 1437 1959 1660 1874
4861 4 0 876 360 2392 2489
4862 4 0 2117 350 354 1582
4863 4 0 1987 1256 1244 2140
4864 4 0 545 2167 546 127
4865 4 0 1350 642 1447 1349
4866 4 0 1580 873 2389 361
4867 4 0 1137 2188 2186 1669
4868 4 0 2223 1094 91 2066
4869 4 0 1875 2411 2186 1669
4870 4 0 1875 1098 2186 2411
4871 4 0 1128 1091 1114 1662
4872 4 0 1137 2411 2186 1098
4873 4 0 1669 2411 2186 1137
4874 4 0 1091 1439 1662 508
4875 4 0 1128 1129 1114 1091
4876 4 0 1137 1839 1129 2186
4877 4 0 2186 1098 1129 1137
4878 4 0 1843 1098 1129 508
4879 4 0 508 2442 1129 1843
4880 4 0 2223 1874 91 1667
4881 4 0 1137 2442 1129 1839
4882 4 0 407 1839 1129 2442
4883 4 0 1843 2442 1129 1137
4884 4 0 2411 1843 1129 1137
4885 4 0 2411 1098 1129 1843
4886 4 0 1137 1098 1129 2411
4887 4 0 1696 1208 1197 1695
4888 4 0 1695 406 1197 1696
4889 4 0 1215 1696 1197 406
4890 4 0 1208 1696 1197 1215
4891 4 0 2237 1875 1197 2186
4892 4 0 2237 509 1197 1875
4893 4 0 1695 1132 1197 1669
4894 4 0 2237 1669 1197 1132
4895 4 0 1439 1095 1662 1128
4896 4 0 1580 1930 2389 1885
4897 4 0 1439 1095 1128 1844
4898 4 0 1885 1930 1206 1580
4899 4 0 91 1658 2223 1667
4900 4 0 1094 1095 1128 2066
4901 4 0 1874 2066 1128 1095
4902 4 0 1844 1095 1128 1094
4903 4 0 1129 508 1128 1844
4904 4 0 1439 1844 1128 508
4905 4 0 1128 1844 91 1129
4906 4 0 1874 2066 91 1128
4907 4 0 508 1440 1114 1091
4908 4 0 1128 1667 91 1874
4909 4 0 1198 1207 366 2231
4910 4 0 2186 1839 54 1137
4911 4 0 1116 1096 505 90
4912 4 0 1129 508 1091 1128
4913 4 0 1114 1098 2278 1875
4914 4 0 95 509 2278 1117
4915 4 0 473 2293 695 1761
4916 4 0 1137 2188 54 2186
4917 4 0 1092 1440 1114 508
4918 4 0 1129 508 1114 1091
4919 4 0 1129 1098 1114 508
4920 4 0 510 1098 1114 1875
4921 4 0 510 1440 1114 1092
4922 4 0 1843 1092 1114 508
4923 4 0 508 1098 1114 1843
4924 4 0 510 1092 1114 1843
4925 4 0 2411 510 1114 1843
4926 4 0 2411 1098 1114 510
4927 4 0 1843 1098 1114 2411
4928 4 0 1120 2442 54 1138
4929 4 0 505 90 507 1116
4930 4 0 1838 457 2380 1121
4931 4 0 17 439 2391 1845
4932 4 0 1653 1122 1658 2391
4933 4 0 1796 2487 1881 2490
4934 4 0 1662 2463 1660 1095
4935 4 0 2223 1667 1658 1122
4936 4 0 439 1113 1122 2391
4937 4 0 2066 1667 1122 1113
4938 4 0 2277 1845 1104 1665
4939 4 0 694 754 2479 53
4940 4 0 1138 2223 1122 1120
4941 4 0 1960 1657 360 876
4942 4 0 2489 876 1112 2392
4943 4 0 874 1937 1881 547
4944 4 0 2489 1658 2392 1126
4945 4 0 1665 1125 1653 2277
4946 4 0 1665 1960 1653 1125
4947 4 0 1665 2277 1653 1104
4948 4 0 1091 2463 1660 1662
4949 4 0 2197 1667 2222 1096
4950 4 0 1112 1126 507 502
4951 4 0 1960 876 503 2145
4952 4 0 505 506 507 90
4953 4 0 1845 1104 1658 2391
4954 4 0 1113 1845 1658 2391
4955 4 0 1113 2197 1658 1845
4956 4 0 876 502 2145 1960
4957 4 0 1653 1658 1657 2489
4958 4 0 2197 1126 1658 1665
4959 4 0 1665 1845 1658 2197
4960 4 0 1845 1665 1658 1104
4961 4 0 1126 502 2489 1665
4962 4 0 1658 1126 2489 1665
4963 4 0 1653 1960 1657 1125
4964 4 0 1658 1665 2489 1104
4965 4 0 1653 1104 2489 1665
4966 4 0 1658 1104 2489 1653
4967 4 0 876 1657 502 1960
4968 4 0 1665 1960 1657 1653
4969 4 0 1665 502 1657 1960
4970 4 0 2489 502 1657 1665
4971 4 0 2489 1665 1657 1653
4972 4 0 55 2220 1657 1125
4973 4 0 2422 2220 1657 55
4974 4 0 2422 1125 1657 2220
4975 4 0 1128 1959 1660 1662
4976 4 0 2185 1055 84 2311
4977 4 0 1662 1095 1660 1128
4978 4 0 2392 1658 1116 2197
4979 4 0 2222 1658 1116 2392
4980 4 0 2222 2197 1116 1658
4981 4 0 2197 1096 1116 90
4982 4 0 2222 1096 1116 2197
4983 4 0 1095 1874 1660 1128
4984 4 0 1128 1667 1660 1959
4985 4 0 1874 1667 1660 1128
4986 4 0 1874 1959 1660 1667
4987 4 0 90 1096 505 506
4988 4 0 2222 1096 505 1116
4989 4 0 2222 1959 505 1096
4990 4 0 1437 1096 505 1959
4991 4 0 1116 2392 507 1112
4992 4 0 2197 1126 507 2392
4993 4 0 2197 90 507 1126
4994 4 0 1116 90 507 2197
4995 4 0 1116 2197 507 2392
4996 4 0 2273 1632 1070 1028
4997 4 0 1143 2265 2064 2133
4998 4 0 891 361 550 2038
4999 4 0 847 2038 550 2211
5000 4 0 2415 133 131 1798
5001 4 0 58 1100 268 1108
5002 4 0 1014 392 1008 1026
5003 4 0 1012 1632 1070 2273
5004 4 0 1000 2409 400 1823
5005 4 0 1590 1937 1881 2355
5006 4 0 867 2415 2488 1725
5007 4 0 545 2211 2086 1929
5008 4 0 360 2265 1143 503
5009 4 0 503 1125 1143 360
5010 4 0 360 1125 1143 55
5011 4 0 2220 2225 1143 55
5012 4 0 2220 1125 1143 2225
5013 4 0 55 1125 1143 2220
5014 4 0 55 2225 1111 2220
5015 4 0 1107 1110 2498 1654
5016 4 0 325 70 71 831
5017 4 0 750 1140 351 274
5018 4 0 1666 273 1652 1841
5019 4 0 58 1109 1107 2079
5020 4 0 1121 1661 1111 1666
5021 4 0 2280 1109 1654 1110
5022 4 0 489 2264 859 1560
5023 4 0 1778 120 2240 533
5024 4 0 351 1100 1142 1108
5025 4 0 2064 2265 1102 2133
5026 4 0 750 274 1840 1140
5027 4 0 1652 1111 1107 1666
5028 4 0 2064 360 1102 2265
5029 4 0 1961 456 1654 2280
5030 4 0 617 2095 2249 2416
5031 4 0 2275 1102 1097 2133
5032 4 0 2060 1108 1142 1100
5033 4 0 337 1110 2498 1961
5034 4 0 750 1100 351 1108
5035 4 0 273 2064 268 1102
5036 4 0 2060 1097 268 1649
5037 4 0 58 1108 268 273
5038 4 0 835 2168 1587 896
5039 4 0 2275 1663 2060 1097
5040 4 0 2275 1649 1097 2060
5041 4 0 2035 878 841 849
5042 4 0 1663 1097 268 2060
5043 4 0 2060 58 268 1663
5044 4 0 1097 2275 268 273
5045 4 0 1663 2275 268 1097
5046 4 0 1111 1666 1652 1121
5047 4 0 1121 2225 1111 1838
5048 4 0 58 1100 34 1649
5049 4 0 1654 2061 2280 1840
5050 4 0 1111 1661 1107 1666
5051 4 0 351 1140 1840 456
5052 4 0 750 1140 1840 351
5053 4 0 2280 456 1840 1140
5054 4 0 1840 750 1654 1108
5055 4 0 351 750 1654 1840
5056 4 0 351 1108 1654 750
5057 4 0 34 58 2079 1109
5058 4 0 2060 58 2079 34
5059 4 0 1652 1121 2498 1107
5060 4 0 457 2225 1121 1838
5061 4 0 1121 1661 2380 1111
5062 4 0 1111 1838 2380 1121
5063 4 0 1841 1121 1652 1666
5064 4 0 1143 2225 37 2133
5065 4 0 1654 1961 1962 456
5066 4 0 340 1587 2457 1563
5067 4 0 1666 273 2380 58
5068 4 0 889 2116 831 2036
5069 4 0 2422 2220 1111 2277
5070 4 0 1838 2064 37 2225
5071 4 0 457 2064 37 1838
5072 4 0 1838 2225 37 457
5073 4 0 2064 457 37 1102
5074 4 0 1102 2133 37 2064
5075 4 0 1820 1831 1065 2126
5076 4 0 503 2225 37 1143
5077 4 0 1666 58 1652 273
5078 4 0 268 1663 1652 1841
5079 4 0 337 1121 2498 1652
5080 4 0 2264 889 1931 1792
5081 4 0 2079 1107 2498 337
5082 4 0 1121 1661 1841 2380
5083 4 0 1121 1666 1841 1661
5084 4 0 58 1663 1652 268
5085 4 0 268 273 1652 58
5086 4 0 351 456 1142 1140
5087 4 0 2060 1100 1142 1649
5088 4 0 2079 1109 337 34
5089 4 0 1107 1109 337 2079
5090 4 0 1581 1560 73 2264
5091 4 0 34 2060 337 2079
5092 4 0 2060 1649 1142 351
5093 4 0 1013 1086 2182 2130
5094 4 0 896 532 345 35
5095 4 0 337 1961 1962 1110
5096 4 0 1654 1110 1962 1961
5097 4 0 487 2116 889 36
5098 4 0 1792 887 1791 2264
5099 4 0 2498 1110 1962 1654
5100 4 0 337 1110 1962 2498
5101 4 0 2498 1654 1962 337
5102 4 0 1654 34 1962 337
5103 4 0 1654 1108 1962 34
5104 4 0 34 2060 1962 337
5105 4 0 34 1108 1962 2060
5106 4 0 456 32 1142 1140
5107 4 0 852 866 1780 1571
5108 4 0 1654 1108 1142 1962
5109 4 0 1654 351 1142 1108
5110 4 0 1840 351 1142 1654
5111 4 0 1654 456 1142 1840
5112 4 0 1962 456 1142 1654
5113 4 0 2266 885 333 2114
5114 4 0 889 487 70 2116
5115 4 0 487 36 70 2116
5116 4 0 70 36 831 2116
5117 4 0 355 864 35 1573
5118 4 0 2303 1986 1789 1780
5119 4 0 74 1579 270 1591
5120 4 0 488 2264 1931 887
5121 4 0 889 487 1792 887
5122 4 0 2036 1565 2210 72
5123 4 0 1573 532 35 355
5124 4 0 70 2352 2502 487
5125 4 0 889 2116 2036 36
5126 4 0 887 36 1791 866
5127 4 0 866 1571 1931 488
5128 4 0 2302 885 333 2266
5129 4 0 889 36 1792 487
5130 4 0 887 2264 1792 889
5131 4 0 489 1583 859 2264
5132 4 0 835 35 119 328
5133 4 0 345 35 327 896
5134 4 0 2330 2314 1070 994
5135 4 0 1571 866 1931 1791
5136 4 0 159 1704 592 2319
5137 4 0 842 74 355 532
5138 4 0 1790 1581 327 837
5139 4 0 488 887 1931 866
5140 4 0 1070 1061 1624 994
5141 4 0 889 2116 1583 2264
5142 4 0 2352 2116 1583 889
5143 4 0 36 487 72 887
5144 4 0 1583 2264 489 2502
5145 4 0 355 864 1573 1986
5146 4 0 1563 843 893 1572
5147 4 0 2266 833 2302 2405
5148 4 0 2356 1782 2266 1570
5149 4 0 70 2116 332 2352
5150 4 0 832 1565 71 486
5151 4 0 1792 36 2036 1791
5152 4 0 832 2302 71 333
5153 4 0 2114 1405 332 333
5154 4 0 1570 1782 1405 833
5155 4 0 333 833 832 2302
5156 4 0 2405 1570 2266 833
5157 4 0 1018 1818 2176 1004
5158 4 0 2356 1570 2266 2405
5159 4 0 334 1584 2114 885
5160 4 0 1405 1782 2114 1584
5161 4 0 833 1782 1405 1584
5162 4 0 832 325 332 333
5163 4 0 384 2219 2175 1078
5164 4 0 62 1630 2312 1954
5165 4 0 2302 2266 333 1405
5166 4 0 72 1565 486 831
5167 4 0 832 1405 332 2116
5168 4 0 833 2210 832 2302
5169 4 0 1405 1584 2114 1562
5170 4 0 35 532 345 864
5171 4 0 270 2168 836 1587
5172 4 0 1562 1584 2114 334
5173 4 0 2302 2405 486 2266
5174 4 0 325 2352 332 1583
5175 4 0 2266 885 2114 1782
5176 4 0 2266 1782 2114 1405
5177 4 0 1405 2266 333 2114
5178 4 0 833 2210 2302 2405
5179 4 0 831 889 832 2116
5180 4 0 1405 833 333 2302
5181 4 0 2210 2405 486 2302
5182 4 0 2210 72 486 2405
5183 4 0 2210 1565 486 72
5184 4 0 325 2352 71 70
5185 4 0 333 325 71 832
5186 4 0 70 2352 332 325
5187 4 0 1583 2352 332 2116
5188 4 0 1583 2116 332 2264
5189 4 0 486 70 71 2302
5190 4 0 833 1565 832 2210
5191 4 0 486 2210 832 1565
5192 4 0 2302 2210 832 486
5193 4 0 832 831 71 1565
5194 4 0 325 831 71 832
5195 4 0 486 1565 71 831
5196 4 0 832 333 332 1405
5197 4 0 832 2116 332 831
5198 4 0 832 831 332 325
5199 4 0 831 70 332 325
5200 4 0 831 2116 332 70
5201 4 0 328 896 119 835
5202 4 0 1632 2331 2274 122
5203 4 0 1986 355 2303 842
5204 4 0 2502 1583 859 489
5205 4 0 1591 835 2457 119
5206 4 0 531 119 2457 1788
5207 4 0 2034 355 859 2303
5208 4 0 852 1573 837 1790
5209 4 0 859 1583 73 2264
5210 4 0 862 861 894 1578
5211 4 0 2034 355 2303 1986
5212 4 0 1780 1789 1790 1581
5213 4 0 1587 843 2457 1563
5214 4 0 859 1560 73 489
5215 4 0 837 852 1795 1573
5216 4 0 2205 709 236 2024
5217 4 0 74 532 1986 355
5218 4 0 326 850 270 1788
5219 4 0 489 1789 73 859
5220 4 0 1986 842 2303 74
5221 4 0 1788 850 2457 531
5222 4 0 830 120 1566 865
5223 4 0 1931 837 1560 33
5224 4 0 1587 843 270 2457
5225 4 0 1587 835 2457 2168
5226 4 0 2057 1078 2175 2180
5227 4 0 223 468 735 1756
5228 4 0 2502 2264 489 488
5229 4 0 488 1571 1780 866
5230 4 0 1573 864 837 2034
5231 4 0 1779 883 1794 346
5232 4 0 1986 864 1573 2034
5233 4 0 342 348 1251 2459
5234 4 0 73 2034 1790 864
5235 4 0 1581 1789 73 489
5236 4 0 2502 2352 859 1583
5237 4 0 1571 1560 489 1780
5238 4 0 1571 488 489 1560
5239 4 0 1780 488 489 1571
5240 4 0 894 844 2326 349
5241 4 0 1788 850 270 2457
5242 4 0 1572 835 2457 340
5243 4 0 73 1789 1790 2303
5244 4 0 1581 1789 1790 73
5245 4 0 73 2303 1790 2034
5246 4 0 1780 1560 1581 1571
5247 4 0 1790 2034 837 864
5248 4 0 1578 1778 2115 120
5249 4 0 345 896 327 1591
5250 4 0 1573 2034 837 1790
5251 4 0 1519 709 246 243
5252 4 0 1780 1789 1581 489
5253 4 0 489 1560 1581 1780
5254 4 0 355 532 35 864
5255 4 0 1780 2303 1790 1789
5256 4 0 1986 2034 1790 2303
5257 4 0 1573 2034 1790 1986
5258 4 0 1591 2168 119 896
5259 4 0 852 1780 1790 1581
5260 4 0 1780 852 1790 1573
5261 4 0 1780 1573 1790 1986
5262 4 0 1780 1986 1790 2303
5263 4 0 837 328 31 33
5264 4 0 340 1587 836 269
5265 4 0 1571 1780 33 1581
5266 4 0 893 843 269 1572
5267 4 0 1571 852 33 1780
5268 4 0 1573 852 1795 35
5269 4 0 533 861 860 1778
5270 4 0 837 33 31 1795
5271 4 0 33 852 1795 837
5272 4 0 33 1571 1795 852
5273 4 0 994 2330 1624 1070
5274 4 0 1579 842 850 355
5275 4 0 1572 1586 269 828
5276 4 0 1591 1579 345 532
5277 4 0 2378 1066 2056 2055
5278 4 0 837 328 327 31
5279 4 0 896 35 327 328
5280 4 0 1591 1579 270 345
5281 4 0 1004 1032 1018 1818
5282 4 0 1200 353 2376 2043
5283 4 0 844 856 2326 349
5284 4 0 402 1019 2182 1626
5285 4 0 326 893 865 830
5286 4 0 1778 861 860 1578
5287 4 0 2128 2179 1954 910
5288 4 0 1521 2205 236 2024
5289 4 0 270 843 836 1591
5290 4 0 835 2168 119 1591
5291 4 0 345 896 119 532
5292 4 0 1591 532 119 74
5293 4 0 35 532 119 896
5294 4 0 355 864 345 532
5295 4 0 1579 864 345 355
5296 4 0 355 532 345 842
5297 4 0 1579 842 345 532
5298 4 0 355 842 345 1579
5299 4 0 837 864 327 1790
5300 4 0 345 1790 327 864
5301 4 0 1141 1140 32 2065
5302 4 0 828 120 2115 872
5303 4 0 121 1032 2378 1623
5304 4 0 2240 120 535 534
5305 4 0 120 533 534 2240
5306 4 0 345 864 327 35
5307 4 0 837 1573 327 864
5308 4 0 1795 1573 327 837
5309 4 0 35 864 327 1573
5310 4 0 35 1795 327 31
5311 4 0 35 1573 327 1795
5312 4 0 1591 896 119 345
5313 4 0 345 532 119 1591
5314 4 0 828 1572 2457 1563
5315 4 0 1788 843 270 326
5316 4 0 882 878 1787 1578
5317 4 0 862 1453 844 349
5318 4 0 872 120 1566 828
5319 4 0 246 2460 732 712
5320 4 0 1788 119 2457 1563
5321 4 0 1578 882 2115 1564
5322 4 0 1864 253 1260 252
5323 4 0 119 835 2457 35
5324 4 0 1587 2168 836 269
5325 4 0 882 1577 1787 878
5326 4 0 1831 1031 1037 121
5327 4 0 2458 537 1576 341
5328 4 0 2240 533 534 1778
5329 4 0 1566 843 836 893
5330 4 0 74 842 531 850
5331 4 0 894 862 1935 861
5332 4 0 1473 1485 594 1478
5333 4 0 1586 1564 2115 872
5334 4 0 121 1032 1037 1831
5335 4 0 862 1578 894 844
5336 4 0 531 850 848 1788
5337 4 0 1572 340 2457 1563
5338 4 0 340 835 2457 1587
5339 4 0 119 532 531 74
5340 4 0 883 1779 1794 841
5341 4 0 531 842 848 850
5342 4 0 1591 2168 2457 835
5343 4 0 531 850 2457 119
5344 4 0 1065 1830 2274 910
5345 4 0 537 538 1794 840
5346 4 0 1778 533 1935 865
5347 4 0 531 119 1788 532
5348 4 0 1578 1778 1787 860
5349 4 0 1070 1632 1624 1061
5350 4 0 910 1630 2274 1065
5351 4 0 842 850 356 848
5352 4 0 356 2240 893 830
5353 4 0 844 349 894 862
5354 4 0 1837 1012 1058 2273
5355 4 0 828 1586 1566 872
5356 4 0 1578 1778 1935 2115
5357 4 0 870 1938 868 1934
5358 4 0 878 1577 1934 349
5359 4 0 878 2169 1934 1938
5360 4 0 851 1934 868 877
5361 4 0 860 861 536 1453
5362 4 0 877 1577 851 878
5363 4 0 2462 871 1568 903
5364 4 0 323 2443 1932 871
5365 4 0 878 849 851 877
5366 4 0 1938 877 851 849
5367 4 0 1934 877 851 1938
5368 4 0 1938 878 851 1934
5369 4 0 1938 849 851 878
5370 4 0 1934 1453 536 851
5371 4 0 1934 1577 536 1453
5372 4 0 851 1577 536 1934
5373 4 0 1031 121 1623 1037
5374 4 0 326 843 893 1563
5375 4 0 1579 850 270 326
5376 4 0 848 850 326 1788
5377 4 0 1453 1787 862 882
5378 4 0 860 1787 862 1453
5379 4 0 1453 861 862 860
5380 4 0 535 533 1935 861
5381 4 0 326 356 893 830
5382 4 0 1578 882 862 1787
5383 4 0 860 1578 862 1787
5384 4 0 860 861 862 1578
5385 4 0 894 349 1935 862
5386 4 0 894 861 1935 1578
5387 4 0 1778 861 1935 533
5388 4 0 851 877 868 1794
5389 4 0 1788 848 356 326
5390 4 0 898 2169 2430 249
5391 4 0 1578 882 844 862
5392 4 0 1587 340 836 1563
5393 4 0 1572 340 836 269
5394 4 0 2304 329 869 856
5395 4 0 1567 2304 869 854
5396 4 0 2240 848 535 356
5397 4 0 1632 386 1624 1061
5398 4 0 535 861 1935 862
5399 4 0 326 1563 893 356
5400 4 0 2037 120 1566 872
5401 4 0 1566 893 836 269
5402 4 0 848 1788 356 2240
5403 4 0 894 844 854 2037
5404 4 0 329 856 844 882
5405 4 0 893 1586 1566 828
5406 4 0 865 535 1935 830
5407 4 0 830 120 535 2240
5408 4 0 1657 876 502 2489
5409 4 0 1788 828 120 1563
5410 4 0 1572 828 893 1563
5411 4 0 552 395 134 136
5412 4 0 2115 1778 865 120
5413 4 0 533 120 865 1778
5414 4 0 535 120 865 533
5415 4 0 830 120 865 535
5416 4 0 898 2326 2430 2169
5417 4 0 2115 1564 894 1578
5418 4 0 1639 1039 2449 2174
5419 4 0 245 1519 759 734
5420 4 0 44 734 747 722
5421 4 0 836 269 1783 1566
5422 4 0 894 2115 2037 1564
5423 4 0 1587 1586 269 340
5424 4 0 253 238 1864 1288
5425 4 0 2024 1519 243 709
5426 4 0 894 865 2037 1935
5427 4 0 1935 2115 2037 894
5428 4 0 1587 1561 269 1586
5429 4 0 893 828 269 1586
5430 4 0 1563 843 270 1788
5431 4 0 1935 1778 2037 2115
5432 4 0 865 1778 2037 1935
5433 4 0 865 2115 2037 1778
5434 4 0 2115 120 2037 872
5435 4 0 865 120 2037 2115
5436 4 0 2457 843 270 1563
5437 4 0 1563 1788 270 2457
5438 4 0 1572 828 269 893
5439 4 0 119 1591 270 2457
5440 4 0 2457 850 270 119
5441 4 0 119 850 270 74
5442 4 0 119 74 270 1591
5443 4 0 850 1579 270 842
5444 4 0 74 842 270 1579
5445 4 0 850 842 270 74
5446 4 0 2457 1591 270 2168
5447 4 0 2457 2168 270 1587
5448 4 0 269 843 836 1572
5449 4 0 1563 1572 836 843
5450 4 0 340 1572 836 1563
5451 4 0 2458 853 261 1939
5452 4 0 2326 1934 868 349
5453 4 0 2462 2443 1932 346
5454 4 0 349 856 2326 329
5455 4 0 329 2169 2326 349
5456 4 0 878 2169 2326 1934
5457 4 0 878 349 2326 2169
5458 4 0 1934 349 2326 878
5459 4 0 223 1756 2201 720
5460 4 0 1226 1231 1219 1222
5461 4 0 1407 2478 240 723
5462 4 0 2462 2443 2209 1568
5463 4 0 1934 2169 870 1938
5464 4 0 888 2476 125 540
5465 4 0 1265 250 1214 264
5466 4 0 2033 1784 261 892
5467 4 0 2346 732 759 744
5468 4 0 2476 904 902 1784
5469 4 0 2462 855 2209 346
5470 4 0 1783 872 1561 838
5471 4 0 883 829 346 877
5472 4 0 868 1938 2209 883
5473 4 0 223 1756 735 2022
5474 4 0 1010 2130 126 2129
5475 4 0 580 2364 581 1081
5476 4 0 2326 2169 898 870
5477 4 0 1057 2329 1021 2087
5478 4 0 249 870 898 2169
5479 4 0 2169 329 2430 2304
5480 4 0 858 874 1786 1928
5481 4 0 124 1827 1828 1062
5482 4 0 540 890 125 888
5483 4 0 870 856 898 2326
5484 4 0 552 395 394 1827
5485 4 0 1784 2458 261 892
5486 4 0 890 884 881 1928
5487 4 0 1590 2487 2476 2355
5488 4 0 902 343 1588 904
5489 4 0 1784 2033 261 1576
5490 4 0 1934 1938 868 877
5491 4 0 2443 853 2209 261
5492 4 0 838 869 1561 1567
5493 4 0 323 261 895 853
5494 4 0 888 2355 2476 2487
5495 4 0 2487 888 902 2476
5496 4 0 2458 1939 261 892
5497 4 0 1042 196 1631 2177
5498 4 0 871 2033 261 2443
5499 4 0 346 883 868 855
5500 4 0 839 901 1569 1589
5501 4 0 1276 1275 1864 2232
5502 4 0 135 136 1013 2178
5503 4 0 2419 1038 402 347
5504 4 0 331 888 902 2487
5505 4 0 1796 1933 839 1588
5506 4 0 2211 1937 2086 1929
5507 4 0 1087 1636 1837 2481
5508 4 0 883 2443 2209 346
5509 4 0 1576 1784 892 2458
5510 4 0 2487 2355 1881 331
5511 4 0 347 2127 402 126
5512 4 0 546 1937 547 1590
5513 4 0 545 2086 547 546
5514 4 0 1639 2241 1039 1633
5515 4 0 1010 2129 126 347
5516 4 0 1576 2458 261 1784
5517 4 0 712 722 245 2080
5518 4 0 1222 1231 2284 1226
5519 4 0 2033 341 261 1576
5520 4 0 2458 341 261 853
5521 4 0 1576 341 261 2458
5522 4 0 612 2385 1488 616
5523 4 0 2443 883 2209 853
5524 4 0 236 709 1530 246
5525 4 0 1590 547 1569 1881
5526 4 0 1779 883 346 2443
5527 4 0 366 2423 1229 1212
5528 4 0 364 2459 1269 1251
5529 4 0 323 871 2462 903
5530 4 0 2358 2420 1006 2059
5531 4 0 855 323 1932 2462
5532 4 0 323 871 1932 2462
5533 4 0 855 2462 2209 1568
5534 4 0 2462 346 1932 855
5535 4 0 1576 341 323 903
5536 4 0 903 341 323 2033
5537 4 0 261 2033 323 341
5538 4 0 871 2033 323 261
5539 4 0 2443 871 323 261
5540 4 0 855 346 1932 868
5541 4 0 232 1273 1864 1204
5542 4 0 2462 870 1568 855
5543 4 0 2462 2443 1568 871
5544 4 0 1589 2487 1200 1590
5545 4 0 1864 252 1260 1204
5546 4 0 732 246 1530 709
5547 4 0 1257 1292 1254 271
5548 4 0 909 353 2376 2167
5549 4 0 853 2035 1932 2443
5550 4 0 346 1779 1932 2035
5551 4 0 2443 1779 1932 346
5552 4 0 2443 2035 1932 1779
5553 4 0 853 840 1932 2035
5554 4 0 1794 2035 1932 840
5555 4 0 346 2035 1932 1794
5556 4 0 261 2443 1932 323
5557 4 0 261 853 1932 2443
5558 4 0 323 853 1932 261
5559 4 0 1568 2443 2209 249
5560 4 0 855 1568 2209 249
5561 4 0 249 2169 2209 1938
5562 4 0 254 743 2012 241
5563 4 0 263 1265 262 1246
5564 4 0 870 2169 249 1938
5565 4 0 368 1254 1260 253
5566 4 0 869 2304 2430 329
5567 4 0 870 855 249 1568
5568 4 0 868 870 249 1938
5569 4 0 855 870 249 868
5570 4 0 868 883 2209 855
5571 4 0 868 855 2209 249
5572 4 0 249 1938 2209 868
5573 4 0 329 882 2304 1564
5574 4 0 844 882 2304 329
5575 4 0 1568 870 898 249
5576 4 0 844 1578 2304 882
5577 4 0 1564 882 2304 1578
5578 4 0 1578 844 2304 894
5579 4 0 894 1564 2304 1578
5580 4 0 44 47 1426 1985
5581 4 0 1911 2159 731 220
5582 4 0 838 872 1561 1586
5583 4 0 898 1567 869 856
5584 4 0 2037 1564 854 894
5585 4 0 2304 844 854 894
5586 4 0 2304 1564 854 1567
5587 4 0 2304 894 854 1564
5588 4 0 235 1911 685 687
5589 4 0 2115 2037 838 1783
5590 4 0 2430 838 2304 869
5591 4 0 1567 1564 838 2304
5592 4 0 854 844 869 856
5593 4 0 2304 844 869 854
5594 4 0 2304 856 869 844
5595 4 0 329 2169 2430 2326
5596 4 0 869 329 2430 856
5597 4 0 869 856 2430 898
5598 4 0 2326 856 2430 329
5599 4 0 898 856 2430 2326
5600 4 0 1567 1783 1561 838
5601 4 0 1783 269 1561 1586
5602 4 0 689 2201 1904 2206
5603 4 0 854 1567 1783 1566
5604 4 0 854 1566 1783 2037
5605 4 0 1566 1586 1783 872
5606 4 0 2037 872 1783 2115
5607 4 0 1566 872 1783 2037
5608 4 0 1519 734 245 236
5609 4 0 2115 872 838 1586
5610 4 0 1783 872 838 2115
5611 4 0 854 1567 838 1783
5612 4 0 854 1564 838 1567
5613 4 0 854 2037 838 1564
5614 4 0 1783 2037 838 854
5615 4 0 1521 2401 747 2257
5616 4 0 1760 2257 747 1426
5617 4 0 1760 47 1426 747
5618 4 0 2346 759 1516 2386
5619 4 0 44 2401 747 1521
5620 4 0 1522 1905 1754 2257
5621 4 0 687 1911 685 1917
5622 4 0 1530 732 744 2260
5623 4 0 245 722 727 2080
5624 4 0 1519 2024 236 709
5625 4 0 732 48 759 2460
5626 4 0 721 1915 727 722
5627 4 0 744 1529 727 1428
5628 4 0 686 230 2160 2348
5629 4 0 2346 732 744 1530
5630 4 0 1529 467 744 2460
5631 4 0 2260 48 2460 467
5632 4 0 2346 1530 1516 759
5633 4 0 44 2348 1754 722
5634 4 0 1904 2362 685 1911
5635 4 0 2401 2205 236 1521
5636 4 0 236 1516 1530 709
5637 4 0 2024 2347 1521 2401
5638 4 0 2024 734 1521 2347
5639 4 0 1519 734 236 2024
5640 4 0 47 722 747 734
5641 4 0 255 1911 2206 1904
5642 4 0 467 1428 744 1915
5643 4 0 727 734 2195 722
5644 4 0 467 48 2460 1529
5645 4 0 245 2346 759 744
5646 4 0 1985 42 1426 44
5647 4 0 2201 1756 689 687
5648 4 0 2362 1756 687 1917
5649 4 0 465 1985 1426 47
5650 4 0 2080 48 712 47
5651 4 0 246 48 712 2080
5652 4 0 236 1521 712 246
5653 4 0 236 734 712 1521
5654 4 0 2260 732 1407 1530
5655 4 0 464 722 727 1428
5656 4 0 1529 48 727 2080
5657 4 0 2080 47 712 722
5658 4 0 734 722 712 47
5659 4 0 246 243 732 1519
5660 4 0 1917 1756 735 468
5661 4 0 246 48 759 732
5662 4 0 271 1242 1235 262
5663 4 0 1910 687 685 2362
5664 4 0 1519 236 245 246
5665 4 0 726 2022 735 1756
5666 4 0 246 48 732 2460
5667 4 0 2386 2206 255 689
5668 4 0 712 47 747 734
5669 4 0 2257 2103 747 1905
5670 4 0 1426 2401 747 44
5671 4 0 1426 2257 747 2401
5672 4 0 1426 44 747 47
5673 4 0 712 734 747 1521
5674 4 0 2347 2205 2160 2195
5675 4 0 467 2260 732 2460
5676 4 0 2460 747 712 48
5677 4 0 2346 721 744 723
5678 4 0 42 2348 1754 44
5679 4 0 687 1910 689 2201
5680 4 0 731 235 685 687
5681 4 0 1910 254 685 731
5682 4 0 1910 2206 1904 2201
5683 4 0 689 2386 1904 1910
5684 4 0 731 687 685 1910
5685 4 0 1238 1234 264 1246
5686 4 0 1530 732 759 2346
5687 4 0 744 2346 689 2201
5688 4 0 744 48 759 727
5689 4 0 1754 2348 2160 715
5690 4 0 245 734 727 722
5691 4 0 744 2425 2201 723
5692 4 0 744 732 759 2460
5693 4 0 464 1529 727 2080
5694 4 0 2080 722 727 464
5695 4 0 2347 230 2160 686
5696 4 0 2195 734 2160 2347
5697 4 0 246 48 727 245
5698 4 0 246 2080 727 48
5699 4 0 712 246 727 245
5700 4 0 712 2080 727 246
5701 4 0 245 2080 727 712
5702 4 0 42 2257 1754 1905
5703 4 0 1426 42 1754 44
5704 4 0 1522 755 1754 1905
5705 4 0 2348 755 1754 1522
5706 4 0 2348 1905 1754 755
5707 4 0 43 42 1754 1905
5708 4 0 43 2348 1754 42
5709 4 0 1760 2257 1754 42
5710 4 0 245 734 759 2346
5711 4 0 2103 43 1754 1905
5712 4 0 2103 2348 1754 43
5713 4 0 1905 2348 1754 2103
5714 4 0 1521 734 2195 2347
5715 4 0 1521 2347 2195 2401
5716 4 0 1521 2401 2195 44
5717 4 0 1521 44 2195 734
5718 4 0 2401 2347 2195 2205
5719 4 0 1426 44 2195 2401
5720 4 0 1754 44 2195 1426
5721 4 0 687 1917 685 2362
5722 4 0 2401 2257 2195 1426
5723 4 0 1754 1760 2195 2257
5724 4 0 1426 2257 2195 1760
5725 4 0 1754 1426 2195 42
5726 4 0 1760 42 2195 1426
5727 4 0 1754 42 2195 1760
5728 4 0 1522 2348 2160 1754
5729 4 0 1522 686 2160 2348
5730 4 0 2205 686 2160 1522
5731 4 0 1754 2257 2160 1522
5732 4 0 2195 2257 2160 1754
5733 4 0 1522 2257 2160 2205
5734 4 0 2401 2257 2160 2195
5735 4 0 2401 2205 2160 2257
5736 4 0 2195 2205 2160 2401
5737 4 0 1703 2322 2196 2363
5738 4 0 235 687 731 735
5739 4 0 2012 220 731 254
5740 4 0 2362 720 2201 1756
5741 4 0 1407 689 255 2478
5742 4 0 2201 723 689 744
5743 4 0 759 2346 689 2386
5744 4 0 2386 759 1516 243
5745 4 0 2260 2460 1407 732
5746 4 0 687 2386 689 1910
5747 4 0 735 687 689 1756
5748 4 0 2478 2425 689 2201
5749 4 0 744 723 689 2346
5750 4 0 1910 2206 2201 2362
5751 4 0 1910 2362 2201 687
5752 4 0 2362 2206 2201 2102
5753 4 0 2102 720 2201 2362
5754 4 0 2102 2478 2201 2425
5755 4 0 2206 2478 2201 2102
5756 4 0 2102 2296 2201 720
5757 4 0 2425 2296 2201 2102
5758 4 0 2425 720 2201 2296
5759 4 0 1198 1972 366 1205
5760 4 0 1201 1202 1223 233
5761 4 0 2478 723 689 690
5762 4 0 2425 690 689 723
5763 4 0 2478 690 689 2425
5764 4 0 1911 2206 1904 2362
5765 4 0 466 723 240 2478
5766 4 0 2460 2260 240 48
5767 4 0 1530 243 1516 759
5768 4 0 689 2206 1904 2386
5769 4 0 689 2206 255 2478
5770 4 0 1910 254 731 687
5771 4 0 735 1911 731 235
5772 4 0 735 1917 731 1911
5773 4 0 2159 1911 731 1917
5774 4 0 735 2022 731 1917
5775 4 0 2159 1917 731 2022
5776 4 0 1842 1139 1668 272
5777 4 0 1530 709 1516 243
5778 4 0 2260 1530 1407 2346
5779 4 0 282 1384 1373 1380
5780 4 0 1254 252 1260 253
5781 4 0 2260 2346 1407 744
5782 4 0 689 2478 1407 723
5783 4 0 233 1220 1223 1234
5784 4 0 689 723 1407 2346
5785 4 0 2346 721 1407 744
5786 4 0 2346 723 1407 721
5787 4 0 466 721 1407 723
5788 4 0 466 467 1407 721
5789 4 0 2260 467 1407 466
5790 4 0 467 2260 1407 744
5791 4 0 744 721 1407 467
5792 4 0 255 1530 1516 1407
5793 4 0 1407 1530 1516 2346
5794 4 0 255 1407 1516 689
5795 4 0 255 689 1516 2386
5796 4 0 689 2346 1516 2386
5797 4 0 1407 2346 1516 689
5798 4 0 250 1238 264 1265
5799 4 0 1214 1202 1231 1226
5800 4 0 1932 323 895 853
5801 4 0 1257 1246 263 1242
5802 4 0 262 1246 264 1242
5803 4 0 271 1235 342 362
5804 4 0 1910 2022 241 254
5805 4 0 387 2481 1075 2181
5806 4 0 84 1055 1085 2468
5807 4 0 1201 1234 1223 1238
5808 4 0 264 1238 1223 1234
5809 4 0 264 1202 1223 1238
5810 4 0 348 1242 2284 342
5811 4 0 901 1590 1569 1589
5812 4 0 2415 130 906 548
5813 4 0 253 1288 1864 1276
5814 4 0 2231 1220 1223 233
5815 4 0 1257 1264 1242 263
5816 4 0 1235 1242 2284 262
5817 4 0 1264 257 1242 263
5818 4 0 368 1292 2459 271
5819 4 0 194 2420 1006 2214
5820 4 0 1589 1588 839 1933
5821 4 0 2483 256 908 250
5822 4 0 1264 1242 348 342
5823 4 0 342 1222 2284 348
5824 4 0 1932 1794 895 346
5825 4 0 264 262 1226 1246
5826 4 0 1265 1246 1226 262
5827 4 0 264 1246 1226 1265
5828 4 0 1639 2174 2449 2272
5829 4 0 1391 1400 208 1367
5830 4 0 2459 1292 1269 1251
5831 4 0 1910 1516 2386 1904
5832 4 0 899 343 1933 2476
5833 4 0 1204 1273 1864 252
5834 4 0 1248 1219 1241 1233
5835 4 0 368 253 1260 2232
5836 4 0 871 898 249 1568
5837 4 0 2423 1212 366 1972
5838 4 0 1235 262 2284 1226
5839 4 0 1222 1248 1233 1219
5840 4 0 2284 348 1233 257
5841 4 0 1272 1270 1279 185
5842 4 0 362 342 2459 368
5843 4 0 271 1242 342 1235
5844 4 0 271 1257 342 1242
5845 4 0 1235 362 2284 342
5846 4 0 1228 256 366 359
5847 4 0 262 1242 2284 263
5848 4 0 1222 1265 2284 263
5849 4 0 262 263 2284 1265
5850 4 0 1231 1202 2284 1226
5851 4 0 1288 253 2232 1276
5852 4 0 1288 1292 2232 253
5853 4 0 1228 358 908 359
5854 4 0 1088 1038 2419 347
5855 4 0 253 252 1864 238
5856 4 0 1288 1331 2232 1292
5857 4 0 1295 1276 1293 2317
5858 4 0 1273 1288 1864 238
5859 4 0 1273 238 1864 252
5860 4 0 1276 2469 1864 2317
5861 4 0 2469 1273 1864 232
5862 4 0 1333 2469 1864 232
5863 4 0 1333 2317 1864 2469
5864 4 0 232 2317 1864 1333
5865 4 0 242 1273 1864 2469
5866 4 0 1288 1273 1864 242
5867 4 0 242 2469 1864 1288
5868 4 0 362 271 2459 342
5869 4 0 368 271 2459 362
5870 4 0 1864 2232 1260 253
5871 4 0 368 2232 1260 1864
5872 4 0 1627 2314 2330 63
5873 4 0 2490 888 2491 540
5874 4 0 1295 1331 403 1285
5875 4 0 1326 375 1706 1318
5876 4 0 2129 2130 1642 1637
5877 4 0 2335 1267 905 1253
5878 4 0 2043 1797 909 897
5879 4 0 2459 2232 364 368
5880 4 0 1333 2317 1305 1332
5881 4 0 2004 674 625 192
5882 4 0 1264 257 1251 348
5883 4 0 1264 1318 1251 257
5884 4 0 1264 1292 1251 1318
5885 4 0 342 1264 1251 348
5886 4 0 2459 1292 1251 1257
5887 4 0 1257 1264 1251 342
5888 4 0 1257 1292 1251 1264
5889 4 0 271 342 1251 2459
5890 4 0 271 1257 1251 342
5891 4 0 2459 1257 1251 271
5892 4 0 1251 1318 1269 257
5893 4 0 1697 2335 905 350
5894 4 0 1318 1292 1269 1270
5895 4 0 1251 1292 1269 1318
5896 4 0 2441 124 1822 1647
5897 4 0 2200 664 2150 619
5898 4 0 908 358 1241 1219
5899 4 0 1226 1265 1219 264
5900 4 0 550 1994 2415 1725
5901 4 0 1222 257 1219 263
5902 4 0 537 840 895 853
5903 4 0 545 127 867 2211
5904 4 0 1219 2483 908 250
5905 4 0 1049 1955 68 577
5906 4 0 303 300 1334 187
5907 4 0 547 1937 1881 1590
5908 4 0 1794 537 895 538
5909 4 0 1248 1222 1233 257
5910 4 0 1222 348 1233 2284
5911 4 0 1219 348 1233 1222
5912 4 0 1054 1026 1008 1888
5913 4 0 1228 359 1213 358
5914 4 0 1972 2231 366 2423
5915 4 0 250 1265 908 1219
5916 4 0 1214 250 908 359
5917 4 0 1265 250 908 1214
5918 4 0 608 485 1714 67
5919 4 0 1284 256 398 908
5920 4 0 1219 359 908 358
5921 4 0 1214 359 908 1219
5922 4 0 1262 1090 81 2338
5923 4 0 264 1214 908 1219
5924 4 0 264 1265 908 1214
5925 4 0 1219 1265 908 264
5926 4 0 2481 1726 2181 551
5927 4 0 1880 540 881 1724
5928 4 0 1588 902 1200 2487
5929 4 0 1829 1028 1070 994
5930 4 0 2476 890 2436 892
5931 4 0 904 2476 2436 892
5932 4 0 904 343 2436 2476
5933 4 0 1569 542 544 546
5934 4 0 546 1436 547 545
5935 4 0 129 1888 543 1043
5936 4 0 341 261 895 323
5937 4 0 341 853 895 261
5938 4 0 2167 361 2376 891
5939 4 0 1829 2314 1070 1012
5940 4 0 2490 1454 125 540
5941 4 0 347 2127 126 1010
5942 4 0 2086 1937 547 546
5943 4 0 2333 393 2272 1643
5944 4 0 2436 2476 125 890
5945 4 0 396 2059 2420 907
5946 4 0 1880 1723 540 2085
5947 4 0 1724 900 1936 125
5948 4 0 1642 126 2130 2129
5949 4 0 62 2330 386 1036
5950 4 0 1333 1342 1976 1346
5951 4 0 595 1748 1505 632
5952 4 0 552 1457 1826 1828
5953 4 0 2419 347 402 126
5954 4 0 1638 1457 1826 1827
5955 4 0 62 2126 1954 2179
5956 4 0 54 1208 2187 2188
5957 4 0 1626 1019 2182 2310
5958 4 0 2181 1837 1075 1836
5959 4 0 2441 1052 993 2410
5960 4 0 1383 288 316 1402
5961 4 0 126 2130 402 2419
5962 4 0 888 846 540 884
5963 4 0 2178 2127 1010 2130
5964 4 0 124 1062 1638 1827
5965 4 0 1013 2127 1626 1038
5966 4 0 2441 2410 993 2178
5967 4 0 43 747 1760 2103
5968 4 0 998 2420 2272 194
5969 4 0 1058 1012 1075 1829
5970 4 0 2244 1498 2245 1484
5971 4 0 993 2178 1010 2129
5972 4 0 1455 1786 2491 874
5973 4 0 1007 1039 2449 2241
5974 4 0 1013 135 1626 136
5975 4 0 134 395 1826 1827
5976 4 0 633 1482 1495 1733
5977 4 0 2181 1019 387 2309
5978 4 0 2178 135 2129 993
5979 4 0 2059 393 1006 2333
5980 4 0 2178 136 2129 135
5981 4 0 2129 1637 1010 2130
5982 4 0 2178 2130 1010 1637
5983 4 0 2129 136 1010 1637
5984 4 0 2178 136 1010 2129
5985 4 0 2178 1637 1010 136
5986 4 0 2129 135 1642 993
5987 4 0 2129 1637 1642 136
5988 4 0 2129 136 1642 135
5989 4 0 2129 2410 1642 1052
5990 4 0 993 2410 1642 2129
5991 4 0 993 1052 1642 2410
5992 4 0 1642 136 552 135
5993 4 0 1642 135 552 993
5994 4 0 1058 1837 1075 1012
5995 4 0 1637 136 552 1642
5996 4 0 1637 395 552 136
5997 4 0 1642 395 552 1637
5998 4 0 2418 1044 1035 1007
5999 4 0 616 647 2385 1749
6000 4 0 547 546 1882 1436
6001 4 0 993 135 1013 2178
6002 4 0 2243 647 616 1749
6003 4 0 2410 1052 124 2441
6004 4 0 1011 1056 1825 1022
6005 4 0 2441 124 1647 1828
6006 4 0 1828 2241 553 1457
6007 4 0 550 2211 2086 545
6008 4 0 2418 1057 1035 1044
6009 4 0 2200 2090 2345 1898
6010 4 0 1829 1012 1075 2314
6011 4 0 1070 2314 1075 1012
6012 4 0 2181 2481 1075 1837
6013 4 0 1012 1837 1075 1070
6014 4 0 1816 399 995 557
6015 4 0 1006 194 2272 2420
6016 4 0 993 2441 1647 1828
6017 4 0 1828 2241 1647 993
6018 4 0 1638 2241 1647 1457
6019 4 0 1638 1457 1647 124
6020 4 0 194 1647 2272 1039
6021 4 0 1828 1457 1647 2241
6022 4 0 124 1457 1647 1828
6023 4 0 975 1946 941 924
6024 4 0 1487 1473 1730 1478
6025 4 0 2178 2127 1013 1038
6026 4 0 2130 2127 1013 2178
6027 4 0 157 156 1889 657
6028 4 0 1086 1637 1013 136
6029 4 0 2178 136 1013 1637
6030 4 0 1637 2130 1013 2178
6031 4 0 1086 2130 1013 1637
6032 4 0 1889 657 2249 2095
6033 4 0 1828 1827 394 1062
6034 4 0 1817 1002 2379 2219
6035 4 0 1473 1470 1487 607
6036 4 0 2481 2181 387 2309
6037 4 0 1087 402 387 2481
6038 4 0 402 2127 2182 126
6039 4 0 1626 136 2310 1013
6040 4 0 1632 2273 1058 1028
6041 4 0 2181 1836 1075 1627
6042 4 0 1013 2127 2310 1626
6043 4 0 1013 2130 2310 2127
6044 4 0 1642 124 394 1638
6045 4 0 1637 2130 402 1086
6046 4 0 2309 1019 387 1038
6047 4 0 1010 2127 126 2130
6048 4 0 1088 1076 1058 1636
6049 4 0 2310 2127 2182 1626
6050 4 0 1076 1953 1636 1088
6051 4 0 1076 1726 1636 1953
6052 4 0 2282 2071 1145 1160
6053 4 0 1836 1076 1058 1829
6054 4 0 402 1038 387 1019
6055 4 0 1087 2130 402 1637
6056 4 0 1087 2419 402 2130
6057 4 0 2481 2450 387 1953
6058 4 0 1627 1829 1075 2314
6059 4 0 2419 1837 1087 1636
6060 4 0 1636 1837 1058 2273
6061 4 0 1636 1726 2481 1953
6062 4 0 1636 1953 2481 1088
6063 4 0 1065 1830 910 1831
6064 4 0 2450 1726 2481 551
6065 4 0 2419 1636 1087 1088
6066 4 0 2055 1037 1820 1018
6067 4 0 1086 395 394 1637
6068 4 0 2310 1019 2309 1626
6069 4 0 1088 1038 1087 2419
6070 4 0 1088 1953 1087 1038
6071 4 0 347 1038 402 2127
6072 4 0 124 1457 1826 1638
6073 4 0 1626 1038 402 1019
6074 4 0 2450 1953 2481 1726
6075 4 0 1829 1726 1836 1076
6076 4 0 1067 2358 1625 2059
6077 4 0 122 1630 2274 2128
6078 4 0 1636 1076 1058 1837
6079 4 0 1028 2273 1058 1829
6080 4 0 1012 2273 1070 1028
6081 4 0 394 1828 1826 1827
6082 4 0 1836 1837 1058 1076
6083 4 0 1018 2126 2176 1820
6084 4 0 1636 1837 2273 1012
6085 4 0 994 2314 1070 1829
6086 4 0 1829 1076 1058 1028
6087 4 0 1829 2273 1058 1012
6088 4 0 2128 2126 910 1831
6089 4 0 2330 1061 1624 386
6090 4 0 122 2331 2274 1830
6091 4 0 2331 386 1632 1061
6092 4 0 1623 1031 1018 1818
6093 4 0 1638 1827 1826 124
6094 4 0 1218 2475 530 2185
6095 4 0 1630 2128 122 121
6096 4 0 1829 1012 1028 2273
6097 4 0 552 1828 1826 394
6098 4 0 2010 1499 138 2092
6099 4 0 1626 2450 2309 551
6100 4 0 1066 2055 2378 1032
6101 4 0 2128 1831 2378 121
6102 4 0 1031 1069 121 1831
6103 4 0 869 249 898 2430
6104 4 0 1037 1831 1820 1031
6105 4 0 2378 2055 2056 1004
6106 4 0 2055 1066 1628 1078
6107 4 0 2055 1004 2378 1032
6108 4 0 1630 2128 121 1069
6109 4 0 1570 322 2356 1575
6110 4 0 1954 1630 2312 2390
6111 4 0 1018 1031 2176 1818
6112 4 0 1086 136 134 395
6113 4 0 2128 1831 121 1069
6114 4 0 1032 1818 2378 1623
6115 4 0 402 1038 2182 2127
6116 4 0 910 2331 2274 1632
6117 4 0 2150 1898 2254 2090
6118 4 0 2378 1004 2056 1818
6119 4 0 2176 1069 2179 1031
6120 4 0 1829 1061 994 386
6121 4 0 1734 619 641 2150
6122 4 0 2056 1818 2057 1623
6123 4 0 2331 386 2390 1632
6124 4 0 1031 1069 1623 121
6125 4 0 1031 1818 1623 1069
6126 4 0 641 1499 2010 2092
6127 4 0 593 162 2254 619
6128 4 0 2408 557 2054 180
6129 4 0 2200 2150 2010 2090
6130 4 0 1065 1831 910 2126
6131 4 0 660 661 609 164
6132 4 0 134 1019 2182 395
6133 4 0 2481 1953 387 1087
6134 4 0 63 386 994 1061
6135 4 0 2243 1749 616 138
6136 4 0 2176 2126 2179 1820
6137 4 0 1037 1830 1065 1831
6138 4 0 1623 1032 1018 1037
6139 4 0 1037 1018 2176 1820
6140 4 0 1037 1031 2176 1018
6141 4 0 1820 1031 2176 1037
6142 4 0 1831 1031 2176 1820
6143 4 0 1831 1069 2176 1031
6144 4 0 2179 2126 1954 910
6145 4 0 63 2314 2330 994
6146 4 0 2176 1831 2179 1069
6147 4 0 1820 1831 2179 2176
6148 4 0 1831 2126 2179 2128
6149 4 0 1820 2126 2179 1831
6150 4 0 1831 2128 2179 1069
6151 4 0 1070 2314 1624 2390
6152 4 0 1624 2312 386 2390
6153 4 0 1041 551 2309 2181
6154 4 0 994 1061 1624 2330
6155 4 0 2128 1069 1954 2179
6156 4 0 2314 63 1627 994
6157 4 0 1041 994 1627 63
6158 4 0 1087 1038 387 402
6159 4 0 2331 1830 122 2390
6160 4 0 2128 1630 1954 1069
6161 4 0 1632 2331 122 2390
6162 4 0 1028 1632 1070 1061
6163 4 0 126 2127 2182 2130
6164 4 0 1829 1012 1070 1028
6165 4 0 63 1041 2330 1627
6166 4 0 910 1630 1954 2128
6167 4 0 2057 2180 2175 1817
6168 4 0 551 2481 2309 2181
6169 4 0 1836 2450 1041 1726
6170 4 0 551 2450 1041 1836
6171 4 0 551 1726 1041 2450
6172 4 0 1626 551 2309 2310
6173 4 0 1013 2130 2182 2310
6174 4 0 1041 1836 1627 994
6175 4 0 1828 1457 1826 124
6176 4 0 994 1836 1627 1829
6177 4 0 994 1829 1627 2314
6178 4 0 1431 77 2339 490
6179 4 0 126 2130 2182 402
6180 4 0 1061 63 2330 994
6181 4 0 63 1061 2330 386
6182 4 0 1880 1723 881 540
6183 4 0 2310 136 134 1013
6184 4 0 874 1786 2491 888
6185 4 0 994 386 1036 1065
6186 4 0 2331 1830 1036 386
6187 4 0 994 63 1036 386
6188 4 0 62 2126 1036 1065
6189 4 0 122 2390 2312 1630
6190 4 0 396 2059 1006 2420
6191 4 0 552 1827 1826 395
6192 4 0 124 1827 1826 1828
6193 4 0 1020 2313 1634 68
6194 4 0 131 1798 2426 2415
6195 4 0 134 1086 2182 1013
6196 4 0 62 2330 1036 63
6197 4 0 1632 1012 122 2273
6198 4 0 2390 1012 122 1632
6199 4 0 1012 1630 2390 122
6200 4 0 62 386 1624 2312
6201 4 0 2179 2126 910 2128
6202 4 0 62 386 2312 1036
6203 4 0 386 63 1036 2330
6204 4 0 1065 386 1036 1830
6205 4 0 1069 1031 1954 2179
6206 4 0 1013 2310 2182 134
6207 4 0 2310 1019 2182 134
6208 4 0 395 1086 2182 134
6209 4 0 2310 2130 2182 2127
6210 4 0 2390 386 1624 1632
6211 4 0 1954 2179 2312 62
6212 4 0 1070 2390 1624 1632
6213 4 0 1070 2330 1624 2314
6214 4 0 1627 2314 1624 2330
6215 4 0 1065 1630 1954 910
6216 4 0 910 2126 1954 1065
6217 4 0 1065 2126 1954 62
6218 4 0 62 1630 1954 1065
6219 4 0 998 2214 2418 1625
6220 4 0 2274 122 2312 1630
6221 4 0 122 1830 2312 2390
6222 4 0 2331 386 2312 2390
6223 4 0 1036 386 2312 2331
6224 4 0 1627 1041 2309 2181
6225 4 0 62 1065 2312 1630
6226 4 0 2274 1630 2312 1065
6227 4 0 2274 1830 2312 122
6228 4 0 1036 2331 2312 1830
6229 4 0 2390 1830 2312 2331
6230 4 0 1065 62 2312 1036
6231 4 0 1036 1830 2312 1065
6232 4 0 2274 1065 2312 1830
6233 4 0 2309 2450 387 2481
6234 4 0 2309 1038 387 2450
6235 4 0 1836 1076 2181 1837
6236 4 0 1636 2481 2181 1837
6237 4 0 1636 1726 2181 2481
6238 4 0 1836 1726 2181 1076
6239 4 0 1041 1726 2181 1836
6240 4 0 1636 1076 2181 1726
6241 4 0 1837 1076 2181 1636
6242 4 0 1628 1818 2057 1004
6243 4 0 1004 1818 2057 2056
6244 4 0 1078 2219 2175 2180
6245 4 0 1004 2056 2057 1628
6246 4 0 1638 124 394 1062
6247 4 0 1828 1062 394 124
6248 4 0 2450 1626 2309 1038
6249 4 0 1019 1038 2309 1626
6250 4 0 1642 395 394 552
6251 4 0 2481 551 2309 2450
6252 4 0 1637 395 394 1642
6253 4 0 1626 1038 2182 402
6254 4 0 1626 2127 2182 1038
6255 4 0 1087 1953 387 1038
6256 4 0 2450 1038 387 1953
6257 4 0 993 1642 394 552
6258 4 0 124 1052 394 1828
6259 4 0 124 1642 394 1052
6260 4 0 993 1052 394 1642
6261 4 0 2441 993 394 1828
6262 4 0 2441 1052 394 993
6263 4 0 1828 1052 394 2441
6264 4 0 1059 1067 1625 1021
6265 4 0 1644 2332 1834 996
6266 4 0 2094 1482 2005 2143
6267 4 0 1881 546 1569 1882
6268 4 0 1090 1319 1317 81
6269 4 0 1058 1836 1075 1837
6270 4 0 1829 1836 1075 1058
6271 4 0 1627 1836 1075 1829
6272 4 0 1823 400 1644 2497
6273 4 0 1000 1629 2377 1823
6274 4 0 1797 2415 1206 906
6275 4 0 577 1054 1008 1888
6276 4 0 497 77 76 1329
6277 4 0 519 1446 1447 516
6278 4 0 1580 2211 2389 2038
6279 4 0 1150 1147 419 2137
6280 4 0 1885 1203 365 130
6281 4 0 1885 2117 365 1203
6282 4 0 1431 490 2339 2286
6283 4 0 1589 2487 839 1588
6284 4 0 1056 1022 87 1825
6285 4 0 1193 109 1192 2191
6286 4 0 196 2177 147 1631
6287 4 0 1320 1298 187 1304
6288 4 0 350 2335 905 1196
6289 4 0 2424 203 2400 636
6290 4 0 857 1798 1797 906
6291 4 0 1023 2217 83 2131
6292 4 0 1832 1056 2184 1011
6293 4 0 168 1890 2427 2291
6294 4 0 1631 2332 389 1045
6295 4 0 2070 1183 1179 1175
6296 4 0 82 85 1020 1053
6297 4 0 1072 2183 1644 2497
6298 4 0 2332 907 389 1045
6299 4 0 2185 1055 2311 2475
6300 4 0 1704 1321 1431 77
6301 4 0 857 1585 1785 1212
6302 4 0 1112 1959 505 1116
6303 4 0 1580 361 2389 1930
6304 4 0 1455 540 2491 1786
6305 4 0 2389 1994 352 2415
6306 4 0 2487 902 839 1588
6307 4 0 352 1994 1206 2415
6308 4 0 1994 549 2415 1725
6309 4 0 1432 500 1988 2321
6310 4 0 1819 2494 1024 1974
6311 4 0 344 352 897 1797
6312 4 0 2389 1994 550 1885
6313 4 0 2415 1927 867 133
6314 4 0 1232 1209 1435 365
6315 4 0 526 1452 1158 2135
6316 4 0 1937 2038 847 2211
6317 4 0 2389 863 1580 1885
6318 4 0 352 2415 1797 1798
6319 4 0 1574 2039 863 1197
6320 4 0 839 2487 1881 1796
6321 4 0 1758 879 2211 1929
6322 4 0 2283 1574 1203 2039
6323 4 0 365 1196 905 1253
6324 4 0 1011 2217 1989 1064
6325 4 0 84 2311 1218 2475
6326 4 0 1232 365 1435 1244
6327 4 0 78 1323 1263 1261
6328 4 0 1447 80 2414 2196
6329 4 0 2039 1127 1203 1259
6330 4 0 1447 521 2414 80
6331 4 0 1832 132 1025 1824
6332 4 0 1317 1716 78 1324
6333 4 0 1263 905 501 1212
6334 4 0 2038 2389 550 2211
6335 4 0 2215 1055 1989 1064
6336 4 0 857 1930 1972 1585
6337 4 0 2117 2283 365 1203
6338 4 0 906 130 857 1697
6339 4 0 1433 2286 2339 494
6340 4 0 2338 1319 1250 1090
6341 4 0 2039 1574 365 354
6342 4 0 1203 1574 365 2039
6343 4 0 354 350 365 1196
6344 4 0 354 1196 365 2039
6345 4 0 863 2117 365 354
6346 4 0 2283 2117 365 863
6347 4 0 1267 1307 365 1259
6348 4 0 1280 1259 365 1307
6349 4 0 1196 330 365 2039
6350 4 0 863 354 365 1574
6351 4 0 2283 1574 365 1203
6352 4 0 863 1574 365 2283
6353 4 0 2117 1930 857 350
6354 4 0 1262 1309 1317 1330
6355 4 0 2039 1127 365 1203
6356 4 0 2039 330 365 1127
6357 4 0 1196 1127 365 330
6358 4 0 331 1786 874 888
6359 4 0 1203 1127 365 1259
6360 4 0 1196 1259 365 1127
6361 4 0 1253 1259 365 1196
6362 4 0 1253 1266 365 1259
6363 4 0 1758 1929 2211 847
6364 4 0 1638 1062 1044 1639
6365 4 0 343 2043 1589 1588
6366 4 0 1045 1631 2409 389
6367 4 0 2211 2167 545 127
6368 4 0 1929 2167 545 2211
6369 4 0 2480 2501 629 623
6370 4 0 1258 908 1255 397
6371 4 0 1797 352 897 1206
6372 4 0 352 550 2376 891
6373 4 0 2423 1243 366 256
6374 4 0 1026 1054 1008 1014
6375 4 0 2085 1880 1724 540
6376 4 0 640 600 631 169
6377 4 0 2389 1930 352 1885
6378 4 0 1929 2167 546 545
6379 4 0 1929 1590 546 2167
6380 4 0 2086 1929 546 545
6381 4 0 400 1000 1644 1072
6382 4 0 899 1933 839 1796
6383 4 0 1929 1937 546 1590
6384 4 0 2086 1937 546 1929
6385 4 0 2211 127 867 2167
6386 4 0 133 2415 131 867
6387 4 0 897 2043 2376 909
6388 4 0 542 353 901 1927
6389 4 0 1797 906 1206 857
6390 4 0 1238 1243 366 1234
6391 4 0 1323 1267 1212 1296
6392 4 0 127 1436 1456 546
6393 4 0 1885 2117 1206 857
6394 4 0 2389 1994 2415 550
6395 4 0 1798 2415 1797 906
6396 4 0 1237 1213 1229 1228
6397 4 0 133 1927 131 1798
6398 4 0 352 1798 1797 344
6399 4 0 353 127 909 542
6400 4 0 2211 847 867 550
6401 4 0 2211 2167 867 847
6402 4 0 550 847 867 891
6403 4 0 2167 891 867 847
6404 4 0 1885 130 1206 1994
6405 4 0 1796 902 839 2487
6406 4 0 624 619 2254 162
6407 4 0 1319 1296 1212 2423
6408 4 0 1296 1267 1212 2423
6409 4 0 1972 1930 1205 1207
6410 4 0 1198 2231 1972 1585
6411 4 0 125 2436 1724 900
6412 4 0 133 542 1927 127
6413 4 0 2335 1253 905 1196
6414 4 0 623 2004 629 674
6415 4 0 1212 1267 905 2335
6416 4 0 1214 359 1205 1207
6417 4 0 365 1885 1697 2117
6418 4 0 130 1885 1697 365
6419 4 0 2231 1243 366 2423
6420 4 0 1972 1930 1206 352
6421 4 0 1014 152 2359 149
6422 4 0 365 354 1697 350
6423 4 0 2117 354 1697 365
6424 4 0 2117 350 1697 354
6425 4 0 1798 2415 906 2426
6426 4 0 2335 1697 905 1212
6427 4 0 906 2415 1206 1994
6428 4 0 891 361 352 550
6429 4 0 542 1927 909 353
6430 4 0 1212 1585 1972 2231
6431 4 0 906 1697 857 1798
6432 4 0 1198 1585 1972 1930
6433 4 0 497 1716 493 491
6434 4 0 2117 350 857 1697
6435 4 0 1885 2117 857 1697
6436 4 0 1974 80 1256 2140
6437 4 0 1259 1267 905 365
6438 4 0 1259 1266 905 1267
6439 4 0 365 1253 905 1266
6440 4 0 1267 1266 905 1253
6441 4 0 365 1266 905 1259
6442 4 0 2415 1994 906 130
6443 4 0 2415 548 906 2426
6444 4 0 550 2389 352 2415
6445 4 0 352 2415 1206 1797
6446 4 0 133 1927 909 127
6447 4 0 350 1585 857 1697
6448 4 0 1250 2338 2288 1261
6449 4 0 1261 1323 1263 1212
6450 4 0 352 1930 1206 1885
6451 4 0 130 1885 857 1697
6452 4 0 1238 1234 366 1207
6453 4 0 2335 1585 1212 2231
6454 4 0 350 2335 1212 1697
6455 4 0 350 1585 1212 2335
6456 4 0 1697 1585 1212 350
6457 4 0 1198 2231 366 1972
6458 4 0 1822 2358 2059 2420
6459 4 0 2335 2231 1212 677
6460 4 0 2423 677 1212 2231
6461 4 0 2335 677 1212 2423
6462 4 0 1885 1994 1206 352
6463 4 0 2117 1580 1206 1930
6464 4 0 1212 2231 1972 2423
6465 4 0 1228 359 366 1213
6466 4 0 1972 1212 1229 1785
6467 4 0 857 2117 1972 1930
6468 4 0 607 1470 1488 1473
6469 4 0 1972 857 1785 1206
6470 4 0 1206 857 1785 1797
6471 4 0 906 130 1206 857
6472 4 0 550 361 352 2038
6473 4 0 2389 2038 352 361
6474 4 0 550 2038 352 2389
6475 4 0 550 2415 352 867
6476 4 0 353 1927 909 344
6477 4 0 897 550 2376 352
6478 4 0 897 344 909 1927
6479 4 0 1228 256 1090 1237
6480 4 0 2333 194 2272 1006
6481 4 0 1972 1207 1205 1198
6482 4 0 344 1927 901 353
6483 4 0 1052 2410 1822 2129
6484 4 0 1228 256 1237 366
6485 4 0 1639 1062 1044 1827
6486 4 0 1796 1588 839 902
6487 4 0 366 1213 1237 1228
6488 4 0 546 353 901 542
6489 4 0 180 1643 393 396
6490 4 0 1278 1309 1262 1330
6491 4 0 1238 1290 366 1243
6492 4 0 256 1290 366 1238
6493 4 0 256 1243 366 1290
6494 4 0 1234 2231 366 1207
6495 4 0 366 1212 1229 1972
6496 4 0 1237 2423 1229 366
6497 4 0 256 2423 1237 366
6498 4 0 256 1319 1237 2423
6499 4 0 1590 2487 1200 2167
6500 4 0 1928 1786 1455 874
6501 4 0 344 1798 897 352
6502 4 0 344 1927 897 1798
6503 4 0 874 2490 1881 2487
6504 4 0 1933 343 1589 1588
6505 4 0 2415 1798 897 1927
6506 4 0 352 1798 897 2415
6507 4 0 2490 902 2491 888
6508 4 0 901 2043 1589 353
6509 4 0 867 1927 897 133
6510 4 0 888 1786 540 846
6511 4 0 867 550 897 352
6512 4 0 2415 867 897 352
6513 4 0 2415 1927 897 867
6514 4 0 1200 2167 2376 353
6515 4 0 1880 1928 881 1993
6516 4 0 540 1786 1455 846
6517 4 0 1589 353 839 901
6518 4 0 1589 901 1200 2043
6519 4 0 1590 901 1200 1589
6520 4 0 546 2167 1200 353
6521 4 0 1590 2167 1200 546
6522 4 0 1590 546 1200 901
6523 4 0 901 353 1200 2043
6524 4 0 546 353 1200 901
6525 4 0 127 133 2376 909
6526 4 0 127 2167 2376 133
6527 4 0 909 2167 2376 127
6528 4 0 909 133 2376 1927
6529 4 0 897 1927 2376 133
6530 4 0 909 1927 2376 897
6531 4 0 867 550 2376 897
6532 4 0 867 891 2376 550
6533 4 0 133 867 2376 897
6534 4 0 867 2167 2376 891
6535 4 0 133 2167 2376 867
6536 4 0 1796 839 1569 1881
6537 4 0 2333 2214 1006 2358
6538 4 0 546 1882 544 1569
6539 4 0 125 890 1724 2436
6540 4 0 540 541 881 1455
6541 4 0 546 1590 1569 901
6542 4 0 1933 1796 357 2490
6543 4 0 1933 1588 1796 902
6544 4 0 907 180 396 1051
6545 4 0 1633 124 1821 1052
6546 4 0 899 2476 125 2436
6547 4 0 125 540 357 2490
6548 4 0 331 2355 1881 1937
6549 4 0 1590 546 1569 547
6550 4 0 1589 2487 1569 839
6551 4 0 540 888 2491 1786
6552 4 0 1881 2490 1569 1796
6553 4 0 888 890 125 2476
6554 4 0 1455 1928 881 846
6555 4 0 540 1454 125 2085
6556 4 0 888 884 540 890
6557 4 0 540 2476 2490 888
6558 4 0 902 888 2490 2476
6559 4 0 902 1933 2490 1796
6560 4 0 2487 902 2490 1796
6561 4 0 1993 1928 881 840
6562 4 0 547 546 1881 1882
6563 4 0 902 2476 2490 1933
6564 4 0 2436 892 1724 900
6565 4 0 2436 890 1724 892
6566 4 0 2183 571 1834 573
6567 4 0 1928 1939 1724 890
6568 4 0 874 331 1881 1937
6569 4 0 1324 491 1317 1716
6570 4 0 2436 899 357 125
6571 4 0 2436 900 357 899
6572 4 0 125 900 357 2436
6573 4 0 125 899 357 2476
6574 4 0 125 2476 357 540
6575 4 0 2490 2476 357 1933
6576 4 0 540 2476 357 2490
6577 4 0 1933 2476 357 899
6578 4 0 357 125 1936 900
6579 4 0 895 900 1936 341
6580 4 0 895 341 1936 537
6581 4 0 1724 537 1936 1880
6582 4 0 1724 1880 1936 1928
6583 4 0 900 1576 1936 341
6584 4 0 537 341 1936 1576
6585 4 0 1724 1928 1936 1939
6586 4 0 1880 537 1936 1993
6587 4 0 1928 1993 1936 537
6588 4 0 1880 1993 1936 1928
6589 4 0 1576 2458 1936 537
6590 4 0 1939 1928 1936 875
6591 4 0 1724 1939 1936 890
6592 4 0 1724 890 1936 900
6593 4 0 875 537 1936 2458
6594 4 0 858 537 1936 875
6595 4 0 858 1928 1936 537
6596 4 0 875 1928 1936 858
6597 4 0 892 1576 1936 900
6598 4 0 892 2458 1936 1576
6599 4 0 892 890 1936 1939
6600 4 0 900 890 1936 892
6601 4 0 1939 2458 1936 892
6602 4 0 1939 875 1936 2458
6603 4 0 2211 1937 874 2086
6604 4 0 1143 1112 2145 2265
6605 4 0 845 1786 874 331
6606 4 0 1937 1786 874 845
6607 4 0 845 331 874 1937
6608 4 0 2211 1786 874 1937
6609 4 0 540 1454 539 2491
6610 4 0 884 846 881 1928
6611 4 0 1625 555 1035 1057
6612 4 0 2487 902 874 2490
6613 4 0 2487 331 874 902
6614 4 0 546 542 544 1456
6615 4 0 2409 1043 2377 1068
6616 4 0 331 902 2491 874
6617 4 0 331 888 2491 902
6618 4 0 874 888 2491 331
6619 4 0 540 884 881 890
6620 4 0 1928 1880 881 1724
6621 4 0 1724 890 881 1928
6622 4 0 2491 541 539 540
6623 4 0 1455 547 874 2491
6624 4 0 2491 1454 539 2490
6625 4 0 1054 1026 1888 1033
6626 4 0 1072 571 1834 1644
6627 4 0 571 2183 1644 1072
6628 4 0 2214 2420 998 194
6629 4 0 1476 621 654 611
6630 4 0 1258 1284 397 398
6631 4 0 396 2059 907 1051
6632 4 0 149 1640 2359 999
6633 4 0 1027 1030 1951 2497
6634 4 0 907 180 2332 396
6635 4 0 593 619 2254 2095
6636 4 0 1473 1478 594 1730
6637 4 0 996 2332 2408 1816
6638 4 0 1643 1051 393 396
6639 4 0 590 673 178 650
6640 4 0 1007 1044 1035 137
6641 4 0 1006 2420 1625 2214
6642 4 0 1318 1270 1272 185
6643 4 0 1730 1485 594 1473
6644 4 0 2009 1743 666 170
6645 4 0 1625 1021 2418 1059
6646 4 0 559 995 1067 1051
6647 4 0 657 2416 2250 156
6648 4 0 559 1051 2399 995
6649 4 0 2092 2090 1749 138
6650 4 0 1822 1039 2174 1647
6651 4 0 1638 1062 1639 1827
6652 4 0 1027 996 1834 1000
6653 4 0 1006 393 2272 2333
6654 4 0 2332 180 2054 196
6655 4 0 557 573 995 1816
6656 4 0 399 2329 995 1030
6657 4 0 1006 2420 2272 2174
6658 4 0 137 1457 2449 2241
6659 4 0 2272 1039 2449 194
6660 4 0 1035 1030 2329 399
6661 4 0 1059 2329 1021 1951
6662 4 0 1647 2241 1039 993
6663 4 0 998 2214 1625 2420
6664 4 0 1057 1021 2418 1625
6665 4 0 595 1735 1505 1748
6666 4 0 137 1639 2449 2418
6667 4 0 1308 2317 1305 1306
6668 4 0 1741 2151 183 1486
6669 4 0 1639 2241 2449 1039
6670 4 0 1044 1021 2418 1057
6671 4 0 2333 555 554 2214
6672 4 0 1638 2241 1633 1647
6673 4 0 2410 1052 1822 124
6674 4 0 2059 2333 1006 2358
6675 4 0 2441 2410 1822 124
6676 4 0 1639 1638 1633 124
6677 4 0 1625 1639 2418 998
6678 4 0 1272 1248 1279 1255
6679 4 0 396 2059 393 1006
6680 4 0 1639 2241 1633 1638
6681 4 0 364 2459 1285 1269
6682 4 0 2420 998 1822 2358
6683 4 0 1219 2483 1255 397
6684 4 0 2174 1039 2272 1647
6685 4 0 998 1639 1821 1633
6686 4 0 1358 303 659 1373
6687 4 0 896 340 1587 835
6688 4 0 1308 1504 1305 2317
6689 4 0 1647 2441 2174 1822
6690 4 0 625 192 2093 1492
6691 4 0 2441 2410 2174 1822
6692 4 0 1644 571 1834 2183
6693 4 0 202 1869 1383 1392
6694 4 0 194 2214 1006 2333
6695 4 0 198 613 2496 632
6696 4 0 124 1638 1822 1647
6697 4 0 1633 1647 1822 1638
6698 4 0 2075 411 1249 1268
6699 4 0 1633 124 1822 1821
6700 4 0 1633 1638 1822 124
6701 4 0 360 1657 1125 55
6702 4 0 998 2420 1822 2174
6703 4 0 1039 1822 1633 1647
6704 4 0 1822 1039 1633 1639
6705 4 0 1639 2174 1822 1039
6706 4 0 2174 2272 998 2420
6707 4 0 1007 1995 556 2214
6708 4 0 2367 620 1748 1735
6709 4 0 593 1479 624 2248
6710 4 0 1389 1398 186 1386
6711 4 0 68 1054 1008 577
6712 4 0 2011 2151 183 1741
6713 4 0 1284 2483 397 1298
6714 4 0 1072 2183 2497 400
6715 4 0 400 1072 1644 2497
6716 4 0 1059 996 1951 1027
6717 4 0 2313 1073 1026 999
6718 4 0 1479 157 1889 1481
6719 4 0 1263 1432 2321 499
6720 4 0 187 1304 1278 1309
6721 4 0 1042 1008 1014 1034
6722 4 0 1465 152 1888 1835
6723 4 0 196 1631 1045 2332
6724 4 0 580 1081 581 1731
6725 4 0 1043 389 2409 999
6726 4 0 398 1304 1262 187
6727 4 0 1247 2485 2468 1256
6728 4 0 998 2420 1625 2358
6729 4 0 770 2109 1919 784
6730 4 0 1042 999 1631 1034
6731 4 0 995 558 2399 2087
6732 4 0 1090 1319 1250 1237
6733 4 0 1262 1090 1245 256
6734 4 0 663 1505 665 595
6735 4 0 2289 2009 666 165
6736 4 0 624 1898 2254 2200
6737 4 0 1705 1330 1334 300
6738 4 0 2058 589 2218 2000
6739 4 0 996 1051 1029 1067
6740 4 0 132 1832 1063 1048
6741 4 0 995 1051 2399 557
6742 4 0 1033 2313 1634 85
6743 4 0 2088 68 1017 1955
6744 4 0 1887 575 147 2177
6745 4 0 196 2089 1045 1631
6746 4 0 1054 152 1888 578
6747 4 0 1819 1974 101 2494
6748 4 0 1042 2177 389 574
6749 4 0 1042 574 389 999
6750 4 0 1042 999 389 1631
6751 4 0 1631 2177 389 1042
6752 4 0 1053 1048 1080 1081
6753 4 0 1641 129 543 1068
6754 4 0 1068 129 543 1043
6755 4 0 574 2177 147 575
6756 4 0 1334 187 659 1358
6757 4 0 2087 555 1057 2329
6758 4 0 593 1889 624 1479
6759 4 0 578 152 1465 1054
6760 4 0 392 2313 68 577
6761 4 0 151 149 1835 1015
6762 4 0 1217 1216 1698 1208
6763 4 0 1482 198 1741 2151
6764 4 0 85 1048 1080 1053
6765 4 0 577 1033 1888 1026
6766 4 0 198 632 652 1480
6767 4 0 389 999 2377 2409
6768 4 0 169 1486 631 668
6769 4 0 1014 1034 2359 1042
6770 4 0 149 999 2359 1034
6771 4 0 1045 196 1001 2089
6772 4 0 1746 2094 663 2496
6773 4 0 578 577 1404 1888
6774 4 0 562 1883 561 140
6775 4 0 1816 2332 2408 907
6776 4 0 1641 1009 1003 2451
6777 4 0 606 1470 1487 1473
6778 4 0 1490 2090 641 2150
6779 4 0 1080 1053 1020 85
6780 4 0 543 132 1063 1641
6781 4 0 149 150 2359 1640
6782 4 0 82 1955 1020 85
6783 4 0 1026 2313 577 1033
6784 4 0 392 2313 577 1026
6785 4 0 589 1469 2218 1467
6786 4 0 279 1301 2140 1280
6787 4 0 807 784 1919 2109
6788 4 0 1278 1262 81 2338
6789 4 0 1245 908 1258 398
6790 4 0 392 1017 68 82
6791 4 0 1033 1043 543 1888
6792 4 0 578 1888 1404 1464
6793 4 0 1482 2143 1741 2466
6794 4 0 2377 574 1046 1640
6795 4 0 1026 1034 1014 392
6796 4 0 1073 1034 1014 1026
6797 4 0 149 152 2359 1835
6798 4 0 1035 1030 1057 2329
6799 4 0 2345 1748 637 620
6800 4 0 1033 1026 1014 1054
6801 4 0 1033 1073 1014 1026
6802 4 0 1054 152 1014 1888
6803 4 0 1888 1033 1014 1054
6804 4 0 1033 1043 1014 1073
6805 4 0 1043 152 1014 1835
6806 4 0 1034 999 2359 1042
6807 4 0 1888 152 1014 1043
6808 4 0 1888 1043 1014 1033
6809 4 0 1622 1022 1833 1648
6810 4 0 2400 1429 608 485
6811 4 0 635 1899 1474 1494
6812 4 0 68 392 1020 2313
6813 4 0 1278 1309 81 1262
6814 4 0 1998 1732 1467 1077
6815 4 0 2321 1212 501 86
6816 4 0 82 392 1020 68
6817 4 0 389 574 2377 999
6818 4 0 1952 1833 1017 2088
6819 4 0 1955 577 1054 68
6820 4 0 663 595 665 1738
6821 4 0 1505 595 663 1746
6822 4 0 82 68 1020 1955
6823 4 0 2005 1472 665 2244
6824 4 0 589 2000 2058 1833
6825 4 0 1625 1057 1035 2418
6826 4 0 398 256 1245 1228
6827 4 0 908 256 398 1228
6828 4 0 1048 1825 1080 2184
6829 4 0 1431 1267 1263 1307
6830 4 0 2287 1256 530 1232
6831 4 0 1060 1467 1999 587
6832 4 0 1952 1053 1017 82
6833 4 0 2218 1469 1999 1467
6834 4 0 2184 1832 1080 1048
6835 4 0 2216 128 2451 1641
6836 4 0 82 1026 1020 392
6837 4 0 2313 392 1020 1026
6838 4 0 85 1955 1020 1049
6839 4 0 68 1049 1020 1955
6840 4 0 1298 1304 1278 1284
6841 4 0 1431 905 1263 1267
6842 4 0 1022 1825 1083 1080
6843 4 0 2094 1482 198 1480
6844 4 0 1068 1043 2377 999
6845 4 0 389 2177 147 574
6846 4 0 1048 1832 1063 2184
6847 4 0 1046 1640 1072 2183
6848 4 0 87 1040 1635 1056
6849 4 0 400 2409 1046 1823
6850 4 0 1823 1629 2377 1640
6851 4 0 1846 109 412 1193
6852 4 0 1248 2483 1255 257
6853 4 0 1634 85 1063 1048
6854 4 0 132 1048 1063 85
6855 4 0 1014 1034 1008 392
6856 4 0 1232 2074 530 1218
6857 4 0 1046 400 1072 574
6858 4 0 1042 999 2359 1640
6859 4 0 1006 2214 1625 2358
6860 4 0 999 574 2377 1640
6861 4 0 2364 1955 581 1049
6862 4 0 2378 1066 2175 2056
6863 4 0 2094 1482 2496 198
6864 4 0 1644 996 1834 1027
6865 4 0 1046 574 1072 1640
6866 4 0 1063 1634 543 1641
6867 4 0 150 574 2359 1640
6868 4 0 129 1005 543 1888
6869 4 0 1007 1044 137 2418
6870 4 0 196 2089 147 2177
6871 4 0 1634 1043 543 1033
6872 4 0 147 1000 1834 2409
6873 4 0 1629 129 2377 1068
6874 4 0 2409 389 147 574
6875 4 0 2249 619 1734 2095
6876 4 0 580 1053 581 2364
6877 4 0 1067 1051 1029 559
6878 4 0 1027 2497 1951 1644
6879 4 0 1823 1000 1644 400
6880 4 0 1634 1033 543 1641
6881 4 0 128 129 543 1641
6882 4 0 559 1051 1029 1643
6883 4 0 1027 1067 1059 996
6884 4 0 1072 147 1834 571
6885 4 0 2409 574 2377 389
6886 4 0 150 149 2359 1997
6887 4 0 2200 1898 2254 2150
6888 4 0 1631 2089 147 196
6889 4 0 571 2089 146 147
6890 4 0 1487 1470 612 2484
6891 4 0 611 621 654 1730
6892 4 0 2377 2409 1046 574
6893 4 0 1823 2409 1046 2377
6894 4 0 581 1049 586 585
6895 4 0 151 1005 391 129
6896 4 0 1060 587 1999 1047
6897 4 0 1068 999 149 1043
6898 4 0 575 2177 1887 1997
6899 4 0 1073 999 149 1034
6900 4 0 2183 400 1072 1046
6901 4 0 2417 1499 641 2092
6902 4 0 575 2177 150 574
6903 4 0 593 2095 637 638
6904 4 0 612 1499 172 647
6905 4 0 147 1631 571 2089
6906 4 0 1014 1073 149 1034
6907 4 0 152 1835 149 1014
6908 4 0 1499 647 2092 2417
6909 4 0 1014 1043 149 1073
6910 4 0 2377 1640 149 999
6911 4 0 1068 1640 149 2377
6912 4 0 2377 999 149 1068
6913 4 0 1045 2089 571 1631
6914 4 0 571 148 572 146
6915 4 0 1042 1640 2359 574
6916 4 0 150 2177 2359 574
6917 4 0 1042 574 2359 2177
6918 4 0 575 150 2359 1997
6919 4 0 575 2177 2359 150
6920 4 0 1997 2177 2359 575
6921 4 0 2150 619 2254 2200
6922 4 0 1892 1733 1484 1498
6923 4 0 2418 1044 137 1639
6924 4 0 147 574 571 1072
6925 4 0 180 907 2408 1051
6926 4 0 2332 196 1001 1045
6927 4 0 400 2409 147 1046
6928 4 0 1046 574 147 400
6929 4 0 2358 1051 2059 1029
6930 4 0 1057 1030 1021 2329
6931 4 0 1643 393 1950 2333
6932 4 0 1816 573 995 399
6933 4 0 2243 1499 138 2010
6934 4 0 1067 2059 1029 2358
6935 4 0 399 1030 1027 2497
6936 4 0 2184 1832 1071 1079
6937 4 0 1643 1051 1029 393
6938 4 0 399 2183 573 2329
6939 4 0 1023 1055 1084 2439
6940 4 0 2409 1000 1834 2377
6941 4 0 2379 1004 2055 1018
6942 4 0 996 2054 1816 2408
6943 4 0 995 557 2399 558
6944 4 0 2183 400 399 2497
6945 4 0 559 1643 1950 2333
6946 4 0 2054 907 2408 180
6947 4 0 571 147 1834 1631
6948 4 0 1045 1631 1834 2409
6949 4 0 996 2497 1027 1644
6950 4 0 1066 2055 1628 2056
6951 4 0 1001 1045 1834 2332
6952 4 0 2377 1045 1834 2409
6953 4 0 996 2332 1834 1045
6954 4 0 1027 996 1951 1030
6955 4 0 998 1639 2418 2272
6956 4 0 1072 2183 573 571
6957 4 0 1814 371 982 970
6958 4 0 557 1051 2408 996
6959 4 0 1816 2332 1001 573
6960 4 0 2358 2420 1625 1006
6961 4 0 907 2332 2408 1045
6962 4 0 996 1045 2408 2332
6963 4 0 554 555 556 2214
6964 4 0 1044 1827 137 1639
6965 4 0 1816 572 1001 148
6966 4 0 573 572 1001 1816
6967 4 0 2214 555 1625 2333
6968 4 0 572 571 1001 148
6969 4 0 573 571 1001 572
6970 4 0 146 2089 1001 148
6971 4 0 571 2089 1001 146
6972 4 0 146 148 1001 571
6973 4 0 1045 2089 1001 571
6974 4 0 2329 555 995 2087
6975 4 0 180 1051 557 396
6976 4 0 2329 399 995 573
6977 4 0 2272 194 2418 998
6978 4 0 2214 1995 556 554
6979 4 0 371 380 1814 982
6980 4 0 2095 1889 593 1479
6981 4 0 559 1643 1029 1067
6982 4 0 1021 2087 554 555
6983 4 0 1001 573 1834 571
6984 4 0 2272 194 2449 2418
6985 4 0 1643 180 2054 559
6986 4 0 557 396 559 180
6987 4 0 1643 180 559 396
6988 4 0 396 1051 559 1643
6989 4 0 2332 196 2054 1001
6990 4 0 557 1051 559 396
6991 4 0 559 180 2054 557
6992 4 0 996 2054 557 399
6993 4 0 2054 1816 2332 1001
6994 4 0 557 1001 1816 2054
6995 4 0 559 1001 557 2054
6996 4 0 2332 907 2054 180
6997 4 0 1816 2054 2332 907
6998 4 0 1044 1827 1035 137
6999 4 0 399 1816 2054 557
7000 4 0 2054 996 1816 399
7001 4 0 180 1051 2408 557
7002 4 0 613 157 1481 595
7003 4 0 2214 555 556 1007
7004 4 0 557 1051 996 995
7005 4 0 995 1030 996 557
7006 4 0 1001 2332 1834 573
7007 4 0 1644 2332 996 2183
7008 4 0 996 2054 2408 557
7009 4 0 557 1030 996 399
7010 4 0 1027 1000 1834 1644
7011 4 0 2408 1051 1029 996
7012 4 0 1001 571 1834 1045
7013 4 0 1644 2183 996 2497
7014 4 0 2054 1816 2408 907
7015 4 0 2183 2332 996 573
7016 4 0 1059 1067 1951 996
7017 4 0 573 2332 996 1816
7018 4 0 399 573 996 1816
7019 4 0 399 2183 996 573
7020 4 0 2087 995 1067 559
7021 4 0 1044 1057 1035 1827
7022 4 0 1644 2183 1834 2332
7023 4 0 1644 1000 1834 1072
7024 4 0 573 2332 1834 2183
7025 4 0 996 2183 1027 2497
7026 4 0 399 2183 1027 996
7027 4 0 399 2497 1027 2183
7028 4 0 554 1995 1950 2214
7029 4 0 571 1631 1834 1045
7030 4 0 1826 1457 137 1827
7031 4 0 393 2059 1950 2333
7032 4 0 2329 1030 1021 1951
7033 4 0 554 1021 1950 2087
7034 4 0 2087 995 1059 1067
7035 4 0 2087 2329 1059 995
7036 4 0 2214 2333 1625 2358
7037 4 0 1059 2329 1951 995
7038 4 0 1059 995 1951 1067
7039 4 0 996 995 1951 1030
7040 4 0 2329 1030 1951 995
7041 4 0 1067 2059 1625 1021
7042 4 0 1067 995 1951 1051
7043 4 0 996 1051 1951 995
7044 4 0 1067 1051 1951 996
7045 4 0 2272 2174 2449 1039
7046 4 0 616 1496 1488 612
7047 4 0 137 1827 1035 1826
7048 4 0 1057 2087 1021 555
7049 4 0 137 1007 555 1035
7050 4 0 1057 555 1035 2329
7051 4 0 1735 2416 620 156
7052 4 0 559 2087 1950 1067
7053 4 0 2418 1007 2449 137
7054 4 0 2418 1639 2449 2272
7055 4 0 2333 2358 1950 554
7056 4 0 2418 2214 1007 1625
7057 4 0 2418 194 2449 1007
7058 4 0 2418 998 1007 2214
7059 4 0 194 998 1007 2418
7060 4 0 194 2214 1007 998
7061 4 0 137 2241 2449 1639
7062 4 0 553 2241 2449 1457
7063 4 0 1007 194 2449 1039
7064 4 0 553 1457 2449 137
7065 4 0 1638 2241 137 1639
7066 4 0 1639 1827 137 1638
7067 4 0 1638 1457 137 2241
7068 4 0 1827 1457 137 1638
7069 4 0 1959 1091 1662 2278
7070 4 0 556 1995 1950 554
7071 4 0 2087 559 1950 2399
7072 4 0 2214 2333 1950 554
7073 4 0 2056 1066 2057 1628
7074 4 0 1625 2059 554 1021
7075 4 0 1625 555 554 2333
7076 4 0 1625 2333 554 2358
7077 4 0 1625 1021 554 1057
7078 4 0 555 1057 554 1021
7079 4 0 1625 1057 554 555
7080 4 0 2243 1499 612 647
7081 4 0 2333 2059 1950 2358
7082 4 0 554 2059 1950 1021
7083 4 0 1029 1067 1950 393
7084 4 0 1643 1067 1950 1029
7085 4 0 1029 393 1950 1643
7086 4 0 1625 2059 1950 554
7087 4 0 1625 2358 1950 2059
7088 4 0 554 2358 1950 1625
7089 4 0 1067 2059 1950 393
7090 4 0 1021 2059 1950 1067
7091 4 0 1059 2087 1950 1021
7092 4 0 1059 1067 1950 2087
7093 4 0 1021 1067 1950 1059
7094 4 0 1625 2418 1035 1007
7095 4 0 1007 555 1035 2214
7096 4 0 1625 2214 1035 555
7097 4 0 1007 2214 1035 1625
7098 4 0 2454 2143 655 1498
7099 4 0 1487 643 2484 1478
7100 4 0 1746 1733 1484 633
7101 4 0 620 156 613 1748
7102 4 0 652 633 1746 191
7103 4 0 613 157 595 1748
7104 4 0 1480 198 1746 652
7105 4 0 2345 620 637 2248
7106 4 0 2243 647 1749 1499
7107 4 0 2416 657 620 156
7108 4 0 2367 657 620 2416
7109 4 0 2009 165 2384 1474
7110 4 0 156 157 613 1748
7111 4 0 2200 664 637 2150
7112 4 0 618 1472 665 2005
7113 4 0 1361 1335 1326 1345
7114 4 0 2011 600 183 2151
7115 4 0 2243 1499 1749 138
7116 4 0 1628 2180 2379 2219
7117 4 0 2254 624 1490 1898
7118 4 0 2200 1898 2150 2090
7119 4 0 1748 632 613 620
7120 4 0 2496 1472 663 652
7121 4 0 2466 1482 191 1480
7122 4 0 2484 1499 172 612
7123 4 0 303 1338 187 1284
7124 4 0 613 1748 595 632
7125 4 0 1347 2483 1313 375
7126 4 0 1335 205 1378 1346
7127 4 0 1743 158 1501 482
7128 4 0 1491 2143 2151 1482
7129 4 0 2432 1252 106 2138
7130 4 0 2496 2094 663 1472
7131 4 0 2143 2094 655 2005
7132 4 0 2244 1746 2005 2094
7133 4 0 2143 1482 1495 2466
7134 4 0 1486 1733 1495 1498
7135 4 0 2466 1482 1495 633
7136 4 0 1689 319 2001 1147
7137 4 0 1482 2094 191 1480
7138 4 0 1305 1332 1976 1333
7139 4 0 652 632 1505 1748
7140 4 0 2466 1482 633 191
7141 4 0 908 2483 1284 256
7142 4 0 1713 482 666 2289
7143 4 0 1503 1735 595 1748
7144 4 0 2244 1738 665 1484
7145 4 0 1501 482 2099 1743
7146 4 0 149 1014 1015 1043
7147 4 0 2098 157 2250 1503
7148 4 0 598 603 654 1471
7149 4 0 2151 2143 1741 1482
7150 4 0 2245 2440 160 2290
7151 4 0 2099 1501 596 482
7152 4 0 2098 1503 1481 157
7153 4 0 1498 1733 1484 2244
7154 4 0 2244 1472 663 2094
7155 4 0 1295 2317 1305 1333
7156 4 0 1342 1332 1976 1504
7157 4 0 198 632 2496 652
7158 4 0 2496 1479 1481 157
7159 4 0 2318 2340 2383 1297
7160 4 0 2093 2004 629 2501
7161 4 0 2243 647 612 616
7162 4 0 1746 198 2496 652
7163 4 0 1741 2454 1497 2143
7164 4 0 1746 2094 2496 198
7165 4 0 2496 1472 2098 2094
7166 4 0 1485 1478 1473 606
7167 4 0 2244 1733 1484 663
7168 4 0 663 1733 1498 2244
7169 4 0 2440 2245 2008 631
7170 4 0 2454 1486 1497 1498
7171 4 0 1498 2143 1497 2454
7172 4 0 1486 1498 1495 1497
7173 4 0 1497 169 1495 1486
7174 4 0 1501 1743 2099 184
7175 4 0 2208 1769 817 2106
7176 4 0 1746 663 2005 1484
7177 4 0 169 600 183 2011
7178 4 0 1868 1869 1326 1331
7179 4 0 633 191 1497 2466
7180 4 0 158 597 1501 599
7181 4 0 1892 1484 2440 2245
7182 4 0 2163 1406 1557 2298
7183 4 0 633 1733 1892 1482
7184 4 0 2143 1482 1892 1733
7185 4 0 179 597 178 67
7186 4 0 618 1472 2098 2496
7187 4 0 198 1482 1741 1480
7188 4 0 1474 482 2384 1897
7189 4 0 1657 360 1125 1960
7190 4 0 1338 256 187 1284
7191 4 0 1743 184 2011 605
7192 4 0 1312 206 1374 1343
7193 4 0 1298 303 1284 2482
7194 4 0 1343 375 1374 1312
7195 4 0 1480 1482 1741 2466
7196 4 0 179 596 627 599
7197 4 0 2151 605 2011 600
7198 4 0 300 1338 187 303
7199 4 0 1498 1892 2245 1484
7200 4 0 187 256 398 1284
7201 4 0 184 605 161 2011
7202 4 0 596 599 1899 1494
7203 4 0 1291 2483 1313 1347
7204 4 0 288 1398 202 1386
7205 4 0 382 1707 1343 375
7206 4 0 1741 184 183 2011
7207 4 0 1262 398 1245 1090
7208 4 0 638 1503 2249 2367
7209 4 0 77 490 1431 1704
7210 4 0 1733 1746 1495 633
7211 4 0 1491 2143 1741 2151
7212 4 0 2454 2143 1741 1491
7213 4 0 183 2011 161 640
7214 4 0 1291 397 1279 1255
7215 4 0 2074 2475 530 363
7216 4 0 596 1501 1899 482
7217 4 0 192 1890 623 2004
7218 4 0 640 169 161 183
7219 4 0 183 184 161 2011
7220 4 0 623 2366 192 656
7221 4 0 1534 20 1413 1923
7222 4 0 1491 1486 183 2151
7223 4 0 169 1486 183 1491
7224 4 0 169 1491 183 600
7225 4 0 2151 600 183 1491
7226 4 0 183 1486 1497 1741
7227 4 0 2011 600 640 169
7228 4 0 179 2429 178 597
7229 4 0 183 2011 640 169
7230 4 0 183 169 1497 1486
7231 4 0 77 494 1430 493
7232 4 0 1333 1332 1976 1342
7233 4 0 1491 600 160 2454
7234 4 0 1151 1156 143 1161
7235 4 0 183 1741 1497 2466
7236 4 0 1712 2342 480 615
7237 4 0 1305 1504 1976 1332
7238 4 0 1333 1346 1976 1295
7239 4 0 1743 597 1501 158
7240 4 0 1494 158 1501 599
7241 4 0 1491 2454 1497 1741
7242 4 0 1491 1486 1497 2454
7243 4 0 2151 1491 1497 1741
7244 4 0 2151 1486 1497 1491
7245 4 0 1741 1486 1497 2151
7246 4 0 1497 2143 1495 2466
7247 4 0 1498 2143 1495 1497
7248 4 0 1498 1733 1495 2143
7249 4 0 1255 2483 1279 1291
7250 4 0 397 2483 1255 1291
7251 4 0 1272 1269 1285 1270
7252 4 0 670 674 1737 2006
7253 4 0 256 2483 1284 1338
7254 4 0 497 1329 78 1716
7255 4 0 1364 382 1343 288
7256 4 0 1313 1312 1706 182
7257 4 0 2482 1347 1284 1298
7258 4 0 200 1367 1373 1384
7259 4 0 2482 1338 1284 1347
7260 4 0 1318 1331 1326 1361
7261 4 0 1403 311 208 1400
7262 4 0 1338 2482 1284 303
7263 4 0 1278 1304 1262 1284
7264 4 0 1291 1347 1313 1312
7265 4 0 1338 2483 1284 1347
7266 4 0 1330 187 1278 1309
7267 4 0 1705 1367 1334 1358
7268 4 0 1298 1312 1320 1291
7269 4 0 1291 1347 1298 2483
7270 4 0 170 605 2008 1894
7271 4 0 2198 67 178 608
7272 4 0 199 293 186 1398
7273 4 0 1090 256 1262 1319
7274 4 0 1430 77 492 494
7275 4 0 1262 256 1245 398
7276 4 0 1330 300 1262 187
7277 4 0 1298 1347 1320 2482
7278 4 0 1291 1347 1320 1298
7279 4 0 1330 1319 1262 256
7280 4 0 1237 1228 1245 1090
7281 4 0 597 673 627 2429
7282 4 0 1144 2395 1692 2334
7283 4 0 1317 1324 78 2435
7284 4 0 2247 590 178 2198
7285 4 0 398 1284 1262 1304
7286 4 0 1229 2423 1250 1212
7287 4 0 1278 187 1262 1304
7288 4 0 398 1228 1245 908
7289 4 0 1459 1727 648 1500
7290 4 0 203 139 1891 1896
7291 4 0 1298 1291 397 1284
7292 4 0 76 77 493 494
7293 4 0 1237 908 1245 1228
7294 4 0 187 300 1262 256
7295 4 0 1330 256 1262 300
7296 4 0 1237 1319 1250 2423
7297 4 0 495 494 2339 76
7298 4 0 1077 2485 2495 1434
7299 4 0 256 1319 1090 1237
7300 4 0 494 490 2339 77
7301 4 0 1296 1319 78 2435
7302 4 0 1228 256 1245 1090
7303 4 0 155 1483 480 481
7304 4 0 562 2428 648 1727
7305 4 0 2004 2291 623 2501
7306 4 0 1361 1331 1326 1869
7307 4 0 1367 1373 1334 1358
7308 4 0 2292 673 2153 2002
7309 4 0 2004 1890 623 2291
7310 4 0 186 282 1373 303
7311 4 0 199 1398 186 1389
7312 4 0 202 1392 1383 288
7313 4 0 181 1737 1742 2006
7314 4 0 628 2369 626 658
7315 4 0 2432 2190 1162 1252
7316 4 0 1291 1312 206 1347
7317 4 0 1320 1312 206 1291
7318 4 0 1284 908 397 2483
7319 4 0 1258 908 397 1284
7320 4 0 1219 2483 397 908
7321 4 0 1269 1292 1285 1270
7322 4 0 1269 1270 1272 1318
7323 4 0 397 908 1255 1219
7324 4 0 1219 1299 1255 2483
7325 4 0 257 1299 1255 1219
7326 4 0 257 2483 1255 1299
7327 4 0 2459 1292 1285 1269
7328 4 0 205 1379 1378 1346
7329 4 0 1269 1318 1272 257
7330 4 0 1248 1269 1272 1233
7331 4 0 1233 257 1272 1248
7332 4 0 1269 1251 1272 1233
7333 4 0 1269 257 1272 1251
7334 4 0 1233 348 1272 257
7335 4 0 1251 348 1272 1233
7336 4 0 1251 257 1272 348
7337 4 0 1272 257 1279 1248
7338 4 0 185 1318 1279 1272
7339 4 0 185 375 1279 1318
7340 4 0 1248 257 1279 2483
7341 4 0 375 2483 1279 257
7342 4 0 1318 257 1279 1272
7343 4 0 1318 375 1279 257
7344 4 0 368 2459 1285 364
7345 4 0 1276 2232 1285 364
7346 4 0 364 1276 1293 1285
7347 4 0 1305 1504 207 1976
7348 4 0 368 1292 1285 2459
7349 4 0 1318 1292 1285 1331
7350 4 0 1270 1292 1285 1318
7351 4 0 1318 1331 1285 1270
7352 4 0 2232 1331 1285 1292
7353 4 0 2232 368 1285 364
7354 4 0 2232 1292 1285 368
7355 4 0 1295 207 1976 1305
7356 4 0 382 1364 1343 1707
7357 4 0 1346 1360 1295 1333
7358 4 0 1276 2317 1295 2469
7359 4 0 1340 1352 1295 1360
7360 4 0 1333 1352 1295 1340
7361 4 0 1333 1360 1295 1352
7362 4 0 2469 2317 1295 1333
7363 4 0 2469 1333 1295 1340
7364 4 0 1285 2232 1295 1331
7365 4 0 1276 2232 1295 1285
7366 4 0 1340 1331 1295 1288
7367 4 0 2469 1288 1295 1276
7368 4 0 2469 1340 1295 1288
7369 4 0 2232 1288 1295 1331
7370 4 0 1276 1288 1295 2232
7371 4 0 1333 1295 1976 1305
7372 4 0 1361 1364 202 1335
7373 4 0 1386 1364 202 288
7374 4 0 1318 182 1326 1270
7375 4 0 375 1361 382 1318
7376 4 0 375 1313 1343 1706
7377 4 0 1402 293 199 1398
7378 4 0 1295 1340 1868 1331
7379 4 0 1360 1340 1868 1295
7380 4 0 1345 675 1346 1295
7381 4 0 403 182 1868 675
7382 4 0 1361 1335 202 1378
7383 4 0 1403 282 208 1391
7384 4 0 1868 403 1326 182
7385 4 0 375 1361 1343 382
7386 4 0 1379 1295 1346 1360
7387 4 0 1356 1360 1868 1379
7388 4 0 1356 1331 1868 1340
7389 4 0 1360 1356 1868 1340
7390 4 0 403 1295 1868 1331
7391 4 0 675 1295 1868 403
7392 4 0 1356 1869 1868 1331
7393 4 0 202 1361 1383 1869
7394 4 0 288 1392 1383 1395
7395 4 0 1343 288 202 1364
7396 4 0 1318 1869 1361 202
7397 4 0 1364 1361 202 1343
7398 4 0 202 288 1383 1398
7399 4 0 1378 212 1383 1395
7400 4 0 481 597 627 179
7401 4 0 1706 1312 1343 206
7402 4 0 288 1383 316 1395
7403 4 0 1347 1707 1374 1377
7404 4 0 185 182 1706 1270
7405 4 0 1869 1318 1361 1331
7406 4 0 1318 1270 1706 182
7407 4 0 185 1270 1706 1318
7408 4 0 375 185 1706 1318
7409 4 0 1706 1326 1318 182
7410 4 0 1279 375 1706 1313
7411 4 0 1279 185 1706 375
7412 4 0 1313 185 1706 1279
7413 4 0 2099 1501 627 596
7414 4 0 1270 182 1326 403
7415 4 0 403 1331 1326 1270
7416 4 0 1868 1331 1326 403
7417 4 0 1378 1395 1383 1869
7418 4 0 631 2245 2290 2440
7419 4 0 2153 2429 590 673
7420 4 0 186 293 1374 1386
7421 4 0 1386 1707 1374 1364
7422 4 0 1398 1402 1386 288
7423 4 0 1386 1364 1374 202
7424 4 0 2152 615 480 479
7425 4 0 1343 206 1374 210
7426 4 0 210 1364 1374 1343
7427 4 0 1869 382 202 1318
7428 4 0 288 1707 1386 1364
7429 4 0 1402 1707 1386 288
7430 4 0 293 1707 1386 1402
7431 4 0 905 1267 1431 1307
7432 4 0 1368 1367 1358 1373
7433 4 0 2199 1489 1492 2097
7434 4 0 199 1384 1373 282
7435 4 0 497 1317 78 81
7436 4 0 2004 674 623 625
7437 4 0 1345 1295 1346 1379
7438 4 0 1345 1379 1346 1378
7439 4 0 1868 1379 1378 1356
7440 4 0 202 1398 1383 1386
7441 4 0 1395 1376 1378 212
7442 4 0 1978 1356 1378 1379
7443 4 0 1978 1379 1378 212
7444 4 0 1361 1335 1378 1326
7445 4 0 1326 1869 1378 1361
7446 4 0 1868 1356 1378 1869
7447 4 0 1978 212 1378 1370
7448 4 0 1370 1356 1378 1978
7449 4 0 1370 1376 1378 1356
7450 4 0 212 1376 1378 1370
7451 4 0 1326 1868 1378 1869
7452 4 0 1335 1868 1378 1326
7453 4 0 1869 1376 1378 1395
7454 4 0 1869 1356 1378 1376
7455 4 0 282 1377 199 293
7456 4 0 187 300 1334 1330
7457 4 0 1386 293 1374 1707
7458 4 0 375 1347 1374 1312
7459 4 0 311 1399 208 1400
7460 4 0 1357 209 1339 1372
7461 4 0 1391 199 208 1403
7462 4 0 186 1384 1373 199
7463 4 0 651 2424 667 1744
7464 4 0 1380 303 1373 282
7465 4 0 1347 1377 1374 210
7466 4 0 1474 635 1483 2384
7467 4 0 145 1729 1462 2003
7468 4 0 1403 1400 208 282
7469 4 0 1320 1347 210 2482
7470 4 0 1291 1320 210 206
7471 4 0 1291 1347 210 1320
7472 4 0 206 1347 210 1291
7473 4 0 1368 210 1374 186
7474 4 0 1891 485 69 636
7475 4 0 1377 2482 186 210
7476 4 0 282 1377 186 199
7477 4 0 1386 1402 186 293
7478 4 0 1398 1402 186 1386
7479 4 0 1398 293 186 1402
7480 4 0 118 2485 101 530
7481 4 0 1377 303 186 2482
7482 4 0 282 303 186 1377
7483 4 0 590 650 178 2198
7484 4 0 1705 1324 1317 1339
7485 4 0 597 2429 627 179
7486 4 0 1707 375 1374 1343
7487 4 0 1334 1325 659 187
7488 4 0 199 1403 1391 282
7489 4 0 1368 210 659 1358
7490 4 0 282 1384 1391 199
7491 4 0 141 639 1463 142
7492 4 0 158 1743 481 482
7493 4 0 1400 300 1367 1371
7494 4 0 1380 1371 1367 300
7495 4 0 1400 1371 1367 1380
7496 4 0 210 1368 659 186
7497 4 0 200 1384 1391 1367
7498 4 0 210 1320 659 206
7499 4 0 1534 2106 1925 817
7500 4 0 282 1380 1391 1384
7501 4 0 1400 1380 1391 282
7502 4 0 206 1320 659 1325
7503 4 0 1373 1368 659 1358
7504 4 0 1367 1380 1391 1400
7505 4 0 1373 1384 1391 1380
7506 4 0 1367 1384 1391 1373
7507 4 0 1373 1380 1391 1367
7508 4 0 1367 200 208 1391
7509 4 0 417 2229 2227 1178
7510 4 0 485 636 1891 2424
7511 4 0 1483 2198 2152 650
7512 4 0 592 2319 630 159
7513 4 0 1740 661 2252 171
7514 4 0 1261 1212 501 2288
7515 4 0 661 660 2252 164
7516 4 0 661 604 2341 646
7517 4 0 1687 1693 2229 1682
7518 4 0 1244 1307 1431 279
7519 4 0 1373 1380 1334 303
7520 4 0 1325 1298 659 187
7521 4 0 210 2482 659 1320
7522 4 0 186 2482 659 210
7523 4 0 186 1368 659 1373
7524 4 0 1373 303 659 186
7525 4 0 186 303 659 2482
7526 4 0 1298 2482 659 303
7527 4 0 1320 2482 659 1298
7528 4 0 1320 1298 659 1325
7529 4 0 625 674 2093 192
7530 4 0 1501 599 596 1494
7531 4 0 2096 75 634 1747
7532 4 0 1339 2435 1317 1705
7533 4 0 1330 300 1317 1319
7534 4 0 2245 1498 2440 1892
7535 4 0 1733 1486 631 1498
7536 4 0 163 770 2262 175
7537 4 0 161 2011 1894 668
7538 4 0 1494 2002 155 2292
7539 4 0 2484 1478 612 1487
7540 4 0 2245 1498 160 2440
7541 4 0 485 1429 484 636
7542 4 0 593 2248 624 162
7543 4 0 2245 1486 631 169
7544 4 0 2440 1498 160 1892
7545 4 0 482 1743 666 2289
7546 4 0 2496 613 1481 632
7547 4 0 1897 2099 1474 482
7548 4 0 1772 795 1555 807
7549 4 0 165 2245 2008 2440
7550 4 0 2008 2440 166 165
7551 4 0 179 2429 627 673
7552 4 0 651 177 1744 667
7553 4 0 658 627 597 673
7554 4 0 170 161 1894 668
7555 4 0 1494 1501 1899 596
7556 4 0 2484 1470 612 1496
7557 4 0 2009 1894 2008 631
7558 4 0 2006 670 626 628
7559 4 0 2198 1714 2400 2251
7560 4 0 648 562 1460 1728
7561 4 0 1147 2137 1150 2001
7562 4 0 277 1413 1557 1406
7563 4 0 158 597 627 481
7564 4 0 158 599 627 597
7565 4 0 2427 2501 2480 2291
7566 4 0 635 1713 1712 2342
7567 4 0 1534 20 1414 2105
7568 4 0 597 658 673 2429
7569 4 0 817 1923 827 2111
7570 4 0 627 599 2292 179
7571 4 0 64 166 2384 165
7572 4 0 184 161 170 2099
7573 4 0 605 184 170 1743
7574 4 0 2091 168 1500 2428
7575 4 0 1458 168 648 2091
7576 4 0 649 1744 2368 177
7577 4 0 165 605 2008 170
7578 4 0 668 170 1897 1894
7579 4 0 1713 605 666 482
7580 4 0 165 170 2008 2009
7581 4 0 631 2440 166 2008
7582 4 0 141 144 1463 591
7583 4 0 189 645 626 177
7584 4 0 658 2429 2153 673
7585 4 0 177 1744 667 645
7586 4 0 2099 1743 170 184
7587 4 0 2245 1498 631 1486
7588 4 0 640 169 631 668
7589 4 0 161 2011 668 640
7590 4 0 170 596 1897 2099
7591 4 0 2245 169 631 600
7592 4 0 66 479 67 480
7593 4 0 2009 1894 1897 170
7594 4 0 1899 482 1474 2099
7595 4 0 596 599 1897 1899
7596 4 0 631 600 2290 2245
7597 4 0 161 605 1894 2011
7598 4 0 170 605 1894 184
7599 4 0 161 184 1894 605
7600 4 0 170 184 1894 161
7601 4 0 2009 165 1474 2008
7602 4 0 2009 1899 1474 1897
7603 4 0 2254 1499 641 1490
7604 4 0 1738 2244 665 663
7605 4 0 2245 1498 2008 631
7606 4 0 621 606 1476 1478
7607 4 0 2099 596 1897 1899
7608 4 0 2009 170 2008 1894
7609 4 0 160 2454 655 1498
7610 4 0 1897 2009 2384 1474
7611 4 0 2428 2291 2427 2368
7612 4 0 189 177 626 628
7613 4 0 2290 2454 160 600
7614 4 0 170 1743 1897 2009
7615 4 0 170 2099 1897 1743
7616 4 0 2099 482 1897 1743
7617 4 0 795 2109 807 1772
7618 4 0 1494 1899 1474 2009
7619 4 0 155 615 480 2152
7620 4 0 668 631 2008 1894
7621 4 0 175 167 2262 163
7622 4 0 2254 2090 1490 2150
7623 4 0 1884 1458 1728 140
7624 4 0 482 605 666 1743
7625 4 0 2093 2501 629 614
7626 4 0 480 179 67 481
7627 4 0 615 635 155 1494
7628 4 0 2198 2424 610 2247
7629 4 0 1498 2143 655 1733
7630 4 0 1899 2099 1474 1897
7631 4 0 170 165 666 2009
7632 4 0 1892 1482 655 2005
7633 4 0 1483 2292 155 2002
7634 4 0 2008 605 166 1894
7635 4 0 2440 166 160 2290
7636 4 0 1698 2394 388 1216
7637 4 0 2440 165 2384 166
7638 4 0 635 166 2384 64
7639 4 0 1281 1645 390 511
7640 4 0 618 595 665 1505
7641 4 0 1484 663 2005 2244
7642 4 0 1892 1482 2005 633
7643 4 0 165 605 64 166
7644 4 0 803 1406 2298 827
7645 4 0 170 1743 666 605
7646 4 0 2094 2496 1481 2098
7647 4 0 1897 482 2384 1743
7648 4 0 1897 1743 2384 2009
7649 4 0 2361 671 289 1769
7650 4 0 2208 764 817 1769
7651 4 0 787 2111 817 2208
7652 4 0 651 650 590 2247
7653 4 0 1890 177 653 2368
7654 4 0 1366 296 1382 1394
7655 4 0 2111 20 1413 786
7656 4 0 2105 20 1413 1534
7657 4 0 801 671 1538 779
7658 4 0 793 163 2262 281
7659 4 0 764 1769 289 671
7660 4 0 1544 2373 1771 2163
7661 4 0 786 803 808 1533
7662 4 0 2480 2427 1458 2091
7663 4 0 2501 2004 662 201
7664 4 0 1547 2111 787 786
7665 4 0 480 481 67 1712
7666 4 0 764 671 1538 2208
7667 4 0 1144 2470 1694 2395
7668 4 0 2208 1769 1538 764
7669 4 0 2361 1769 289 2028
7670 4 0 2028 443 289 2361
7671 4 0 2208 1769 289 1538
7672 4 0 2208 443 289 1769
7673 4 0 2106 443 289 2208
7674 4 0 1851 1674 1694 2470
7675 4 0 1406 1414 2298 827
7676 4 0 827 1413 2298 803
7677 4 0 2163 1745 809 176
7678 4 0 1538 2208 787 289
7679 4 0 1693 1178 2072 1687
7680 4 0 2365 2153 645 658
7681 4 0 651 2153 590 2365
7682 4 0 1406 1414 827 1413
7683 4 0 827 1406 1544 1745
7684 4 0 827 1406 1413 1923
7685 4 0 1538 2208 195 787
7686 4 0 1538 671 195 2208
7687 4 0 1406 1414 1413 1557
7688 4 0 787 299 195 1547
7689 4 0 289 1538 1533 195
7690 4 0 787 2208 195 299
7691 4 0 671 299 195 2208
7692 4 0 1310 1301 2140 279
7693 4 0 2247 2198 1483 650
7694 4 0 1414 1406 2298 1557
7695 4 0 2106 443 1925 289
7696 4 0 176 1544 1555 277
7697 4 0 763 2262 21 778
7698 4 0 2412 1161 1181 1674
7699 4 0 1964 413 1162 104
7700 4 0 1555 1772 1537 1771
7701 4 0 1534 1923 1925 20
7702 4 0 1414 2298 1551 1557
7703 4 0 1544 176 1771 2373
7704 4 0 1164 1179 26 1182
7705 4 0 803 20 1533 786
7706 4 0 1763 176 809 1745
7707 4 0 803 786 808 827
7708 4 0 827 786 808 1763
7709 4 0 809 1533 808 803
7710 4 0 651 2365 667 658
7711 4 0 793 795 1919 163
7712 4 0 1459 562 648 1727
7713 4 0 203 139 1744 649
7714 4 0 1414 20 2298 1413
7715 4 0 1413 20 2298 803
7716 4 0 1544 1406 1557 2163
7717 4 0 2004 192 662 201
7718 4 0 2163 176 1771 1544
7719 4 0 1534 443 1925 2106
7720 4 0 1745 827 803 1763
7721 4 0 1745 1406 803 827
7722 4 0 1551 2373 2164 277
7723 4 0 103 104 413 97
7724 4 0 1534 20 2298 1414
7725 4 0 1413 20 803 786
7726 4 0 1413 786 803 827
7727 4 0 1772 784 778 2109
7728 4 0 1772 2109 1537 1771
7729 4 0 827 1763 808 803
7730 4 0 2163 803 809 1745
7731 4 0 2298 2373 2163 803
7732 4 0 1745 176 2163 1544
7733 4 0 1763 786 808 1547
7734 4 0 2163 2373 1771 1772
7735 4 0 809 195 808 1533
7736 4 0 803 1406 2163 2298
7737 4 0 803 1745 2163 1406
7738 4 0 778 807 21 795
7739 4 0 1544 1406 2163 1745
7740 4 0 1693 1164 1673 1168
7741 4 0 1835 1043 1015 1014
7742 4 0 277 1557 2164 1551
7743 4 0 106 105 1700 1853
7744 4 0 1964 276 1178 1252
7745 4 0 2432 1153 1162 2190
7746 4 0 2395 105 2334 106
7747 4 0 2190 1153 1162 1853
7748 4 0 2192 1252 1178 2189
7749 4 0 1429 2251 2400 1714
7750 4 0 810 792 1328 2165
7751 4 0 817 1923 1925 1534
7752 4 0 277 2164 21 795
7753 4 0 1555 807 1537 1772
7754 4 0 1555 1771 1537 176
7755 4 0 2298 2373 1551 2163
7756 4 0 277 1544 1551 176
7757 4 0 2373 176 1551 1544
7758 4 0 277 176 1551 2373
7759 4 0 277 1406 1551 1544
7760 4 0 1557 1406 1551 277
7761 4 0 1557 1544 1551 1406
7762 4 0 2163 1544 1551 1557
7763 4 0 2163 2373 1551 1544
7764 4 0 1074 1046 391 1640
7765 4 0 1025 1824 89 1832
7766 4 0 790 167 770 163
7767 4 0 163 793 2262 770
7768 4 0 807 2109 1537 1772
7769 4 0 2164 1772 21 795
7770 4 0 795 277 1555 1544
7771 4 0 1544 176 1555 1745
7772 4 0 1919 795 21 807
7773 4 0 1071 582 2451 1009
7774 4 0 1555 176 1537 807
7775 4 0 195 787 1925 289
7776 4 0 443 2361 1925 289
7777 4 0 1534 20 1925 443
7778 4 0 2164 277 1555 795
7779 4 0 795 1772 1555 2164
7780 4 0 2164 1772 1555 2373
7781 4 0 2164 2373 1555 277
7782 4 0 277 2373 1555 176
7783 4 0 1771 176 1555 2373
7784 4 0 1771 2373 1555 1772
7785 4 0 2106 787 1925 817
7786 4 0 787 1547 1925 817
7787 4 0 195 1547 1925 787
7788 4 0 787 2106 1925 2208
7789 4 0 289 2208 1925 2106
7790 4 0 787 2208 1925 289
7791 4 0 809 803 808 1763
7792 4 0 195 1547 1533 1925
7793 4 0 786 2111 1533 1547
7794 4 0 786 20 1533 2111
7795 4 0 1925 1923 1533 20
7796 4 0 2111 20 1533 1923
7797 4 0 1547 817 1533 1925
7798 4 0 1547 2111 1533 817
7799 4 0 1925 817 1533 1923
7800 4 0 2111 1923 1533 817
7801 4 0 591 2477 201 141
7802 4 0 79 2149 2003 144
7803 4 0 1964 97 1182 413
7804 4 0 2343 204 2447 190
7805 4 0 1179 1172 1182 1852
7806 4 0 1742 674 629 197
7807 4 0 646 2007 2252 630
7808 4 0 1493 2341 1740 174
7809 4 0 2480 2427 1884 1458
7810 4 0 653 670 2006 168
7811 4 0 197 674 629 1492
7812 4 0 645 658 626 2369
7813 4 0 189 177 667 645
7814 4 0 2480 2428 2427 2091
7815 4 0 1430 490 492 77
7816 4 0 1727 2428 649 203
7817 4 0 1742 628 168 2006
7818 4 0 1547 671 195 672
7819 4 0 168 1737 2006 653
7820 4 0 653 1737 2006 670
7821 4 0 674 1493 173 197
7822 4 0 168 1890 2006 1737
7823 4 0 1492 197 201 2199
7824 4 0 2427 168 1458 2091
7825 4 0 1329 2435 78 1324
7826 4 0 1853 1252 106 1162
7827 4 0 1195 1252 417 1178
7828 4 0 2448 2007 1350 2363
7829 4 0 1729 634 2096 1703
7830 4 0 145 1729 569 2341
7831 4 0 1077 1622 1833 1648
7832 4 0 200 1384 1372 1391
7833 4 0 1366 2433 1351 773
7834 4 0 2452 188 1382 1357
7835 4 0 1704 490 1431 1321
7836 4 0 1891 1459 648 1896
7837 4 0 2074 2185 530 2475
7838 4 0 560 1727 1459 649
7839 4 0 2084 104 413 103
7840 4 0 608 2429 1891 1896
7841 4 0 2251 650 67 2292
7842 4 0 2006 670 628 168
7843 4 0 645 2153 626 658
7844 4 0 635 2384 2152 1483
7845 4 0 645 1744 667 2369
7846 4 0 2153 2002 590 2365
7847 4 0 1500 1727 648 2428
7848 4 0 770 784 175 2109
7849 4 0 1156 2137 143 1689
7850 4 0 1853 2138 106 1252
7851 4 0 203 139 649 1727
7852 4 0 649 203 2424 1744
7853 4 0 1727 139 649 560
7854 4 0 628 670 626 189
7855 4 0 645 658 667 2365
7856 4 0 2428 2291 2368 649
7857 4 0 1339 1324 1317 2435
7858 4 0 179 673 178 2429
7859 4 0 1146 2136 112 100
7860 4 0 2365 658 651 2153
7861 4 0 1883 560 2148 1727
7862 4 0 653 168 2368 670
7863 4 0 1896 1459 648 1500
7864 4 0 67 2292 178 179
7865 4 0 653 670 189 1737
7866 4 0 2368 670 189 653
7867 4 0 1891 1459 69 648
7868 4 0 1896 2424 1891 667
7869 4 0 1500 2091 648 168
7870 4 0 2001 1858 1150 319
7871 4 0 1744 2424 2247 651
7872 4 0 1429 636 485 2400
7873 4 0 1501 482 1712 1713
7874 4 0 1297 1311 2147 1315
7875 4 0 590 2429 178 673
7876 4 0 628 177 626 649
7877 4 0 1744 645 626 2369
7878 4 0 1744 649 626 177
7879 4 0 1744 177 626 645
7880 4 0 649 2369 626 628
7881 4 0 628 2369 1500 649
7882 4 0 2153 673 626 658
7883 4 0 189 670 626 645
7884 4 0 1500 168 648 622
7885 4 0 562 1458 648 2091
7886 4 0 81 2435 78 1319
7887 4 0 2153 673 590 2002
7888 4 0 628 168 1500 2369
7889 4 0 203 1744 667 2424
7890 4 0 1896 649 1739 1459
7891 4 0 479 179 480 2251
7892 4 0 2002 673 590 650
7893 4 0 651 2365 590 667
7894 4 0 608 485 1891 658
7895 4 0 2342 615 1712 635
7896 4 0 1461 614 1460 1884
7897 4 0 1317 2435 78 81
7898 4 0 2368 670 628 189
7899 4 0 177 2368 628 189
7900 4 0 2199 190 2447 204
7901 4 0 2369 649 626 1744
7902 4 0 1232 2185 530 84
7903 4 0 1461 1895 1460 614
7904 4 0 562 1883 1728 1458
7905 4 0 2198 650 2247 590
7906 4 0 608 590 178 2247
7907 4 0 179 597 67 481
7908 4 0 653 1890 2427 168
7909 4 0 1890 653 2427 2368
7910 4 0 2368 2291 2427 1890
7911 4 0 2368 653 2427 2428
7912 4 0 2292 2002 178 673
7913 4 0 2152 1483 480 155
7914 4 0 2292 2002 1483 650
7915 4 0 179 627 1483 2292
7916 4 0 179 481 1483 627
7917 4 0 2251 2152 610 2198
7918 4 0 1494 650 155 2002
7919 4 0 201 639 142 1492
7920 4 0 615 635 2251 2152
7921 4 0 594 1730 1471 621
7922 4 0 763 167 2262 1920
7923 4 0 615 2152 2251 479
7924 4 0 1474 635 155 1483
7925 4 0 1474 1494 155 635
7926 4 0 1483 650 155 2247
7927 4 0 1483 2002 155 650
7928 4 0 2152 2198 2251 650
7929 4 0 1714 650 2251 2198
7930 4 0 483 636 484 1429
7931 4 0 1483 650 2251 2292
7932 4 0 2152 650 2251 1483
7933 4 0 2251 2292 67 179
7934 4 0 1483 2292 2251 179
7935 4 0 481 597 67 158
7936 4 0 662 192 2447 2366
7937 4 0 2152 1483 155 635
7938 4 0 2152 635 155 615
7939 4 0 2292 599 155 1494
7940 4 0 1459 1739 1891 69
7941 4 0 1494 481 155 615
7942 4 0 627 2292 155 1483
7943 4 0 627 599 155 2292
7944 4 0 66 650 67 2251
7945 4 0 1494 599 155 158
7946 4 0 1494 158 155 481
7947 4 0 1483 481 155 627
7948 4 0 627 158 155 599
7949 4 0 481 158 155 627
7950 4 0 651 590 610 2247
7951 4 0 2247 2424 610 651
7952 4 0 2424 658 610 651
7953 4 0 2153 2429 610 590
7954 4 0 2153 658 610 2429
7955 4 0 651 2153 610 590
7956 4 0 651 658 610 2153
7957 4 0 1261 2338 78 1250
7958 4 0 562 140 1728 1883
7959 4 0 1429 636 2400 203
7960 4 0 1429 203 2400 139
7961 4 0 610 203 2400 2424
7962 4 0 2198 2251 2400 610
7963 4 0 170 605 666 165
7964 4 0 1712 615 480 481
7965 4 0 1483 179 480 481
7966 4 0 1714 483 484 1429
7967 4 0 1498 1733 655 1892
7968 4 0 2152 479 480 2251
7969 4 0 1893 181 602 2093
7970 4 0 208 200 1339 209
7971 4 0 2291 2501 2480 623
7972 4 0 1461 1884 1460 1728
7973 4 0 179 479 67 2251
7974 4 0 2427 168 2091 653
7975 4 0 2427 653 2091 2428
7976 4 0 69 562 648 1459
7977 4 0 2292 650 67 2002
7978 4 0 1896 658 1891 2424
7979 4 0 2368 653 2091 168
7980 4 0 2428 653 2091 2368
7981 4 0 2368 168 2091 2428
7982 4 0 2091 2477 1458 2480
7983 4 0 1689 1184 143 1156
7984 4 0 1250 1212 78 1261
7985 4 0 609 2253 2003 2097
7986 4 0 2002 2292 178 67
7987 4 0 181 622 2093 1895
7988 4 0 75 1747 2003 79
7989 4 0 2341 2253 568 174
7990 4 0 639 1492 201 1489
7991 4 0 567 142 564 566
7992 4 0 615 481 1712 1494
7993 4 0 66 2251 67 479
7994 4 0 614 2480 1884 1458
7995 4 0 1895 181 602 1893
7996 4 0 1357 1399 311 188
7997 4 0 160 1498 655 1892
7998 4 0 2290 600 65 2454
7999 4 0 666 600 65 605
8000 4 0 1895 1461 602 181
8001 4 0 279 2196 1433 2140
8002 4 0 1461 1895 602 1460
8003 4 0 1742 168 629 181
8004 4 0 197 174 1493 190
8005 4 0 905 1307 1431 365
8006 4 0 1896 2429 1891 658
8007 4 0 637 638 2249 2367
8008 4 0 631 2440 2290 166
8009 4 0 155 481 480 615
8010 4 0 2289 165 666 64
8011 4 0 667 203 1891 1896
8012 4 0 2424 636 1891 203
8013 4 0 2384 1474 1713 482
8014 4 0 635 1474 1713 2384
8015 4 0 479 615 480 2342
8016 4 0 1899 1501 1713 482
8017 4 0 1474 1899 1713 482
8018 4 0 635 1899 1713 1474
8019 4 0 1494 1899 1713 635
8020 4 0 1494 1501 1713 1899
8021 4 0 1714 2198 67 66
8022 4 0 482 158 1712 481
8023 4 0 1501 158 1712 482
8024 4 0 1713 1494 1712 1501
8025 4 0 1713 635 1712 1494
8026 4 0 615 1494 1712 635
8027 4 0 1494 158 1712 1501
8028 4 0 1494 481 1712 158
8029 4 0 1483 2152 480 2251
8030 4 0 67 597 178 158
8031 4 0 2198 650 67 66
8032 4 0 2292 673 178 179
8033 4 0 648 1458 1728 622
8034 4 0 2251 479 66 1714
8035 4 0 1891 139 1739 1896
8036 4 0 1500 649 1459 1727
8037 4 0 66 483 484 1714
8038 4 0 2251 1714 66 650
8039 4 0 530 2074 388 1859
8040 4 0 614 1895 181 1461
8041 4 0 67 66 484 1714
8042 4 0 2198 650 66 1714
8043 4 0 562 1727 1459 560
8044 4 0 192 1492 201 2477
8045 4 0 659 1330 1325 1334
8046 4 0 651 658 1896 2424
8047 4 0 1500 2369 1459 649
8048 4 0 649 139 1459 560
8049 4 0 636 2424 485 2400
8050 4 0 2428 168 1500 2368
8051 4 0 610 658 608 2429
8052 4 0 485 658 608 610
8053 4 0 610 2424 485 658
8054 4 0 2400 2424 485 610
8055 4 0 608 2429 178 590
8056 4 0 1739 1459 1891 1896
8057 4 0 67 650 178 2002
8058 4 0 2400 1714 608 1429
8059 4 0 485 1714 67 484
8060 4 0 1383 316 212 1397
8061 4 0 610 2400 608 485
8062 4 0 1212 1319 78 1296
8063 4 0 1212 1323 78 1261
8064 4 0 2198 1714 608 2400
8065 4 0 67 1714 608 2198
8066 4 0 2369 2429 1896 658
8067 4 0 2400 610 608 2198
8068 4 0 2247 2198 608 610
8069 4 0 608 2429 1896 178
8070 4 0 610 2429 608 590
8071 4 0 610 590 608 2247
8072 4 0 622 2291 181 168
8073 4 0 667 658 1896 651
8074 4 0 667 651 1896 2424
8075 4 0 1744 649 1896 2369
8076 4 0 1744 139 1896 649
8077 4 0 1987 1244 498 1715
8078 4 0 667 645 1896 658
8079 4 0 2369 645 1896 667
8080 4 0 2369 658 1896 645
8081 4 0 203 139 1896 1744
8082 4 0 667 203 1896 1744
8083 4 0 667 1744 1896 2369
8084 4 0 1727 2428 1500 649
8085 4 0 1896 139 1739 649
8086 4 0 628 670 1500 168
8087 4 0 2368 670 1500 628
8088 4 0 2368 168 1500 670
8089 4 0 2368 649 1500 2428
8090 4 0 177 2368 1500 628
8091 4 0 177 649 1500 2368
8092 4 0 628 649 1500 177
8093 4 0 2091 1883 562 1458
8094 4 0 2091 1727 562 1883
8095 4 0 2091 2428 562 1727
8096 4 0 197 674 1492 656
8097 4 0 1896 2369 1459 1500
8098 4 0 1896 649 1459 2369
8099 4 0 319 1677 1150 2001
8100 4 0 112 2136 2445 100
8101 4 0 2088 1081 1017 1053
8102 4 0 1459 560 561 562
8103 4 0 2148 1883 561 560
8104 4 0 2148 560 561 1459
8105 4 0 1727 1883 561 562
8106 4 0 1727 560 561 1883
8107 4 0 562 560 561 1727
8108 4 0 622 1458 1728 1884
8109 4 0 493 491 1430 77
8110 4 0 81 1319 78 2338
8111 4 0 1739 485 636 69
8112 4 0 1739 139 69 636
8113 4 0 1891 139 69 1739
8114 4 0 203 139 69 1891
8115 4 0 203 636 69 139
8116 4 0 1891 636 69 203
8117 4 0 2427 1458 622 1884
8118 4 0 2427 168 622 1458
8119 4 0 2291 168 622 2427
8120 4 0 1372 200 1339 1354
8121 4 0 140 1458 1728 1883
8122 4 0 1742 197 629 2199
8123 4 0 1329 77 1357 1704
8124 4 0 181 614 629 2501
8125 4 0 656 173 669 197
8126 4 0 674 173 656 197
8127 4 0 562 2091 648 2428
8128 4 0 1500 2428 648 2091
8129 4 0 622 648 1460 1728
8130 4 0 622 1895 1460 648
8131 4 0 1728 1884 1460 622
8132 4 0 614 2480 1460 1884
8133 4 0 614 1895 1460 2480
8134 4 0 622 2480 1460 1895
8135 4 0 622 1884 1460 2427
8136 4 0 2480 2427 1460 1884
8137 4 0 622 2427 1460 2480
8138 4 0 630 2007 164 2319
8139 4 0 188 1394 1382 1396
8140 4 0 1895 181 1893 2093
8141 4 0 622 168 181 1500
8142 4 0 168 1890 181 2006
8143 4 0 168 2291 181 1890
8144 4 0 2480 623 181 2291
8145 4 0 1492 1489 1893 2093
8146 4 0 2006 1890 181 1737
8147 4 0 614 2480 181 1895
8148 4 0 2501 2480 181 614
8149 4 0 622 2427 181 2291
8150 4 0 2480 2427 181 622
8151 4 0 2480 2291 181 2427
8152 4 0 623 1737 181 1890
8153 4 0 623 1890 181 2291
8154 4 0 1742 190 197 2199
8155 4 0 514 96 99 2448
8156 4 0 2446 2363 592 1704
8157 4 0 181 2006 1742 168
8158 4 0 2071 1145 1965 414
8159 4 0 173 1493 174 190
8160 4 0 192 2004 2093 2501
8161 4 0 1492 674 2093 625
8162 4 0 174 2253 609 2097
8163 4 0 1492 1489 639 1893
8164 4 0 1747 644 601 2253
8165 4 0 623 674 1742 1737
8166 4 0 1492 674 629 2093
8167 4 0 2501 2004 629 623
8168 4 0 1178 276 2229 1693
8169 4 0 656 2366 1492 197
8170 4 0 2480 623 629 181
8171 4 0 2093 614 629 181
8172 4 0 1851 1152 1144 1677
8173 4 0 625 192 1492 656
8174 4 0 79 144 2003 75
8175 4 0 656 674 1492 625
8176 4 0 1468 1732 1467 1998
8177 4 0 2004 192 201 2477
8178 4 0 1689 1674 143 1184
8179 4 0 1458 2477 614 2480
8180 4 0 174 2097 1736 669
8181 4 0 1675 143 1156 2137
8182 4 0 1323 2435 78 308
8183 4 0 2093 181 602 614
8184 4 0 1461 614 602 181
8185 4 0 1244 1715 1988 1435
8186 4 0 141 566 563 564
8187 4 0 2363 2007 514 2448
8188 4 0 2477 2501 201 2004
8189 4 0 1023 2468 83 2132
8190 4 0 81 1309 1317 1262
8191 4 0 568 2341 2003 2253
8192 4 0 662 2366 2447 201
8193 4 0 591 2199 2447 204
8194 4 0 1463 639 75 142
8195 4 0 1357 1704 1477 1329
8196 4 0 2363 644 1703 1477
8197 4 0 209 2452 1372 1357
8198 4 0 1493 646 1740 2341
8199 4 0 2341 644 1477 2319
8200 4 0 2363 1704 1477 2319
8201 4 0 173 190 669 197
8202 4 0 1329 491 1324 1716
8203 4 0 1321 1267 1263 1323
8204 4 0 630 669 173 646
8205 4 0 644 1704 1477 2363
8206 4 0 1357 1329 1477 1354
8207 4 0 570 568 569 2003
8208 4 0 2448 1992 514 1444
8209 4 0 2322 2363 1703 2319
8210 4 0 1740 2341 568 171
8211 4 0 77 2363 490 1704
8212 4 0 638 2095 2249 1734
8213 4 0 159 2452 1704 1357
8214 4 0 2363 490 2286 2196
8215 4 0 204 661 609 171
8216 4 0 1444 1992 514 1445
8217 4 0 2496 157 1481 613
8218 4 0 495 76 2339 1431
8219 4 0 493 494 2144 496
8220 4 0 2070 2316 1175 1691
8221 4 0 1704 1321 2363 490
8222 4 0 1321 1366 2363 279
8223 4 0 1689 2470 143 1674
8224 4 0 2495 1646 2468 2485
8225 4 0 2286 490 494 1717
8226 4 0 2097 190 2343 669
8227 4 0 209 200 1372 1391
8228 4 0 1357 1399 2435 311
8229 4 0 2341 604 1493 646
8230 4 0 188 208 311 209
8231 4 0 86 905 501 1263
8232 4 0 2288 1263 501 1261
8233 4 0 2253 644 2341 1747
8234 4 0 188 1396 1382 1357
8235 4 0 192 2004 629 2093
8236 4 0 192 674 629 2004
8237 4 0 2093 674 629 192
8238 4 0 2341 2253 1477 644
8239 4 0 1367 200 1339 208
8240 4 0 1354 1357 1339 1372
8241 4 0 1357 2319 1477 1704
8242 4 0 296 2396 1382 1394
8243 4 0 1323 308 78 1329
8244 4 0 609 174 568 2253
8245 4 0 2253 2097 174 2341
8246 4 0 1321 1704 1357 77
8247 4 0 2452 1704 1357 1321
8248 4 0 1321 77 1357 1329
8249 4 0 2435 308 1357 1329
8250 4 0 171 662 1736 204
8251 4 0 1547 671 299 195
8252 4 0 311 1357 1339 2435
8253 4 0 188 311 1357 209
8254 4 0 1324 2435 1357 1329
8255 4 0 2363 490 1431 1433
8256 4 0 2435 1396 1357 308
8257 4 0 1399 188 1394 311
8258 4 0 1323 1321 1357 1329
8259 4 0 1323 308 1357 1321
8260 4 0 1329 308 1357 1323
8261 4 0 2452 1321 1357 2396
8262 4 0 308 2396 1357 1321
8263 4 0 669 190 2343 197
8264 4 0 1493 190 173 197
8265 4 0 308 1396 1357 2396
8266 4 0 1492 656 201 2366
8267 4 0 1329 1357 1339 1354
8268 4 0 1329 1324 1339 1357
8269 4 0 1705 300 1339 2435
8270 4 0 311 2435 1339 1399
8271 4 0 1622 1050 1833 2000
8272 4 0 208 311 1339 1399
8273 4 0 209 311 1339 208
8274 4 0 1357 1324 1339 2435
8275 4 0 1399 1400 1339 208
8276 4 0 1399 2435 1339 1400
8277 4 0 1334 1367 1339 300
8278 4 0 1705 1367 1339 1334
8279 4 0 1334 300 1339 1705
8280 4 0 1400 1367 1339 208
8281 4 0 1400 300 1339 1367
8282 4 0 903 902 1588 904
8283 4 0 1399 188 2435 1396
8284 4 0 1357 311 1339 209
8285 4 0 1400 2435 1339 1371
8286 4 0 300 1371 1339 2435
8287 4 0 1400 1371 1339 300
8288 4 0 192 2366 201 656
8289 4 0 2341 2319 174 604
8290 4 0 173 604 630 646
8291 4 0 646 604 2252 661
8292 4 0 2341 604 174 1493
8293 4 0 2199 174 190 2097
8294 4 0 188 159 2452 2446
8295 4 0 1357 1396 1382 2396
8296 4 0 188 311 1382 1394
8297 4 0 494 2286 2339 490
8298 4 0 1382 1366 2446 296
8299 4 0 669 646 1740 173
8300 4 0 1382 2452 2446 188
8301 4 0 1382 296 2446 2396
8302 4 0 1382 2396 2446 2452
8303 4 0 159 1704 2319 1357
8304 4 0 2363 1321 2446 1366
8305 4 0 1704 1321 2446 2363
8306 4 0 1321 296 2446 1366
8307 4 0 1321 2396 2446 296
8308 4 0 1321 1704 2446 2452
8309 4 0 2452 2396 2446 1321
8310 4 0 773 2025 1351 1366
8311 4 0 2003 2341 569 1729
8312 4 0 2363 644 601 2096
8313 4 0 601 1747 2096 634
8314 4 0 1682 1148 1687 1693
8315 4 0 2322 1729 145 1703
8316 4 0 1366 2446 592 1351
8317 4 0 1366 2363 592 2446
8318 4 0 174 2097 669 190
8319 4 0 174 190 669 173
8320 4 0 173 646 1740 1493
8321 4 0 174 2097 609 171
8322 4 0 609 2097 2472 591
8323 4 0 79 1747 1729 634
8324 4 0 75 1747 79 634
8325 4 0 2341 174 568 171
8326 4 0 174 2097 171 1736
8327 4 0 141 566 564 142
8328 4 0 1687 2227 1188 1671
8329 4 0 2341 174 171 1740
8330 4 0 173 1736 171 1740
8331 4 0 173 174 171 1736
8332 4 0 1740 174 171 1493
8333 4 0 173 1493 171 174
8334 4 0 1740 1493 171 173
8335 4 0 630 604 2252 646
8336 4 0 569 514 1444 660
8337 4 0 592 2363 1350 2007
8338 4 0 494 77 492 490
8339 4 0 630 2319 2252 604
8340 4 0 666 605 65 64
8341 4 0 1886 2003 1462 1729
8342 4 0 568 661 569 2341
8343 4 0 2341 604 2252 2319
8344 4 0 661 604 2252 2341
8345 4 0 2088 1053 1017 1083
8346 4 0 494 490 492 1717
8347 4 0 2252 660 569 145
8348 4 0 2097 609 204 591
8349 4 0 2007 630 164 2252
8350 4 0 1736 669 2343 1740
8351 4 0 2097 1736 2343 204
8352 4 0 1477 2319 1703 2363
8353 4 0 192 656 201 1492
8354 4 0 2097 1489 591 2199
8355 4 0 614 2480 2477 2501
8356 4 0 1492 2366 201 197
8357 4 0 591 639 1463 141
8358 4 0 591 2199 204 2097
8359 4 0 190 2097 204 2199
8360 4 0 2149 1996 2003 144
8361 4 0 568 609 2003 2472
8362 4 0 141 201 564 2477
8363 4 0 204 190 2343 2097
8364 4 0 142 567 564 1461
8365 4 0 2004 192 2477 2501
8366 4 0 1151 1161 143 2470
8367 4 0 669 646 2343 1740
8368 4 0 2097 669 2343 1736
8369 4 0 192 1492 2477 2093
8370 4 0 2093 2501 2477 192
8371 4 0 2093 614 2477 2501
8372 4 0 564 2477 563 141
8373 4 0 564 565 563 2477
8374 4 0 1693 1164 2229 1673
8375 4 0 669 197 2343 656
8376 4 0 2366 656 2343 197
8377 4 0 1161 1184 143 1674
8378 4 0 1477 644 1703 2319
8379 4 0 142 201 564 141
8380 4 0 1323 1296 78 2435
8381 4 0 190 2199 2447 197
8382 4 0 201 197 2447 2199
8383 4 0 662 201 2447 204
8384 4 0 591 204 2447 201
8385 4 0 201 2199 2447 591
8386 4 0 2343 190 2447 197
8387 4 0 2343 197 2447 2366
8388 4 0 2097 1489 1463 591
8389 4 0 201 1492 564 2477
8390 4 0 639 1893 142 1492
8391 4 0 142 1492 564 201
8392 4 0 142 1461 564 602
8393 4 0 567 565 564 1461
8394 4 0 201 639 141 142
8395 4 0 2472 144 141 591
8396 4 0 201 1489 141 639
8397 4 0 591 1489 141 201
8398 4 0 591 639 141 1489
8399 4 0 2477 614 564 565
8400 4 0 1461 565 564 614
8401 4 0 1461 614 564 602
8402 4 0 142 602 564 1893
8403 4 0 142 1893 564 1492
8404 4 0 2477 2093 564 614
8405 4 0 602 614 564 2093
8406 4 0 2093 1893 564 602
8407 4 0 2093 1492 564 1893
8408 4 0 2477 1492 564 2093
8409 4 0 201 609 591 204
8410 4 0 2003 79 1729 1886
8411 4 0 1447 1310 2140 279
8412 4 0 1747 644 634 601
8413 4 0 639 1489 75 1747
8414 4 0 2003 1747 1729 79
8415 4 0 493 492 494 1430
8416 4 0 1886 2149 2003 79
8417 4 0 1996 568 2003 2472
8418 4 0 1168 1164 26 1182
8419 4 0 1747 1489 75 2253
8420 4 0 145 2003 569 1729
8421 4 0 1016 1077 587 1732
8422 4 0 1968 2233 527 2067
8423 4 0 1463 2097 75 1489
8424 4 0 2253 1489 75 2097
8425 4 0 1329 1323 76 78
8426 4 0 1209 1203 1232 1211
8427 4 0 1463 144 75 2472
8428 4 0 1463 591 75 2097
8429 4 0 2472 591 75 1463
8430 4 0 2472 2097 75 591
8431 4 0 2448 2363 2196 2322
8432 4 0 1161 2470 1151 1674
8433 4 0 2472 144 2003 1996
8434 4 0 99 96 642 2448
8435 4 0 2003 2341 1729 1747
8436 4 0 609 2097 2003 2472
8437 4 0 75 2253 2003 1747
8438 4 0 1747 2253 2003 2341
8439 4 0 1232 2074 1024 1819
8440 4 0 1022 1825 2058 1952
8441 4 0 2363 490 1433 2286
8442 4 0 1431 2286 2339 1433
8443 4 0 517 521 2414 1447
8444 4 0 634 1747 1729 2341
8445 4 0 2322 2319 1703 660
8446 4 0 1703 660 145 2322
8447 4 0 1859 2185 1085 530
8448 4 0 1859 2074 388 1645
8449 4 0 1447 515 513 211
8450 4 0 145 2319 569 2252
8451 4 0 1703 1729 145 2096
8452 4 0 81 1319 1317 2435
8453 4 0 2252 2319 164 660
8454 4 0 644 660 1703 2319
8455 4 0 2252 2242 164 642
8456 4 0 529 528 527 526
8457 4 0 592 1366 2196 2363
8458 4 0 1351 1366 2196 592
8459 4 0 2144 494 495 496
8460 4 0 1016 2132 83 2468
8461 4 0 1717 490 492 2286
8462 4 0 164 2252 1350 2007
8463 4 0 2363 2319 514 2007
8464 4 0 145 660 1444 2322
8465 4 0 1703 644 145 660
8466 4 0 2096 644 145 1703
8467 4 0 2070 1183 1175 2316
8468 4 0 2003 1996 570 568
8469 4 0 2096 601 145 644
8470 4 0 1055 1040 2215 1989
8471 4 0 2096 634 145 601
8472 4 0 1729 634 145 2096
8473 4 0 644 601 145 634
8474 4 0 569 660 1444 145
8475 4 0 2319 660 145 644
8476 4 0 2252 660 145 2319
8477 4 0 2341 634 145 1729
8478 4 0 2341 644 145 634
8479 4 0 2252 630 164 2319
8480 4 0 2341 2319 145 644
8481 4 0 2003 568 569 2341
8482 4 0 2341 661 569 2252
8483 4 0 2252 2319 569 2341
8484 4 0 514 1446 1720 99
8485 4 0 2322 660 1444 2319
8486 4 0 99 515 2242 1502
8487 4 0 514 96 164 660
8488 4 0 2448 1992 1444 2322
8489 4 0 2363 2448 1444 2322
8490 4 0 646 1350 2252 2007
8491 4 0 2322 2319 1444 2363
8492 4 0 1443 1502 513 515
8493 4 0 1281 98 513 515
8494 4 0 279 2196 2140 1447
8495 4 0 514 2319 164 2007
8496 4 0 1280 1301 2140 1259
8497 4 0 1447 2196 2140 80
8498 4 0 2140 2196 1433 80
8499 4 0 164 514 2242 96
8500 4 0 2196 2363 1350 592
8501 4 0 1175 1174 1690 1179
8502 4 0 1145 1149 26 1172
8503 4 0 2350 390 2147 513
8504 4 0 2350 2382 513 1327
8505 4 0 1447 2437 513 1536
8506 4 0 1444 2319 164 514
8507 4 0 1444 660 164 2319
8508 4 0 514 660 164 1444
8509 4 0 2007 2448 1350 514
8510 4 0 1164 414 1965 26
8511 4 0 2238 98 2147 2383
8512 4 0 2494 1863 2485 2495
8513 4 0 515 99 1447 1446
8514 4 0 2005 2244 665 1484
8515 4 0 2136 1678 112 1192
8516 4 0 2468 84 2287 1256
8517 4 0 1210 2074 363 2475
8518 4 0 2468 1646 118 2485
8519 4 0 517 1992 1876 1447
8520 4 0 409 2394 422 1225
8521 4 0 390 1297 2383 2340
8522 4 0 411 1189 1249 422
8523 4 0 1968 2067 2238 2233
8524 4 0 84 2185 1085 1055
8525 4 0 1089 2132 1434 1247
8526 4 0 2007 514 1350 164
8527 4 0 1329 77 76 1321
8528 4 0 118 1646 1085 530
8529 4 0 2495 2421 2485 2494
8530 4 0 2435 1319 1317 300
8531 4 0 2414 80 1433 2196
8532 4 0 1622 2000 1833 1022
8533 4 0 642 514 1350 2448
8534 4 0 997 1022 1635 1056
8535 4 0 2495 1646 2485 2421
8536 4 0 2448 99 1447 642
8537 4 0 1877 519 1447 516
8538 4 0 517 1992 1447 2448
8539 4 0 2196 2448 1447 1350
8540 4 0 2196 2286 1433 2414
8541 4 0 99 1720 1447 516
8542 4 0 2468 1646 1084 1085
8543 4 0 1329 1321 76 1323
8544 4 0 1274 521 1447 80
8545 4 0 99 516 1447 1446
8546 4 0 1819 118 1024 101
8547 4 0 1447 80 1974 1274
8548 4 0 1330 1090 1317 1262
8549 4 0 1447 520 518 521
8550 4 0 1447 1992 1876 1445
8551 4 0 2439 1055 1084 1085
8552 4 0 1349 642 1447 211
8553 4 0 2242 99 1447 515
8554 4 0 520 521 1447 1274
8555 4 0 1349 1975 1447 2433
8556 4 0 1349 1351 1447 1350
8557 4 0 1349 2433 1447 1351
8558 4 0 1975 423 1447 1310
8559 4 0 1350 1351 1447 592
8560 4 0 2196 592 1447 1351
8561 4 0 1350 592 1447 2196
8562 4 0 514 1445 1447 1720
8563 4 0 514 1992 1447 1445
8564 4 0 1349 2437 1447 1975
8565 4 0 211 2437 1447 1349
8566 4 0 211 1502 1447 515
8567 4 0 2242 1502 1447 211
8568 4 0 2242 515 1447 1502
8569 4 0 1274 1645 1447 520
8570 4 0 2025 1310 1447 279
8571 4 0 1975 2025 1447 2433
8572 4 0 1975 1310 1447 2025
8573 4 0 1351 1366 1447 2196
8574 4 0 1351 2025 1447 1366
8575 4 0 1289 423 1447 1975
8576 4 0 286 1289 1447 1975
8577 4 0 423 2406 1447 1310
8578 4 0 423 1215 1447 2406
8579 4 0 1351 773 1447 2025
8580 4 0 2433 773 1447 1351
8581 4 0 2433 2025 1447 773
8582 4 0 1366 279 1447 2196
8583 4 0 1366 2025 1447 279
8584 4 0 286 1536 1447 1289
8585 4 0 1536 286 1447 1975
8586 4 0 1975 2437 1447 1536
8587 4 0 511 118 1024 1082
8588 4 0 1024 2074 1082 388
8589 4 0 2194 511 390 1082
8590 4 0 863 1197 2073 1117
8591 4 0 1289 1215 1447 423
8592 4 0 2074 1055 2185 2475
8593 4 0 1310 2406 1447 2039
8594 4 0 2073 1447 1859 1208
8595 4 0 1321 1307 1263 1267
8596 4 0 1208 1215 1447 1289
8597 4 0 1090 1330 1317 1319
8598 4 0 497 491 493 77
8599 4 0 1447 2448 2414 517
8600 4 0 2075 411 1268 1189
8601 4 0 511 1645 390 1698
8602 4 0 1244 2287 1435 1232
8603 4 0 1261 1212 2288 1250
8604 4 0 1212 1267 1263 905
8605 4 0 2073 1645 1859 1447
8606 4 0 587 1732 154 1016
8607 4 0 1705 2435 1317 300
8608 4 0 1244 905 86 1987
8609 4 0 2287 2140 1232 1244
8610 4 0 365 1259 1244 1203
8611 4 0 2140 1259 1244 1280
8612 4 0 365 1280 1244 1259
8613 4 0 1016 87 83 2131
8614 4 0 118 84 1085 2468
8615 4 0 2140 279 1244 1433
8616 4 0 2140 1280 1244 279
8617 4 0 1321 1323 1263 76
8618 4 0 82 1955 1017 68
8619 4 0 1085 530 1084 2439
8620 4 0 84 1256 2468 2485
8621 4 0 1210 1645 1859 2073
8622 4 0 422 2394 388 1698
8623 4 0 365 1307 1244 1280
8624 4 0 279 1280 1244 1307
8625 4 0 375 1326 1361 1318
8626 4 0 1434 1089 1732 2132
8627 4 0 1218 2185 1232 84
8628 4 0 1218 2311 363 2475
8629 4 0 1209 365 1232 1203
8630 4 0 2421 1998 2495 1732
8631 4 0 1697 86 905 1212
8632 4 0 1467 1022 2218 2000
8633 4 0 1434 1648 2132 1077
8634 4 0 1244 2140 1431 1987
8635 4 0 84 1055 1023 2311
8636 4 0 580 1048 581 1053
8637 4 0 1211 1645 1210 1274
8638 4 0 1212 1323 1263 1267
8639 4 0 2468 1055 1023 84
8640 4 0 1162 1153 106 1853
8641 4 0 2485 2494 101 1863
8642 4 0 153 2000 1467 589
8643 4 0 1085 1646 1084 530
8644 4 0 1433 1321 1431 2363
8645 4 0 106 2432 2334 1162
8646 4 0 2485 2495 1434 2468
8647 4 0 2468 1247 1434 2485
8648 4 0 1256 2485 1434 1247
8649 4 0 2468 1646 1434 1247
8650 4 0 2495 1646 1434 2468
8651 4 0 1646 1089 1434 1247
8652 4 0 2421 1089 1434 1646
8653 4 0 2495 2421 1434 1646
8654 4 0 1256 1974 1434 2485
8655 4 0 1211 2074 363 1210
8656 4 0 2074 1218 1232 1211
8657 4 0 1209 1211 1232 1218
8658 4 0 1974 1645 1211 1274
8659 4 0 2039 2283 1211 1203
8660 4 0 1211 1218 363 2074
8661 4 0 1274 1447 1211 1974
8662 4 0 1705 1330 1317 1324
8663 4 0 2283 2039 1211 863
8664 4 0 1218 1023 363 2311
8665 4 0 863 2039 1211 1197
8666 4 0 1197 2039 1211 406
8667 4 0 2039 1215 1211 406
8668 4 0 1197 1215 1211 1447
8669 4 0 1197 406 1211 1215
8670 4 0 1447 1215 1211 2406
8671 4 0 2039 2406 1211 1215
8672 4 0 1447 2406 1211 2039
8673 4 0 1210 1645 2073 1447
8674 4 0 1211 2283 2073 1210
8675 4 0 1211 863 2073 2283
8676 4 0 1211 1197 2073 863
8677 4 0 1447 1211 2073 1210
8678 4 0 1447 1197 2073 1211
8679 4 0 1215 1197 2073 1447
8680 4 0 1215 1117 2073 1197
8681 4 0 1208 1215 2073 1447
8682 4 0 1208 1117 2073 1215
8683 4 0 2485 84 118 2468
8684 4 0 2074 1211 1232 1210
8685 4 0 1256 2140 1232 2287
8686 4 0 530 1256 1819 1232
8687 4 0 2140 80 1232 1447
8688 4 0 2140 1447 1232 1310
8689 4 0 2039 1447 1232 1211
8690 4 0 1211 1203 1232 2039
8691 4 0 1256 80 1232 2140
8692 4 0 1210 2074 1859 1232
8693 4 0 1232 1645 1859 1210
8694 4 0 1232 2074 1859 1645
8695 4 0 1210 1211 1232 1974
8696 4 0 1210 1974 1232 1645
8697 4 0 2074 1645 1232 1974
8698 4 0 92 1225 1698 2394
8699 4 0 1447 2039 1232 1310
8700 4 0 2140 1310 1232 1301
8701 4 0 1211 1447 1232 1974
8702 4 0 1256 1974 1232 80
8703 4 0 1447 80 1232 1974
8704 4 0 1259 2039 1232 1203
8705 4 0 1259 1310 1232 2039
8706 4 0 1259 1301 1232 1310
8707 4 0 2140 1301 1232 1259
8708 4 0 2140 1259 1232 1203
8709 4 0 81 1716 1317 1309
8710 4 0 81 1262 1317 1090
8711 4 0 308 2435 78 1329
8712 4 0 497 1716 78 1317
8713 4 0 1952 1083 1017 1053
8714 4 0 1090 2338 2288 1250
8715 4 0 498 500 1988 1715
8716 4 0 151 1003 1015 391
8717 4 0 2338 1090 81 1319
8718 4 0 2144 494 492 1717
8719 4 0 2363 1321 1431 490
8720 4 0 1278 1304 81 1309
8721 4 0 494 77 2339 76
8722 4 0 1433 490 1431 2286
8723 4 0 279 1307 1431 1321
8724 4 0 1432 500 2321 499
8725 4 0 496 494 495 76
8726 4 0 497 1329 76 78
8727 4 0 1329 1716 497 491
8728 4 0 2005 1484 665 1892
8729 4 0 76 497 493 77
8730 4 0 1988 86 2321 1435
8731 4 0 1329 491 497 77
8732 4 0 76 496 493 497
8733 4 0 905 365 1431 1244
8734 4 0 905 1244 1431 1987
8735 4 0 279 1321 1431 1433
8736 4 0 1244 365 1431 1307
8737 4 0 77 1321 1431 76
8738 4 0 1263 2288 2321 1432
8739 4 0 86 905 1263 1987
8740 4 0 1263 2288 501 2321
8741 4 0 1263 500 2321 498
8742 4 0 1988 498 2321 500
8743 4 0 86 1212 501 905
8744 4 0 1050 1083 2088 1952
8745 4 0 1435 1244 2321 1988
8746 4 0 1263 498 2321 1987
8747 4 0 1244 1435 2321 86
8748 4 0 1263 1212 501 1261
8749 4 0 76 1323 1263 78
8750 4 0 1713 635 2289 2342
8751 4 0 1431 1987 1263 905
8752 4 0 2288 1212 501 1250
8753 4 0 86 1987 2321 1244
8754 4 0 1244 1715 2321 1988
8755 4 0 1244 1987 2321 1715
8756 4 0 1715 498 2321 1988
8757 4 0 1715 1987 2321 498
8758 4 0 1833 1050 2088 1952
8759 4 0 2074 1974 1024 1645
8760 4 0 1016 1083 1952 1648
8761 4 0 1016 1022 1952 1083
8762 4 0 1648 1022 1952 1016
8763 4 0 64 635 2289 2384
8764 4 0 1713 2384 2289 635
8765 4 0 1077 2088 1833 1622
8766 4 0 635 615 2289 2342
8767 4 0 1022 1825 1952 1083
8768 4 0 1622 1050 2088 1833
8769 4 0 1083 1080 1952 1050
8770 4 0 1825 1080 1952 1083
8771 4 0 1080 1050 2088 1081
8772 4 0 1083 1050 2088 1080
8773 4 0 1080 1053 2088 1083
8774 4 0 1080 1081 2088 1053
8775 4 0 2189 1164 1693 276
8776 4 0 2384 1743 2289 2009
8777 4 0 2384 482 2289 1743
8778 4 0 1713 482 2289 2384
8779 4 0 2384 2009 2289 165
8780 4 0 2384 165 2289 64
8781 4 0 64 2289 65 666
8782 4 0 1503 1738 617 2250
8783 4 0 620 2367 1889 657
8784 4 0 1892 2143 655 1482
8785 4 0 1730 1478 594 1487
8786 4 0 2290 600 160 2245
8787 4 0 2454 1486 160 1491
8788 4 0 2245 1486 160 1498
8789 4 0 2454 1498 160 1486
8790 4 0 643 1470 2484 607
8791 4 0 169 600 160 1491
8792 4 0 2245 600 160 169
8793 4 0 2245 169 160 1486
8794 4 0 1491 1486 160 169
8795 4 0 2289 1743 666 2009
8796 4 0 64 605 65 166
8797 4 0 2011 605 65 600
8798 4 0 2290 631 65 600
8799 4 0 1894 605 65 2011
8800 4 0 166 605 65 1894
8801 4 0 2290 166 65 631
8802 4 0 1894 2011 65 668
8803 4 0 631 640 65 600
8804 4 0 668 640 65 631
8805 4 0 2011 640 65 668
8806 4 0 2011 600 65 640
8807 4 0 166 2008 65 631
8808 4 0 668 631 65 2008
8809 4 0 1894 2008 65 166
8810 4 0 1894 668 65 2008
8811 4 0 2005 160 655 1892
8812 4 0 2005 2094 655 1472
8813 4 0 2290 2454 655 160
8814 4 0 1746 2244 2005 663
8815 4 0 1482 191 2005 633
8816 4 0 1482 2094 2005 191
8817 4 0 1746 633 2005 191
8818 4 0 1484 633 2005 1746
8819 4 0 595 1503 2098 1738
8820 4 0 618 595 2098 1738
8821 4 0 618 1505 2098 595
8822 4 0 1479 2367 1889 620
8823 4 0 1505 652 665 618
8824 4 0 663 1472 665 652
8825 4 0 663 652 665 1505
8826 4 0 2496 1472 665 618
8827 4 0 2496 652 665 1472
8828 4 0 618 652 665 2496
8829 4 0 595 1503 1481 2098
8830 4 0 595 157 1481 1503
8831 4 0 2098 1505 1481 595
8832 4 0 2496 632 1481 652
8833 4 0 595 632 1481 613
8834 4 0 1505 632 1481 595
8835 4 0 652 632 1481 1505
8836 4 0 2496 618 1481 2098
8837 4 0 2496 652 1481 618
8838 4 0 2098 618 1481 1505
8839 4 0 652 1505 1481 618
8840 4 0 2200 162 1734 619
8841 4 0 2367 620 637 1748
8842 4 0 593 2416 2250 657
8843 4 0 162 1889 624 593
8844 4 0 1193 2191 1192 412
8845 4 0 2226 109 1678 1146
8846 4 0 1481 157 1889 657
8847 4 0 638 2095 1734 162
8848 4 0 1852 1183 413 2084
8849 4 0 2345 162 637 638
8850 4 0 641 2150 2243 1734
8851 4 0 2092 2090 2010 2417
8852 4 0 2098 657 2250 1481
8853 4 0 1473 1470 1488 1485
8854 4 0 1195 2138 417 1252
8855 4 0 1479 1898 624 2248
8856 4 0 2484 607 1488 2344
8857 4 0 2254 162 1490 624
8858 4 0 664 619 1734 2150
8859 4 0 638 664 637 2200
8860 4 0 637 2367 2249 2095
8861 4 0 388 1085 530 1859
8862 4 0 2095 2416 593 657
8863 4 0 2417 2090 641 1490
8864 4 0 1490 1499 641 2417
8865 4 0 620 657 1889 156
8866 4 0 638 2200 637 2345
8867 4 0 1479 156 1889 157
8868 4 0 162 657 624 1889
8869 4 0 620 156 1889 1479
8870 4 0 643 607 1487 1470
8871 4 0 2243 1499 2010 641
8872 4 0 2367 1748 637 1735
8873 4 0 138 1499 1749 2092
8874 4 0 638 162 637 593
8875 4 0 1479 620 637 2367
8876 4 0 2345 593 637 162
8877 4 0 2095 1479 637 2367
8878 4 0 162 619 2200 624
8879 4 0 2095 162 638 593
8880 4 0 2200 619 1734 664
8881 4 0 2095 638 2249 637
8882 4 0 2095 657 2249 2416
8883 4 0 617 2367 2249 1503
8884 4 0 617 2416 2249 2367
8885 4 0 593 2095 1734 619
8886 4 0 162 2095 1734 593
8887 4 0 593 619 1734 162
8888 4 0 2248 1898 2345 2090
8889 4 0 1481 157 2250 2098
8890 4 0 1503 1738 2250 2098
8891 4 0 1481 657 2250 157
8892 4 0 657 156 2250 157
8893 4 0 617 1503 2249 1738
8894 4 0 1898 624 2345 2200
8895 4 0 1898 2248 2345 624
8896 4 0 2098 1738 2250 618
8897 4 0 593 657 2250 162
8898 4 0 593 162 2345 2248
8899 4 0 638 664 2345 162
8900 4 0 2200 664 2345 638
8901 4 0 2200 162 2345 664
8902 4 0 624 162 2345 2200
8903 4 0 624 2248 2345 162
8904 4 0 2248 620 637 1479
8905 4 0 593 2248 637 1479
8906 4 0 593 1479 637 2095
8907 4 0 1735 156 2250 2416
8908 4 0 1748 1503 2250 157
8909 4 0 1735 1503 2250 1748
8910 4 0 156 1735 2250 1748
8911 4 0 1748 157 2250 156
8912 4 0 618 2416 617 2250
8913 4 0 2250 1738 617 618
8914 4 0 1735 2416 617 2367
8915 4 0 2367 1503 617 1735
8916 4 0 1735 1503 617 2250
8917 4 0 2250 2416 617 1735
8918 4 0 2367 657 2249 1889
8919 4 0 2367 2416 2249 657
8920 4 0 2095 2367 2249 1479
8921 4 0 1889 1479 2249 2367
8922 4 0 2095 1479 2249 1889
8923 4 0 1730 1485 621 594
8924 4 0 643 1473 1730 1487
8925 4 0 1487 1478 594 643
8926 4 0 641 1499 612 2243
8927 4 0 1487 1470 2484 643
8928 4 0 1749 616 1488 2385
8929 4 0 2417 2090 1490 1898
8930 4 0 1675 1184 2445 2001
8931 4 0 582 1063 586 85
8932 4 0 607 2385 1488 2344
8933 4 0 641 2150 2010 2243
8934 4 0 1859 1208 1698 1216
8935 4 0 2216 582 2451 1071
8936 4 0 647 1499 1490 2417
8937 4 0 363 2475 530 1218
8938 4 0 1060 1022 1635 2058
8939 4 0 641 2090 2010 2150
8940 4 0 2092 1898 1749 2090
8941 4 0 1467 2000 2218 589
8942 4 0 2137 1169 2445 100
8943 4 0 607 1470 2484 1496
8944 4 0 172 1496 2344 2484
8945 4 0 616 647 612 2385
8946 4 0 586 2313 1404 68
8947 4 0 664 1734 2243 2150
8948 4 0 2417 1898 1490 624
8949 4 0 2092 2417 2010 641
8950 4 0 2243 138 616 2010
8951 4 0 1478 1485 594 606
8952 4 0 2417 1898 2092 2090
8953 4 0 641 2417 2010 2090
8954 4 0 152 1835 151 1888
8955 4 0 582 85 581 1048
8956 4 0 2439 2132 1047 1084
8957 4 0 1888 1043 151 152
8958 4 0 2484 1499 612 641
8959 4 0 1730 1473 611 1485
8960 4 0 84 1256 530 2287
8961 4 0 2254 2150 641 619
8962 4 0 85 1955 581 82
8963 4 0 1470 606 611 1485
8964 4 0 1496 616 1488 1749
8965 4 0 2484 1496 1488 607
8966 4 0 2092 1499 1749 647
8967 4 0 2010 2092 138 2090
8968 4 0 643 172 594 2344
8969 4 0 2090 2200 138 2010
8970 4 0 2010 2150 616 2243
8971 4 0 616 1496 612 1470
8972 4 0 594 1485 621 606
8973 4 0 109 2191 1193 1173
8974 4 0 2147 513 1990 1311
8975 4 0 607 643 2344 2484
8976 4 0 1749 138 1488 1496
8977 4 0 1730 1485 611 621
8978 4 0 1678 2191 1192 109
8979 4 0 647 2385 2344 172
8980 4 0 1487 2243 612 616
8981 4 0 606 1470 1473 1485
8982 4 0 1047 1016 2215 1060
8983 4 0 1017 1081 2364 1053
8984 4 0 1749 138 1496 616
8985 4 0 129 1043 151 1888
8986 4 0 594 1478 621 643
8987 4 0 616 138 1496 2010
8988 4 0 388 530 1819 2074
8989 4 0 1232 2074 1819 530
8990 4 0 172 2484 2344 643
8991 4 0 607 643 594 2344
8992 4 0 647 2092 2385 1749
8993 4 0 1146 109 1846 1193
8994 4 0 607 2344 594 1730
8995 4 0 2088 1050 2364 1081
8996 4 0 1730 643 594 607
8997 4 0 1053 82 2364 1017
8998 4 0 616 1470 612 1487
8999 4 0 1471 621 654 1476
9000 4 0 612 647 172 2385
9001 4 0 84 2287 530 1232
9002 4 0 1017 1955 2364 2088
9003 4 0 1487 643 594 1730
9004 4 0 1473 1485 654 611
9005 4 0 1824 1641 2216 132
9006 4 0 621 1485 1476 606
9007 4 0 825 1922 2027 2351
9008 4 0 611 1485 1476 621
9009 4 0 1485 1470 1488 1496
9010 4 0 1730 1473 654 611
9011 4 0 612 1496 172 2484
9012 4 0 1473 1478 1487 606
9013 4 0 413 1174 1182 1179
9014 4 0 778 784 21 807
9015 4 0 606 616 1487 1470
9016 4 0 1471 1476 654 598
9017 4 0 2344 172 1488 1496
9018 4 0 612 1496 1488 172
9019 4 0 172 2385 1488 612
9020 4 0 2344 2385 1488 172
9021 4 0 598 1476 2246 1471
9022 4 0 1471 1730 654 621
9023 4 0 1478 594 621 606
9024 4 0 607 1473 1730 643
9025 4 0 1471 1476 2246 621
9026 4 0 611 606 1476 1485
9027 4 0 1025 401 89 997
9028 4 0 1247 1646 1084 2468
9029 4 0 2088 1081 2364 1017
9030 4 0 1079 580 1071 582
9031 4 0 363 1218 530 2074
9032 4 0 82 1955 2364 1017
9033 4 0 513 1327 1990 1311
9034 4 0 1487 1478 1476 606
9035 4 0 1218 2185 530 1232
9036 4 0 2055 1004 1628 2056
9037 4 0 1641 576 543 1003
9038 4 0 356 828 893 2240
9039 4 0 1015 1835 151 152
9040 4 0 68 577 1404 1049
9041 4 0 1888 1005 151 129
9042 4 0 1634 1404 1009 586
9043 4 0 1050 1955 2088 2364
9044 4 0 1859 1447 1698 1208
9045 4 0 2485 1863 101 1974
9046 4 0 1698 1024 390 1082
9047 4 0 511 1645 1082 1024
9048 4 0 511 1698 1082 1645
9049 4 0 422 1698 390 2394
9050 4 0 411 2340 2474 2067
9051 4 0 1227 1225 1698 92
9052 4 0 1227 1815 1698 1225
9053 4 0 422 1698 2474 390
9054 4 0 1447 1289 1698 1208
9055 4 0 1217 1208 1698 1289
9056 4 0 1227 92 1698 1217
9057 4 0 1217 1815 1698 1227
9058 4 0 422 409 2474 2067
9059 4 0 422 2194 2383 390
9060 4 0 1060 87 1635 1022
9061 4 0 1974 1863 101 2494
9062 4 0 1077 2495 1732 1434
9063 4 0 1060 2058 1635 401
9064 4 0 997 1056 1635 1040
9065 4 0 2474 2194 527 2383
9066 4 0 1434 2421 1732 1089
9067 4 0 589 1469 1467 153
9068 4 0 588 1467 1466 587
9069 4 0 83 2132 2439 1023
9070 4 0 2383 411 2238 1249
9071 4 0 116 117 1451 526
9072 4 0 1732 1089 1047 2132
9073 4 0 2215 1040 1635 1060
9074 4 0 1023 1055 2439 2311
9075 4 0 1468 2000 1467 153
9076 4 0 1468 1622 1467 2000
9077 4 0 1998 1622 1467 1468
9078 4 0 118 1089 101 2421
9079 4 0 1622 1022 1467 2000
9080 4 0 1077 1622 1467 1998
9081 4 0 1016 87 1467 1022
9082 4 0 1622 1077 1467 1648
9083 4 0 1648 1022 1467 1622
9084 4 0 1648 1016 1467 1022
9085 4 0 1077 1016 1467 1648
9086 4 0 2191 419 1173 1858
9087 4 0 401 1022 1635 997
9088 4 0 2439 83 1047 2132
9089 4 0 1016 2132 1047 83
9090 4 0 1819 530 101 1256
9091 4 0 2215 1060 1635 2439
9092 4 0 401 2439 1635 1060
9093 4 0 587 1016 154 1047
9094 4 0 1047 1084 1060 2439
9095 4 0 1040 87 1635 1060
9096 4 0 1047 1732 154 1089
9097 4 0 587 1467 154 1732
9098 4 0 1466 1732 154 1467
9099 4 0 1991 2146 2147 513
9100 4 0 1443 515 513 98
9101 4 0 2474 1249 2238 411
9102 4 0 2485 2421 101 2494
9103 4 0 2318 1315 2147 1311
9104 4 0 1047 2439 2215 83
9105 4 0 582 1063 2216 1009
9106 4 0 582 85 586 1049
9107 4 0 1634 576 1404 2313
9108 4 0 1047 1016 1060 587
9109 4 0 1169 2137 419 1147
9110 4 0 660 661 568 609
9111 4 0 526 2233 527 420
9112 4 0 118 2421 101 2485
9113 4 0 420 1968 527 526
9114 4 0 2218 1022 1999 2058
9115 4 0 2383 2340 2238 411
9116 4 0 2218 1467 1999 1022
9117 4 0 1079 582 1071 1009
9118 4 0 68 1049 1404 586
9119 4 0 2364 1081 580 1053
9120 4 0 588 1467 1999 1469
9121 4 0 401 2058 1635 1022
9122 4 0 1060 1022 1999 1467
9123 4 0 2058 1022 1999 1060
9124 4 0 1016 1467 1060 587
9125 4 0 1016 87 1060 1467
9126 4 0 87 2131 1060 1040
9127 4 0 1016 2131 1060 87
9128 4 0 2421 1645 101 2494
9129 4 0 1467 87 1060 1022
9130 4 0 2058 1081 2218 589
9131 4 0 116 525 2360 526
9132 4 0 1447 1645 1281 520
9133 4 0 520 519 1281 1447
9134 4 0 1442 1281 2238 2383
9135 4 0 1281 1447 390 1645
9136 4 0 1698 1645 390 1447
9137 4 0 2135 2474 1158 2067
9138 4 0 527 2238 2360 1968
9139 4 0 2233 2067 2238 2474
9140 4 0 2233 2340 2238 2318
9141 4 0 2474 411 2238 2340
9142 4 0 2474 2340 2238 2233
9143 4 0 2383 2318 2238 2340
9144 4 0 422 1249 2474 1189
9145 4 0 1024 1646 118 1819
9146 4 0 513 1443 512 1502
9147 4 0 1968 2318 1721 420
9148 4 0 411 2067 2474 409
9149 4 0 1968 526 1721 2360
9150 4 0 1189 1249 2474 409
9151 4 0 1189 409 2474 422
9152 4 0 1249 411 2474 409
9153 4 0 93 2135 1158 2067
9154 4 0 1447 1289 390 1698
9155 4 0 2350 1297 390 1702
9156 4 0 2350 1289 390 2382
9157 4 0 1702 1297 390 1236
9158 4 0 1236 1268 390 1225
9159 4 0 1236 1297 390 1268
9160 4 0 1225 1815 390 1236
9161 4 0 1698 1815 390 1225
9162 4 0 2350 1702 390 1815
9163 4 0 1815 1289 390 2350
9164 4 0 1225 1189 390 422
9165 4 0 1225 411 390 1189
9166 4 0 1268 411 390 1225
9167 4 0 1268 2340 390 411
9168 4 0 1268 1297 390 2340
9169 4 0 1702 1236 390 1815
9170 4 0 1698 1289 390 1217
9171 4 0 1815 1217 390 1289
9172 4 0 1698 1217 390 1815
9173 4 0 2474 2194 2383 422
9174 4 0 390 2340 2383 411
9175 4 0 390 411 2383 1189
9176 4 0 422 1189 2383 411
9177 4 0 390 1189 2383 422
9178 4 0 2382 1536 513 1327
9179 4 0 422 1249 2383 2474
9180 4 0 422 411 2383 1249
9181 4 0 116 2465 1451 117
9182 4 0 390 1447 513 1289
9183 4 0 420 2465 116 117
9184 4 0 526 2233 1158 527
9185 4 0 2001 1858 2445 2137
9186 4 0 1155 412 2281 1846
9187 4 0 116 1194 1721 2360
9188 4 0 526 525 1451 116
9189 4 0 1694 105 1700 2395
9190 4 0 420 117 116 526
9191 4 0 527 2067 1158 2474
9192 4 0 93 2233 1158 2135
9193 4 0 527 2474 1158 2194
9194 4 0 528 1452 1158 526
9195 4 0 2379 2180 2175 2219
9196 4 0 1151 1967 1969 1685
9197 4 0 528 526 1158 527
9198 4 0 1158 390 2194 2474
9199 4 0 527 2233 1158 2067
9200 4 0 790 2108 789 792
9201 4 0 526 117 1722 2135
9202 4 0 526 2135 1722 1452
9203 4 0 390 1297 2147 2383
9204 4 0 513 98 2147 1991
9205 4 0 2465 1194 1450 1679
9206 4 0 1855 1679 1450 114
9207 4 0 513 1281 2147 98
9208 4 0 2382 1289 513 1536
9209 4 0 2360 526 1721 420
9210 4 0 2383 98 2147 1281
9211 4 0 116 420 1721 1679
9212 4 0 2465 1679 1450 1177
9213 4 0 114 1878 1450 1855
9214 4 0 1879 1878 1450 114
9215 4 0 1177 1679 1450 1855
9216 4 0 2465 1177 1450 1850
9217 4 0 2465 1850 1450 1879
9218 4 0 1855 1878 1450 1177
9219 4 0 1850 1878 1450 1879
9220 4 0 1850 1177 1450 1878
9221 4 0 390 2382 513 2350
9222 4 0 211 1327 513 2437
9223 4 0 1968 420 1721 526
9224 4 0 513 211 1990 1327
9225 4 0 2360 420 1721 116
9226 4 0 1968 98 2147 2238
9227 4 0 1720 1446 516 99
9228 4 0 1446 98 1281 515
9229 4 0 2238 2318 2147 1968
9230 4 0 1297 2318 2147 2383
9231 4 0 1297 1315 2147 2318
9232 4 0 2350 1297 2147 390
9233 4 0 2350 1311 2147 1297
9234 4 0 2238 1968 1721 2360
9235 4 0 1192 1169 112 2136
9236 4 0 1174 2189 2192 97
9237 4 0 276 1164 1182 1964
9238 4 0 1174 1164 1182 1179
9239 4 0 97 1174 1182 413
9240 4 0 1156 1184 2001 1689
9241 4 0 2216 1009 2451 582
9242 4 0 585 584 581 1049
9243 4 0 2239 2316 1963 1183
9244 4 0 1173 2191 1678 109
9245 4 0 414 1852 1179 2070
9246 4 0 1967 1151 1181 2412
9247 4 0 1677 1147 1150 2001
9248 4 0 2261 167 281 763
9249 4 0 2136 1675 2445 100
9250 4 0 2001 2137 1150 1858
9251 4 0 1851 2470 1144 1152
9252 4 0 319 1674 1689 1184
9253 4 0 319 1677 1689 1152
9254 4 0 1147 1677 1689 319
9255 4 0 1147 1152 1689 1677
9256 4 0 1673 414 1965 1164
9257 4 0 1164 26 1965 1673
9258 4 0 1151 2470 143 1967
9259 4 0 103 97 413 1174
9260 4 0 1079 1832 1071 1048
9261 4 0 1146 1678 112 2136
9262 4 0 1156 1184 143 1161
9263 4 0 280 1967 1181 1685
9264 4 0 1047 118 1646 1089
9265 4 0 2189 1164 1964 97
9266 4 0 2192 2189 1964 104
9267 4 0 2084 1179 1690 1174
9268 4 0 1464 1888 1404 576
9269 4 0 1693 1673 2229 1682
9270 4 0 1175 1183 1963 2316
9271 4 0 1680 2320 1176 110
9272 4 0 2070 1852 1179 1183
9273 4 0 1179 1172 26 1182
9274 4 0 2226 412 2281 1155
9275 4 0 1680 2134 1176 2320
9276 4 0 1448 1680 1691 1176
9277 4 0 1680 1691 1176 2134
9278 4 0 1146 1678 2136 1192
9279 4 0 1690 1174 103 2084
9280 4 0 1176 2320 108 110
9281 4 0 1176 2134 108 2320
9282 4 0 2228 2320 108 2134
9283 4 0 2228 1691 108 1448
9284 4 0 2134 1691 108 2228
9285 4 0 1176 1448 108 1691
9286 4 0 1176 1691 108 2134
9287 4 0 104 97 103 2190
9288 4 0 1179 414 26 1172
9289 4 0 163 2108 790 2261
9290 4 0 2084 1690 2239 102
9291 4 0 103 2084 102 1690
9292 4 0 2192 97 104 2190
9293 4 0 784 1771 2109 1772
9294 4 0 276 1168 1182 1164
9295 4 0 2189 97 104 2192
9296 4 0 1175 1448 1963 1690
9297 4 0 522 1448 1963 2228
9298 4 0 778 795 21 1772
9299 4 0 1173 1858 1169 2191
9300 4 0 2084 1183 2239 1852
9301 4 0 1179 1175 2239 1690
9302 4 0 1179 1183 2239 1175
9303 4 0 1179 1852 2239 1183
9304 4 0 2084 1179 2239 1690
9305 4 0 2084 1852 2239 1179
9306 4 0 108 107 522 2320
9307 4 0 1846 1146 2136 1192
9308 4 0 2261 163 281 167
9309 4 0 2228 107 522 108
9310 4 0 2451 128 1003 1641
9311 4 0 108 1448 522 2228
9312 4 0 106 2138 2334 2432
9313 4 0 1635 1040 89 997
9314 4 0 1169 1858 419 2137
9315 4 0 1047 83 2215 1016
9316 4 0 1846 1193 412 1146
9317 4 0 1146 2226 412 1846
9318 4 0 109 1173 1169 1678
9319 4 0 1629 128 1074 1823
9320 4 0 103 1174 413 2084
9321 4 0 1678 109 1192 1846
9322 4 0 582 1009 1404 586
9323 4 0 1049 85 581 582
9324 4 0 1169 1173 112 1678
9325 4 0 319 1152 1851 1677
9326 4 0 319 1184 2001 1674
9327 4 0 1053 1048 581 85
9328 4 0 1156 2137 2001 1184
9329 4 0 579 1005 151 1888
9330 4 0 1689 2137 2001 1156
9331 4 0 1192 2191 1169 1858
9332 4 0 100 1169 112 2137
9333 4 0 100 1169 2445 112
9334 4 0 1074 2451 1003 391
9335 4 0 412 1193 1155 2226
9336 4 0 1169 2191 112 1173
9337 4 0 2313 576 1033 1641
9338 4 0 1846 2226 2281 1146
9339 4 0 1146 109 1678 1846
9340 4 0 1677 1147 2001 319
9341 4 0 2137 1858 2445 1169
9342 4 0 319 1677 1851 1150
9343 4 0 2226 1846 2281 412
9344 4 0 1846 109 1192 412
9345 4 0 2137 1689 2001 1147
9346 4 0 1173 2191 112 1678
9347 4 0 1192 1678 112 2191
9348 4 0 1169 1147 112 2137
9349 4 0 1169 1858 2445 1192
9350 4 0 1179 1852 413 2084
9351 4 0 2084 1174 413 1179
9352 4 0 2004 2447 662 192
9353 4 0 1689 1152 1851 319
9354 4 0 2261 167 790 163
9355 4 0 1964 1164 1182 97
9356 4 0 97 1164 1182 1174
9357 4 0 1673 1693 1971 1148
9358 4 0 413 104 1964 97
9359 4 0 2189 97 1964 104
9360 4 0 810 2261 790 2108
9361 4 0 414 1145 26 1172
9362 4 0 1965 26 1971 1168
9363 4 0 1164 414 26 1179
9364 4 0 26 1168 1965 1673
9365 4 0 276 1164 1693 1168
9366 4 0 1178 1693 2229 1687
9367 4 0 1965 1145 1971 26
9368 4 0 1965 1160 1145 2071
9369 4 0 1967 2470 1181 1151
9370 4 0 1920 167 2261 763
9371 4 0 2252 1736 1740 171
9372 4 0 1964 2192 1178 2189
9373 4 0 1964 2189 1178 276
9374 4 0 1252 2190 1178 2432
9375 4 0 1252 2192 1178 2190
9376 4 0 2227 1687 2229 1671
9377 4 0 1853 105 280 1967
9378 4 0 2192 2189 417 1252
9379 4 0 1964 2190 1178 2192
9380 4 0 2432 2190 1178 1964
9381 4 0 1853 1252 417 2138
9382 4 0 1971 1965 1682 1148
9383 4 0 576 1888 1404 577
9384 4 0 1971 1148 1682 1673
9385 4 0 2071 1673 1682 414
9386 4 0 1689 1674 1851 1152
9387 4 0 1674 1161 1181 1151
9388 4 0 2229 2227 1178 2072
9389 4 0 152 1043 1015 1835
9390 4 0 417 2229 1178 2189
9391 4 0 2072 1178 2229 1687
9392 4 0 1693 276 2229 2189
9393 4 0 1694 1181 1700 105
9394 4 0 1688 1685 280 2412
9395 4 0 2227 1188 1688 1195
9396 4 0 2072 2227 1195 1188
9397 4 0 1178 2189 2229 276
9398 4 0 1195 2072 417 2227
9399 4 0 1178 2072 417 1195
9400 4 0 1178 2227 417 2072
9401 4 0 1162 2190 417 1252
9402 4 0 1853 2190 417 1162
9403 4 0 1162 1252 417 1853
9404 4 0 2412 1685 1181 1967
9405 4 0 1853 1967 280 417
9406 4 0 1700 2334 1692 105
9407 4 0 1195 2138 280 417
9408 4 0 1144 1851 1692 1700
9409 4 0 1853 1153 106 2190
9410 4 0 417 1969 280 1688
9411 4 0 1967 1151 2412 1685
9412 4 0 2227 1671 1688 1188
9413 4 0 2412 1688 1181 280
9414 4 0 2227 1195 1688 417
9415 4 0 2227 417 1688 1969
9416 4 0 1969 1671 1688 2227
9417 4 0 1671 1685 1969 1688
9418 4 0 1969 1685 280 1688
9419 4 0 1969 1967 280 1685
9420 4 0 417 1967 280 1969
9421 4 0 280 1685 1181 2412
9422 4 0 2395 1144 1700 1694
9423 4 0 2395 1152 1144 2470
9424 4 0 1144 1851 1700 1694
9425 4 0 105 1152 2395 2470
9426 4 0 1700 106 1692 2334
9427 4 0 2395 105 1692 2334
9428 4 0 319 1674 1694 1851
9429 4 0 1851 2470 1694 1144
9430 4 0 2334 2138 1692 2432
9431 4 0 1700 105 1692 2395
9432 4 0 2165 2108 789 790
9433 4 0 280 1181 1700 1694
9434 4 0 2138 1853 1700 280
9435 4 0 807 1537 175 770
9436 4 0 1151 1674 1694 1181
9437 4 0 1151 2470 1694 1674
9438 4 0 1181 2470 1694 1151
9439 4 0 2395 2470 1694 105
9440 4 0 793 163 1919 770
9441 4 0 1181 1967 1694 2470
9442 4 0 105 1967 1694 1181
9443 4 0 105 2470 1694 1967
9444 4 0 2334 105 1700 106
9445 4 0 1181 280 1700 1967
9446 4 0 105 1967 1700 280
9447 4 0 1181 1967 1700 105
9448 4 0 1700 2138 1692 1853
9449 4 0 106 1853 1692 2138
9450 4 0 1700 1853 1692 106
9451 4 0 1920 167 789 790
9452 4 0 997 1056 1989 1011
9453 4 0 792 1920 789 790
9454 4 0 1015 152 151 1043
9455 4 0 997 401 89 1635
9456 4 0 1074 128 1003 2451
9457 4 0 579 576 1005 1888
9458 4 0 2165 792 1328 789
9459 4 0 1641 132 1824 128
9460 4 0 1043 1068 1015 149
9461 4 0 1005 1009 1003 576
9462 4 0 2364 1053 581 82
9463 4 0 763 167 281 163
9464 4 0 151 129 391 1043
9465 4 0 1074 400 391 1046
9466 4 0 149 1640 1015 150
9467 4 0 770 163 1919 790
9468 4 0 1835 1465 579 1888
9469 4 0 1920 2261 790 810
9470 4 0 2108 810 1328 2165
9471 4 0 1920 167 790 2261
9472 4 0 763 792 810 1920
9473 4 0 795 807 1919 1555
9474 4 0 1919 175 778 2262
9475 4 0 2216 128 1074 2451
9476 4 0 763 1920 810 2261
9477 4 0 175 770 2262 1919
9478 4 0 807 2109 1919 770
9479 4 0 770 784 1919 175
9480 4 0 21 2262 793 1919
9481 4 0 1772 2109 778 795
9482 4 0 281 2262 21 763
9483 4 0 175 784 2262 2109
9484 4 0 1919 784 778 175
9485 4 0 807 2109 778 784
9486 4 0 795 2109 778 807
9487 4 0 1046 1823 1074 400
9488 4 0 585 583 586 581
9489 4 0 2313 576 577 1033
9490 4 0 582 1009 586 1063
9491 4 0 792 2108 2165 810
9492 4 0 580 583 581 582
9493 4 0 584 2364 581 1049
9494 4 0 2379 1004 1628 2055
9495 4 0 1046 1640 1074 1823
9496 4 0 1634 576 2313 1641
9497 4 0 581 582 586 1049
9498 4 0 581 583 586 582
9499 4 0 2108 2261 1328 810
9500 4 0 1263 2288 1432 1261
9501 4 0 151 1043 391 1015
9502 4 0 1049 1955 581 85
9503 4 0 2364 82 581 1955
9504 4 0 1079 2218 2058 1081
9505 4 0 580 2218 1079 1081
9506 4 0 580 1081 1079 1048
9507 4 0 2184 1832 1079 1080
9508 4 0 1048 1081 1079 1080
9509 4 0 1080 1832 1079 1048
9510 4 0 1825 2184 1079 1080
9511 4 0 589 1081 1079 2058
9512 4 0 589 1050 1079 1081
9513 4 0 2058 1050 1079 589
9514 4 0 2184 1011 1025 1832
9515 4 0 2439 1085 2215 1055
9516 4 0 1080 1081 1079 1050
9517 4 0 1952 1080 1079 1050
9518 4 0 1825 1080 1079 1952
9519 4 0 1634 1063 586 1009
9520 4 0 1634 85 586 1063
9521 4 0 1020 85 586 1634
9522 4 0 1020 1049 586 85
9523 4 0 1634 2313 586 68
9524 4 0 68 1020 586 1634
9525 4 0 68 1049 586 1020
9526 4 0 375 1326 1343 1361
9527 4 0 576 1641 1009 1003
9528 4 0 1071 580 1824 582
9529 4 0 1048 580 1824 1071
9530 4 0 1048 582 1824 580
9531 4 0 582 1048 1824 85
9532 4 0 132 85 1824 1048
9533 4 0 1048 1832 1824 132
9534 4 0 1263 1432 499 1261
9535 4 0 85 1063 1824 582
9536 4 0 85 132 1824 1063
9537 4 0 1824 1063 2216 582
9538 4 0 1641 1063 2216 132
9539 4 0 1005 1009 576 582
9540 4 0 1824 132 2216 1063
9541 4 0 1635 401 89 1071
9542 4 0 2216 1641 2451 1063
9543 4 0 2216 1063 2451 1009
9544 4 0 151 1003 391 1005
9545 4 0 1628 1066 2057 1078
9546 4 0 1634 1641 2451 1009
9547 4 0 1634 1063 2451 1641
9548 4 0 1009 1063 2451 1634
9549 4 0 1015 1629 1074 1640
9550 4 0 1823 1640 1074 1629
9551 4 0 129 128 1074 1629
9552 4 0 391 1005 1003 129
9553 4 0 360 1116 876 2392
9554 4 0 1068 1629 1074 1015
9555 4 0 1068 129 1074 1629
9556 4 0 1043 1068 1074 1015
9557 4 0 1043 129 1074 1068
9558 4 0 129 1074 1003 391
9559 4 0 129 128 1003 1074
9560 4 0 543 129 1003 1005
9561 4 0 128 129 1003 543
9562 4 0 1361 382 1318 202
9563 4 0 1641 128 1003 543
9564 4 0 576 1009 1404 582
9565 4 0 543 1033 1003 576
9566 4 0 1888 1005 1003 576
9567 4 0 576 1033 1003 1888
9568 4 0 1888 1033 1003 543
9569 4 0 543 1005 1003 1888
9570 4 0 2217 2215 1989 1064
9571 4 0 1085 2185 2215 1055
9572 4 0 1060 2131 2215 1040
9573 4 0 1022 1056 997 1011
9574 4 0 1832 1011 1025 132
9575 4 0 2439 1047 2215 1060
9576 4 0 485 1714 484 1429
9577 4 0 1825 2184 401 1079
9578 4 0 1825 1952 401 2058
9579 4 0 1079 1952 401 1825
9580 4 0 2058 1022 401 1825
9581 4 0 997 1011 401 1022
9582 4 0 1825 1022 401 1011
9583 4 0 2216 997 1824 89
9584 4 0 1079 1050 401 1952
9585 4 0 2058 1050 401 1079
9586 4 0 1833 1050 401 2058
9587 4 0 1833 1952 401 1050
9588 4 0 2058 1952 401 1833
9589 4 0 1055 1040 2185 2215
9590 4 0 83 2217 2215 2131
9591 4 0 83 2131 2215 1016
9592 4 0 1825 2184 1025 401
9593 4 0 1825 1011 1025 2184
9594 4 0 401 1011 1025 1825
9595 4 0 2311 2217 1064 1023
9596 4 0 2439 1055 1064 2311
9597 4 0 2215 1055 1064 2439
9598 4 0 1071 2216 89 2451
9599 4 0 2311 1023 1064 2439
9600 4 0 2215 2439 1064 83
9601 4 0 2215 83 1064 2217
9602 4 0 1023 83 1064 2439
9603 4 0 1023 2217 1064 83
9604 4 0 997 1011 1989 1025
9605 4 0 2215 2217 1989 2131
9606 4 0 2215 2131 1989 1040
9607 4 0 87 1040 1989 2131
9608 4 0 1056 1040 1989 87
9609 4 0 87 2131 1989 1056
9610 4 0 1025 2184 89 401
9611 4 0 1824 1048 89 1832
9612 4 0 1071 1048 89 1824
9613 4 0 1071 1832 89 1048
9614 4 0 2184 1832 89 1071
9615 4 0 1025 1832 89 2184
9616 4 0 401 2184 89 1079
9617 4 0 1071 1079 89 2184
9618 4 0 401 1079 89 1071
9619 4 0 1345 675 1295 1868
9620 4 0 876 1959 1112 1116
9621 4 0 385 1817 384 1002
9622 4 0 1817 1002 2219 384
9623 4 0 2219 2055 1628 1078
9624 4 0 1628 2219 2379 2055
9625 4 0 1345 1295 1379 1868
9626 4 0 1078 2180 2057 1628
9627 4 0 1379 1295 1360 1868
9628 4 0 1345 1379 1378 1868
9629 4 0 675 1976 1346 1295
9630 4 0 378 2381 1191 1171
9631 4 0 2379 1817 2175 2180
9632 4 0 1990 2318 2147 1311
9633 4 0 151 1003 1005 1015
9634 4 0 1736 662 2447 204
9635 4 0 969 2044 436 984
9636 4 0 967 953 968 371
9637 4 0 371 989 970 967
9638 4 0 918 983 820 1774
9639 4 0 1129 2187 2186 407
9640 4 0 1946 942 315 941
9641 4 0 1703 2448 2196 2322
9642 4 0 1813 1807 1412 437
9643 4 0 1295 207 1305 675
9644 4 0 415 1966 1163 1684
9645 4 0 1648 1434 2132 1247
9646 4 0 2442 2223 91 407
9647 4 0 799 278 297 768
9648 4 0 828 830 1566 893
9649 4 0 1229 501 1212 1250
9650 4 0 1366 1348 1349 2433
9651 4 0 2068 1686 1857 2069
9652 4 0 570 145 2003 569
9653 4 0 903 902 904 1784
9654 4 0 2059 396 393 1051
9655 4 0 2151 2496 1482 198
9656 4 0 1731 2364 1081 581
9657 4 0 2297 772 29 1764
9658 4 0 1796 542 1569 901
9659 4 0 846 2354 875 2458
9660 4 0 646 1350 1740 2252
9661 4 0 2370 2413 258 474
9662 4 0 2061 2280 1093 30
9663 4 0 671 1547 299 783
9664 4 0 1980 985 1612 2268
9665 4 0 108 523 110 2320
9666 4 0 21 2262 1919 778
9667 4 0 819 1768 780 813
9668 4 0 757 60 468 2104
9669 4 0 2056 121 2378 1623
9670 4 0 623 656 192 625
9671 4 0 2383 2360 527 2238
9672 4 0 1190 2233 93 117
9673 4 0 1315 2340 2233 2318
9674 4 0 1910 2022 254 687
9675 4 0 2180 1002 1817 385
9676 4 0 1402 316 1383 1397
9677 4 0 2330 62 386 1624
9678 4 0 343 1576 904 2436
9679 4 0 767 788 2166 812
9680 4 0 767 788 776 2166
9681 4 0 1808 2171 2046 312
9682 4 0 1039 2214 1007 194
9683 4 0 2241 2214 1007 1039
9684 4 0 1122 1839 2223 1138
9685 4 0 471 57 52 2294
9686 4 0 1727 2400 203 139
9687 4 0 2477 609 591 201
9688 4 0 1239 730 1253 2337
9689 4 0 159 1704 2446 592
9690 4 0 1994 1203 1885 130
9691 4 0 118 511 1024 101
9692 4 0 1576 1932 323 341
9693 4 0 1714 480 479 66
9694 4 0 47 2260 2080 48
9695 4 0 1102 1100 268 1097
9696 4 0 1930 1214 1205 1207
9697 4 0 517 518 521 1876
9698 4 0 2340 416 411 1268
9699 4 0 1015 1003 1005 1640
9700 4 0 1618 1943 312 307
9701 4 0 896 340 835 328
9702 4 0 2443 2430 2209 249
9703 4 0 989 2050 975 1611
9704 4 0 493 492 2144 494
9705 4 0 1697 344 857 1798
9706 4 0 579 576 1888 1464
9707 4 0 1268 1236 1249 2075
9708 4 0 1822 1639 1633 1821
9709 4 0 2390 1012 1632 1070
9710 4 0 2304 1586 1564 838
9711 4 0 2262 281 21 793
9712 4 0 1492 181 2093 629
9713 4 0 1822 998 2174 1639
9714 4 0 2272 2174 998 1639
9715 4 0 360 1657 1838 2489
9716 4 0 2491 541 540 1455
9717 4 0 41 461 740 739
9718 4 0 966 2125 267 977
9719 4 0 1017 1008 392 68
9720 4 0 1514 1513 2256 2258
9721 4 0 2026 305 2027 2404
9722 4 0 597 184 1743 1501
9723 4 0 879 846 845 331
9724 4 0 1475 671 769 672
9725 4 0 1636 347 1088 2419
9726 4 0 1058 347 1088 1636
9727 4 0 352 2167 361 2376
9728 4 0 1838 360 2064 55
9729 4 0 360 1657 55 1838
9730 4 0 838 1587 1586 1561
9731 4 0 188 1399 1394 1396
9732 4 0 1547 671 672 783
9733 4 0 1385 290 1381 1388
9734 4 0 1611 967 2123 989
9735 4 0 375 1326 1706 1343
9736 4 0 977 2193 381 966
9737 4 0 2071 1673 414 1965
9738 4 0 434 435 12 1947
9739 4 0 619 1499 641 2254
9740 4 0 485 608 1714 1429
9741 4 0 1099 30 2061 1105
9742 4 0 2091 1727 203 2428
9743 4 0 43 747 47 1760
9744 4 0 2191 419 1858 1150
9745 4 0 1516 685 1904 1910
9746 4 0 249 1567 869 898
9747 4 0 1885 1725 1994 550
9748 4 0 975 1946 2050 941
9749 4 0 1043 389 999 1073
9750 4 0 975 371 989 970
9751 4 0 1642 126 2129 1052
9752 4 0 1800 1806 2120 926
9753 4 0 1519 687 2386 689
9754 4 0 1357 1399 188 2435
9755 4 0 2071 1673 1965 1682
9756 4 0 1641 576 1033 543
9757 4 0 1910 2022 687 241
9758 4 0 828 356 1563 1788
$EndElements
