$MeshFormat
2.2 0 8
$EndMeshFormat
$Nodes
1002
1 -0.23161470000000001 -0.088486330000000002 -0.22372243
2 -0.24286749999999999 -0.089083200000000001 -0.17370848
3 -0.43564170000000002 -0.055629596000000003 0.039164259999999999
4 -0.24245920000000001 -0.068674680000000002 -0.14039209999999999
5 -0.18482299999999999 -0.071092754999999994 -0.081141900000000003
6 -0.028470929999999998 0.0037064328999999998 -0.2841552
7 -0.034133419999999998 -0.018710642999999999 -0.23037603000000001
8 -0.044978730000000001 -0.047105519999999998 -0.14884484000000001
9 -0.15101020000000001 0.017122789999999999 0.18379947999999999
10 -0.12239659999999999 0.021843970000000001 0.20530418
11 -0.23502980000000001 0.07436864 0.081561129999999996
12 -0.2350904 0.084220500000000004 0.095413945999999999
13 -0.23440449999999999 -0.00064035505000000002 0.17120891999999999
14 -0.2019252 0.087270916000000004 0.1078812
15 -0.1849198 0.015337326 0.18075627
16 -0.1506178 0.038092769999999998 0.095027044000000005
17 -0.10566559 0.0082744270000000009 0.075603139999999999
18 -0.044157910000000002 -0.039813376999999997 0.037952479999999997
19 -0.14441960000000001 -0.044825546000000001 -0.011639362
20 0.31825540000000002 0.057647816999999997 -0.14033064000000001
21 0.2253037 0.039998646999999998 -0.15303195999999999
22 0.20134189999999999 0.027308216 -0.14898407
23 -0.14329410000000001 -0.0055485292999999996 0.35027849999999999
24 -0.1479519 0.051517702999999998 0.30820809999999998
25 0.12995570000000001 -0.0083421245000000008 -0.11052821
26 0.10072159999999999 0.064922599999999997 -0.00066022016
27 0.1571902 -0.028050586999999998 0.041848637000000001
28 0.1536893 -0.058542505000000002 0.089900690000000005
29 -0.026677240000000001 -0.027274159999999999 0.09796125
30 0.01146865 -0.063180509999999995 0.030743792999999998
31 0.055204472999999997 -0.046472274000000001 -0.067507005999999994
32 0.043531210000000001 -0.102731794 -0.13700599999999999
33 0.038795389999999999 -0.11399761999999999 -0.13223663999999999
34 0.091375600000000001 -0.091184645999999994 -0.14648958000000001
35 0.01967327 -0.11738633 -0.085775784999999993
36 0.1573205 -0.11283169999999999 -0.096942299999999995
37 0.12361490999999999 -0.011452004 0.42209544999999998
38 0.041555740000000001 0.055430717999999997 0.17702392
39 0.049005523000000002 0.021078348 0.13213462000000001
40 0.17119870000000001 -0.040425500000000003 0.11118155
41 0.052671969999999999 0.0059611500000000001 0.099771609999999997
42 0.46044950000000001 0.018647190000000001 -0.071513430000000003
43 0.11633339500000001 -0.02119971 -0.099008990000000005
44 0.096272800000000006 -0.034901210000000002 -0.089787119999999998
45 0.24658240000000001 -0.011775646000000001 0.14833075000000001
46 0.22073039999999999 -0.03825655 0.10081392
47 0.42164698 0.044091287999999999 -0.080403139999999998
48 0.25070946999999999 0.064356073999999999 -0.15269384
49 0.058162153000000001 0.012643808499999999 -0.10217675
50 0.088698700000000005 -0.1045585 -0.34386915000000001
51 0.31278869999999998 0.052413985000000003 -0.15700740999999999
52 0.094177800000000006 -0.111481026 -0.32846903999999999
53 0.14721049999999999 0.034518979999999998 -0.14983730000000001
54 0.27509549999999999 0.081517900000000004 -0.17548034000000001
55 0.11035590000000001 0.015309121 -0.15932674999999999
56 0.1732168 0.016802158000000001 -0.18972647000000001
57 0.062905130000000004 0.15170755999999999 -0.030292100999999998
58 0.30403997999999999 0.089552074999999995 -0.15328816000000001
59 0.28792180000000001 0.081342200000000003 -0.14738825
60 0.055975302999999997 0.09076062 -0.10110138
61 0.15354889999999999 0.022054810000000001 -0.1849626
62 0.087302599999999994 0.016166415 -0.12350105
63 0.1363347 -0.0056763589999999997 -0.17422476000000001
64 0.0074926380000000002 0.17097951 -0.067903950000000005
65 0.040893310000000002 -0.0083928700000000002 -0.29162290000000002
66 0.2439702 0.0060278772999999997 0.14623752000000001
67 0.13206019999999999 -0.022199515 -0.15275732
68 0.2133285 0.017454273999999999 -0.18294669999999999
69 0.096387500000000001 -0.028533340000000001 -0.14242991999999999
70 0.078637280000000004 0.11711934 -0.060212269999999998
71 0.03765698 0.17129876999999999 -0.035934753999999999
72 0.023578650999999999 0.061665878 -0.11967252
73 0.040857369999999997 0.063178780000000004 -0.11465437000000001
74 -0.43433951999999998 -0.042770453 0.047113530000000001
75 -0.10896471000000001 0.065452314999999997 0.060640725999999999
76 -0.29754989999999998 0.10620955 0.058794341999999999
77 -0.37907740000000001 0.018739345000000001 0.0086569860000000002
78 -0.081484440000000005 0.048191495000000001 0.092251609999999998
79 -0.39960869999999998 0.0061656515999999996 0.010765798
80 -0.086320430000000004 0.032156563999999999 0.021717589999999998
81 -0.28819220000000001 0.079728759999999996 0.041948452999999997
82 -0.23150029999999999 -0.042608715999999998 -0.13898938999999999
83 -0.25677460000000002 0.10294405 0.04656163
84 -0.202543 0.10669397999999999 0.098842219999999995
85 -0.16294169999999999 0.080490030000000004 0.11163843399999999
86 -0.18723970000000001 0.083248509999999998 0.066427390000000003
87 -0.04598344 0.109072484 0.21320868000000001
88 -0.094190510000000005 0.075247649999999999 -0.0045389200000000001
89 -0.09263499 0.098979800000000007 -0.023708046999999999
90 -0.085735190000000003 0.090861306000000003 0.019551096
91 -0.074318380000000003 0.082403799999999999 0.040956520000000003
92 -0.10648375 -0.048992420000000002 0.0054137669999999999
93 -0.10384989999999999 0.085270299999999993 0.24778075999999999
94 -0.057494080000000003 0.12637365 0.041058097000000002
95 -0.14994150000000001 0.029312096999999999 0.18298655999999999
96 0.06595935 -0.053129195999999997 -0.33403417000000002
97 -0.081947969999999995 -0.026862259999999999 -0.11467115
98 -0.075832725000000004 -0.0044513119999999998 -0.065501959999999998
99 -0.0049587440000000002 0.072430270000000005 -0.12076987
100 -0.064477489999999998 -0.032061167000000002 -0.06414947
101 -0.0098625589999999999 0.13620732999999999 -0.099933270000000005
102 -0.0093328070000000003 0.02332557 -0.27886936000000001
103 0.0063810489999999997 0.090638510000000005 -0.11802707
104 -0.0561988 -0.00068359262999999999 -0.09215371
105 -0.010087344999999999 0.012812182 -0.11677996
106 0.015514539000000001 0.016641326000000001 -0.2866146
107 -0.08585711 -0.027913339999999998 -0.14165723
108 -0.20386480000000001 -0.060094120000000001 -0.13243669999999999
109 -0.061519839999999999 0.025890514 -0.094328980000000007
110 -0.023124602000000001 -0.094218330000000003 -0.10118510999999999
111 -0.17165559999999999 -0.032091862999999998 -0.073050976000000004
112 -0.2139616 -0.051560494999999998 -0.15474531
113 -0.00096407066999999996 -0.093670240000000002 -0.108105004
114 -0.087631940000000005 -0.065037659999999997 -0.038750336000000003
115 -0.18306819999999999 -0.049364119999999997 -0.099429130000000004
116 -0.1516353 -0.042194776000000003 0.41129445999999997
117 -0.14629439999999999 0.053569489999999997 0.29303574999999998
118 -0.05665531 0.085418149999999998 0.22094510000000001
119 -0.1591958 0.011862487 0.34358351999999998
120 -0.14063110000000001 -0.055516057000000001 0.43736446000000001
121 -0.20419870000000001 0.0057182609999999997 0.18454180000000001
122 -0.16918910000000001 0.024306346 0.20021236000000001
123 0.021099179999999999 0.096274070000000003 0.19024888000000001
124 0.041787320000000003 0.079345330000000006 0.15201282999999999
125 0.060163452999999999 0.042255714999999999 0.098871630000000002
126 0.014384459 0.12805902999999999 0.059176159999999998
127 -0.030448072 0.10918071999999999 0.24331768000000001
128 -0.13657180999999999 0.058809422 0.31096736000000003
129 0.040904610000000001 0.101953074 0.063336409999999996
130 0.027475461 0.148508 0.039853826000000002
131 0.058109418000000003 0.0028576404 0.054405224000000002
132 -0.2310123 -0.24568488999999999 -0.26671755000000003
133 -0.21984390000000001 -0.20021510000000001 -0.26071909999999998
134 -0.069884760000000004 0.097854570000000002 -0.082613190000000003
135 -0.098252179999999995 -0.020032910000000001 -0.014366358500000001
136 0.20576900000000001 -0.044584416000000002 0.12755558
137 0.2022187 -0.010581393 0.087604760000000004
138 0.074799099999999993 0.11776161 0.022021684999999999
139 0.1412427 -0.075786665000000003 0.057870246
140 -0.2350817 -0.0075990036000000002 0.17104059999999999
141 0.1700873 -0.12480009 -0.097568505
142 0.037910119999999999 -0.120819606 -0.14708847
143 -0.034832639999999998 -0.090466859999999996 -0.054450539999999999
144 -0.041123472000000001 -0.067828834000000005 -0.049690742000000003
145 0.0022207490000000002 -0.11256244 -0.030164972000000002
146 -0.080055009999999996 -0.023016992999999999 -0.03245601
147 -0.23260449999999999 -0.083460119999999999 -0.15342828999999999
148 -0.23777909999999999 -0.10205048 -0.19173148000000001
149 -0.21441569999999999 -0.074218889999999996 -0.106018245
150 -0.13609381000000001 -0.071663484 -0.023794565
151 -0.040840460000000002 -0.056929357 0.10096999
152 -0.120695 -0.068464644000000005 -0.010213491999999999
153 -0.0018326314000000001 -0.015491708999999999 -0.29066702999999999
154 -0.026716630000000002 -0.0079040970000000006 -0.28071800000000002
155 -0.040850602 -0.021164201000000001 -0.2433517
156 -0.061604989999999998 -0.025520042 -0.21946083999999999
157 -0.0558419 -0.044126287 -0.18234300000000001
158 -0.051709419999999999 -0.054633316000000001 -0.13187831999999999
159 -0.042262620000000001 -0.056561875999999997 -0.1179084
160 -0.2159642 0.068181629999999993 0.093288189999999993
161 -0.10151486 0.019252486999999999 0.090423790000000004
162 -0.099761810000000006 0.0096412230000000008 0.073559360000000004
163 -0.1185398 0.018371426 0.074682020000000002
164 -0.1163833 0.020919755000000002 0.086588499999999999
165 0.2219911 0.023003142000000001 -0.15499718000000001
166 0.094420500000000004 0.016847648 -0.055958763000000002
167 0.10122399999999999 0.042895358000000001 -0.044615870000000002
168 0.1099168 0.032493214999999999 -0.026532055999999998
169 0.10352500000000001 0.0037257470000000002 -0.032751231999999998
170 0.10348980000000001 0.036339815999999997 -0.016513150000000001
171 0.098414699999999994 0.033595152000000003 0.025878517
172 0.013226478 -0.057514905999999998 0.056057035999999998
173 0.0031750192999999999 -0.069339626000000001 0.067008349999999994
174 0.051367924000000002 -0.064951339999999996 -0.017638609999999999
175 0.067432060000000002 -0.046570063000000002 -0.058742836
176 0.078576359999999998 -0.034761712 -0.042033479999999998
177 0.069821099999999997 -0.046509377999999997 -0.033436812000000003
178 0.0092023285000000007 -0.12441240000000001 -0.071708339999999995
179 0.029252509999999999 -0.089691969999999996 -0.022330481999999999
180 0.029674180000000001 -0.094461400000000001 -0.036971616999999998
181 -0.10683447 0.059776425000000001 0.28666764
182 -0.069309615000000005 0.087172509999999995 0.2746169
183 0.012093130000000001 0.075808509999999996 0.21883737
184 0.030622199999999999 0.044970389999999999 0.18130551
185 0.057348743000000001 0.046238347999999999 0.13564456
186 0.25265589999999999 0.014522731000000001 0.21411014
187 0.2432938 -0.0026786959999999999 0.20138353000000001
188 0.138123 -0.024656191000000001 -0.12914138
189 0.1387806 -0.014248148 -0.114116415
190 0.23983581000000001 -0.021665065000000001 0.15224115999999999
191 0.1964217 -0.044826299999999999 0.065207760000000003
192 0.17720369999999999 -0.066631899999999994 0.078820860000000006
193 0.1899525 -0.058203972999999999 0.065162659999999997
194 0.14985499999999999 -0.06253264 0.02767211
195 0.12407529 -0.028220140000000001 -0.120149955
196 0.42381786999999999 0.026521526 -0.090218149999999997
197 0.38988790000000001 0.073364150000000003 -0.12582657999999999
198 0.23822461 0.070639579999999993 -0.1617519
199 0.31765856999999997 0.066252746000000001 -0.13382830000000001
200 0.056724027000000003 0.0082664939999999992 -0.10960602999999999
201 0.28740706999999999 0.068836270000000005 -0.14341709
202 0.094218999999999997 -0.038030095 -0.11815185
203 0.47069316999999999 -0.011109051999999999 -0.084490283999999999
204 0.37345007000000002 0.075051989999999999 -0.107523434
205 0.14564969999999999 -0.016945314 -0.13521021999999999
206 0.25296046999999999 0.034549919999999998 -0.16530575
207 0.41296598000000001 0.047203742 -0.11555348999999999
208 0.37704490000000002 0.051021802999999998 -0.1260473
209 0.40336618000000002 0.070204145999999995 -0.10398947
210 0.49074309999999999 -0.035918249999999999 -0.082526920000000004
211 0.40656100000000001 0.041247520000000003 -0.089947189999999996
212 0.16950760000000001 0.046745464 -0.17266007
213 0.12626409999999999 0.027180536000000002 -0.14108962
214 0.04141077 -0.0022296122999999998 -0.10601209
215 0.25772657999999998 0.035999021999999999 -0.17547842999999999
216 0.42407587000000002 0.056066297000000001 -0.10394844
217 0.13299528999999999 0.0059134102999999997 -0.11562161
218 0.035458040000000003 -0.036030712999999999 -0.091866690000000001
219 0.084938589999999994 0.0072477720000000004 -0.070567030000000003
220 0.45726876999999999 -0.0038313883999999999 -0.076622670000000004
221 0.18006720000000001 0.028347344999999999 -0.14426725000000001
222 0.5082449 -0.047638975 -0.074301790000000006
223 0.34971930000000001 0.055338085000000002 -0.13154899
224 0.116425395 0.0094757269999999998 -0.16859821999999999
225 0.0857179 0.090785734000000007 -0.068112480000000003
226 0.072056690000000007 -0.040494250000000002 -0.10914021
227 0.36061697999999998 0.077528920000000001 -0.14709907999999999
228 0.43913677000000001 0.037777699999999997 -0.1002547
229 0.1951164 0.037099235000000001 -0.19416304000000001
230 0.07248251 -0.0048307180000000003 -0.13671127
231 0.15526129999999999 0.035019874999999999 -0.1791423
232 0.039340279999999998 0.16952907 -0.0059348530000000004
233 -0.46530222999999998 -0.06710853 0.063389180000000003
234 -0.080068249999999994 0.052651980000000001 0.035572060000000003
235 -0.32587250000000001 0.070617120000000005 0.051028579999999997
236 -0.46753990000000001 -0.078382549999999995 0.06158752
237 -0.099228720000000006 0.045545509999999997 0.039818443000000002
238 -0.12107560000000001 0.03276242 0.051436067000000002
239 -0.23890710000000001 0.11654793500000001 0.067632109999999995
240 -0.1220238 0.081068249999999994 0.081361409999999995
241 -0.143452 0.080716540000000003 0.070809839999999999
242 -0.33043610000000001 0.080022679999999999 0.052365080000000001
243 -0.079678100000000002 0.017914638 0.085985414999999996
244 -0.24182580000000001 0.080143930000000002 0.062993629999999995
245 -0.2645573 0.11303926 0.051132124000000001
246 -0.38035681999999998 0.0092211350000000001 0.018201107000000001
247 -0.1456982 0.043977633000000002 0.063962370000000004
248 -0.44405210000000001 -0.053554933999999998 0.037376850000000003
249 -0.33730072 0.086833259999999995 0.03128529
250 -0.41493281999999998 -0.024123519999999999 0.019090363999999999
251 -0.38016372999999998 0.024630334 0.032526392000000001
252 -0.15742539999999999 0.062438868000000002 0.064920249999999999
253 -0.18149960000000001 0.056106534 0.078747209999999998
254 -0.20693030000000001 0.071680809999999998 0.070465520000000004
255 -0.038416199999999998 0.0144438185 0.067083299999999998
256 -0.1468681 0.090847230000000001 0.099844723999999996
257 -0.21026149999999999 0.097760239999999998 0.063122330000000004
258 -0.31929619999999997 0.063898700000000003 0.031806561999999997
259 -0.37695190000000001 0.041992344000000001 0.010634294000000001
260 -0.30159432000000003 0.072323634999999997 0.050406727999999998
261 -0.17569570000000001 -0.042989520000000003 -0.032892234999999999
262 -0.2716247 0.078762349999999995 0.070057969999999997
263 -0.29251862000000001 0.098470463999999994 0.070964260000000001
264 -0.39161462000000002 0.034211539999999999 0.020564922999999999
265 -0.39401441999999998 0.026346537999999999 0.031228098999999999
266 -0.24497459999999999 0.11404502399999999 0.081865400000000005
267 -0.22887969999999999 -0.050907283999999997 -0.099619343999999999
268 -0.08839603 0.063090499999999994 0.068152069999999995
269 0.012071248999999999 0.010772861999999999 -0.30334148
270 0.0061014490000000001 0.0094021780000000006 -0.26600772
271 0.097789799999999996 -0.099623980000000001 -0.33417713999999998
272 -0.084840769999999996 -0.007484231 -0.18747084
273 -0.033888559999999998 -0.031782020000000001 -0.15582894999999999
274 -0.025458511 0.024154882999999999 -0.2473052
275 0.075672310000000007 -0.08269079 -0.33138308
276 -0.029023170000000001 -0.011396091000000001 -0.12596884
277 -0.036838799999999998 -0.022769227999999999 -0.19255534999999999
278 0.033239369999999997 0.0067642555 -0.30073436999999997
279 -0.071163690000000002 0.0088484549999999999 -0.17274903999999999
280 0.085342210000000002 -0.12157074 -0.33718886999999997
281 0.078973669999999996 -0.050596139999999998 -0.33348796000000003
282 -0.023939150999999999 -0.0034541785999999998 -0.22877559
283 -0.074688539999999998 -0.044009834999999997 -0.10641405
284 -0.082260710000000001 -0.012045938500000001 -0.13101436
285 -0.0045182323000000002 -0.0055733099999999997 -0.26173073000000002
286 0.045536260000000002 -0.031513289999999999 -0.30364239999999998
287 0.090756699999999996 -0.069538329999999995 -0.33210932999999998
288 -0.058735330000000002 0.0076929779999999996 -0.16703999
289 -0.039529010000000003 -0.0064349473000000004 -0.15324599999999999
290 0.035932560000000002 -0.0039317681999999996 -0.31754961999999998
291 -0.033110880000000002 -0.016800068000000001 -0.15088162999999999
292 -0.079679059999999996 0.0041688530000000001 -0.1731753
293 -0.077682119999999993 0.076340913999999996 0.24741578
294 -0.094808820000000002 0.094882040000000001 0.28304917000000002
295 -0.11294021 0.08810867 0.25787544000000001
296 -0.14204169999999999 0.042226634999999998 0.28529963000000003
297 -0.02497046 0.070958779999999999 0.22925151999999999
298 -0.10774060000000001 0.073664084000000005 0.29577576999999999
299 -0.1019251 0.10032335000000001 0.26872765999999998
300 -0.053817990000000003 0.11501899 0.24545302999999999
301 -0.0024953708000000001 0.047044339999999997 0.16635206
302 -0.088009770000000001 0.079334920000000003 0.28387987999999997
303 -0.021242216000000001 0.065529260000000006 0.21224393999999999
304 -0.1252211 0.040927373000000003 0.29496109999999998
305 -0.0045644379999999997 0.10700195999999999 0.22181886000000001
306 -0.055855679999999998 0.11439535000000001 0.23062244000000001
307 0.055375800000000003 0.039247967000000002 0.064825809999999998
308 -0.03680108 0.08023131 0.24955234000000001
309 -0.03898488 0.096541669999999996 0.2569977
310 0.021137380000000001 -0.017841484000000001 0.062763600000000003
311 -0.14631749999999999 -0.0012334734 0.32304576000000002
312 -0.02020067 0.10760823 0.19652799000000001
313 0.015582528999999999 0.044153918 0.18515538000000001
314 -0.015682396000000001 0.061270600000000001 0.19111081999999999
315 -0.031637060000000002 0.086511980000000002 0.25182231999999999
316 0.0054570690000000002 0.030172563999999999 0.14704953000000001
317 -0.050518210000000001 0.074654460000000006 0.2388004
318 -0.035269759999999997 0.076437846000000004 0.20693048999999999
319 -0.0031965905999999998 0.052064819999999998 0.15211764
320 -0.1555764 -0.044616759999999998 0.39882173999999998
321 -0.16193479999999999 0.00056602059999999997 0.33619744000000001
322 0.019026398999999999 0.089647619999999997 0.20648569999999999
323 -0.1329996 0.053484067000000003 0.27460718000000001
324 0.035434350000000003 0.083071710000000007 0.1792947
325 0.0110528385 0.098745940000000004 0.17337677000000001
326 0.21949050000000001 0.018455251999999998 0.15823124
327 0.07151855 0.097870834000000004 0.041059791999999998
328 -0.26334320999999999 -0.30151874000000001 -0.25847256000000002
329 -0.2353036 -0.113698445 -0.20722473
330 -0.096519430000000003 -0.057467600000000001 0.0049545485999999998
331 -0.2191362 -0.12313137 -0.24340692
332 -0.22278480000000001 -0.096352010000000002 -0.19322647000000001
333 -0.23249500000000001 -0.16103866999999999 -0.2653992
334 -0.25349801999999999 -0.27082519999999999 -0.25850784999999998
335 -0.2440977 -0.13273977000000001 -0.24082774000000001
336 -0.1654862 -0.073290616000000003 -0.049941957000000002
337 -0.13792080000000001 -0.068669160000000007 -0.052941266000000001
338 -0.20309289999999999 -0.030367142 -0.095482800000000007
339 -0.19453670000000001 -0.034538195000000001 -0.10095338500000001
340 -0.24016770000000001 -0.22496167 -0.25968360000000001
341 -0.23910339999999999 -0.15456333999999999 -0.25996602000000002
342 -0.24253340000000001 -0.23614523000000001 -0.27024346999999999
343 -0.19423090000000001 -0.071884219999999999 -0.075587556
344 -0.23635239999999999 -0.074962585999999998 -0.13524417999999999
345 -0.2443833 -0.066821530000000004 -0.18790686000000001
346 -0.22573319999999999 -0.068349460000000001 -0.10209322
347 -0.13330069999999999 -0.033206746000000002 -0.0095006090000000001
348 -0.14108490000000001 -0.025919778000000001 -0.028194825999999999
349 -0.13502749999999999 -0.027769967999999999 -0.040656060000000001
350 -0.2292583 -0.19776824000000001 -0.27258270000000001
351 -0.24949769999999999 -0.26684580000000002 -0.26727142999999998
352 -0.12892619999999999 -0.057280472999999998 -0.056637079999999999
353 -0.22254080000000001 -0.21320206 -0.26739249999999998
354 -0.1160699 -0.045800649999999998 -0.05155933
355 -0.2054858 -0.051832891999999998 -0.061784095999999997
356 -0.2309967 -0.051386255999999998 -0.16839924000000001
357 -0.2309542 -0.12307116999999999 -0.24932407000000001
358 -0.11112553999999999 -0.074715030000000002 -0.028858702999999999
359 -0.21101310000000001 -0.036430879999999999 -0.078635720000000006
360 0.2359366 0.048082954999999997 0.27184009999999997
361 0.18107309999999999 0.024860770000000001 0.37976739999999998
362 0.20680999999999999 0.00047006830000000002 0.15992091999999999
363 0.2066267 0.0013810843 0.11548035
364 0.11947189 -0.047230884000000001 0.44914776000000001
365 0.23048630000000001 0.038739773999999998 0.20193902
366 0.16967869999999999 0.034171180000000002 0.34999950000000002
367 0.21506600000000001 -0.045154627000000003 0.11785764999999999
368 0.11383430999999999 -0.023584574000000001 0.036006910000000003
369 0.1603745 0.0095081929999999999 0.40463727999999999
370 0.22107560000000001 0.026441461999999999 0.29786881999999998
371 0.14496990000000001 -0.052648805 0.088178610000000004
372 0.20690459999999999 -0.014916967999999999 0.16070229999999999
373 0.22253029999999999 -0.01857549 0.17392129000000001
374 0.14003260000000001 -0.013048074999999999 0.41400036000000001
375 0.14422270000000001 0.0031192005000000001 0.42050943000000002
376 0.24252470000000001 0.044445680000000001 0.24021803999999999
377 0.1102221 -0.064242190000000005 0.064004420000000006
378 0.20931649999999999 0.033575260000000003 0.33650493999999997
379 0.22511 -0.0097843370000000006 0.10593916
380 0.22485189999999999 0.0085712519999999997 0.22806533000000001
381 0.2084165 -0.021947334999999998 0.079651949999999999
382 0.23586879999999999 -0.0011090188999999999 0.21207827000000001
383 0.21673980000000001 0.021198532999999999 0.25568253000000002
384 0.082502880000000001 -0.052298865999999999 0.055995280000000001
385 0.16639329999999999 0.031692825000000001 0.3885998
386 0.12710189999999999 -0.0098275689999999995 0.43044444999999998
387 0.2138005 0.0050002225000000001 0.18899888000000001
388 0.17685600000000001 -0.021622200000000001 0.11104962
389 0.15422949999999999 -0.067727129999999997 0.079567260000000001
390 0.18618699999999999 -0.0098476350000000004 0.10445089
391 0.19256970000000001 -0.042168517000000003 0.12567645
392 0.15463250000000001 -0.022934427 0.051363209999999999
393 0.080916859999999993 -0.078855010000000003 0.017792763
394 0.070237690000000005 -0.07311231 0.034534483999999997
395 0.21612690000000001 0.023148946 0.2851168
396 0.19402449999999999 0.053470603999999998 0.31543595000000002
397 0.095483399999999996 -0.068905530000000006 0.00030941144000000003
398 0.090701400000000001 0.086487179999999997 0.017924032999999999
399 -0.1242885 0.023900728999999999 0.18215972
400 -0.0051585575999999996 -0.055164690000000002 0.120856926
401 -0.079143790000000006 0.017659951 0.18215400000000001
402 -0.042929500000000002 -0.0022480078000000001 0.16353206000000001
403 -0.05318987 -0.030107707000000001 0.12996194999999999
404 -0.14823159999999999 0.0097855254999999995 0.190052
405 -0.19036149999999999 0.021577992000000001 0.17745042
406 -0.068626489999999998 -0.028825396999999999 0.17351306999999999
407 -0.0016807606000000001 -0.04267058 0.12449762
408 -0.037053500000000003 -0.056538400000000003 0.13177965999999999
409 -0.11261855 0.029573720000000001 0.18971147999999999
410 0.013701217999999999 -0.045279100000000003 0.048031047
411 -0.044209900000000003 -0.044937855999999998 0.096888219999999997
412 -0.038960370000000001 -0.032284300000000002 0.10279938
413 -0.028657070999999999 -0.04649085 0.15270305000000001
414 -0.024183191 0.0042706094999999996 0.06931023
415 -0.20425360000000001 0.023243677000000001 0.18458540000000001
416 -0.1701397 0.014282588000000001 0.19823046
417 -0.13041910000000001 0.011882617999999999 0.20534021999999999
418 -0.037907521999999999 -0.061627040000000001 0.068275420000000003
419 -0.13934450000000001 0.032901755999999997 0.19718763
420 -0.020745731999999999 -0.031359262999999998 0.15717278000000001
421 0.16841500000000001 -0.12687498 -0.082423850000000007
422 0.13518230000000001 -0.1101589 -0.13061692999999999
423 0.00065958870000000004 -0.10253644000000001 -0.15081185
424 0.1393519 -0.10512121000000001 -0.13931780999999999
425 0.12118050499999999 -0.081113270000000001 -0.13514812000000001
426 0.116899595 -0.10410223 -0.14005469000000001
427 -0.035452842999999998 -0.11176681500000001 -0.063896164000000005
428 0.081141290000000005 -0.10711332 -0.15200195999999999
429 -0.010489480000000001 -0.092441424999999994 -0.1362063
430 -0.020007181999999998 -0.10751636000000001 -0.023665234
431 -0.022605053999999999 -0.10284243 -0.12549162
432 0.022995270000000002 -0.10238878 -0.11840603500000001
433 -0.0028550606000000002 -0.089142490000000005 -0.077597429999999995
434 0.06155981 -0.0953098 -0.17106885999999999
435 0.029253758000000001 -0.08868848 -0.14251536000000001
436 -0.013151314000000001 -0.12878495000000001 -0.097733273999999995
437 0.10747080000000001 -0.088858514999999999 -0.16206013
438 0.031661210000000002 -0.11021995499999999 -0.16237620999999999
439 0.1384476 -0.082422376000000006 -0.13089120000000001
440 -0.022080794000000001 -0.12467117 -0.073578550000000006
441 -0.0041168686000000003 -0.11935809999999999 -0.13510287000000001
442 0.15904760000000001 -0.12680414000000001 -0.1070817
443 0.090422299999999997 -0.096700250000000001 -0.16676593000000001
444 -0.0032361113 -0.026170298000000002 0.061317913000000002
445 -0.029641852 0.058679080000000002 0.075043774999999993
446 0.029353748999999998 0.078643080000000004 0.13671520000000001
447 -0.010266355 0.075076180000000006 0.078259990000000001
448 0.048911408000000003 -0.0099560470000000009 0.054897264000000001
449 -0.030355960000000001 0.16078576 0.031658903000000002
450 0.046661340000000003 -0.031666725999999999 0.043935620000000002
451 0.066366320000000006 0.047960366999999997 0.056793110000000001
452 0.051787390000000003 0.079011715999999996 0.063903169999999995
453 0.024149790000000001 0.081073426000000004 0.074758980000000003
454 0.062782370000000004 -0.020765151999999999 0.038753822
455 -0.063118980000000005 0.054851204000000001 0.055663842999999998
456 -0.053505030000000002 0.075134320000000004 0.061342567000000001
457 -0.0033566412000000001 -0.070738659999999995 0.019520900000000001
458 -0.037197309999999997 0.087420079999999997 0.068126619999999999
459 -0.043915372000000001 -0.054678655999999999 0.022400527999999999
460 -0.061195859999999998 -0.040486521999999997 0.017321095000000002
461 0.00059761945000000002 0.10405071 0.071927905
462 0.078493129999999994 -0.015386566500000001 0.022799106
463 0.037040570000000002 0.13372834 0.04795663
464 -0.035597520000000001 0.12166919 0.058031770000000003
465 -0.089505589999999996 0.060131236999999997 0.017423556999999999
466 -0.060008880000000001 0.099244929999999995 0.051282210000000002
467 0.090834799999999993 7.1137445000000004e-05 0.0087678059999999995
468 0.058541327999999997 0.12672108000000001 0.036230930000000001
469 0.080209470000000005 0.069760225999999995 0.040843195999999998
470 -0.085443469999999994 0.018120767999999999 0.018457580000000001
471 -0.076381760000000007 0.12316415 0.019527908
472 -0.083753129999999995 -0.015590569 -0.010428450000000001
473 -0.039348851999999997 0.14229311 0.043712015999999999
474 0.099219000000000002 0.033241020000000003 0.0058709354999999996
475 -0.094022159999999994 0.033363240000000002 -0.0054905500000000003
476 0.04785851 0.152645 0.018080786000000001
477 -0.068831539999999997 0.14718482999999999 0.0091879549999999994
478 0.07315265 -0.044084775999999999 -0.020942083
479 -0.0035014310000000002 0.17208994999999999 0.022764823999999999
480 0.015681710000000001 0.16585150000000001 0.025870540000000001
481 0.069102670000000005 0.13872166 0.0040347203999999996
482 -0.092579410000000001 0.016339965000000001 -0.023405068000000001
483 -0.051427059999999997 0.15736347000000001 0.020889923000000001
484 -0.064662404000000007 -0.046051837999999998 -0.045804292000000003
485 -0.095793740000000002 0.061889476999999998 -0.030003196999999999
486 0.087823600000000002 0.112819895 -0.0064824820000000003
487 -0.086174459999999994 0.12019344999999999 -0.0034305751
488 -0.034753199999999998 -0.0617551 -0.067054559999999999
489 -0.093217019999999998 0.034466214000000002 -0.038033850000000001
490 -0.05973262 0.16381789999999999 -0.0072653329999999997
491 -0.085067649999999995 -0.0015824419000000001 -0.043853193999999998
492 -0.077738860000000007 0.14232623999999999 -0.029053915
493 0.098063999999999998 0.085903939999999998 -0.0097803060000000008
494 -0.086585270000000006 0.019730562 -0.055127664999999999
495 0.100371 0.075704389999999996 -0.032628690000000002
496 -0.0028256409999999998 -0.067255510000000004 -0.071945906000000004
497 0.084470939999999994 0.1224552 -0.026306561999999999
498 -0.078185019999999994 0.02523069 -0.074277380000000004
499 0.0910382 0.046446398 -0.070213124000000002
500 0.095578499999999997 0.082602380000000003 -0.050714995999999998
501 0.0912327 -0.14874135999999999 -0.34634494999999998
502 -0.08030611 0.11985387 -0.056178946
503 -0.052975920000000003 0.16918816 -0.032561229999999997
504 0.055212058000000001 0.14706711 -0.062552794999999994
505 -0.073980470000000007 0.052295960000000002 -0.083581509999999998
506 -0.086780510000000005 0.059725630000000002 -0.063042864000000004
507 0.010758189 0.18248147000000001 -0.038145422999999998
508 0.028995018000000001 0.17321228999999999 -0.046036596999999999
509 -0.0049731200000000001 -0.032086782000000001 -0.10203077000000001
510 0.017164327 -0.024328075000000001 -0.10401279500000001
511 0.032790119999999999 -0.019550675999999999 -0.10218871
512 -0.02391047 0.18105228000000001 -0.048576146000000001
513 -0.042687163 0.16382144000000001 -0.065815200000000004
514 -0.046231109999999999 0.065274239999999997 -0.10876121
515 0.011370028000000001 0.0022855102999999998 -0.11465731
516 0.071361389999999997 0.088658529999999999 -0.088731409999999997
517 0.060114898 0.12563777000000001 -0.079124550000000002
518 -0.026366471999999998 0.16123006000000001 -0.078090779999999999
519 -0.032415579999999999 0.06446702 -0.11473555000000001
520 0.029167950000000002 0.028983943000000002 -0.11760557000000001
521 0.034586430000000001 0.14598277000000001 -0.082856100000000002
522 -0.035965532000000001 0.029597129999999999 -0.11235645399999999
523 0.045984860000000002 0.12142253 -0.093323439999999994
524 0.034653349999999999 0.098069359999999994 -0.109886505
525 -0.026930560999999999 0.12455674999999999 -0.10190294
526 -0.0050029810000000001 0.035705924 -0.12168031999999999
527 0.022514649000000001 0.12095438 -0.10484424000000001
528 -0.021968462000000001 0.10352989999999999 -0.11124484
529 0.2096191 -0.051779494000000002 0.088659940000000007
530 0.05973009 -0.029980883 -0.32971662000000002
531 0.031613130000000003 -0.019892178 -0.32085678000000001
532 -0.048249519999999997 -0.014239847999999999 -0.25362727000000002
533 -0.046362090000000002 -0.032990779999999997 -0.19091967000000001
534 -0.36432582000000002 0.030558825000000001 0.027542483
535 -0.1769934 0.052257820000000003 0.092083200000000004
536 0.1030184 0.020035269000000001 -0.05049294
537 0.096427100000000002 0.0018515586999999999 -0.016631043000000002
538 0.1085928 -0.031035121999999998 0.0073365560000000002
539 0.080348260000000005 0.00060851126999999995 0.031144080000000001
540 -0.0019746506999999999 -0.066736840000000006 0.091951735000000007
541 0.052432917000000002 -0.064142870000000005 -0.035132136000000001
542 0.045714100000000001 -0.057277516000000001 -0.06530155
543 0.055137560000000002 0.036283894999999997 0.14192793000000001
544 0.23767589 0.021345145999999999 0.26325235000000002
545 0.18331749999999999 0.0012492612000000001 -0.14833038000000001
546 0.16915369999999999 0.0092355119999999995 -0.13818525000000001
547 0.1466189 -0.0073870756000000001 -0.124947086
548 0.14293439999999999 -0.060882576000000001 0.017112570000000001
549 0.48619985999999998 -0.020590687 -0.06729309
550 0.26135557999999998 0.051229007999999999 -0.18955557000000001
551 0.51087009999999999 -0.046626814000000003 -0.082898070000000004
552 0.38263340000000001 0.062511264999999996 -0.099710419999999994
553 0.24676940999999999 0.035721004000000001 -0.18587988999999999
554 0.49216247000000002 -0.016110638 -0.074570590000000006
555 0.32015038000000001 0.087115209999999998 -0.16156265
556 0.48508646999999999 -0.012268163 -0.082997600000000005
557 0.1156546 0.015828418 -0.11457338
558 0.072154449999999995 0.0073865316999999998 -0.12726804999999999
559 0.24361830000000001 0.075347510000000006 -0.16717472999999999
560 0.40389596999999999 0.062322154999999997 -0.121182024
561 0.37993368999999999 0.080655320000000003 -0.1196791
562 -0.36472582999999997 0.062620659999999995 0.021515843999999999
563 -0.32178511999999998 0.095904110000000001 0.047233466000000002
564 -0.32034633000000001 0.079134209999999996 0.019482098999999999
565 -0.082477369999999994 0.034790907000000003 0.093495430000000004
566 -0.29992580000000002 0.07992109 0.030191055000000001
567 -0.1791625 0.10429593 0.080430509999999997
568 -0.26716050000000002 0.11034941 0.077726855999999997
569 -0.34361370000000002 0.074381950000000002 0.018238799999999999
570 -0.35323589999999999 0.059907686000000002 0.011765937000000001
571 -0.41613220000000001 7.8884885e-05 0.03106625
572 0.035052109999999997 -0.030679985999999999 -0.31390625
573 0.0887429 -0.070220840000000007 -0.31982830000000001
574 0.017157390000000002 -0.013391256000000001 -0.28243731999999999
575 -0.030515090000000002 -0.015769102 -0.26313132
576 -0.015410099999999999 0.01297798 -0.24539459999999999
577 -0.049769760000000003 0.00051748379999999995 -0.13627354999999999
578 -0.081526570000000007 -0.030846372 -0.17420405
579 -0.078707959999999993 -0.019208603000000001 -0.20410623
580 0.038486729999999997 0.0021404922 -0.29452938000000001
581 -0.069114149999999999 -0.0078358839999999996 -0.10150689
582 -0.016109480999999998 -0.013724603 -0.26167119999999999
583 -0.1639747 -0.0396356 -0.074294899999999997
584 -0.22555520000000001 -0.065861790000000003 -0.19385841000000001
585 -0.051005059999999998 0.017267398999999999 -0.25378147000000001
586 -0.074865020000000004 0.09680018 0.22815049000000001
587 -0.15632579999999999 -0.035497784999999997 0.39556205
588 -0.15853980000000001 -0.013953521999999999 0.34200589999999997
589 -0.081399399999999997 0.11003502 0.25057112999999998
590 -0.075461150000000005 0.10528068 0.23244712000000001
591 -0.1213057 0.083295024999999995 0.28908109999999998
592 -0.0067892129999999997 0.0097918060000000001 0.074808180000000002
593 -0.0043400506999999996 0.031667332999999999 0.079509659999999996
594 -0.091067809999999999 0.080959290000000003 0.2437907
595 0.05141838 0.064640924000000002 0.13098783999999999
596 -0.13175539999999999 0.076139070000000003 0.28635934000000002
597 -0.22822580000000001 -0.16489522000000001 -0.24443823000000001
598 -0.26785973000000002 -0.30848049999999999 -0.24869927999999999
599 -0.24012430000000001 -0.247693 -0.25671509999999997
600 -0.23960239999999999 -0.15149397000000001 -0.24300632
601 -0.24174660000000001 -0.2694338 -0.26548260000000001
602 -0.22092719999999999 -0.109310955 -0.21225218000000001
603 -0.04905582 -0.068936769999999994 -0.020317445999999999
604 -0.22778989999999999 -0.21607159000000001 -0.25603712000000001
605 -0.21903210000000001 -0.16894102 -0.25024607999999998
606 -0.19249060000000001 -0.028033870999999998 -0.070386329999999997
607 -0.1978705 -0.064912780000000003 -0.060003384999999999
608 -0.2330689 -0.23409511 -0.27207687000000003
609 -0.21453040000000001 -0.063865140000000001 -0.16899507999999999
610 -0.2208154 -0.14536099999999999 -0.25710403999999998
611 0.23335420000000001 0.039689189999999999 0.29304722
612 0.18163000000000001 0.019129746 0.3632321
613 0.18806719999999999 -0.021021152000000001 0.13046305
614 0.14749660000000001 0.01693774 0.38435316000000003
615 0.226434 0.0035967156000000001 0.12186302
616 0.1707302 0.043101445000000002 0.35518777000000001
617 0.214088 0.033805700000000001 0.24003473
618 0.16224379999999999 -0.023673936999999999 0.090983614000000004
619 0.20212150000000001 0.034577772 0.28993089999999999
620 0.2172086 0.016108504999999999 0.22166739999999999
621 0.15665090000000001 -0.038513749999999999 0.097471416000000005
622 0.24121939000000001 0.026607055000000001 0.17331920000000001
623 0.063827800000000004 -0.053642187000000001 -0.023087396999999999
624 0.081466769999999994 -0.076200829999999997 0.0067484733000000002
625 0.1257045 -0.029137251999999999 0.021709415999999999
626 -0.082109100000000004 0.017417080000000001 0.19333304000000001
627 -0.074732720000000002 -0.015615575 0.19039407
628 -0.090391730000000003 -0.0021133609999999998 0.17162727999999999
629 -0.039056443000000003 -0.021919600000000001 0.12514386
630 -0.0013470807999999999 -0.033254010000000001 0.080214750000000001
631 -0.17034299999999999 0.010953911 0.19131479000000001
632 -0.027506161000000001 -0.070839920000000001 0.060417663000000003
633 -0.0053343773000000001 -0.096083639999999998 -0.0046343132999999998
634 0.14520189999999999 -0.089434849999999996 -0.118010774
635 -0.023404128999999999 -0.08742395 -0.066772910000000005
636 0.022943730999999998 -0.089069780000000001 -0.057579371999999997
637 0.022834651000000001 -0.11230497 -0.105908856
638 -0.024370960000000001 -0.11709649 -0.1110169
639 -0.035652530000000002 -0.11261288999999999 -0.080064640000000006
640 0.11173791 -0.074134140000000001 -0.15076690000000001
641 -0.037476740000000001 -0.096295179999999994 -0.044784053999999997
642 0.074901830000000003 -0.076543849999999997 -0.16903925
643 0.1174631 -0.103435576 -0.15261930000000001
644 -0.03519535 -0.027460312000000001 0.052133872999999997
645 0.062186529999999997 0.020904328999999999 0.057010576
646 -0.056855799999999998 -0.05827214 -0.040097742999999998
647 0.085469630000000005 -0.0089436940000000003 -0.056904024999999997
648 0.079600110000000002 0.054416336000000003 -0.087081389999999995
649 -0.047679659999999999 0.10389346000000001 -0.10019622
650 -0.32744371999999999 0.063002299999999997 0.045459248000000001
651 0.27311229999999997 0.055351377 -0.14948823
652 0.2302932 0.028287020999999999 -0.15882051
653 0.097467700000000004 0.0050833876999999998 0.01561602
654 0.0036082891999999998 -0.070131570000000004 0.049551646999999997
655 0.17862720000000001 -0.0027338601999999999 -0.16047515000000001
656 0.49105650000000001 -0.040200010000000001 -0.072958480000000006
657 0.17625089999999999 -0.066682619999999998 0.057731480000000002
658 0.12752769999999999 -0.068613530000000006 0.015468376000000001
659 0.074424799999999999 -0.022050459000000001 -0.13610191999999999
660 0.38300817999999998 0.061696609999999999 -0.13494718
661 0.2098092 0.015121251 -0.15938345000000001
662 0.1246254 0.027580606000000001 -0.15307258000000001
663 0.063105229999999998 -0.017733387999999999 -0.31475334999999999
664 0.35504787999999998 0.086538539999999997 -0.13995671000000001
665 -0.2995505 0.099544499999999994 0.031698532000000001
666 -0.08693845 0.055480696000000003 0.047163480000000001
667 -0.40768581999999998 -0.0093307365000000007 0.035247184000000001
668 -0.048291100000000003 -0.0069767385999999999 0.05481428
669 0.069635509999999998 -0.027216292999999999 -0.31007466
670 -0.041711020000000001 0.024027519000000001 -0.25329289999999999
671 -0.016216234999999999 -0.025917523000000001 -0.11700176
672 0.0026476300000000002 -0.0013933032999999999 -0.30583268000000002
673 0.071073380000000005 -0.046470829999999998 -0.30974617999999998
674 -0.071785204000000005 -0.036285764999999998 -0.043349100000000002
675 -0.074574634000000001 -0.043847209999999998 -0.14971277
676 0.043438940000000002 0.051714629999999998 0.071682049999999997
677 0.0035932781000000001 0.045436799999999999 0.18208621
678 -0.083410639999999994 0.073160045000000007 0.27320739999999999
679 -0.13825879999999999 0.021860898 0.32654142000000003
680 -0.14440539999999999 0.016708865999999999 0.30436918000000002
681 0.00065508859999999995 0.036380589999999997 0.097211270000000002
682 -0.010830556999999999 0.096093999999999999 0.23641870000000001
683 -0.12533630000000001 0.045952640000000003 0.28055282999999998
684 0.046998560000000002 0.065986890000000006 0.16469698999999999
685 0.043660629999999999 0.052617564999999998 0.083286755000000004
686 -0.2402572 -0.26261909999999999 -0.25509431999999999
687 -0.21754970000000001 -0.12139177 -0.23030064
688 -0.2216997 -0.088310613999999996 -0.2170714
689 -0.2167886 -0.1581978 -0.25215393000000003
690 -0.21943879999999999 -0.048528216999999998 -0.15796122000000001
691 -0.20616770000000001 -0.070820960000000002 -0.11874471
692 -0.13884959999999999 -0.035239007000000003 -0.055201712999999999
693 -0.047650869999999998 -0.065555790000000003 -0.00074039769999999997
694 0.1101704 -0.050685108 0.45048080000000001
695 0.21499679999999999 0.044503473000000002 0.24849384999999999
696 0.13321620000000001 -0.024840528000000001 0.055259234999999997
697 0.22933729999999999 0.0162782 0.25676405000000002
698 0.1591282 -0.033768090000000001 0.036215310000000001
699 0.20786930000000001 0.044220135000000001 0.33764424999999998
700 0.1758699 0.033727206000000003 0.34049773
701 -0.056318380000000001 -0.0040063820000000002 0.15558113000000001
702 -0.037849279999999999 -0.035389076999999998 0.065072279999999996
703 -0.089145940000000007 0.014548708 0.17617758
704 -0.16780909999999999 0.033265570000000001 0.19048915999999999
705 -0.017260892 -0.072833750000000003 0.079913429999999994
706 -0.035072180000000001 -0.063168269999999999 0.10004317
707 0.017861861999999999 -0.10065794 -0.081375909999999996
708 -0.032247449999999997 -0.078344209999999997 -0.034338332999999999
709 -0.043137160000000001 0.1747629 -0.0010012388000000001
710 -0.0084176370000000004 -0.050652615999999998 -0.089349954999999995
711 -0.01899609 0.18647385 -0.023135810999999999
712 -0.050544810000000003 0.13762817999999999 -0.083288669999999995
713 -0.2419094 -0.11979920400000001 -0.21706671999999999
714 0.07672387 -0.031952605000000002 -0.049760576000000001
715 0.071036959999999996 -0.049035839999999997 -0.042860292000000001
716 0.02021322 -0.11540511000000001 -0.067528740000000004
717 0.046704559999999999 0.027128026 0.14749925
718 0.16882169999999999 -0.0029999725999999998 -0.14318434999999999
719 0.043523180000000002 0.0020891427999999998 0.10414383000000001
720 0.114437 -0.024476092000000001 -0.092216939999999997
721 0.23373969999999999 -0.029044278 0.11261121
722 0.21409800000000001 -0.039764628000000003 0.082162369999999998
723 0.36789247000000003 0.059587076000000003 -0.1103831
724 0.17602139999999999 0.038068704000000002 -0.14955004999999999
725 0.26203197 0.066436510000000004 -0.18925194000000001
726 -0.40289999999999998 -0.017994966000000001 0.024875334999999998
727 -0.44110189999999999 -0.03527686 0.035134106999999998
728 -0.47902401999999999 -0.089182830000000005 0.084191820000000001
729 -0.12559980000000001 0.042051949999999998 0.052744289999999999
730 0.035408170000000003 -0.020164408000000002 -0.29352242000000001
731 0.062291957000000002 0.025855802000000001 0.099589839999999999
732 0.010306030000000001 0.045542254999999997 0.080863790000000005
733 -0.154387 0.021640456999999998 0.30865110000000001
734 -0.069030985000000003 0.10666050000000001 0.26660066999999998
735 0.034868929999999999 0.064070119999999994 0.18978107999999999
736 -0.017468648 0.073982939999999997 0.17913989999999999
737 -0.2178677 -0.085096433999999999 -0.20244169000000001
738 -0.2399386 -0.18165943000000001 -0.25722086
739 -0.17029340000000001 -0.056604195000000003 -0.028580714
740 0.25232090000000001 0.016155735000000001 0.18534811000000001
741 0.22203809999999999 -0.0047643892 0.19521078
742 0.1874864 0.04894747 0.35304819999999998
743 0.1752686 -0.040433727000000003 0.043234948000000002
744 -0.00051183070000000003 -0.039641228000000001 0.11722415999999999
745 -0.116567 0.0013290941999999999 0.19748520999999999
746 0.023654930000000001 -0.12404527999999999 -0.11607005400000001
747 0.064952350000000006 -0.10934624 -0.16268184999999999
748 0.031855179999999997 -0.078833749999999994 -0.16108564
749 -0.035908352999999997 -0.1033251 -0.089379790000000001
750 -0.0069500719999999998 -0.12525262000000001 -0.059592026999999999
751 0.026728898000000001 -0.090816765999999993 -0.16688162000000001
752 0.084765770000000004 -0.022942964 -0.0038739237999999999
753 -0.06648656 -0.019193515000000001 -0.071183815999999997
754 0.0070585689999999998 0.14970157000000001 -0.090970609999999993
755 -0.049414739999999999 -0.028055890999999999 -0.21654429
756 -0.036550409999999998 -0.0098875049999999996 -0.1804016
757 -0.031229492000000001 -0.052616704 -0.12705132
758 -0.12522349999999999 0.044464393999999997 0.30621330000000002
759 0.087777300000000003 0.01099812 0.036614346999999998
760 0.1184012 -0.049296520000000003 0.073382944000000006
761 0.030844139999999999 -0.063869220000000004 -0.069460789999999994
762 0.077368999999999993 -0.038030000000000001 -0.067511890000000005
763 0.010626297999999999 0.063419749999999997 0.21091214
764 0.13996710000000001 -0.092702580000000007 -0.13994934000000001
765 0.22548209999999999 0.05176861 -0.19515795
766 0.35987338000000002 0.055780534 -0.13977999999999999
767 0.13432769999999999 0.030242439999999999 -0.16477375
768 0.29962060000000001 0.065561110000000006 -0.17870754999999999
769 0.30470639999999999 0.07614862 -0.17593310000000001
770 0.45757827000000001 0.026578500000000001 -0.087020844
771 -0.084771390000000002 0.061398380000000002 0.081385225000000005
772 -0.34573670000000001 0.045251560000000003 0.026512448000000001
773 -0.36093681999999999 0.063048564000000001 0.037710734000000003
774 -0.26834992000000002 0.115134075 0.064114480000000001
775 -0.42732352000000001 -0.046607580000000003 0.039754517000000003
776 -0.04549657 0.02169666 -0.22311921000000001
777 -0.060187900000000003 0.019919533 -0.21658093
778 -0.062345240000000003 -0.036345205999999998 -0.19442102
779 -0.071257280000000006 -0.0106079355 -0.22786227000000001
780 -0.091025410000000001 -0.056709368000000003 -0.044688079999999998
781 0.00028176885000000002 0.088256570000000006 0.16293229000000001
782 0.01852376 -0.004296841 0.094774739999999996
783 -0.14027800000000001 -0.047641902999999999 0.39768997
784 -0.15093519999999999 -0.045440904999999997 0.3880789
785 0.042008789999999997 0.070261190000000001 0.12543604999999999
786 -0.13730980000000001 -0.057955663999999997 -0.0097310420000000005
787 -0.21917139999999999 -0.17392891999999999 -0.26362276000000001
788 -0.22124189999999999 -0.042148743000000002 -0.14516878
789 -0.10266256999999999 -0.072989105999999998 -0.015005881
790 0.1244171 -0.030275903999999999 0.44493997000000002
791 0.21940119999999999 0.032330267000000003 0.20636879
792 -0.083558664000000005 0.0084618780000000008 0.19986414999999999
793 -0.018174458000000001 -0.062686846000000004 0.11899797600000001
794 0.0083760799999999993 -0.091431390000000001 -0.12741569
795 0.036272319999999997 -0.046772002999999999 0.039508442999999997
796 -0.030472460999999999 -0.078350164 -0.0049587414000000002
797 -0.02447686 0.18021508999999999 0.0046651736000000001
798 -0.16397990000000001 -0.071638729999999998 -0.032850206
799 -0.073111503999999994 -0.0071433149999999999 0.19649774
800 -0.1994657 0.064568539999999994 0.096470319999999998
801 0.032692029999999997 0.017086059000000001 0.14010596
802 0.2517761 0.00065703690000000004 0.18289222999999999
803 0.23785059 -0.018030034 0.12577630000000001
804 0.1387852 0.022885164 -0.13211982999999999
805 0.41039628 0.039324455000000001 -0.10915648
806 0.1007585 0.00088680910000000005 -0.084832939999999996
807 0.24914808999999999 0.077526960000000006 -0.17605480000000001
808 -0.4384883 -0.033317856 0.043251690000000002
809 -0.2432571 0.10074263999999999 0.093640849999999998
810 -0.11595419999999999 0.038095094000000003 0.10216096
811 0.0073894590000000001 -0.014185756000000001 -0.30646402
812 0.083806080000000005 -0.081513459999999996 -0.32075226000000001
813 -0.030126110000000001 -0.0037180223000000002 -0.10717975
814 -0.032438061999999997 -0.014119655 -0.21292749
815 -0.16318740000000001 -0.011279091 0.35535145000000001
816 0.0026126700000000001 -0.0089910770000000001 0.069199769999999994
817 -0.2453979 -0.28423556999999999 -0.25550652000000001
818 -0.18719930000000001 -0.034957793000000001 -0.048203509999999998
819 0.2120321 0.055337369999999997 0.31168620000000002
820 0.141958 0.016953856 0.40251392000000003
821 0.21908659999999999 0.054338579999999997 0.26382633999999999
822 0.2021559 0.041566968000000003 0.28387950000000001
823 0.1005379 -0.029691774000000001 0.051180112999999999
824 0.012535299 -0.098833400000000002 -0.013639999999999999
825 0.16294439999999999 -0.10909796500000001 -0.098984440000000007
826 0.1410554 -0.098784650000000002 -0.11748904
827 -0.040202389999999998 0.029177198000000001 0.069382139999999995
828 0.32133489999999998 0.077720399999999995 -0.13122848000000001
829 0.20763380000000001 0.062706689999999995 -0.1781884
830 -0.35517693 0.051705870000000001 0.039909090000000001
831 -0.42593609999999998 -0.020508815 0.022172405999999999
832 -0.46513912000000002 -0.084318879999999999 0.072940744000000002
833 -0.121006 0.062545729999999994 0.10706011999999999
834 -0.036572760000000003 0.0080106629999999995 -0.20858995999999999
835 0.066272659999999997 -0.056817353000000001 -0.31667894000000002
836 0.059700727000000002 -0.053319341999999999 -0.32672444
837 0.013328618 0.056606236999999997 0.107740745
838 -0.20469399999999999 -0.051632892 -0.13556634000000001
839 -0.2440454 -0.10704411 -0.23221691999999999
840 0.2304832 -0.019716351999999999 0.10843682
841 0.22579379999999999 0.052837856000000002 0.29280978000000002
842 0.1557694 0.0012254863999999999 0.39958373000000003
843 0.12252830000000001 -0.027735300000000001 0.42715743
844 0.19773460000000001 0.027657770000000002 0.31569920000000001
845 0.22945750000000001 -0.02399917 0.16394465
846 0.1265231 -0.033857036 0.070155755
847 0.062929910000000006 -0.060789353999999997 0.043656405000000002
848 -0.019089127000000001 -0.026726120999999999 0.070553729999999995
849 0.060358107000000001 -0.110338114 -0.14680657
850 0.1613975 -0.12082258999999999 -0.114020236
851 0.054910026000000001 -0.086038130000000004 -0.1490466
852 0.036819339999999999 -0.071760149999999995 -0.0011999793
853 -0.23145669999999999 0.089573849999999997 0.058658215999999999
854 0.4362472 0.046575718000000002 -0.087276919999999994
855 -0.14191400000000001 0.066418850000000001 0.063498760000000001
856 -0.38712492999999998 0.0086251790000000002 0.028073872
857 -0.20152709999999999 0.11250138 0.083349049999999994
858 -0.1448141 -0.023796879 0.35177216
859 0.02362436 0.015477832 0.13649628
860 -0.10446479 -0.068268300000000004 -0.004922254
861 0.2495317 0.033522389999999999 0.23413514999999999
862 0.1096621 -0.071100645000000004 0.057880460000000002
863 0.084336679999999997 -0.041944700000000001 0.055385959999999998
864 0.13255649999999999 -0.076355339999999994 0.029740136
865 -0.046390460000000001 -0.023941189000000002 0.18002847999999999
866 0.076470670000000004 -0.072704784999999994 -0.15671904
867 0.0099864689999999996 -0.12957742999999999 -0.105719075
868 -0.048817239999999998 0.043637462000000002 0.065776470000000004
869 -0.068524269999999998 0.14650067999999999 -0.053130295000000001
870 -0.1842085 -0.073454194 -0.059466258000000001
871 -0.011926799 -0.073581439999999998 0.046180483000000001
872 0.031018522 -0.074364979999999997 -0.047716125999999998
873 0.042965950000000003 -0.046022646 -0.078414919999999999
874 0.45299666999999999 0.020394249 -0.093292169999999994
875 0.34824038000000002 0.070685810000000002 -0.15587036000000001
876 0.31419638 0.058693460000000003 -0.16943078
877 0.51577090000000003 -0.064391113999999999 -0.082549594000000004
878 0.21587970000000001 0.032504577 -0.19333674000000001
879 0.38064527999999997 0.049479519999999999 -0.11113885
880 0.098034200000000002 0.013528772 -0.101584435
881 0.44395570000000001 0.014174832 -0.090903393999999998
882 -0.15722179999999999 0.042517310000000003 0.077792910000000007
883 -0.34463692000000001 0.052229064999999998 0.01247857
884 -0.30210340000000002 0.10546169 0.043136069999999999
885 -0.17956739999999999 0.06248107 0.1065152
886 -0.087340879999999996 -0.012267399999999999 -0.16335137
887 -0.15907360000000001 0.023714826000000001 0.32360119999999998
888 -0.023333046999999999 -0.016626272000000001 0.15275757000000001
889 -0.1442148 -0.027046777000000001 0.37838250000000001
890 -0.2495069 -0.086427203999999994 -0.19218432999999999
891 -0.14904800000000001 -0.059096225000000002 -0.067376720000000001
892 -0.21612400000000001 -0.077073470000000005 -0.15965739000000001
893 -0.04888431 -0.00077012925999999998 0.18030499
894 -0.22178320000000001 0.0039985105 0.18528645999999999
895 -0.051270379999999997 -0.045335340000000002 0.1324584
896 -0.1169524 0.0016374737 0.18607122000000001
897 0.16975680000000001 -0.14696412 -0.075430973999999998
898 0.034027450000000001 -0.017514383000000001 0.059000492000000002
899 -0.014976155 0.11611687 0.066403753999999995
900 -0.043394410000000001 0.0020749570000000001 -0.17866549000000001
901 0.091734599999999999 -0.010128046 -0.03154245
902 0.088969000000000006 0.041619587999999999 0.031741813000000001
903 0.28335929999999998 0.046434245999999998 -0.15717137
904 0.22910369999999999 0.064561725 -0.18770919999999999
905 -0.056641360000000002 -0.011235659 0.045947894000000003
906 -0.27289321999999999 0.088086403999999993 0.042799259999999999
907 -0.16792770000000001 0.056646556000000001 0.069817470000000006
908 -0.025918722000000002 -0.041018546000000003 -0.12845516000000001
909 -0.152308 -0.010154247 0.36736244000000001
910 -0.1407948 0.042318849999999998 0.32161107999999999
911 -0.22277839999999999 -0.03618826 -0.108816944
912 -0.2431846 -0.056322536999999999 -0.14240902999999999
913 0.1990711 0.024869308 0.33734905999999998
914 0.2301764 0.030817278 0.29341813999999999
915 0.1718768 -0.016911740000000001 0.073280979999999996
916 0.18074570000000001 0.024883545999999999 0.34481537000000001
917 0.013926108 -0.124926835 -0.13564317000000001
918 0.0066206594999999998 0.18220843 -0.0027055069999999998
919 0.0072547990000000001 -0.076455490000000001 -0.059242337999999999
920 0.077736459999999993 0.021041399999999998 0.043823149999999998
921 0.098680599999999993 -0.022851419000000001 -0.080166609999999999
922 -0.10252915999999999 0.033600129999999999 0.035859126999999998
923 -0.058811589999999997 -0.05640833 -0.10890686500000001
924 -0.055363299999999997 0.0025517119999999998 -0.25627154000000002
925 -0.033175139999999999 0.1162875 0.22631058000000001
926 0.0033660782999999999 0.012139100999999999 0.104107045
927 0.2244178 0.015794849999999999 0.14504632000000001
928 0.24545470999999999 0.037554570000000002 0.21053268
929 -0.023562047999999999 -0.070198759999999999 0.015589386
930 -0.080684839999999994 0.0037578111999999999 0.021941103
931 -0.018718236999999999 -0.077369265000000007 -0.052324629999999997
932 0.074168440000000002 0.016019941999999999 -0.088871889999999995
933 0.25166500000000003 0.04014993 -0.15575638
934 0.087888900000000006 -0.012554657 -0.14870845999999999
935 -0.17998020000000001 0.093540460000000006 0.069469020000000006
936 -0.21198729999999999 0.1094338 0.06781922
937 -0.074154590000000006 0.0072339474999999999 -0.21802789
938 -0.15025659999999999 0.017018095 0.34158748
939 0.00071783920000000002 0.033878364000000001 0.11294936999999999
940 0.0033133281 0.05297777 0.12758768000000001
941 -0.053792319999999998 -0.051685672000000002 0.014093122
942 -0.1524459 0.062417300000000002 0.11124669
943 0.18065390000000001 -0.055374220000000002 0.049972303000000003
944 0.19238530000000001 0.049932329999999997 -0.18837582
945 0.19317999999999999 0.056054703999999997 -0.16693375999999999
946 -0.12045069999999999 0.02234216 0.060001835000000003
947 -0.40197343000000002 0.016583635999999999 0.014868442000000001
948 -0.25851010000000002 0.084000900000000003 0.085745689999999999
949 -0.058748269999999998 -0.0010397397 -0.11645699
950 0.025197212 0.054734997000000001 0.090241349999999998
951 -0.056044910000000003 -0.047812734000000003 -0.060234874000000001
952 0.03917963 -0.073072730000000002 -0.028434497999999999
953 -0.28551552000000002 0.083768640000000005 0.072882559999999999
954 -0.2504343 0.077667533999999996 0.068245260000000002
955 0.031538499999999997 -0.0022081695 0.1017455
956 0.15556610000000001 0.013661683000000001 0.37902205999999999
957 -0.018463317 -0.021820045999999999 0.121874884
958 -0.03214728 -0.10273082 -0.031790600000000002
959 0.028012660000000002 -0.062409256000000003 0.023790196
960 -0.016407892 -0.060473666000000002 -0.077781260000000005
961 -0.074136049999999995 -0.025021071999999998 0.011366482000000001
962 0.21411179999999999 0.015270982000000001 0.17141960000000001
963 0.2024725 0.0010809451000000001 0.13327812999999999
964 0.22869529999999999 0.052640689999999997 0.25298572000000003
965 -0.098034490000000002 0.01165217 0.040218502000000003
966 0.45422170000000001 0.0052564589999999998 -0.070033100000000001
967 0.1887346 0.047186166000000002 0.31646115000000002
968 0.099702100000000002 -0.058166176 -0.00473479
969 -0.065213820000000006 -0.024247853 0.15039860999999999
970 0.16265859999999999 -0.0038896762 -0.17538144999999999
971 0.21392630000000001 0.052933417000000003 -0.15446536
972 -0.02580971 -0.11662785000000001 -0.049791205999999998
973 -0.012950366 -0.015910490999999999 -0.10791923
974 0.0042196092999999997 -0.048811122999999998 -0.090468674999999998
975 0.11549110999999999 -0.078712299999999999 0.044556573000000002
976 -0.034641699999999997 0.095757529999999993 0.19856351999999999
977 -0.1816778 -0.063087939999999995 -0.092401159999999996
978 0.1583968 -0.10185194 -0.11454998
979 0.030620068 0.0017575659000000001 -0.11139304999999999
980 0.24663568999999999 0.024941020000000001 0.25165999999999999
981 0.060859673000000003 0.052016041999999998 -0.10474137
982 -0.15220510000000001 -0.074841099999999994 -0.044063829999999998
983 -0.068498983999999999 -0.0094856790000000003 0.033841252000000002
984 -0.1055065 0.063616279999999997 0.26573764999999999
985 -0.004811994 0.14690810000000001 0.049372856
986 -0.2249883 -0.14498752000000001 -0.23621333
987 -0.00080131090000000005 0.10814682 0.19807230000000001
988 0.0062596489999999999 -0.052461423 0.095369239999999994
989 0.017480280000000001 -0.107584 -0.034853015000000001
990 0.34478807 0.087258459999999996 -0.12767065
991 0.1047068 -0.035492629999999997 -0.10391333
992 -0.017988774999999999 0.013681240000000001 -0.28908922999999997
993 0.13171089999999999 -0.02536979 -0.13740267
994 -0.063465684999999994 0.074685310000000005 -0.093794909999999995
995 -0.086970320000000004 0.093937939999999998 -0.054406802999999997
996 0.087259000000000003 -0.038929696999999999 -0.012360482000000001
997 0.01315391 0.073432590000000006 0.13640752
998 0.059506379999999998 0.017273113 0.105795786
999 -0.1094595 -0.029539157 -0.039311085000000003
1000 0.13573180000000001 -0.052312016000000003 0.013849168
1001 -0.091479640000000001 -0.013627484 0.18108356
1002 -0.22738410000000001 -0.23823606999999999 -0.26170668000000002
$EndNodes
$Elements
3540
1 4 0 177 176 715 714
2 4 0 214 515 511 647
3 4 0 516 648 73 981
4 4 0 122 704 405 415
5 4 0 702 444 632 644
6 4 0 368 862 975 377
7 4 0 154 672 6 153
8 4 0 952 873 872 496
9 4 0 444 630 848 173
10 4 0 78 255 868 827
11 4 0 118 297 127 308
12 4 0 840 963 803 363
13 4 0 455 234 868 80
14 4 0 654 871 410 30
15 4 0 712 476 57 71
16 4 0 5 343 355 977
17 4 0 442 826 422 36
18 4 0 988 29 540 706
19 4 0 920 539 902 759
20 4 0 829 878 765 21
21 4 0 906 76 81 263
22 4 0 281 673 573 669
23 4 0 309 317 182 293
24 4 0 61 231 655 56
25 4 0 310 131 448 816
26 4 0 403 413 629 888
27 4 0 98 973 753 813
28 4 0 874 220 203 42
29 4 0 476 502 130 480
30 4 0 219 932 806 921
31 4 0 670 585 776 777
32 4 0 92 941 961 460
33 4 0 457 654 30 871
34 4 0 480 232 502 492
35 4 0 980 964 695 697
36 4 0 243 810 565 161
37 4 0 668 965 868 905
38 4 0 436 867 917 441
39 4 0 584 332 737 609
40 4 0 469 452 493 485
41 4 0 199 20 875 223
42 4 0 334 328 351 817
43 4 0 178 989 716 750
44 4 0 621 28 371 618
45 4 0 976 303 736 312
46 4 0 689 610 986 331
47 4 0 92 941 330 961
48 4 0 579 834 277 156
49 4 0 440 635 750 433
50 4 0 264 77 251 246
51 4 0 117 596 24 128
52 4 0 584 609 2 892
53 4 0 749 635 427 639
54 4 0 247 16 855 882
55 4 0 340 342 738 350
56 4 0 976 303 312 318
57 4 0 787 333 689 610
58 4 0 679 304 311 680
59 4 0 329 688 148 332
60 4 0 986 597 600 689
61 4 0 887 910 679 733
62 4 0 799 1001 792 628
63 4 0 892 609 737 332
64 4 0 212 53 767 231
65 4 0 286 836 669 835
66 4 0 371 618 392 846
67 4 0 234 475 868 80
68 4 0 988 630 29 744
69 4 0 139 698 194 696
70 4 0 64 521 712 754
71 4 0 356 4 912 345
72 4 0 127 300 925 306
73 4 0 456 445 453 447
74 4 0 547 25 217 993
75 4 0 70 516 225 60
76 4 0 29 630 957 744
77 4 0 841 370 914 611
78 4 0 701 893 627 406
79 4 0 322 123 324 735
80 4 0 411 412 403 895
81 4 0 950 785 125 685
82 4 0 891 583 261 692
83 4 0 401 626 409 703
84 4 0 866 428 434 642
85 4 0 656 554 222 210
86 4 0 606 5 111 355
87 4 0 215 903 876 768
88 4 0 604 340 1002 599
89 4 0 455 445 868 234
90 4 0 645 307 131 782
91 4 0 771 240 268 75
92 4 0 352 583 891 692
93 4 0 256 935 567 241
94 4 0 483 503 449 492
95 4 0 260 235 953 242
96 4 0 371 915 392 618
97 4 0 216 854 228 770
98 4 0 297 87 318 118
99 4 0 460 457 941 484
100 4 0 599 601 132 686
101 4 0 734 309 182 293
102 4 0 825 36 634 978
103 4 0 339 115 359 267
104 4 0 108 838 911 339
105 4 0 96 673 836 835
106 4 0 923 710 100 488
107 4 0 764 424 422 426
108 4 0 701 406 969 865
109 4 0 762 873 218 226
110 4 0 580 278 663 290
111 4 0 87 118 127 306
112 4 0 85 885 14 567
113 4 0 284 97 107 158
114 4 0 202 230 62 69
115 4 0 972 931 958 430
116 4 0 354 152 999 786
117 4 0 256 771 833 240
118 4 0 729 810 75 247
119 4 0 577 900 289 288
120 4 0 539 467 462 448
121 4 0 917 867 746 441
122 4 0 456 234 453 445
123 4 0 603 674 941 693
124 4 0 690 82 788 356
125 4 0 465 475 485 234
126 4 0 701 888 629 402
127 4 0 111 692 349 818
128 4 0 853 11 244 254
129 4 0 474 167 26 170
130 4 0 775 808 727 74
131 4 0 704 9 15 95
132 4 0 602 329 687 986
133 4 0 112 688 609 584
134 4 0 937 779 777 834
135 4 0 607 343 355 5
136 4 0 112 4 690 892
137 4 0 473 492 471 477
138 4 0 894 13 121 140
139 4 0 395 370 544 914
140 4 0 163 164 268 75
141 4 0 131 467 539 448
142 4 0 308 317 127 118
143 4 0 146 135 999 780
144 4 0 565 243 268 666
145 4 0 604 599 1002 686
146 4 0 882 241 855 252
147 4 0 615 379 803 363
148 4 0 457 929 646 144
149 4 0 695 383 617 697
150 4 0 102 6 670 992
151 4 0 404 399 9 419
152 4 0 306 300 589 590
153 4 0 888 893 402 865
154 4 0 237 162 268 946
155 4 0 91 88 465 90
156 4 0 774 83 568 262
157 4 0 644 668 414 444
158 4 0 840 363 803 379
159 4 0 881 220 874 966
160 4 0 696 846 392 618
161 4 0 645 482 131 414
162 4 0 414 255 645 470
163 4 0 753 974 100 509
164 4 0 777 779 776 834
165 4 0 75 238 268 946
166 4 0 666 237 268 75
167 4 0 477 492 471 487
168 4 0 993 547 188 205
169 4 0 258 81 566 260
170 4 0 523 60 70 524
171 4 0 918 709 503 479
172 4 0 91 234 456 455
173 4 0 701 406 627 628
174 4 0 345 82 912 356
175 4 0 460 459 941 457
176 4 0 594 589 293 590
177 4 0 361 842 369 956
178 4 0 283 159 949 923
179 4 0 88 475 485 465
180 4 0 23 321 311 588
181 4 0 745 896 417 399
182 4 0 569 562 570 773
183 4 0 771 455 868 78
184 4 0 666 234 455 965
185 4 0 937 924 777 779
186 4 0 78 455 268 771
187 4 0 626 792 703 401
188 4 0 490 479 503 709
189 4 0 799 893 626 792
190 4 0 492 869 508 502
191 4 0 455 243 565 666
192 4 0 681 837 950 732
193 4 0 657 389 943 743
194 4 0 409 626 10 792
195 4 0 580 278 65 730
196 4 0 678 293 182 317
197 4 0 644 444 632 871
198 4 0 7 779 155 156
199 4 0 780 358 999 354
200 4 0 320 783 587 116
201 4 0 346 691 267 149
202 4 0 15 140 121 405
203 4 0 686 599 1002 132
204 4 0 994 528 103 519
205 4 0 799 417 792 745
206 4 0 573 275 287 812
207 4 0 893 401 402 701
208 4 0 692 349 348 739
209 4 0 199 223 828 723
210 4 0 628 406 627 1001
211 4 0 302 294 295 984
212 4 0 249 563 564 665
213 4 0 783 858 784 889
214 4 0 135 780 146 114
215 4 0 429 441 431 423
216 4 0 359 977 355 343
217 4 0 335 610 357 986
218 4 0 247 833 855 16
219 4 0 552 204 209 561
220 4 0 810 78 164 771
221 4 0 29 988 793 706
222 4 0 17 162 163 161
223 4 0 39 801 859 719
224 4 0 824 633 852 179
225 4 0 177 753 450 714
226 4 0 23 889 909 858
227 4 0 18 457 410 871
228 4 0 406 893 865 701
229 4 0 627 893 865 406
230 4 0 708 929 603 796
231 4 0 75 810 268 771
232 4 0 655 993 205 67
233 4 0 988 630 172 173
234 4 0 935 253 86 907
235 4 0 946 238 268 237
236 4 0 381 137 915 618
237 4 0 708 144 603 929
238 4 0 114 780 358 789
239 4 0 725 904 765 550
240 4 0 741 382 187 387
241 4 0 297 303 183 763
242 4 0 554 210 656 549
243 4 0 106 992 269 672
244 4 0 735 677 324 313
245 4 0 658 968 397 538
246 4 0 172 173 444 871
247 4 0 843 790 374 386
248 4 0 46 367 721 840
249 4 0 23 119 815 909
250 4 0 832 74 233 728
251 4 0 482 414 448 131
252 4 0 381 379 137 46
253 4 0 841 821 964 360
254 4 0 925 318 682 297
255 4 0 659 558 200 226
256 4 0 997 940 785 595
257 4 0 300 118 306 317
258 4 0 592 255 414 827
259 4 0 926 593 681 732
260 4 0 489 234 485 475
261 4 0 627 401 799 893
262 4 0 538 384 975 823
263 4 0 456 466 458 91
264 4 0 23 321 815 119
265 4 0 430 796 633 708
266 4 0 390 963 613 363
267 4 0 875 223 51 766
268 4 0 932 214 979 49
269 4 0 201 903 51 20
270 4 0 573 669 287 281
271 4 0 729 247 75 855
272 4 0 751 748 434 642
273 4 0 149 346 359 267
274 4 0 288 777 900 279
275 4 0 66 379 803 615
276 4 0 852 959 394 847
277 4 0 823 862 975 368
278 4 0 549 220 556 203
279 4 0 451 489 474 645
280 4 0 840 379 381 46
281 4 0 517 70 504 57
282 4 0 611 360 544 914
283 4 0 821 822 695 383
284 4 0 195 25 188 993
285 4 0 614 374 842 820
286 4 0 363 963 803 615
287 4 0 426 764 425 422
288 4 0 68 878 945 971
289 4 0 766 723 664 223
290 4 0 710 974 960 496
291 4 0 612 916 956 366
292 4 0 715 31 541 177
293 4 0 561 660 197 208
294 4 0 192 389 657 139
295 4 0 86 252 855 935
296 4 0 98 674 753 146
297 4 0 208 223 879 723
298 4 0 391 367 613 136
299 4 0 772 773 570 562
300 4 0 390 46 137 379
301 4 0 746 867 637 432
302 4 0 880 558 62 202
303 4 0 584 112 690 609
304 4 0 760 863 823 377
305 4 0 670 282 776 585
306 4 0 999 135 347 92
307 4 0 831 947 571 79
308 4 0 863 795 847 384
309 4 0 41 307 645 782
310 4 0 906 665 81 884
311 4 0 380 382 741 620
312 4 0 959 457 852 824
313 4 0 471 91 90 466
314 4 0 718 63 970 205
315 4 0 513 512 503 518
316 4 0 931 635 433 919
317 4 0 224 63 67 934
318 4 0 184 316 801 313
319 4 0 988 173 540 630
320 4 0 139 389 377 862
321 4 0 647 901 166 537
322 4 0 138 327 468 129
323 4 0 469 485 493 506
324 4 0 815 119 587 909
325 4 0 915 192 943 193
326 4 0 932 762 49 226
327 4 0 994 519 505 514
328 4 0 654 173 172 871
329 4 0 216 211 805 196
330 4 0 907 253 86 254
331 4 0 415 15 405 122
332 4 0 149 977 359 343
333 4 0 836 530 572 286
334 4 0 455 78 268 565
335 4 0 28 618 621 192
336 4 0 111 692 261 583
337 4 0 109 813 522 105
338 4 0 56 661 655 68
339 4 0 216 196 228 854
340 4 0 144 488 951 496
341 4 0 558 214 230 200
342 4 0 169 170 166 537
343 4 0 279 581 284 949
344 4 0 423 794 435 429
345 4 0 230 934 62 69
346 4 0 500 225 495 493
347 4 0 567 935 14 86
348 4 0 746 867 35 637
349 4 0 813 105 515 973
350 4 0 484 457 951 959
351 4 0 777 924 776 779
352 4 0 490 483 477 492
353 4 0 774 262 568 953
354 4 0 936 83 239 245
355 4 0 55 213 67 224
356 4 0 258 564 242 235
357 4 0 724 221 22 971
358 4 0 377 847 384 862
359 4 0 980 380 861 186
360 4 0 214 762 49 932
361 4 0 649 528 523 134
362 4 0 920 467 474 539
363 4 0 202 558 659 226
364 4 0 638 441 431 113
365 4 0 69 43 62 202
366 4 0 56 221 655 22
367 4 0 647 43 921 806
368 4 0 43 195 202 69
369 4 0 547 217 546 804
370 4 0 752 714 901 478
371 4 0 106 992 270 102
372 4 0 98 491 647 515
373 4 0 530 531 572 663
374 4 0 132 817 1002 686
375 4 0 28 915 392 371
376 4 0 880 43 62 557
377 4 0 42 196 881 966
378 4 0 433 635 749 639
379 4 0 40 192 621 618
380 4 0 145 919 824 989
381 4 0 28 192 621 40
382 4 0 920 454 131 539
383 4 0 141 36 421 825
384 4 0 824 633 179 931
385 4 0 834 755 814 277
386 4 0 952 496 872 919
387 4 0 911 788 338 339
388 4 0 752 847 462 478
389 4 0 897 36 421 442
390 4 0 597 986 600 713
391 4 0 892 332 2 584
392 4 0 608 353 350 340
393 4 0 351 601 608 132
394 4 0 334 817 351 601
395 4 0 23 588 815 321
396 4 0 110 433 440 436
397 4 0 787 133 689 605
398 4 0 429 794 431 441
399 4 0 271 275 50 52
400 4 0 828 723 990 204
401 4 0 601 599 132 351
402 4 0 686 601 132 817
403 4 0 605 333 689 787
404 4 0 601 817 351 328
405 4 0 604 133 1002 353
406 4 0 642 866 443 437
407 4 0 817 334 686 601
408 4 0 608 340 350 342
409 4 0 687 329 713 986
410 4 0 686 334 351 601
411 4 0 599 334 351 686
412 4 0 686 601 351 599
413 4 0 143 110 635 749
414 4 0 638 113 431 110
415 4 0 749 641 427 143
416 4 0 328 334 598 817
417 4 0 157 533 756 273
418 4 0 624 478 174 847
419 4 0 157 578 756 533
420 4 0 817 334 598 686
421 4 0 708 646 603 144
422 4 0 335 331 357 687
423 4 0 810 833 247 16
424 4 0 334 599 598 686
425 4 0 351 340 599 342
426 4 0 132 351 342 608
427 4 0 132 599 342 351
428 4 0 993 217 67 213
429 4 0 604 353 350 133
430 4 0 958 931 641 708
431 4 0 604 340 350 353
432 4 0 154 153 582 575
433 4 0 122 10 417 419
434 4 0 350 353 787 133
435 4 0 340 353 604 608
436 4 0 890 584 1 345
437 4 0 4 892 112 344
438 4 0 608 340 1002 604
439 4 0 342 132 1002 599
440 4 0 342 599 1002 340
441 4 0 372 373 136 845
442 4 0 608 353 1002 132
443 4 0 604 353 1002 608
444 4 0 342 340 1002 608
445 4 0 342 608 1002 132
446 4 0 642 428 434 443
447 4 0 275 835 573 96
448 4 0 585 924 777 937
449 4 0 110 749 431 638
450 4 0 824 931 179 919
451 4 0 604 597 605 133
452 4 0 597 333 689 605
453 4 0 43 44 991 720
454 4 0 972 143 641 931
455 4 0 839 335 341 357
456 4 0 689 597 600 610
457 4 0 762 31 714 647
458 4 0 602 329 332 688
459 4 0 986 610 357 331
460 4 0 689 605 986 597
461 4 0 737 688 148 890
462 4 0 673 835 573 812
463 4 0 436 440 750 178
464 4 0 986 331 357 335
465 4 0 478 623 795 450
466 4 0 106 672 269 574
467 4 0 155 282 532 7
468 4 0 397 174 624 623
469 4 0 580 574 65 270
470 4 0 688 602 737 332
471 4 0 986 331 687 689
472 4 0 167 499 166 170
473 4 0 839 687 357 331
474 4 0 932 558 49 62
475 4 0 689 605 687 986
476 4 0 98 813 511 510
477 4 0 2 892 147 332
478 4 0 248 74 727 808
479 4 0 691 346 344 149
480 4 0 891 337 692 982
481 4 0 647 921 714 762
482 4 0 717 595 543 185
483 4 0 462 863 454 847
484 4 0 9 404 631 15
485 4 0 654 871 172 410
486 4 0 81 76 260 263
487 4 0 780 135 999 92
488 4 0 357 610 341 333
489 4 0 154 532 575 924
490 4 0 79 856 571 667
491 4 0 332 609 584 892
492 4 0 584 356 345 609
493 4 0 98 515 511 813
494 4 0 687 602 737 688
495 4 0 849 428 851 34
496 4 0 302 678 295 299
497 4 0 642 748 434 851
498 4 0 632 18 418 702
499 4 0 595 717 543 446
500 4 0 917 794 435 423
501 4 0 634 826 764 978
502 4 0 31 872 541 873
503 4 0 761 496 872 873
504 4 0 460 484 941 674
505 4 0 392 696 625 27
506 4 0 635 143 427 972
507 4 0 708 931 641 143
508 4 0 104 283 753 581
509 4 0 438 849 747 851
510 4 0 457 959 410 30
511 4 0 635 708 143 931
512 4 0 949 279 577 284
513 4 0 496 974 952 873
514 4 0 952 919 872 179
515 4 0 288 886 577 284
516 4 0 113 867 638 441
517 4 0 603 144 646 693
518 4 0 137 388 618 381
519 4 0 794 423 917 441
520 4 0 635 113 433 110
521 4 0 775 74 727 248
522 4 0 796 457 708 929
523 4 0 931 635 972 143
524 4 0 430 931 958 708
525 4 0 113 441 431 794
526 4 0 706 408 793 151
527 4 0 242 263 953 260
528 4 0 155 282 575 532
529 4 0 433 639 440 635
530 4 0 143 635 427 749
531 4 0 606 115 355 359
532 4 0 460 674 941 146
533 4 0 440 433 750 178
534 4 0 794 441 429 423
535 4 0 429 110 431 113
536 4 0 427 635 440 639
537 4 0 113 794 431 429
538 4 0 784 889 587 783
539 4 0 913 967 844 700
540 4 0 509 710 100 753
541 4 0 749 433 110 635
542 4 0 97 283 107 675
543 4 0 5 977 355 606
544 4 0 113 867 436 638
545 4 0 110 433 436 113
546 4 0 892 344 108 112
547 4 0 156 834 277 755
548 4 0 675 283 923 158
549 4 0 886 292 578 272
550 4 0 110 113 436 638
551 4 0 739 692 261 348
552 4 0 772 569 830 650
553 4 0 433 707 436 113
554 4 0 623 959 450 410
555 4 0 850 36 442 825
556 4 0 155 7 532 924
557 4 0 751 851 434 748
558 4 0 638 867 436 441
559 4 0 749 110 436 638
560 4 0 638 639 436 749
561 4 0 749 433 440 110
562 4 0 749 639 440 433
563 4 0 749 110 440 436
564 4 0 436 639 440 749
565 4 0 433 436 178 440
566 4 0 178 867 750 436
567 4 0 179 180 872 952
568 4 0 433 635 750 919
569 4 0 143 972 641 427
570 4 0 427 635 750 440
571 4 0 427 972 750 635
572 4 0 440 972 750 427
573 4 0 972 931 750 635
574 4 0 919 635 750 931
575 4 0 775 250 727 831
576 4 0 31 873 177 714
577 4 0 484 114 646 674
578 4 0 144 496 931 488
579 4 0 961 941 330 146
580 4 0 693 674 646 603
581 4 0 693 144 646 929
582 4 0 347 92 19 786
583 4 0 886 675 107 578
584 4 0 349 739 19 348
585 4 0 593 926 592 782
586 4 0 470 80 930 255
587 4 0 871 457 410 30
588 4 0 150 982 337 358
589 4 0 144 929 693 603
590 4 0 796 929 633 457
591 4 0 144 496 951 457
592 4 0 393 863 394 384
593 4 0 144 929 708 457
594 4 0 144 931 457 708
595 4 0 411 151 706 29
596 4 0 368 696 823 760
597 4 0 31 872 873 542
598 4 0 592 782 307 732
599 4 0 708 796 958 430
600 4 0 862 139 975 377
601 4 0 958 427 641 972
602 4 0 583 977 115 891
603 4 0 788 838 911 82
604 4 0 859 926 955 782
605 4 0 750 989 145 178
606 4 0 972 931 641 958
607 4 0 708 931 633 430
608 4 0 174 974 952 496
609 4 0 462 863 394 538
610 4 0 702 411 418 848
611 4 0 972 750 145 430
612 4 0 972 931 145 750
613 4 0 430 931 145 972
614 4 0 796 641 708 958
615 4 0 931 919 145 750
616 4 0 145 931 824 919
617 4 0 633 959 824 457
618 4 0 145 430 824 931
619 4 0 633 430 824 145
620 4 0 633 931 824 430
621 4 0 905 961 18 460
622 4 0 739 336 261 891
623 4 0 347 786 19 349
624 4 0 269 672 290 811
625 4 0 494 506 489 498
626 4 0 603 929 693 796
627 4 0 632 848 418 705
628 4 0 494 515 104 105
629 4 0 891 870 583 5
630 4 0 628 893 627 701
631 4 0 647 515 511 98
632 4 0 158 283 97 675
633 4 0 702 848 418 632
634 4 0 632 705 418 706
635 4 0 942 833 240 256
636 4 0 84 257 12 936
637 4 0 346 4 267 344
638 4 0 606 339 111 115
639 4 0 870 343 607 5
640 4 0 977 343 149 5
641 4 0 250 79 726 77
642 4 0 977 5 149 691
643 4 0 574 672 269 811
644 4 0 339 838 911 788
645 4 0 630 173 540 705
646 4 0 344 82 267 346
647 4 0 413 406 969 895
648 4 0 675 886 107 289
649 4 0 949 283 581 97
650 4 0 468 129 463 126
651 4 0 737 584 890 332
652 4 0 267 82 911 108
653 4 0 9 399 95 419
654 4 0 819 844 699 396
655 4 0 839 890 713 329
656 4 0 102 992 269 106
657 4 0 756 289 900 288
658 4 0 108 691 267 346
659 4 0 666 922 965 237
660 4 0 739 150 19 786
661 4 0 570 562 259 772
662 4 0 86 935 14 800
663 4 0 89 88 485 995
664 4 0 346 691 344 82
665 4 0 578 756 288 289
666 4 0 2 332 147 148
667 4 0 2 609 345 356
668 4 0 815 889 587 784
669 4 0 154 285 582 153
670 4 0 149 691 147 344
671 4 0 689 610 600 986
672 4 0 839 890 1 345
673 4 0 839 331 357 1
674 4 0 892 4 147 344
675 4 0 4 890 345 2
676 4 0 2 356 345 4
677 4 0 890 584 2 332
678 4 0 259 77 534 251
679 4 0 584 609 345 2
680 4 0 890 584 345 2
681 4 0 335 687 357 839
682 4 0 2 332 148 890
683 4 0 344 691 147 892
684 4 0 644 871 632 18
685 4 0 713 890 148 329
686 4 0 737 332 148 688
687 4 0 713 839 335 890
688 4 0 335 713 600 986
689 4 0 986 610 600 335
690 4 0 839 329 713 602
691 4 0 687 602 713 329
692 4 0 839 602 713 687
693 4 0 890 332 148 737
694 4 0 964 980 544 697
695 4 0 98 674 100 753
696 4 0 890 737 1 584
697 4 0 688 737 1 890
698 4 0 688 584 1 737
699 4 0 839 329 1 890
700 4 0 687 331 1 688
701 4 0 839 331 1 687
702 4 0 329 602 1 688
703 4 0 839 602 1 329
704 4 0 148 329 1 688
705 4 0 890 329 1 148
706 4 0 148 688 1 890
707 4 0 687 602 1 839
708 4 0 687 688 1 602
709 4 0 4 356 147 2
710 4 0 2 356 147 609
711 4 0 892 609 147 356
712 4 0 2 609 147 892
713 4 0 50 280 501 52
714 4 0 986 687 335 713
715 4 0 986 331 335 687
716 4 0 713 687 335 839
717 4 0 350 333 738 787
718 4 0 604 340 738 350
719 4 0 600 604 738 597
720 4 0 605 787 738 333
721 4 0 605 333 738 597
722 4 0 133 350 738 787
723 4 0 133 604 738 350
724 4 0 133 597 738 604
725 4 0 133 787 738 605
726 4 0 605 597 738 133
727 4 0 335 610 341 357
728 4 0 978 36 850 825
729 4 0 600 610 341 335
730 4 0 600 597 341 610
731 4 0 600 335 341 738
732 4 0 350 333 341 738
733 4 0 738 342 341 350
734 4 0 738 333 341 597
735 4 0 738 597 341 600
736 4 0 689 333 341 610
737 4 0 597 333 341 689
738 4 0 689 610 341 597
739 4 0 584 609 690 356
740 4 0 147 356 690 892
741 4 0 4 356 690 147
742 4 0 147 892 690 4
743 4 0 892 609 690 112
744 4 0 892 356 690 609
745 4 0 483 479 449 503
746 4 0 44 31 762 226
747 4 0 873 31 218 647
748 4 0 995 88 485 506
749 4 0 924 7 532 282
750 4 0 834 7 776 282
751 4 0 156 755 277 579
752 4 0 7 924 155 779
753 4 0 834 779 7 814
754 4 0 949 97 581 284
755 4 0 156 834 814 779
756 4 0 670 6 585 992
757 4 0 583 354 692 352
758 4 0 778 578 157 533
759 4 0 234 922 965 666
760 4 0 284 279 577 288
761 4 0 156 755 7 814
762 4 0 811 574 730 278
763 4 0 578 272 778 579
764 4 0 579 755 277 533
765 4 0 755 579 778 533
766 4 0 755 156 778 579
767 4 0 814 779 7 156
768 4 0 797 711 503 709
769 4 0 451 902 26 469
770 4 0 670 924 585 6
771 4 0 510 813 511 515
772 4 0 578 756 900 288
773 4 0 659 214 511 226
774 4 0 198 971 945 829
775 4 0 756 533 277 273
776 4 0 524 528 103 994
777 4 0 157 8 273 675
778 4 0 157 675 273 578
779 4 0 163 946 882 247
780 4 0 299 678 182 294
781 4 0 8 675 291 273
782 4 0 813 710 753 923
783 4 0 578 675 289 886
784 4 0 273 756 289 291
785 4 0 247 16 882 163
786 4 0 354 150 352 358
787 4 0 273 675 289 578
788 4 0 291 675 289 273
789 4 0 756 157 289 578
790 4 0 273 157 289 756
791 4 0 273 578 289 157
792 4 0 755 834 814 156
793 4 0 814 834 282 7
794 4 0 756 834 814 277
795 4 0 992 153 270 285
796 4 0 525 528 523 649
797 4 0 156 755 155 7
798 4 0 866 642 640 437
799 4 0 533 814 7 755
800 4 0 155 924 532 779
801 4 0 779 156 532 155
802 4 0 106 574 270 153
803 4 0 32 33 435 142
804 4 0 272 779 937 579
805 4 0 576 834 776 282
806 4 0 834 779 776 7
807 4 0 675 158 107 97
808 4 0 606 115 111 977
809 4 0 282 924 776 585
810 4 0 153 811 154 672
811 4 0 285 6 102 992
812 4 0 7 575 155 282
813 4 0 285 153 270 574
814 4 0 153 672 574 811
815 4 0 153 285 582 574
816 4 0 990 828 59 58
817 4 0 6 672 992 153
818 4 0 106 153 992 672
819 4 0 201 54 768 903
820 4 0 274 834 776 576
821 4 0 595 685 125 785
822 4 0 575 924 6 154
823 4 0 235 563 258 564
824 4 0 53 804 767 63
825 4 0 992 285 270 102
826 4 0 202 558 62 230
827 4 0 574 153 106 672
828 4 0 285 102 576 270
829 4 0 286 663 572 531
830 4 0 11 254 853 257
831 4 0 571 79 726 250
832 4 0 246 947 264 77
833 4 0 108 691 911 267
834 4 0 582 282 576 575
835 4 0 102 274 670 6
836 4 0 578 292 279 272
837 4 0 884 563 249 665
838 4 0 128 298 758 181
839 4 0 229 765 944 878
840 4 0 279 272 900 288
841 4 0 103 524 527 528
842 4 0 777 585 776 924
843 4 0 154 285 6 582
844 4 0 575 154 6 582
845 4 0 811 672 6 154
846 4 0 6 154 992 285
847 4 0 153 154 992 6
848 4 0 153 285 992 154
849 4 0 102 6 576 274
850 4 0 64 518 503 512
851 4 0 102 274 270 106
852 4 0 306 87 586 590
853 4 0 106 153 270 992
854 4 0 829 878 945 944
855 4 0 274 282 776 670
856 4 0 523 994 70 995
857 4 0 285 282 576 582
858 4 0 285 6 576 102
859 4 0 6 285 576 582
860 4 0 6 575 670 924
861 4 0 692 354 999 349
862 4 0 43 991 806 880
863 4 0 7 924 776 282
864 4 0 270 102 576 274
865 4 0 718 205 804 63
866 4 0 339 691 911 108
867 4 0 576 282 776 274
868 4 0 282 532 576 575
869 4 0 6 582 576 575
870 4 0 575 532 576 924
871 4 0 282 924 576 532
872 4 0 670 6 576 575
873 4 0 274 6 576 670
874 4 0 670 575 576 924
875 4 0 585 924 576 282
876 4 0 670 924 576 585
877 4 0 282 670 576 585
878 4 0 282 274 576 670
879 4 0 156 834 937 579
880 4 0 156 779 937 834
881 4 0 579 779 937 156
882 4 0 937 272 900 279
883 4 0 288 272 900 578
884 4 0 776 777 900 288
885 4 0 994 134 505 506
886 4 0 7 779 776 924
887 4 0 710 973 509 671
888 4 0 777 937 279 292
889 4 0 272 292 279 937
890 4 0 888 865 420 893
891 4 0 289 886 288 578
892 4 0 279 272 288 578
893 4 0 578 292 288 279
894 4 0 578 886 288 292
895 4 0 776 834 900 777
896 4 0 777 937 900 279
897 4 0 777 834 900 937
898 4 0 778 578 900 272
899 4 0 277 579 900 834
900 4 0 277 834 900 756
901 4 0 579 272 900 937
902 4 0 937 834 900 579
903 4 0 778 272 900 579
904 4 0 533 578 900 778
905 4 0 756 578 900 533
906 4 0 277 756 900 533
907 4 0 277 533 900 579
908 4 0 778 579 900 533
909 4 0 650 258 772 569
910 4 0 92 152 347 999
911 4 0 792 401 626 799
912 4 0 953 81 262 260
913 4 0 354 358 352 780
914 4 0 296 117 683 323
915 4 0 800 160 14 254
916 4 0 569 562 773 249
917 4 0 569 249 773 650
918 4 0 18 871 632 459
919 4 0 583 5 111 977
920 4 0 149 691 115 977
921 4 0 83 665 906 245
922 4 0 298 302 181 984
923 4 0 809 853 239 936
924 4 0 799 401 626 893
925 4 0 856 246 265 251
926 4 0 884 76 906 245
927 4 0 245 665 906 884
928 4 0 884 76 81 906
929 4 0 264 947 259 77
930 4 0 81 906 566 665
931 4 0 95 704 405 15
932 4 0 343 607 355 346
933 4 0 240 833 855 810
934 4 0 348 261 19 347
935 4 0 262 954 568 948
936 4 0 202 43 880 991
937 4 0 23 588 311 858
938 4 0 650 260 258 235
939 4 0 563 263 260 76
940 4 0 359 267 338 339
941 4 0 240 241 75 855
942 4 0 564 665 569 249
943 4 0 81 884 260 76
944 4 0 563 76 260 884
945 4 0 649 134 523 525
946 4 0 320 116 120 783
947 4 0 14 160 12 84
948 4 0 235 249 258 650
949 4 0 564 906 665 566
950 4 0 564 563 566 665
951 4 0 81 884 566 260
952 4 0 81 665 566 884
953 4 0 258 563 566 564
954 4 0 884 563 566 260
955 4 0 884 665 566 563
956 4 0 258 235 566 563
957 4 0 260 235 566 258
958 4 0 260 563 566 235
959 4 0 507 64 503 512
960 4 0 564 249 569 258
961 4 0 258 249 569 650
962 4 0 258 564 883 569
963 4 0 267 82 912 911
964 4 0 4 890 912 345
965 4 0 381 743 191 915
966 4 0 258 569 883 772
967 4 0 303 183 987 305
968 4 0 449 480 492 503
969 4 0 101 528 527 525
970 4 0 227 664 875 223
971 4 0 324 319 684 301
972 4 0 797 918 479 709
973 4 0 513 869 712 518
974 4 0 59 768 769 201
975 4 0 114 674 484 780
976 4 0 252 241 855 935
977 4 0 109 498 104 494
978 4 0 374 790 375 386
979 4 0 477 449 473 492
980 4 0 513 518 503 869
981 4 0 306 118 586 87
982 4 0 395 360 383 821
983 4 0 990 828 875 223
984 4 0 711 918 503 507
985 4 0 483 449 477 492
986 4 0 522 514 505 519
987 4 0 999 349 347 348
988 4 0 518 64 508 712
989 4 0 94 471 130 89
990 4 0 349 786 19 150
991 4 0 306 300 309 127
992 4 0 876 215 51 903
993 4 0 712 754 518 64
994 4 0 995 528 994 134
995 4 0 564 563 242 235
996 4 0 506 88 994 995
997 4 0 853 83 239 936
998 4 0 84 86 14 254
999 4 0 303 305 987 312
1000 4 0 936 12 809 853
1001 4 0 783 320 587 784
1002 4 0 162 666 268 243
1003 4 0 57 523 504 517
1004 4 0 94 483 473 477
1005 4 0 11 257 12 254
1006 4 0 449 480 473 492
1007 4 0 115 339 359 606
1008 4 0 659 230 200 558
1009 4 0 258 249 242 564
1010 4 0 101 518 525 712
1011 4 0 857 935 567 86
1012 4 0 466 94 90 471
1013 4 0 239 954 266 568
1014 4 0 477 94 471 473
1015 4 0 993 213 67 55
1016 4 0 809 936 266 857
1017 4 0 477 483 473 449
1018 4 0 711 507 503 512
1019 4 0 682 183 315 297
1020 4 0 830 773 242 650
1021 4 0 985 480 473 449
1022 4 0 925 87 312 976
1023 4 0 709 479 483 490
1024 4 0 483 797 479 709
1025 4 0 303 314 987 183
1026 4 0 164 161 268 771
1027 4 0 918 711 503 797
1028 4 0 797 709 503 918
1029 4 0 869 712 508 502
1030 4 0 480 918 503 479
1031 4 0 480 918 508 503
1032 4 0 247 252 855 729
1033 4 0 480 479 503 449
1034 4 0 479 480 985 449
1035 4 0 761 873 872 542
1036 4 0 557 43 62 69
1037 4 0 555 828 875 664
1038 4 0 995 134 502 525
1039 4 0 523 521 57 504
1040 4 0 736 314 322 987
1041 4 0 650 249 242 235
1042 4 0 473 480 471 492
1043 4 0 946 163 268 75
1044 4 0 359 346 355 267
1045 4 0 525 712 649 134
1046 4 0 89 487 502 492
1047 4 0 818 607 111 583
1048 4 0 525 134 502 712
1049 4 0 487 88 89 90
1050 4 0 88 90 995 89
1051 4 0 71 502 508 712
1052 4 0 471 487 89 90
1053 4 0 90 94 89 471
1054 4 0 818 355 111 607
1055 4 0 773 563 242 249
1056 4 0 109 514 505 522
1057 4 0 521 517 504 523
1058 4 0 706 630 540 705
1059 4 0 564 249 242 563
1060 4 0 159 813 949 923
1061 4 0 868 455 456 445
1062 4 0 994 528 649 134
1063 4 0 158 283 949 97
1064 4 0 995 134 994 506
1065 4 0 712 101 502 525
1066 4 0 766 660 875 227
1067 4 0 492 487 502 471
1068 4 0 471 480 502 492
1069 4 0 89 471 502 487
1070 4 0 71 507 508 918
1071 4 0 55 224 662 213
1072 4 0 908 757 158 8
1073 4 0 514 528 649 519
1074 4 0 994 519 649 528
1075 4 0 514 519 649 994
1076 4 0 166 105 219 494
1077 4 0 103 528 99 519
1078 4 0 337 114 352 358
1079 4 0 60 524 72 99
1080 4 0 932 762 219 214
1081 4 0 994 519 99 60
1082 4 0 103 519 99 994
1083 4 0 994 995 523 528
1084 4 0 762 921 219 647
1085 4 0 103 994 99 524
1086 4 0 60 524 99 994
1087 4 0 646 693 941 674
1088 4 0 510 973 98 813
1089 4 0 484 674 460 457
1090 4 0 923 283 100 753
1091 4 0 753 873 177 623
1092 4 0 671 273 908 291
1093 4 0 553 21 206 198
1094 4 0 358 114 352 780
1095 4 0 731 950 719 998
1096 4 0 719 681 955 926
1097 4 0 91 465 456 234
1098 4 0 985 480 130 473
1099 4 0 976 318 736 303
1100 4 0 453 445 676 732
1101 4 0 506 88 485 994
1102 4 0 652 21 933 206
1103 4 0 339 690 838 788
1104 4 0 838 344 82 912
1105 4 0 115 977 359 149
1106 4 0 337 358 352 150
1107 4 0 932 648 520 499
1108 4 0 344 838 112 912
1109 4 0 237 80 234 922
1110 4 0 710 973 753 509
1111 4 0 941 860 330 693
1112 4 0 668 255 868 965
1113 4 0 460 959 410 18
1114 4 0 498 506 489 505
1115 4 0 961 941 146 460
1116 4 0 163 161 164 17
1117 4 0 474 645 902 451
1118 4 0 170 536 168 169
1119 4 0 482 470 472 930
1120 4 0 3 74 832 775
1121 4 0 234 80 965 922
1122 4 0 732 445 676 868
1123 4 0 465 475 234 80
1124 4 0 465 91 456 88
1125 4 0 593 445 732 868
1126 4 0 452 234 453 465
1127 4 0 404 896 9 399
1128 4 0 785 997 446 837
1129 4 0 30 654 172 410
1130 4 0 349 337 19 692
1131 4 0 997 781 124 446
1132 4 0 80 922 470 965
1133 4 0 234 922 666 237
1134 4 0 146 674 941 603
1135 4 0 72 519 516 99
1136 4 0 745 399 417 10
1137 4 0 79 947 856 246
1138 4 0 408 400 407 413
1139 4 0 930 255 414 470
1140 4 0 139 377 760 696
1141 4 0 346 82 108 691
1142 4 0 705 408 793 706
1143 4 0 284 158 107 675
1144 4 0 111 583 261 818
1145 4 0 197 216 209 560
1146 4 0 381 46 722 840
1147 4 0 498 109 489 499
1148 4 0 505 109 489 498
1149 4 0 505 499 489 109
1150 4 0 941 330 146 603
1151 4 0 965 80 930 470
1152 4 0 882 16 855 942
1153 4 0 891 336 583 870
1154 4 0 41 131 448 955
1155 4 0 595 997 446 785
1156 4 0 502 89 130 471
1157 4 0 123 781 324 735
1158 4 0 322 763 735 183
1159 4 0 928 186 861 380
1160 4 0 781 736 123 325
1161 4 0 781 301 324 313
1162 4 0 999 786 347 354
1163 4 0 255 565 868 243
1164 4 0 491 482 472 930
1165 4 0 401 893 627 628
1166 4 0 162 666 243 965
1167 4 0 297 315 763 183
1168 4 0 698 1000 194 625
1169 4 0 740 791 187 365
1170 4 0 606 977 355 115
1171 4 0 484 457 941 646
1172 4 0 739 337 19 982
1173 4 0 905 961 460 983
1174 4 0 472 475 470 482
1175 4 0 996 847 752 478
1176 4 0 114 780 146 674
1177 4 0 131 467 448 491
1178 4 0 491 930 472 983
1179 4 0 965 80 983 930
1180 4 0 983 930 472 961
1181 4 0 494 105 104 109
1182 4 0 957 402 629 888
1183 4 0 457 674 460 959
1184 4 0 537 170 166 474
1185 4 0 646 929 941 693
1186 4 0 701 957 402 629
1187 4 0 146 482 472 491
1188 4 0 999 348 347 135
1189 4 0 159 671 908 276
1190 4 0 831 947 727 571
1191 4 0 459 929 941 457
1192 4 0 960 496 951 488
1193 4 0 144 457 951 646
1194 4 0 923 283 104 581
1195 4 0 883 77 246 772
1196 4 0 459 693 941 929
1197 4 0 696 139 846 760
1198 4 0 330 603 941 693
1199 4 0 753 674 100 146
1200 4 0 488 931 960 496
1201 4 0 457 959 484 674
1202 4 0 343 346 355 359
1203 4 0 923 283 951 100
1204 4 0 157 675 158 8
1205 4 0 146 959 460 674
1206 4 0 818 692 261 111
1207 4 0 457 959 460 459
1208 4 0 349 150 19 337
1209 4 0 482 485 475 489
1210 4 0 646 457 941 929
1211 4 0 646 674 941 484
1212 4 0 789 603 330 693
1213 4 0 693 860 330 789
1214 4 0 603 789 330 114
1215 4 0 146 472 330 961
1216 4 0 146 114 330 135
1217 4 0 146 135 330 472
1218 4 0 146 674 330 114
1219 4 0 603 674 330 146
1220 4 0 780 114 330 789
1221 4 0 135 114 330 780
1222 4 0 646 114 330 674
1223 4 0 603 114 330 646
1224 4 0 646 674 330 603
1225 4 0 692 818 348 349
1226 4 0 92 786 347 152
1227 4 0 460 959 18 459
1228 4 0 459 457 18 929
1229 4 0 871 929 18 457
1230 4 0 459 929 18 871
1231 4 0 146 959 410 460
1232 4 0 459 457 410 18
1233 4 0 459 959 410 457
1234 4 0 18 959 410 459
1235 4 0 1000 538 968 658
1236 4 0 450 623 795 959
1237 4 0 177 714 715 175
1238 4 0 753 510 177 873
1239 4 0 434 428 747 443
1240 4 0 100 97 753 283
1241 4 0 291 276 908 671
1242 4 0 559 48 807 54
1243 4 0 710 488 159 960
1244 4 0 515 509 510 973
1245 4 0 973 276 671 813
1246 4 0 115 149 359 267
1247 4 0 710 973 671 813
1248 4 0 109 813 104 522
1249 4 0 581 949 104 813
1250 4 0 159 757 158 908
1251 4 0 437 34 640 866
1252 4 0 873 226 762 31
1253 4 0 813 515 104 98
1254 4 0 109 105 104 813
1255 4 0 98 494 104 498
1256 4 0 813 105 104 515
1257 4 0 515 973 510 813
1258 4 0 159 276 949 813
1259 4 0 671 276 159 813
1260 4 0 509 671 908 710
1261 4 0 291 8 908 276
1262 4 0 273 8 908 291
1263 4 0 158 283 923 159
1264 4 0 891 692 261 739
1265 4 0 159 710 908 671
1266 4 0 757 710 908 159
1267 4 0 158 97 949 284
1268 4 0 813 923 104 581
1269 4 0 98 813 753 104
1270 4 0 908 8 158 276
1271 4 0 908 276 158 159
1272 4 0 818 583 261 336
1273 4 0 100 974 951 710
1274 4 0 583 115 111 339
1275 4 0 159 710 923 488
1276 4 0 509 974 100 710
1277 4 0 538 1000 968 996
1278 4 0 100 710 951 488
1279 4 0 115 149 267 339
1280 4 0 159 671 923 710
1281 4 0 813 671 923 159
1282 4 0 813 710 923 671
1283 4 0 753 284 581 97
1284 4 0 892 691 108 344
1285 4 0 146 491 98 674
1286 4 0 960 974 951 496
1287 4 0 753 710 100 923
1288 4 0 923 283 753 104
1289 4 0 288 886 284 292
1290 4 0 288 292 284 279
1291 4 0 289 276 577 291
1292 4 0 813 923 753 104
1293 4 0 923 283 581 949
1294 4 0 146 674 100 959
1295 4 0 951 674 484 959
1296 4 0 288 289 577 886
1297 4 0 115 691 108 977
1298 4 0 98 515 104 494
1299 4 0 949 813 581 923
1300 4 0 675 8 284 158
1301 4 0 159 283 949 158
1302 4 0 158 276 949 159
1303 4 0 583 977 111 115
1304 4 0 960 488 951 710
1305 4 0 838 609 108 112
1306 4 0 935 907 86 252
1307 4 0 949 276 577 813
1308 4 0 107 886 577 289
1309 4 0 284 886 577 107
1310 4 0 291 276 577 8
1311 4 0 690 912 838 788
1312 4 0 284 158 577 949
1313 4 0 284 8 577 158
1314 4 0 8 675 577 291
1315 4 0 284 675 577 8
1316 4 0 107 675 577 284
1317 4 0 107 289 577 675
1318 4 0 291 675 577 289
1319 4 0 158 276 577 949
1320 4 0 158 8 577 276
1321 4 0 348 692 261 818
1322 4 0 960 710 951 974
1323 4 0 5 870 583 607
1324 4 0 515 494 98 491
1325 4 0 891 5 583 977
1326 4 0 337 336 891 5
1327 4 0 256 241 240 942
1328 4 0 152 786 354 150
1329 4 0 581 283 753 97
1330 4 0 710 813 753 973
1331 4 0 72 981 73 648
1332 4 0 195 69 557 993
1333 4 0 70 60 225 524
1334 4 0 98 510 753 973
1335 4 0 509 973 753 510
1336 4 0 509 510 753 974
1337 4 0 432 867 637 113
1338 4 0 488 923 951 100
1339 4 0 214 31 762 647
1340 4 0 573 812 287 271
1341 4 0 146 491 753 98
1342 4 0 921 44 762 226
1343 4 0 847 384 394 863
1344 4 0 646 457 951 484
1345 4 0 564 569 570 883
1346 4 0 5 336 891 870
1347 4 0 352 337 692 891
1348 4 0 349 354 347 786
1349 4 0 336 337 891 982
1350 4 0 150 358 354 152
1351 4 0 108 346 267 82
1352 4 0 344 691 108 82
1353 4 0 112 609 108 892
1354 4 0 339 149 267 691
1355 4 0 606 977 111 5
1356 4 0 146 780 999 674
1357 4 0 543 595 124 185
1358 4 0 344 838 108 112
1359 4 0 359 339 338 606
1360 4 0 149 343 359 346
1361 4 0 947 77 246 79
1362 4 0 359 115 355 977
1363 4 0 339 606 111 338
1364 4 0 108 82 911 838
1365 4 0 772 773 830 569
1366 4 0 267 691 911 339
1367 4 0 780 789 999 358
1368 4 0 347 349 19 348
1369 4 0 108 115 339 691
1370 4 0 838 115 339 108
1371 4 0 115 149 339 691
1372 4 0 251 77 534 246
1373 4 0 347 961 92 135
1374 4 0 20 223 199 723
1375 4 0 999 152 347 786
1376 4 0 606 355 111 818
1377 4 0 330 789 92 780
1378 4 0 911 267 338 359
1379 4 0 911 339 338 267
1380 4 0 355 5 111 607
1381 4 0 92 789 999 780
1382 4 0 489 491 494 482
1383 4 0 354 786 349 150
1384 4 0 780 135 92 330
1385 4 0 349 692 19 739
1386 4 0 354 674 999 780
1387 4 0 607 5 111 583
1388 4 0 772 883 534 259
1389 4 0 251 571 265 856
1390 4 0 330 152 92 860
1391 4 0 354 352 349 692
1392 4 0 891 336 261 583
1393 4 0 895 408 706 151
1394 4 0 359 606 818 355
1395 4 0 330 860 92 789
1396 4 0 870 607 818 583
1397 4 0 583 336 818 870
1398 4 0 330 135 961 472
1399 4 0 739 692 19 337
1400 4 0 354 150 349 352
1401 4 0 692 352 349 337
1402 4 0 150 337 349 352
1403 4 0 772 562 830 773
1404 4 0 798 982 739 150
1405 4 0 246 77 534 772
1406 4 0 336 982 739 798
1407 4 0 692 337 739 982
1408 4 0 251 246 265 264
1409 4 0 831 79 571 250
1410 4 0 259 883 534 77
1411 4 0 891 982 739 336
1412 4 0 692 982 739 891
1413 4 0 348 739 19 261
1414 4 0 349 606 111 348
1415 4 0 818 111 348 349
1416 4 0 818 606 348 111
1417 4 0 152 358 999 789
1418 4 0 354 358 999 152
1419 4 0 92 860 999 789
1420 4 0 152 860 999 92
1421 4 0 152 789 999 860
1422 4 0 336 870 261 818
1423 4 0 739 870 261 336
1424 4 0 564 258 883 566
1425 4 0 739 355 261 607
1426 4 0 818 607 261 355
1427 4 0 739 607 261 870
1428 4 0 818 870 261 607
1429 4 0 999 354 347 349
1430 4 0 150 982 19 337
1431 4 0 739 982 19 150
1432 4 0 650 569 830 773
1433 4 0 259 77 251 264
1434 4 0 265 947 571 264
1435 4 0 620 791 928 186
1436 4 0 251 246 534 856
1437 4 0 569 772 570 883
1438 4 0 569 773 570 772
1439 4 0 344 82 912 267
1440 4 0 267 4 912 344
1441 4 0 690 356 912 82
1442 4 0 4 356 912 690
1443 4 0 912 838 112 690
1444 4 0 112 4 912 690
1445 4 0 344 838 82 108
1446 4 0 344 4 912 112
1447 4 0 788 690 912 82
1448 4 0 772 883 259 570
1449 4 0 856 947 265 246
1450 4 0 831 250 571 667
1451 4 0 983 905 668 255
1452 4 0 667 79 726 571
1453 4 0 246 947 265 264
1454 4 0 856 947 571 265
1455 4 0 742 699 361 378
1456 4 0 880 202 62 43
1457 4 0 191 192 529 40
1458 4 0 771 833 75 810
1459 4 0 667 856 726 79
1460 4 0 79 77 259 947
1461 4 0 246 77 726 79
1462 4 0 264 773 265 251
1463 4 0 79 947 571 856
1464 4 0 571 250 726 667
1465 4 0 772 77 534 883
1466 4 0 259 562 534 772
1467 4 0 830 772 534 562
1468 4 0 830 773 534 251
1469 4 0 830 562 534 773
1470 4 0 264 259 534 251
1471 4 0 264 562 534 259
1472 4 0 264 773 534 562
1473 4 0 251 773 534 264
1474 4 0 703 896 409 399
1475 4 0 246 79 726 856
1476 4 0 248 831 727 250
1477 4 0 808 831 727 571
1478 4 0 248 808 233 74
1479 4 0 390 391 388 46
1480 4 0 965 163 162 946
1481 4 0 727 248 233 236
1482 4 0 667 831 808 571
1483 4 0 368 377 975 625
1484 4 0 75 237 268 238
1485 4 0 701 888 969 403
1486 4 0 250 667 775 726
1487 4 0 705 173 848 630
1488 4 0 887 815 321 119
1489 4 0 865 893 402 701
1490 4 0 775 831 727 808
1491 4 0 801 940 859 316
1492 4 0 726 3 775 250
1493 4 0 74 667 775 808
1494 4 0 618 388 621 40
1495 4 0 809 948 266 954
1496 4 0 808 667 775 831
1497 4 0 250 831 775 667
1498 4 0 3 74 775 248
1499 4 0 775 248 727 3
1500 4 0 250 3 727 248
1501 4 0 775 3 727 250
1502 4 0 893 401 701 628
1503 4 0 413 400 793 408
1504 4 0 172 630 444 173
1505 4 0 810 16 942 833
1506 4 0 821 964 695 365
1507 4 0 237 238 729 922
1508 4 0 151 412 895 408
1509 4 0 247 810 855 833
1510 4 0 697 370 544 395
1511 4 0 402 888 969 701
1512 4 0 406 628 969 1001
1513 4 0 310 816 448 414
1514 4 0 299 678 295 93
1515 4 0 86 885 800 253
1516 4 0 627 893 799 865
1517 4 0 627 1001 799 628
1518 4 0 618 192 191 40
1519 4 0 942 241 240 833
1520 4 0 706 705 418 848
1521 4 0 310 414 448 491
1522 4 0 412 702 29 411
1523 4 0 367 190 136 845
1524 4 0 627 628 799 401
1525 4 0 444 983 644 905
1526 4 0 854 881 228 770
1527 4 0 403 888 629 701
1528 4 0 827 255 868 80
1529 4 0 848 411 418 706
1530 4 0 742 967 616 396
1531 4 0 848 411 706 29
1532 4 0 844 370 395 619
1533 4 0 365 382 187 186
1534 4 0 593 255 592 827
1535 4 0 413 865 969 406
1536 4 0 192 915 943 28
1537 4 0 172 410 444 630
1538 4 0 297 317 308 118
1539 4 0 668 965 243 255
1540 4 0 414 470 645 482
1541 4 0 701 628 969 406
1542 4 0 668 983 414 905
1543 4 0 390 388 137 381
1544 4 0 391 389 28 192
1545 4 0 543 684 717 38
1546 4 0 881 874 207 228
1547 4 0 455 965 868 243
1548 4 0 413 406 895 408
1549 4 0 702 411 848 29
1550 4 0 151 408 793 412
1551 4 0 706 151 793 29
1552 4 0 409 399 10 419
1553 4 0 905 961 644 18
1554 4 0 172 871 444 410
1555 4 0 482 491 448 414
1556 4 0 18 961 644 460
1557 4 0 411 412 895 151
1558 4 0 652 215 553 206
1559 4 0 827 593 868 445
1560 4 0 629 29 957 412
1561 4 0 983 255 668 930
1562 4 0 880 43 557 25
1563 4 0 420 413 969 888
1564 4 0 905 668 644 444
1565 4 0 402 701 969 865
1566 4 0 865 888 969 402
1567 4 0 403 888 969 413
1568 4 0 786 330 152 92
1569 4 0 413 895 969 403
1570 4 0 613 40 388 391
1571 4 0 983 668 414 930
1572 4 0 29 705 848 630
1573 4 0 790 37 694 386
1574 4 0 865 413 969 420
1575 4 0 420 888 969 865
1576 4 0 848 702 644 444
1577 4 0 151 412 29 411
1578 4 0 629 412 957 408
1579 4 0 696 618 392 915
1580 4 0 127 306 925 87
1581 4 0 629 420 957 888
1582 4 0 888 420 957 407
1583 4 0 629 408 957 413
1584 4 0 618 40 191 381
1585 4 0 988 706 540 793
1586 4 0 407 420 957 413
1587 4 0 407 413 957 408
1588 4 0 629 413 957 420
1589 4 0 310 898 448 131
1590 4 0 955 898 448 41
1591 4 0 310 491 448 898
1592 4 0 961 905 644 983
1593 4 0 410 871 644 18
1594 4 0 444 871 644 410
1595 4 0 410 961 644 444
1596 4 0 410 460 644 961
1597 4 0 18 460 644 410
1598 4 0 555 664 875 227
1599 4 0 163 162 268 161
1600 4 0 381 46 137 390
1601 4 0 592 681 939 926
1602 4 0 965 234 455 80
1603 4 0 237 666 268 162
1604 4 0 888 413 629 420
1605 4 0 895 412 629 408
1606 4 0 403 412 629 895
1607 4 0 895 413 629 403
1608 4 0 895 408 629 413
1609 4 0 793 400 540 988
1610 4 0 793 706 540 705
1611 4 0 732 593 307 592
1612 4 0 631 15 121 416
1613 4 0 785 950 837 446
1614 4 0 816 782 592 926
1615 4 0 255 930 414 668
1616 4 0 461 466 458 899
1617 4 0 899 447 458 461
1618 4 0 162 243 565 161
1619 4 0 38 684 717 184
1620 4 0 316 782 926 859
1621 4 0 307 593 676 868
1622 4 0 470 482 414 930
1623 4 0 752 647 901 714
1624 4 0 930 482 414 491
1625 4 0 444 905 414 816
1626 4 0 668 905 414 444
1627 4 0 483 503 492 490
1628 4 0 131 782 448 955
1629 4 0 827 593 414 592
1630 4 0 685 125 731 307
1631 4 0 136 367 803 190
1632 4 0 983 930 414 491
1633 4 0 131 898 448 782
1634 4 0 653 759 474 467
1635 4 0 823 863 462 538
1636 4 0 78 161 268 565
1637 4 0 237 666 162 965
1638 4 0 489 494 474 645
1639 4 0 983 965 162 905
1640 4 0 685 732 950 676
1641 4 0 736 301 781 677
1642 4 0 565 666 268 455
1643 4 0 243 965 868 255
1644 4 0 666 965 455 243
1645 4 0 16 163 247 164
1646 4 0 935 885 567 800
1647 4 0 965 922 162 237
1648 4 0 162 965 243 905
1649 4 0 668 905 243 965
1650 4 0 162 905 243 668
1651 4 0 453 452 676 445
1652 4 0 983 255 868 905
1653 4 0 905 965 868 983
1654 4 0 905 255 868 668
1655 4 0 164 810 75 729
1656 4 0 729 237 75 238
1657 4 0 523 528 527 524
1658 4 0 987 325 736 312
1659 4 0 444 702 632 848
1660 4 0 859 677 313 316
1661 4 0 301 313 677 316
1662 4 0 378 844 699 819
1663 4 0 920 759 902 171
1664 4 0 452 465 453 88
1665 4 0 868 243 565 455
1666 4 0 455 78 565 868
1667 4 0 90 466 458 461
1668 4 0 455 234 456 445
1669 4 0 447 593 445 732
1670 4 0 868 593 676 732
1671 4 0 930 255 868 983
1672 4 0 930 80 868 255
1673 4 0 983 80 868 930
1674 4 0 965 80 868 983
1675 4 0 455 80 868 965
1676 4 0 681 940 939 837
1677 4 0 801 184 717 316
1678 4 0 736 325 781 312
1679 4 0 785 950 446 685
1680 4 0 593 782 732 926
1681 4 0 782 593 732 592
1682 4 0 799 628 792 401
1683 4 0 15 415 416 122
1684 4 0 628 401 703 792
1685 4 0 792 896 703 628
1686 4 0 1001 896 792 628
1687 4 0 586 317 293 118
1688 4 0 505 994 495 519
1689 4 0 701 401 703 628
1690 4 0 628 896 703 399
1691 4 0 909 116 587 889
1692 4 0 799 1001 745 792
1693 4 0 318 303 682 297
1694 4 0 319 301 781 736
1695 4 0 987 314 322 183
1696 4 0 235 563 242 260
1697 4 0 946 162 268 163
1698 4 0 263 76 568 774
1699 4 0 183 305 322 987
1700 4 0 615 963 803 190
1701 4 0 736 987 123 325
1702 4 0 939 940 319 316
1703 4 0 745 409 10 792
1704 4 0 745 399 10 409
1705 4 0 907 882 535 253
1706 4 0 818 347 261 348
1707 4 0 262 83 568 954
1708 4 0 419 399 417 404
1709 4 0 239 936 266 809
1710 4 0 792 1001 745 896
1711 4 0 419 399 95 409
1712 4 0 416 15 121 415
1713 4 0 833 565 810 78
1714 4 0 15 9 405 95
1715 4 0 627 1001 745 799
1716 4 0 122 417 416 404
1717 4 0 15 122 416 631
1718 4 0 10 792 417 745
1719 4 0 404 399 417 896
1720 4 0 10 399 417 419
1721 4 0 309 300 734 127
1722 4 0 409 896 745 399
1723 4 0 404 896 417 745
1724 4 0 792 626 745 409
1725 4 0 409 703 745 896
1726 4 0 626 703 745 409
1727 4 0 703 792 745 896
1728 4 0 626 792 745 703
1729 4 0 815 784 587 320
1730 4 0 844 700 916 913
1731 4 0 417 404 122 419
1732 4 0 122 15 405 704
1733 4 0 565 161 810 78
1734 4 0 405 140 121 13
1735 4 0 808 248 233 727
1736 4 0 323 181 683 984
1737 4 0 122 9 631 704
1738 4 0 419 404 122 9
1739 4 0 95 9 122 704
1740 4 0 419 9 122 95
1741 4 0 95 704 122 419
1742 4 0 15 704 631 9
1743 4 0 122 704 631 15
1744 4 0 617 380 861 980
1745 4 0 417 745 416 404
1746 4 0 631 9 416 404
1747 4 0 122 9 416 631
1748 4 0 122 404 416 9
1749 4 0 84 254 14 160
1750 4 0 942 16 535 882
1751 4 0 853 906 244 83
1752 4 0 821 822 360 841
1753 4 0 78 771 810 833
1754 4 0 948 953 568 262
1755 4 0 405 415 121 15
1756 4 0 405 13 121 415
1757 4 0 894 415 121 13
1758 4 0 894 416 121 122
1759 4 0 415 122 121 416
1760 4 0 894 122 121 415
1761 4 0 444 173 632 871
1762 4 0 182 678 302 294
1763 4 0 907 942 535 882
1764 4 0 942 241 855 882
1765 4 0 855 237 75 729
1766 4 0 965 922 946 162
1767 4 0 965 238 946 922
1768 4 0 237 922 946 238
1769 4 0 162 922 946 237
1770 4 0 161 78 164 810
1771 4 0 161 771 164 78
1772 4 0 164 810 247 16
1773 4 0 252 247 855 882
1774 4 0 857 84 936 257
1775 4 0 314 301 736 677
1776 4 0 942 241 882 252
1777 4 0 855 247 75 810
1778 4 0 953 906 262 81
1779 4 0 942 252 882 907
1780 4 0 252 247 882 907
1781 4 0 240 833 75 771
1782 4 0 942 885 535 16
1783 4 0 774 83 239 568
1784 4 0 164 810 729 247
1785 4 0 594 323 984 93
1786 4 0 797 483 479 449
1787 4 0 247 163 729 164
1788 4 0 946 163 729 247
1789 4 0 946 238 729 163
1790 4 0 247 238 729 946
1791 4 0 12 257 853 936
1792 4 0 305 925 312 976
1793 4 0 535 942 85 885
1794 4 0 535 253 800 885
1795 4 0 857 86 257 935
1796 4 0 11 257 853 12
1797 4 0 263 906 953 81
1798 4 0 935 885 86 253
1799 4 0 90 91 458 466
1800 4 0 953 263 262 906
1801 4 0 253 254 800 86
1802 4 0 942 16 855 833
1803 4 0 942 833 855 241
1804 4 0 240 241 855 833
1805 4 0 240 256 567 241
1806 4 0 160 254 12 257
1807 4 0 855 810 75 240
1808 4 0 253 160 800 254
1809 4 0 240 810 75 833
1810 4 0 252 241 935 907
1811 4 0 935 885 800 86
1812 4 0 857 84 809 936
1813 4 0 586 118 293 594
1814 4 0 857 86 84 254
1815 4 0 300 317 586 118
1816 4 0 567 86 14 84
1817 4 0 567 800 14 935
1818 4 0 954 906 262 83
1819 4 0 254 86 14 800
1820 4 0 124 325 324 123
1821 4 0 127 305 682 925
1822 4 0 567 84 14 85
1823 4 0 567 885 14 800
1824 4 0 183 303 682 305
1825 4 0 857 256 84 567
1826 4 0 729 238 75 163
1827 4 0 163 164 75 729
1828 4 0 469 398 26 493
1829 4 0 456 91 458 88
1830 4 0 163 238 75 946
1831 4 0 456 447 458 445
1832 4 0 305 303 682 318
1833 4 0 84 256 85 567
1834 4 0 119 938 909 23
1835 4 0 117 596 683 323
1836 4 0 857 254 257 86
1837 4 0 84 254 257 857
1838 4 0 84 160 257 254
1839 4 0 86 857 84 567
1840 4 0 256 935 85 567
1841 4 0 567 935 85 885
1842 4 0 297 118 318 317
1843 4 0 857 935 936 567
1844 4 0 257 935 936 857
1845 4 0 535 907 85 942
1846 4 0 309 127 315 308
1847 4 0 256 833 85 942
1848 4 0 925 297 682 127
1849 4 0 935 253 85 885
1850 4 0 253 907 85 535
1851 4 0 535 885 85 253
1852 4 0 907 252 85 942
1853 4 0 907 253 85 935
1854 4 0 241 942 85 252
1855 4 0 256 942 85 241
1856 4 0 241 252 85 907
1857 4 0 183 297 682 303
1858 4 0 935 241 85 907
1859 4 0 256 241 85 935
1860 4 0 964 821 695 360
1861 4 0 309 682 315 127
1862 4 0 987 303 736 314
1863 4 0 887 733 24 910
1864 4 0 682 318 976 305
1865 4 0 302 299 295 294
1866 4 0 312 303 736 987
1867 4 0 306 300 586 118
1868 4 0 590 300 586 306
1869 4 0 11 254 12 160
1870 4 0 565 161 268 162
1871 4 0 594 590 293 586
1872 4 0 594 590 93 589
1873 4 0 939 837 950 681
1874 4 0 297 317 318 303
1875 4 0 586 300 293 317
1876 4 0 590 300 293 586
1877 4 0 117 304 683 596
1878 4 0 586 590 93 594
1879 4 0 309 293 734 317
1880 4 0 594 93 984 678
1881 4 0 619 370 914 841
1882 4 0 299 294 302 678
1883 4 0 324 124 684 997
1884 4 0 313 297 763 303
1885 4 0 303 313 677 763
1886 4 0 314 677 763 303
1887 4 0 123 987 322 305
1888 4 0 303 314 183 763
1889 4 0 611 378 699 819
1890 4 0 78 771 268 161
1891 4 0 611 370 819 841
1892 4 0 299 93 295 589
1893 4 0 3 74 233 832
1894 4 0 300 317 734 293
1895 4 0 178 436 35 867
1896 4 0 740 741 802 187
1897 4 0 736 312 781 976
1898 4 0 458 466 464 899
1899 4 0 126 476 463 468
1900 4 0 976 318 312 305
1901 4 0 925 87 976 318
1902 4 0 305 318 312 303
1903 4 0 297 87 925 318
1904 4 0 118 297 925 127
1905 4 0 118 87 925 297
1906 4 0 127 87 925 118
1907 4 0 925 318 976 682
1908 4 0 682 305 976 925
1909 4 0 318 87 976 118
1910 4 0 985 94 464 473
1911 4 0 978 826 850 36
1912 4 0 305 925 987 312
1913 4 0 785 595 124 446
1914 4 0 586 118 976 87
1915 4 0 781 313 324 677
1916 4 0 471 473 130 480
1917 4 0 314 303 736 318
1918 4 0 305 183 322 682
1919 4 0 314 677 736 763
1920 4 0 163 161 268 164
1921 4 0 940 319 997 781
1922 4 0 162 243 268 565
1923 4 0 301 313 781 677
1924 4 0 319 940 997 316
1925 4 0 966 196 881 220
1926 4 0 669 286 65 663
1927 4 0 263 81 953 260
1928 4 0 936 257 853 83
1929 4 0 84 160 12 257
1930 4 0 830 650 242 235
1931 4 0 235 249 242 258
1932 4 0 465 234 453 456
1933 4 0 260 563 242 263
1934 4 0 728 236 233 832
1935 4 0 679 910 758 680
1936 4 0 773 249 242 650
1937 4 0 164 810 268 75
1938 4 0 164 771 268 810
1939 4 0 88 90 458 461
1940 4 0 88 91 458 90
1941 4 0 781 325 124 446
1942 4 0 167 499 495 500
1943 4 0 103 528 527 101
1944 4 0 57 497 517 70
1945 4 0 138 126 468 995
1946 4 0 138 129 468 126
1947 4 0 995 90 126 89
1948 4 0 985 94 126 464
1949 4 0 464 899 126 985
1950 4 0 458 461 453 129
1951 4 0 461 899 126 466
1952 4 0 461 466 126 90
1953 4 0 463 126 130 476
1954 4 0 197 560 209 552
1955 4 0 464 466 126 899
1956 4 0 464 94 126 466
1957 4 0 89 90 126 94
1958 4 0 466 94 126 90
1959 4 0 774 953 568 263
1960 4 0 954 83 244 906
1961 4 0 954 81 262 906
1962 4 0 774 245 239 83
1963 4 0 257 254 853 86
1964 4 0 568 954 266 948
1965 4 0 306 317 309 300
1966 4 0 948 263 568 953
1967 4 0 809 857 266 84
1968 4 0 76 884 774 245
1969 4 0 308 317 182 309
1970 4 0 239 853 266 244
1971 4 0 308 317 309 127
1972 4 0 906 263 774 76
1973 4 0 906 76 774 245
1974 4 0 809 853 266 239
1975 4 0 239 244 266 954
1976 4 0 809 954 266 244
1977 4 0 682 297 315 127
1978 4 0 239 857 266 936
1979 4 0 948 263 809 568
1980 4 0 262 263 774 906
1981 4 0 262 953 774 263
1982 4 0 262 906 774 83
1983 4 0 245 83 774 906
1984 4 0 127 297 315 308
1985 4 0 568 948 266 809
1986 4 0 84 14 809 12
1987 4 0 12 936 809 84
1988 4 0 948 11 809 12
1989 4 0 853 11 809 244
1990 4 0 853 12 809 11
1991 4 0 568 774 266 239
1992 4 0 11 954 809 244
1993 4 0 948 954 809 11
1994 4 0 244 83 239 853
1995 4 0 568 83 239 954
1996 4 0 244 954 239 83
1997 4 0 185 837 785 125
1998 4 0 588 320 784 815
1999 4 0 809 244 266 853
2000 4 0 293 594 984 678
2001 4 0 127 317 309 118
2002 4 0 306 118 309 317
2003 4 0 127 118 309 306
2004 4 0 299 294 182 734
2005 4 0 734 589 182 299
2006 4 0 309 317 734 300
2007 4 0 910 733 680 679
2008 4 0 645 782 131 41
2009 4 0 295 984 323 93
2010 4 0 293 589 734 590
2011 4 0 300 590 734 589
2012 4 0 293 590 734 300
2013 4 0 589 594 299 93
2014 4 0 93 594 299 678
2015 4 0 302 984 295 678
2016 4 0 24 304 758 680
2017 4 0 591 984 295 294
2018 4 0 591 294 295 299
2019 4 0 93 678 295 984
2020 4 0 734 293 182 589
2021 4 0 594 678 182 299
2022 4 0 594 293 182 678
2023 4 0 594 589 182 293
2024 4 0 299 589 182 594
2025 4 0 596 591 181 984
2026 4 0 117 733 24 887
2027 4 0 390 363 613 367
2028 4 0 832 236 233 3
2029 4 0 678 984 181 302
2030 4 0 298 302 591 294
2031 4 0 984 302 591 298
2032 4 0 984 294 591 302
2033 4 0 591 984 596 295
2034 4 0 299 591 596 295
2035 4 0 323 596 683 181
2036 4 0 93 590 295 589
2037 4 0 128 910 758 298
2038 4 0 683 296 680 304
2039 4 0 324 313 38 735
2040 4 0 298 591 181 596
2041 4 0 298 984 181 591
2042 4 0 24 910 758 128
2043 4 0 680 304 758 679
2044 4 0 591 294 128 298
2045 4 0 119 887 938 321
2046 4 0 117 295 596 323
2047 4 0 984 295 323 596
2048 4 0 181 984 323 596
2049 4 0 296 304 683 117
2050 4 0 181 596 683 304
2051 4 0 938 321 311 23
2052 4 0 248 3 233 236
2053 4 0 119 910 938 887
2054 4 0 459 18 418 632
2055 4 0 23 679 311 938
2056 4 0 887 910 938 679
2057 4 0 74 3 233 248
2058 4 0 304 117 758 128
2059 4 0 741 740 802 387
2060 4 0 887 910 24 119
2061 4 0 128 119 24 910
2062 4 0 24 128 758 117
2063 4 0 624 623 174 478
2064 4 0 988 630 540 29
2065 4 0 889 116 587 783
2066 4 0 591 298 128 596
2067 4 0 381 388 618 40
2068 4 0 128 181 758 596
2069 4 0 596 304 758 128
2070 4 0 938 321 23 119
2071 4 0 596 181 758 304
2072 4 0 24 117 758 304
2073 4 0 680 910 758 24
2074 4 0 622 66 326 927
2075 4 0 596 304 128 117
2076 4 0 848 173 632 444
2077 4 0 596 298 128 181
2078 4 0 117 304 24 296
2079 4 0 117 296 24 733
2080 4 0 296 304 24 680
2081 4 0 733 296 24 680
2082 4 0 680 910 24 733
2083 4 0 451 499 474 489
2084 4 0 395 914 544 360
2085 4 0 37 790 843 386
2086 4 0 201 20 58 199
2087 4 0 733 321 311 887
2088 4 0 733 588 311 321
2089 4 0 680 588 311 733
2090 4 0 938 887 311 321
2091 4 0 679 887 311 938
2092 4 0 733 679 311 680
2093 4 0 733 887 311 679
2094 4 0 644 18 632 702
2095 4 0 815 909 587 889
2096 4 0 29 630 706 705
2097 4 0 848 705 632 173
2098 4 0 843 37 694 790
2099 4 0 611 822 914 841
2100 4 0 42 196 854 770
2101 4 0 374 843 364 790
2102 4 0 858 23 815 909
2103 4 0 858 588 815 23
2104 4 0 784 588 815 858
2105 4 0 909 889 815 858
2106 4 0 616 742 361 612
2107 4 0 784 858 815 889
2108 4 0 784 320 120 783
2109 4 0 592 255 645 414
2110 4 0 783 116 120 889
2111 4 0 29 705 706 848
2112 4 0 706 411 418 151
2113 4 0 844 370 819 378
2114 4 0 706 29 540 630
2115 4 0 151 412 793 29
2116 4 0 412 408 793 957
2117 4 0 988 744 793 400
2118 4 0 29 744 793 988
2119 4 0 407 408 793 400
2120 4 0 957 408 793 407
2121 4 0 957 29 793 412
2122 4 0 744 29 793 957
2123 4 0 744 407 793 400
2124 4 0 957 407 793 744
2125 4 0 871 173 632 705
2126 4 0 459 871 632 929
2127 4 0 363 379 137 615
2128 4 0 538 368 658 625
2129 4 0 983 905 310 414
2130 4 0 975 1000 658 625
2131 4 0 139 389 657 698
2132 4 0 694 790 364 843
2133 4 0 365 791 187 382
2134 4 0 614 820 385 616
2135 4 0 287 275 50 271
2136 4 0 917 33 746 142
2137 4 0 386 37 374 843
2138 4 0 414 592 131 645
2139 4 0 556 42 554 770
2140 4 0 980 360 544 611
2141 4 0 378 913 612 742
2142 4 0 964 360 695 383
2143 4 0 551 210 222 554
2144 4 0 364 790 369 374
2145 4 0 660 208 561 723
2146 4 0 645 494 131 482
2147 4 0 369 820 375 385
2148 4 0 841 370 819 619
2149 4 0 998 125 39 731
2150 4 0 997 940 717 316
2151 4 0 136 389 391 192
2152 4 0 742 366 616 700
2153 4 0 382 791 187 387
2154 4 0 458 88 453 456
2155 4 0 555 20 875 199
2156 4 0 452 445 453 234
2157 4 0 913 916 612 742
2158 4 0 369 790 375 374
2159 4 0 980 382 544 697
2160 4 0 939 837 39 950
2161 4 0 819 841 699 611
2162 4 0 481 523 517 497
2163 4 0 660 723 561 766
2164 4 0 616 742 612 366
2165 4 0 385 614 369 820
2166 4 0 378 370 819 611
2167 4 0 697 395 544 383
2168 4 0 844 967 619 700
2169 4 0 955 898 310 782
2170 4 0 781 677 324 735
2171 4 0 396 967 619 844
2172 4 0 396 822 619 967
2173 4 0 319 301 324 781
2174 4 0 928 380 861 620
2175 4 0 950 125 731 685
2176 4 0 956 842 369 614
2177 4 0 841 619 819 822
2178 4 0 742 700 616 967
2179 4 0 916 366 612 742
2180 4 0 956 385 369 361
2181 4 0 841 822 360 611
2182 4 0 136 367 529 391
2183 4 0 47 966 211 196
2184 4 0 327 88 138 486
2185 4 0 516 519 495 994
2186 4 0 123 736 322 987
2187 4 0 324 735 38 684
2188 4 0 770 881 228 874
2189 4 0 763 736 322 123
2190 4 0 901 467 537 647
2191 4 0 740 387 365 622
2192 4 0 185 125 785 595
2193 4 0 595 940 785 185
2194 4 0 475 489 645 482
2195 4 0 700 366 956 916
2196 4 0 383 360 544 964
2197 4 0 939 316 859 940
2198 4 0 732 782 955 926
2199 4 0 719 926 859 939
2200 4 0 619 370 395 914
2201 4 0 456 88 453 465
2202 4 0 185 940 785 837
2203 4 0 841 822 914 619
2204 4 0 914 370 378 611
2205 4 0 781 325 324 124
2206 4 0 914 822 395 619
2207 4 0 615 963 927 363
2208 4 0 45 615 927 66
2209 4 0 914 913 378 370
2210 4 0 614 374 956 842
2211 4 0 395 822 383 619
2212 4 0 914 611 395 822
2213 4 0 360 611 395 914
2214 4 0 360 822 395 611
2215 4 0 360 821 395 822
2216 4 0 821 822 383 395
2217 4 0 123 325 324 781
2218 4 0 383 395 544 360
2219 4 0 611 914 544 980
2220 4 0 964 360 544 980
2221 4 0 614 385 369 956
2222 4 0 216 196 805 228
2223 4 0 326 927 362 963
2224 4 0 740 791 365 387
2225 4 0 874 42 203 770
2226 4 0 58 555 769 54
2227 4 0 740 186 861 928
2228 4 0 380 382 186 980
2229 4 0 939 940 859 837
2230 4 0 844 370 378 913
2231 4 0 396 819 742 699
2232 4 0 37 374 614 820
2233 4 0 396 822 819 619
2234 4 0 844 396 819 619
2235 4 0 619 370 819 844
2236 4 0 967 700 616 366
2237 4 0 821 822 819 396
2238 4 0 841 822 819 821
2239 4 0 844 967 699 396
2240 4 0 879 723 197 208
2241 4 0 37 843 614 374
2242 4 0 844 913 699 967
2243 4 0 378 913 699 844
2244 4 0 913 700 699 967
2245 4 0 916 366 742 700
2246 4 0 759 539 474 467
2247 4 0 967 396 742 699
2248 4 0 699 700 742 967
2249 4 0 700 913 742 916
2250 4 0 699 913 742 700
2251 4 0 378 913 742 699
2252 4 0 70 995 486 523
2253 4 0 956 612 361 842
2254 4 0 673 96 836 530
2255 4 0 742 378 361 612
2256 4 0 58 199 59 201
2257 4 0 385 366 956 616
2258 4 0 614 616 956 366
2259 4 0 385 616 956 614
2260 4 0 184 684 717 316
2261 4 0 385 742 361 616
2262 4 0 956 366 361 612
2263 4 0 385 366 361 956
2264 4 0 385 616 361 366
2265 4 0 612 366 361 616
2266 4 0 842 820 369 614
2267 4 0 369 842 375 820
2268 4 0 374 842 375 369
2269 4 0 374 820 375 842
2270 4 0 820 374 375 37
2271 4 0 386 37 375 374
2272 4 0 820 37 375 386
2273 4 0 997 837 785 940
2274 4 0 225 648 495 516
2275 4 0 489 505 451 499
2276 4 0 456 447 453 458
2277 4 0 26 167 495 170
2278 4 0 94 985 130 473
2279 4 0 995 134 523 528
2280 4 0 38 313 184 735
2281 4 0 444 816 310 905
2282 4 0 645 467 131 494
2283 4 0 458 447 453 461
2284 4 0 927 365 326 622
2285 4 0 486 70 497 225
2286 4 0 465 88 452 485
2287 4 0 732 447 453 445
2288 4 0 493 469 327 452
2289 4 0 469 505 26 451
2290 4 0 25 43 806 880
2291 4 0 719 939 859 39
2292 4 0 731 950 998 125
2293 4 0 307 732 676 593
2294 4 0 71 918 508 232
2295 4 0 592 307 131 645
2296 4 0 791 821 695 365
2297 4 0 383 360 695 821
2298 4 0 807 559 550 48
2299 4 0 918 232 71 507
2300 4 0 994 524 225 60
2301 4 0 652 215 68 553
2302 4 0 615 66 622 927
2303 4 0 446 997 684 124
2304 4 0 360 964 376 980
2305 4 0 801 316 859 313
2306 4 0 677 313 735 763
2307 4 0 123 763 735 322
2308 4 0 620 380 617 383
2309 4 0 390 379 137 363
2310 4 0 736 763 322 314
2311 4 0 183 314 322 763
2312 4 0 124 997 324 781
2313 4 0 736 763 735 123
2314 4 0 736 677 735 763
2315 4 0 837 185 39 125
2316 4 0 595 685 785 307
2317 4 0 376 791 365 928
2318 4 0 928 964 365 376
2319 4 0 307 732 685 676
2320 4 0 123 781 735 736
2321 4 0 677 736 735 781
2322 4 0 376 791 617 365
2323 4 0 301 316 184 313
2324 4 0 215 768 876 550
2325 4 0 955 782 448 898
2326 4 0 997 316 684 319
2327 4 0 324 997 684 781
2328 4 0 319 781 684 997
2329 4 0 324 781 684 319
2330 4 0 191 915 943 193
2331 4 0 926 316 859 939
2332 4 0 950 837 39 125
2333 4 0 523 525 527 528
2334 4 0 136 963 613 372
2335 4 0 592 816 310 782
2336 4 0 927 963 326 363
2337 4 0 840 379 803 66
2338 4 0 617 620 861 380
2339 4 0 227 660 197 561
2340 4 0 770 196 881 42
2341 4 0 376 964 695 980
2342 4 0 620 186 928 380
2343 4 0 645 467 474 920
2344 4 0 927 137 615 363
2345 4 0 804 718 546 547
2346 4 0 139 389 760 377
2347 4 0 380 382 620 186
2348 4 0 186 382 620 791
2349 4 0 617 980 861 376
2350 4 0 740 622 365 928
2351 4 0 881 42 874 770
2352 4 0 697 382 380 980
2353 4 0 740 387 187 791
2354 4 0 186 740 187 365
2355 4 0 928 791 365 186
2356 4 0 186 382 187 980
2357 4 0 382 387 620 791
2358 4 0 845 190 372 362
2359 4 0 326 963 362 962
2360 4 0 372 373 391 136
2361 4 0 489 498 474 494
2362 4 0 186 740 365 928
2363 4 0 301 313 184 38
2364 4 0 365 964 695 376
2365 4 0 695 365 617 791
2366 4 0 376 365 617 695
2367 4 0 928 791 617 376
2368 4 0 225 70 497 500
2369 4 0 805 211 879 196
2370 4 0 94 473 130 471
2371 4 0 175 31 714 762
2372 4 0 195 25 557 43
2373 4 0 204 552 197 561
2374 4 0 695 822 617 383
2375 4 0 645 125 307 731
2376 4 0 980 360 861 376
2377 4 0 523 516 517 70
2378 4 0 486 398 138 327
2379 4 0 712 869 508 518
2380 4 0 326 962 365 791
2381 4 0 622 962 365 326
2382 4 0 962 387 365 791
2383 4 0 622 387 365 962
2384 4 0 186 791 365 382
2385 4 0 471 480 130 502
2386 4 0 129 126 138 461
2387 4 0 469 506 495 505
2388 4 0 544 383 695 697
2389 4 0 964 383 695 544
2390 4 0 544 697 695 964
2391 4 0 697 383 617 380
2392 4 0 980 376 617 695
2393 4 0 695 697 617 980
2394 4 0 380 980 617 697
2395 4 0 307 475 645 80
2396 4 0 376 928 861 617
2397 4 0 617 791 861 620
2398 4 0 928 791 861 617
2399 4 0 928 620 861 791
2400 4 0 470 475 645 482
2401 4 0 593 592 645 307
2402 4 0 489 494 645 482
2403 4 0 324 301 38 313
2404 4 0 684 301 38 324
2405 4 0 136 963 803 840
2406 4 0 451 475 645 307
2407 4 0 950 125 39 998
2408 4 0 845 190 802 187
2409 4 0 136 192 529 367
2410 4 0 319 301 38 684
2411 4 0 451 489 645 475
2412 4 0 731 125 39 185
2413 4 0 319 301 184 38
2414 4 0 319 316 184 301
2415 4 0 735 313 184 763
2416 4 0 684 319 184 38
2417 4 0 684 316 184 319
2418 4 0 801 719 955 859
2419 4 0 717 543 39 801
2420 4 0 801 837 859 940
2421 4 0 801 185 39 837
2422 4 0 685 307 731 41
2423 4 0 410 988 630 172
2424 4 0 372 963 613 362
2425 4 0 868 475 307 80
2426 4 0 868 827 307 593
2427 4 0 80 827 307 868
2428 4 0 990 828 58 555
2429 4 0 474 499 26 167
2430 4 0 476 232 481 57
2431 4 0 489 475 451 234
2432 4 0 868 307 451 676
2433 4 0 868 475 451 307
2434 4 0 489 234 451 485
2435 4 0 516 72 495 519
2436 4 0 452 445 451 676
2437 4 0 868 234 451 475
2438 4 0 868 445 451 234
2439 4 0 676 445 451 868
2440 4 0 740 45 802 66
2441 4 0 41 307 731 645
2442 4 0 377 862 823 368
2443 4 0 645 41 131 731
2444 4 0 307 732 41 685
2445 4 0 593 255 645 592
2446 4 0 80 827 645 307
2447 4 0 80 255 645 827
2448 4 0 80 475 645 470
2449 4 0 470 255 645 80
2450 4 0 827 593 645 307
2451 4 0 827 255 645 593
2452 4 0 491 482 131 494
2453 4 0 491 494 131 467
2454 4 0 732 926 955 681
2455 4 0 186 740 802 187
2456 4 0 837 801 859 39
2457 4 0 801 316 717 940
2458 4 0 39 939 859 837
2459 4 0 368 696 625 392
2460 4 0 732 950 955 719
2461 4 0 448 131 454 539
2462 4 0 731 185 39 998
2463 4 0 178 433 716 707
2464 4 0 951 457 174 959
2465 4 0 795 847 454 450
2466 4 0 136 372 613 391
2467 4 0 719 950 955 681
2468 4 0 845 45 802 190
2469 4 0 801 543 39 185
2470 4 0 185 837 801 940
2471 4 0 719 926 955 859
2472 4 0 28 389 943 192
2473 4 0 185 543 717 801
2474 4 0 801 940 717 185
2475 4 0 998 41 719 731
2476 4 0 997 316 717 684
2477 4 0 446 997 717 684
2478 4 0 476 525 521 57
2479 4 0 595 185 717 940
2480 4 0 595 940 717 997
2481 4 0 543 124 446 684
2482 4 0 446 595 717 997
2483 4 0 685 732 719 950
2484 4 0 39 998 719 950
2485 4 0 39 950 719 939
2486 4 0 681 939 719 950
2487 4 0 681 926 719 939
2488 4 0 731 41 719 685
2489 4 0 731 685 719 950
2490 4 0 414 905 310 816
2491 4 0 719 898 955 41
2492 4 0 377 864 696 139
2493 4 0 975 368 658 538
2494 4 0 625 696 194 698
2495 4 0 444 905 310 983
2496 4 0 516 648 495 73
2497 4 0 732 681 955 950
2498 4 0 719 685 955 732
2499 4 0 41 685 955 719
2500 4 0 41 732 955 685
2501 4 0 307 732 955 41
2502 4 0 307 782 955 732
2503 4 0 41 782 955 307
2504 4 0 131 782 955 41
2505 4 0 168 170 167 536
2506 4 0 377 863 384 760
2507 4 0 494 105 219 515
2508 4 0 696 698 625 27
2509 4 0 743 996 1000 698
2510 4 0 131 816 310 592
2511 4 0 592 782 310 307
2512 4 0 472 491 310 146
2513 4 0 961 146 310 444
2514 4 0 961 472 310 146
2515 4 0 472 983 310 491
2516 4 0 961 983 310 472
2517 4 0 491 983 310 414
2518 4 0 592 307 310 131
2519 4 0 131 307 310 782
2520 4 0 131 782 310 898
2521 4 0 644 444 310 983
2522 4 0 961 444 310 644
2523 4 0 644 983 310 961
2524 4 0 131 491 448 482
2525 4 0 131 592 448 816
2526 4 0 414 592 448 131
2527 4 0 414 816 448 592
2528 4 0 362 387 372 373
2529 4 0 620 382 741 387
2530 4 0 840 367 803 136
2531 4 0 373 845 372 362
2532 4 0 137 363 915 390
2533 4 0 927 615 190 963
2534 4 0 45 615 190 927
2535 4 0 66 622 802 740
2536 4 0 66 45 190 927
2537 4 0 193 192 529 191
2538 4 0 203 549 210 556
2539 4 0 741 387 187 740
2540 4 0 228 216 207 805
2541 4 0 453 88 327 452
2542 4 0 190 66 845 45
2543 4 0 210 220 656 203
2544 4 0 59 58 769 54
2545 4 0 66 927 362 326
2546 4 0 190 66 362 845
2547 4 0 190 927 362 66
2548 4 0 373 387 372 741
2549 4 0 740 622 802 387
2550 4 0 962 387 802 622
2551 4 0 622 66 802 326
2552 4 0 326 962 802 622
2553 4 0 362 387 373 962
2554 4 0 363 379 367 46
2555 4 0 803 840 721 367
2556 4 0 618 137 915 390
2557 4 0 187 382 373 845
2558 4 0 741 382 373 187
2559 4 0 362 962 373 326
2560 4 0 802 962 373 387
2561 4 0 802 387 373 741
2562 4 0 187 845 373 802
2563 4 0 802 741 373 187
2564 4 0 66 845 373 362
2565 4 0 362 326 373 66
2566 4 0 802 326 373 962
2567 4 0 802 66 373 326
2568 4 0 802 45 373 66
2569 4 0 845 45 373 802
2570 4 0 845 66 373 45
2571 4 0 362 927 372 963
2572 4 0 190 927 372 362
2573 4 0 190 963 372 927
2574 4 0 845 190 136 372
2575 4 0 390 963 388 613
2576 4 0 551 656 877 222
2577 4 0 915 743 27 381
2578 4 0 390 367 613 391
2579 4 0 615 45 803 66
2580 4 0 206 48 933 215
2581 4 0 190 45 803 615
2582 4 0 476 89 130 502
2583 4 0 46 363 390 367
2584 4 0 621 846 371 760
2585 4 0 391 390 388 613
2586 4 0 367 379 840 46
2587 4 0 227 561 197 664
2588 4 0 46 367 390 391
2589 4 0 363 46 390 379
2590 4 0 210 556 554 551
2591 4 0 40 28 371 621
2592 4 0 192 389 943 657
2593 4 0 391 192 28 40
2594 4 0 363 379 840 367
2595 4 0 203 42 556 770
2596 4 0 210 549 554 556
2597 4 0 803 367 721 190
2598 4 0 613 363 840 367
2599 4 0 613 367 840 136
2600 4 0 613 963 840 363
2601 4 0 136 963 840 613
2602 4 0 136 372 803 963
2603 4 0 190 372 803 136
2604 4 0 190 963 803 372
2605 4 0 367 46 529 391
2606 4 0 203 220 656 549
2607 4 0 191 743 943 915
2608 4 0 994 60 225 516
2609 4 0 390 388 618 137
2610 4 0 46 390 381 388
2611 4 0 621 618 371 846
2612 4 0 389 862 28 377
2613 4 0 530 531 663 290
2614 4 0 915 192 193 191
2615 4 0 199 223 875 828
2616 4 0 881 228 207 805
2617 4 0 67 205 970 63
2618 4 0 189 25 188 195
2619 4 0 618 192 28 915
2620 4 0 624 393 397 968
2621 4 0 43 69 557 195
2622 4 0 854 196 228 881
2623 4 0 55 200 214 558
2624 4 0 618 381 191 915
2625 4 0 915 192 191 618
2626 4 0 863 760 823 846
2627 4 0 915 618 371 28
2628 4 0 28 377 371 389
2629 4 0 760 389 371 377
2630 4 0 846 389 371 139
2631 4 0 760 139 371 389
2632 4 0 846 139 371 760
2633 4 0 994 528 523 524
2634 4 0 392 743 27 915
2635 4 0 516 60 70 523
2636 4 0 696 698 27 139
2637 4 0 381 137 27 915
2638 4 0 760 377 823 368
2639 4 0 696 139 27 392
2640 4 0 760 377 368 696
2641 4 0 227 560 197 660
2642 4 0 228 196 805 881
2643 4 0 552 211 879 805
2644 4 0 966 42 874 881
2645 4 0 770 196 854 881
2646 4 0 850 825 442 141
2647 4 0 966 220 874 42
2648 4 0 391 192 529 136
2649 4 0 40 192 529 391
2650 4 0 722 191 529 381
2651 4 0 40 381 529 191
2652 4 0 388 40 529 391
2653 4 0 388 391 529 46
2654 4 0 381 40 529 388
2655 4 0 722 381 529 46
2656 4 0 388 46 529 381
2657 4 0 208 560 197 879
2658 4 0 251 571 856 667
2659 4 0 656 210 222 551
2660 4 0 828 223 990 723
2661 4 0 47 196 854 42
2662 4 0 538 863 393 384
2663 4 0 664 223 227 766
2664 4 0 966 196 47 42
2665 4 0 823 384 975 862
2666 4 0 549 220 656 966
2667 4 0 656 549 222 554
2668 4 0 228 216 560 207
2669 4 0 47 196 216 854
2670 4 0 211 196 216 47
2671 4 0 432 33 435 32
2672 4 0 656 551 877 210
2673 4 0 215 48 550 559
2674 4 0 216 211 207 805
2675 4 0 881 220 203 874
2676 4 0 552 723 879 211
2677 4 0 231 55 224 767
2678 4 0 393 968 624 462
2679 4 0 538 975 397 658
2680 4 0 624 864 397 393
2681 4 0 448 491 450 898
2682 4 0 766 223 208 723
2683 4 0 208 207 660 560
2684 4 0 61 56 655 970
2685 4 0 203 549 656 210
2686 4 0 549 42 554 556
2687 4 0 42 220 556 966
2688 4 0 199 555 58 828
2689 4 0 208 723 660 766
2690 4 0 639 641 427 749
2691 4 0 549 966 556 220
2692 4 0 203 220 556 42
2693 4 0 874 203 556 770
2694 4 0 549 42 556 966
2695 4 0 462 968 624 996
2696 4 0 368 538 975 823
2697 4 0 996 478 624 847
2698 4 0 486 995 497 523
2699 4 0 829 971 945 878
2700 4 0 521 476 712 502
2701 4 0 794 441 432 113
2702 4 0 573 281 287 96
2703 4 0 141 825 442 36
2704 4 0 208 560 879 207
2705 4 0 208 207 879 805
2706 4 0 766 207 660 208
2707 4 0 531 811 572 730
2708 4 0 658 975 397 393
2709 4 0 539 645 920 467
2710 4 0 714 510 177 753
2711 4 0 714 873 177 510
2712 4 0 25 195 557 993
2713 4 0 371 389 392 28
2714 4 0 371 846 392 389
2715 4 0 192 657 943 193
2716 4 0 846 139 392 389
2717 4 0 696 139 392 846
2718 4 0 392 389 27 743
2719 4 0 139 389 27 392
2720 4 0 139 698 27 389
2721 4 0 657 389 27 698
2722 4 0 743 389 27 657
2723 4 0 657 698 27 743
2724 4 0 624 478 397 623
2725 4 0 106 574 580 270
2726 4 0 764 826 424 978
2727 4 0 392 915 943 743
2728 4 0 28 915 943 392
2729 4 0 392 743 943 389
2730 4 0 392 389 943 28
2731 4 0 538 968 393 462
2732 4 0 764 978 439 634
2733 4 0 511 230 214 659
2734 4 0 202 230 659 558
2735 4 0 975 864 658 1000
2736 4 0 175 31 715 177
2737 4 0 921 44 991 43
2738 4 0 762 226 932 921
2739 4 0 494 515 647 491
2740 4 0 714 511 218 873
2741 4 0 873 647 218 714
2742 4 0 214 647 218 31
2743 4 0 873 510 218 974
2744 4 0 145 989 636 919
2745 4 0 43 195 991 202
2746 4 0 424 826 422 978
2747 4 0 901 169 166 537
2748 4 0 225 500 486 493
2749 4 0 714 647 218 511
2750 4 0 652 878 553 68
2751 4 0 189 547 188 25
2752 4 0 993 25 188 547
2753 4 0 921 44 43 720
2754 4 0 214 515 979 511
2755 4 0 994 109 514 505
2756 4 0 993 69 557 934
2757 4 0 526 519 72 99
2758 4 0 54 550 768 903
2759 4 0 851 428 866 34
2760 4 0 60 519 516 994
2761 4 0 377 864 975 625
2762 4 0 525 134 523 995
2763 4 0 448 539 454 462
2764 4 0 743 1000 194 698
2765 4 0 377 696 625 368
2766 4 0 180 989 179 824
2767 4 0 538 968 397 393
2768 4 0 724 971 22 945
2769 4 0 557 69 62 934
2770 4 0 32 142 849 33
2771 4 0 69 230 659 202
2772 4 0 932 558 62 880
2773 4 0 716 989 636 750
2774 4 0 425 764 640 439
2775 4 0 69 934 659 230
2776 4 0 99 524 72 103
2777 4 0 377 139 975 864
2778 4 0 422 764 439 826
2779 4 0 438 851 434 751
2780 4 0 849 142 747 428
2781 4 0 100 753 873 974
2782 4 0 510 974 873 753
2783 4 0 176 714 177 478
2784 4 0 175 31 177 714
2785 4 0 762 226 218 214
2786 4 0 873 511 218 510
2787 4 0 762 31 218 873
2788 4 0 214 226 218 511
2789 4 0 762 214 218 31
2790 4 0 511 647 218 214
2791 4 0 462 625 368 538
2792 4 0 435 917 438 142
2793 4 0 647 31 714 873
2794 4 0 462 478 454 752
2795 4 0 393 864 397 658
2796 4 0 979 214 219 515
2797 4 0 623 146 177 753
2798 4 0 510 511 714 873
2799 4 0 478 623 450 177
2800 4 0 752 491 901 647
2801 4 0 377 864 625 696
2802 4 0 442 850 422 826
2803 4 0 98 647 714 511
2804 4 0 511 510 714 98
2805 4 0 98 510 714 753
2806 4 0 901 752 537 467
2807 4 0 450 959 795 410
2808 4 0 448 467 901 491
2809 4 0 433 707 636 716
2810 4 0 310 795 450 898
2811 4 0 714 478 752 177
2812 4 0 714 177 752 450
2813 4 0 623 873 177 31
2814 4 0 538 1000 996 698
2815 4 0 180 824 179 919
2816 4 0 824 457 852 633
2817 4 0 795 847 852 174
2818 4 0 410 146 623 959
2819 4 0 847 862 394 384
2820 4 0 100 959 623 146
2821 4 0 176 478 901 714
2822 4 0 873 100 623 753
2823 4 0 146 753 623 100
2824 4 0 951 959 623 100
2825 4 0 975 384 394 862
2826 4 0 795 959 852 847
2827 4 0 752 467 901 448
2828 4 0 100 974 623 951
2829 4 0 873 974 623 100
2830 4 0 623 410 450 146
2831 4 0 623 146 450 177
2832 4 0 753 491 450 98
2833 4 0 146 491 450 753
2834 4 0 146 753 450 177
2835 4 0 444 410 450 310
2836 4 0 310 146 450 444
2837 4 0 310 898 450 491
2838 4 0 310 491 450 146
2839 4 0 961 410 450 444
2840 4 0 146 410 961 460
2841 4 0 444 146 450 961
2842 4 0 462 823 454 863
2843 4 0 450 448 454 752
2844 4 0 846 760 823 696
2845 4 0 462 847 454 478
2846 4 0 35 178 716 707
2847 4 0 450 177 752 478
2848 4 0 975 625 658 368
2849 4 0 478 1000 996 968
2850 4 0 752 448 901 491
2851 4 0 647 491 901 467
2852 4 0 761 919 872 496
2853 4 0 625 864 975 1000
2854 4 0 450 823 863 454
2855 4 0 847 863 454 450
2856 4 0 450 448 752 491
2857 4 0 98 647 752 714
2858 4 0 98 491 752 647
2859 4 0 450 491 752 98
2860 4 0 753 714 752 450
2861 4 0 753 98 752 714
2862 4 0 450 98 752 753
2863 4 0 538 1000 698 625
2864 4 0 474 539 902 920
2865 4 0 752 448 462 467
2866 4 0 752 478 454 450
2867 4 0 462 752 454 448
2868 4 0 478 847 454 795
2869 4 0 558 767 662 55
2870 4 0 131 645 539 467
2871 4 0 384 863 823 538
2872 4 0 384 377 823 863
2873 4 0 862 377 823 384
2874 4 0 1000 864 658 548
2875 4 0 795 450 454 478
2876 4 0 538 368 462 823
2877 4 0 932 226 806 921
2878 4 0 996 847 462 752
2879 4 0 538 996 462 752
2880 4 0 538 968 462 996
2881 4 0 539 131 920 645
2882 4 0 880 932 806 219
2883 4 0 759 467 653 539
2884 4 0 99 519 516 60
2885 4 0 537 467 474 645
2886 4 0 537 170 168 169
2887 4 0 545 22 655 221
2888 4 0 494 515 219 537
2889 4 0 411 18 702 418
2890 4 0 226 214 200 659
2891 4 0 214 226 49 762
2892 4 0 932 105 219 166
2893 4 0 494 515 537 647
2894 4 0 494 467 537 645
2895 4 0 474 920 902 645
2896 4 0 451 645 902 920
2897 4 0 491 494 537 647
2898 4 0 491 467 537 494
2899 4 0 647 467 537 491
2900 4 0 171 759 474 653
2901 4 0 657 743 194 698
2902 4 0 26 505 495 499
2903 4 0 493 506 495 469
2904 4 0 561 723 197 204
2905 4 0 493 469 495 26
2906 4 0 561 208 197 723
2907 4 0 215 903 933 206
2908 4 0 474 451 26 499
2909 4 0 57 523 517 481
2910 4 0 524 994 70 523
2911 4 0 474 171 902 759
2912 4 0 474 759 902 539
2913 4 0 500 499 495 648
2914 4 0 94 89 130 126
2915 4 0 205 547 217 993
2916 4 0 945 971 22 68
2917 4 0 217 25 557 993
2918 4 0 167 170 474 499
2919 4 0 483 479 503 490
2920 4 0 499 498 474 489
2921 4 0 499 109 474 498
2922 4 0 21 198 933 206
2923 4 0 225 500 497 486
2924 4 0 221 804 546 217
2925 4 0 511 515 979 510
2926 4 0 202 44 880 226
2927 4 0 278 574 580 106
2928 4 0 507 64 508 503
2929 4 0 169 536 166 170
2930 4 0 904 807 550 725
2931 4 0 43 921 806 991
2932 4 0 214 230 200 659
2933 4 0 49 226 200 932
2934 4 0 932 515 219 105
2935 4 0 647 214 219 762
2936 4 0 932 214 219 979
2937 4 0 214 226 200 49
2938 4 0 214 647 219 515
2939 4 0 494 537 219 166
2940 4 0 231 53 767 61
2941 4 0 979 932 520 515
2942 4 0 49 932 520 979
2943 4 0 515 105 520 526
2944 4 0 49 648 981 520
2945 4 0 226 558 880 202
2946 4 0 932 105 520 515
2947 4 0 49 648 520 932
2948 4 0 167 170 166 536
2949 4 0 166 499 219 932
2950 4 0 526 105 520 522
2951 4 0 547 205 804 718
2952 4 0 522 105 520 109
2953 4 0 537 647 219 166
2954 4 0 537 515 219 647
2955 4 0 932 921 219 762
2956 4 0 979 515 219 932
2957 4 0 205 547 804 217
2958 4 0 505 109 520 499
2959 4 0 522 109 520 505
2960 4 0 520 505 72 522
2961 4 0 520 522 72 526
2962 4 0 520 981 72 648
2963 4 0 526 522 72 519
2964 4 0 505 519 72 522
2965 4 0 520 648 72 499
2966 4 0 505 499 72 648
2967 4 0 520 499 72 505
2968 4 0 516 994 495 225
2969 4 0 523 70 517 497
2970 4 0 99 60 516 72
2971 4 0 200 558 880 226
2972 4 0 932 558 880 200
2973 4 0 661 22 655 545
2974 4 0 53 213 662 804
2975 4 0 56 229 61 231
2976 4 0 474 170 166 499
2977 4 0 229 661 56 68
2978 4 0 505 506 495 994
2979 4 0 217 804 213 557
2980 4 0 558 932 49 200
2981 4 0 804 217 213 205
2982 4 0 520 499 166 932
2983 4 0 219 921 806 647
2984 4 0 398 493 327 486
2985 4 0 451 474 26 902
2986 4 0 520 109 166 499
2987 4 0 474 499 166 109
2988 4 0 109 105 166 494
2989 4 0 520 932 166 105
2990 4 0 520 105 166 109
2991 4 0 498 494 166 474
2992 4 0 498 109 166 494
2993 4 0 474 109 166 498
2994 4 0 645 537 166 474
2995 4 0 645 494 166 537
2996 4 0 474 494 166 645
2997 4 0 557 217 806 25
2998 4 0 557 25 806 880
2999 4 0 44 226 806 880
3000 4 0 44 921 806 226
3001 4 0 200 932 806 880
3002 4 0 200 226 806 932
3003 4 0 880 226 806 200
3004 4 0 921 44 806 991
3005 4 0 880 202 806 44
3006 4 0 991 202 806 880
3007 4 0 991 44 806 202
3008 4 0 550 904 553 198
3009 4 0 165 68 661 971
3010 4 0 73 648 495 72
3011 4 0 231 61 767 224
3012 4 0 486 995 138 497
3013 4 0 224 61 767 63
3014 4 0 520 981 73 72
3015 4 0 672 811 531 290
3016 4 0 493 994 495 506
3017 4 0 72 60 73 524
3018 4 0 557 213 55 62
3019 4 0 204 879 197 552
3020 4 0 452 129 327 453
3021 4 0 523 60 517 516
3022 4 0 497 486 481 138
3023 4 0 398 469 327 493
3024 4 0 126 985 130 94
3025 4 0 486 500 497 493
3026 4 0 26 469 495 505
3027 4 0 994 506 493 485
3028 4 0 502 480 476 232
3029 4 0 505 519 495 72
3030 4 0 231 724 56 212
3031 4 0 807 48 550 725
3032 4 0 486 88 138 995
3033 4 0 516 981 73 60
3034 4 0 516 60 73 72
3035 4 0 398 469 26 902
3036 4 0 918 507 508 503
3037 4 0 481 497 517 57
3038 4 0 503 518 508 869
3039 4 0 500 648 225 499
3040 4 0 225 500 495 648
3041 4 0 72 516 495 73
3042 4 0 664 828 990 555
3043 4 0 523 70 497 486
3044 4 0 26 499 495 167
3045 4 0 648 499 495 505
3046 4 0 495 493 497 500
3047 4 0 485 88 493 994
3048 4 0 227 223 875 766
3049 4 0 489 505 469 451
3050 4 0 489 506 469 505
3051 4 0 451 234 469 485
3052 4 0 485 489 469 451
3053 4 0 485 506 469 489
3054 4 0 451 445 469 234
3055 4 0 452 445 469 451
3056 4 0 452 234 469 445
3057 4 0 452 485 469 465
3058 4 0 234 465 469 485
3059 4 0 452 465 469 234
3060 4 0 204 723 197 879
3061 4 0 648 505 495 72
3062 4 0 493 225 495 994
3063 4 0 451 505 26 499
3064 4 0 503 869 508 492
3065 4 0 994 995 486 70
3066 4 0 994 88 486 995
3067 4 0 493 994 486 225
3068 4 0 503 64 508 518
3069 4 0 990 223 875 664
3070 4 0 476 126 130 89
3071 4 0 225 994 486 524
3072 4 0 70 524 486 994
3073 4 0 225 524 486 70
3074 4 0 486 994 327 88
3075 4 0 493 994 327 486
3076 4 0 493 88 327 994
3077 4 0 493 485 327 88
3078 4 0 452 485 327 493
3079 4 0 452 88 327 485
3080 4 0 453 458 327 88
3081 4 0 129 458 327 453
3082 4 0 327 458 138 88
3083 4 0 129 458 138 327
3084 4 0 461 458 138 129
3085 4 0 461 88 138 458
3086 4 0 461 90 138 88
3087 4 0 126 90 138 461
3088 4 0 126 995 138 90
3089 4 0 88 90 138 995
3090 4 0 561 766 227 660
3091 4 0 502 525 476 995
3092 4 0 476 232 57 71
3093 4 0 875 20 51 223
3094 4 0 199 552 723 828
3095 4 0 754 712 518 101
3096 4 0 995 89 476 502
3097 4 0 828 201 59 199
3098 4 0 555 199 875 828
3099 4 0 57 508 712 71
3100 4 0 476 232 71 502
3101 4 0 521 523 57 525
3102 4 0 199 20 58 555
3103 4 0 138 995 481 497
3104 4 0 468 995 481 138
3105 4 0 523 525 481 57
3106 4 0 523 995 481 525
3107 4 0 476 525 481 995
3108 4 0 57 525 481 476
3109 4 0 497 995 481 523
3110 4 0 468 126 481 995
3111 4 0 476 126 481 468
3112 4 0 476 995 481 89
3113 4 0 126 89 481 995
3114 4 0 476 89 481 126
3115 4 0 480 232 508 918
3116 4 0 502 232 508 492
3117 4 0 71 232 508 502
3118 4 0 480 503 508 492
3119 4 0 492 232 508 480
3120 4 0 527 101 521 754
3121 4 0 57 64 712 508
3122 4 0 57 521 712 64
3123 4 0 828 199 59 58
3124 4 0 215 768 550 903
3125 4 0 527 523 521 525
3126 4 0 527 525 521 101
3127 4 0 135 330 961 92
3128 4 0 838 912 82 788
3129 4 0 712 101 521 502
3130 4 0 525 476 521 502
3131 4 0 502 101 521 525
3132 4 0 215 903 651 933
3133 4 0 876 20 51 875
3134 4 0 730 153 572 286
3135 4 0 879 560 197 552
3136 4 0 660 560 197 208
3137 4 0 669 580 663 65
3138 4 0 664 828 875 990
3139 4 0 198 215 553 550
3140 4 0 730 811 572 153
3141 4 0 216 854 209 47
3142 4 0 198 559 550 904
3143 4 0 664 766 561 723
3144 4 0 879 552 204 723
3145 4 0 664 723 990 223
3146 4 0 828 552 723 204
3147 4 0 561 664 227 766
3148 4 0 561 723 990 664
3149 4 0 561 204 990 723
3150 4 0 197 552 209 561
3151 4 0 204 552 209 47
3152 4 0 552 211 209 47
3153 4 0 216 47 209 211
3154 4 0 216 207 209 560
3155 4 0 216 211 209 207
3156 4 0 552 805 209 211
3157 4 0 207 211 209 805
3158 4 0 879 552 209 560
3159 4 0 879 560 209 207
3160 4 0 879 207 209 805
3161 4 0 879 805 209 552
3162 4 0 990 555 58 664
3163 4 0 201 58 769 59
3164 4 0 555 875 769 227
3165 4 0 54 768 769 59
3166 4 0 21 652 765 553
3167 4 0 206 198 933 48
3168 4 0 559 54 807 58
3169 4 0 54 201 768 59
3170 4 0 875 766 51 876
3171 4 0 559 807 550 904
3172 4 0 725 54 807 48
3173 4 0 971 198 21 904
3174 4 0 231 229 61 944
3175 4 0 215 550 876 553
3176 4 0 769 550 54 725
3177 4 0 59 48 559 54
3178 4 0 652 661 165 68
3179 4 0 59 54 559 58
3180 4 0 59 48 198 559
3181 4 0 730 574 65 580
3182 4 0 546 804 53 718
3183 4 0 829 878 944 765
3184 4 0 212 229 56 231
3185 4 0 724 212 53 945
3186 4 0 215 198 206 48
3187 4 0 553 652 765 878
3188 4 0 829 971 765 904
3189 4 0 21 878 765 652
3190 4 0 652 21 206 553
3191 4 0 970 546 655 61
3192 4 0 829 21 765 971
3193 4 0 21 48 933 198
3194 4 0 553 198 206 215
3195 4 0 904 971 765 21
3196 4 0 68 971 21 878
3197 4 0 201 20 51 58
3198 4 0 764 978 424 850
3199 4 0 165 68 21 652
3200 4 0 553 904 765 21
3201 4 0 553 878 765 550
3202 4 0 970 718 655 546
3203 4 0 550 904 765 553
3204 4 0 65 835 669 673
3205 4 0 68 878 21 652
3206 4 0 165 971 21 68
3207 4 0 978 36 634 826
3208 4 0 230 934 55 62
3209 4 0 198 48 215 559
3210 4 0 971 48 21 198
3211 4 0 215 559 550 198
3212 4 0 767 63 662 224
3213 4 0 48 54 651 725
3214 4 0 545 221 655 546
3215 4 0 970 205 655 718
3216 4 0 22 221 545 546
3217 4 0 290 811 531 730
3218 4 0 21 198 553 904
3219 4 0 198 971 829 904
3220 4 0 201 20 651 903
3221 4 0 212 229 231 944
3222 4 0 21 971 829 878
3223 4 0 807 559 829 904
3224 4 0 559 198 829 904
3225 4 0 62 934 55 557
3226 4 0 945 559 198 829
3227 4 0 212 829 945 944
3228 4 0 767 224 662 55
3229 4 0 904 829 944 765
3230 4 0 215 48 651 550
3231 4 0 550 903 651 215
3232 4 0 229 878 945 68
3233 4 0 944 878 945 229
3234 4 0 229 212 945 944
3235 4 0 661 971 22 165
3236 4 0 63 718 53 804
3237 4 0 229 68 56 878
3238 4 0 221 804 53 546
3239 4 0 724 804 53 221
3240 4 0 850 826 442 36
3241 4 0 580 278 730 574
3242 4 0 21 165 22 971
3243 4 0 53 724 231 212
3244 4 0 62 558 55 230
3245 4 0 221 724 231 53
3246 4 0 53 546 231 221
3247 4 0 661 68 22 971
3248 4 0 56 221 22 724
3249 4 0 229 68 22 661
3250 4 0 945 68 22 229
3251 4 0 56 229 22 661
3252 4 0 724 945 22 212
3253 4 0 229 212 22 945
3254 4 0 56 212 22 229
3255 4 0 724 212 22 56
3256 4 0 933 21 651 48
3257 4 0 199 20 651 201
3258 4 0 53 546 61 231
3259 4 0 970 56 655 68
3260 4 0 275 812 573 835
3261 4 0 212 662 767 53
3262 4 0 53 804 662 767
3263 4 0 442 141 421 897
3264 4 0 425 764 439 422
3265 4 0 56 63 970 61
3266 4 0 903 651 54 725
3267 4 0 767 804 662 63
3268 4 0 55 213 662 62
3269 4 0 59 48 651 201
3270 4 0 557 934 55 993
3271 4 0 213 217 55 993
3272 4 0 557 217 55 213
3273 4 0 557 993 55 217
3274 4 0 269 574 278 106
3275 4 0 811 574 278 269
3276 4 0 836 531 572 530
3277 4 0 531 730 572 286
3278 4 0 574 811 730 153
3279 4 0 278 811 290 730
3280 4 0 530 531 96 836
3281 4 0 269 811 290 278
3282 4 0 286 835 572 836
3283 4 0 750 989 636 145
3284 4 0 530 669 281 663
3285 4 0 669 836 530 673
3286 4 0 65 580 663 290
3287 4 0 65 278 290 730
3288 4 0 580 278 290 65
3289 4 0 67 205 655 970
3290 4 0 530 663 572 286
3291 4 0 433 919 636 707
3292 4 0 669 286 835 65
3293 4 0 286 669 530 663
3294 4 0 67 202 993 69
3295 4 0 663 531 286 290
3296 4 0 730 290 286 531
3297 4 0 663 290 286 65
3298 4 0 730 65 286 290
3299 4 0 866 425 34 640
3300 4 0 993 934 67 69
3301 4 0 96 835 573 281
3302 4 0 287 96 50 275
3303 4 0 933 48 651 215
3304 4 0 213 217 67 205
3305 4 0 53 63 970 718
3306 4 0 69 934 67 63
3307 4 0 545 546 655 718
3308 4 0 662 804 67 63
3309 4 0 662 213 67 804
3310 4 0 993 205 67 217
3311 4 0 55 934 67 993
3312 4 0 224 934 67 55
3313 4 0 804 205 67 63
3314 4 0 213 205 67 804
3315 4 0 224 213 67 662
3316 4 0 662 63 67 224
3317 4 0 673 669 281 530
3318 4 0 673 530 281 96
3319 4 0 988 410 630 744
3320 4 0 96 835 281 673
3321 4 0 53 546 970 61
3322 4 0 53 718 970 546
3323 4 0 767 61 970 63
3324 4 0 53 61 970 767
3325 4 0 767 63 970 53
3326 4 0 22 661 655 56
3327 4 0 546 231 655 61
3328 4 0 546 221 655 231
3329 4 0 56 231 655 724
3330 4 0 221 724 655 231
3331 4 0 56 724 655 221
3332 4 0 54 48 651 59
3333 4 0 59 201 651 54
3334 4 0 550 725 651 903
3335 4 0 48 725 651 550
3336 4 0 766 660 876 875
3337 4 0 769 768 876 201
3338 4 0 875 768 876 769
3339 4 0 573 812 271 52
3340 4 0 555 875 876 769
3341 4 0 555 20 876 875
3342 4 0 769 58 876 555
3343 4 0 876 903 51 768
3344 4 0 201 768 51 903
3345 4 0 876 768 51 201
3346 4 0 876 58 51 555
3347 4 0 20 555 51 58
3348 4 0 876 555 51 20
3349 4 0 876 769 51 58
3350 4 0 201 769 51 876
3351 4 0 201 58 51 769
3352 4 0 52 271 501 50
3353 4 0 351 340 334 599
3354 4 0 396 695 821 822
3355 4 0 1000 548 194 864
3356 4 0 975 393 658 864
3357 4 0 625 864 194 696
3358 4 0 661 652 215 68
3359 4 0 462 538 394 393
3360 4 0 442 36 421 141
3361 4 0 943 743 194 657
3362 4 0 746 917 432 33
3363 4 0 696 864 194 139
3364 4 0 139 864 194 657
3365 4 0 657 698 194 139
3366 4 0 850 825 141 978
3367 4 0 1000 864 194 625
3368 4 0 142 867 746 917
3369 4 0 996 847 624 462
3370 4 0 968 623 397 478
3371 4 0 975 538 397 384
3372 4 0 393 384 397 538
3373 4 0 975 384 397 393
3374 4 0 624 996 397 478
3375 4 0 968 996 397 624
3376 4 0 968 478 397 996
3377 4 0 174 959 852 795
3378 4 0 174 873 952 974
3379 4 0 393 538 394 863
3380 4 0 624 847 394 462
3381 4 0 919 989 180 824
3382 4 0 951 959 174 623
3383 4 0 795 623 174 959
3384 4 0 179 931 952 919
3385 4 0 624 462 394 393
3386 4 0 177 31 541 623
3387 4 0 795 847 174 478
3388 4 0 795 478 174 623
3389 4 0 623 31 541 873
3390 4 0 462 847 394 863
3391 4 0 952 174 541 623
3392 4 0 951 974 174 496
3393 4 0 623 974 174 951
3394 4 0 623 873 174 974
3395 4 0 952 623 541 873
3396 4 0 174 623 952 873
3397 4 0 393 384 394 975
3398 4 0 457 496 952 931
3399 4 0 919 931 952 496
3400 4 0 852 959 952 457
3401 4 0 174 959 952 852
3402 4 0 174 457 952 959
3403 4 0 174 951 952 457
3404 4 0 496 951 952 174
3405 4 0 496 457 952 951
3406 4 0 852 633 952 179
3407 4 0 708 796 952 457
3408 4 0 708 457 952 931
3409 4 0 457 633 952 852
3410 4 0 457 796 952 633
3411 4 0 633 931 952 179
3412 4 0 633 708 952 931
3413 4 0 796 708 952 633
3414 4 0 174 393 624 394
3415 4 0 174 393 394 852
3416 4 0 847 174 394 852
3417 4 0 847 624 394 174
3418 4 0 637 867 35 113
3419 4 0 33 746 637 432
3420 4 0 179 919 872 180
3421 4 0 230 224 55 934
3422 4 0 917 441 432 794
3423 4 0 746 441 432 917
3424 4 0 746 867 432 441
3425 4 0 113 441 432 867
3426 4 0 750 433 716 178
3427 4 0 850 978 422 826
3428 4 0 113 707 35 637
3429 4 0 764 826 422 424
3430 4 0 438 142 747 849
3431 4 0 423 917 438 435
3432 4 0 433 436 35 178
3433 4 0 433 707 35 436
3434 4 0 178 707 35 433
3435 4 0 113 867 35 436
3436 4 0 436 707 35 113
3437 4 0 424 978 422 850
3438 4 0 422 826 425 426
3439 4 0 437 866 443 34
3440 4 0 851 435 748 751
3441 4 0 426 425 640 34
3442 4 0 281 835 573 673
3443 4 0 145 919 636 750
3444 4 0 422 826 439 425
3445 4 0 218 974 761 873
3446 4 0 180 989 636 716
3447 4 0 919 433 636 750
3448 4 0 642 428 443 866
3449 4 0 425 826 439 634
3450 4 0 764 634 439 826
3451 4 0 919 180 636 872
3452 4 0 873 872 541 952
3453 4 0 716 750 636 433
3454 4 0 873 974 761 496
3455 4 0 180 919 636 989
3456 4 0 202 31 991 226
3457 4 0 642 851 434 866
3458 4 0 851 428 747 434
3459 4 0 642 851 866 748
3460 4 0 866 428 443 34
3461 4 0 751 423 438 435
3462 4 0 287 281 50 96
3463 4 0 432 917 435 33
3464 4 0 794 917 435 432
3465 4 0 917 142 435 33
3466 4 0 426 34 640 437
3467 4 0 866 851 434 428
3468 4 0 836 835 275 96
3469 4 0 422 424 643 426
3470 4 0 435 423 748 751
3471 4 0 435 142 438 32
3472 4 0 435 429 748 423
3473 4 0 533 8 273 157
3474 4 0 443 428 747 643
3475 4 0 69 226 202 659
3476 4 0 57 521 64 504
3477 4 0 34 428 643 426
3478 4 0 443 428 643 34
3479 4 0 34 437 643 443
3480 4 0 34 426 643 437
3481 4 0 424 764 643 426
3482 4 0 426 764 643 425
3483 4 0 640 425 643 764
3484 4 0 640 764 643 437
3485 4 0 640 426 643 425
3486 4 0 437 426 643 640
3487 4 0 438 851 747 434
3488 4 0 849 32 438 142
3489 4 0 851 435 438 32
3490 4 0 751 435 438 851
3491 4 0 292 581 284 279
3492 4 0 851 849 747 428
3493 4 0 851 32 438 849
3494 4 0 917 423 438 441
3495 4 0 52 275 50 280
3496 4 0 280 812 52 275
3497 4 0 96 275 287 573
3498 4 0 271 812 287 275
3499 4 0 55 214 230 558
3500 4 0 993 202 195 69
3501 4 0 863 795 450 847
3502 4 0 57 64 508 504
3503 4 0 57 508 71 504
3504 4 0 754 521 712 101
3505 4 0 52 812 271 275
3506 4 0 543 595 446 124
3507 4 0 835 669 673 836
3508 4 0 218 659 511 226
3509 4 0 78 255 565 868
3510 4 0 698 381 27 743
3511 4 0 310 795 410 450
3512 4 0 558 662 62 55
3513 4 0 669 286 530 836
3514 4 0 1000 538 658 625
3515 4 0 424 437 643 764
3516 4 0 651 903 54 201
3517 4 0 54 550 903 725
3518 4 0 769 550 768 54
3519 4 0 349 135 348 999
3520 4 0 226 991 202 44
3521 4 0 31 991 226 44
3522 4 0 7 575 282 582
3523 4 0 358 603 114 789
3524 4 0 162 983 163 965
3525 4 0 595 685 307 125
3526 4 0 533 814 755 277
3527 4 0 592 681 926 593
3528 4 0 543 446 717 684
3529 4 0 931 144 457 496
3530 4 0 410 146 961 450
3531 4 0 662 945 53 212
3532 4 0 785 950 125 837
3533 4 0 609 688 737 584
3534 4 0 521 476 57 712
3535 4 0 712 476 71 502
3536 4 0 794 110 429 113
3537 4 0 543 124 684 185
3538 4 0 888 744 407 957
3539 4 0 564 906 83 665
3540 4 0 951 674 959 100
$EndElements
