9759  4  0
    0    1559   858   488    72
    1      67   585  1048  1403
    2    1716   489  2285   493
    3    2069  1851  1178  1182
    4    1041  1007  1013  1033
    5     285   277  1974  2299
    6    1863   252  1259   251
    7     300   825  1540   821
    8     213   212   715   675
    9     492   491  2143   493
   10     890  2166  2375   360
   11    1168  1857  1191  2190
   12    1092    31  2060    29
   13     377  2229  2281  1159
   14    1287  1301  2468  1339
   15    2323  1775   797   452
   16    1661  1115  2221  1958
   17     794   162  1918   792
   18    2303   855   328   868
   19    2283  1234  1241   261
   20     255  1295  1318  2422
   21    1818  1973  1255   100
   22      52   718  2412   472
   23    1944  1613     6   914
   24    1094  1843  2065  1093
   25     651   662   664  1471
   26     467  1755   222  2466
   27    1760   718    52  1219
   28      34   326   327    30
   29     711  1520   245   235
   30    2327   435   379  1813
   31    1647  1832  1021  1621
   32    1048   580  2363   583
   33    1760   470    52   472
   34    1436   503    87   505
   35     258  1343  1358  1354
   36     690   700   687   732
   37     794  1771  2163    20
   38    1769  2348  2296  1767
   39    1346  1706  2481   381
   40     180   622  1741  1736
   41    1493  1898  2001  2291
   42     378  1941   373  1798
   43    2387    40   226   745
   44     789   166   769   162
   45    2185  2186  1694  2187
   46      85  1986   904  1262
   47    1958  1666  1873  1095
   48     319  2170  1947  2470
   49    1801    13   933  1939
   50     798   811  1548   296
   51     687   732  1906  1900
   52    1532   194   807  1546
   53     299  1379  1366  1370
   54     984  1611   991   910
   55    1318   299  1316  2434
   56     652   669  2005   167
   57    2043    58   370   939
   58    2204  1520  2023   235
   59     211  1394  1375  1369
   60    2001   672  2152   589
   61     509  1874  2277  1439
   62     984   431   221   959
   63    2018   727   723   217
   64    2417  1043  1006   136
   65    1126  1252   723  2138
   66     214  1754  2100  1522
   67    1225  2283  1230  1221
   68    2403   817   304  2284
   69    1369  1394  1375  1391
   70     761   742    55   215
   71     225  1972   741  1252
   72     453   452   451  1421
   73     414  1685  2392  2068
   74     868  2429   328  2303
   75    1697  2393   389   421
   76    1248  1267   410  2067
   77     938  1288   422  1285
   78    2190  1857  1172  1168
   79    1188  1267  2074  1235
   80    2465  1479  1481   190
   81     802  1744  1762   808
   82    1505  1507   712   738
   83    2380  1166  1190  1170
   84    1942   960   932  2170
   85     669   673  1736  2005
   86     792   276    20   794
   87    1427   721   726  1914
   88    1591   947   433    11
   89    1166  1680   420  2380
   90     381  1355  1352  1868
   91    1114  2064  2060  1092
   92    1385  1706  1373  1363
   93    1765  1555  1474  1534
   94     900  1926   541   352
   95     122   828  1793   839
   96     470   472   473   748
   97    2195    79  1446  2413
   98    2319  1679  1682   109
   99    1380  1362  2434  1370
  100    1963  2188  2191  1177
  101     705   747  2386   460
  102    1980  2029  2298   447
  103     434   968  2076    14
  104    1937   877   328   881
  105    2158  1916  1910   730
  106     815  1776  1545   793
  107     317  1391  1389  1868
  108    1078  1080  2057   588
  109    2378  2179  1816  2174
  110     436  1609  1812   920
  111    1661  1958  2221  1127
  112    1748  2242   646  1498
  113    1630  1033  1041   998
  114     671   670   800   782
  115     984  2267   991  1611
  116    1549  1422  2296  1767
  117     789   162   769  1918
  118    2192   965   952   380
  119    1760   693   741  1219
  120     443  1551    21  1534
  121     771  1763  1982  2077
  122    1380  1384  2434  2395
  123    1807  1617   949   985
  124    2443   319  1809  2267
  125     475  1812   266   920
  126     975   382  2047  1806
  127     713   214  2100  1522
  128    1615  2171   931   423
  129    1931   839  1793  2034
  130      71   486   886    35
  131     748   472   246  1756
  132    1529   254  1406  1515
  133     844  1785   845   857
  134    2338  1432  2139  1430
  135    1346  1376  2481  1706
  136    1918   783   769  2108
  137    2395  1362  1336  2434
  138     732  1900  2014  1906
  139    1432   278  1430  1320
  140      81   580  2363  1954
  141     414  1153  1162  1675
  142    1937   876   850   848
  143    1534  1555  1474   768
  144    1400  1389   287   317
  145     466   731  2259   743
  146    1740  1496  2453  1490
  147     737   691   677   703
  148    1670  1968  2226  1687
  149    2230  1584  1197  2334
  150    2114   119  1777   864
  151     251   237  1863   252
  152    2336   729  1860  2455
  153     937   982   436   819
  154     200  1491  2365   196
  155    2291  1482  2001   154
  156     309     8   933    11
  157     845  1927   880   883
  158     593  1729   620  1484
  159      67  1954    81  1016
  160     941  2470  1947  2170
  161    2194  1520  2346  2400
  162     876   877   848   840
  163    1160  1673   142  2469
  164    1661  1438  1094  1127
  165    2376   998  2408   388
  166    2096  2002  2252   608
  167    2412   694  1860  1861
  168    1344  1867  1377  1334
  169    1602  2171  2119   945
  170    2075  2316  1274  1331
  171     410  2067  1669   408
  172     709   230   697  2387
  173     407   405  1859  2455
  174    1265  1242   225  2422
  175     345  2034  1793  1778
  176     233  2258   712   250
  177    2020  2369   257    60
  178    2342   196  2365   655
  179    1600  2270  1940  1553
  180     397  1244  1227   255
  181    1113   507  1128  1097
  182    1763   780  2077   812
  183    2241    95   641    98
  184     110  1877   112   522
  185     244   743  2345   758
  186     185  1383  1372   198
  187     703  2401   677   737
  188    1655   335  1122  2275
  189    1895    68  1458  1738
  190     841   531   354   344
  191    1806  2047   436    17
  192    1813   370   981   969
  193    1268   256  1271  1250
  194     690  1750   687   700
  195     219   253  2011   240
  196    2200   688   743   722
  197     473   472   246   748
  198     887  1785   845   844
  199    1430  1986   904  1243
  200     465   689   466  1914
  201     844   857   845   874
  202    1195  1252  1126  2138
  203     235  1518  2023   708
  204    2056  1627  1003  2055
  205    2307   914   916   957
  206    1688  1183   142  1155
  207     970   915  1810   953
  208    2482   256  1317  1298
  209      60   725   748   760
  210    2114  1563  1577   881
  211    1225  1201  1230  2283
  212    2468  1287  1294  1275
  213     952  2192   981   475
  214    2456  1787   118  1562
  215    2194  1753   714   696
  216    2116   349   856  1696
  217      33  1107  1839  1653
  218     410  1856  1669  2067
  219    2442  2034  1778   852
  220    1763   814   771   818
  221    1545  2029   447   815
  222    2324  1772  1557   801
  223       1   957   306  2123
  224    2241    95   163   513
  225      59   240   474   215
  226    1540   775   810   814
  227     918  1941   961  2485
  228     770   815   765  1545
  229     760  2020   748    60
  230     249  1298   255  1289
  231     872   353  1581  2116
  232    2069  1182  1174  2315
  233     679   458   716  1516
  234    1042   998  2376  1067
  235     215   742    55   759
  236    2230  1223  2018  1527
  237     187  2434  1395  1356
  238    1972   676   741   694
  239     674  1975  1344  1345
  240     628   196  2198  1741
  241    1046  1088  1083  2131
  242    2458  1291  1268  1250
  243    2278  1220  1116  1215
  244     443  1772  1538  1534
  245     433   959  2406   948
  246    2384  1748   646  2091
  247     766  1540  2109   811
  248    2424   689   722  2295
  249     693  2018  2478   727
  250    1695   405  1694  1196
  251     212  1750  2014  1900
  252     381   374  1352  1346
  253     975  2031  2047  1773
  254    1945   431     9   959
  255    1201  1200   232  1222
  256    2392  2339  2314  1675
  257     923   309  1610  1945
  258    1288  1300   422  1309
  259    1756  1219    52   718
  260    1505   738   705   460
  261    2464  1193   115  1449
  262     762   809  1919   791
  263    1088  1645  1083  1246
  264     771   774  1540   825
  265     933    13  2268  1946
  266     798   300   766   774
  267    2370   218  1523   223
  268    1052   579  2363   580
  269    2501  2263   488   487
  270    1933   867   850   876
  271     942   915   368   977
  272      69  2115   331  2351
  273    2038  1238  2405  1214
  274    2297  2372  2162   802
  275    1523   218  1908  1761
  276    1196   405  1694  2185
  277     508  1196  2277  1116
  278     163  2318   629  2006
  279    1301  1313  1339  1330
  280    1426   689   466   465
  281      73   269   841   849
  282    1884  2116   364  1202
  283    2466    50   222   467
  284     933   947  2268   820
  285    2286  1243  1231  1434
  286     765   775  2262  1542
  287    1251  1161   416  2189
  288    2295   719  2424  2200
  289    1523   706  1899   757
  290     433  1591  1408   431
  291    2034  1778   848   840
  292     681  2154   214  1750
  293    2348   772  1347  1541
  294    2072  1644  1209  1858
  295    1600  2396  1940  2306
  296    2020    60   257   748
  297    1123   271  1667  1138
  298    1814  2305  2212  2356
  299    1239  1235  2051  1814
  300    2229  1148  1159  2069
  301    1427  1914   726   743
  302    2397  2466   222   699
  303    1306  1300  1309   278
  304     694   676  2336  1972
  305     694  2292  2336  1219
  306     685   709   697   247
  307     458   735   737   703
  308     233   738   705  1505
  309     616  2415  2249   617
  310    2254  2466   699   719
  311    1226  1131  1207  1216
  312     262  1237  1264  1245
  313    1214  1196  1207  1116
  314    1813  1552   923   309
  315    2268   309  1552     8
  316    1759    46  1425   746
  317     313   937   436   819
  318    1557  1772   805   801
  319    1723  2435   899   124
  320    1861   693   741  1760
  321    1946   309  2268   933
  322     820  1801  1552   968
  323    1101   272  2274  1096
  324     882   852  2353  2457
  325     892  2036   864  1565
  326    2397   725    59  2099
  327     762   166  1919  2260
  328     952   475   981  1708
  329     936   313  1547    15
  330     978  1810   924    18
  331    1540   817   814   810
  332    2121   423   931  2171
  333    1107  1114  1092   749
  334    2220  1109  2279  1654
  335    2294  1913  1516   679
  336    2263  1930  1791   888
  337    1914   721   463  1427
  338    1916  1755  2361   686
  339     739   460  2386   747
  340     831   324   830   331
  341      14   968  1939   434
  342    2255   724   735  1519
  343     259   240   474    59
  344    2254   689   468   469
  345    1053   151  1887   577
  346     436   440   437  1708
  347    2304   319   755  1947
  348    2075  1331  1307  2316
  349     739   459   226  2386
  350      37   704   707  1506
  351    2454  1801   936    15
  352    1100  1957  1098   271
  353     690   732   715   213
  354      55   474  2293   471
  355     269  2167  1590   835
  356     879  1579  2116  1929
  357    1840   267  2274   272
  358     705   460  2386   459
  359    2397   725  2099   683
  360     258  1354  1358   192
  361      43    46   463   721
  362     761   474  2293    55
  363    1904  1524   754  2201
  364    2035    35  1791   888
  365    2435  2475   898   124
  366     244   711   245   235
  367     219   730  2011   253
  368     745   696  2387  2201
  369    1945   959   221   431
  370     683  1915   699  2397
  371    2284  1981   817   765
  372    2397  2466   699  2254
  373     255   358   907   249
  374    1868  1355  1352  1330
  375    2260   809  1919   762
  376    2434  1395  1356   307
  377    1340   258   265  1343
  378    1392  1977  2233  1368
  379    1706   381  1346   374
  380    1947  2012   755  2304
  381    1315  1282   236  1864
  382    1984    46   463    43
  383     793  2284  1545   815
  384    2043  1708   475  1812
  385     310  2434  1338  1398
  386     213    10  1517   212
  387     805  1766  2112   801
  388     929  1603   972  1601
  389    2481  1337  1335   299
  390    1254  1278   396  1290
  391    1264  1298  1218  2482
  392    2261   166  1919   762
  393     968    14   983   435
  394     743   758   731  2345
  395     458   738   716   712
  396    2336  1861  1860   694
  397     720  1914   726   721
  398    2497  1653  1106  1109
  399      47   726   245   244
  400      35  2115    69   486
  401     748   257   246   473
  402    1108    33   336  2078
  403     868  2429   897   855
  404    1946   740   433   959
  405    1256   341  1241  1263
  406     878  2326  1757   846
  407    1498   640  2091  2009
  408    2208  2168  1937   248
  409     722   689  2477   465
  410     436  1708   437   439
  411     241  1276  1287   237
  412     466    47  2459  1528
  413     345  1931  1793  2034
  414     686  1755   688   734
  415    1954   580  1048    84
  416    2201  1524  2386   747
  417    2477   722   239  1406
  418    2303  1585  1563   837
  419    2477   254   239  2205
  420    1143  1151  1850  2469
  421    1120  1651  1110  1106
  422     261   263  1241  1245
  423     902   322  2032   340
  424    1100  1098  1663  1134
  425    1112  1093  2065  1843
  426    1438  1094  2065  1873
  427     737  1710   677   691
  428    1874    93    94  1439
  429     770  2284   765   815
  430    2390  1844    16   438
  431    2218  2179  1077  1627
  432    2385   688  1909  1903
  433    2353   852  1778  2034
  434    1514   759    55   728
  435     192  1354  1358  2234
  436     592   161  2094   637
  437     725  2021   222  2397
  438     835   842  1590   269
  439     476  2099  2293    56
  440    1098  2060  1957  1104
  441    1222  1201   263  1225
  442    2265  2301  1404   332
  443    1440   509  1091  1874
  444     258  1341  1503  1331
  445    1904  2201   754  2156
  446     872  1584   349  1792
  447     546  1880   545  1568
  448     846  1757  1928  2352
  449    2377  2174  2055  1065
  450    2037  2116   872  1579
  451    1795  2486  2489   901
  452     848  1937   881   877
  453     272    57  1651   267
  454    2407   906  1050   179
  455     459   460  2386   739
  456    2201    40  2386  1524
  457     722   688  2477   689
  458    2501  1582   488  2263
  459     440   982   436   937
  460     768   799    21  1534
  461     227   679   250  2258
  462    1985  1788  2302  1779
  463     728  1527  1514  1223
  464    1609   920  1806   382
  465     718   748  2322   702
  466     902   870  2032   322
  467     625   648   627   176
  468    2274  1648  1096  2059
  469    1699  2137  1852   279
  470     231  1272  1863  1203
  471    1107    57   267  1099
  472      69  2351   324    70
  473    1518   733  2346   758
  474    2194  2256  1759  1425
  475    1104  1654  2220  1135
  476     942   977   368   970
  477     705   738   716   460
  478     462    45   461  1424
  479    2165  2262   787   775
  480    1042   388  2408   998
  481     467  1755   756  1916
  482     948     8  2406   433
  483     959   431   433  1611
  484     989   926  1615  2118
  485     461  1759    41    42
  486     688   689   722  2424
  487     434    13  1939    14
  488     726   721   244   733
  489    2039   320  2169   833
  490    1577  1934  1777   860
  491    1518   245   242   708
  492     743  1427   466  1528
  493     455  1839  2279  1139
  494     436   441   437   440
  495     430  1979   946   428
  496     465   689  2477  2101
  497    1034   554  1056  1624
  498     336  1109  1961  2497
  499     882  2168  1937  2208
  500    1140  1135  1100  1133
  501    2335  1220  2236  1132
  502     351  2166   360  2375
  503    2379   272  1837    57
  504     876  1576   850   877
  505     125  2181  2129  2126
  506    1972   676  2336   225
  507      76  2362   489  1703
  508     360  1584   872  1792
  509    1951   400  1824  2057
  510     414  2430  2314  1685
  511    2478   759  1514  1223
  512    1853  1153  1185  2430
  513    1082  1016  2087  1951
  514     204  1345  1341   192
  515    2038  1238  1258  2405
  516    1966  2411  1150  1180
  517    2018   728  2478   217
  518    1033  2358  1041   998
  519     265  1340  1866   258
  520    1267   415  1701  1296
  521    1664   501  1959  1125
  522    2132  2224  1142    36
  523      91  1220  1207  2335
  524    1222  1225   263   261
  525    1103  1844    16  2390
  526    1128  2186  2185   406
  527    1958  1659  1436  1873
  528     718    60   748  1756
  529    1861  1219   741   676
  530    2334   676   225  2138
  531    2064   273  1092  1114
  532    2278  1215  1116   508
  533     829  1565   864   119
  534    2292  2455   729   407
  535     217   727  2478  2018
  536     217   727   723  2138
  537     875  1656   501  1959
  538     225  2334  1266  2422
  539     407  2455   729  2038
  540    1126  1252   729   723
  541    2056  2174  1077  1065
  542     213   732  1517    10
  543    1610   959   221  1945
  544     751   750   752  1530
  545    1750  2154   690  1900
  546    1547   437  2327    15
  547     979   989  1615  2118
  548    1327  2164   809   791
  549     801  1765  2112  1557
  550    1670  1686  2226  2228
  551    2452   323  2169   833
  552    1156  1856   372  2067
  553    1976  1341  1503   258
  554    1336  1320  2024   294
  555    1944   985   958   949
  556    1809    12     7   430
  557     754  2347  2102    42
  558    1981   282   822  1420
  559     763   670  1537  2207
  560    2445  1365  2362  1320
  561    2373  1418   450  1420
  562      42  2156   754   462
  563     172  1739  1735   170
  564    1765   773  1555   293
  565     965   939  2192    58
  566       7  2267  1811   991
  567    2014   687  1517  1906
  568    1591   431   433     9
  569     943  1613   956  1944
  570     230   229   247   714
  571    1848  2068  2392   372
  572    2406  1945  2269   948
  573    2274  1101  2132    36
  574     813  1917  2437  1538
  575     382  1616  1806   975
  576    1672  1147  1681  1692
  577    1153  1675   414  2430
  578    2392  1685  2314  2430
  579    1314  2339  2317  1296
  580    1676  1151   318  1850
  581    1620  2430  1185  1153
  582     508    93  1874  1717
  583     818  1767   779   812
  584    1238  1619  1698  2405
  585    1288   422  1974  1309
  586     526  2232  1967   419
  587     804  2299   797   277
  588     104  1151  2394  2469
  589     492  2143   495   493
  590     114  2232  1189   116
  591    1995  2002  2148   143
  592    2260   792   280   162
  593    1608   913  1618   928
  594    1412  1922   826  1405
  595     522  2492   112   110
  596     795   284  1414    22
  597    2289  2439   165   630
  598    2205  1903  1910  2361
  599     569   144  2002   568
  600       1     5   306   957
  601    1620  1179  1184  2492
  602    2161  1422    27   453
  603     375  1606  1802   376
  604    2162   175   808  1770
  605     659   660   608   163
  606      81  1052  2363   580
  607     192  1341  1976   258
  608     402   181  1325  1867
  609     958   986  1544   264
  610    1458   648  1895  1738
  611    1774  1542  2262   775
  612     781  1420   822   282
  613    1988  1010  2216  1063
  614    2135  1677   111  1191
  615     424   943   956   958
  616     770   824  2262   765
  617     780   818  1540   814
  618    2304   319   987   755
  619     740   959   221  2122
  620    2070  1846  1159  2069
  621     306  1804   311  1617
  622    1807  1804   949  1617
  623    2133  2492   420   312
  624     770   824   765  2284
  625     264  2396  1544  1600
  626    1686  1187  2226  2071
  627     912  1593  1596   922
  628     771   822  1419   823
  629    1159  1855  2281   377
  630    1822  1628  1073   127
  631     981   982  2491  1708
  632     987   755   946   960
  633    2380  1680   303   312
  634    2133   110  1682  1679
  635     765  1542  2262  1774
  636     914  1613  1531  1944
  637    1615   980  2121   930
  638     110  1849   112  1877
  639    1979  2267  1809   319
  640    1808     1  2123   957
  641     264   986  1544  2396
  642    2373  1418  2028   450
  643    1400   289  1707  1386
  644     284   784  1415    24
  645    1943   915  1810   970
  646     641    95  2447    98
  647    1045   573  1071  1639
  648    1614     0   924   928
  649    1543  1550  2162  1556
  650    1414   284  1415    22
  651     774   821  1540   825
  652    2281  2070  1159  1148
  653    1182  2069  1174  1178
  654     928  1598   971   944
  655     762   166   280   162
  656    1970  1672  1681  1964
  657    1231  1858  1209  1644
  658    2214  1054  1084  2184
  659    2199   618  2149  2253
  660     453  2077  1983  1982
  661     780   779   812   818
  662    2432  1365  1350  1348
  663    1543  2372  2162  1550
  664     826   802  1762   807
  665    2315  1846  1190  1690
  666    2465  1479  1740  1481
  667     305  1683  1184  1965
  668    1233  1222   232  1200
  669    1849  1878  1449  2464
  670    2092   563   613   601
  671     414  2339  2392  1675
  672      89  1095   505   503
  673    1385   287   201  1397
  674    1606   942   368   970
  675    1536  1771   806  2108
  676    1192   411   108  1845
  677    2465   190  1481   632
  678    1672  1692  1163  1167
  679    1062   581    84   585
  680    1094  1095  1873  1438
  681     318  1676  2000  1146
  682    1338  2434  1704   299
  683    2473  2066  2237   526
  684    1169  1965   305   308
  685     278  1322  1306  1320
  686     447  2029  2298   815
  687    1690  1671  2227  2133
  688     522  2492  1682  1186
  689    2339  1158  2232  1675
  690    2319  1671  1682  2133
  691     126   908   132  2375
  692    2067  1856  1669  1156
  693    1235  1224  1814  1226
  694     147  1815  1000   571
  695    1965   308  1162  1853
  696     184  1269   402   181
  697     590   140   200  1488
  698    1858  1084   529  2184
  699    2366   594  1502  1734
  700    1645  1083  2467  1084
  701     813  1538  2437  2206
  702    2185  1097  1136  2410
  703    2320  1243    85  1986
  704    1744   175  2162  1543
  705    1620  1853  1185  2492
  706    1019    67    81   391
  707      61  1064  2311  1629
  708     575  1403  1887  1463
  709    1365  2432   772   295
  710    1095  1666  2221  1958
  711    1037  1625   401  2181
  712    1731  1466  1467  1997
  713    1971  1929  1204  1206
  714     421  2393   389  1224
  715    1049  1954  2087  2363
  716    1661  2462  1090  1659
  717    1064  1829   385  1035
  718      83  2130  1022    82
  719    1085  1012  1636  2129
  720     145   570  1000  2088
  721     875  2264  2144  1111
  722    2352  1792  1928   890
  723    2436  1347  1535  1974
  724    1127  1958  2221  1666
  725    1285  2356  1619  2405
  726    1657  2196  2391  1125
  727    1235  1132  1226  2335
  728    1033   148  1072  1013
  729     400  1049  1951  1078
  730    1397  1401  1382  1396
  731     682  2020  2322   748
  732    2209  1564   832   831
  733     193  2271  1005  2419
  734    2488  1125  1111   501
  735    1933  1576   850   535
  736     875  1959  2144   502
  737    1637  1632  1638   123
  738     550  2308  2449  1625
  739    1250   347  1271  1232
  740    1199   352   545  2166
  741    1845   411  1145  1192
  742    1902  2155   678   680
  743    2180  2480   550  2308
  744      61  2125  1035  1064
  745     438  2441  1119  1093
  746    2276  1652  1103  2421
  747    1017  1036  1030  1622
  748    2078    57  1106  1108
  749     417  1969   114  1849
  750     386  2181   401  1018
  751    1172  2190   108  1192
  752    2358  2176  1041   573
  753    1722   880   539   540
  754    2055  2056  1622  1817
  755    1037  2126   346  1952
  756    2129  2181   401  1085
  757     909  1064  2273  1829
  758    2087  1080  2363  1016
  759    1018  2309   133  2181
  760     117  1645   529  1818
  761     580   585  1048   581
  762    2353  2034  1778   874
  763    2196    89   506  1125
  764     900   352  1588   838
  765    1627  2179  1001  2378
  766    1020  1029  2328  1056
  767     251   252  1259  1253
  768     578   575  1004  1887
  769    1951  1016  1052  1082
  770    2362   489  1430  1432
  771    2185  1196  1874  2236
  772     121  1829  2273  2311
  773    1009  2129  2128  1636
  774    2273   909  2330  1631
  775    1628  1067   128  2376
  776    1733   640  2149   618
  777    1639  2182  1071  1045
  778    2177   992  2128  1009
  779    1624  1020  1058  1066
  780     330  2354   883   887
  781    1452   855   843   348
  782    2442   852  1778   882
  783     254  1910  2205  1903
  784    2354  1936   330   878
  785     537   839  1793   536
  786    1933   876   850  1937
  787      33  1107  2059  1099
  788    2496   399  1822  1643
  789    2416   640  2091  1498
  790    1125   501  2488  1664
  791    2442  1931  1778  2034
  792     651  1479   197   631
  793    1096  1101  2132  2274
  794    2283   347  1232   256
  795    1927   857   883   845
  796     395  2058   392  1005
  797    1818  2493  1023  1973
  798    1085   135   133   394
  799     793  1776  1545  2284
  800    2094  2415  2248   616
  801     593  1729   642   606
  802     974  1945   940   923
  803    2378  2218  2054  1627
  804     928   979   971     0
  805    2193  2473   389   421
  806    1168  1146   111  2136
  807    1235  1267  1248  2051
  808    1016  1951  1832  2087
  809    1996  2358   149   574
  810    1327  2107   809  2164
  811    2378  2174  1816  2218
  812    2388   862  1579  1884
  813    1733   161  2094   592
  814     139  1457  1883  1727
  815      67   576  1048  1954
  816    2494  1645  2484  2420
  817    2405   964  1698  2124
  818     580   581  1048    84
  819    1022  2131    82  2438
  820     388  1630  1041   998
  821     313  1609    17   990
  822    1698   964  1619  2124
  823    1498   640  1489  2416
  824    2464  1176   114  2232
  825    2410  1843  1136  1093
  826    2441  2222  1838  1137
  827    1072  2312  1025  1032
  828    1850  1673   318  1693
  829     422  1288  1619  2405
  830    1818   100  1023  2493
  831    1818   100  1255   529
  832    1046  1645  1083  1088
  833     996  1039  1988  1055
  834    1971  1584   856  1929
  835     409  1847  1189  1165
  836     525   116  1450  1721
  837    1720  2359   525   419
  838    1157  2232   525  2134
  839    1131  2187  1207  1216
  840     683   725  2099  1915
  841    2074   410  1267  1188
  842     281  1707   289  1386
  843     525   524   115  2359
  844     723  1198   693   727
  845    1131  2335  1207  1220
  846     772   294  1769  2348
  847    2494  1862  2493  2484
  848     976  1698  2124  2405
  849     318  1183  2000  1673
  850    2069  1846  1159  2229
  851     100  1644   510  1023
  852    1850  1676  1149   318
  853    1277  1303  1308   186
  854     142  1966  1150  2469
  855    1183  1674  1155  2136
  856     772  1974  1347  2432
  857    2251  2241   163   641
  858    1529   731   242   758
  859    1399  1380  2434  1370
  860    1432  1320  2362   278
  861    1446   520   516  2413
  862     453   780   451   452
  863     420  1164   303  1846
  864    1311  1705   205  1342
  865     283   815  2028  1870
  866    1356  1353  1371  1338
  867    1534   799  1557  1765
  868    1381  1393   187   310
  869     276   794  1543  1554
  870    1399  1380  1379   289
  871    1430  1266  1262  1306
  872    2230  1222   232  1219
  873    2297  1556  2162  1550
  874     659   660   568   567
  875     608  2002  2252   567
  876    1052  1951    81  1016
  877    1534  1551    21   768
  878     330   887   883   845
  879     402  1330  1325  1269
  880    2321   659  1443  2318
  881     289  1386  1379   281
  882     364  1266   904  1306
  883     330   887   845   844
  884    2229  1846  1159   377
  885    2096  1488  1462   590
  886    1381  1395   187  1393
  887    1670  2228  1681  1686
  888    2360   442   288  1924
  889    1120  1651  1665  1110
  890    2420  1997  2494  1731
  891    2230   676  2138  1219
  892    1113  1196  2277  1097
  893    1929  1213  1204  1206
  894    1055  1010  1988   996
  895    1734   616  2249  1502
  896     279  1966   104  1699
  897    1487   606  1495  1469
  898     293   773  2112  1765
  899    1765   773  1474  1555
  900     572  2182  2328   398
  901     130   132   866  2487
  902    1464  1887  1834   151
  903    1399  1707   289   281
  904    2254  2295   699  2397
  905      33    57  1648  2059
  906    1617   951  1940  1553
  907     814   771  1419   823
  908    2428   596   626   672
  909    2152   650  2364   589
  910    1266  2334  1211  2422
  911     231  2316  1332  1331
  912     458   724   737   735
  913    1385  1363   201   287
  914     144  2318  2340   568
  915     658   186  1324  1297
  916    2484   100  1255  1973
  917     517  1875  1446   520
  918    2206   805   776  1539
  919    1474  1765  2112   773
  920    2472    21   778   800
  921    2050  1607  2048   986
  922     794  2108   806  1771
  923     298   291   763   782
  924    1492   173   172   189
  925    1766  2025  2498   805
  926    1692  2228  1681  1672
  927     196   673  1741   628
  928    1376  1386  1400  1707
  929    2367   669   188   652
  930    2205  2101  2477  2200
  931    2029  1923  2298   784
  932    2482   374  1317   256
  933     590  2476   140   562
  934    2093  1480  2097  2495
  935     209   205  1373  1346
  936    2368   648  1895  1458
  937    2426  2290  2367  2427
  938    2423   484  1890   635
  939    1462  1488    74   638
  940     164  2008  2383  2288
  941     113  1448   523  1878
  942    1867  1330  1325   402
  943    1823  2215  1640   127
  944    1737   662   664   594
  945     942  1803   368   915
  946     164    63  2383   165
  947    1889   167   652  1736
  948     643  1702  1476  2318
  949     660   603  2340   645
  950    2445   591  1703  2362
  951     637  2344   663  2199
  952    2177  2129  1009  1636
  953    1475   620  2245  1470
  954    1341  1361   258   192
  955     123  1826  1637  1825
  956    2472  2027    21  1768
  957    1964  1672  1167  1970
  958    1317   184  1278   374
  959     363  2458  1284  1268
  960    1733   618   663  2199
  961     206   674  1344  1867
  962    1012  1037  2177  2126
  963    1636   135   551  1641
  964    2416   640  1489  2089
  965    1921  1923  1558   784
  966    1261  2337    80  1277
  967    1304  1332  1975  1294
  968    2006   668   629   645
  969     805   773  2112   293
  970    1346  2482  1312   374
  971     146  2088  1630   570
  972     195  2088  1630   146
  973     571   570   147   145
  974    1414   446   445  1764
  975    1964    25  1167  1672
  976    1384   289  1380  1387
  977     302  1386  1379  1376
  978    1370  1380  1379  1399
  979    1558  1921  2025  1766
  980    2262   824  2165   765
  981    1169   312   303   308
  982    1943  1606   911   368
  983    2324   784  1558  1923
  984    1339  1301  2468  1313
  985     801  1921  1558  1766
  986     671   293   782   291
  987    1369  1368  1375  1355
  988    1544   986   951  1940
  989    1766  2324  1558   801
  990     793  2284  1981  1776
  991     467    50   468  2466
  992    1925  2111   793   781
  993    2284  1776  2403  2160
  994     784  1921  2025  1558
  995     681  1758  2100  1754
  996     284  2025  2498  1558
  997    2206  1772   795   805
  998    2360   670   288  1768
  999     315   211  1977  1394
 1000     157   598   626   596
 1001    1672  2070  1964   413
 1002    1399  1395  2434  1387
 1003     712  1511   703  2258
 1004    1369  1394  1391  1392
 1005    1474   773  2112   805
 1006     298   291   782   293
 1007    1399  1395  1398  2434
 1008     763   782   778  2360
 1009     671   773   782   293
 1010    2360   291   778   763
 1011    2027  2472   444  1768
 1012     970   977   368   915
 1013     172   170  1735   173
 1014     773   671  1474   768
 1015    1555   799  1534  1765
 1016     768  1555  1474   773
 1017    1556  1405  1543  1550
 1018     679   460   716   739
 1019     223   218  1908  2370
 1020    2324   801  1557  1558
 1021     185   292  1373  1385
 1022    2111  1776   793   284
 1023    2121  2046  1602  1594
 1024     673   172   655   196
 1025    1555   293   671   291
 1026     291   799   763  2472
 1027     291   799   671  1555
 1028     813  2206  2437   795
 1029     801  1557  2112   805
 1030    1380  1387   289  1399
 1031     671   293   768   773
 1032    1555   293   768   671
 1033    1555   773   768   293
 1034     671   799   768  1555
 1035    2498  1474   776   805
 1036    1555   799   768  1534
 1037    1964   413  1163  1672
 1038     930   913  2460   980
 1039    1766  1558  2498  2025
 1040    1457   167  2090  2426
 1041    2233  1361  1332  1345
 1042     805  1474   776  1539
 1043    2395   307  1336  1320
 1044    2189  1251  2191   416
 1045     103  1963  2191  2189
 1046    1356  1395   187  1381
 1047    2206  1539   776   284
 1048    1618  1608  2119  2460
 1049    2111   282   793   781
 1050    1558   784   284  2025
 1051     805  1474  1539  2112
 1052    2070  1171  1144   413
 1053    2112  1765  1539  1557
 1054    1474  1765  1539  2112
 1055    1772   784  1414  2324
 1056     805  1772   795   801
 1057    2012   991  2304   910
 1058     805  1557  2206  1772
 1059     446    22  1414  1416
 1060     768  1551   813  1534
 1061    1539  1765  2206  1557
 1062    2112   805  2206  1539
 1063    2112  1557  2206   805
 1064    1539  1557  2206  2112
 1065    2338  1430    75    76
 1066    2340  1739  1492   173
 1067    1766  2324  2498  1558
 1068    2445  2395  1381   295
 1069     781   282   793  2284
 1070     795   805   776  2206
 1071     795  2206   776   284
 1072    2498   805   776  1766
 1073    2251   163   629  2006
 1074    1361  1345  1378   192
 1075     945   919  2046  1869
 1076     801   805   776   795
 1077     801  1766   776   805
 1078    2498  1766   776  2324
 1079     801  2324   776  1766
 1080    2498  2324   776  1558
 1081     284  1558   776  2324
 1082    2498  1558   776   284
 1083     793   282  1981  2284
 1084     796   452   451  2109
 1085    1148  1171  1144  2070
 1086     800   670   778   782
 1087     814   775   766  1540
 1088     942   915   375  1597
 1089    1553   927  1544  1600
 1090    1493   614  1711   480
 1091     765   775   787  2262
 1092    1923  2029  2350   770
 1093    2104    19  1412  1533
 1094     934  1798  2499   373
 1095    1492   603   172   645
 1096     284  2498  2160   776
 1097     284  2025  2160  2498
 1098    1131  2186  1207  2187
 1099     284  1776  2160  2111
 1100     784  1921  2160  2025
 1101     281  1399  1379   289
 1102    2374  2109   797   796
 1103     187   207   310   208
 1104    1538   443  1414  1772
 1105    1389  1386  1400  1376
 1106    2111  1776  2160  2029
 1107     979  2118  2460   926
 1108     784   284  2160  2111
 1109     784  2025  2160   284
 1110       0   930   971   913
 1111     936  2454  2327   973
 1112    1321   767  2299   274
 1113     296   300   798   774
 1114    2350  2029  1545   770
 1115    1445   515  1446   518
 1116     448    23  1980   447
 1117    2165   824   787   765
 1118     957   950   306  1948
 1119    1558  1921  2350  1923
 1120    2412   682   702   718
 1121    2403  2284   304  1776
 1122    1544  2396  1940  1600
 1123    1871  1418  2373  1420
 1124     957  1804   916   949
 1125    2284   282   815   781
 1126    2416  2089  1489  1897
 1127    2207  2105   288   442
 1128     815  1870   447    23
 1129    1870   815  2028  2140
 1130    1545   815  2298  2029
 1131    1982   780   451  2077
 1132     771   825  1540   814
 1133     771   814  1540   818
 1134    2027  1768   444  2360
 1135    1418   781   449  2140
 1136     766   798  1548  2165
 1137     793  1776    23   815
 1138    1458   648  1738   138
 1139     814   825  1540   300
 1140    1978     3   927  1531
 1141    1945  1610  2049   221
 1142    1609   920   436    17
 1143    2304  2267   987  1979
 1144    1750   700   690  2154
 1145    2026   775   787   304
 1146     774   811   798   296
 1147     771   822   823  1763
 1148    2299   767   277  1974
 1149     798   774   766   811
 1150     300   821   774   296
 1151    2270   985  1553   958
 1152    2270  1617  1553   985
 1153     307  2395  2434  1384
 1154     300  1542  1774   821
 1155     825   821  1774  1542
 1156     300   821  1774   825
 1157    1849  1176  1449  1877
 1158    1545   770   304  2026
 1159     290  1769   790  2300
 1160     452   780   451  2109
 1161    2350  2029   447  1545
 1162     512    97   514  1280
 1163    1981  2284   817   814
 1164    1344  1294  1345  1378
 1165    1763   814   823   771
 1166    1166  1671  1179  1186
 1167     158  2318   629   603
 1168     704   220  1526   744
 1169     779   780   453  1920
 1170     453  1422   454    28
 1171     810   775   787   817
 1172     765  2262   787  2165
 1173    1774   825   814   300
 1174    1668  2185  2410  1874
 1175    2095   144   643   600
 1176    1549  1422   453  2296
 1177    1852  1152   105  2189
 1178     818   814   823  1763
 1179     286  2395   295  1384
 1180    1347   285  1865  1535
 1181    1618   913  1614   928
 1182     302   281  1379  1386
 1183      60   748   473   257
 1184     823  1981   817   814
 1185     765   824   787   817
 1186     775   765   817  1542
 1187     765   824   817  2284
 1188     822  1981   817   823
 1189    1325  1705   374  1342
 1190     425   919  2306  1978
 1191     817   775   787   765
 1192      24  2111  2298  1980
 1193    1598   913  1608  1805
 1194     822  1420   817  1981
 1195    2432  1541  1347   772
 1196     822  1542   817  1420
 1197     173  1739  1492   170
 1198    2466   719  2254  1755
 1199     694  1219  2336   676
 1200     814  1774   766   775
 1201     798  1774   766   300
 1202    1540   774   766   821
 1203     300   821   766   774
 1204    1540   821   766   300
 1205     300   814   766  1540
 1206     300  1774   766   814
 1207     766   787   775  2165
 1208     798  1774  2165   766
 1209     798  2262  2165  1774
 1210     775  1774  2165  2262
 1211     766  1774  2165   775
 1212     766   811  1548   798
 1213    2165   811  1548   766
 1214     814   823   810   817
 1215    1299  1281   231   236
 1216    1265  1258  1279  1266
 1217     817  1542   810   775
 1218     450  1418  2028  1420
 1219     817   822   810  1542
 1220     823   822   810   817
 1221    1774   775   810  1542
 1222     814   775   810  1774
 1223    2460  1608  1592   913
 1224    1542   825  1417  1774
 1225    1309   278  2024  1974
 1226    2403  1776   304  1545
 1227     566   565   141   563
 1228     628   673  1491   196
 1229    1545  1776   304  2284
 1230    2350   770  2026   824
 1231     787   810   304   775
 1232    1545  2026   304  2403
 1233     770  2350  2026  1545
 1234     787   817   304   810
 1235    2160  2025  2403  2498
 1236    1921  2025  2403  2160
 1237    2026  2025  2403  1921
 1238    1283   907   396  2482
 1239    2026  1921  2403  2350
 1240    2350  1545  2403  2026
 1241    2350  1776  2403  1545
 1242    2350  1921  2403  1923
 1243    2160  1923  2403  1921
 1244    2350  2029  2403  1776
 1245    1923  2029  2403  2350
 1246    2029  1923  2403  2160
 1247    2160  1776  2403  2029
 1248    2026   824   304   787
 1249     817   824   304  2284
 1250     787   824   304   817
 1251    2026   770   304   824
 1252    2284   824   304   770
 1253     815   770   304  1545
 1254     815  2284   304   770
 1255    1545  2284   304   815
 1256     180   601  1892  2092
 1257     192  2234  1378  1361
 1258     281  1386  1376  1707
 1259    2043    58   475  1708
 1260    1380  1384  1387  1395
 1261    1378  1345  1377   204
 1262    1398   187  1393   310
 1263    1401  1389   287  1400
 1264     274   767  2299  1974
 1265     453  1422    28  2296
 1266    2254   689   720  1914
 1267    1703  1320  2451  2445
 1268    1321   787   811  1548
 1269    2445  1320  2451  2395
 1270    1389  1706   287   317
 1271    1269   181  1705  1317
 1272     299   302  2481  1337
 1273     199  1338  1371  1353
 1274    1394  1392  1977   315
 1275     725   760   222  1755
 1276    1315  1307  1866  2075
 1277     281  1386   302  1376
 1278    1366  1399  1390   207
 1279    1726   648  1499  1458
 1280     658  1357  1367   209
 1281    1382  1391   201  1868
 1282    1397   185  1385  1401
 1283    2367   167  1499   669
 1284     199  1383  1390  1366
 1285    2395  2451  1381  1356
 1286    1337   299  1318  1335
 1287    1375  1394  1868  1391
 1288    1527  1223   728   742
 1289     699   719   222  1915
 1290    1708  2043   981   437
 1291    1333  1366  1372  1357
 1292     185   302  1372   658
 1293    2422  1295  1266  1289
 1294    1738   138  1890    68
 1295    1362  1380  1379  1370
 1296    1380  1386  1379   289
 1297    1341  1331   258  1361
 1298    1305  1286  2075  2316
 1299    1361  1354   192  2234
 1300    1361  1354  1374  1364
 1301    2234  1354  1374  1361
 1302    1341  1361  1332  1331
 1303    2477   688  1406   254
 1304    1376   281  1400   292
 1305    1868  1391   287   317
 1306    1378  1345   204   192
 1307    1744  1405   826  1543
 1308     315  1382  1396   211
 1309     612   156  1480   594
 1310    2017   247  2157   709
 1311    1598   913  1592  1608
 1312     167   628  1741   180
 1313      76   490   496   492
 1314    1369  1364  1368  1392
 1315    1360  1334  1377  1325
 1316     363  1275  1284  2231
 1317    1294   206   674  1975
 1318    1400   292   287  1401
 1319    1402   281  1390   198
 1320    1334  1345  1377  1344
 1321     186  1297   658   302
 1322     185   198  1397  1388
 1323     824  1921  2026  2350
 1324     292   281  1400  1707
 1325    2367   648  1499  2427
 1326    1382  1360  1377  1868
 1327    2269  1945  2049   984
 1328    1334   204  1377  1345
 1329    1369  1394  1977   211
 1330    1392  1394  1977  1369
 1331     230   714  2294  1913
 1332    1275  2316  1274  1286
 1333    1369  1392  1368  1977
 1334    2231   252  1259  1863
 1335     198   281  1372   185
 1336    2291   598   626   154
 1337     366   335  1122  1649
 1338    1259  1863   367  2231
 1339    1341  1345  1332  1361
 1340    1706  1376  1373  1346
 1341     381  1330  1352   374
 1342     476    59  2293  2099
 1343    1294  1275  1292  2316
 1344    1301  1302  1317  1330
 1345    1359  1368  2233  1378
 1346     227  2258  1511  1516
 1347     722   720  2345   743
 1348    1898   481  2098   595
 1349     317  1391   287  1394
 1350     287  1382   315  1394
 1351    1401  1706   287  1389
 1352     207   281  1390  1402
 1353    1868   381   201  1317
 1354    1339  1330  1352  1355
 1355    1247   256  1218  1221
 1356    1389  1376  1400  1706
 1357     292  1706  1400  1376
 1358     652   167  2367   669
 1359    1376  1707  1400   281
 1360    1355  1375  1377  1868
 1361     656   156  2249  1480
 1362     679   739   716   226
 1363     178  2428   177   596
 1364    1400   292  1401  1706
 1365    1400  1706  1401  1389
 1366    1896   169  1893   667
 1367    1268  1317  1271   256
 1368    1334  1325  1360  1344
 1369     632  1732  1481  1494
 1370     287  1363   381  1706
 1371     287   317   381  1868
 1372    1706   317   381   287
 1373    1389   317   381  1706
 1374    1868   317   381  1389
 1375    1389  1706   381  1868
 1376    1292  1275  1284   363
 1377    1298   256  1317  1302
 1378    1358   258  1976  1340
 1379     697  2387  2157  2017
 1380    1523   750  2203  2370
 1381    2156   247  2157   754
 1382    1402   281   198   292
 1383     617  1480  2097  1504
 1384     497  1714  1987  2320
 1385     965  1812   266   475
 1386     374  2482  1337  1346
 1387     266  1609   380   920
 1388     984   431   959  1611
 1389    2047  1609    17  1806
 1390    2346   733  2023  1520
 1391      83  2474  1217  2184
 1392    1303  1261  1283   397
 1393    2362   591  1703  2318
 1394    1219   718  1756  1508
 1395     258  1340  1358  1343
 1396    1263  1291  1302   256
 1397    1282  2075  1864  1315
 1398    1425    46   464  1984
 1399     237  1272  1287   241
 1400     322  1931  2461   870
 1401    2156   696   462  2371
 1402     920  2124   266   964
 1403     258  1340  1503  1976
 1404    2385  1903  1515   254
 1405    1302  1291  1317  1330
 1406    1263  1291  1317  1302
 1407     679   233   250  2258
 1408    1868  1330  1352   381
 1409    1355  1977  1359  1378
 1410    1368  1378  1359  1977
 1411    1355  1368  1359  1369
 1412    1977  1369  1359  1368
 1413    1355  1369  1359  1977
 1414     256  1263  1317  1302
 1415     759   240   215   742
 1416    1264  1221  1218   262
 1417    1360  1325  1377  1868
 1418    1458  1890   647    68
 1419    1342  1363   201  1360
 1420     381  1330  1317  1868
 1421     374  1330  1317   381
 1422     625   672   657  2152
 1423    1382  1394  1377   211
 1424    1283  2481  1297   302
 1425    1118  1102  1649  1956
 1426     735   724   737   703
 1427    1107  1092  1839   749
 1428     192  1345  1341  1361
 1429    1756   472   702   718
 1430    1361  1354   258   192
 1431     877  1576  1933   348
 1432    1374  2234  1358  1354
 1433    2075  1286  1274  2316
 1434    1315  2075  1864  1331
 1435     734  1755   725  2021
 1436    1503   258  1866  1340
 1437     536   340  1935  1575
 1438    2075  2316  1307  1305
 1439    2325   348  1933   867
 1440    2347  1753   754  1904
 1441    1567  2461   869   854
 1442     867   345  1933  1793
 1443     828   876   850  1793
 1444     231  1299  2468   241
 1445     157   596  1742  1500
 1446     325  1787   355   847
 1447     252  1287  1863  1275
 1448    1368  1364  2233  1392
 1449    2465  1496   632  1494
 1450    1374  1364  2233  1361
 1451     676  1219   741   694
 1452    1259  1253   367   361
 1453    1864  1331   265  1315
 1454    1503  1340  1866  1976
 1455     258  1331  1503  1307
 1456     893  1934   864  2036
 1457     619  2247   636  2344
 1458    1274  1331  1864  2075
 1459    1315  1331  1307  2075
 1460     192   258  1976  1358
 1461     190  1496   632  2465
 1462    2205  2200  2477   688
 1463    1307   258  1866  1503
 1464    1274  2075  1864  1282
 1465    2466  1755   222   719
 1466    1259   252   367  1253
 1467    2204  2346  2023  2400
 1468     908   352  2375  2166
 1469     897   853  1566   855
 1470    1272   231  1863  2468
 1471    1275  2316  1863  1274
 1472     231  1274  1863  2316
 1473     725  1755   222  2021
 1474     992  2409  1009  2177
 1475    1516  2257   735  1512
 1476     758  2385  1515  2345
 1477    1271  1269  1278   184
 1478    2468  2316  1294  1332
 1479    1307  1331  1503  2316
 1480    2468  1275  1294  2316
 1481    2114  1934  1777  1577
 1482     225  2422  1266  1265
 1483    2075  1307  1866  1305
 1484    1315  1331  1866  1307
 1485     265  1331  1866  1315
 1486     265   258  1866  1331
 1487    1307  1331  1866   258
 1488     235   733  2023  1518
 1489     261  1234  1241   270
 1490    2200   719  2361  2101
 1491    1302  1330  1287  1291
 1492    1361  1345  2233  1378
 1493    1518   731   242   245
 1494    2231   252   367  1259
 1495    2234  1361  2233  1378
 1496    1392  1364  2233  1374
 1497    1915   760   222   699
 1498     236  1282  1281  1864
 1499    1374  2234  2233  1977
 1500    2347   696  2387   462
 1501     263  1225  1245   261
 1502     692  1527   728   742
 1503     270   341   361  1234
 1504    1351  1339  1332  2468
 1505    1361  2234  2233  1374
 1506    1339  1330  1287  1301
 1507    1864   236   231  1281
 1508     704   736  1526   220
 1509    1301  1330  1287  1302
 1510     241  1272   231  1299
 1511    2234  1378  2233  1977
 1512    2194  2159  2346   733
 1513    1359  1378  2233  1345
 1514     758  2385  2345   688
 1515    1287   237  1863  1272
 1516    2200   719   222  1755
 1517    1863  1275  2231   252
 1518    1339  1313  2468  1351
 1519     241  1272  2468   231
 1520    1977  1378  2233  1368
 1521    1392  1374  2233  1977
 1522    1195  2334   904  1252
 1523    1253   270  1256  1291
 1524     330  1936   844   878
 1525    1332  2316  1863  2468
 1526    2254  2369  2397  2466
 1527    1272  1281   251  1203
 1528      48    50   468   467
 1529     248  1567   897   869
 1530     466    47  2259  2459
 1531    1864  1274   231  1331
 1532    1281  1203   231  1282
 1533    1281  1282   231  1864
 1534    1299  1272   231  1281
 1535    1203  1281   231  1272
 1536    1274  2316   231  1331
 1537    1790    35  1791  2035
 1538    1864  1282   231  1274
 1539    1203  1274   231  1282
 1540     877  2168   328   348
 1541     342  1575   903  2435
 1542    1863  1274  2231  1275
 1543    1359  1351  1332  2233
 1544    2233  1345  1332  1359
 1545    1284  1294   402  1330
 1546    2466   719   222   699
 1547    2397   760   222   725
 1548     758   733  2345   244
 1549     743   688  2345   722
 1550    1916  1755   734   467
 1551     467  2021   734  1916
 1552    1089   255  1244  1261
 1553    1641   135   551   134
 1554     686  1755  2200   688
 1555     743  1914   466  1427
 1556    1916  1755   686   734
 1557     699   760   222  2397
 1558    2259  2345  1406   743
 1559    1863   251  1259  1203
 1560    2468   231  1863  1332
 1561    2204  2400  2023  1520
 1562    2034  1927   857   839
 1563     939    58   370   967
 1564     251  1203  1863  1272
 1565    2101   719  2361  1755
 1566    2424  2200  2477  2101
 1567     231  1203  1863  1274
 1568     869  2168   897   248
 1569    1528    47  2459   743
 1570    2223   366  1658  1122
 1571     465  1914   466   720
 1572     868   248   897  2429
 1573     819  1609  2491   436
 1574     355   847   841   849
 1575    1287   241  1863  2468
 1576    2385   686  1909   688
 1577     753  1756    52   470
 1578    1126  1198   729  1694
 1579     688  2200  1909  1903
 1580     688   686  1909  2200
 1581    1276  1291  1256  1263
 1582    1508  1233  1219   676
 1583    2468  1275  1863  1287
 1584    1909   684   730   253
 1585     749  1099   350  1107
 1586     684   686   730   234
 1587    1909   686   730   684
 1588    1909   253   730   686
 1589      89   501   506  1125
 1590    2021  1916   730   734
 1591    1114  1123  1138  1140
 1592     686   253   730  2021
 1593     760  2020    60  1915
 1594     686   734   730   234
 1595     686  2021   730   734
 1596    1134   338   337  2062
 1597     702  1915   246  2322
 1598    2322  2020   246   748
 1599    2322  1915   246  2020
 1600    1603  2120  1601   918
 1601     725   760  1915   683
 1602    2361   684  1910  1916
 1603      47  1528   726   743
 1604    2254  2295   720   689
 1605    1915   760  2397   683
 1606     965  2124   266   976
 1607     257  2020   246  1915
 1608     760   725  2397   683
 1609    2101  1755  2361  1916
 1610    2325   348   843   855
 1611     466  1528  2459   743
 1612     233  1507  2401   747
 1613     725   467  2397    50
 1614    2021   467  2397   725
 1615     699   719  2424  2295
 1616    2254   719   699  2295
 1617    2101   689  2477  2424
 1618    2259  1529  1406  2345
 1619    1916  1755  2254   719
 1620    2466  1755  2254  1916
 1621    1915   760   699  2397
 1622     726   733   244  2194
 1623     976  2124   266   920
 1624    2299   285  2381  2030
 1625    1759  2194    41  1753
 1626     743    47  2459   758
 1627     743   731  2459   466
 1628     743   758  2459   731
 1629     743  1914   726   720
 1630      14  1410   434    13
 1631     336    33  2497  1653
 1632    1758   713  2100  1522
 1633     749   273  1139   350
 1634     722   689   720  2295
 1635      43   721  2194   733
 1636    1406   254   239  2477
 1637    2424  2200   743   722
 1638      17   313   436  1609
 1639    2080  1528  2259   466
 1640    2194   721   726   733
 1641     720   722   726   743
 1642    2397    50   222  2466
 1643     467    50   222  2397
 1644    2397  2021   222   467
 1645     734  2021   222  1755
 1646     467  2021   222   734
 1647     734  1755   222   467
 1648    1529   743  2259   731
 1649    1122   335  1658  2223
 1650     471   470  2293   473
 1651     933     8  2268   947
 1652    1426  1427   466  1914
 1653    2406     8  1552   309
 1654    2200   688   722  2424
 1655     758  2345  1529   731
 1656    2079  1984   464    46
 1657     731   758  2459    47
 1658    1753   721  2194    43
 1659    2304  2012   755   991
 1660     756   467   468  2466
 1661     439   441   437   436
 1662     696   745   462  2371
 1663    1655    44  1130  1117
 1664    2205  2200  2361  2101
 1665    1106  1660  1665  1110
 1666     731    47   245   758
 1667     434  1410  2076    13
 1668    1593   369  2485  2117
 1669    2347  1753    41    43
 1670     462    42    41  2347
 1671    2454    14  1939  1410
 1672    1139   273  1092  2064
 1673    2200   688  2345   743
 1674     465  1426  2141   466
 1675    1399  1370  1366  1379
 1676    2256  2159  2194  1753
 1677     463    46  2079   721
 1678    1298   256  1289   249
 1679     473   470  2293   472
 1680    1903  1909  2361  2205
 1681     758    47   245   244
 1682    2338    76    75   493
 1683    1786   877  1577   881
 1684    1528  1427   726   743
 1685    2201   747  2386   233
 1686    2386   459   226    40
 1687      43    46  1425  1984
 1688     463  1427   726  1528
 1689     463   721   726  1427
 1690     746   733  1520   711
 1691    2079    47   245   711
 1692     726  1528  2079   463
 1693     466  1426  2080  1427
 1694    2385   708   242  1515
 1695    2283   341  1230  1221
 1696    1518   688  2385   758
 1697    1518   245   708   235
 1698     244   726   758    47
 1699     743   726   758   244
 1700     743    47   758   726
 1701      43  1753  1425  2194
 1702    1529   235   708   245
 1703    1937  2168   869   248
 1704     463  1984  2079    46
 1705     404   335  1658  1649
 1706     244   726  2079   721
 1707    2079   726   245    47
 1708     463   721  2079   726
 1709     473   748  2293   471
 1710     733   711   235  1520
 1711      47  1528  2079   726
 1712    1518   758   242   731
 1713    2345   743  1529   731
 1714    2371  2386  2156  2201
 1715     485  2209    71  2404
 1716     708   245   242   731
 1717     230   696  2157  2387
 1718    2141   466  2259   465
 1719    2346  1518  2023   733
 1720     853  1566  1782  1565
 1721    1425    43   746    46
 1722     711   244   245   726
 1723      43   733   746   721
 1724      46   721   746   733
 1725      43   721   746    46
 1726     746   733   711    46
 1727     711   726   245  2079
 1728     465   689  2141  1426
 1729     746    46   711    47
 1730    2079    47   711    46
 1731    2079   244   711   726
 1732    1752   230   697   709
 1733     708   731   242  1529
 1734    1518  2385   242   758
 1735     244   721   711   733
 1736      46   733   711   721
 1737    2079    46   711   721
 1738    2079   721   711   244
 1739    1241  1245   262   261
 1740    1287  1291  2231   252
 1741     746    43  1520   733
 1742    2194   733  1520    43
 1743     242   758  1515  1529
 1744     269  1578   344  1590
 1745     245    47  2459   711
 1746    2099    50    59  2397
 1747     731    47  2459   245
 1748    2194   733  2346  1520
 1749     708  1518  2023   242
 1750     711   733   235   244
 1751    1520  2400  2023  2346
 1752    1332   231  1863  2316
 1753     245   731   708  1529
 1754    1529   254  1515  1903
 1755     242  1529  1515   708
 1756     251  1272  1863   237
 1757     233   705   679   739
 1758     739   705   679   460
 1759     244   733  1518   758
 1760     235   733  1518   244
 1761    2468   241  1863  1272
 1762    1426  1914   466   689
 1763     245   244  1518   758
 1764     235   244  1518   245
 1765     245   758  1518   731
 1766    1520   733  2023   235
 1767    2468  2316  1863  1275
 1768    2400  2256  2204  2159
 1769    2400  2159  2204  2194
 1770      71    69   830    70
 1771    2204   708   235  2023
 1772     758  2345  1515  1529
 1773    2345  2385  1515   688
 1774    1520   235  2204  2400
 1775     242  2385  1515   758
 1776    1759    42  2102    41
 1777     697   230  2157  2387
 1778    2256  2159  2400  2194
 1779    1904  2256  1521   754
 1780    1505   233  2401   691
 1781    1425  2256  2400  2194
 1782    2346  2194  2204  2159
 1783    2400  2194  2204  2346
 1784     237  1287  1863   252
 1785    1221  1225  1218  1230
 1786    1505   233   691   705
 1787    1520    43  2400  2194
 1788    1425  2194  2400    43
 1789     746  2256  2400  1425
 1790    1520  2256  2400   746
 1791    1520   746  2400    43
 1792    1425    43  2400   746
 1793     870   897   248  1567
 1794     254   688  1515  2385
 1795    1123   271  1100  1667
 1796    1244   255   397  1261
 1797    1233  1200  2230  1206
 1798    1287  1272  1863   241
 1799    1515   684  1903  1909
 1800    1242  1233  1237   676
 1801     237  1272   252   251
 1802     345  1931   854   867
 1803     536  1992   537   839
 1804    2303   893   843   853
 1805    1287  1291   252  1276
 1806    1287  1276   252   237
 1807     341   270   361  2458
 1808    1581   353   329  1195
 1809     219   253   240   725
 1810    1264   256  1218  1298
 1811     252  1275  2231  1287
 1812    1287  1330  2231  1291
 1813    1234  1253   361   270
 1814     361  2458   367   341
 1815    1360  1363   201  1334
 1816     837  1563  2114  1585
 1817     341  1234  2283   361
 1818    1256  1263   262  1276
 1819    2138  2334  1126  1195
 1820    1840   272  1651   267
 1821     361  1253   367   270
 1822     361   270   367  2458
 1823    2231  1291   367   252
 1824     252  1291   367  1253
 1825    2458   270   367  1291
 1826    1253  1291   367   270
 1827    1232   256  1271  1247
 1828    1382   287   201  1391
 1829    1895  2428   607  1890
 1830    2352   890  1928   846
 1831     341   347  1221  2283
 1832    1225  1221  1218  1264
 1833     262  1221  1218   256
 1834    2466  1916   756  1755
 1835    1241  1263   262  1256
 1836    1225  1201  1213  1230
 1837     725   253   240  2021
 1838     694  2292  1860  2336
 1839     742  2018   692  1527
 1840    1219  1527  2018  1223
 1841     878  1936  1589  2354
 1842    1294   206  1975  1304
 1843    1264  1245  1237   263
 1844    1506   701   707  2016
 1845    1230  1201  1213  1206
 1846    2442  2429  2208   248
 1847    1760  1219   741  1861
 1848     693  1198   729  2292
 1849     263  1225  1218  1264
 1850    1241   256   262  1263
 1851     407   405   729  1694
 1852    1694  1695   729   407
 1853    1219   727  2018  1527
 1854    1915   725    60   760
 1855    2486   330   901   887
 1856     684  1903  1910   234
 1857     759   742   728  1223
 1858    1256  1245   262  1241
 1859    1264   249  1237  1242
 1860     730   234  1910   219
 1861     730   219  1910  2158
 1862    1909  2021   240   253
 1863     235  1515  1529   708
 1864     271  1667  1098  1100
 1865    2477   465   239   722
 1866     257   748   246  2020
 1867     702   472   246  2412
 1868     473   257   246  2412
 1869     257  1861   246  2412
 1870    1253  1291  1256   252
 1871     252   270  1256  1253
 1872     253   742  2011   240
 1873     252  1291  1256  1276
 1874    2283  1234   261  1225
 1875     252  1276  1256   237
 1876    1213  1225   263  1201
 1877    1508   682  1219   718
 1878     676   682  1219  1508
 1879    1221  1230  1218  1213
 1880    2458  1291  1256   270
 1881     347   256  1241  1263
 1882    2283   256  1241   347
 1883    1256   270  1241   341
 1884    1234   341  1241   270
 1885     347  1263  1241   341
 1886    2283   347  1241   341
 1887    2283   341  1241  1234
 1888    1213   249  1237   263
 1889    1213   358  1237   249
 1890    1241   261   262  2283
 1891    1241  2283   262   256
 1892    1233  1206  1237  1200
 1893    1121  1838  2222  1137
 1894    1530   750   752   695
 1895     256  2283   262  1221
 1896    1223  1222  2230  1219
 1897     225  1237   676  1242
 1898     256   249  1264  1263
 1899     263  1222  1219  1233
 1900     256  1263  1264   262
 1901    1219  1223  2018  2230
 1902    1756   718    52   472
 1903     295   286   772  1365
 1904    1549  1767  2296  1920
 1905     676  1972   741   225
 1906    2138  1252   225  2334
 1907    1233   263  1237  1245
 1908     262  2283  1264  1221
 1909     907   357  1218   358
 1910     249   256  1264  1298
 1911     263  1225  1264  1245
 1912     263   249  1237  1264
 1913     262   261  1264  2283
 1914    1245   261  1264   262
 1915    1225  1221  1264  2283
 1916    1298  2482  1264   249
 1917    1089  1249  1244  1236
 1918    1283  2482   396  1297
 1919     263   249  1264  1213
 1920    1225   261  1264  1245
 1921    1225  2283  1264   261
 1922    1297  1319  1290  1311
 1923    1213   358  1204  1206
 1924    1213  1201  1237  1206
 1925     263  1201  1237  1213
 1926    1213  1206  1237   358
 1927    2375  1926   896   908
 1928    1222   263  1237  1233
 1929    1233  1200  1237  1222
 1930    1206  1201  1237  1200
 1931    1222  1201  1237   263
 1932    1222  1200  1237  1201
 1933    2020  2369    60  1915
 1934     232  1200  1197  2230
 1935    2230  1200  1197  1206
 1936    1219  1233  2230   676
 1937    2138   676   723  1219
 1938     728   692  2018  1527
 1939     728   692    55   761
 1940    1406   465   239  2259
 1941    1202  1243   364  1231
 1942    2422  1242  1289   249
 1943    2458   341  1250   347
 1944      52  1760  2412   718
 1945     702   682  2322   718
 1946    1971  1228   365  1784
 1947    1285  1288  1701  2381
 1948     470  2292   472  1760
 1949      60   725   215  2021
 1950     240  2021   215   725
 1951    1909  2021   686   240
 1952    2292   694  1760   693
 1953     215  1756   748    60
 1954     759  1756   748   215
 1955    2292   693  1760   729
 1956     473  2466  2099  2369
 1957    1579   360  1929   872
 1958     692   217   728  2018
 1959     729   407  1760  2292
 1960    1219  1222   232  1233
 1961     872   360  1929  1584
 1962    1219  1233   232  2230
 1963    1584  1206  1197  1200
 1964     729  1252  2336   723
 1965    2259    47   239  2459
 1966    1661   507  1090  1438
 1967     399  2182   398  1045
 1968    1694   405   729  1126
 1969     872  1584  1929  1579
 1970    1295  1266  1306  1322
 1971     887  2354  2486   330
 1972     407  2038   729   405
 1973     232  1201  1197  1200
 1974     723   729  2292  2336
 1975     676  2230  2138  2334
 1976     694   727   693  2292
 1977     804   277   797  2374
 1978    2230  1233   232  1200
 1979     995  2053  1815  2407
 1980     723  1219  2336  2292
 1981     225  1252  2336  1972
 1982    1225  1201   232  1222
 1983     948     8   316  2406
 1984    1090  1958  2277  1661
 1985      85  1434   364  1243
 1986    1568  1589   546  1880
 1987     263  1264  1218   907
 1988    2334  2230  2138  1197
 1989     353  1573  2116  2038
 1990    1466  1059  1015   586
 1991    2186  1838  2185   406
 1992    1512  1511  2255   703
 1993      54  2063  1837  2224
 1994    1219   727   694  2292
 1995    1861  1760  2412   694
 1996    2013  1710  2015    39
 1997    1231  1208   364  1202
 1998    1929  1206  1197  1584
 1999     225   676  2336   723
 2000    2292  2455  1860   729
 2001    2292   729  1860  2336
 2002     729   723  2292  1198
 2003    2018   217  2138  2230
 2004    2018  2230  2138  1219
 2005    1126   405  2038   329
 2006    1915  2369  2099   683
 2007     976  2124  1616  2405
 2008     702   682   741  2322
 2009    1659  1666  1873  1958
 2010    1238  2455  1214   405
 2011    1196   329  2038   405
 2012    1235  1188  1224  1132
 2013    1320  1336   295   286
 2014     216   747  2386  1524
 2015    1195   349  1581   353
 2016     723  1252  2336   225
 2017      90  2185  1097  1128
 2018    2367   652   188   176
 2019     225  1252  1266  2334
 2020    1196   405  2185  1097
 2021    2277  1439  1090  1113
 2022    2138  2334  1195  1252
 2023    2138  2018   723   217
 2024    2038  2455   729  1238
 2025    1126   405   729  2038
 2026    1219   727   693   694
 2027    1842   507  1128  2441
 2028    2410  1097  1128  1842
 2029     507  1843  1128  2441
 2030    1746  2252   643   600
 2031    1219  2018   723  2138
 2032    1756   472    52   470
 2033    2018  1219   723   727
 2034    1945   941   314   940
 2035    1238   405  2038  2455
 2036    2438  1054  1084  2214
 2037    2292   727   693  1198
 2038    1719   515  1446    98
 2039     676   682   741  1861
 2040    1756   718   702   748
 2041     407  2455  1859  2292
 2042    1842   509  1091   507
 2043    2185  1838  1128   406
 2044     353  1195  2038   329
 2045    1700   964  1616   963
 2046      16  1121  1119  1137
 2047     693   694   741  1219
 2048    2478   723   693   727
 2049    1986  1262    85  2320
 2050    1438  1661  1094  2462
 2051    1125  1124  1959  1664
 2052    2441  1838  1136    53
 2053      85  1243   904  1986
 2054    1859   405  1214  2455
 2055     718   472   702  2412
 2056    2413    79  1432  2195
 2057    2276   438    16  1844
 2058     694   693  1861  1760
 2059    2441  1838  1128  1136
 2060     187   158  2451  2445
 2061     374  1278  1312  1705
 2062    1113  1097  2277  1874
 2063    1874  1097  2277  1196
 2064    1265  1252  1266   225
 2065     278  1300  1279  1306
 2066     198  1383  1390  1388
 2067    1859   407  1214   405
 2068    2038   405   407  2455
 2069     676   682  1861  1219
 2070    1335  1320   307  1322
 2071     723  1198   729  1126
 2072    1219  1527   693   727
 2073    2379   272  1665  1840
 2074     753  1756   470   759
 2075    1219  1223   693  1527
 2076     723  1219  2292   727
 2077     723   727  2292  1198
 2078    2018   727   693  1527
 2079      52   472  2412  1760
 2080     694  2292  1859  2455
 2081     702  1972   741  1861
 2082    2196  1095  2221  1115
 2083    2462  1437  1094  1438
 2084     407  1694  1214   405
 2085    1695  1694  1214   407
 2086    1695   405  1214  1694
 2087    1196   405  1214  1695
 2088    2038  1238  1214   405
 2089    1609   963   382  1773
 2090    2405  2124  1700   964
 2091    1321   296   767  1548
 2092     343  1797   896   351
 2093    1705   181  1312  1311
 2094    1874  2185  2410  1097
 2095     702  1861   741   682
 2096    1141  1139   455    31
 2097     693  1527  2478  2018
 2098     858  2263   488  1582
 2099    1252  2138   225   723
 2100    2412  1861   702   682
 2101     723  2138   225   676
 2102     694  1861   741  1972
 2103     219  2103   259  2158
 2104    2466  1755   756   467
 2105    1928  2354   878  1589
 2106     748  1756   470   472
 2107     759  1756   470   748
 2108    2397  2369  2099  2466
 2109    2466    50  2099  2397
 2110    2222  1137  1119  1121
 2111    1932  1587  1588   838
 2112    2412   694   473  2455
 2113     694   693   741  1861
 2114     472   694  2412  1760
 2115     890  1589  1928  2166
 2116     470   759    55   753
 2117    2336  2455  1860  1238
 2118    1700   963  1616   382
 2119    1700  2124  1616   964
 2120    2405  2124  1616  1700
 2121    2405   380  1616   976
 2122     694  2455  1860  2292
 2123    1760  1219  2412   718
 2124    1861  1219  2412  1760
 2125     682  1219  2412  1861
 2126     682   718  2412  1219
 2127    2018  1527  2478   728
 2128     504  1958  2221  1115
 2129     693  1223  2478  1527
 2130     259   728   761   692
 2131    1760   693  2478    52
 2132    1756   753  2478   759
 2133      52   753  2478  1756
 2134     693  1219  2478  1223
 2135    1760  1219  2478   693
 2136      52  1219  2478  1760
 2137    1756  1219  2478    52
 2138    1219  1756  2478   759
 2139     759  1223  2478  1219
 2140     364   349   904  1195
 2141    2061  1118  1841  1102
 2142     923  1610   974  2049
 2143     981  2043   379   437
 2144    2348   772  1865  1347
 2145     718   682  2322   748
 2146    1289  1295   255  2422
 2147    2412  2455  1860   694
 2148    2122   959  1610   433
 2149    1337   255  1318   299
 2150     225   676  2422  1242
 2151     780  1763  2077   818
 2152    1861   694  2336  1972
 2153     729  2455  2336  1238
 2154     406  2441  2222  1838
 2155    1812  1609   266   920
 2156    1016  1007   391    67
 2157    2334   676  2422   225
 2158     723   676  2336  1219
 2159    2388  1929   351  1884
 2160    1429    76   492   490
 2161    1696    85   904  1211
 2162    1205  1993   351  1884
 2163    1971  2422   365  1211
 2164     500  2320  1211    85
 2165    1205  1929  1971  2116
 2166    1233   676  2422  2230
 2167    1233  1242  2422   676
 2168    2230  1242  2422  1233
 2169     729  2038  1258  1126
 2170    1214  1238  2405  2455
 2171    1288  1285  1229  1619
 2172    1309  1288   285  1974
 2173    1267  1235  1701  1604
 2174     249  2482   255  1298
 2175    1238  2038  1258   729
 2176    2255  2257   735   724
 2177     790  1974  1865   772
 2178    2251   163  2006  1349
 2179     294  1320  2024   278
 2180    1116  1196  1207  1694
 2181     984  1611  2269   431
 2182     415  2349  1701  1296
 2183    1619  2356  2305  1698
 2184    1945   431   221   984
 2185    1195  1252  1258  1126
 2186    1993   905  1205  2414
 2187    1258   729  1252  1238
 2188    1238   729  1252  2336
 2189    2195   591  2362  1349
 2190     981  1708  2491   952
 2191    1370   302   299  1379
 2192    1277  1303    80  1308
 2193     955     5  2123     1
 2194    2395  1362  2434  1380
 2195    1295  1266  1279  1306
 2196    1337  2482  1318   255
 2197    1320  1322  1306  1266
 2198    1566  2303   837   868
 2199     362  2474  1209  2073
 2200    2285  1432  1430   489
 2201    1297  2482  1290  1346
 2202    1346  1337  1335  2481
 2203    1797  2414   896   351
 2204    1266  1258  1279  1306
 2205     249  1242  1289  1237
 2206    1237   249   255  1289
 2207    1237   358   255   249
 2208    1706  1376  2481   302
 2209    2422  1242   255  1289
 2210    2042  1796   908   896
 2211    1457   561   647  1727
 2212    1736   673  1741  2005
 2213    1591    11   432  2235
 2214    2381   285   290  2030
 2215      11   947   933  1591
 2216    2322   748   246   702
 2217     433    11   432  1591
 2218    1796  1205  1784   856
 2219    2451  1356   187  1381
 2220    2349  1535  1310  2402
 2221    1741   189   196  2198
 2222      77  1316   496  1715
 2223    1393  1384  2395  1395
 2224    1335  1318  1322   307
 2225    1767   779  2296  1920
 2226    2031   937   313   819
 2227    2395  1384   307  1395
 2228    1320   286   295  1365
 2229    1338   299  1366  1399
 2230    1457  2090   561  1882
 2231    1393  1384   295  2395
 2232    1700  1300  1279  1258
 2233     307  2395  1336  2434
 2234    1318  1295  1306  1322
 2235    1399  1387  2434  1380
 2236     307  1335  2434   299
 2237    1318  1335  2434   307
 2238    1318   299  2434  1335
 2239     307  1384  2434  1395
 2240    1380  1395  2434  1384
 2241    1402   310   207  1399
 2242     158  1703  2445   591
 2243    1322  1318  2434   307
 2244    1357  1366  1372  1367
 2245    1387  1395  2434  1380
 2246     199  1383  1371  1390
 2247     559   648   138  1726
 2248    1295  1318  2434  1322
 2249    1079  1078  1824  1951
 2250    2320  1714  1987  1243
 2251    2362  1320  1703  2445
 2252    2362   489  1703  1320
 2253    1967  1720  2237  2359
 2254    2405  1285   422  1288
 2255     422  1700   963   938
 2256     974   370   988   969
 2257    2030  2323   290   797
 2258     790  2300  2402   764
 2259    2077   780   451   453
 2260    2381   285  1293   290
 2261    2109   780  1920   452
 2262    2299  1321   277   767
 2263    1700  1300   422  1279
 2264    2323  1321   277  2299
 2265     938  2405   422  1700
 2266    1535   285  2381  1288
 2267    1548   811  1321   296
 2268    1773   938   963   917
 2269    2116  1579  1205  1929
 2270    2031  2047   990   962
 2271    1321   296   804   767
 2272    1547   982  2327   437
 2273    1288  2356  1229  1285
 2274     277  1321   797  2374
 2275    2232  1176   419  2464
 2276    1818  2073  1023   387
 2277      15  1801  1939  2454
 2278      53  1207  2186  2187
 2279    1619  1285  1229  2356
 2280    1186  2492  1682   312
 2281     412  1173    96  1181
 2282    2434   307  1356  1328
 2283    2381   290  1293  2349
 2284     796   296   804  2109
 2285     966   939  2122   740
 2286    2327  2454  1813   973
 2287     819   982  1547   937
 2288    2030  1920  2300  2323
 2289    1700  1300  1309   422
 2290     452  1920   797  2323
 2291     277   767   804   296
 2292      77  1715   496  1328
 2293    2405  1700  1309   422
 2294     196  2005  1741   673
 2295    1669  1248  1188   408
 2296    1258  1300  1309  1700
 2297    1743  2423   666   202
 2298    1446   513  1444  1719
 2299    1258  1700  1309  2405
 2300    1258  2405  1309  2038
 2301    2185  1196  2236  1668
 2302    1855  1846  1159  1164
 2303    1920   780   453   452
 2304     277  1321   804   767
 2305    1548   296   767   798
 2306    1321   811  2374  2109
 2307    1393  1395   295  1384
 2308    1365   294   772  2024
 2309     793  1776   447    23
 2310    1541  1767  1347  2348
 2311    2077  1763    28   771
 2312    1326  2402  1310  1535
 2313    2348   294  1769  1974
 2314    1320  2395   295  1336
 2315    1336  2395   286   294
 2316     818  1763   812   780
 2317    1336   294   286  1320
 2318    2296  1920   453  1549
 2319     603   591   629   158
 2320    1877  1448   113  1878
 2321    2299  1920  2323  2374
 2322     286   294   772  1365
 2323     286  1336   295  2395
 2324    1432   278  2362  1365
 2325     286   294  1365  1320
 2326     278  1320  1365   294
 2327    1347  1974  2436  1348
 2328     278   294  1365  2024
 2329    1328    76  1356  1703
 2330    2069  1148  1159  2070
 2331    2024  1974   772  2432
 2332    2024   294   772  1974
 2333    1929  1206  1971  1197
 2334    2229  1851   413  2069
 2335     772  1541  1767   779
 2336     772   779  1767  1920
 2337     377  1846  1159  1855
 2338     436  1806  1411  2433
 2339    2140  1870   449    23
 2340    1920   286  1767   772
 2341    1769  1767  2296  1422
 2342    1229  1288  1207  1216
 2343     453   780    28  2077
 2344    1982  2109   451   780
 2345    1356  1398  2434   310
 2346    2145   512  1989  2146
 2347     812   779  2296  1767
 2348    1420   283  2028   450
 2349    1620  1153  1185  1853
 2350    1549  2323  2161  2300
 2351     772   294  2348  1974
 2352    1875   520   516  1446
 2353    2077   453   451  1982
 2354    1818  1645   529  1083
 2355    1545  1776   447  2350
 2356    1365  1347  1348  2432
 2357    1942  2045   306  2123
 2358    1853   308   305  1965
 2359    1326  1535  1310  2349
 2360    1814  1239  1604  2051
 2361      15   440   990   313
 2362     285  1974  1535  1347
 2363    2006  2318   629   591
 2364    1974  2432  1348  1347
 2365     362  2073  1209  1210
 2366     797   452   451   796
 2367    2348  1767  1769  1541
 2368     772  1541  1769  1767
 2369    2348  1541  1769   772
 2370    2323  1321   797   277
 2371    2323  2374   797  1321
 2372    2077   780    28   812
 2373    1920   294  1549   286
 2374     796  2109   797   452
 2375     619   155  1734  2415
 2376     794   792  1918    20
 2377    1919   166   789  2260
 2378    1946    13  2268   434
 2379    1769  1422  1549  1767
 2380    1920   286  1549  1767
 2381    1767   772  1549  1769
 2382    1767   286  1549   772
 2383     453  1421  1872   452
 2384     453  1421   451  1982
 2385    2323  2299   797  2030
 2386    2360  1551   778   444
 2387    2077   812    28  1763
 2388    2296  1763    28   812
 2389     812   779    28  2296
 2390     780   779    28   812
 2391     453   779    28   780
 2392     453  1920    28   779
 2393    2296  1920    28   453
 2394    2296   779    28  1920
 2395    2030  2349   290  2381
 2396     977   915   970   953
 2397     414  1685  2314  2392
 2398    1296  2349  1293   415
 2399    2031  1773   990  2047
 2400    1920   294  2300  1549
 2401    2030   294  2300  1920
 2402    2349  1296  1314  1310
 2403     453  1920  2323  1549
 2404     453   452  2323  1920
 2405    1239   371  1604  2051
 2406     804   796   797  2299
 2407     959  1945   948     9
 2408    2374  1321  2323  2299
 2409    2323  1920   797  2374
 2410    2454   435  2463    15
 2411     957  1804   306  2123
 2412    2299  2323   797   277
 2413    2323  1920  2300  1549
 2414     300   296   804   821
 2415    1321   274  2299  2374
 2416     274   294  2299  2374
 2417     277  2374   804  1321
 2418    2030  2299   797   796
 2419    1920  2374  2299   294
 2420     774   296   804   796
 2421     774   821   804   296
 2422     796   821   804   774
 2423    2374  2109   804  1321
 2424     796  2109   804  2374
 2425    1321   811   804   296
 2426    2109   811   804  1321
 2427    2109   296   804   811
 2428    2300   290  1293   764
 2429     820    13  2268   933
 2430    2323  2299  2030  1920
 2431     938  1285   803   917
 2432    2299   294  2030  1920
 2433     112  1158  1185  1849
 2434    2299   274  2030   294
 2435     804  2374   797   796
 2436    2109  2374   797  1920
 2437    1920   452   797  2109
 2438    1170  1846  1855  1164
 2439    2067  1248  1669   408
 2440    2348  1769  1865   790
 2441    1769   772  2300   294
 2442    1549   772  2300  1769
 2443    2312   585    67  1403
 2444    1158  2430  1853  1969
 2445     286   772  2300  1549
 2446     286   294  2300   772
 2447    1549   294  2300   286
 2448    1853  1675  1162  2430
 2449    2323  2030   290  2300
 2450    1267  1235  1604  2051
 2451    2047   371    17   990
 2452    1270  2305  1604  1285
 2453     371  2405  1270   422
 2454     422  1285   803   938
 2455    2031   917   819  1773
 2456    2454    14  2463   435
 2457    2327  2043   379   435
 2458    1157   389  2193  2473
 2459    1088  2420   117  1645
 2460    2405  2356  1619  1698
 2461    2381  1535  1865   285
 2462     846   890  2037  2352
 2463    1296   764  1293  2349
 2464     920  1609   380   382
 2465    1158  2492  1185  1853
 2466     720   722   465   689
 2467    1814  2356  1239  2305
 2468    1214  1695  1207  1196
 2469    1838  1207  2186    53
 2470    2074   410  1188  1248
 2471    1131  1220  1207  1116
 2472    2402  2349  1314  1310
 2473    2030   294   290  2300
 2474    2299   285   290  1974
 2475    2030   285   290  2299
 2476    1769   294   290  1974
 2477    2300   294   290  1769
 2478    2030   274   290   294
 2479    2030  2299   290   274
 2480    1974   274   290  2299
 2481     274  2024   290   294
 2482    1974  2024   290   274
 2483    1974   294   290  2024
 2484    2300  1769   790  1549
 2485    1310  1326  1314  1865
 2486    2251   645   629   603
 2487    1535  2402  1865  1326
 2488    2335  1132  2236  1668
 2489     290  2300   790   764
 2490    1600  2306   927  1978
 2491    1466  1076  1621  1997
 2492    2047   975   962  2031
 2493    1874    93  1439  1440
 2494     408  1669  1224  1188
 2495    1535  2348  1865  1347
 2496    1806  1609    17   920
 2497    1848  2068   372  1856
 2498    1865  2402  1314  1310
 2499     103   102  2189    96
 2500    2319  1679  1175  2133
 2501     764   790  1865  2402
 2502    1533    19  1924   442
 2503    2402  1296  1314   764
 2504    1293   290   790   764
 2505     511   512  1989  2145
 2506    1347  1974  1865   285
 2507    1143  1151  1676  1850
 2508     513  2318  1443   163
 2509    2441  1843  1136  1842
 2510    1293   285   790   290
 2511    1974  2348   790  1769
 2512    2402   764  1314  2349
 2513    1974  1769   790   290
 2514     290   285   790  1974
 2515    2349   764  1314  1296
 2516    2348  1974   790   772
 2517    1720   419  1967  2317
 2518    1669  1156  2074  1248
 2519    2161   453    27  1872
 2520    1186   112  1682   522
 2521     308  1164   303  1169
 2522     790   285  1865  1974
 2523     790   772  1865  2348
 2524    2381  1535  1326  2349
 2525    2484  1645   117  2420
 2526    1326  2402  1865  1310
 2527    2382  1296  2146  2317
 2528     420   312   303  1680
 2529    1967  2232  2237  2317
 2530    1280   510  1441  1644
 2531    2493  1973  1818   100
 2532    2484  2420   117   100
 2533     525  1157   526  2232
 2534    1347   772  1865  1974
 2535    2349  1535  1865  2381
 2536    2402  1535  1865  2349
 2537    1293   285  1865   790
 2538    1293  2381  1865   285
 2539     764  1293  1865   790
 2540    2349   764  1865  2402
 2541    1293   764  1865  2349
 2542    1293  2349  1865  2381
 2543     440   937  1547   982
 2544     410  1156  1165  1847
 2545    1229  1288  1216  2356
 2546    1153  2430   414  1685
 2547    2339   415  1267  1296
 2548    2067  1156  1669  1248
 2549    1116  1694  1207  1131
 2550    1216  1215  1207    91
 2551     975  2356  2212  2305
 2552    1698   964  2305  1619
 2553    1131  1694  1207  2186
 2554    1267   410  2067  1856
 2555    1267  1296  1701  1235
 2556    1270  1285  1701   803
 2557     387  1697  1081  1023
 2558    1669  1248  2074  1188
 2559    1224  1220    91  1132
 2560    1997  1076  2494  1731
 2561    2051  1267  1248  2067
 2562    2484  1973  1255  1433
 2563    1235  1267  1224  1188
 2564    2067  1248   408   410
 2565    1501  1442   514   512
 2566    1285  2405  1619  1288
 2567    1814  1285  1604  2356
 2568      90  2441  1128  1843
 2569     387  2073  1081  1644
 2570     525   419  1967  1720
 2571    2073  1054  2184  2474
 2572    1131  1226  1207  2335
 2573    1220    91  1215  2278
 2574    1132    91  1226  2335
 2575     962  2031   313   990
 2576    2335  1814  1226  1235
 2577    2473  2232  2237  2066
 2578    1843  1093  1094  1127
 2579    1176  1854   419  1678
 2580    1131  2335  2236  1668
 2581    1438  1843  2065  1094
 2582    1132  1235  1226  1224
 2583      91  2335  1207  1226
 2584    2183  1010  1824  1024
 2585    2278  1220  2236  1131
 2586    1188  1267  1224   410
 2587     387  1644  1081  1697
 2588     526   419  1967   525
 2589    2382  2317  2237  2339
 2590     962  1604  1270   371
 2591    2236   509  2410  1842
 2592    2066  2393   421   408
 2593    1157   525   526   527
 2594     117   100  1023  1818
 2595    1132  1188  2335  1235
 2596    1235  1188  2335  2074
 2597    1874   508  2277    94
 2598    2339  1675   414   410
 2599     408   410  2066  1669
 2600    1131  2335  1668  1226
 2601      53  2185  1136  2187
 2602    1214  1288  1619   422
 2603     100  2420   117  1088
 2604    1083  1645   529  1084
 2605      53  2187  1136  2441
 2606      91  1220  2335  1132
 2607     414  1675  2314  2430
 2608    2455  1619  1214  1859
 2609    1132  1224  1226    91
 2610    1248  1156   372  2067
 2611     434   433    11   968
 2612    1156   410  1165  1856
 2613    1698  2356  2305  2405
 2614    1694  2186  1131  2187
 2615     382   920  1806   976
 2616    1215  1220  1207    91
 2617     910  1611  2269   984
 2618    1196  1131  2236  1668
 2619     866   549   351  2414
 2620     866  2414   896  1926
 2621    1112  1844  2390   438
 2622     981  2327   379   982
 2623    1702  2321  2362  2318
 2624    2410  1842  1136  1843
 2625    1439   507  1113  1091
 2626    1694  1196  1668  1131
 2627    1694  2185  1668  1196
 2628    2187  1694  1668  1131
 2629    2187  2185  1668  1694
 2630    1131  1220  2236  2335
 2631    2455  1619  2405  1214
 2632     422  2405  1619  1214
 2633    1993  1202  1884   129
 2634    1216  1288  1814  2356
 2635     117  1084   529  1645
 2636     382   976  1806  1616
 2637    1238  1619  2405  2455
 2638    2391  2488  1111   875
 2639    2278  1131  1116  1220
 2640    1285  2356  1814  1288
 2641    1196  1694  1116  1131
 2642    1814  1288  1701  1285
 2643    1818   387   529  2073
 2644     508  2236  1116  2278
 2645    1196  2236  1116   508
 2646    2236  1196  1116  1131
 2647    2236  1131  1116  2278
 2648    1116  1220  1207  1215
 2649    1814  1285  1701  1604
 2650     962  2047   990   371
 2651    1604  1285  1701  1270
 2652    1216    91  1207  1226
 2653    1214  1288  1207  1229
 2654    1694  1196  1207  1695
 2655     976   382   380  1616
 2656    1619  1214  1229  1288
 2657    1875  1991  1444  1446
 2658    1515   688  1406  2345
 2659     266  1812   952  1609
 2660    1229  2356  2305  1619
 2661    1695  2186  1207  1694
 2662    1619   964  2305  1229
 2663    2349  2381  1701  1288
 2664    1967  2359  2237   526
 2665     975  1616  1806   976
 2666     525  2359   526   528
 2667    2212  2047   962   371
 2668    2473  2066   526  1157
 2669    1552  2268   923   309
 2670    2212   975   962  2047
 2671    2212   975  2047  1806
 2672     409  2339  2392  1848
 2673     371  2212  1239  2305
 2674     990  1609    17  2047
 2675    1848  1156  1165   372
 2676     409  2339  2314  2392
 2677    1848   410  2392  2068
 2678    1814  2305  1239  2212
 2679     975   976  1806   920
 2680     440   937   436   313
 2681    1814  2349  1701  1288
 2682    1708   436  1812   439
 2683     920  2124   975   976
 2684     920   964   975  2124
 2685      17   990   440   313
 2686    1604  1235  1701  1814
 2687     963   382   975  1616
 2688    1616   964   975   963
 2689    1702  2447  2195  2321
 2690    1616  2124   975   964
 2691     976  2124   975  1616
 2692     917  1773   975   963
 2693    2031  1773   975   917
 2694      17  2047   436  2433
 2695     938   917  2212   963
 2696    2305   964  2212   975
 2697    1700  2405  2212   938
 2698    1700   938  2212   963
 2699    1700   964  2212  2405
 2700    2305  1698  2212   964
 2701    2405  1698  2212  2305
 2702    2405   964  2212  1698
 2703     963   964  2212  1700
 2704     975   964  2212   963
 2705     382  1609  2047  1806
 2706     975  1773  2047   963
 2707     382   963  2047  1773
 2708     975   963  2047   382
 2709    1239  2356  1604  2305
 2710    2392  1675  2314   414
 2711    2212  2305   371  2405
 2712    1814  2356  1604  1239
 2713    1270   371  1604  1239
 2714     938   803   371  2212
 2715    2212  2405   371   938
 2716    1239  2305  1604  1270
 2717     938   422   371   803
 2718     938  2405   371   422
 2719     371   422  1270   803
 2720     422  1285  1270   803
 2721     422  2405  1270  1285
 2722    2305  2405  1270   371
 2723    2305  1285  1270  2405
 2724    2493  1644  1023  1973
 2725    1239  2305  1270   371
 2726    1620  1965  1184  1683
 2727    1270   803   962   371
 2728    2051  1235  1604  1814
 2729    2405  1285  1604  2305
 2730    2405  2356  1604  1285
 2731    2305  2356  1604  2405
 2732     917   803   962  2031
 2733     917  2031   962   975
 2734     371   803   962  2212
 2735    2212   917   962   963
 2736     975   963   962   917
 2737    2212   963   962   975
 2738    2212   803   962   938
 2739     917   938   962   803
 2740    2212   938   962   917
 2741     819  1609   990  1773
 2742     382  1609   990  2047
 2743     382  1773   990  1609
 2744    2047  1773   990   382
 2745    1708   982  1812   436
 2746     966   983   969   939
 2747     819  1773  2491  1609
 2748     990  2031   313  1773
 2749     819  1773   313  2031
 2750     990  1773   313   819
 2751     819  1609   313   990
 2752     309     8  2268   933
 2753     936   820   973  1547
 2754     440    17   436  1709
 2755     475   965   952  2192
 2756    1806  2433   436  2047
 2757    2205  2101  2361  2477
 2758     440  1709   436   441
 2759     965  1812   952   266
 2760    1962  1447  1689  1174
 2761    2433  1709   436    17
 2762    2268     8  1552   973
 2763     694  2412   473   472
 2764    2459   731  2259   466
 2765     965   266   952   380
 2766     314   297     7  2443
 2767     313    17   436   440
 2768      13  1410  1939    14
 2769    2369   683   257  2397
 2770     435    14  1409   968
 2771     433    11  2122  1946
 2772    2260   166   280   762
 2773     910   984   221   991
 2774     434    14  2076  1410
 2775     687  1900  1906  1749
 2776      14  1801  1939   968
 2777    2076   968  1409    14
 2778     434   968  1939  1801
 2779     380  1609   952   382
 2780     434  1801  1939    13
 2781    2454  1410  2463    14
 2782     430  1809  1808   946
 2783     434   433   968  1946
 2784     983   968  1946   740
 2785    1812   965   952   475
 2786    2463    14  1409   435
 2787    2463    15   437  2454
 2788    2488  1657  1103  1652
 2789    1708   440   437   982
 2790     819  1609   436   313
 2791      17   920   436  1806
 2792    1708   982   436   440
 2793    1915  2369   257  2020
 2794    1337  1322  1335  1318
 2795     748  1756   246   702
 2796     947     8  2268   948
 2797    1437  2082   507  1438
 2798      59   467  2103    50
 2799    1112  1121  2390  1657
 2800    2454   440    15   437
 2801    2463   435   437    15
 2802     436   439  1411  1812
 2803    1874  1196  2277   508
 2804    1231  1973  1209  1210
 2805    1812  1806  1411   436
 2806     380   967   952  2192
 2807    1708  2043   437   435
 2808      15   435   437  2043
 2809     981   437   379  2327
 2810     952  1616   380   382
 2811       7  1979  1811  1809
 2812     920   976   380   266
 2813     316  1611   954  2269
 2814     976   965   380   266
 2815    1425  1753    41  2194
 2816    1941   929  1601   934
 2817    2294   714  2387   696
 2818     965    58  2192   475
 2819     947    11   933     8
 2820    1813  2043   969   435
 2821    1915   683   257  2369
 2822    2327    15   379  2043
 2823     374  1360  1342   381
 2824    2133  2492  1682   110
 2825    2043    15   379   437
 2826     380   266   952  1609
 2827     684   686  1910  1916
 2828     947   954     9    12
 2829     819   982  2327  1547
 2830     920   382   380   976
 2831     983    14  1813   435
 2832     948     9  2268   947
 2833     221  1610  2049   910
 2834     940   910   941   314
 2835     379   982  2491   981
 2836     820   947  2268     9
 2837    2192    58   939   967
 2838    2043   983   939   435
 2839      58   983   939  2043
 2840     712  1516   716   458
 2841    1295  1300  1306  1279
 2842      58  1708   981   475
 2843    1902  1901   678  2155
 2844     370   988   969   966
 2845     939    58   740   983
 2846    2019  2154   214     4
 2847    2122   959   221  1610
 2848     297  2470  2443   314
 2849    1903   684  2361  1909
 2850     940  1945  2049  2269
 2851    2406   309  2269  1945
 2852     369  1596  2117  2120
 2853     944  1598   971   930
 2854     947     9  1591   948
 2855     316   948  2269     9
 2856    1942  2170   932   319
 2857     946  1809  1808   932
 2858     952  1609  2491   981
 2859    2370  1761  2203  1523
 2860     939  2043   969   370
 2861     984   431  2269  1945
 2862      40   745  2387  2201
 2863     987  1979   946  1809
 2864       9   431   433   959
 2865     214   681  2100  1754
 2866     429   428  1407  1979
 2867    2314  1969  1185  2430
 2868     437   982   981  1708
 2869     988  2049   974  1610
 2870     221   910  2049   984
 2871     228  2045  1947  2170
 2872     981  1609  2491   379
 2873     740   959  2122   433
 2874     819   982  2491  1773
 2875     958  1531   927   424
 2876     983   435  1813   969
 2877    1552   968  1813   983
 2878    2454   435  1813    14
 2879    1946   309   923  2268
 2880     434    13   933  1946
 2881     434    11   933    13
 2882    1946    11   933   434
 2883     113  1877   522  1448
 2884     912  1593   369  1596
 2885      10  2155  1517  1902
 2886     973   820  1552  2268
 2887     116  2232   419   114
 2888     433     8  2406   309
 2889     948   947   433  1591
 2890     947     8   433    11
 2891     948     9   433   959
 2892    1591     9   433   948
 2893       8   309   433    11
 2894     782   670   763   298
 2895     948     8   433   947
 2896    1935   891   899   889
 2897     947  1801   820   933
 2898     959  1945  2406   948
 2899    2454    15  2327   435
 2900     933  1801   820    13
 2901     434    13   820  1801
 2902     316  2470   314  2269
 2903     297   316  2443  2470
 2904     314  2470   941  2170
 2905    2327   437   379    15
 2906     434  1801   820   968
 2907    2327   435  1813  2454
 2908    1946   740  2122   433
 2909    1552   973  1813    14
 2910     936  1801   973   820
 2911    2454    14  1813   973
 2912     936  2454   973  1801
 2913      15   936  2327  1547
 2914     932   960   946   755
 2915     430   428   429  1979
 2916       9    12   954   316
 2917     437    15  1547   440
 2918     437   440  1547   982
 2919     440   313  1547   937
 2920      15   313  1547   440
 2921    1547   936  2327   973
 2922    1544  1607   951   986
 2923    2327   973  1813  1552
 2924    1939  2454   973    14
 2925    1801  2454   973  1939
 2926    1939    14   973  1801
 2927     973  1801  1552   820
 2928    2268   434  1552  1946
 2929    1801    14  1552   968
 2930     973    14  1552  1801
 2931     820   968  1552   434
 2932    1946   434  1552   968
 2933    2268    13  1552   434
 2934     820    13  1552  2268
 2935     820   434  1552    13
 2936     936    15  2327  2454
 2937    2043   435  2327    15
 2938    2269   910  2049   940
 2939     988   740   974  1946
 2940    2406   948  2269   316
 2941     974  1945   923  2049
 2942     297   948   316     9
 2943     457  1507  2401  1505
 2944     941   991  2304  2267
 2945     297     9   316    12
 2946     314  1807  2170   941
 2947    1752  1913  2294   216
 2948     314  1945   940  2269
 2949     941  2170  1947  2045
 2950    2269   984  2049   910
 2951     755  2267   987  2304
 2952     319  2470  1947   941
 2953    1600  1804  2270   956
 2954    1611  1979  2267  1811
 2955    1407     7  1979  1811
 2956     316  1611  2269   910
 2957    1945     9  2269   948
 2958    1945   431  2269     9
 2959     991  1611   316   910
 2960     297  1611   316   991
 2961     297    12   316  1611
 2962    2122   433   974    11
 2963     941   910  2304   991
 2964     947   954    12  1591
 2965    2235  1591  1408   432
 2966    2258  1516   712  1511
 2967    2327   982   981   437
 2968     939   435   969  2043
 2969     314  2267   941  2470
 2970     991  2267   941   314
 2971     314   910   941   991
 2972     940   910  2304   941
 2973     247   230   697   229
 2974     316   297   314  2470
 2975     316   991   314   297
 2976     297   991   314  2267
 2977    2269   316   940   314
 2978    2269   910   940   316
 2979    2304   991   755  2267
 2980     939   983   969   435
 2981     314   991   940   910
 2982     316   991   940   314
 2983     316   910   940   991
 2984     319   941  1947  2304
 2985    2012   228  1947  2170
 2986     941   940  1947  2304
 2987    2304   228  1947  2012
 2988     319  2267  2304  1979
 2989    2470   319  2304   941
 2990    2470  2267  2304   319
 2991     941  2267  2304  2470
 2992    2014   212  1517    10
 2993     950  1807   949  2045
 2994     932   319  1809  2443
 2995    1813  2043   370   969
 2996     983   939   966   740
 2997    1812  1609  2491   952
 2998     370   939   966   969
 2999     939   370   966   967
 3000     966  1552  1813   983
 3001    1552    14  1813   968
 3002     983   968  1813    14
 3003    2043  1813   379   435
 3004    1552   983   966   968
 3005     740   968   966   983
 3006     966   740  2122   988
 3007     966   983  1813   969
 3008    2122   740   974   988
 3009    1566  1563   837  2303
 3010     370  2043   981    58
 3011    1708    58   981  2043
 3012     952   370   981   967
 3013     952   967   981  2192
 3014      58   475   981  2192
 3015     370    58   981   967
 3016    2192   967   981    58
 3017     436   982  2491   819
 3018     436  1609  2491  1812
 3019    1812   982  2491   436
 3020    1708   982  2491  1812
 3021     952   475  2491  1812
 3022    1708   475  2491   952
 3023    1708  1812  2491   475
 3024     683  2369  2099  2397
 3025     739   747  2386   216
 3026     966   740   988   968
 3027     966   968   988  1552
 3028    1945   923  2049  1610
 3029    2361  1903  1910   684
 3030     739    40   226   459
 3031     221   984  2049  1945
 3032     923  1813   988  1552
 3033     969  1813   988   923
 3034    1813   966   988  1552
 3035     969   966   988  1813
 3036    1946   968   988   740
 3037    1552   968   988  1946
 3038     923  1552   988  2268
 3039    1946  2268   988  1552
 3040     923  2268   988  1946
 3041    2122   988   974  1610
 3042     923   969   974   988
 3043    1610   923   974   309
 3044      70  1564   485   831
 3045    1510  2015  1513  1525
 3046     933  1946  2122    11
 3047     309  1946  2122   933
 3048     933    11  2122   309
 3049     266    58   965   475
 3050    1610   433   974  2122
 3051     988  1946   974   923
 3052    1610   309   974   433
 3053    2122  1946   974   740
 3054    2406  1945  1610   309
 3055     959  1945  1610  2406
 3056     433   959  1610  2406
 3057    2406   309  1610   433
 3058    1946   309   974   923
 3059    2122   309   974  1946
 3060     433   309   974    11
 3061    2122    11   974   309
 3062     702  1756   246   472
 3063    1108    33  2497   336
 3064    1118  1649  1658   366
 3065    1323  2434  1316  1338
 3066     438  1093  1112  1844
 3067     473  2412   246   472
 3068    1317  1291  1268  1269
 3069     890   360  2352  1792
 3070    2412  1861   246   702
 3071     257  1915   246   683
 3072     756    59   467  2103
 3073     722   720  1406  2345
 3074     509  1439  2277  1113
 3075    1915   725  2099    60
 3076      60  2369  2099  1915
 3077     756    48   468   467
 3078     473    60  2293   748
 3079    1104  1957  1955  1123
 3080    1138  1957  1100   271
 3081    1654  1140  1104  1133
 3082    2177   134  2128   992
 3083     314  2267     7   297
 3084    2370   218  1908  1523
 3085    1423  2016    37  2153
 3086    2304  1979   987   319
 3087    2019   732  1906   687
 3088    1906  1900  2014  1749
 3089    1595  1869  2121  2172
 3090      39  1710  2015  1525
 3091    2443  2267     7  2470
 3092    1522  1754  2100  1758
 3093    1425  2194    41  1759
 3094    2050  1595  2266  2121
 3095     314  2470     7  2267
 3096    2204  2159  1521   685
 3097    1900  1754  1750  2154
 3098     695   750  1905  1530
 3099     695   750   751   238
 3100     710  1509   698   736
 3101    1512  1516   458   735
 3102     752   751   707   717
 3103     710  1761   698  1509
 3104     736  1509   238  1908
 3105     687   700  2019   732
 3106     713   757  1899  1911
 3107      38   750  1905   695
 3108     690   732   687  1900
 3109    1523  1761  1908  2370
 3110     878  1936  1928  1589
 3111     732   700  2019     4
 3112     690  1750  1749   687
 3113     690  1900  1749  1750
 3114     687  1900  1749   690
 3115     688  2200  2477  2424
 3116    1750   700  1749   687
 3117    2200   686  2361  1755
 3118    1907   739   250   679
 3119     757  1911   713  1758
 3120       4   700  2019  2154
 3121     223  1911  1522   706
 3122    1749   700  2019   687
 3123    1758  1754   681  1530
 3124    2019   687   214  1749
 3125       4  2154  1522   700
 3126     706  1911  1899   757
 3127    1911  1754  1530   750
 3128       4  1754  1522  2154
 3129    1523   218   706   223
 3130    1423   220   704   224
 3131     706   223   757  1523
 3132    2203  1761   757  1523
 3133     979  2118  1615   980
 3134    2202   220   704  1423
 3135    2203  1509   698  1761
 3136    2254   689   469  2295
 3137     238   736   751  1509
 3138    2370  1911  1530   750
 3139     223  1911  1530  2370
 3140     465   689  2101   469
 3141     704   224  1506  1423
 3142    1600   956  2270   927
 3143     710   220   698   224
 3144     695  2203   698  2202
 3145    2294  2387   226   679
 3146     739   233   250   679
 3147     238   736   704   751
 3148      10  1902  1517  2014
 3149     297  1611     7    12
 3150    2202   220   698   736
 3151     238  1509   698  2203
 3152     706  1911   757   223
 3153     224   220   698  2202
 3154     710   736   698   220
 3155     238  2203   698   695
 3156     710  1523   698  1761
 3157     712   250  1912   233
 3158     947   954  1591     9
 3159    1908   750   238  2370
 3160     751   695   752   750
 3161     118   531   895    34
 3162      43  1753    41  1425
 3163    1908  2370  2203   750
 3164    1761  2370  2203  1908
 3165    1761   218  2203  1509
 3166    1908   218  2203  1761
 3167     704   751   707  1506
 3168    2203   218   238  1509
 3169    1908   218   238  2203
 3170    1908  1509   238   218
 3171    2203   695    38  2202
 3172     705   233  2386   747
 3173     695   752   707   717
 3174     695  2203    38   238
 3175    1523  1761   710   218
 3176    2203  2202    38   717
 3177    2255  1512   735  2257
 3178     712   233  1912   747
 3179    2202   220  1423   224
 3180     238   695   752   751
 3181     238  1509   752   695
 3182     751  1509   752   238
 3183    1758  1530   681  1905
 3184     717  2202    38   695
 3185    2203  1761   698  2202
 3186    1750   681  2100   214
 3187    1509   218   710  1761
 3188     695   717   707  2016
 3189    1506   752   707   701
 3190     756  2466  2101  1916
 3191     474   477  2293  2081
 3192     695   752   717  2202
 3193    2223    49  1663  1658
 3194    2202   751   717   736
 3195     752   751   717  2202
 3196    2052   950     5  2307
 3197    1758   223   757  1911
 3198     736   220   710  1509
 3199     469  2466  2101   756
 3200     238  1908    38   750
 3201     238   750    38   695
 3202     695  1509   698   238
 3203     752   695   698  2202
 3204     752  1509   698   695
 3205     751   736   698  1509
 3206    2202   736   698   751
 3207     751   752   698  2202
 3208     751  1509   698   752
 3209    2203  1908    38   238
 3210    2203   750    38  1908
 3211    1099    57    33  1107
 3212    1758  2203  1905    38
 3213    1505  1507  2401   233
 3214     678   680   213   675
 3215    1525  2257  1513  2255
 3216    1899     4  1522   706
 3217    1019   585  1048    67
 3218    2019   757  1899   713
 3219    1530  1911  1758  1754
 3220    1515  2345  1406  1529
 3221      38  2203  1905   750
 3222    1758  2203   713  1905
 3223    1911  2154  1522  1754
 3224     297  2267     7   991
 3225    1750  1754   681  2154
 3226    2307   950     5  1948
 3227     956   958   927   424
 3228     214  1754  1522     4
 3229    2203  1523  1905   750
 3230     713  1758  1905   757
 3231     757  2203  1905   713
 3232     757  1523  1905  2203
 3233    1523  2370  1905   750
 3234    1530   750  1905  2370
 3235    1758   223  1905   757
 3236     757   223  1905  1523
 3237    1523   223  1905  2370
 3238    1530  2370  1905   223
 3239    1758  1911  1905   223
 3240    1530  1911  1905  1758
 3241    1530   223  1905  1911
 3242    1899  1911  1522   713
 3243     706  1911  1522  1899
 3244       7  1611  1811   954
 3245     681  1754   214  2154
 3246       4  2154   214  1754
 3247    2019   700   214  2154
 3248    1750  2154   214   700
 3249    2019  1749   214   700
 3250    1750   700   214  1749
 3251     214  1749  2100  1750
 3252     214   713  2100  1758
 3253    1905  1758  2100   681
 3254     214     4  1522  2019
 3255    1899  2019  1522     4
 3256    1758  1911  1522  1754
 3257     713  1911  1522  1758
 3258     715   212  1517  2014
 3259     710   224  1510   220
 3260     713  2019  1522  1899
 3261     214  2019  1522   713
 3262    2386   216   226   739
 3263    2391  1125  2488  1657
 3264     701    39  2153   744
 3265    2099    60  2293  2369
 3266     745    40  2371  2201
 3267    1519  2257  2255   724
 3268     744    39  1506   701
 3269     735  2257  2015   724
 3270      43   721  2347  1753
 3271      41  1753  1904  2256
 3272    1506  2016   707    37
 3273     216   747  1912   739
 3274    2202   736   704   220
 3275    1506   751   707   752
 3276    2202  1423   704   717
 3277    1789   851  1580   836
 3278     331  1582   324  2351
 3279     233   705   716   679
 3280     697   709  2157   247
 3281     227  1907  1511  2258
 3282    2255   703   735  1512
 3283    1519   724   735   703
 3284     754    42  2102  2156
 3285    1752   229   697   230
 3286     744   224  1506   220
 3287     704   220  1506   224
 3288     744   220  1506   704
 3289     404   335  1130  1655
 3290    1956  1117  1130   366
 3291     458  2401   677   457
 3292     728   217  1514  2478
 3293    2478   753  1514   759
 3294      60   725    59   215
 3295      10   732  1517  1906
 3296    1506  1423    37   704
 3297    2016  1423    37  1506
 3298      37  2016   707   717
 3299     704   736   707   751
 3300     717   751   707   736
 3301      37   717   707  1423
 3302     704  1423   707   717
 3303      37  1423   707   704
 3304     704  2202   707   736
 3305     717  2202   707   704
 3306     717   736   707  2202
 3307    1902  1901   675   678
 3308     227   679   716  1516
 3309    2201    40  2371  2386
 3310    1904  2156  2102  2201
 3311    2016   691  2022  2401
 3312    2329  2313    62  1626
 3313    1904    41  2102    42
 3314     831   331   830  2115
 3315     737  2401   677   458
 3316     466  1528  2259    47
 3317     679   458  1516   735
 3318    2259  2079    47  1528
 3319     914  1944  1531  2307
 3320     675   680    10  1902
 3321      40   460   739   738
 3322    1752   230  2387  2294
 3323     230  1913  2294  1752
 3324     754   247  1521   685
 3325    1759    41  2102  1904
 3326     703   691   677  2401
 3327     230   696  2387   714
 3328    1649   335  1122  1956
 3329     247   696  2157   230
 3330    1516  2258   716   227
 3331     247   230  2157   697
 3332    2201  1524  2387    40
 3333     739   745   226    40
 3334     679  2258   716   233
 3335     705   460   739   747
 3336     679   739   226  2294
 3337     705   747   739   233
 3338    1984    43    41  1425
 3339    2371    45  2156  1424
 3340     247   696   754  2156
 3341    2194  1753  1759  2256
 3342     458   703   737  2401
 3343     696   745  2371  2201
 3344     746  1425  1759  2256
 3345    2347   229   714   696
 3346    2036   893  2114  1563
 3347    2159  1753   714  2194
 3348    2371    45   462  2156
 3349    2371   745   462    45
 3350     404    44  1655  1650
 3351     461    42    41   462
 3352     404   335  1655  2275
 3353    1912   250  2017  1907
 3354     754  1524  2157  2201
 3355    1841  1138  1667   271
 3356    1512  1913   227  1516
 3357    1904  2347  2102   754
 3358    2345   743  2259  1529
 3359     747  1507   712   233
 3360    2156  1424   462    42
 3361    2156    45   462  1424
 3362    2017  2387  2157  1524
 3363     466  2141  2259  2080
 3364      43   462    41  2347
 3365      42  1753    41  2347
 3366    1759  1753    41  2256
 3367     245   711  2459   731
 3368     836  1794    32    30
 3369    2261   166   762   162
 3370    2258  1516   716   712
 3371     705   460   716   679
 3372     216  1507  1912   747
 3373    2013    39  2015   744
 3374    1424    42   461   462
 3375    1519    39  2022   701
 3376     233  2258   716   738
 3377     712   738   716  2258
 3378    2159   229   714  2347
 3379     229  2346   697   685
 3380    1753  2159   714  2347
 3381    2347   696   714  1753
 3382    1912  1907  2017  1752
 3383    2017   709  2157   697
 3384    1913  1907   679  2294
 3385     230   714  2387  2294
 3386     227  2258   716   679
 3387     738   233   712  1505
 3388     738  2258   712   233
 3389      42  1753  1904    41
 3390    1327  2107  2260   809
 3391    2201  1524  2157  2387
 3392     701  2016  2022   707
 3393    1913  1907   227   679
 3394    1519   703   735  2255
 3395    1519   691   737   703
 3396     709  1752  2017  1907
 3397    2294  1907   679   739
 3398     462   696  2387   745
 3399     703   724   737  1519
 3400    2401   691   677  1505
 3401    2387   745   226   462
 3402     877   348   328   881
 3403     754  2201  2157  2156
 3404    1516  1512  1511   227
 3405    1913   679   227  1516
 3406    1511   703  1525  2255
 3407     233  1507   712  1505
 3408    1510  1525  1526    39
 3409     247   229   697   685
 3410    1907  1913   227  1752
 3411    1907   679   250   227
 3412     227  2258   250  1907
 3413     744    39  1526  1525
 3414    2049  2304   940   910
 3415    1512   227  2255  1511
 3416     233   738   716   705
 3417     739   460   716   738
 3418    2400  2256  1521  2204
 3419    1752   230   709  2387
 3420     458   457   677   737
 3421    1909   686  2361  2200
 3422    2120   961  1596   922
 3423    1406  2205   239   254
 3424    1516  1512   458  1511
 3425     691  1519  2022  2401
 3426    1948   943  1944  2307
 3427     712  1507   703  1511
 3428    1519  1507   703   712
 3429    1511  1507   703  1512
 3430      72  1559  1580   488
 3431    2401  1507   703  1519
 3432    1519  1507  2022  2401
 3433    1519   691   703  2401
 3434    1580   851    32   836
 3435     754  2256  1521  2400
 3436     247  2156  2157   696
 3437     739   747  1912   233
 3438     739   233  1912   250
 3439     703  1519  1525  2255
 3440     703    39  1525  1519
 3441     712   747  1912  1507
 3442    1519  2257  1525  2255
 3443    1510   224  1526   220
 3444    1519   724  1525  2257
 3445    2401  1505   677   457
 3446     691  1710   677  2153
 3447     735   703   458  1512
 3448    2401   457   458  1507
 3449    1512  1507   458  1511
 3450     712  1516   458  1511
 3451    1505   738   458  1507
 3452     457   738   458  1505
 3453    1505  1507   458   457
 3454     703  1507   458  1512
 3455    2401  1507   458   703
 3456     712  1507   458   738
 3457    1511  1507   458   712
 3458     701    39  2022  2153
 3459    2016  2153  2022   691
 3460    2016   701  2022  2153
 3461     691  2153  2022  1710
 3462      39  1710  2022  2153
 3463      39  1519  2022  1525
 3464    1525  1710  2022    39
 3465     737   691  2022  1710
 3466    1519   691  2022   737
 3467    1525   724  2022  1710
 3468    1519   724  2022  1525
 3469     737  1710  2022   724
 3470     737   724  2022  1519
 3471    2153  1710  2013    39
 3472    2153    39  2013   744
 3473    2153   744  2013   701
 3474    1506   224  2013  1423
 3475     744   224  2013  1506
 3476     735  2257  1510  2015
 3477    1506   701  2013   744
 3478    2153  2016  2013  1423
 3479     701  2016  2013  2153
 3480    2016   701  2013  1506
 3481    1506  1423  2013  2016
 3482     744   220  1526   224
 3483     979   980  1615   930
 3484    2013   224  1510  2015
 3485    2015   744  1510  2013
 3486    2015  1525  1510    39
 3487    2257  2015  1513  1510
 3488    2015  2257  1513   724
 3489    1525   724  1513  2257
 3490    2015   724  1513  1710
 3491    1525  1710  1513   724
 3492    2015  1710  1513  1525
 3493    1510   220  1526  1513
 3494    1513  1525  1526  1510
 3495    1513  2255  1526  1525
 3496    2013   224  1526  1510
 3497    2013   744  1526   224
 3498    1510   744  1526  2013
 3499    2015   744  1526  1510
 3500    2015    39  1526   744
 3501    1510    39  1526  2015
 3502     250  1907  1912   739
 3503    1578   269   841    73
 3504    2036  1563   837   853
 3505    2294   739  1912  1907
 3506    1913  1907  1912  1752
 3507    1752   216  1912  1913
 3508     226   216  1912   739
 3509    2294   216  1912   226
 3510     226   739  1912  2294
 3511    2294  1913  1912   216
 3512    1907  1913  1912  2294
 3513    2204  2346   685  2023
 3514     709  1907  2017   250
 3515    2346  2159   685   229
 3516    2204  2159   685  2346
 3517    1904   746  2102  2256
 3518    2347   229   685  2159
 3519      41  2256  1904  1759
 3520    2017  1524  2157   216
 3521     438  1136  2441  1093
 3522    2204  2256  1521  2159
 3523     754  2156  2102  1904
 3524     714   696   247   230
 3525    1752   216  2017  1912
 3526    2386  1524  2017   216
 3527    2387   709  2017   697
 3528     247   754  1521  2157
 3529     226  2386  2017   216
 3530    2387  1524  2017    40
 3531    2386    40  2017  1524
 3532    2294   216  2017  1752
 3533     226   216  2017  2294
 3534     226  2294  2017  2387
 3535     226    40  2017  2386
 3536    2387    40  2017   226
 3537    2387  1752  2017   709
 3538    2387  2294  2017  1752
 3539     685   229   754   247
 3540    2156   696   754   462
 3541    2347    42   754   462
 3542     714   696   754   247
 3543     714   229   754   696
 3544     247   229   754   714
 3545    2347   229   754   685
 3546    2347   696   754   229
 3547     462   696   754  2347
 3548    2387   696  2157  2201
 3549    2156  2371  2157   696
 3550    2201  2371  2157  2156
 3551    2201   696  2157  2371
 3552     685  2347  1521   754
 3553     685  2159  1521  2347
 3554    1904  1753  1521  2256
 3555    2159  2256  1521  1753
 3556     754  1753  1521  1904
 3557    2347  1753  1521   754
 3558    2347  2159  1521  1753
 3559    1759  2256  2102   746
 3560    1904  2256  2102  1759
 3561    1753  2347  2102  1904
 3562    1753    42  2102  2347
 3563    1904    42  2102  1753
 3564      55   215  2293   761
 3565    2046   945  2119   926
 3566     485   486    71    69
 3567     725    50  2103   467
 3568     474    59  2293   477
 3569      51   471  2293  2081
 3570    1943    18  1810   911
 3571    1650    44  1655  1117
 3572    1782  1566   837  1560
 3573     404   335  1649  1956
 3574     991  2267  1811  1611
 3575    2039   833  2169   323
 3576    1902   680    10  2155
 3577     690  1900   715   732
 3578    1901  2155  1902  1751
 3579    1751  1901   675  1902
 3580    2345   688  1406   722
 3581    1650  1117  1655   404
 3582     469  2466   468  2254
 3583    2466   469   468   756
 3584    1129  1105    49  1102
 3585    2158  2361  1910  1916
 3586    2061  1129  1841  2062
 3587    1749   687  2014  1906
 3588     466  1427  2080  1528
 3589    1957  1105   271  1129
 3590    1906   732  1517  2014
 3591     404  1117  1130   335
 3592    1133  1123  1100  1140
 3593     759   742    55   728
 3594    1956   335  1130  1117
 3595    1955  1654  2220  1104
 3596     234   686  1910   684
 3597      48   469  2101   756
 3598     728  1223  1514   759
 3599    1130   335  1122  1655
 3600    2064  1140  2060  1104
 3601     720   689   465  1914
 3602    1909  2200  2361  2205
 3603     689  2466  2254   468
 3604     366  1956  1122  1130
 3605     743   720   466  1914
 3606     684  1916  2361   686
 3607    1123  1957  1100  1138
 3608    1649   335  1658   366
 3609     469    48   468   756
 3610     684   686  2361  1909
 3611    1787  2456   118   530
 3612    1133  1957  1100  1123
 3613    2099   725    59    60
 3614    2062  1129   337  1134
 3615      29  1104  2279  2220
 3616    1117  1118  1130   366
 3617     404  2275  1655    44
 3618    1100  1133  1663  1098
 3619     473    56  2293  2099
 3620     858    72  2302  1788
 3621    1514   753    55   759
 3622    1101   267  2063   272
 3623    2259   731  1406  1529
 3624     469  2254  2101  2466
 3625    1916  2466  2101  2254
 3626    2424   689  2477   688
 3627    2205   688  2477   254
 3628    2254   719  2101  1916
 3629    2200   719  2101  2295
 3630    2035   888   830  2115
 3631    1916   719  2101  1755
 3632    1406   722   239   465
 3633    1717  2278  1874   508
 3634    1841  2062   337  1667
 3635    2254  2295  2101   719
 3636     469  2295  2101  2254
 3637    2200  2295  2101  2424
 3638    1667  1123   337  1100
 3639    1096   267  1648  1099
 3640    2200  1755  2361   719
 3641     469   689  2101  2295
 3642    2424  2295  2101   689
 3643     240   219  2103  2011
 3644     240   725  2103   219
 3645     892   325   355   829
 3646    1934   893  2114  2036
 3647    2397   725  2103    59
 3648    2397    50  2103   725
 3649      59    50  2103  2397
 3650     725   253  2103   219
 3651     725  2021  2103   253
 3652     215   240  2103    59
 3653     215   725  2103   240
 3654      59   725  2103   215
 3655    2385   254  2205  1903
 3656     688   254  2205  2385
 3657    2385  1903  2205   688
 3658    2200   688  2205  1903
 3659     217   727  1514  2478
 3660    2477   722  1406   688
 3661    1515   254  1406   688
 3662    2459   731  1406  2259
 3663     761   215  2293   474
 3664    2477  2259   239   465
 3665    1909  2200  2205  1903
 3666    1406  2259   239  2459
 3667    2429   855   328  2325
 3668    1930   487  1559  2263
 3669     465   720  1406   722
 3670    2345   720  1406   743
 3671     466   743  1406   720
 3672    2259   743  1406   466
 3673     466   465  1406  2259
 3674     466   720  1406   465
 3675     259   215   474   240
 3676    1138   271  1100  1123
 3677     219   253  2158   730
 3678    2103   253  2158   219
 3679      31  1104  2060    29
 3680    1641   394   551  1636
 3681    1916  2021  2158   467
 3682     730  2021  2158  1916
 3683     756   467  2158  2103
 3684     756  1916  2158   467
 3685    2103  1916  2158   756
 3686    2103  2021  2158   253
 3687     730   253  2158  2021
 3688    2103   725  2158  2021
 3689     467   725  2158  2103
 3690     467  2021  2158   725
 3691     730  1916  1910   734
 3692     730   734  1910   234
 3693     734   686  1910   234
 3694     734  1916  1910   686
 3695     386  1037   401  1086
 3696     272    57   267  1107
 3697    2103   219   259  2011
 3698     893   348   843  2325
 3699     837  2036  2114  1563
 3700    2478  1527  1514   728
 3701     359  1115   875  2391
 3702    1115   506  2391  2196
 3703     728   742    55   692
 3704    1662   267  1651    57
 3705    2166   846  1928   890
 3706      33    57   272  1107
 3707     215   259   474   761
 3708    2196  1666  2221  1095
 3709    2478  1223  1514  1527
 3710    2217  1998  1466  1468
 3711    1638  2240  1038  1632
 3712     929  1601   972   935
 3713    2391  1666  2221  1657
 3714     215   759    55   748
 3715    2085  1936   545  1928
 3716    2158   761  2103   259
 3717     839  2034   874   857
 3718    2421  1124  2219  2276
 3719     259    59   474  2103
 3720     240    59   259  2103
 3721    2103  2011   259   240
 3722    1657  1652  2390  1103
 3723     259  2103   474   761
 3724    2011   742   259   240
 3725     692   742   259  2011
 3726     240   742   259   215
 3727    1757  2326  2352   846
 3728      10   675   213   680
 3729    1680  1166  1190  2380
 3730     761   692    55   742
 3731    1514   728    55   761
 3732    1653    57    33  1108
 3733     502  2264  2144   875
 3734    2276  1844    16  1103
 3735     259   742   761   215
 3736     692   742   761   259
 3737     902   340  2032  1575
 3738    2419  1632  1821   997
 3739      10   212   213   675
 3740    2435   342   898  2475
 3741    1928  1757  2210   878
 3742     502    36  1142  2224
 3743    1840  1660  2379  1120
 3744    2082  1438  1090   507
 3745    1079  1049  2087  1080
 3746    2475  2486   901   887
 3747    1103  1844  2390  1657
 3748     882   840   828   876
 3749     330  1928   878  1757
 3750     870  2442  2032   260
 3751    1589  2354  1880  2486
 3752     330   887   844  1785
 3753    1627  1065  1077  2054
 3754    2461   870   902   322
 3755     330  1928  2354   878
 3756    1837  1652  1656    54
 3757    1106  1651  1665    57
 3758     841   531   344  1578
 3759     839  2034  1931   852
 3760    1931   870  2442  2461
 3761     845   857   883   874
 3762     845  1785  1927   857
 3763    2475   342  1932   901
 3764    1286  2316  1292  1275
 3765    1723   889   899   891
 3766     852  2034  2353   839
 3767     124  2435   356   898
 3768     874   845  2457   883
 3769    1430  1320  1262    75
 3770    2210   126   866  2166
 3771     900  1589   545  1568
 3772     260   340  2032   322
 3773     126   352   541   908
 3774    2208  2461   854   345
 3775     132   541  1926   126
 3776     908  1926   541   126
 3777     545   126   541  1455
 3778    2486   887  2475  2354
 3779    1589  2354  2475   887
 3780    2486  2354  2475  1589
 3781     260   322  2032   870
 3782     348  2168   328  2325
 3783     876   840   848   882
 3784    2208  1567   854  2461
 3785     889  1927  1938   883
 3786     219   692   259  2011
 3787     900  1199   545  1589
 3788     322   870   260  2442
 3789     401  1085  1636  2129
 3790     901  2475   903  1783
 3791    1221   347  1232  2283
 3792    2353   882  1937  1778
 3793    2129  1086  1636   401
 3794     874   883  2457  1938
 3795    1937  2168   328   877
 3796     828  2034  1793   839
 3797    1571  2456  1562   339
 3798     901   342   903  2475
 3799    1646  2240  1038   992
 3800     260  1575  2032   340
 3801     840  2034   828   839
 3802    1250   256  1271   347
 3803     903  2475   891  1783
 3804     902  1575   903   322
 3805    1575   902   903  1783
 3806    2236  1196  1874   508
 3807    1040   550  2449  1835
 3808    2208   852  2442   882
 3809    2442  1931   260   322
 3810     322  1931   260   852
 3811    2442   852   260  1931
 3812    2208   852   260  2442
 3813    1135  1654  1133  1140
 3814     386  1086   401  2480
 3815    1086  1037   401  2418
 3816    1931  2034  2442   852
 3817    1567   248  2442  2208
 3818    1567   870  2442   248
 3819    1793   876   850   867
 3820    2208  2461  2442  1567
 3821     870  1567  2442  2461
 3822     870  1931  2442   322
 3823    2084  1723   539  1879
 3824     894   340  1935   536
 3825     322   340   902  1575
 3826    1230  1225  1218  1213
 3827    2461  1567   902   870
 3828     902   870  1783  2032
 3829    1292  1294  1284  1275
 3830     260   891  1938   889
 3831    2442   891  2032   260
 3832    2032   260   891  1783
 3833    1935   340   899  1575
 3834    2032   260  1783  1575
 3835    2032  1575  1783   902
 3836     537   828  1793   122
 3837    2475   887   889   891
 3838     874   857  1938  1927
 3839     883  1927  1938   857
 3840     874   839  2353  2034
 3841     883   857  1938   874
 3842    1783  1575   891   903
 3843     883   887  1938   889
 3844    1723   889   880  1927
 3845    1630   388  2331   998
 3846     267   749  1107  1099
 3847     260   891  2457  1938
 3848    1938   852  2457   260
 3849     882   852  1778  2353
 3850    1778   882   848   840
 3851    1783  1575  2457   891
 3852     260  1783  2457   891
 3853     260   852  2457   340
 3854     260   340  2457  1575
 3855     260  1575  2457  1783
 3856     840  1778   828  2034
 3857    1937   248   869   867
 3858    1927   839  1992   857
 3859     874   857  1992   839
 3860     122   839   537  1992
 3861    1199  2166  2375   352
 3862    2353   874  1992   839
 3863    2457   874  1992  2353
 3864     122   839  1793   537
 3865    1141  1099  1648  2059
 3866     828   876  1793   345
 3867     248  1566   868   897
 3868     876   345   867  1793
 3869     135  1625  1012  2309
 3870    1625   135  1012   134
 3871     535  1452   850  1933
 3872    1133  1654  1955  1104
 3873    2311  1953  2178    61
 3874     848   876   850   877
 3875    2055   120  2377  1622
 3876    1793   867   850  1933
 3877     848   877   850  1937
 3878    1933  1937   850   877
 3879     893  2303  1577  1563
 3880    1937   882   848  1778
 3881     876   882   848  1937
 3882     867   248   854  2208
 3883    2208   248   854  1567
 3884    2435   342  1932   898
 3885    2183  1024  1824   400
 3886    1935  1938  1723  1927
 3887     876   882   867   345
 3888     828   839   876   840
 3889    1992   874   536   857
 3890    1992   857   536  1927
 3891    2457   874   536  1992
 3892    2457   340   536  1575
 3893    2410  1668  1136  2185
 3894     126  1926   132   908
 3895    1290   184  1312  1278
 3896     852   340   536  2457
 3897    1835  1725  2449  1040
 3898    2272  1828  1057  1027
 3899     880   845  1454  1927
 3900     545   543   541  1568
 3901     891  2475  2435   889
 3902    2353   839   536   852
 3903    1992   839   536  2353
 3904     386  1018   401  1037
 3905     386  2308  2180  1018
 3906    1992  2353   536  2457
 3907     852  2457   536  2353
 3908     867   248   869   854
 3909    2056  1627  1077  2179
 3910    1199  2486  1588  1587
 3911    2490   540   538   539
 3912     876   882   345   828
 3913    1232  1247  1271  1268
 3914     345  2461   854  1931
 3915    1933   877   850  1576
 3916    1933  1576   535  1452
 3917    2442  2208   345  2461
 3918    2442  2461   345  1931
 3919     882  2208   345  2442
 3920    1778  2442   345  1931
 3921     882  2442   345  1778
 3922     248  1567   869   854
 3923    1931  2034   345  1778
 3924     828  1778  1793  2034
 3925     882   828  1793   345
 3926     345  1778  1793   882
 3927     828   840  1793  1778
 3928     882   840  1793   828
 3929     882  1778  1793   840
 3930    1937  2208   867   882
 3931    1937   882   867   876
 3932     853  1565  1782  2036
 3933    1937   248   867  2208
 3934    1096  2264  2132  1101
 3935     882   345   854   867
 3936     882  2208   854   345
 3937     867  2208   854   882
 3938     322  1931   854  2461
 3939    1933   348  1452   861
 3940    1933  1576  1452   348
 3941     853  2303  1566   868
 3942     854   867  2325   869
 3943     861   860   859  1452
 3944    1782  2036  2114   837
 3945     877   348  2325  2168
 3946    1662   267  2059  1096
 3947    2325   867  1933   869
 3948    2208   248  2429  2168
 3949    2325   877  1933   348
 3950     869   867  1933  1937
 3951     867   876  1933  1937
 3952    2325   869  1933  2168
 3953    2325  2168  1933   877
 3954     869  1937  1933  2168
 3955     877  2168  1933  1937
 3956    1577   860   859   861
 3957     535  1576  1786  1452
 3958     861   348   843   893
 3959     843  2303   328   881
 3960     532  1777   533  2239
 3961    2114   893  1577  1563
 3962    2059   336  1961    33
 3963    2325   855   897  2429
 3964    1787  2456   269  1562
 3965     370   379   981  2043
 3966     731   254  1406  1529
 3967     868   855   328  2429
 3968    2272  1011  1057  1828
 3969    1651  2078  2497   336
 3970    1452   348   843   861
 3971    2325  2168   897   869
 3972    2429  2168   897  2325
 3973     843   893  2036   853
 3974    1101  1840    36  2274
 3975    1035  1829  2330  2311
 3976    1565   829   864   892
 3977    2429  2168   328  2303
 3978     853  1566   837  1782
 3979    1585   268   339  1571
 3980     325  1562   355  1787
 3981     893  1563   853  2303
 3982    2059  1099  1648    33
 3983     119  1565   864  2036
 3984    1560  1782   268  1585
 3985     861   348   893  1934
 3986     327    34   895   326
 3987     847   530   841   849
 3988     853  1563  1566  2303
 3989    2064  1139    31  1092
 3990     339  1562   835  1586
 3991    2325   869   897   855
 3992    1934   860   893   861
 3993     385   993  1060  1828
 3994     749   273  1092  1839
 3995     271  1105  1098  1667
 3996    2429   248   897  2168
 3997     868  2303   843   853
 3998     868   855   843  2303
 3999     853   855   843   868
 4000    1104  1135  2220    29
 4001    1104  1957  1098  1955
 4002     868   855  1566   853
 4003     897   855  1566   868
 4004     861  1786   859  1577
 4005     893  1563  2036   853
 4006    1562  2456   269   842
 4007     829   119   864   534
 4008     881  1563  1577  2303
 4009     881  2303   328  1563
 4010     853  1563   837  1566
 4011    2325  2168   328  2429
 4012    1586   842   269  2456
 4013     863   344   354   531
 4014    1566   868   837  1560
 4015    1092   271  1957  1114
 4016    2036   853   837  1782
 4017     534  1934   864   829
 4018    2456  1571  1562   827
 4019    1655  1117  1130   404
 4020    2497  1120  1110  1106
 4021    1782  1565   268  1585
 4022     675   678   715   213
 4023    1787   842   269   325
 4024    1562   842   269  1787
 4025     348   855   881  1452
 4026     678   680   675  1902
 4027    2059  2078  1961   336
 4028    1786   877   881  1576
 4029    1786  1576   881  1452
 4030    1452  1576   881   348
 4031     877   348   881  1576
 4032    1563  1585   871  2114
 4033    1577  1786   859  1777
 4034     843  1452   881   855
 4035    2064  1114  1140  1123
 4036    1452   861   881  1786
 4037     843   861   881  1452
 4038     267  1662  2274  1096
 4039     892  1562   355   325
 4040    1651    57  1106  2078
 4041     843   855   328  2303
 4042     881   855   328   843
 4043     881   348   328   855
 4044    2325   855   328   348
 4045    2114  1782   871  2036
 4046    1565  2036   871  1782
 4047    1565  1782   871  1585
 4048    1585  1782   871  1560
 4049     837  1782   871  2114
 4050     837  1560   871  1782
 4051    1585   837   871  2114
 4052    1585  1560   871   837
 4053    1934   893  1577  2114
 4054     893  1934  1577   860
 4055     881   861  1577  1786
 4056    2303   893  1577   843
 4057     843   861  1577   881
 4058     881  2303  1577   843
 4059     893   861  1577   843
 4060     893   860  1577   861
 4061     829   325   864   892
 4062    2078    57  2059  1662
 4063     267    57  1648  1099
 4064     355   847  2239   534
 4065      33  2078  2059   336
 4066    2059  1141  1961  2078
 4067     119   534   533   532
 4068    1585   871   827  1571
 4069    1571   268   827  1585
 4070     355   827  2239  1787
 4071     871  1585   827  1565
 4072    2036  1934  1777  2114
 4073     532   860  1777  1934
 4074     326  2167  1590   895
 4075    2239   534   533   119
 4076    1575   903   899   891
 4077      32   851  1570  1794
 4078     119   532   533  2239
 4079    1586  2167   835   268
 4080     535  1452   859   860
 4081     532   860   859  1777
 4082     827   871   119  2114
 4083    2036  2114   119   871
 4084    1777   860   859  1577
 4085    1565   871   119   827
 4086    1565  2036   119   871
 4087    1949   392  1642  1028
 4088     849  2456   269  1787
 4089     118  2456  1590   269
 4090    1787   325   269   849
 4091    1789  1779  1580   851
 4092     858  1582   488  2501
 4093     325   842   269   892
 4094     344    34   863   326
 4095    1562  1787   325   842
 4096    1578   841   354   344
 4097      69   486    71    35
 4098     863   531   354    34
 4099    1571   268   892   827
 4100    1571   842   892   268
 4101    1562  1571   892   827
 4102    1562   842   892  1571
 4103     325   842   892  1562
 4104     827  1585   892  1565
 4105     268  1585   892   827
 4106     268  1565   892  1585
 4107     883  1927   880   889
 4108    1934   861   534   860
 4109     355  1787  2239   847
 4110     532   864  1777   119
 4111     749  1107   350  1653
 4112    2055  1817  1622  2377
 4113    1134  1133  1663  1100
 4114     119  2114  1777  1577
 4115    1662  1096  2059  2274
 4116    2036  2114   864   119
 4117    1112   438  2065  1093
 4118     119   534   532   864
 4119    1564    70   830   831
 4120     534  1934   532   864
 4121     534   860   532  1934
 4122     119   532  2239  1777
 4123     861  1452   859  1786
 4124    2036  2114  1777   864
 4125     864  1934  1777  2036
 4126     532  1934  1777   864
 4127    2062   366  2061   338
 4128    1786  1452   859   535
 4129     119   829  2239   534
 4130     827   355  1562  1787
 4131     829   827  2239   892
 4132     829   355  2239   534
 4133     827  2239  1787   119
 4134     829   827   119  2239
 4135     829   892  2239   355
 4136    1656   875   501  2488
 4137    1662    57  2059   267
 4138      33    57  2078  1108
 4139     272   267  1096  1101
 4140     935  1601   972  1603
 4141    1141  1099   350  1648
 4142    2497  1653  1961   336
 4143    1141  1099  2059  1107
 4144     267  1662  1651  1840
 4145     508  2278  1874  2236
 4146    2062  1667  1841  2061
 4147    1837   359  2488  2063
 4148    1586  1562   835   842
 4149    1096   272  2274   267
 4150    1840  1662  2274   267
 4151    1840   272  2274  1101
 4152     354   863  1985  2033
 4153    2497  1109  1961  1653
 4154      54  1656  2421  1652
 4155    1839  1107   749  1653
 4156    1662    57  1651  2078
 4157    1108  1653  2497    33
 4158    1031  1017  1036  2054
 4159    1098  1133  1663  1955
 4160    2059   267  1648  1096
 4161      54  1110  1837  1660
 4162    2497  2078  1106   336
 4163    2081   471  2293   474
 4164     118    34   895   327
 4165    1653    33  1961   336
 4166      33    57  2059  2078
 4167    2034   877   840   848
 4168     350  1839  1139   749
 4169     749  1839  1139   273
 4170    1141  1653   350  1107
 4171    1141  1107   350  1099
 4172    1779   488  1570   487
 4173    1133  1123  1955  1957
 4174    2059    57  1648   267
 4175      33  1099  1648    57
 4176    1123  1140   337  1100
 4177    1653  1107  1961    33
 4178    1141  1107  1961  1653
 4179    2059    33  1961  1107
 4180    2059  1107  1961  1141
 4181    1653  1839   350   749
 4182    1141  1839   350  1653
 4183    1578   531   344  1590
 4184    2059  1141   350  1648
 4185     336  1109  1960  1961
 4186    1092  2064  2060    31
 4187     257    60  2293   473
 4188    1104  1114  2060  1957
 4189    1092  1957  2060  1114
 4190    2279  1654  1960   455
 4191    1114  2064  1138  1123
 4192    1114  1957  1138   271
 4193     530   531   118  1787
 4194     841    73  1985   354
 4195      31  1654   455  1135
 4196    2456  2167   269  1586
 4197     271  1105  1667  1129
 4198    1133  1957  1098  1100
 4199    1098  1667   337  1100
 4200    1098  1955  1663    49
 4201    1102  1129  2061  2062
 4202     118    34  1572   531
 4203      73   849   841   530
 4204    1789    72  1580  1788
 4205    1098    29  2060  1104
 4206    1117  1118   366  1956
 4207    1961  1653   455  1141
 4208    1139   350   455  1839
 4209    1141   350   455  1139
 4210    1141  1839   455   350
 4211    1653  1839   455  1141
 4212    2497  1109  1960   336
 4213      31  2064  2060  1104
 4214     271  1957  1098  1105
 4215    2220  1654  2279    29
 4216    2064  1114  2060  1140
 4217    1138  1957  1104  1123
 4218    1138  1123  1104  1140
 4219    1138  1114  1104  1957
 4220    1140  1114  1104  1138
 4221    1140  1654  1104  1135
 4222    2060  2279  1092    29
 4223    1104  1140  2060  1114
 4224      29  1135  2220  1654
 4225    1109  1108  2279  1653
 4226      31  1140  1104  1135
 4227      31  2064  1104  1140
 4228    1653  1839  2279   455
 4229    1140  1133  1955  1104
 4230    1140  1123  1955  1133
 4231    1104  1123  1955  1140
 4232     455  1653  1960  2279
 4233    1955  1957  1098  1133
 4234     215    59  2293   474
 4235    1130  1956  1122   335
 4236     338   366  2061  1658
 4237    1956  1118   366  1649
 4238    2279  1109  1960  1654
 4239     715   732  1517   213
 4240    2279  1653  1960  1109
 4241      31  1139    29  1092
 4242      69    35   830  2115
 4243    1653  2060  2279  1839
 4244    1135    31    29  1104
 4245    1135  1654    29    31
 4246      29  1139  2279  1092
 4247      29    31  2279  1139
 4248     455  1139  2279    31
 4249      29  1654  2279    31
 4250     455    31  2279  1654
 4251    1092   273  2279  1839
 4252    1139   273  2279  1092
 4253    1139  1839  2279   273
 4254    1961  1653  1960   455
 4255    1961  1109  1960  1653
 4256      49  1105  1663  1098
 4257    1650  2275   404    44
 4258    1117   335   404  1956
 4259    1956  1650   404  1117
 4260    2222  1666  1657  1121
 4261     473   472  2293    56
 4262     215    60  2293    59
 4263    1655   366  1122  1130
 4264     836    30    32   327
 4265    1108  1109  1106  1653
 4266    1651  2497  1106  1120
 4267     476   477  2293    59
 4268    1134  1105  1663    49
 4269    1649  1956  1122   366
 4270     383  1001   384  1816
 4271    1924  1532  1546   194
 4272     930   980     0   979
 4273    2190   411  1191  1192
 4274    1603  2120   935  1601
 4275    2380  1169   303  1170
 4276    1102  2223  1658    49
 4277    2035  2115   830    35
 4278    1930   836  1559    32
 4279    1658   366  2061  1118
 4280    1122   366   338  2223
 4281    1098  1100   337  1134
 4282      49  1649  1658  1102
 4283    1122   366  1658   335
 4284    1118  1102  1658  1649
 4285    2117   369  2485  1596
 4286    2117   934  1601   918
 4287    2014   212    10   675
 4288    1130  1118  2061   366
 4289     888  2115  2035    35
 4290     834  2167   895   118
 4291    2459   746   711    47
 4292    1658  2223   338   366
 4293    1667  1129  1841   271
 4294      49  2223   338  1102
 4295     834  2167  1586   895
 4296    1102  1129  1841  2061
 4297     338    49  2062  2223
 4298     338  2223  2062  1134
 4299    1134  1105  2062  1129
 4300      49  1105  2062  1134
 4301      49  1129  2062  1105
 4302      49  1102  2062  1129
 4303    1663  2223  2062    49
 4304    1134  2223  2062  1663
 4305    1663    49  2062  1134
 4306    2062    49  2061  1102
 4307     338    49  2061  2062
 4308     338  1102  2061    49
 4309    1658  1118  2061  1102
 4310      34   118   834   327
 4311    1841  1667   337  1105
 4312    1841  1129   337  2062
 4313     338  2223  2061  1102
 4314    1658  2223  2061   338
 4315    1658  1102  2061  2223
 4316    1667  1105  1841  1129
 4317    2175  1817  1030  1003
 4318    1098  1134   337  1663
 4319    1841  1105   337  1129
 4320    1134  1129   337  1105
 4321    1134  1105   337  1663
 4322    1098  1105   337  1667
 4323    1663  1105   337  1098
 4324     118   327   895   834
 4325    1140  1139    31  2064
 4326     326    34  1794    30
 4327      73   531   354   841
 4328     269  2456  1590  2167
 4329     849   325   269  1578
 4330     858  1559   488  2263
 4331     831  1564   485  2209
 4332      30    34   834   327
 4333    2456  1571   834   339
 4334     836  2033  1789  1572
 4335     332  2113  1404  2265
 4336      72   488  1580  1788
 4337    1018  1037   386  2308
 4338     895   339  1586   834
 4339     354   531  1572    34
 4340    1572  2033  1985   863
 4341    2263   487   886  1930
 4342     863   326  1789   344
 4343     888  2501   886  2263
 4344     858    72  1788   488
 4345    1578   849   841   269
 4346     268   339   835  1586
 4347      34  2456   834   118
 4348     834   339  1586  2456
 4349     834  2456  1586  2167
 4350    1562   842  1586  2456
 4351     118  2456   269   849
 4352    1562  2456  1586   339
 4353    1585   268  1586   339
 4354    1586  1560   268  1585
 4355    1571   268   835   842
 4356     339   268   835  1571
 4357     892  1565   835   842
 4358     268  1565   835   892
 4359     892   842   835   268
 4360     530   118    73   849
 4361    1562  1571   835   842
 4362     339  1571   835  1562
 4363    1782  1565   835   268
 4364     485  2404  2301  2209
 4365     847   325   849   355
 4366     325   847   849  1787
 4367     530  1787   849   847
 4368    1779   488  1580  1559
 4369    2456   530   849   118
 4370     530  2456   849  1787
 4371    2263  1930   886  1790
 4372     530   531    73   118
 4373     849   118    73   269
 4374      30   326   836  1794
 4375    1781  1583   243  2041
 4376      73   531   841  1578
 4377    1985   354  2302   841
 4378    2033  1578   354   863
 4379     344   531   863    34
 4380    1586  2167   269   835
 4381     835   842   269  1586
 4382     269  1578  1590    73
 4383      73   118  1590   269
 4384    2301   831   832   332
 4385    1593   922  2485   369
 4386    2014   732   715  1900
 4387     834  2167  1590  2456
 4388     118  2167  1590   834
 4389     834  2456  1590   118
 4390      73   531  1590   118
 4391    1578   531  1590    73
 4392     895  2167  1590   118
 4393     895   326   344  1590
 4394     895   531   344    34
 4395     895    34   344   326
 4396     118   895   344  1590
 4397     118   531   344   895
 4398    1590   531   344   118
 4399    1025  2312   391   576
 4400    2039  2040  2169   320
 4401     485  1564    71  2209
 4402    1578   344   354   863
 4403     858  2263    72  1559
 4404    1597  1803   942   915
 4405    2301  2209   832   831
 4406    2115  1582   331  2351
 4407    1578   849   354   841
 4408    1582  2115   331  2263
 4409    1985   841  2302    73
 4410    1749  1750  2014   212
 4411     326   327   836   895
 4412      71    70   830   485
 4413    2033   863  1789    72
 4414     851  1794    32   836
 4415     831  2115   830   888
 4416    2301   485  2265  2404
 4417      69  2351  2501   486
 4418    2033  1582    72   858
 4419     327   326   836    30
 4420     331  2351   324    69
 4421     504  1958  1436  1095
 4422    2196  1112  1664  1844
 4423    2039   885   243   320
 4424    2263  2501   886   487
 4425    2501  2351   858  1582
 4426    1404   332   832   831
 4427     485  2209  2301   831
 4428     485  1564   830    71
 4429     851  1794  1572    34
 4430     354    34  1572   863
 4431    1580  1559  1570  1779
 4432    1779   851  1570    32
 4433     858  1582    72  2263
 4434     863    34  1572   326
 4435    1794   326  1572    34
 4436    1569  2404   832  2265
 4437    2039   323  2169  2452
 4438      71    35   830    69
 4439     858  2033  2302    72
 4440     922  1596  2485   369
 4441     715  2014  1517   732
 4442     487  2263   488  1559
 4443    2035   888  1791   830
 4444    1930  1790   865   886
 4445     836  1559    32  1580
 4446    1779   851    32  1580
 4447    1788  1779  1580  1789
 4448     485    70   830  1564
 4449    2211   323  2039  2452
 4450    1985  2033  2302   354
 4451    1779  1788  1580   488
 4452     830  1564  1791  2035
 4453    1570  1790   865  1930
 4454    1572   863  1985   354
 4455    1572   354  1985   531
 4456     836   863  1789  2033
 4457     888   486   886  2501
 4458    2302  2033  1789    72
 4459     858   354  2302  2033
 4460      73   531  1985   354
 4461    2035    35   830    71
 4462      32  1930  1570  1559
 4463    2452   323   334  2211
 4464    2301   332   832  1404
 4465    1943   970  1810    18
 4466     715   213  1517   212
 4467    1853  2430  1162  1153
 4468     836   326  1789   863
 4469     836   326  1580  1789
 4470     833   323   885   334
 4471     324    70   830    69
 4472    2265  2301   832  1404
 4473     851  1794   836  1572
 4474    1572  1794   836   326
 4475    1572   326   836   863
 4476    1572   863   836  2033
 4477      72  2263  1580  1559
 4478    1788  1779  1789  2302
 4479    2302    72  1789  1788
 4480     836  1572  1789   851
 4481    1985  2033  1789  2302
 4482    1985  1572  1789  2033
 4483    1779   851  1789  1572
 4484    1779  1985  1789  2302
 4485    1779  1572  1789  1985
 4486    1570  1930   865   487
 4487    1790    35   865   886
 4488    1569  1781  2355  2265
 4489    1559  2263   888  1930
 4490     485    69    71    70
 4491    2097  1480  2249   156
 4492    1065  1627  1077  2056
 4493    2452   323   833   334
 4494    1569  1781   832  2209
 4495     831    70   830   324
 4496     623  2199   161  2344
 4497      35   486   888  2115
 4498    1404  1781   832  1569
 4499     323   885  1561  2039
 4500    1583  1574  2041  1780
 4501      69   331   830   324
 4502      71  1564  2035  2209
 4503     331    69   830  2115
 4504    1780  1574   321   243
 4505     506    89  1115   504
 4506    1779   851   865  1570
 4507     886   487   865  1930
 4508    1559   488  1570  1779
 4509    1790  1930  1791  2263
 4510      71  1564   830  2035
 4511     487  2501   886   486
 4512    1790    35   886   486
 4513    2501  2351   888   486
 4514    2115  2351   888  1582
 4515    1582  2263   888  2115
 4516      69  2351   888  2115
 4517     486  2351   888    69
 4518      69  2115   888   486
 4519    1582  2351   888  2501
 4520    2501  2263   888  1582
 4521      71  2209  2035  2404
 4522      71  2404  2035    35
 4523      32  1559  1570  1580
 4524    1574  1583  1561  1780
 4525    1930   487  1570  1559
 4526      70    69  2301   485
 4527    2265  1404   832  1569
 4528    1570   487   865  1779
 4529    1580  1779  1570    32
 4530    1574  2355  2041  1780
 4531    1583  1574  1561   243
 4532    1094  1127  1873  1659
 4533     885   833  2039   323
 4534    2065  1664  2196  1112
 4535    2209  1781  2041  1569
 4536    1559   487  1570   488
 4537    1790   486  1791    35
 4538     888    35  1791   486
 4539     886  1790  1791  2263
 4540     886  2263  1791   888
 4541     886   888  1791   486
 4542     886   486  1791  1790
 4543    1570  1930  1791  1790
 4544    2187  2186    53  2185
 4545     333  1780   321   243
 4546     884  2265  1780  2355
 4547    1030  1819  1830  1036
 4548     378  1798  1597  1941
 4549     385  1829  2330  1035
 4550    1805   978  1605  1592
 4551    2040   320   321  2169
 4552     336  2078  1106  1108
 4553    1112  1095  2065  1666
 4554     324   831   332   331
 4555    1659  1094  1436  1873
 4556     324   331   332  2113
 4557     833   885  2039   320
 4558     243  2040   321   333
 4559    2265  2404  2355  1569
 4560    1781  1404  1583  2113
 4561    2113   333  1561  1583
 4562     332   331  1404  2113
 4563     833   334  2169  2452
 4564     332   831  1404   331
 4565    2452  2040  2169  2039
 4566      59    60  2293  2099
 4567    1583   884  2041  1781
 4568     831  2115  1404   331
 4569    2355  1574   321  1780
 4570    2218   383  1077  2174
 4571    1669  1856  1847  1156
 4572     884   333   332  2113
 4573     831    70  2301   485
 4574     885  1583  1561   243
 4575     333  2040   321  1780
 4576     336  1108  1106  2497
 4577     884  2265  2355  1781
 4578    1780  1583  1561   333
 4579    1749  1900  2014  1750
 4580    1404  2113  1561  1583
 4581     323  2039  1561   333
 4582    2301   831   332    70
 4583     324    70   332   831
 4584    1404  1781  1583   832
 4585    1583  1574   243  2041
 4586    1780   884  2041  1583
 4587    1438  1095  1873  2065
 4588     663  2344   161  2199
 4589    2369   473  2293  2099
 4590    1058  1020  2328  2086
 4591    1651  2078  1106  2497
 4592     332  2113  2265   884
 4593     332   884  2265  2301
 4594    1110  1120  2379  1660
 4595     243  2039  1561   885
 4596     243  1780  1561   333
 4597    1094  1127  2065  1873
 4598    2355  1781  2041   884
 4599    1780  2355  2041   884
 4600    2265  1404  1569  1781
 4601    2301  2404   832  2209
 4602    2265  2404   832  2301
 4603    2089  2344  1897  2247
 4604    2113  2265  1781  1404
 4605    2113   884  1781  2265
 4606    1569  2209   832  2404
 4607    1574   320   321   243
 4608    2222  1666  2065  1873
 4609    2041  1574   243   320
 4610    2063   272  1837  1101
 4611     333  2040  1780  2039
 4612     885   833   243   320
 4613    1108  1653  1106  2497
 4614    1781  2113  1583   884
 4615     333   884  1583  2113
 4616     243   320   321  2040
 4617    2039   884  1780   333
 4618    1574  1780  1561   243
 4619    1569  1781  2041  2355
 4620    1569  2355  2041  1574
 4621    1583   333  1780   884
 4622     368   915  1943   970
 4623    1017  2175  1003  1817
 4624    1085  2181   133  1012
 4625     193  2271  2332  1005
 4626    1037  1952   346  1087
 4627     663  1733   161   637
 4628    1012  2181   133  2309
 4629    1624   554  1056   553
 4630    2039   320   243  2040
 4631    2497   336  1120  1651
 4632     243   333  1561  2040
 4633    2039  2040  1561   333
 4634     243  2040  1561  2039
 4635    1243  1986  2139  1430
 4636    1101   456    36  1840
 4637    1231  1446  1210  2038
 4638    1120  2224  2219  1110
 4639    1651   456  1120  1840
 4640    2276  1652  2421  1124
 4641    2379  1660  1837  1110
 4642     120  1030  1068  1830
 4643    2055  1627  1003  2054
 4644    2378  1003  1627  2054
 4645    2185  1097  1874  1196
 4646    1668  2185  1874  2236
 4647    1843  1093    90  2441
 4648    2441  1093  1136  1843
 4649     387  1644  1858  2073
 4650    1095  1958  2221   504
 4651     505  1095  1436   503
 4652    1969  2430  2314  1675
 4653    1450   524   115   525
 4654    1848  1856  1165   410
 4655      53  1838  1136  2185
 4656    1874   509  1718  1440
 4657     525  2232   526   419
 4658    1046  2131  1083  2438
 4659    1874  1717  1718  2278
 4660    1874  2278  1718  2236
 4661    1874  2236  1718   509
 4662    1168  1677   108  1172
 4663    1855  1170  1190  1846
 4664    1847   410    92  1165
 4665     934   929   918  1941
 4666    2185  1097  1128  1136
 4667    1661  2277  1090  1113
 4668    1874   508    94    93
 4669    1439  1874  2277    94
 4670    1842  1097  1128   507
 4671     410  1156  1847  1856
 4672     136  1456  2448  2240
 4673    1874   509  2410  2236
 4674    1874  2236  2410  1668
 4675    1874  1097  2410   509
 4676     508  1116  2277    94
 4677    1440  1874  1091  1439
 4678    1469   606   642  1486
 4679    1131  2187  1136  1668
 4680    1136  1097  1128  2410
 4681    2441  1131  2187  1136
 4682    1039  1054  2214  2184
 4683     114  2464   419   116
 4684    1112  1666  2196  1095
 4685    1438  1842  1843   507
 4686    2185  2186    53  1838
 4687    1798   934   918  1941
 4688     581  2450  2215  1070
 4689     438  2222  2065  1093
 4690    1094  1093  2065  1127
 4691    1136  1842  1128  2441
 4692    2441   406  1128  1838
 4693    1692  1970  1167  1672
 4694     918  2120  1601  2117
 4695    2187  2185  1136  1668
 4696     472  2292   694  1760
 4697    1125  1095  2196    89
 4698    1438  2082  2462  1437
 4699    1136  1838  1128  2185
 4700    1843  1842  2441   507
 4701    1439   507  1091  2082
 4702    1439  1874  1091   509
 4703     470   753   471    52
 4704    1125  2196  2391   506
 4705    1113  1874  2277   509
 4706     470    56  2293   472
 4707    2410  1842  1128  1136
 4708    1128    90  1127  1097
 4709    2485   922   961  2120
 4710    1652  1656  2421  1124
 4711     507  1842  1113  1091
 4712     507  1097  1113  1842
 4713    1091   509  1113  1439
 4714     509  1097  1113  1874
 4715    1842   509  1113  1091
 4716    2410  1097  1113   509
 4717    1842  1097  1113  2410
 4718    2410   509  1113  1842
 4719     471    51  2293   470
 4720    2441    53  1137  1838
 4721    1128  1097  1127  1113
 4722    2379  1110  1837  1120
 4723      89  1095  1115   504
 4724     875  1115  1111  2391
 4725     748   470   471   473
 4726    2352  2326   879  1792
 4727     406    90  1128  2222
 4728    2441  2222  1137  1093
 4729    1120  1124  2219  2224
 4730    2390  1121    16  1137
 4731      90  1657  2222  1666
 4732    1127  1438  1094  1843
 4733    2222  2441    90  1093
 4734    2276  1664  2219  1844
 4735    1651  1840  1665   272
 4736     410  1188  1248   421
 4737    1127  1661  1659  1094
 4738    1127  1958  1659  1661
 4739    1120  1660  1665  1840
 4740    1128   507  1127  1843
 4741    1128  1843  1127    90
 4742      88  1070  1634   400
 4743     507  1438  1127  1843
 4744    1661  1438  1127   507
 4745    2489   124   539  1453
 4746    1213  1225  1218   263
 4747    2462  1438  1090  2082
 4748    1843  1093  1127    90
 4749    1094  1661  1659  2462
 4750    2037   360  2388   872
 4751    1661  1438  1090  2462
 4752    2462  2082  1090  1439
 4753    1127  1666  1659  1958
 4754    1111   501  2144   875
 4755    2390   438    16  1121
 4756     502  2264  1142  2144
 4757     846   878  2210  1757
 4758    1210  1446  1209  2072
 4759    1113  1439  1090   507
 4760    2082   507  1090  1439
 4761    1661  1113  1090  1127
 4762    1127   507  1090  1661
 4763    1128   507  1090  1127
 4764    1128  1113  1090   507
 4765    1127  1113  1090  1128
 4766    2222  1666  1873    90
 4767    1127  1666  1873  1659
 4768    1127    90  1873  1666
 4769    2391  1115  1111   506
 4770     504  1095  1436   505
 4771    1432  1320  1430  2362
 4772     150  1887   128  1042
 4773      54  1660  2421  1110
 4774    1664  1112  2219  1844
 4775    1110  2224  2219    54
 4776    1873  1666  2065  1095
 4777    2054  2218  1077  1627
 4778    2196  1115  2221  1657
 4779    1112  1095  2196  2065
 4780     998   148  2376  1067
 4781      90  2222  2065  1873
 4782      90  1093  2065  2222
 4783    1127    90  2065  1873
 4784    1127  1093  2065    90
 4785    1121  2222  2065   438
 4786    1121  1666  2065  2222
 4787    1121   438  2065  1112
 4788    1112  1666  2065  1121
 4789     502  2224  1142  1124
 4790    1652  1664  1103  2488
 4791    1664  1652  1103  2276
 4792    2488  1664  1103  1657
 4793    2391  1125  1111  2488
 4794     506  1125  1111  2391
 4795     875  2488  1111   501
 4796     875   501  2144  1959
 4797    1056   554  2328  2086
 4798    1795   541  1568   900
 4799      89  1095   504   505
 4800      89   505   504   506
 4801    1873  1095  1436  1958
 4802     503  1095  1436  1873
 4803    1831  1055  2183  1010
 4804     349  1792   879   872
 4805    1436   505    87   504
 4806    1111   506  2144   501
 4807     400  2438  1634  1059
 4808    1657  1115  2221  2391
 4809    1266  1265   904  1252
 4810    1657  1666  2221  2196
 4811    1873   503    87  1436
 4812    2196    89  1115   506
 4813    1115  1095  2221   504
 4814    1435   126   544   545
 4815      88   996  1634  1039
 4816    1659   504  1958  1436
 4817    2196  1095  1115    89
 4818    1195   349   879  1581
 4819    1115  2196  2391  1657
 4820    1101   456  1837  2063
 4821     506   501  1111  1125
 4822    2352  2326  2037   846
 4823    1959  1656   359   875
 4824     872  1792   879  2326
 4825    1121  1666  1657  1112
 4826     542   131  1062  1640
 4827    1125  1664  2488  1657
 4828     909  1629  2127  2273
 4829    2414   548  1993   129
 4830    1112  1666  1657  2196
 4831    2196  1844  1657  1112
 4832    1657  1666  2488  2391
 4833    1656  1664  2488   501
 4834     504   506  1111  1115
 4835    1120   456  2379  1840
 4836    1110  1651  1665  1106
 4837    1664  2196  1657  1125
 4838    1664  1844  1657  2196
 4839    1840  1651  1665  1120
 4840    2309  1018  2308  1625
 4841    1959  1664  1656   501
 4842    2276  1124  2219  1664
 4843    1959  2224   502  1124
 4844     619   656  1888   155
 4845    1640  2215  1062  2450
 4846     875  2264   359   502
 4847    2488  2391   359   875
 4848    2311  1629  2273   121
 4849    1625  1037  1012  2126
 4850      54  1660  1837  2379
 4851    1959   875   359   502
 4852    1142   502   359  2264
 4853    1124   502   359  1142
 4854    1110  1660  1665  1120
 4855    1651   272  1665    57
 4856      54  2224  1837  1110
 4857     502  1124   359  1959
 4858    1629  1064  2273   909
 4859    1792   360  2037   872
 4860     872  2326  2037  1792
 4861     890   360  2037  2352
 4862    1792  2326  2037  2352
 4863    2352   360  2037  1792
 4864    1584   872   879  1579
 4865     349   872   879  1584
 4866    1929  1584   879  1579
 4867     753   470   471    55
 4868    1581   349  2116   353
 4869     879   872  2116  1579
 4870    1581   872  2116   879
 4871     879   349  2116  1581
 4872     879  1929  2116  1584
 4873     349  1584  2116  1929
 4874     879  1584  2116   349
 4875      55   470   471   759
 4876     748   759   471   470
 4877      55   759   471   748
 4878    2379  1840  1665  1660
 4879    1657  1844  2390  1112
 4880     522   109  1682  1679
 4881      55  2103   761   474
 4882    2379    57  1665   272
 4883    1142  2132  2063  2224
 4884     359  1101  2063  2264
 4885    2132  2264  2063  1101
 4886    2132    36  2063  2224
 4887    1101    36  2063  2132
 4888    1106    57  1665  1108
 4889    2276  1110  2219  2421
 4890    1101   456  2063    36
 4891    1142  2264  2063  2132
 4892     359  2264  2063  1142
 4893    1959  1664  1652  1656
 4894    1652    54  1103  2421
 4895     875  1656   359  2488
 4896     355   827  1562   892
 4897     970   953  1810    18
 4898    1137  1093  1119  2441
 4899    2063  2224    54  1142
 4900    1142   359    54  2063
 4901    1142  1124    54   359
 4902      55  2478   753  1514
 4903    2224  1120  1837  1110
 4904    2379  1120  1837   456
 4905    1840   272  1837  2379
 4906    2379   456  1837  1840
 4907    1101   272  1837  1840
 4908    1840   456  1837  1101
 4909    1120  2224  1837   456
 4910      36  2224  1837  2063
 4911      36   456  1837  2224
 4912    2063   456  1837    36
 4913    1959  1124  1652  1664
 4914    1656  1124  1652  1959
 4915    2222  1121  1119   438
 4916    1656  1664  1652  2488
 4917    2488  1657  1652  1656
 4918     944  1598   924   928
 4919     438  1121  2390  1112
 4920    2222  1093  1119  1137
 4921    1652  1124  2276  1664
 4922      16   438  1119  1121
 4923    1110    54  2219  2421
 4924    1142  1124  2219    54
 4925    1142  2224  2219  1124
 4926      54  2224  2219  1142
 4927    2421  1656  2219  1124
 4928      54  1656  2219  2421
 4929      54  1124  2219  1656
 4930    1664  1844  1103  1657
 4931    2276  1844  1103  1664
 4932    1652  1121  1657  2390
 4933     693   753  2478    52
 4934     438  1093  1119  2222
 4935    1137  2441  1119    53
 4936     680  2155   678  1901
 4937     257  2369  2293    60
 4938     473  2369  2293   257
 4939     748   215  2293    55
 4940     748    60  2293   215
 4941     471   748  2293    55
 4942    1650  2275   403   404
 4943     918   929  1601  1603
 4944    1902  2014    10   675
 4945    2275  1650   403    44
 4946    2275   335   403   404
 4947    1596  1593   369   922
 4948    1603   929   961   918
 4949    2014  1900   715   212
 4950    1178  1672  1163   413
 4951     934  1798   373  1941
 4952     373   378  1612   935
 4953     918   934  1601   929
 4954    1856  1685   414  2068
 4955     417   409  1189  2339
 4956     918   929   961  1941
 4957       6   427   916   957
 4958    2117  1596  2485  2120
 4959     922  2120  2485  1596
 4960    2485  2117   961   918
 4961    2485  2120   961  2117
 4962     918  2117   961  2120
 4963     918  2120   961  1603
 4964     925   979  2460   926
 4965    1941   929  1803   378
 4966     377  2380  1190  1170
 4967    1798   378  1803   373
 4968     378  1941  1597  1803
 4969      96   103  2191  2189
 4970     762   162   280  2261
 4971    1803  1798  1597   378
 4972    1941   929   935  1601
 4973    2260   162   280   166
 4974     378  1941   935   373
 4975     934  1601   935   373
 4976     934  1941   935  1601
 4977     373  1941   935   934
 4978    2427  2290  2367   648
 4979    1498  2416   646  2091
 4980     935  1601  1612   373
 4981    1803   378  1612   373
 4982    1620  2492  1184  1853
 4983     972   935   953   378
 4984     375  1597  2499  1798
 4985     946   932  1808   960
 4986       0   979   971   930
 4987     375   977  2499  1612
 4988     373  1803  1597  1612
 4989     373  1798  1597  1803
 4990    1612  1798  1597   373
 4991     935  1941   972   929
 4992     378  1941   972   935
 4993     378   929   972  1941
 4994    1615  2172  2121  2171
 4995     433   431  1408   432
 4996     795  2206  1764  1772
 4997     989  2118   979   926
 4998     985  2045   949  1807
 4999    2396  2172  2048  2050
 5000    1612   378   953   935
 5001    1803   378   953  1612
 5002    1803   915   953   378
 5003     800   291   778  2472
 5004    1803  1612   953  1597
 5005    1597   915   953  1803
 5006     928   913   971  1598
 5007    1948  2307  1944   949
 5008     953  1612   970   977
 5009     942   977   970  1606
 5010      25   413  1964  1144
 5011    1618   928   924  1805
 5012    1615  2118   931   980
 5013    1615   926   423  2118
 5014     970  1606  1943   368
 5015     166   162   789  2260
 5016    2052   987   960   755
 5017    2121  2171   945   423
 5018     301   989  1614   925
 5019    2050  1595   425  2266
 5020     368  1606   911   942
 5021     979   989  2171  1615
 5022    1608   913  2460  1618
 5023    1736   622   652  1889
 5024     174   162   769   166
 5025    1613   943   956   424
 5026    2121  2171   931  1615
 5027    1598   913   930   980
 5028     768  1551   800   813
 5029    1943   944   930  1598
 5030     911  1943   930  1598
 5031     154   614   634  1493
 5032    1805   913  1608   928
 5033     930  1598   971   913
 5034     979   930  1615   971
 5035    1612   977  2499   373
 5036      23   793  1980   447
 5037    2207   298   763   670
 5038    1800  1594  1799  1602
 5039    2172  2171  2048     2
 5040    1948  1807   949   950
 5041    1809  2443     7   297
 5042    2172  1595  2050  2121
 5043    2396  2050  2048   986
 5044    1531     3   424  1613
 5045    2396  2050  2266  1531
 5046     950  2045   949   228
 5047     986  1607  2048     2
 5048     971   913  1614     0
 5049     956  1804  2270  1944
 5050     949   950  1944  1948
 5051    1595  1869   931  2121
 5052    1538  1764   445   446
 5053    2106   444    21  1551
 5054    2121  1869   931   423
 5055    2121  1615   931   980
 5056     423  2118   931  1615
 5057    1944  1613  1531   943
 5058     423  1869   945  2121
 5059    2207   291   763   298
 5060    1531   958   264   943
 5061    2121  2172     2  2171
 5062    1944     6   956   916
 5063     301  1799  2119   925
 5064     921  1940  1800   951
 5065     424     6   956  1613
 5066       2  2121  1594  2046
 5067    1800  1607  1594     2
 5068    2092   180   613   628
 5069     447  1776  1980  2111
 5070     793  1925  1980  2111
 5071    1531   943   264  2396
 5072    2307  1948  2052   950
 5073    1940  1553   951  1544
 5074    2048  1595   425  2050
 5075    2396  2050  1531   943
 5076     943  2307  1531  1944
 5077    2307  1944   916   914
 5078    2050  2172  2048  1595
 5079     919  1595  2048  2172
 5080    1414  1416   445   446
 5081    1553   958  1544   927
 5082      68   607   484  1890
 5083    2470   319  2443  2267
 5084     949  1617  1944   985
 5085     949  1804  1944  1617
 5086    2123  2045   306   950
 5087    1179   312  1184  2492
 5088    1808   960  2123   955
 5089    1944   943   958   985
 5090    2133   312  1682  2492
 5091    2052  2012   960   228
 5092    2306  1607   921  2048
 5093    1809   932  2123  1808
 5094     957   914   916     6
 5095    1940  2306   951   921
 5096    1772   795  1414  1764
 5097    1944  2307   916   949
 5098     946   960  1808   955
 5099     958  1944   264   943
 5100    1544   986  1940  2396
 5101    1531  1613  2266     3
 5102    2470   316  2443   319
 5103    1944  1613   956     6
 5104     932  1942   306  2123
 5105     425     3  1978  2266
 5106       6   914   426   427
 5107     916   957   956  1804
 5108     986  1607   425  2050
 5109    2052   755   960  2012
 5110     430  1979     7  1809
 5111     432  1591  1408   433
 5112    2048   919   425  1595
 5113    2050  1607   425  2048
 5114    1809  1979  1811  2267
 5115     957   427   916     1
 5116    1807  1804   311   957
 5117     943   958   424  1531
 5118    1531  1613   424   943
 5119    2012  2170   960   228
 5120     987  1979  1809   319
 5121     375  1606   376   977
 5122       5  2307   957   914
 5123    1978  2266   264  2396
 5124    1531  2396   264  2266
 5125    1978  1531   264     3
 5126    2266     3   264  1531
 5127    1978     3   264  2266
 5128    1808  1942  2123   960
 5129     991  1611  1811     7
 5130     960   428   946   987
 5131     987   428   946  1979
 5132     950  2012  2052   228
 5133     987  1979   960   428
 5134     950   228  2052  2045
 5135    1809   297     7    12
 5136    1944  1617  2270   985
 5137    2269   431   954     9
 5138       1   914   957   427
 5139       5   987   960  2052
 5140    2052   955   960     5
 5141    2269  1611   954   431
 5142     264  1531   927   958
 5143     427   914   957     6
 5144     279  1699   104  1852
 5145    2170  2045  1942   228
 5146     960  2170  1942   228
 5147     960   228  1942  2052
 5148     960  2012   932  2170
 5149     755  2012   932   960
 5150     319  1947   932   755
 5151     319  2170   932  1947
 5152    1947  2012   932   755
 5153    1947  2170   932  2012
 5154     927     6   956   424
 5155    1809  1979   946   430
 5156     991  1611     7   297
 5157     954    12     7  1611
 5158     109  1679  1175  2319
 5159     932   755   946  1809
 5160    1808   955  2123     1
 5161     932  1942  1808   960
 5162    1809   755   946   987
 5163     430   428   946   429
 5164     319   755  1809   987
 5165     932   755  1809   319
 5166     932  1942  2123  1808
 5167    2090  2476  1457  2479
 5168       5   914   957     1
 5169     414  1965  1162  1683
 5170    1591     9   954   431
 5171    2460   926  2119   925
 5172    1808   955     1   946
 5173     928    18   924  1810
 5174     978   944   924  1810
 5175    1614  1618   924   978
 5176    1186  2492  1185   112
 5177    1809  2267  1811  2443
 5178     955   426     1   427
 5179       5   426     1   955
 5180     914   426     1     5
 5181     914   427     1   426
 5182    1944  1804  2270  1617
 5183    1620  2492  1185  1186
 5184      12  1611   954   316
 5185    2269     9   954   316
 5186     954   431  1408  1591
 5187    1158  1969  1185  1849
 5188       5  1948   957  2307
 5189    2307  1948   957   949
 5190     311   951  1617  1553
 5191     949  1807   957  1804
 5192    1948  1807   957   949
 5193     306  1617  2270  1804
 5194       5   950   957  1948
 5195    2052   950  2123     5
 5196    2052  2045  2123   950
 5197       5   955  2123  2052
 5198    2052   960  2123  1942
 5199    2052   955  2123   960
 5200    1942  2045  2123   228
 5201    2052   228  2123  2045
 5202    1942   228  2123  2052
 5203    1809  2443  1811     7
 5204    1407     7   429  1979
 5205       7  2443  1811  2267
 5206       7   429  1979   430
 5207     954  1611  1811   431
 5208    2443  2470     7   314
 5209    1727  1459  1883  1460
 5210     151  1053  1887  1013
 5211    2319   109  1682   522
 5212    1620  1186  1185  1179
 5213    1165   410    92  2339
 5214     114   417  1189  2232
 5215    1669   408    92  2066
 5216     410  1856  1847  1669
 5217    1166  1671  2227  1690
 5218    1157  2134   525  1451
 5219    1677  1845  1191  1145
 5220    2047  1239   371  2212
 5221    1847  1669    92   410
 5222     372  1856  1165  1848
 5223    1853  2430  1185  1969
 5224    1679   110  1682   522
 5225    2450   127  1640  2215
 5226    1856  2068   414   410
 5227    2066  2232  1157    92
 5228    2067  2068  1856   372
 5229    1156  1856  1165   372
 5230    2464   116   115   419
 5231    1847   408    92  1669
 5232    2066  2339    92   410
 5233    1856   410  1848  2068
 5234    1153  1685  2392  2430
 5235    1848  2339  2392   410
 5236     414  2068  2392   410
 5237    2068  1153  1685  2392
 5238    1848   409  2314  2392
 5239    1847  1156  1165  1669
 5240    1189  1847    92  1165
 5241     410  2339  2392   414
 5242     400   996  1634    88
 5243    1165  2339   409   410
 5244    1848   410   409  2339
 5245    1165   410   409  1848
 5246    2464  1877   114  1849
 5247    1622  1817  1030  1017
 5248    1877  1849  2464  1878
 5249    2195   591  1446  1350
 5250    1450   116   115  2464
 5251     410  1669    92  2066
 5252    1165  2339    92  1189
 5253    1969   409   417  2314
 5254     114  2232   419  2464
 5255    2073   387   529  1858
 5256     623  2344   161  2247
 5257    2055  1627  2054  1065
 5258    1063  2214  2216  1988
 5259    2232  2339    92  2066
 5260     107  1690  1175  1447
 5261    2314   409   417  2339
 5262     110  1877  1854  1176
 5263    2314  2339   417  1675
 5264    2232  1675   417  2339
 5265     637   636  2094   592
 5266     147   571  1000   570
 5267    1165  2339  1189   409
 5268     417  2339  1189  2232
 5269    2232  1189    92  2339
 5270      92   116  2232  2134
 5271    1682  1877   522   112
 5272    1430  1320    75    76
 5273     419  1176  1678  2464
 5274     116  2134   525  2232
 5275     417  2232  1158  1675
 5276    1680  1671  1179  1166
 5277    1969  1675  1158  2430
 5278    1543   175  1770  2372
 5279     493   489   491  1716
 5280    2314  1969  1158   417
 5281    2314  1675  1158  1969
 5282     417  1675  1158  2314
 5283     114  1176  1158  2232
 5284     114  2232  1158   417
 5285     114   417  1158  1969
 5286     114  1969  1158  1849
 5287    2464  1176  1158   114
 5288    2464  1849  1158  1176
 5289     114  1849  1158  2464
 5290    1166  2315  2227  1671
 5291    1158  1675  1853  2430
 5292    1683  1965  1162  1853
 5293     522   109  1679   110
 5294    1158  1849   110  1176
 5295    1877  1176   110  1849
 5296    1854   110  1679   109
 5297    1600  1978   927   264
 5298     110  1854   522   109
 5299    2317  1296  2146  1314
 5300      23  1870   449   793
 5301     318  1146  2000  1688
 5302    1924  2105   288  2207
 5303    2306  2396  1940   986
 5304    1179   308  1184   312
 5305    1153  2430  1162  1675
 5306    1854   110   522  1877
 5307    1680  1186  1179  1671
 5308    1680   312  1169   308
 5309     425  1607  2306  2048
 5310    1549   764  2402  2300
 5311    1540   780  1982   818
 5312     109  1854   522   113
 5313    2228  2188  1163  1692
 5314    1683  1153  1162   414
 5315    2161  1549    27  1422
 5316     895   339   834   327
 5317    1853  1153  1162  1683
 5318    1169  1680  2380   312
 5319    2227  1671  2319  2133
 5320    1685  1965   414  1683
 5321     112  1849  1185  1969
 5322    2163   276  1556  1550
 5323     527   525   526   528
 5324    1962  2227   521  1447
 5325     414  1685  1683  1153
 5326    1683  1153  1184  1620
 5327    1854  1877   522   113
 5328    2229  1148  2070  1171
 5329      24  1416  1415    22
 5330    2029  1776   447  2111
 5331    1853  1969  1185  1158
 5332    1447  1679  1690  1175
 5333     109   113  1679  1854
 5334    1854  2133  1679   110
 5335      83  2184  1231   529
 5336     110  2492   112  1158
 5337     110  1158   112  1849
 5338    2319  2133  1682  1679
 5339     522   110  1682  2492
 5340    2319  2227  1682  1671
 5341     112  2492  1185  1158
 5342     305   308  1184  1680
 5343    2350  1776   447  2029
 5344    1680   308  1179   312
 5345    2077   818  1982   780
 5346    1186   312  1179  2492
 5347    1167    25  1163  1672
 5348    2460   925  2119  1618
 5349    1549  1422  2161   453
 5350    1159  2229  2281  1148
 5351    1690  1846  2069  2315
 5352    1678  1193  1449   113
 5353     522  2492  1186   112
 5354    1190  2315   377  1846
 5355    2077  1763  1982   818
 5356     784  2111  2298    24
 5357    1164  1170  1169  1855
 5358    1855  1148  2281  2229
 5359    2252  1488  1746    74
 5360       2  2046  1594  1800
 5361     264  1600  1544   927
 5362     771   818  1982  1763
 5363    1683  1153  1620  1853
 5364     443  1534    21  1772
 5365    1600  2306  1940   921
 5366    1680   308  1184  1179
 5367    1179  2492  1620  1186
 5368      26   822  1419  1420
 5369     668  1739  1735   172
 5370    1799  1805  2119   925
 5371     420  2380   303  1170
 5372     420  1170   303  1164
 5373      22  1416  1415  1414
 5374     284   784    24  2111
 5375    1965  1683  1620  1853
 5376     977  1606   376   970
 5377    1620  1853  1184  1965
 5378     305  1965  1184  1853
 5379     454    28  1983   453
 5380    2228  1692  1163  1672
 5381    1853  2492  1184   312
 5382    1853   308  1184   305
 5383    1853   312  1184   308
 5384    1538  1772  1414  1764
 5385    2048     2  2046  2172
 5386      22   284  1415    24
 5387    2006  1349  2362   591
 5388     454   453    27  1422
 5389    2069  1846   413  2070
 5390    1187  1194  2226  2071
 5391    1980  2111  2298  2029
 5392    2070  1171   413  2229
 5393    1680   308  1169   305
 5394    2229  1851  2069  1182
 5395    1170  1855   377  2229
 5396    2048   919  2306   425
 5397    1164  1170   303  1169
 5398     977  2044  1599   376
 5399     927   958  1544   264
 5400     424     3   927  1978
 5401    1169   305  2380  1680
 5402    2029  2111  2298  2160
 5403    2077    28  1983   454
 5404    1190  1855   377  1170
 5405     276   175  1543  1550
 5406    1190  1846   377  1855
 5407    1692  2188   275  2228
 5408    1164  1855  2281  1159
 5409     375  1605  1802  1606
 5410    1771    20   777  2163
 5411    1680   305  2380  1184
 5412    1942  2045   311   306
 5413    2077   453  1983    28
 5414     793  1925   449  1980
 5415     949  2307   916   957
 5416      23   793   449  1980
 5417    1545   815   447    23
 5418    1181  1163  1963   275
 5419     420  1680   303  2380
 5420    2380   312   303  1169
 5421    2227  1166  1190  2315
 5422    1690  1166  1190  2227
 5423    2227  2315  1190  1690
 5424      96  2188   103  1963
 5425    1194  1251   416  1177
 5426    1190  2315  1182   377
 5427     613  2500  2479  2476
 5428    1677  1168   111  1172
 5429    1964  1672  1163    25
 5430     301  1594  1799  1800
 5431    2229  1851  1182   377
 5432    2229  1171   413  1851
 5433     377  1855  2281  2229
 5434     377  2315  2069  1846
 5435    1182  2315  2069   377
 5436     377  2229  2069  1182
 5437     377  1846  2069  2229
 5438    1982  1421  1983   453
 5439    1078  1008   581  1070
 5440    2069  1148  2070  2229
 5441    2229  2069   413  2070
 5442    2228  2188   275  1177
 5443      23  1776   447  1545
 5444     793   781   449  1925
 5445     303  1159  1846  1164
 5446    2281  2070  1148  1144
 5447    2323   453  2161   452
 5448    2380  1170   420  1166
 5449    1549   453  2161  2323
 5450     452   453  2161  1872
 5451     979   980  2460  2118
 5452     784  1923  2298  1921
 5453     793   815    23  1870
 5454     283  1981  2028  1418
 5455    1680  1166   420  1671
 5456    2492  2133   420   110
 5457    2069  1690   420  1846
 5458    1190  1690   420  1166
 5459    1190  1846   420  1690
 5460    1190  1170   420  1846
 5461    1164  1846   420  1170
 5462    1190  1166   420  1170
 5463    1680  1671   420  1186
 5464    1671  1690   420  2133
 5465    1166  1690   420  1671
 5466    1179  1186   420   312
 5467    1680  1186   420  1179
 5468    1179   312   420  1680
 5469    1682  2133   420   312
 5470    1682   312   420  1186
 5471    1682  1671   420  2133
 5472    1186  1671   420  1682
 5473    1144  1148    25  1171
 5474     448    23   449  1980
 5475    1015  2214    82  1046
 5476     568   659  1443   144
 5477    2106   443  1917  1551
 5478    1420   771   822  1419
 5479     921   919  2046  2306
 5480     447  2111  1980  2029
 5481     283   825   450  1542
 5482     793  1776  1980   447
 5483     448  2140   449    23
 5484     793  2111  1980  1776
 5485     655   673  1491   624
 5486     450   825  1417  1542
 5487    2460   913  1614  1618
 5488    1978  1531   927   264
 5489     916  1804   956  1944
 5490     784  1921  2298  2160
 5491    1772  2324  1414   801
 5492    2160  1921  2298  1923
 5493      26   771  1419   814
 5494    1418  1420   449   781
 5495      24   449  1925  1980
 5496     815  1776    23  1545
 5497      24  2111  1980  1925
 5498     822    26  1417   450
 5499     781   282  1418  1420
 5500     815   781  1418  2140
 5501     815   282  1418   781
 5502    1420   282  1418  1981
 5503     949  1804   916  1944
 5504     815  2284  1418   282
 5505    1981   282  1418  2284
 5506     283  1420  2028   817
 5507     815   793   449  1870
 5508    2140   815   449  1870
 5509    2140   781   449   815
 5510    2284   793   449   815
 5511    2284   781   449   793
 5512     815   781   449  2284
 5513    1617  1942   311   306
 5514     817  1542   283  1420
 5515     953   915   375   977
 5516     283  1542   450  1420
 5517     765  1542   283   817
 5518    1542   765   283  1545
 5519     815  1545   283   765
 5520    1542  1545   283   815
 5521    1418   815   283  2284
 5522     765  2284   283   815
 5523       6   914   916  1944
 5524     817  1981   283   765
 5525     957     5   306   950
 5526    1418  2284   283  1981
 5527     765  1981   283  2284
 5528     301  2171  1799  1594
 5529      26   823  1419   822
 5530     814   823  1419    26
 5531      26  1982  1419   771
 5532     823   822    26   810
 5533    1418   815  2028   283
 5534     817  1420  2028  1981
 5535    1418  1981  2028  1420
 5536     450  1542  1417   822
 5537    1418  2140  2028   815
 5538     283   817  2028  1981
 5539    1982   451  1417    26
 5540    2373  1420   450  1871
 5541     822  1420   450  1542
 5542      26  1420   450   822
 5543    1419  1871   450  1420
 5544      26  1871   450  1419
 5545    1419  1420   450    26
 5546    2270  1617  1940  1553
 5547     814  1774  1417   825
 5548    1542  1774  1417   810
 5549     810   822  1417  1542
 5550      26   822  1417   810
 5551     814   771  1417    26
 5552     814   825  1417   771
 5553     810  1774  1417   814
 5554      26   810  1417   823
 5555     814   823  1417   810
 5556      26   823  1417   814
 5557     797   452  1775   451
 5558     771   825  1775   774
 5559    1417   825  1775   771
 5560    1982   451  1775  1417
 5561     796   797  1775   451
 5562     796   774  1775   797
 5563    1982  2109  1775   451
 5564     796   296  1775   774
 5565    1417    26  1775  1982
 5566     771    26  1775  1417
 5567     771  1982  1775    26
 5568     771   774  1775  1540
 5569    2109   796  1775   451
 5570    2109   296  1775   796
 5571    1982   771  1775   818
 5572    1540   818  1775   771
 5573    1982   818  1775  1540
 5574    2109   811  1775   296
 5575     774   296  1775   811
 5576    1540   811  1775  2109
 5577     780  2109  1775  1982
 5578     780  1540  1775  2109
 5579    1982  1540  1775   780
 5580     766   774  1775   811
 5581    1540   774  1775   766
 5582     766   811  1775  1540
 5583     425   986  2306  1607
 5584     950  2045   311  1807
 5585    1807   985  1553  1617
 5586     800   782   778   291
 5587     424  1531   927     3
 5588     816  1922  2110  1532
 5589    1807  2170  2045   311
 5590    2050   986  2306   425
 5591    2050  2396  2306   986
 5592    2266   425  2306  1978
 5593    1978  2396  2306  2266
 5594    2266  2050  2306   425
 5595    2266  2396  2306  2050
 5596    1942  2170   311  2045
 5597    1553   311  1807  1617
 5598    1600  1553  1940  1544
 5599    2106  1551    21   443
 5600    1764   795  1414    22
 5601     306   957   311  1804
 5602    1807  1617   311  1804
 5603    1978  2396  1600  2306
 5604     985   958  1544  1553
 5605     264  2396  1600  1978
 5606       5     1   306  2123
 5607    2123   950   306     5
 5608     943   958  2270   956
 5609     943   985  2270   958
 5610    1944   943  2270   956
 5611    1944   985  2270   943
 5612     306  2045   311   950
 5613    1948   957   311   306
 5614    1948  1807   311   957
 5615    1948   950   311  1807
 5616     306   950   311  1948
 5617     443   444    21  2106
 5618     927  1600  1553  2270
 5619     951  1607  1594  1800
 5620    2046   921  1800  2048
 5621    2460   925  1614   979
 5622    1940   986   951  2306
 5623    2121  2171  1594   945
 5624    2046  2048  1800     2
 5625    2270   958  1553   956
 5626     927   956  1553   958
 5627    2270   956  1553   927
 5628    1598   913  1805   928
 5629    2046   921  1602  1800
 5630    1594  2046  1602  1800
 5631    2306   986   951  1607
 5632    2306  2048   921   919
 5633       2   989  1594  2171
 5634     979   926   925   989
 5635     951  1607  1800   921
 5636     921  2306   951  1607
 5637       2  2171  1594  2121
 5638    2460  1608  1605  1592
 5639     921  1800  1799  1602
 5640     978   944  1592  1598
 5641     788  2107   789  2164
 5642     925   926  2119   301
 5643    1594   989   301  2171
 5644     802   808   807  1532
 5645     802  1744   808  2162
 5646    2071  2228  1686  1177
 5647    2364   666   657   644
 5648    1924   194  1546   786
 5649    2027   444    21   443
 5650    2027  2360   444   442
 5651     807   802   785   826
 5652      21  1551   778   800
 5653    1771  2108   777   794
 5654    1534   799    21  2472
 5655    1538   443  1917  2106
 5656    2472   291   778  2360
 5657     763   670  2360  1768
 5658     763   782  2360   670
 5659    2027  2472    21   444
 5660    2472  2360   778   444
 5661    2472   291  2360   763
 5662    2324   784  1415  1558
 5663    1546   786   785  2110
 5664     513   641  1349   163
 5665    1924  1922  1532    19
 5666    2238  1962   101  1689
 5667    1768  2207   442  2105
 5668    1768  2105   442  2027
 5669    1618  1805  2119  1608
 5670    2460  1618  1614   925
 5671     788  2164   791  2107
 5672    2472   444   778    21
 5673    1180  2469  1150  1966
 5674      21   444   778  1551
 5675    1672  2070   413  1681
 5676    2360   763   444  2472
 5677    1768   763   444  2360
 5678    1768  2472   444   763
 5679    2360   782   778   670
 5680    1764    22  1414   446
 5681     155   156  2249   656
 5682    1917  1534   813  1551
 5683     778   670   288  2360
 5684    2111   784  2298  2160
 5685    1414   784  1415  2324
 5686    1534   443  1917  1538
 5687     284  1558  1415   784
 5688     443  1534  1917  1551
 5689    1764   795    22  2437
 5690     782   291   800   671
 5691     652   167  2005  1736
 5692    2160  1923  2298  2029
 5693    1772   801  1414   795
 5694     447  1416  1415  1980
 5695      96  1163  1963  1181
 5696      24   784  1415  2298
 5697    2206  1557  1538  1772
 5698    1534  1772  1538  1557
 5699    1557  1765  1538  1534
 5700    2206  1765  1538  1557
 5701     768   670   800   671
 5702     763   291   778   782
 5703    1764   795  2437  2206
 5704    1551  1917  2437   813
 5705    1764  1538  2437  1917
 5706    1538  1765  1917  1534
 5707    1594   945  1602  2121
 5708    1538  1765   813  1917
 5709    1538  2206   813  1765
 5710     768  1534   813  1474
 5711     768  1539   813  2206
 5712     768  1474   813  1539
 5713    1539  1765   813  2206
 5714    1917  1765   813  1534
 5715    1474  1765   813  1539
 5716    1474  1534   813  1765
 5717     930   980  2460     0
 5718    1764  2206  2437  1772
 5719    1538  1772  2437  2206
 5720    1764  1772  2437  1538
 5721    2228  1177   275  1692
 5722     671   799   800   768
 5723      21  1551   800   768
 5724     921  2048  2046   919
 5725     291   799   800   671
 5726    2472   799   800   291
 5727      21   768   800   799
 5728      21   799   800  2472
 5729      24  1925    22  2111
 5730      24  2111    22   284
 5731     795  2111    22  1925
 5732     795   284    22  2111
 5733    1415  1416   445  1414
 5734    1414  1764   445  1538
 5735    1144  1171    25   413
 5736    1191  1845  2135  1145
 5737     447  1980  1415  2298
 5738    1980    24  1415  2298
 5739    2324  1558  1415   284
 5740    1964  1159  1144  2070
 5741    1602   945  2119  2046
 5742    1980  1416  1415    24
 5743    1414  2324  1415   284
 5744    1476  1703  1356  2318
 5745      22  1980    24  1416
 5746     776   801  1414  2324
 5747     795   801  1414   776
 5748     284   795  1414   776
 5749     776  2324  1414   284
 5750    1618   925  2119  1805
 5751    2121   945  1602  2046
 5752    1415  1414  2298   784
 5753    2048  2172  2046   919
 5754     919  1595  2046  1869
 5755     945  1869  2046  2121
 5756     971   928  1614   913
 5757    1594  2171  1799  1602
 5758    1598   911  1592  1606
 5759     978  1805  2044  1618
 5760    1608  1805  1605  1592
 5761    2172  1595  2046   919
 5762    2172  1869  2046  1595
 5763    2121  2172  2046     2
 5764    2121  1869  2046  2172
 5765    2048  1607  1800     2
 5766     921  1607  1800  2048
 5767     921  1940  1799  1800
 5768       0   913  2460   930
 5769     301   989   925   926
 5770     980   913  2460  2118
 5771    2460   979  1614     0
 5772     978  1598   924   944
 5773     978  1810  1592   944
 5774     376   977  2499   375
 5775       0   928  1614   971
 5776     977   942   375  1606
 5777    2046  2306  1602   921
 5778    2171   945  1602  1594
 5779    1943   970  1599  1606
 5780    1918   162   769   792
 5781    1543  2372  1770  2162
 5782     970  1612  1599   977
 5783     376  1606  1599   970
 5784     953   977   375  1612
 5785     980   979  2460     0
 5786    1605  1608  1802  1805
 5787    1592   911  1605  1606
 5788    1771   783   777  2108
 5789    2044   978  1605  1805
 5790    2280   111  1145  1677
 5791     762   809   280  2260
 5792     301   925  1614  1618
 5793    1800   301   925  1799
 5794    1810   911  1605  1592
 5795     979   989  1614     0
 5796      20   794   806  1918
 5797    1805  1598  1592  1608
 5798    2460     0  1614   913
 5799     928  1805  1618  1608
 5800    1618  1805   924   978
 5801     376   970  1599   977
 5802     925   989  1614   979
 5803     423   926  2119   945
 5804    1799  2171  2119  1602
 5805     301  2171  2119  1799
 5806     945  2171  2119   423
 5807     423  1615  2119   926
 5808    2171  1615  2119   423
 5809     989   926  2119  1615
 5810     301   926  2119   989
 5811     989  2171  2119   301
 5812     989  1615  2119  2171
 5813    2044   978  1599    18
 5814    1810   944   924   928
 5815    1614   928   924  1618
 5816     373  1798  2499  1612
 5817    1943   911  1592  1598
 5818    1810   911  1592  1943
 5819      18   978  1599   924
 5820    1810  1943  1592   944
 5821    1598   944  1592  1943
 5822     807   826   785  1762
 5823    1805   928   924  1598
 5824    1592   978   924  1805
 5825    1598   978   924  1592
 5826    1592  1805   924  1598
 5827     953  1597   375   915
 5828     942   977   375   915
 5829     978    18  2044  1810
 5830    1605   911  1802  1606
 5831     978  1810  1605  1592
 5832    2044  1810  1605   978
 5833    1810    18  1605   911
 5834    2044    18  1605  1810
 5835    1612  1798  2499  1597
 5836      18   970  1599  1943
 5837     911  1943  1599  1606
 5838      18  1943  1599   911
 5839    1599  1606  1802   911
 5840     376  1606  1802  1599
 5841      18   911  1802  1605
 5842     376  2044  1802  1805
 5843    1605  1805  1802  2044
 5844    1599   911  1802    18
 5845    2044   376  1802  1599
 5846    2044    18  1802  1605
 5847    1599    18  1802  2044
 5848     375   953  2499  1597
 5849    1612   953  2499   375
 5850    1612  1597  2499   953
 5851    1677  1145   108  1845
 5852    1182  2315  1962  1174
 5853    2261   162   280   792
 5854    1177  1251   416  2188
 5855    2297    19  1412  1413
 5856    2297  1550  2162  2372
 5857     791  2164   809  2107
 5858    2260   162   789  2107
 5859    1192  1845   108  1145
 5860    1177  1251  2431  1963
 5861    1533    19  2297  1413
 5862    1703   158  2445  2451
 5863    1693  1699  1850  1143
 5864    1327  2164   791   788
 5865    1180  1693   104  1699
 5866    2162  1744   808   175
 5867      20  1771   777   794
 5868    1550  1405  1543   276
 5869     816  1922   826  2110
 5870     788   166   789  1919
 5871    2260   809   789  1919
 5872    2260  2107   789   809
 5873    2486  2166  1199  1589
 5874     627   648  1499   176
 5875    2366  1734  1502   616
 5876     791   788   789  1919
 5877     791  2107   789   788
 5878     809   791   789  1919
 5879     809  2107   789   791
 5880    2149   640  1489  2253
 5881    2416  1498   646  1489
 5882    2343   171   646  2384
 5883    1533  1922  1412  2105
 5884     412    96   103  1963
 5885    1554  1771  1770  2372
 5886     194  1532  1537   288
 5887     275  1692  1163  2188
 5888    1413    19  1412  2104
 5889     276  1405  1556  1550
 5890     792   777   762  2261
 5891    1688  1151   318  1676
 5892     601   180   613  2092
 5893     792   777  1918    20
 5894      20   276  2163   794
 5895    2261   162   174   166
 5896    2098   481  1473  1896
 5897     816  1532  2110  1546
 5898    1554   175  1543   276
 5899    1924   442   288  2105
 5900    1970    25  1167  1964
 5901    1736   669  2005   652
 5902     769  2108   806  1918
 5903    2261  2108   174   783
 5904    2261   166   174  1919
 5905     777  2261   174   783
 5906    1742   665  2288  2008
 5907     174   777  1918  2261
 5908     777   792  1918  2261
 5909     777   783  1918    20
 5910     174   783  1918   777
 5911     276  2372  1550  2163
 5912    1986  1255  1243  2139
 5913     174   783   769  1918
 5914     174  2108   769   783
 5915     174  2261   769   162
 5916     792   162   769  2261
 5917    1918   792   769  2261
 5918    1918  2261   769   174
 5919     769   174   806  2108
 5920    1536   174   806   769
 5921    1536  2108   806   174
 5922     794    20   806   777
 5923     777  2108   806   794
 5924    1918  2108   806   783
 5925    1918   783   806    20
 5926     777   783   806  2108
 5927      20   783   806   777
 5928     806   794  1554  1918
 5929     175  1536  1554   806
 5930     794  1771  1554  2163
 5931    2163   276  1554   794
 5932     276  2372  1554   175
 5933     806  1536  1554  1771
 5934     806  1771  1554   794
 5935    2163  1771  1554  2372
 5936    2163  2372  1554   276
 5937     175  2372  1550   276
 5938     276  1405  1543   794
 5939    1413  1556  2297  1550
 5940    1543  1554  1744   175
 5941    1462  1488   638   590
 5942     413  2070  1964  1144
 5943    1413  1405  2297  1556
 5944    2162   175  1770  1543
 5945     276  1412  1556  1405
 5946     175  2372  1543  1550
 5947    1554  2372  1770   175
 5948    1533  1922  1924    19
 5949     670   298   194  2207
 5950    1533    19  1412  1922
 5951    1536  1771  1770  1554
 5952    1924    19  1532   802
 5953     442  2105  1924  1533
 5954     778   670  1537   288
 5955    2092   628   613  2500
 5956     778   800  1537   670
 5957    1739   645  2251   660
 5958    1413    19  2104  1533
 5959     288   670  1537   763
 5960    2372  1771  1770  2162
 5961     652  1889  2426   167
 5962    2297    19   802  1412
 5963    1536  2108  1770  1771
 5964    1670  1187  2226  1686
 5965    1554   175  1770  1536
 5966     816  1405   826  1922
 5967    2228  2226  1177  2071
 5968     802  1744  2162  1405
 5969     802  1405  2162  2297
 5970    2297  1405  2162  1556
 5971    1744  1543  2162  1405
 5972    1556  1405  2162  1543
 5973    1744   175  1762   808
 5974    1532  1924   288   194
 5975     142  2469  1150  1160
 5976    1161  1152  2431  1963
 5977    1180  1693  1699   279
 5978     288  1768  1537  2207
 5979     194  2207  1537   670
 5980    2207  2105   816   786
 5981    1964  1147  1681  1970
 5982     807   808  1762   175
 5983     194   298   786  2207
 5984    1546   807   785  1762
 5985    2367   669  1499   627
 5986     194   298  1546   786
 5987     802  1405   826  1744
 5988    1768  2207   288   442
 5989     442  2360   288  2027
 5990    1768  2027   288  2360
 5991     442  2027   288  1768
 5992    1768   670   288   763
 5993     763  1768  1537   288
 5994     763  2207  1537  1768
 5995    2110  1922   826  1412
 5996     202   138  1428   635
 5997    2207   763   816  1768
 5998    1688  1183   318  1673
 5999    1898   598  2291  1493
 6000    2207  2105   786  1924
 6001    1546   786  2110   816
 6002    1924   194   786   288
 6003     288  2207   786  1924
 6004    1532   808   807   194
 6005    1537   194   786  2207
 6006     288   194   786  1537
 6007    1537  2207   786   288
 6008     786  2207  2110   816
 6009     826  1744  1762   802
 6010     644   625   657  2152
 6011     807   802  1762   808
 6012    1768  1922   816  2105
 6013    1768  2105   816  2207
 6014     786  2105   816  1924
 6015    2340  2198  2096   173
 6016     786  1924   816  1546
 6017    1533  1922   816  1924
 6018    1533  2105   816  1922
 6019    1924  2105   816  1533
 6020     561  2427  1726  2090
 6021    1924  1532   816  1546
 6022    1924  1922   816  1532
 6023    1532  1922  2110    19
 6024    1412    19  2110  1922
 6025     160   639   168   182
 6026     567  2002   569  1995
 6027     826  1744   785  1762
 6028    1405  1413  2297   826
 6029    1412  1556  1413  2104
 6030    1405  1413   826  1412
 6031     590  1488   200  2198
 6032    1966  2469  1693  1180
 6033     802  2297   826  1405
 6034     802  1412   826  2297
 6035    1413  2297   826  1412
 6036    2110    19   785  1532
 6037    2110  1412   785    19
 6038     826  1412   785  2110
 6039     807  1546   785  1532
 6040    2110  1532   785  1546
 6041     802  1412   785   826
 6042     802    19   785  1412
 6043    1532   802   785   807
 6044    1532    19   785   802
 6045     416  1251  2191  2188
 6046    1147  1686  1681  1692
 6047    2446   196  2365  2342
 6048    1970  1147  1681  1672
 6049    2469  1693  2394   104
 6050      96  2188  2191   103
 6051    1688  2469   142  1673
 6052    1967  2066  2237  2232
 6053     413  1851  1178  2069
 6054      96  1173  2191  2188
 6055    2291   649  2001  1482
 6056    2411  1684  1180  1966
 6057    2426   167  2090   652
 6058    2190   418  1172  1857
 6059    1180  1684   279  1966
 6060    1968  1966   279  1684
 6061    1684  1687   279  1968
 6062    2479  1457  2090  2426
 6063    2500   628   613   180
 6064    2071  2228  2226  1686
 6065    1180  2411   279  1684
 6066    1687  2411   279  1180
 6067    1687  1684   279  2411
 6068    1688  1850   318  1151
 6069     279  1966  1699  1180
 6070    2436  1326   210   512
 6071     783  1770  2108  1771
 6072    2069  2315  1174  1690
 6073    1501   512   210  1989
 6074     416  2228  2226  1177
 6075    1177  2137  1194  1251
 6076    1692  1686  1681  2228
 6077    1699  1966   104  1180
 6078    2238  2227  1962  2315
 6079     413    25  1163  1178
 6080    1963  1177  2191  2189
 6081     200   196  2365  2446
 6082    2447   513  2362  1443
 6083    1491  2096  2198  1488
 6084    1194  1187  2226  1687
 6085    2476   563   613  2092
 6086      25  1144  1964  1970
 6087    1182  1174  1962  2238
 6088    1180  1966   104  1693
 6089    1962  1174  1689  2238
 6090    1686  2228  1692  1177
 6091    1670  1687  2226  1187
 6092      25   413  1163  1964
 6093    1686  1177  1692  2071
 6094    2227  1690  1962  2315
 6095    1970  1147  1672  1692
 6096     275  1167  1163  1692
 6097    2251  1735  1739   170
 6098    1966  2469   104  1693
 6099    2189  1177  2191  1251
 6100    1143  1699  1850  1691
 6101     413  1171  1178  1851
 6102      25  1171  1178   413
 6103     512  1310  2146  2349
 6104    1181   412  1963    96
 6105    1173  2083   102  1689
 6106     638   141    74  1462
 6107     310  1356  1338  2434
 6108    2083  1178  1689  1173
 6109    1174  2315  1962  1690
 6110    1447  1690  1962  2227
 6111    2238  2315  1962  1182
 6112    1689  2083   102   101
 6113    1173  2083   412   102
 6114    1690  1447  1962  1174
 6115    2333  2137  1691  2431
 6116    1678  1176  1449  2464
 6117    2095    74   633  1746
 6118    1689  2083   101  2238
 6119    1174  1178  2238  1182
 6120    1851  1182  2238  1178
 6121     416  1966  1852   279
 6122    2238  1851  2083  1182
 6123    1194  2137   416  1251
 6124    1146  1151  1688  1676
 6125    1174  1173  1689  1178
 6126     102  1689    96  1173
 6127    2238  1178  2083  1851
 6128     590   567  2471   608
 6129    2469  1151  1850  1673
 6130    1161  2189  1852   416
 6131     107  1447   521  2227
 6132    2083  2238  1689  1178
 6133    1174  1178  1689  2238
 6134    2083  1851   412  1182
 6135     102  1173    96   412
 6136     275  2188  1963  1177
 6137    1177  1251  1963   275
 6138    1143  2394  1691  2333
 6139    2469  1693  1850  1143
 6140    1163   275  1181  1167
 6141    1167  1171  1181    25
 6142    1173  1163  1181  1178
 6143    1178  1171  1181  1851
 6144      25  1171  1181  1178
 6145    1163  1167  1181    25
 6146    1163    25  1181  1178
 6147    2083  1173   412  1178
 6148    2083  1178   412  1851
 6149    1181  1851   412  1178
 6150    1181  1178   412  1173
 6151    2083   102   103   412
 6152    1173  2188    96  1163
 6153    1967    97  2146  2237
 6154     412   102   103    96
 6155    1173  1163    96  1181
 6156    1161  1963  2431   412
 6157    1688  1183  2000   318
 6158     416  2228  1177  2188
 6159    1163  2188  1963   275
 6160      96  2188  1963  1163
 6161    1963  1152  2189   103
 6162    1963   412  1161   103
 6163     103  1152  1161  1963
 6164    2469  1673  1850  1693
 6165    2188  1251  2191  1177
 6166     103  2188  2191  1963
 6167     167  1889  2426  2290
 6168     416   279  1852  2137
 6169    1688  1673   318  1850
 6170    1161  1152   105  1852
 6171    1161  1152  1852  2189
 6172    1674  2136  2444    99
 6173    1691  1699   105  2333
 6174    1699  2394  1691  1143
 6175    1693  1699  1143  2394
 6176     104  1693  2394  1699
 6177    1963  1177  2189  2431
 6178    2431  1152  2189  1963
 6179    1161  1152  2189  2431
 6180    2431  1251  2189  1161
 6181    2431  1177  2189  1251
 6182    1968  1966   416   279
 6183    1852  1966   104   279
 6184    2431  1161  1691  2333
 6185    2226  2071   416  1177
 6186    1194  2071   416  2226
 6187    1194  1177   416  2071
 6188    2226  1968   416  1687
 6189    2226  1687   416  1194
 6190     279  2137   416  1194
 6191    1687   279   416  1194
 6192    1687  1968   416   279
 6193     416  2137  1852  1251
 6194     416  1251  1852  1161
 6195    2145   512  2146  1990
 6196    1146  2136  2000  1688
 6197    2319  2133  1175   107
 6198    2411  1966  1150  1684
 6199     107  2133  1175  1690
 6200    1690  2133  1175  1679
 6201    1854  1176  1449  1678
 6202     111  2135  2444    99
 6203    1691  1852   105  1699
 6204      92  2232  1157  2134
 6205    2382  1280  2146   512
 6206    1059   400  2057  1634
 6207    2469  1693  1143  2394
 6208    2394  1151  1143  2469
 6209    2333  1699   105   104
 6210     104  1699   105  1852
 6211    2333   104   105  2394
 6212     104  2333  1691  2394
 6213     104  1699  1691  2333
 6214    2394  1699  1691   104
 6215    1852  1699  1691  2137
 6216    1691  2333   105  2137
 6217    1691  2137   105  1852
 6218    1852  2137   105  1251
 6219    1852  1251   105  1161
 6220    2333  2431   105  2137
 6221    1161  2431   105  2333
 6222     109   113  1175  1679
 6223    1495  2009   615   137
 6224    2431  1251   105  2137
 6225    1161  1251   105  2431
 6226     130  2414   866   132
 6227     109  2319  1175   107
 6228     523  1878  1449   113
 6229     579  1080   580  1730
 6230    1878  1877  1449   113
 6231    1016  1052  2363    81
 6232    1845   411  2280  2225
 6233    1673  1151  1688  2469
 6234    2135  1674  2444    99
 6235     524  2359   525   528
 6236    2237  2382  2146  2317
 6237     513    95   163   659
 6238     107   106   521  2319
 6239    1160  2469  1150  1673
 6240    2227   106   521   107
 6241    1854   113  1449  1877
 6242    1684  1966  1150  1968
 6243     525  1451   527  1157
 6244    1845  1154  2280   411
 6245    1180  2411  1160  1673
 6246    1850  1151  1688  1673
 6247    2003  2446   661   191
 6248     560  1882   139   561
 6249    1676  1146   318  1688
 6250     522  1448   523   113
 6251    1160  1180  1150  2411
 6252    1995   143  2471  2002
 6253    1688  1673   142  1183
 6254    1160  1183   142  1673
 6255    1155  1183   142  1160
 6256    2136  1688   142  1155
 6257     210   641  1446  2241
 6258    1160  1673  1150  1180
 6259    1693  1180  1150  1673
 6260    2469  1180  1150  1693
 6261    1693  1673  1150  2469
 6262    1678  2464  1449  1193
 6263    2464  1176  1449  1849
 6264     389   510  2382  1280
 6265     107   522   109  2319
 6266     113   109   523   522
 6267    2227   106   107  2319
 6268    1678   113  1449  1854
 6269    2133  2227   107  2319
 6270     106  2227   521  1962
 6271    2227  1690   107  1447
 6272    2133  1690   107  2227
 6273    1462  2096    74  1488
 6274    1280    97  2237  2382
 6275    2134  2473  1157  2066
 6276      92  2134  1157  2066
 6277     100   117   529  1818
 6278    1849  1877  1449  1878
 6279     660   645  2251   603
 6280    2473   410  2237  2339
 6281    1854  1877  1449  1176
 6282     116  2232   525   419
 6283     389  2349  2146  1296
 6284     512  1280  2146    97
 6285     511  1442  1501   512
 6286     792   777    20   762
 6287    1296  2349  2146  1310
 6288    2237    97  2146  2382
 6289     512    97  2146  1990
 6290    2473  2339  2237  2232
 6291    1845  2225  2280  1145
 6292      67  1403  1048   576
 6293     525   116   115  1450
 6294     525   116  1721  2134
 6295     525  2134  1721  1451
 6296    2464   419   115  1678
 6297    1678  1193   115  2464
 6298    2359  1193   115  1720
 6299    1720   419   115  2359
 6300     525  2359   115   419
 6301     525   419   115   116
 6302    1678   419   115  1720
 6303    1720  1193   115  1678
 6304    1845  2225  1145   411
 6305    2376  1044  1833  2408
 6306    2225  1145  1677  2280
 6307    2135  1145    99   111
 6308    1062  1008  1633  2450
 6309    2175  1819  1030  1036
 6310    1019    67  1048  1954
 6311    2135  1145   111  1677
 6312    2199   618   161  1733
 6313    1191  1168   111  2135
 6314     513    95   641  2241
 6315     400  1078  2057  1049
 6316    2225  1192   108  1145
 6317     587   586  1466  1465
 6318    2225  1145   108  1677
 6319    1280   510  2382  1441
 6320    2368   648   627   625
 6321     388  2176  1041  1630
 6322     151   577  1464  1887
 6323    1047   581    84  1823
 6324    2378  2218  1816  1001
 6325    1192   411  1145  2225
 6326     411  1154  2225  1192
 6327    2225   411  2280  1154
 6328    2368  1458  1499   648
 6329    1888   656   592   161
 6330    1059  1046  1083  2438
 6331    1466  1997  1621  1467
 6332    1677  2190   108  1172
 6333    1191  1145  2135  1677
 6334     585   580  1048   584
 6335    1246  2131  1083  1088
 6336    2190  1677   108  1191
 6337    1191  1192   108  2190
 6338    1191  1845   108   411
 6339    1677  1845   108  1191
 6340    1191   411   108  1192
 6341     111  2136    99  1168
 6342    1674  1183  2000  2136
 6343    1314  1296  2146  1310
 6344    1191  2190   111  1168
 6345    1172  1168   111  2190
 6346    1191  1677   111  2190
 6347    1172  2190   111  1677
 6348    1172  1857   418  1168
 6349    1155  1688  2000  2136
 6350    1183  1688  2000  1155
 6351    1155  2136  2000  1183
 6352    1674  1183  2444  2000
 6353    1168  1191  2444  2135
 6354    1168  1857  2444  1191
 6355    1168  2136  2444  1857
 6356      99  2136  2444  1168
 6357    2136  1674  2444  2000
 6358    2000  1857  2444  2136
 6359    1168  2135  2444   111
 6360    1168   111  2444    99
 6361    2136  1146   418  1168
 6362    1168  1857   418  2136
 6363    2000   318  1149  1676
 6364    1857   318  1149  2000
 6365    1146  1676  1149   418
 6366    2000  1676  1149  1146
 6367    2136  1146  1149   418
 6368     418  1857  1149  2136
 6369    2000  2136  1149  1857
 6370    1146  2136  1149  2000
 6371     594  1504  2097  1480
 6372     570  2088   145   146
 6373     579  2217  1078  1080
 6374     131  1823  1024  1831
 6375    1210  1644  1209  1273
 6376    1088  1246  1433  1645
 6377    2214  1988  1063  1054
 6378    1447   101  1962  1689
 6379    1073   399   390  1045
 6380     579  1730   580   582
 6381    1731  1465  1467  1466
 6382    1042   148  1072   998
 6383     998   148  1072  1033
 6384    2087  1049  2363  1080
 6385    2332  2271  1642   392
 6386     580   582   584   585
 6387    1988  1055  2216  1010
 6388     588  1049  2057  1078
 6389    1073  2450  2215   127
 6390    1004  1008  1002   575
 6391     364   353  1696   349
 6392    1996   148   149  2358
 6393    1042   542   128  1067
 6394    1823  1024    88   996
 6395     995  2053  2407   556
 6396    1078  1831  1079  2183
 6397    1062  1633    84  1047
 6398     545   126   544  2166
 6399     161  2247   592   623
 6400     585   582   581   580
 6401    2417   136  1006  2448
 6402     577  1403  1887   576
 6403    1004  1008   575   581
 6404     146   573   388  2176
 6405    2149  2253  1897  2199
 6406     576  1032  1025  2312
 6407    1042  1013  1072   148
 6408     145  2088  1000   147
 6409    1045  2182  1071   399
 6410     582   579   581   580
 6411    1070  1008   581  2450
 6412     623  2247   592  1478
 6413    1464   578  1834  1887
 6414     150   151  1834  1887
 6415    1971  1584  1784   856
 6416     581  1008  1403   585
 6417    1070   579   581  1078
 6418    1033  1013  1041  2358
 6419     577  1463  1887  1403
 6420    1045  1639   390  1073
 6421    1932   342  1588  1587
 6422    2072  1196  1210  1446
 6423    1013   151   148  1834
 6424     576  1403  1887   575
 6425     176   648  1499  2367
 6426     578  1004   150  1887
 6427    1954   576  1053    67
 6428     120  1629  2127  1068
 6429    1490   168   159   599
 6430    1053   577  1887   576
 6431     399   573  1071  1045
 6432    1823   131  1640  2215
 6433    1059  1039    86  2130
 6434     998   573  1041   388
 6435     146   573  1071   399
 6436     994   398   556  1815
 6437    1458   561    68   647
 6438    1796   343   896   351
 6439    1951  1049  2087  1082
 6440    1884  1724  1993   549
 6441    2331  1630   179   195
 6442    2085   546   544   545
 6443     129   548  1993   547
 6444    1887   578  1834   150
 6445     148   151  2358  1834
 6446    2377  1817  1003  2055
 6447     161   636   592  2344
 6448    2199  2344  1897  2089
 6449     577   151  1464  1053
 6450    1078  1047  1079  1831
 6451    2253   618   161   623
 6452     148  1013  2358   151
 6453    2416  2009  2091   640
 6454    1058  2086  2328   994
 6455     619  1478   636  2247
 6456    1630  2176  1041   195
 6457     148  1834  1014  1013
 6458     556   995  1050  2407
 6459     574   573   146  2176
 6460    1071   146   570   573
 6461    2358  2176   574  1996
 6462    1042  1067   128  1073
 6463     147   570  1000   145
 6464    1884  1929  1205  1579
 6465     150   148  1834  1014
 6466    1067  1042  2408  2376
 6467    1043  1061  1638  1637
 6468     572  1815   995   398
 6469    1589  2486  1880  1568
 6470     574  2176   149   573
 6471    2358  2176   149   574
 6472    2358   573   149  2176
 6473    2358  1639   149   573
 6474     148  1639   149  2358
 6475     149   148  1014  1639
 6476    1834   150  1014   151
 6477    1072   998  1025  2312
 6478    1072  1033  1025   998
 6479    1073  1628   128   127
 6480    1048  1954  2363   580
 6481    1621  1999  1021  1466
 6482    1953  1064    61  1629
 6483     398  2182   995   572
 6484     342   901  1587  1932
 6485     399   999  1071   146
 6486    1887  1053  1032  1013
 6487    2210   549   544  2085
 6488    2440  2409   123  1051
 6489    1294  2231  1284  1275
 6490     998  1639  2376   148
 6491     572   571  1000  1815
 6492     179   556  1050  2407
 6493     146   573   399  1045
 6494    1640   575   542  1002
 6495    2375   908   132  1926
 6496    2281  2070  1144  1159
 6497     388   573  2376   998
 6498    1822  1639  2376  1045
 6499    1065  2174  2055  2056
 6500    2166   846  2210  1928
 6501     150  1002  1014   390
 6502    1071  2182  2496   399
 6503    1063  2438  2310  1022
 6504    1071  2182   572   570
 6505    2448  2173  2271  1638
 6506     392  2058  1050  1028
 6507     123  1641  1637   393
 6508     388   573  1041  2176
 6509    1006  2417  2213  1624
 6510    1624  2417  1058  1020
 6511    1044   195  2331  1000
 6512    1827  1646   123  2440
 6513    2343  1729   593   606
 6514    2376   999  2408  1833
 6515    1887   575  1032   576
 6516     146  2176   195  2088
 6517     993  1035   385    62
 6518     570   571  1000   572
 6519     137  2242   615  1748
 6520    2176  1996  1886   574
 6521     364   905   904   129
 6522     399  1071  1643  2496
 6523     399   999  1643  1071
 6524    1067  1639  1628  1014
 6525    1042   148  1067  1014
 6526     998   573  2376  1639
 6527    1067  1014  1073  1042
 6528    1062  2450  1633  1640
 6529    1014   148  1067  1639
 6530    1071  2182  1643  2496
 6531    1062   585    84  1633
 6532    1045  1639  2376   573
 6533    1928  2085   544   545
 6534    1067   148  2376  1639
 6535      81  1954  2363  1016
 6536      75  1320  1262  1322
 6537     195   146  1630  2176
 6538     570  2182  1643  1071
 6539    2176   574  1886   146
 6540     150  1004   128  1887
 6541    1643   399  1822   999
 6542     392   179  1642   395
 6543    1822   399  2408   999
 6544    1227   358   365  1212
 6545     390  1073  1002  2450
 6546    1726   648   202  2427
 6547    1796  1797   351  2414
 6548     400  1049  1832  1951
 6549     497   499  1987  1714
 6550    1032  1013  1025  1072
 6551    1887  1013  1032  1042
 6552     388  2176  1630   146
 6553    2440   992  1827  1646
 6554    1029  1950   995  1026
 6555     148  1013  1033  2358
 6556    1261  1318  1089   255
 6557    1013  1042  1072  1032
 6558    1822   999  2408  2376
 6559    1072  1013  1025  1033
 6560    2376   999  1628  1822
 6561    1042  1887   542  1032
 6562    2358   148   998  1033
 6563    2358  1639   998   148
 6564     998  1639  1041   573
 6565    2358  1639  1041   998
 6566    2358   573  1041  1639
 6567     575  2312   576  1403
 6568    2414  1724   549  1993
 6569    1868  1391   201   287
 6570     322  1931   894   340
 6571    1588  2486  1568   838
 6572    1053  1013  1007  1025
 6573     391  1025  1007  1013
 6574    1822  1639  1628  2376
 6575    1045  1639  1073  1822
 6576    1032  1053  1025  1013
 6577    2210   549   866   544
 6578    1042   388   998  1072
 6579    1042   998  2408  2376
 6580     495   494    75   493
 6581    1014  1013  1042   148
 6582    1637  1061  2417  1043
 6583    1019    84  1079  1052
 6584    2312  1403  1633   585
 6585      61  2329   385  1035
 6586    1014   150  1042   151
 6587    1047  1823    84   131
 6588     998   148  1067  1042
 6589     545   352   541  2166
 6590     150  1887  1042   151
 6591    1013   151  1042  1887
 6592    1834  1013  1042  1014
 6593    1834   151  1042  1013
 6594    1014   151  1042  1834
 6595    1640   575  1032   542
 6596     330  1936  1880   873
 6597    1795   900  1568   838
 6598    2495   651   664  1471
 6599     632  1494  1481  2465
 6600    1243  1714   497  1986
 6601    1032  1887  1025  1053
 6602     576  1887  1025  1032
 6603     576  1053  1007  1887
 6604     391  1013  1007  1033
 6605    2467  2131    82  1022
 6606     576  1025  1007   391
 6607     576  1887  1007  1025
 6608    1025  1887  1007  1053
 6609     594   662   664  1504
 6610    1014  1067  1073  1628
 6611    2210  1928   544  2166
 6612    1628  1639  1073  1014
 6613     570   146  1833  1630
 6614    2271  1638   997  2417
 6615     995  1028  1050  2407
 6616    1071   146  1833   570
 6617    1071   999  1833   146
 6618    1071   570  1833  1643
 6619    1643   999  1833  1071
 6620    1643   570  1833  2182
 6621     572   570  1833  1000
 6622     572  2182  1833   570
 6623     374   381  1342  1706
 6624    2331  1833   995  1044
 6625     581  1070  1823   579
 6626    1822  1639  1073  1628
 6627    1793   536   894   537
 6628     249  1213   907  1264
 6629    1822   399  1073  1045
 6630    1016  1080  2363  1052
 6631    1833   999  2408   146
 6632     150  1002   390  1004
 6633     128   150   390  1004
 6634    2376  1639  1628  1067
 6635    1306  1320  1430   278
 6636    1197  2230  1971  1584
 6637    1062   585  1633  1008
 6638    1064  1035   385   993
 6639    1928  1589   545  2166
 6640     146   999  2408   399
 6641    1205  1884   856   129
 6642     146  1630  2408  1833
 6643     146   388  2408  1630
 6644    1045  1822  2408  2376
 6645    1822  1045  2408   399
 6646    1045   146  2408   399
 6647    2376   388  2408   573
 6648    2376   573  2408  1045
 6649     146   573  2408   388
 6650     146  1045  2408   573
 6651    1880  1936   546   873
 6652    1073  1067   128  1628
 6653     542  1887   128  1004
 6654    1073  1639   390  1014
 6655     542  1042   128  1887
 6656    1306  1320  1262  1430
 6657     128   542  1640  1067
 6658    1014  1042   390  1073
 6659    1014   150   390  1042
 6660     128  1042   390   150
 6661    1073  1042   390   128
 6662     400  1024  1824  1010
 6663     994   558  1050  1066
 6664    1458  1890  1895   647
 6665    2215  1070  1823   581
 6666     126  2166   541   352
 6667     581  1008  2215  2450
 6668    1062  1640  1633   542
 6669    1640  2312  1633  1032
 6670    1047   580    84   581
 6671    1032   542  1633  1640
 6672    1032  1042  1633   542
 6673    1014  1002  1639   390
 6674     643  2318  2340   144
 6675     127   131  1640  1823
 6676    1640  2450  1633  1008
 6677    1208  1217   362  1210
 6678      67  2312  1019  1633
 6679     127   542  1640   128
 6680    1633   575  2312  1640
 6681    2312   575   576  1032
 6682    2312   575  1032  1640
 6683     127  2450  1002  1073
 6684     390  1004  1002   128
 6685    1640  1008  1002  2450
 6686    1640  2450  1002   127
 6687     128  1073  1002   390
 6688     128   127  1002  1073
 6689     542   127  1002   128
 6690     128  1004  1002   542
 6691    1405  1413  1412  1556
 6692     127   542  1002  1640
 6693     575  1008  1403   581
 6694    1032   575  1002   542
 6695    1887   575  1002  1032
 6696    1887  1004  1002   575
 6697     542  1004  1002  1887
 6698     542  1887  1002  1032
 6699    1016  1954  2363  2087
 6700     657   484   607  1890
 6701    2183  1070    88  1078
 6702    1025  1013   391  1033
 6703     131  1823  1831  1047
 6704    2214  1634  2438  1059
 6705     131  2215  1062  1640
 6706    2312  1032    84  1633
 6707     905  2414  1993   129
 6708    1724   548  1993  2414
 6709    2215  1008  1062  2450
 6710    2215   581  1062  1008
 6711     585  1008  1062   581
 6712    2142  1490  2150  1740
 6713    2215   131  1062  1823
 6714    1823   581  1062  2215
 6715    1633   575  1403  2312
 6716    1047   131    84  1062
 6717    1430   494    75   495
 6718    1062   131    84  1823
 6719    1823   581    84  1062
 6720    1831   131  1010  1024
 6721    1062   131  1831  1047
 6722    2496  2182   398   399
 6723    2130  1988  2216  2214
 6724     581   579  1047   580
 6725    1823   579  1047   581
 6726    1078  1080  1047   579
 6727     579  1070  1047  1078
 6728    1823  1070  1047   579
 6729    1047  1070  1831  1078
 6730    1823  1831    88  1024
 6731    2217   588  1466  1999
 6732    1047  1062  2183  1831
 6733    2487  2414   866   130
 6734    2414  1993   549  2388
 6735    2215  1070    88  1823
 6736    1083  1054  1084  2438
 6737     908   352   541  1926
 6738     132  1926  1797  2414
 6739    1579  2210  2388  2037
 6740    2215   996  1823    88
 6741    2215  2450    88  1070
 6742    1634  1055    86  1039
 6743    1212  1784   365  1228
 6744    1010  1024  2183  1831
 6745    1262  1986   904  1430
 6746    1070  1078  2183  1831
 6747     205  1311  1290  1319
 6748     132  2166   866   126
 6749    2210  2085   544  1928
 6750     548   129  2414   547
 6751    1268  1291  1284  1269
 6752    1568  1795  1880  2489
 6753     129   547   905  2414
 6754    1796  1797   856   343
 6755    1796   905   856  1797
 6756    1228  2422  1236  1249
 6757    1643  2496   995  1026
 6758    2183  1024    88  1831
 6759    2210  2166   866   846
 6760    2210  2166   544   126
 6761    1034  1029  1056  2328
 6762    1205   129   856   905
 6763     543   545   541  1455
 6764     904  1797  1696   905
 6765    1231  1243   364  1434
 6766     132  2414  1797   130
 6767     544   126   866  2210
 6768     500  1431  2320  2287
 6769    2320   499  1987   497
 6770     862  1210  2282  2072
 6771    1928  1936   545  1589
 6772     364  1243   904    85
 6773    2458  1250  1268   363
 6774    1055  1039  1634   996
 6775    1047  1070    88  1831
 6776    2037   872  2388  1579
 6777    1579  1929  2388  1884
 6778    1579   360  2388  1929
 6779    1579   872  2388   360
 6780    1047  1823    88  1070
 6781    2183  1831    88  1070
 6782    1629  1953  2311    61
 6783    1993  1884   549  2388
 6784    2037   890   549   360
 6785     846   890   549  2037
 6786     995  2331  2407  1815
 6787     995  1066  1050  1028
 6788    1867  1325  1334  1344
 6789    1831  1823    88  1047
 6790     994   398  2328  1029
 6791      88  1070   400  1078
 6792     996  1010  1988  1024
 6793    2055  1065  2054  2377
 6794    1024   996   400    88
 6795    1003  1017  1031  2054
 6796    1020  1056  2328  2086
 6797    2116  1929   856   349
 6798    1024  1010   400   996
 6799    2183  1024   400    88
 6800      88  1078   400  2183
 6801    1052    84  1079  1047
 6802      84   585  1019  1633
 6803    2150  2010   599   604
 6804    2217  1999  1021  2057
 6805     391  1025  1019  2312
 6806      67  1633  1019   585
 6807     351   549   896  2375
 6808    1076  1731  1997  1466
 6809    1433  1246  1255  2484
 6810    1039  1054  1988  2214
 6811    1988  1039  2214  2130
 6812    2058  2357  1028  1066
 6813     193  2419   997  2271
 6814     909  2125  1953  1064
 6815    1035  2311  2330   385
 6816    1819  2125  1017  2175
 6817    1953  2125    61  1064
 6818    1030  2175  1068  1830
 6819    1830  2175  1068  2178
 6820     551  1641   393   394
 6821    1953   909  2178  2125
 6822    1953  2125  2178    61
 6823    2179  1001  2378  1816
 6824    1017  2175  1030  1036
 6825    1927   845  1454  1785
 6826    1064  1629  1953   909
 6827    2418  1836  1086  1635
 6828    1830   120  2127  1068
 6829    1074  2480  2180   386
 6830    2177  2126  1009  2129
 6831    1631  2272  1057  1027
 6832    2414  1724   866   549
 6833    2311  1064  1035  1829
 6834      61  1064  1035  2311
 6835     385  2389  2330  1631
 6836    1064  1629  2273  2311
 6837    2311  1829  2273  1064
 6838    1030  1036  1830   120
 6839    2174  2179  1077  2218
 6840    1819  2125  1830  1064
 6841    2054  1065  1031  2377
 6842    1085   394   133  2181
 6843    2181   394   133  1018
 6844    2054  1017  1036  1819
 6845    2273  1629  2127   121
 6846    2178  2125  1819  2175
 6847    1036  1031  1830   120
 6848    2055  1817  1003  2056
 6849    1816  2179  2056  2174
 6850    2377  1817  1031  1003
 6851    1635  2480  1836  1086
 6852    2440   992  2177  2409
 6853    1017  2218  2054  2378
 6854     120  1031  1830  2377
 6855     546  1568   545  1589
 6856    2056  2179  1077  2174
 6857    2056  1627  2055  1065
 6858    1631  1069  1060  1623
 6859    1034  1029  2328   398
 6860    2480  1725  2449  1952
 6861    2440  1051   123  1827
 6862    2309  1625  1012  2126
 6863    2378  1003  2054  1017
 6864    1795  2486  1880  2489
 6865    1017  2175  1036  1819
 6866    1003  1817  1031  1017
 6867    1030  1953  1068  2178
 6868    2054  1065  1077  1031
 6869     383  2218  1816  2174
 6870    1001  2218  1816   383
 6871    2174  2218  2378  2179
 6872    2054  2377  1031  1003
 6873    2377  2055  1003  2054
 6874    2218  1627  2378  2179
 6875    2056  1817  1003  1627
 6876    1017  1817  1030  2175
 6877     183  2010   604   160
 6878    1487   171  1495  2343
 6879    2384  1748   615   646
 6880    1953  1629  2127   909
 6881    1030  2178  1068  2175
 6882    1622  1817  1068  1030
 6883    1064  2125  1830   909
 6884    1475   620  1470   653
 6885    1819  1064  1830  1036
 6886    1012  2309   133   135
 6887     135  1085   133  1012
 6888     394   133  1825   551
 6889    1829  1064  1830   909
 6890    1036  1064  1830  1829
 6891    2377  1817  1622  1031
 6892    1031  1017  1622  1036
 6893    1031  1817  1622  1017
 6894    1036  1622   120  1030
 6895    1622  1036   120  1031
 6896    1622  1031   120  2377
 6897    1830  2377  2127   120
 6898    1830  2125  2127   909
 6899    1622  1030  1068   120
 6900    1018  1037  2308  1625
 6901    2178  2125  1830  1819
 6902     120   121  2127  1629
 6903    2175  1819  1830  1030
 6904    2175  2178  1830  1819
 6905    1068  1629  2127  1953
 6906    2178   909  2127  2125
 6907    2178  1830  2127  1068
 6908    2178  2125  2127  1830
 6909    2178  1953  2127   909
 6910    1068  1953  2127  2178
 6911    2173  2448  2271  1038
 6912     538  2489  2490  1453
 6913    2448  1038  1006   193
 6914      62  1626   993  1040
 6915    1646  2173  2271  1038
 6916    1625  2126  2181  1037
 6917     898  2475  1932   356
 6918    2435   891   899   903
 6919     121  1629  2389  2311
 6920    1625  1018  2181  2309
 6921    2309  2126  2181  1625
 6922     539  1453  2490  2489
 6923     121  1829  2330  2273
 6924    1725  1952  1635  1075
 6925    1012  1085  1636   135
 6926    1641  1636   393   394
 6927     880  1992  1879  1927
 6928    1490   182  2150  1485
 6929    2417  1638   997  1624
 6930    1085   394  1636   135
 6931    1086  1952  2480   386
 6932    1040  1725  2449   550
 6933    2357  1005  2058  2419
 6934     150  1002  1004  1014
 6935    2180  1626  1835  1074
 6936    2129  2418   401   125
 6937    2308   386  2180  2480
 6938    2129   125   401  2181
 6939    1074  2313  2180  1626
 6940    1827  1456   123  1646
 6941    2180  1075  1835  1725
 6942    2181  1625   401  1018
 6943    2311  1629  2389  1953
 6944    2329  1626    62  1040
 6945     322   852   894  1931
 6946    1038  1646   193  2271
 6947    2480  1952  1635  1725
 6948    1575   891   899  1935
 6949    1037  1952  1086   386
 6950    2181  1085  2129  1012
 6951    1636   394   551   135
 6952    1051  1821   123  1820
 6953    1012  2126  2129  2309
 6954    2181  2309  2129  2126
 6955    1012  2309  2129  2181
 6956    2313  1626  2329  1623
 6957    2308  1040  2180  1626
 6958     551   134  1827   992
 6959    1725  2480   550  2180
 6960    2129  1086   401  2418
 6961    2149  2199  1897  2089
 6962    1037  1018   401  1625
 6963    2181  2126   401  1037
 6964     125  2126   401  2181
 6965    2180  1725  1835  1040
 6966     121  2273  2330  1631
 6967    2389  2311  2330  1829
 6968     385  2311  2330  2389
 6969    2329    61    62  1035
 6970     993  2313  1828  1626
 6971     155   156  1888  1478
 6972      61   385  1623  2311
 6973    2480  1952  1087  1635
 6974    1836  2480  2180  1074
 6975    1836  1635  2180  2480
 6976    1725  2480  2180  1635
 6977    1037  1952  2449  1725
 6978    1635  1075  2180  1725
 6979    1836  1075  2180  1635
 6980    1623  2313  2389  1069
 6981    2272  1069  1027  1631
 6982     137  1748   615  1495
 6983    1040  1725   550  2180
 6984    1069  1074  1011  2313
 6985    1836  1074  1011  1069
 6986    1635  1075  1087  1057
 6987    1625  1037  2449  1012
 6988    1037  1625  2449  2308
 6989     993  1069  1828  2313
 6990    2311  1829  2389   121
 6991    1631  1069  1027  1060
 6992    2418  1086  1087  1635
 6993    2089  2253  1897  2149
 6994    2308  1625   550  2309
 6995    2180  2308   550  1040
 6996    1486  1729  1477  1472
 6997    1635  1952  1087  1075
 6998    1623  1069  2329  2313
 6999    1836  1011  1057  2272
 7000    1319  2481  1297  1346
 7001    2480  1086  1087  1952
 7002    1828  1626  1835   993
 7003     993  1623  1060  1069
 7004      62  2313   993  1626
 7005    1828  1075  1835  1057
 7006    1836  1074  1057  1011
 7007    2329  2313   993    62
 7008    2329  1069   993  2313
 7009    2329  1623   993  1069
 7010    1011  2313  1828  1069
 7011    1011  1074  1828  2313
 7012    1626  2313  1828  1074
 7013     385  1829  1060  2330
 7014    1631   385  1060  2330
 7015    1631  1623  1060   385
 7016     121  1011  2272  1631
 7017    2418  1037   346  1087
 7018    1011  1635  2272  1836
 7019    2273  1829  2330   909
 7020    2389   121  2330  1631
 7021    2389  1829  2330   121
 7022    1828  1011  1057  1074
 7023    1623  2311   385  2389
 7024      62  1035   385  2329
 7025      61   385  2311  1035
 7026     993  1626  1835  1040
 7027    1011  1629  2389   121
 7028    2389  1011   121  1631
 7029     385  2389  1631  1623
 7030    1069  1623  1631  2389
 7031    1836  1635  1057  1075
 7032     133   135   551   394
 7033    2330  1631  1027  1060
 7034      62   993  1060   385
 7035     993  2329  1060  1623
 7036      62  2329  1060   993
 7037    2329    62  1060   385
 7038     385  1623  1060  2329
 7039    1631  1011  2272  1069
 7040    1027  1828  1057  1075
 7041    2272  1635  1057  1836
 7042    2435   889   124  1723
 7043    2272  1011  1027  1069
 7044    1828  1011  1027  2272
 7045    1828  1069  1027  1011
 7046    1060  1069  1027   993
 7047    1828   993  1027  1069
 7048    1060   993  1027  1828
 7049    1828  1725  1835  1075
 7050    2180  1040  1835  1626
 7051    1074  1626  1835  1828
 7052    1074  1836  1835  2180
 7053    1057  1074  1835  1828
 7054    2180  1836  1835  1075
 7055    1836  1074  1835  1057
 7056    1057  1075  1835  1836
 7057    1635  1086  1087  2480
 7058    1086  1037  1087  1952
 7059    2418  1037  1087  1086
 7060     401  2126   346  1037
 7061     125  2126   346   401
 7062     401  1037   346  2418
 7063     401  2418   346   125
 7064     550  1725  2449  2480
 7065     386  1952  2449  1037
 7066     386  1037  2449  2308
 7067    2480  2308  2449   550
 7068     386  2308  2449  2480
 7069    2480  1952  2449   386
 7070    1632  1820   123  1821
 7071    1723   891   899  2435
 7072    1821  2409   123  2440
 7073     292   281   198  1376
 7074     249   358   907  1213
 7075    1051  1641   123   393
 7076    1638  2448  2417  2271
 7077    1646  2240  1827  1456
 7078     992  1641  2409  1051
 7079     901   342  1587   903
 7080    2435  2475   124   889
 7081    2084  1879   539  1722
 7082    2058  1624  1066  1020
 7083     640  2242  2149  2009
 7084    2173  1632  1638  1038
 7085     637   636   161  2344
 7086     124  1935   899  1723
 7087    1825  1456   136  1826
 7088    1636  2129  2128  1641
 7089    1142  1111  2144  2264
 7090    2409  2440  1009  2177
 7091    1332  1339  1294  2468
 7092     536   852   894   340
 7093     898   342  1932  2475
 7094    1317   256  1268  1250
 7095    1339  1287  1294  2468
 7096     551   134   992  1641
 7097     551  1456  1825  1827
 7098     394  1826  1825   133
 7099    1332  2316  1294  1304
 7100     992  2240  1827  1646
 7101    1051   992  2440  2409
 7102     136  2240  2448  1638
 7103    2173  1821  2440  2409
 7104    2129  2126  1009   125
 7105     617  1471  2097  2495
 7106    1646  1632  2173  1038
 7107    1821  2440   123  1646
 7108    1051  1820   123  1632
 7109    2448   136   552  1456
 7110    2240  1456   552  1827
 7111     393  1061   123  1827
 7112    1821  1051   123  2409
 7113    1636  1085   393   394
 7114    1332  1331  1975  1341
 7115    1268  1269  1284  1271
 7116     125  2126  1009   346
 7117     287  1363  1342   381
 7118    1009  1636  2128   135
 7119    1009   125  2128  2129
 7120     992  1641  2128  2409
 7121    2177   135  2128   134
 7122    2129  1012  2177  2126
 7123     900   352   541   545
 7124    1641   135  2128  1636
 7125     992   134  2128  1641
 7126    1378  1355  1377  1867
 7127    1009   346  2128   125
 7128     992  2409  2128  1009
 7129    1641   125  2129  2128
 7130     992  1012  2177   134
 7131    2409  1051  2128  1821
 7132    1641   134  2128   135
 7133    1009   135  2128  2177
 7134    1012   135  2177   134
 7135    1636  1012  2177  2129
 7136    1636   135  2177  1012
 7137    2409  1641  2128  1051
 7138    2440  2173  1646  1821
 7139    1056   554  2086  1020
 7140    2177  1636  1009   135
 7141     551  1826  1825   394
 7142    1827  1051   123   393
 7143     393  1641  1637  1636
 7144     393  1061  1637   123
 7145    1637  1061  1638  1826
 7146    1825  1826  1637  1456
 7147    1825  1456  1637   123
 7148     193  2271  2417  2448
 7149     997  2419  2213  1624
 7150     551   394   393  1826
 7151    1827  1826   393  1061
 7152    1827   992   393   551
 7153    1641   551   393   992
 7154     873  1785  2490   887
 7155    1825   551   393  1826
 7156    1827   551   393  1825
 7157    1825  1826   393  1827
 7158    1641   992   393  1051
 7159    1827  2440   393   992
 7160    1051  2440   393  1827
 7161    1051   992   393  2440
 7162     359  1656  1124    54
 7163     199  1366  1390   207
 7164    1632  2240  1038  1646
 7165    1454  1785   873  1927
 7166    1632  1646  2173  1821
 7167    2328  1029  1950   994
 7168    1043  1826  1638  1061
 7169    2357  2332  2058  1005
 7170    1456  2240   136  1637
 7171     123  1061  1637  1826
 7172    1637  2240  1638  1632
 7173     995   398   556  1029
 7174    1456  1827   123  1825
 7175    1827  1826   123  1825
 7176    1827  1061   123  1826
 7177     123  1456  1637  1646
 7178    1646  2240  1637  1632
 7179    1646  1456  1637  2240
 7180     123  1646  1637  1821
 7181    1632  1821  1637  1646
 7182     123  1821  1637  1632
 7183    1043  1826   136  1638
 7184    1793   839   894   536
 7185     545  1568  1881   543
 7186    2448  1456   552  2240
 7187    2199   636   637  2344
 7188    1026   398   995  1029
 7189    2448  2240  1006  1038
 7190    1029   398   556   994
 7191    1469  1495   615   611
 7192     997  1821  1820  1632
 7193    1637  1826   136  1456
 7194    1638  1637   136  2240
 7195    1826  1637   136  1638
 7196     538  1453  2490   539
 7197     997   193  2213  2419
 7198    1624  2417  2213   997
 7199    2173  1632   997  1638
 7200    1638  2173  1038  2448
 7201    2448  2240  1038  1638
 7202    1637  1043  2417  1638
 7203    2357  2419   997  1624
 7204    1475   620   610  1484
 7205    2271  2448   193  1038
 7206    2271  1005   392  2332
 7207     651   190  1745  1479
 7208     402  1269  1325   181
 7209     592   618  2094  1733
 7210    2271  2173  1005  2419
 7211     997  1821  2419  2357
 7212    2173   997  2271  1638
 7213    1950  1643  1026  2496
 7214    1211  1260  1249  2287
 7215     994  2086  2328   554
 7216    1587  2486  1588   838
 7217    2343  1487  2483  1495
 7218    1589  1936  1880  2354
 7219    1006   193  2213   997
 7220    1624  2357  2213  2332
 7221    1588  1589  1568  2486
 7222    2149   618   663  1733
 7223    1787   827   119  1562
 7224    1821  2357   997  1820
 7225    2357  2419  1624  1005
 7226    2253   618  2094   592
 7227    1483  1745  2004   662
 7228    1469  1472   605  1484
 7229    1006   997  2213  2417
 7230    2417  2448  1006   193
 7231    2331  2053   179   906
 7232    1066  1058  1950   994
 7233    1020   554  2086   553
 7234    1005   193  2213  2332
 7235    2475   887   124   889
 7236     545  1568   541   900
 7237    1034  2417  1056  1043
 7238    1066   392  1028  2058
 7239     193  2271   997  2417
 7240     903  2475  2435   891
 7241    1994  2213  1949   553
 7242     995  1044  2407  2331
 7243    1005  2332  2058   392
 7244     995  2053   556   398
 7245     873   330  2490   901
 7246     873  1454  2490  1785
 7247    1747   594  1502   156
 7248    1638   136  2417  2448
 7249    1638  1043  2417   136
 7250    1624  2417  1056  1034
 7251     891   889  2435  1723
 7252    1994   553  1949   555
 7253    2213  2332   553   554
 7254    1826  1825  1034   136
 7255     330  2354  1880  1936
 7256     623   618   161  2199
 7257    1624  2419  2213  1005
 7258    1005  2419  2213   193
 7259    1034  1043  1056  1826
 7260    2332   554  2213  1624
 7261     395   179  1642   558
 7262    1815   572   994   398
 7263    2487  1724   866  2414
 7264    1005  2332  2213  2357
 7265    1005  2357  2213  1624
 7266     997  2417  1006   193
 7267    1044  1630  2331   195
 7268    1056  1624  1020  2417
 7269    1056  2417  1020  1043
 7270     889  1938  1723  1935
 7271    1624   554   553  2332
 7272    1624  2332   553  2357
 7273    2328   994  1950  1058
 7274     606  2343   642   593
 7275     155  2415   619   656
 7276    1006  1994   555  2213
 7277    2213   554   555  1006
 7278    2213  1994   555   553
 7279     553   554   555  2213
 7280    1043  1826  1034   136
 7281     901  2489  2490   873
 7282    1927  1935  1879  1723
 7283    1043   136  1034  1006
 7284     136  1006   554  1034
 7285     902   901  1587   903
 7286    2417  1043  1034  1006
 7287    1624  2417  1034  1006
 7288    2213   554  1034  1624
 7289    1006   554  1034  2213
 7290    2213  1624  1034  1006
 7291    2058  2357  1066  1624
 7292    2398  2086  1949   558
 7293    2058  2332  1949   392
 7294     906  2331  2407  1044
 7295     553  1624  1020  1056
 7296     553  2058  1020  1624
 7297    1643   999  1026  1833
 7298     901   330  2490   887
 7299    1034   554  2328  1056
 7300     637  2199   663   636
 7301    1056   554  1020   553
 7302     846  1936  2210   878
 7303     899   898   356  2435
 7304     590  1488   638   140
 7305     572   398  2328   994
 7306    1793   345   894  1931
 7307    1026  1950   995  1058
 7308    1026  1058   995  1066
 7309     553  2213  1949  2332
 7310     623  1888   592   161
 7311    1026   999   995  1833
 7312    2331  2182   995  1643
 7313    2242   137  1498  1748
 7314     623  2344  1897  2199
 7315     553  1020  1949  2086
 7316    2086  1066  1949   558
 7317    1020   553  1949  2058
 7318    2357  2332  1949  2058
 7319     553  2332  1949  2357
 7320    1066   392  1949  1028
 7321    1066  2058  1949   392
 7322    1020  2058  1949  1066
 7323     553  1624  1949  2058
 7324    2357  1624  1949   553
 7325    2357  2058  1949  1624
 7326    1058  1066  1949  2086
 7327    1058  1020  1949  1066
 7328    2086  1020  1949  1058
 7329     901   887  2490  2489
 7330     994   557   556  2398
 7331     889  1927  1723  1938
 7332    1927  1992  1879  1935
 7333    2328  1020  1950  1029
 7334    1793  1931   894   839
 7335    1058  1020  1950  2328
 7336    2086   557   994  2398
 7337     906   179   395  1050
 7338     343   908   896  1926
 7339    2086  1066   994  1058
 7340    2086   558   994  1066
 7341    2398   558   994  2086
 7342     880  1723   539   889
 7343    2210  1785   873  1936
 7344    1950  2496  1026  1029
 7345     370   379  2043  1813
 7346    1029  2496  1026   398
 7347      63    64   165   604
 7348     398  2496  1026  2182
 7349    2091  1748   646  1498
 7350    1044   388  2331  1630
 7351    2331  1643   995  1833
 7352     656  1480  2249  2097
 7353     536   839   894   852
 7354    1931   852   894   839
 7355     260   340   894   852
 7356     322   340   894   260
 7357     260   852   894   322
 7358    2475   124   356   898
 7359     903   342  2435  2475
 7360    1268  1269  1271  1317
 7361    1927  1992  1935   536
 7362    1935   889   899  1723
 7363    1342   287   201  1363
 7364     536  2457  1935   874
 7365    1575  2457  1935   536
 7366     536   874  1935   857
 7367    1927   857  1935   874
 7368     536   857  1935  1927
 7369     894   340   899  1935
 7370    1453   124   539  2084
 7371    1341  1331  1975  1503
 7372    2435  1575   899   340
 7373     124  2475   539   887
 7374    1938   891  1935   889
 7375    1938  1927  1935   874
 7376    1575   891  1935  2457
 7377    2457  1938  1935   874
 7378     891  1938  1935  2457
 7379    1927  1723  1879   880
 7380    2435   903   899  1575
 7381     545  2166   544  1928
 7382    1879  1723   539   880
 7383     195  2088  1044  1630
 7384     352  2166   908   126
 7385     889  1723   539   124
 7386    2084   124   539  1723
 7387     899  2435   356   124
 7388     539  1785  2490  1454
 7389    1211  2422  1249  1318
 7390     124  1935   356   899
 7391     262   256  1218  1264
 7392    1199  1587  1588  2042
 7393     539   887  2490  1785
 7394    1587  2486   838   901
 7395    1879   880   539  1722
 7396    1199  1589  1588  2486
 7397    1228  1236   365  1212
 7398     900  1589  1588  1199
 7399     900  1199  1588  2042
 7400     900  2042  1588   352
 7401     901  2486  1199  1587
 7402    1199   352  2375  2042
 7403     908  2042  2375   352
 7404    1247  1240  1218  1254
 7405    2414  2425  1797   130
 7406     908  2166  2375   126
 7407    1363  1706  1342   381
 7408    2425  2414  1797   905
 7409    1262   500   904    85
 7410    1258  1266   904   364
 7411     905   547  2425  2414
 7412     130  1926  1797   132
 7413    1992  1927   880   839
 7414    2489   887  2490   539
 7415     545   126  1455  1435
 7416     546  1936  2085   873
 7417     873  2489  1880  2486
 7418    2486  2354  1880   330
 7419    1199  2042   900   352
 7420    2331   195  2053  1000
 7421    1935  1992  1879   536
 7422    1454   540   539   880
 7423     838  1932  1795   898
 7424     356   898  1795  1932
 7425     356   124   539  2489
 7426    1821  2357  2058  2419
 7427     873   887  2490   330
 7428     838  1587  1795  1932
 7429     901  1587  1795   838
 7430     901  1932  1795  1587
 7431     900  1589  1568  1588
 7432     838  2486  1795   901
 7433     546  1936   545  2085
 7434    2366   636  2248   637
 7435    1932   356  2489  1795
 7436    1795   901  2489  1932
 7437    1306  1266  1262  1320
 7438     901   887  2489  2475
 7439    1250  1291  1268  1317
 7440    1932   901  2489  2475
 7441    1932  2475  2489   356
 7442     846  1757  2210  1928
 7443    1588   838  1568   900
 7444    1645  1246  2467  1083
 7445     356  2475   539   124
 7446    2489   887   539  2475
 7447    2489  2475   539   356
 7448     845  1785   539  1454
 7449     845   887   539  1785
 7450     880   889   539   883
 7451     883   887   539   845
 7452    1454   880   539   845
 7453     883   845   539   880
 7454     889   887   539   883
 7455     124   887   539   889
 7456    1785   887   873   330
 7457    2489   873  1880  2490
 7458     844   330   873  1936
 7459    1785   330   873   844
 7460     844  1936   873  1785
 7461    2408  1630  1044  1833
 7462    1880  1589   546  1936
 7463     132  2414   866  1926
 7464    2486   330  1880   873
 7465     545  1880  1881  1568
 7466    2375  2166   132   126
 7467     901  2486   873   330
 7468    2489  2486   873   901
 7469    1199  2166   545  1589
 7470    1435   545   544   546
 7471    1928   878  2210  1936
 7472     900   352   545  1199
 7473    1928  1936  2210  2085
 7474     546  1589   545  1936
 7475    2085  2388  2210   549
 7476    1568  2486  1880   838
 7477    1795   838  1880  2486
 7478    1568   838  1880  1795
 7479    1435   546  1881   545
 7480     545   546  1881  1880
 7481     873  2490   546  1880
 7482    1936  2037   846  2210
 7483     493    76    75   492
 7484    2388  2037  2210   549
 7485    2085  1936  2210   873
 7486    2037   846  2210   549
 7487    1111  1958   504  1115
 7488    1446  1273  1209  1644
 7489     249  2482   907   255
 7490    1320  1266  1262  1322
 7491    1696  1797   856   905
 7492     908  1926   343   352
 7493    1205   905  1796  2414
 7494     349  1929   856  1584
 7495     900   352   343  1926
 7496     545  2166   541   126
 7497    2408   388  1044  1630
 7498    1026  2182   995   398
 7499    2331   572   995  2182
 7500    1643  2182   995  2496
 7501    1232   347  1271   256
 7502    1696   905   856   129
 7503    2197   649    66    65
 7504    1029   994   995  1950
 7505    2331  1044   906   388
 7506    1630   570  1044  1833
 7507    1630  2088  1044   570
 7508    1026  1833   995  1643
 7509    1000  2088  1044   195
 7510    2210   846   866   549
 7511     549   890   866  2375
 7512    2375  2166   866   132
 7513    2375   890   866  2166
 7514     890   846   866  2166
 7515     549   846   866   890
 7516    1815   572   556   994
 7517    1026  2496   995  2182
 7518    2331  1815   995   572
 7519    1066  1058   995  1950
 7520    2053  1815   556   398
 7521     570  1000  1044  1833
 7522     570  2088  1044  1000
 7523    1029   994   556   995
 7524    1712  1711  1500  1493
 7525     906  1815  2407  2331
 7526     906  2331   395   179
 7527     355   827   892  2239
 7528     556  1000  1815  2053
 7529    1000  1815  2331   572
 7530    1044  1000  2331  1833
 7531    2388   360   351  1929
 7532    1833  1000  2331   572
 7533    1833   572  2331  2182
 7534    1833  2182  2331  1643
 7535     558  1000   556  2053
 7536    1815  2331  2053  1000
 7537    2331   195   179  2053
 7538    1294  1332  1975  1345
 7539    1949  2332  1642   392
 7540     179  2053  1642   558
 7541    1868  1360   201  1382
 7542     558  2332  1642  1949
 7543    1050   558  1642  1028
 7544     395   558  1642  1050
 7545    1050   392  1642   395
 7546    2053  1815  2407   906
 7547     575  1633  1008  1640
 7548     654  1891   159  1497
 7549     395  2058  1005  2419
 7550     181  1269  1325  1317
 7551    2375  2042   896  1199
 7552    2053   558   179   556
 7553    2058   395  1050   906
 7554    2407   556  2053   179
 7555     906  2053   179  2407
 7556    1028  1066  1050   558
 7557     556   558  1050  2398
 7558     994  2398  1050   558
 7559     556  2398  1050   994
 7560     994   995  1050   556
 7561     995  1950  1050  1066
 7562     994  1950  1050   995
 7563     994  1066  1050  1950
 7564    1050   556   395   558
 7565     179   556   395  1050
 7566     179   558   395   556
 7567    1486   593  1477  1729
 7568    1050  1028  1642   392
 7569    1066   558  1642  1949
 7570    1066  1028  1642   558
 7571    1949  1028  1642  1066
 7572     623  2247  1897  2344
 7573    1733  2242  2149   640
 7574     646   171   611  2384
 7575     637  2344   161   663
 7576     161  2344   592  2247
 7577    2183  1831  1079  1047
 7578    2149  2199   663   618
 7579    1897  2089  1489  2253
 7580     623  1478   592  1888
 7581    1487   606  1469  1472
 7582     137  1748  1495  1487
 7583     197   156  2495   612
 7584     619  1478  2247   155
 7585     155   656  1888   156
 7586    1007   576    67  1053
 7587    1897  1748  2091  2089
 7588    2247  2344   592   636
 7589    2495  1471   664   617
 7590    1888   656   161   623
 7591    2253   618  2149   640
 7592     137  2242  1498  2009
 7593     168   182  1490  1485
 7594     169  2098  1896  1742
 7595     155  1478  1888   619
 7596     611  1487   615  2384
 7597     640  2009  1498  2242
 7598    1498  2253  1489   640
 7599     653   620   610  1475
 7600    2253   618   623  2199
 7601    1733   637  2094   161
 7602    1733  2242   663  2149
 7603     611  1469  2483  1486
 7604     636  2199   663  2149
 7605     620   605  1475  1477
 7606    2199  1733   161   663
 7607    2483   642  1477  1486
 7608    1733   637  2248  2094
 7609    1484  1487  1495  1469
 7610    2312  1403    67   576
 7611    1498   137  2091  1748
 7612     611  1498  2483   171
 7613    1472  1729  1477   593
 7614    1730  2363   580   583
 7615    1495   171  2483  2343
 7616    1897  2253  1489   623
 7617    1477  1484   605  1472
 7618    2089   640  1489  2149
 7619     653   597  1470  1475
 7620     623  2199  1897  2253
 7621     623  1478  1897  2247
 7622    2009   640  2416  2089
 7623    1478  2247   592   636
 7624     651  1504   664   662
 7625     161   618   592  1733
 7626    1088  1645  1433  2420
 7627    2089   137  2091  2009
 7628    1470   597  2245  1475
 7629     637   636   592   161
 7630    2253   618   592   161
 7631     592   656  2094  2415
 7632    1888   656  2094   592
 7633    1478  1888  2094   592
 7634     592   636  2094  1478
 7635     177   596    66   178
 7636    2089  1748  2091   137
 7637     597   653  1470   602
 7638    1019  1954    81    67
 7639     177   672  2001   649
 7640    2199  2009  2089  2149
 7641    2199   137  2089  2009
 7642    2009   640  2089  2149
 7643    1379   281  1372  1383
 7644    1498  2009  2091   137
 7645     623  2253  1489   161
 7646    1486  1729   642   593
 7647     642  1486  2483  1469
 7648     648   559   138  1458
 7649     391  2312  1019    67
 7650    1897   623  1489  2416
 7651     594   662  1502  1737
 7652    1897  2089  2091  2416
 7653    2089  2009  2091  2416
 7654     611   640  2483  1498
 7655    2149  2253  1489  2089
 7656    1486  1472   605  1469
 7657     616   617  2249  1737
 7658    1472  1729   593  1484
 7659    2399   484   609  2423
 7660     653  1472   610  1729
 7661     611  2384   615   646
 7662    2343  2384   646  2091
 7663    2242   640   611  1498
 7664    1487  1748   615  2384
 7665     605  1477   620   593
 7666     593  1486  1477   642
 7667     602   597  2245  1470
 7668    1495  1487   615   611
 7669    2242   137   615  2009
 7670     620  1484  1475   605
 7671     657   666  1895   644
 7672    1731  2131  1647  1076
 7673     171  2384  2343  1487
 7674    1487  2384  2343   606
 7675     646  2242   611  1498
 7676    1495  1748   615  1487
 7677    2149  2242   615  2009
 7678     593  2343   642   171
 7679    1019   391    81  1025
 7680     611   171  2483  1495
 7681     642  2343  2483   171
 7682    2093  2495  2097  1471
 7683     620  1729  1470   653
 7684    2098  1500  1742   183
 7685     646  1748   615  2242
 7686     606  2343  2483   642
 7687     615  2242  1486   611
 7688    1022  1054  2467  1083
 7689    1484  1472  1477   593
 7690    2073  1858  1209  1231
 7691    1472  1484  1469  1487
 7692    1080  1999   588  1049
 7693    2343   606  2483  1487
 7694     646  1498   611   171
 7695     646  2242   615   611
 7696    1495  1469  2483   611
 7697    2244  1497  2007   630
 7698    2366  2094  2248   636
 7699    1486  1477  1475   605
 7700    1487   171   611  1495
 7701    1487  2384   611   171
 7702    2150   182   599  2010
 7703     611  1469  1486   615
 7704    1486  1469   605   615
 7705    1484  1477   605   593
 7706    1484  1729   610  1472
 7707     642  1469  2483   606
 7708    1469   606  1486  1472
 7709    1475  1484   610   605
 7710     653  1729   610   620
 7711    1495  1487  2483   606
 7712     620  1729   610  1484
 7713    1495   606  2483  1469
 7714    2053   995  1815   398
 7715    1477  1472   605  1486
 7716    1484  1472   610   653
 7717    1472  1729   642  1486
 7718    1472   606   642  1729
 7719    1486   606   642  1472
 7720    1954    67  2087  1016
 7721     592  2415  2249   656
 7722    1080  1049   588  1078
 7723    1469   605   610  1484
 7724    2483  1486  1477   611
 7725    1633   585    67  2312
 7726    1745  2093  2004  2243
 7727     620   593  1470  1729
 7728     391  2312    67   576
 7729    2116   349  1696   353
 7730     587  1468  1466  1998
 7731    1047   580  1052    84
 7732    1727   561   139  1882
 7733     597   653   610  1475
 7734    1633  2312  1019    84
 7735     185  1376  1373   292
 7736     343  1797   351  1796
 7737     665    64  2288    63
 7738    1007   391    67   576
 7739    1484   605   620   593
 7740     594   617   664  1737
 7741    1477   642   620   593
 7742     614  2250   478  2151
 7743     668  1739   172   645
 7744    2338   494    75  1430
 7745    1430  1266   904  1262
 7746    1157  2473  2193   526
 7747    2217   588  2057  1080
 7748     529  2073  1217  1231
 7749    1210  1973  1209  1644
 7750    1047  1080  1052   579
 7751    1047   579  1052   580
 7752    2473   526  2382  2193
 7753      84  1954    81  1019
 7754      84   580    81  1954
 7755    1052   580    81    84
 7756    1052    84    81  1019
 7757    1262  1431  2320   498
 7758    1634  1039    86  1059
 7759    1433  1832  1647  1076
 7760    1988  1039    86  1055
 7761    2286  1246  2467  1255
 7762    1052  1047  1079  1080
 7763    1078  1080  1079  1047
 7764    1951  1049  1079  1078
 7765    1082  1049  1079  1951
 7766    1078  1049  1079  1080
 7767    2087  1951  1832  1049
 7768     588  1999  1832  1049
 7769     525  1720  1967  2359
 7770    1079  1082  2087  1049
 7771    1052  1080  2087  1016
 7772    1079  1080  2087  1052
 7773    1079  1052  2087  1082
 7774    1016  1082  2087  1052
 7775     583   584  1048   580
 7776    1546   670   298   194
 7777    1998   586  1466   587
 7778    1015  1082  1021  1951
 7779    2006  2318  2362   513
 7780     493  1432  2285  1716
 7781    1824   400  1021  2057
 7782    2393   387   421  1697
 7783    1954    84  1048  1019
 7784    1019    84  1048   585
 7785    1052  1080  2363   579
 7786      84   581  1048   585
 7787     580   579  2363  1080
 7788    1731  2420  1433  2494
 7789     493   492    75   495
 7790    1088  2131  1433  1246
 7791    1467  1999  1621  1466
 7792    1832  1049  1621  2087
 7793    2066  2339  2473  2232
 7794    2092   628  2500  2003
 7795    1862   100  2484  1973
 7796    1973  1862  2493  1273
 7797     100  2484   529   117
 7798    1255  1246  2467  2484
 7799     588  1468  1466   152
 7800    1076  2131  1433  1731
 7801    1046  2214  2438  1059
 7802     421   408  2473  2066
 7803    1078  2217  2057  1080
 7804    1076  1731  1433  2494
 7805    1824  2183    86  1055
 7806    1243  1430  2139  1432
 7807    1824  1082  1021  1079
 7808    1197  1584  1971  1929
 7809    1046   586  1059  1998
 7810    2214  1634  1059  1039
 7811    1207  1215  1858  1116
 7812    1059  2130    86  1015
 7813    1083  2131  1022  2438
 7814    1824  2057  1021  1951
 7815    1951  1832  1021  1647
 7816    2214  1039  1059  2130
 7817    1731   153  1466   586
 7818      86  1055  1021  1824
 7819    1207  1116  1858  2072
 7820    2484  2420  2493  2494
 7821    2130  1055  2216  1988
 7822    1063  1054  2438  2214
 7823    1457   613  1883  2479
 7824    2073  1231  1209  1210
 7825     389  2193  2382   510
 7826    1998  2217  1021  2057
 7827    1697  1224   389  2393
 7828     153  1046  1731  1088
 7829    2131  1088  1731  1046
 7830    1046  2131  1015  1731
 7831    1466   152  1467  1999
 7832     586  1998  1466  1059
 7833    1647  1621  1021  1466
 7834    2217  1468  1466   588
 7835     152  1999  1466   588
 7836    1621  1832  1021  1999
 7837    2286  1255  1231  2139
 7838    1466  1999  1021  2217
 7839    1465   153  1466  1731
 7840    1076  1731  1466   586
 7841    1465   586  1466   153
 7842    1246  2131  2467  1083
 7843     588  1999  2057  1832
 7844    2217  1999  2057   588
 7845    1832   400  2057  1049
 7846    1832  1049  2057   588
 7847    1951   400  2057  1832
 7848     658   302  1357   186
 7849    1951  1082  1021  1824
 7850    1055  2130    86  1988
 7851    2438  1054  1022  1083
 7852    1356  1398   310   187
 7853    2058   395   906  2419
 7854    1647  1082  1015  1951
 7855    1217  1231  1210  1208
 7856    1999  1049  1621  1832
 7857    1217  2073  1210  1231
 7858    1702  2318   643   659
 7859    1697   421   389  2473
 7860    2073  1973  1023  1644
 7861    1443  2318  2362  2321
 7862    2493   100  1023  1644
 7863    1862  1973  2493   100
 7864     568   513  1443   659
 7865     387  1697  1023  1818
 7866    1349   641  1446  1348
 7867    1995  2002  2471   567
 7868      98  2241  1446   641
 7869    2494  2420  1433  1645
 7870    1731  1088  1433  2420
 7871    2131  1088  1433  1731
 7872      98   515  1446  1445
 7873    1023  1645   117  1818
 7874    1314  1310  2146  2317
 7875    1231  2184  1217   529
 7876    2184  1054  2310  2474
 7877    2484   100  2493  2420
 7878    1862   100  2493  2484
 7879    1273  1644  2493  1973
 7880    1430  2285  2338  1432
 7881    1399   281   207  1402
 7882    1328  1715   496   490
 7883    2339  2317  2237  2232
 7884    1317  1269  1271   184
 7885      76   493  2338   489
 7886      74   143    78  2002
 7887     549   890   351   360
 7888    2073  2184   529  2474
 7889    1697  1818   389  1023
 7890    2438  1063    82  1022
 7891     529   100  1255  2484
 7892    1046   117  1645  1088
 7893     387  1084   529  1858
 7894      83  2184  1217  1231
 7895    1858  2184   529  2073
 7896    1441  1280  2237  2382
 7897    2438  1083   529  1084
 7898    2216  2130    82  1022
 7899    1078  2183  1824   400
 7900    1697   387   529  1818
 7901    1116  1214  2072  1207
 7902    1116  1196  2072  1214
 7903     591  2318  2362  2006
 7904     567   660  2340  1739
 7905    2095  2195  2362  1702
 7906    1991   513  1444  1446
 7907    1258  1265   904  1266
 7908     170   567  2340  1739
 7909    1157  2066   526  2232
 7910    1224   408   421  2393
 7911      86  1015    82  1021
 7912      86  1015  1021  1466
 7913    1081  1023   510  1644
 7914    1188   408   421  1224
 7915     434   433  1946    11
 7916    1884  2116  2282   862
 7917     387  1215  1697  2393
 7918      91  2393  1697  1215
 7919     512  2349  2146   389
 7920    1990    97  1442   512
 7921      91  1224  1697  2393
 7922     389  1296  2146  2382
 7923    2382  2339  2237   410
 7924      91  1215  1697  1216
 7925    1081  1697   510   389
 7926     387  1644  1697  1858
 7927    1858  1215  1697   387
 7928    1967   526  2237  2066
 7929    1224  1226  1697  1814
 7930    1224    91  1697  1226
 7931    2473   526  2237  2382
 7932    1023  1644  1081  2073
 7933    1858  1207  1697  1215
 7934    1216  1215  1697  1207
 7935    1207  1288  1697  1216
 7936    1226  1216  1697  1814
 7937    1226    91  1697  1216
 7938    1023  1697  1081   389
 7939    1023  2073  1081   387
 7940    2066   410  2473  2339
 7941     408   410  2473  2066
 7942     408  1248  2473   410
 7943     421  1188  2473   408
 7944    1248  1188  2473   421
 7945    1248   408  2473  1188
 7946     512   389  2146  2382
 7947    1728  2002  1885  1461
 7948     389  1697   510  1644
 7949    1644   389  1280   510
 7950    1081  1644   510  1697
 7951     389  2193   510  1081
 7952     526  2066  1967  2232
 7953    1280  1441   519  1644
 7954    1701  2349   389  1296
 7955    1288  2381   389  2349
 7956     525  2359  1967   526
 7957    1697  1814   389  1224
 7958    1235  1224   389  1814
 7959    1235  1267   389  1224
 7960    1235  1296   389  1267
 7961    1701  1296   389  1235
 7962    1989  2317  2146  1310
 7963    1814  2349   389  1701
 7964     513  1445  1719    98
 7965     510  1023   117   100
 7966    1814  1288   389  2349
 7967    1492   170   172   173
 7968     419  2232  1967  2317
 7969    1267  1296   389  2339
 7970    1235  1814   389  1701
 7971    1216  1814   389  1697
 7972    1216  1288   389  1814
 7973    1697  1288   389  1216
 7974    2237  2317  2146  1967
 7975    1224  1188   389   421
 7976    1224   410   389  1188
 7977    1224  1267   389   410
 7978    2339   410   389  1267
 7979    1989   511  1501   512
 7980    2447  1991   516  1446
 7981    1442    97   514   512
 7982    2339  1296  2382  2317
 7983     389  1296  2382  2339
 7984     421  2193  2382   389
 7985     421  2473  2382  2193
 7986     389  2339  2382   410
 7987     389   410  2382  1188
 7988     421  1188  2382   410
 7989     389  1188  2382   421
 7990     421  1248  2382  2473
 7991     421   410  2382  1248
 7992    2382   410  2237  1248
 7993    2473  1248  2237   410
 7994    2382  1248  2237  2473
 7995     203   189  2342  2096
 7996    1432  1365  2362  2195
 7997    2382  1280   512   389
 7998    1310  2349   512  1326
 7999    2447  1349  1446  2195
 8000    1535  2436   512  1326
 8001    1328  1320  1356    76
 8002     480   614   479   154
 8003    1703    76  1356  1320
 8004    1326  2349   512  2381
 8005     389  2381   512  2349
 8006    2381  1535   512  1326
 8007    1443   513  1444  1991
 8008    2382    97  2146  1280
 8009     389  1288   512  2381
 8010    2381  1288   512  1535
 8011     196   673  1491   655
 8012    2146   512  1989  1310
 8013     512  1326  1989  1310
 8014    2438  2131    82  1046
 8015     203   660   608   170
 8016     660   659  2251   163
 8017    1991  2321  1443  2447
 8018    1703   158  1356  2318
 8019     207  1338   208   199
 8020    2446   203   200   590
 8021     514  1501    98    95
 8022    2241  1501    98   514
 8023    2241    95    98  1501
 8024     144   659  2251   568
 8025    1350  2006   591  1349
 8026    2420  1644   100  2493
 8027     489   493   491    76
 8028    1205  1971  1784   856
 8029     489    76   491  1429
 8030    1323   490  1316  1715
 8031    2447  1991  1446   513
 8032    1446  1991   516  1875
 8033    2426   652  2090  2427
 8034     349  1584   856  1696
 8035    1338  2434  1316  1704
 8036     660   568  2340  2251
 8037     513    95  2447   641
 8038      78  2002  1885  1728
 8039    2447    98  1446   641
 8040    1476   643  2340  2252
 8041    1349  1350  1446   591
 8042    2195  2321  2362  1702
 8043     569   144  1461  2002
 8044     668   645  2342  1739
 8045    2005  1889   180  1736
 8046    1457  2090   647   561
 8047    2318   643  2340  1476
 8048     641  2241   163   513
 8049     621  1457   647  1727
 8050    1674   142  1155  2136
 8051     567   568   569  2002
 8052    1150  1155   142  1160
 8053    2148  2002  1885    78
 8054     568  2002  1728   144
 8055    2251  2318   163   659
 8056    2447  2321  2362  2195
 8057     140   143   590  2471
 8058    2096   189  2342   668
 8059     659   660   567   608
 8060    2471  2002   608   567
 8061    1443   513  2362  2318
 8062     590   140   638  1462
 8063    2321  2318  1702   659
 8064     140   563   565   562
 8065     154   614   479  2151
 8066     180  1736  1741  2005
 8067     299  1370  1366  1399
 8068    1702  2095   643  2362
 8069    1328   490   496    76
 8070    2095   144   600   633
 8071    1076  2087  1832  1621
 8072    2471   143    74  2002
 8073    2252  1488    74  2096
 8074    1461   144  1728  2002
 8075     173   668  1735   172
 8076     512  1501   210   514
 8077     163   641  1349  2251
 8078     568  2318  2251   144
 8079     493  2143   495   494
 8080     144  2318  2251   659
 8081     163  2318  2006   513
 8082    2243  1732  1497  1483
 8083    1989   512   210  1326
 8084    1365  1350  2445   591
 8085     144   659   643  2318
 8086    2251   603  2340   660
 8087     200   608   590   203
 8088    2285   489  2338   493
 8089    2321   144  1443   659
 8090     567   660   170   608
 8091    1739   660   170   567
 8092    2251   660   170  1739
 8093      74  1488  1746   638
 8094    1703  1320  1356  2451
 8095     163   513  2006  1349
 8096     278  1365  1432  2195
 8097    2251  2318   629   163
 8098     591  2318   629   158
 8099      74  1462    78   143
 8100     772  1365  1350  2432
 8101    2006   645   629  2251
 8102    2195  2413  2285  1432
 8103    2362  1320  1430   489
 8104    2024  1365  1350   772
 8105    2251   603   629  2318
 8106    2446   196  2342   189
 8107     645  1349  2251  2006
 8108    1703  2318  1476  2362
 8109    2362   643   600  2095
 8110    1356   310  1338   208
 8111     295  1365  2445  1320
 8112    1320  2395  2445   295
 8113     600   633   643  1746
 8114     140   143  1462   590
 8115     590  2471  2096   608
 8116    2445   591  2362  1365
 8117     608  2471  2096  2002
 8118     613   180  1460  1894
 8119     140   563   141   565
 8120    1432  2195  2362  2285
 8121    1704  1323  1329  1316
 8122    1476  1328  1353  1356
 8123    1476  1328  1356  1703
 8124     590  1488  2198  2096
 8125     641  1349  1446  2447
 8126     590   143  1462  2471
 8127     157  1493  1711   480
 8128     601   638  1892   141
 8129     627   167  1499  2368
 8130    1462   140   638   141
 8131     529  2184  1217  2474
 8132    2318   603  2340  2251
 8133    2252  2096    74  2002
 8134    2471  2002    74  2096
 8135    1462   143    74  2471
 8136     590  2096    74  1462
 8137     590  2471    74  2096
 8138    1462  2471    74   590
 8139      75  1322  1262    77
 8140    2214  1063    82  2438
 8141    2148  2002    78   143
 8142    1728  2095  1702   633
 8143    1704  2434  1316   299
 8144    2285   489  2362  1432
 8145    1429    76   491   493
 8146    2447  1349  2362  2006
 8147    2362  2318  1476  1702
 8148    2095   144   633  1728
 8149    1736   622  1741   673
 8150    1283  1297   396  1290
 8151     633  2095  1746   600
 8152     633    78  1746    74
 8153    1728    78  1746   633
 8154      74  2002  1746  2252
 8155      78  2002  1746    74
 8156    1728  2002  1746    78
 8157    1385   292  1373  1706
 8158    1090  1958  1661  1659
 8159      86  1634  1021  1055
 8160     658  1319  1324   205
 8161     513    98  1446  2447
 8162      98  1445  1446   514
 8163    2321   659  1702   144
 8164     163  2318  1443   659
 8165     520  2413  1446    79
 8166      76   489  2338  1430
 8167    1365   278  2362  1320
 8168    2447  2195  2362  1349
 8169    2447  2195  1446  2413
 8170    2447   513  1443  1991
 8171     493  1432  2338  2285
 8172    1430  1306   904  1266
 8173    1349   513  2447   641
 8174    2321   144  1702  1728
 8175    2095  1728  1702   144
 8176    1716  2143   491   493
 8177     600   144   643   633
 8178    1350  1365  2195   591
 8179    2445  2451   187  1381
 8180    1696   129   856  1884
 8181    2195  1365  2362   591
 8182     513    98  2447    95
 8183    1716   489   491  2285
 8184    2006   513  2447  1349
 8185    1446  2413   516  2447
 8186     513  1719  1446    98
 8187     163   659  1443   513
 8188    1349   591  1446  2195
 8189    2216  1063  2310  1022
 8190    2285  2195  2362   489
 8191    1443  2321  2362  2447
 8192    2006   513  2362  2447
 8193    1951  1078  1824   400
 8194    1876   518  1446   515
 8195    1338  1704  1316  1323
 8196    1076  2484  2494  1433
 8197    1974   422  1446  1309
 8198     210  1348  1446   641
 8199    1974  2432  1446  1348
 8200    1273    79  1446  1973
 8201     520    79  1446  1273
 8202    1350  1349  1446  1348
 8203    1350  1348  1446  2432
 8204     519   518  1446  1876
 8205    1273   519  1446   520
 8206     518   519  1446  1280
 8207    1280  1445  1446   518
 8208     514   512  1446   210
 8209     514  2241  1446    98
 8210     517   519  1446  1876
 8211     520   519  1446   517
 8212    1213   263   907  1264
 8213    2436  1348  1446   210
 8214    2436  1974  1446  1348
 8215    1974  2024  1446  2432
 8216    1974  1309  1446  2024
 8217    1309   278  1446  2024
 8218    2283   256  1232  1221
 8219    1273  1644  1446   519
 8220     519  1644  1446  1280
 8221     512  2436  1446   210
 8222    1280   512  1446   514
 8223     514  1445  1446  1280
 8224    1501   514  1446   210
 8225    1501  2241  1446   514
 8226     210  2241  1446  1501
 8227    2195  1350  1446  1365
 8228    2024  1365  1446  1350
 8229    1217  2073   362  1210
 8230    1217  1022   362  2310
 8231     529  2474   362  2073
 8232    2072  1196  1446  1214
 8233    1350   772  1446  2024
 8234    2432   772  1446  1350
 8235    2432  2024  1446   772
 8236    1288   422  1446  1974
 8237     285  1288  1446  1974
 8238    1535  2436  1446   512
 8239    2195  1365  1446   278
 8240    2024   278  1446  1365
 8241     422  2405  1446  1309
 8242     422  1214  1446  2405
 8243    1063  1054  2310  2438
 8244     908   343   896  1796
 8245    2405  2038  1446  1309
 8246     512  1288  1446  1535
 8247    1535  1288  1446   285
 8248    1535   285  1446  1974
 8249    1535  1974  1446  2436
 8250    1288  1214  1446   422
 8251    1858  1644  1446  2072
 8252    2310  2474   362  1217
 8253     529  2073   362  1217
 8254     512   389  1446  1288
 8255    1280   389  1446   512
 8256    1644   389  1446  1280
 8257    1214  1288  1446  1207
 8258    2072  1207  1446  1858
 8259    2072  1214  1446  1207
 8260     389  1697  1446  1288
 8261    1644  1697  1446   389
 8262    1207  1288  1446  1697
 8263    1858  1207  1446  1697
 8264    1697  1644  1446  1858
 8265    1328   490  1323  1715
 8266    2098  1898  1473   481
 8267    1353  1328  1338  1356
 8268     144  2095   643  1702
 8269    1702   659   643   144
 8270    1696   349   904   364
 8271    1546   670   194   671
 8272     207   199   208  1390
 8273    1739   660  2340   645
 8274    1211  1318  1249    77
 8275    1338  1356   208  1371
 8276    1703  2362  1476   643
 8277    1210  1273  1209  1446
 8278     186   302  1333   299
 8279    2251   568  2340  2318
 8280    2362  1702  1476   643
 8281    2476   562   564   563
 8282    1647  1731  1015  2131
 8283    1328    77    75   496
 8284     624  1491   191  2092
 8285     307  1395  1356  2395
 8286    1322  1320  1356  1328
 8287    1322   307  1356  1320
 8288    1328   307  1356  1322
 8289    2451  1320  1356  2395
 8290     307  2395  1356  1320
 8291     568   660  2340   567
 8292     144   633  2340   643
 8293    1746  2252  2340   643
 8294     643   633  2340  1746
 8295     144  1728  2340   633
 8296     144   568  2340  1728
 8297     633  1728  2340  1746
 8298    2252  2002  2340   567
 8299    1746  2002  2340  2252
 8300    1728  2002  2340  1746
 8301    1728   568  2340  2002
 8302     567  2002  2340   568
 8303    1399  1398  1338  2434
 8304    1398   187  2434  1395
 8305    2434  1370  1338  1399
 8306     299  1370  1338  2434
 8307     299  1399  1338  1370
 8308     196   628  2198  1491
 8309     621   167   647  1457
 8310    1202   129   364  1884
 8311    1696   343   856  1797
 8312     529  2286  1231    83
 8313    1328  1338  1323  1704
 8314    1491  1488  1892  2092
 8315    1491   638  1892  1488
 8316    2092  1894  1892   180
 8317    1356  2434  1323  1338
 8318    1356  1328  1323  2434
 8319    1338  1328  1323  1356
 8320    1328  1320    75  1322
 8321     493    76   492  1429
 8322     492   490   496  1715
 8323     391  1016    67    81
 8324    1261  1277    80  1308
 8325    1703   489  1430  1320
 8326    1784  1228  1211  1971
 8327    1231  1434   364  1208
 8328     364  1306   904  1430
 8329    1647  1466  1021  1015
 8330    1211  1228   365  1971
 8331    1205  1929   351  1971
 8332    2072  1210  2282  1209
 8333    1731   153  1015  1046
 8334    1231  1644  1209  1973
 8335     353   349   364  1195
 8336    1295  1318    77  2434
 8337    1322  1295    77  2434
 8338    1323  2434    77  1316
 8339    1316  1715    77  1323
 8340     307  1322    77  2434
 8341    1328  2434    77  1323
 8342    1323  1715    77  1328
 8343    2375   890   351   549
 8344     364  1252   904  1265
 8345    1055  1010  1824  2183
 8346    1988  2130    86  1039
 8347    1322   307    77  1328
 8348     307  2434    77  1328
 8349    1431   499  2320   498
 8350     351  2414   896   866
 8351    2338   493    75   494
 8352    1430   489  2338  2285
 8353      76   489  1430  1703
 8354    1703  1320  1430    76
 8355    1987  1243  1434  2320
 8356    1971  1929   856  2116
 8357    1262  1322  1260    77
 8358    1079  2183  1824  1078
 8359    1973  1818  1255  1023
 8360     364   129   904  1696
 8361    1926   132   896   866
 8362     866   132   896  2375
 8363    1255  1243  2139  2286
 8364     907   255  1227   358
 8365    2388  2037   351   360
 8366    2320  1262    85   500
 8367     496    76    75  1328
 8368    1255  2286  1231   529
 8369    1211  2287  1249   500
 8370    1266  1252   904  2334
 8371     904  1262  1211   500
 8372    1884  2116   856  1696
 8373    1015  1951  1021  1647
 8374     856   908  1796   343
 8375    1236   255  1227  1089
 8376     866   549   896   351
 8377    1432   278  1243  1430
 8378     549  2037   351  2388
 8379    1306   278  1243  1279
 8380    1430   278  1243  1306
 8381    1255    79  2139  1973
 8382    2216  2214    82  2130
 8383      86  2130    82  1015
 8384    1205  2116   856  1884
 8385    1022  1054  2310    83
 8386    1022    83  2310  1217
 8387    1243  1279  2139  1258
 8388    1279  1300  2139  1258
 8389     278  1300  2139  1279
 8390    1309  1300  2139   278
 8391    2073  2072  1209  1858
 8392    1022  2438  2310  1054
 8393    1243   278  2139  1279
 8394    1432   278  2139  1243
 8395    1309   278  2139  1446
 8396    1432  2195  2139   278
 8397    1446   278  2139  2195
 8398    2195    79  2139  1446
 8399    1432    79  2139  2195
 8400     180   167  1499   621
 8401     496   495    75   492
 8402    1466  1059    86  1015
 8403    1328  1322    75    77
 8404    1328    76    75  1320
 8405    1993  2414   351  2388
 8406     904  1696  1211  2334
 8407     496   492    75    76
 8408    2467  1015    82  2131
 8409    2230  1242   365  2422
 8410    1195  1252   904   364
 8411    1244  1089  1227   255
 8412    2184  2474  2310    83
 8413     904  2334  1211  1266
 8414     862  2038  2282  1210
 8415    2388  2414   351   549
 8416    1236   255   365  1227
 8417     549   360   351  2037
 8418     609   650   657  2152
 8419    1022  2467    83    82
 8420    2423   202   609  2399
 8421    1262  2287  2320  1431
 8422    2287  1262   500  1260
 8423    2414  1993   351  1205
 8424    1430  1243   904   364
 8425    1046   586  1015  1059
 8426      83  1054  2310  2184
 8427    1951  1082  1824  1079
 8428    1986  1714  2320  1243
 8429    1262  2287   500  2320
 8430    1433  1647  2131  1076
 8431    1079  1047  1824  2183
 8432    1696  2334   904   349
 8433    2057  1999  1021  1832
 8434    1262   497  2320  1986
 8435    1714  1986  2320   497
 8436    1832  1951  1021  2057
 8437    1262   499  2320   497
 8438     498   499  2320  1262
 8439    2216  1022    82  1063
 8440     364  1265   904  1258
 8441    1015  1046    82  2131
 8442    1621  1466  1647  1076
 8443    1621  1076  1647  1832
 8444    2216  1063    82  2214
 8445    1015  2130    82  2214
 8446    1083  1054  2467  1084
 8447    2072  1196   862  1210
 8448    1059  2130  1015  2214
 8449    1059  2214  1015  1046
 8450     586  1046  1015   153
 8451    1647  1466  1015  1076
 8452     586  1076  1015  1466
 8453     586   153  1015  1731
 8454    1022  1083  2467  2131
 8455    1243  2286  1231  2139
 8456    1647  1076  1015  1731
 8457     586  1731  1015  1076
 8458    1046  2214    82  2438
 8459    1987  1714  1434  1243
 8460    2217  1998  1021  1466
 8461     400  1634  1021  2057
 8462    1824  1055  1021  1010
 8463    1824  1010  1021   400
 8464      86  1059  1021  1634
 8465    1059  1998  1021  2057
 8466    2057  1634  1021  1059
 8467    1466  1059  1021    86
 8468    1466  1998  1021  1059
 8469    1634   400  1021   996
 8470    1634   996  1021  1055
 8471    1010   996  1021   400
 8472    1010  1055  1021   996
 8473    1973  1446  1210  1231
 8474     117  2484  2467  1645
 8475     117  1645  2467  1084
 8476    1433  1246  2467  1645
 8477    2484  1246  2467  1433
 8478    2038   405  1210  1196
 8479    2484  1433  2467  2494
 8480    1645  2494  2467  1433
 8481    2484  2494  2467  1645
 8482    1217    83  2310  2474
 8483    1022  1054    83  2467
 8484    1644  2072  1209  1446
 8485    1084  2184    83   529
 8486    1255  2286    83  2467
 8487    1255   529    83  2286
 8488    1084  1054    83  2184
 8489    2467  1054    83  1084
 8490     117  1084    83   529
 8491    2467  1084    83   117
 8492    1255  2484    83   529
 8493    2467  2484    83  1255
 8494    2467   117    83  2484
 8495     529  2484    83   117
 8496    2038  1195   364   329
 8497    1434  1243    85  2320
 8498    1217  2474   362   529
 8499    1255   529  1231  1818
 8500    2073  1818  1231   529
 8501    1023  1973  1231  1255
 8502    1023  2073  1231  1973
 8503    2073  1644  1231  1973
 8504    1858  1644  1231  2073
 8505    1926  2375   896   132
 8506    1255  1973  1231    79
 8507    1446    79  1231  1973
 8508    2139    79  1231  1446
 8509    1255    79  1231  2139
 8510    1023  1818  1231  2073
 8511    1255  1818  1231  1023
 8512    2139  1300  1231  1258
 8513    1309  2038  1231  1258
 8514    1446  2038  1231  1309
 8515    2139  1309  1231  1300
 8516    1446  1309  1231  2139
 8517    1258  1300  1231  1309
 8518    1446  1973  1210  1273
 8519    1884  2116  1202  2282
 8520    1196  1214  1210  1446
 8521    1196   405  1210  1214
 8522    1214   405  1210  2038
 8523    1973  1644  1210  1273
 8524    1446  2405  1210  2038
 8525    1214  2405  1210  1446
 8526    1214  2038  1210  2405
 8527    1884  2116   862  1579
 8528    1573  1579   862  2116
 8529     353  1195   364  2038
 8530    1195   349   904  2334
 8531    1196  2038   862  1210
 8532    1196  1573   862  2038
 8533    2072  1116   862  1196
 8534    2116  2282   364  1202
 8535    1090    94  1439  2277
 8536    2116   353   862  1573
 8537    2282  2038  1202  1210
 8538    1258  1243   364  1202
 8539    1210  2038  1202  1231
 8540    1254  1298  1218   256
 8541    1210  1231  1202  1208
 8542    1884  1579  1205  2116
 8543    2116   353  1696   364
 8544     381  1360   201  1317
 8545    2320  1987    85  1434
 8546    1573  2038  2282   862
 8547    2337  2287  1249  1260
 8548    2414   905  1796  1797
 8549    1231  2038  1202  1258
 8550    1266  2422  1211  1295
 8551    1231  2139  1202  1243
 8552    1258  2139  1202  1231
 8553    1258  1243  1202  2139
 8554    2038  1126  1202  1258
 8555    1573  2038  1202  2282
 8556    1212  1236   365  1227
 8557    1796  1205   856   905
 8558    1884  2116  1696   364
 8559     364   129  1696  1884
 8560    1260  2287  1211   500
 8561     856  1584  1211  1696
 8562     907  1244   397  1257
 8563    1249  1318  1089  2337
 8564    1258  1126   364  1195
 8565    1202  1126   364  1258
 8566     329  1195   364  1126
 8567    1202  2038   364  1126
 8568     329  1126   364  2038
 8569    1573  2038   364  1202
 8570    1573   353   364  2038
 8571    2116   862   364  2282
 8572    2116   353   364   862
 8573    1696   129   904   905
 8574    1258  1195   364  1252
 8575    1258  1252   364  1265
 8576    1283  1346  1297  2481
 8577     500  1262  1211  1260
 8578    1971  2116   856  1205
 8579     353  1573   364   862
 8580    2282  1573   364  1202
 8581    2282   862   364  1573
 8582    1993   129  1205   905
 8583     907   357  1227  1240
 8584    1884   129  1205  1993
 8585    1243  1306   364  1430
 8586     904   500  1211    85
 8587    1258  1266   364  1306
 8588    1279  1306   364  1243
 8589    1279  1258   364  1306
 8590    1243  1258   364  1279
 8591     186   302  1357  1333
 8592    1212   357  1227   358
 8593    1278   184  1312  1705
 8594     397   255  1227   907
 8595    1205  1884   351  1929
 8596     856  1228  1211  1784
 8597    1797  1926   896  2414
 8598    1228  2422  1249  1211
 8599    2337    77  1249  1318
 8600    2375   360   351   890
 8601    1796  2414   351  1205
 8602     866  2375   896   549
 8603    1257   907   396  1283
 8604    1884  1993   351  2388
 8605    1356  2451   208  1371
 8606    1236   907  1244  1227
 8607     907   358  1227   357
 8608    1247  1232  1218  1240
 8609    1236  1228  1227  1212
 8610    1268  1250  1271  1232
 8611    1236  1089  1227  1244
 8612    1784  1584  1211   856
 8613     349  2334  1211  1696
 8614     349  1584  1211  2334
 8615    1696  1584  1211   349
 8616    1266  1295  1211  1322
 8617     904  1266  1211  1262
 8618    1971  1584  1211  1784
 8619    1971  2422  1211  2230
 8620     176  2367   627   188
 8621      77  1322  1211  1295
 8622    1260  1322  1211    77
 8623    1262  1322  1211  1260
 8624    1262  1266  1211  1322
 8625    1971  2230  1211  1584
 8626    2334  1584  1211  2230
 8627    2422  2334  1211   676
 8628    2230   676  1211  2334
 8629    2422   676  1211  2230
 8630    1318  1295  1211  2422
 8631      77  1295  1211  1318
 8632    2152   672   657  2428
 8633    1338  1366  1333  1704
 8634    1297  1303  1277  1283
 8635    1249  1318  1236  1089
 8636    1228   500  1211  1249
 8637    1232  1221  1218   347
 8638    1249  2422  1236  1318
 8639    1359  1339  1867  1294
 8640    2458  1291  1250  1256
 8641    2337  1260  1249    77
 8642    1211    77  1249  1260
 8643    1317  1269  1325  1330
 8644    1240   357  1218   907
 8645    2337  2287  1089  1249
 8646    1318   255  1236  1089
 8647    1318  2422  1236   255
 8648    1228  2422   365  1236
 8649    1244  1261   397  1089
 8650    1211  2422   365  1228
 8651    1254  2482  1218  1298
 8652    1283  2482  1297  1346
 8653     907  1244  1227   397
 8654    1307  2316  1304  1305
 8655    1221  1232  1218  1247
 8656    1640   575  1002  1008
 8657     381  1868   201   287
 8658    1971  2230   365  2422
 8659    1261  1303  1277   186
 8660     374   184  1705  1317
 8661    1247  1254  1218   256
 8662     315  1382   211  1394
 8663     184   181  1312  1705
 8664    1294  1339  1867  1330
 8665     343  1926   896  1797
 8666    1311  1297  1312  1290
 8667    1346  1319  1290  1297
 8668    1290  1297   396  2482
 8669     256  2482  1254  1298
 8670    1868  1330  1325  1867
 8671    1264  2482  1218   249
 8672     619   636  1747  2344
 8673     908  2042   896  2375
 8674    1205  1796   896   351
 8675     341  1263  1250   347
 8676    1290  1346  1312  1311
 8677    1263  1291  1250  1317
 8678    1290  2482  1312  1346
 8679    1971  1206  1204  1197
 8680    1240   907  1218  1254
 8681     367  2458  1284   363
 8682    1197  1971   365  1204
 8683    1197  2230   365  1971
 8684     255  2422   365  1242
 8685    1236  2422   365   255
 8686    1233  1242   365  2230
 8687    1197  1206   365  2230
 8688    1204  1206   365  1197
 8689    1227   255   365   358
 8690    1237   358   365   255
 8691    1204   358   365  1206
 8692    1237  1206   365   358
 8693    2230  1206   365  1233
 8694    1237  1242   365  1233
 8695    1233  1206   365  1237
 8696    1289  1237   365   255
 8697    1289  1242   365  1237
 8698     255  1242   365  1289
 8699     256  1263  1250  1317
 8700     347  1263  1250   256
 8701    1256  1291  1250  1263
 8702    1256  1263  1250   341
 8703     270  2458  1250  1256
 8704     270   341  1250  2458
 8705    1256   341  1250   270
 8706    2458  2231   363   367
 8707    1867  1355  1377  1868
 8708     374  1311  1312  1346
 8709     651   632  1745   190
 8710    1331  1332  1975  1304
 8711    1232   256  1247  1221
 8712    1254   907  1247  1240
 8713     178   598   626  2291
 8714    1344   674  1345  1294
 8715    1503  2316  1304  1307
 8716    1304  1503  1975  1331
 8717    1257   907  1247  1254
 8718    1254   256  1247  2482
 8719    1868  1375  1377  1394
 8720     209  1346  1373  1376
 8721     907   358  1218  1213
 8722    1213   263  1218   907
 8723    1264   249  1218   907
 8724     907   249  1218  2482
 8725    1379  1399  1390  1366
 8726     209  1363  1373  1342
 8727    1331  2316  1304  1503
 8728    1332  2316  1304  1331
 8729    2458  1291  1284  1268
 8730    1705  1325  1317   181
 8731    1287  1339  1294  1330
 8732     196   189   172   668
 8733    1332  1345  1294  1359
 8734    1332  1351  1294  1339
 8735    1359  1351  1294  1332
 8736    1359  1339  1294  1351
 8737    1975   674  1344   206
 8738    2231  1287  1294  1330
 8739    1275  1287  1294  2231
 8740    1284  1330   402  1269
 8741    1294  1330  1284  2231
 8742     367  1291  1284  2458
 8743    2231  1330  1284  1291
 8744    1317  1291  1284  1330
 8745    1269  1291  1284  1317
 8746    1317  1330  1284  1269
 8747    2231   367  1284   363
 8748    2231  1291  1284   367
 8749    1745   190  2004  2093
 8750    1332  1341  1975  1345
 8751    1271   184  1278  1317
 8752    1278  2482  1290  1254
 8753    1271  1247  1278  1254
 8754    1283   397   396  1257
 8755    2482  1312  1278  1290
 8756     205  1346  1290  1311
 8757    1271  1317  1278   256
 8758     374   256  1278  1317
 8759    1312  2482  1278   374
 8760    1271   256  1278  1247
 8761    1247  2482  1278  1254
 8762    1247   256  1278  2482
 8763     374  2482  1278   256
 8764     177   178    66  2291
 8765    1377  1382   201  1360
 8766     402   181  1867   674
 8767     186  1333  1357   658
 8768    1373  1363   201  1385
 8769    1503  1304  1975   206
 8770     157   596  1500   598
 8771    1378  1294  1345  1359
 8772    1359  1378  1867  1355
 8773    1355  1330  1867  1339
 8774    1359  1355  1867  1339
 8775     402  1294  1867  1330
 8776     674  1294  1867   402
 8777    1868  1330  1867  1355
 8778    2368   644  1895   666
 8779    2364   644   657  2152
 8780    2451  2395  1381  2445
 8781    1382  1397   201   287
 8782    1385  1397   201  1382
 8783    1377  1360   201  1334
 8784    1269   184  1705   181
 8785    1317   184  1705  1269
 8786    1399   281  1390   207
 8787     481   157  1742  1500
 8788    1278   184  1705   374
 8789     173  2096  1735   668
 8790     481   595  1500  2098
 8791     381  1360  1342   201
 8792    1325  1868  1360  1330
 8793    1325  1330  1360  1317
 8794    1868  1317  1360  1330
 8795    1324  1333  1329   186
 8796     658   302  1372  1357
 8797    2001  2291  2152   672
 8798    1333  1366  1357  1704
 8799     629   645   172   603
 8800     496    77    80  1316
 8801     658  1357  1372  1367
 8802     658  1333  1324   186
 8803    2331  1033  1630   998
 8804     563   140  2476   562
 8805    1257   907  1283   397
 8806    1375   211  1377  1394
 8807     199  1338   208  1371
 8808    1290  2482   396  1254
 8809    1402  1401   292   198
 8810     168  1494  1496  1485
 8811    1319  1297  1324   186
 8812    1890   657  1895  2428
 8813    1283  1303  1277  1261
 8814    2481   302  1283  1337
 8815    1337  1346  1283  2481
 8816     154  1493   157   480
 8817     397   907  1283   255
 8818    1337  2482  1283  1346
 8819     255  2482  1283  1337
 8820     907  2482  1283   255
 8821     907  1257   396  1254
 8822    1218  2482   396   907
 8823    1254  2482   396  1218
 8824    1218   907   396  1254
 8825    1342  1311  1312   374
 8826    1705  1311  1312  1342
 8827    1342   374  1312  1705
 8828    1371  1390   208   199
 8829    1308  1261  1329  1316
 8830     658  1297  1324  1319
 8831    1297  1303   186  1319
 8832     198  1376   185   292
 8833    1357   302  1372  1333
 8834     255   299   186  1261
 8835    1283  1303   186  1297
 8836    1297   302   186  1283
 8837    1337   302   186   299
 8838     255  1337   186   299
 8839     397  1261   186  1303
 8840     255  1261   186   397
 8841    1283   302   186  1337
 8842    1337   255   186  1283
 8843     397  1303   186  1283
 8844    1283   255   186   397
 8845    1401   287  1385  1397
 8846     207  1402  1390   198
 8847    1333  1323  1329  1704
 8848    2368   648  1499   627
 8849      77  2434    80  1316
 8850    2337  1261    80  1089
 8851    1308  1715    80  1316
 8852     496  1715    80  1308
 8853     496  1316    80  1715
 8854    1089  1316    80  1318
 8855    1089  1318    80  2337
 8856    1308  1316    80  1261
 8857    1089  1261    80  1316
 8858    1316  2434    80  1318
 8859      77  1318    80  2434
 8860    2337  1318    80    77
 8861    1338   299  1333  1366
 8862    1704   299  1333  1338
 8863    1366   299  1333  1379
 8864     302  1379  1333   299
 8865    1867  1868  1377  1325
 8866     621   167  1499   647
 8867     198   281  1390  1383
 8868     180  2005  1741   167
 8869    2423   202  2399   635
 8870    1388   185  1385  1397
 8871    1297  1319   658  2481
 8872    1297  2481   658   302
 8873    1308  1277  1329  1261
 8874     186  1277  1329  1308
 8875     186  1261  1329  1277
 8876     186   299  1329  1261
 8877    1333   299  1329   186
 8878    1333  1704  1329   299
 8879    1316   299  1329  1704
 8880    1316  1318  1329   299
 8881     255  1318  1329  1261
 8882     255   299  1329  1318
 8883    1261   299  1329   255
 8884    1089  1318  1329  1316
 8885    1261  1318  1329  1089
 8886    1089  1316  1329  1261
 8887     658   209  1367   185
 8888     625   669   627  2005
 8889     209  1342  1373   205
 8890    1382   287   315  1401
 8891     589   672  2152  2428
 8892     205  1319   209   658
 8893    1333  1379  1372  1366
 8894    1367   209  1373   185
 8895     185   209  1373  1376
 8896     658  1319   209  2481
 8897     185   292  1385  1401
 8898    1319  1346   209  2481
 8899    2481  1346   209  1376
 8900    1290   205   209  1346
 8901    1319   205   209  1290
 8902    1290  1346   209  1319
 8903     185   198  1388  1383
 8904     198   281   185  1376
 8905     209  1376   185  2481
 8906     209  2481   185   658
 8907    1376   281   185   302
 8908     658  2481   185   302
 8909    1376   302   185  2481
 8910     185  1401  1397   292
 8911     198   292  1397  1401
 8912     185   292  1397   198
 8913     374  1311  1373  1342
 8914    1342  1706  1373   374
 8915    1382  1868  1377  1394
 8916    1363  1706  1373  1342
 8917    1342  1311  1373   205
 8918     205  1311  1373  1346
 8919    1376  1706  1373   292
 8920    1375  1355  1377  1369
 8921    1344  1378  1345  1377
 8922    1867  1325  1377  1334
 8923     287  1706  1385  1363
 8924    1401  1706  1385   287
 8925     198  1383  1372   281
 8926     292  1706  1385  1401
 8927    1379   302  1372   281
 8928     302  1379  1372  1333
 8929    1342   381   201   287
 8930    1317  1868  1360   201
 8931     185   658  1372  1367
 8932    1325   374  1317  1360
 8933     374  1360   381  1317
 8934     374  1706  1373  1346
 8935    1346  1311  1373   374
 8936     287  1401  1382  1397
 8937    1382  1401   315  1396
 8938     287  1391  1382  1394
 8939    1868  1394  1382  1391
 8940     207   310   208  1338
 8941     185   281  1372   302
 8942    1375  1369  1377   211
 8943    1977  1378  1377   211
 8944    1355  1378  1377  1977
 8945    1355  1977  1377  1369
 8946     211  1369  1377  1977
 8947    1372  1383   199  1366
 8948     199  1366   207  1338
 8949    1399  1338   207  1366
 8950    1338  1398   207   310
 8951    1399  1398   207  1338
 8952    1399   310   207  1398
 8953     281  1399  1390  1379
 8954    1379  1383  1390   281
 8955    1372  1383  1390  1379
 8956    1366  1383  1390  1372
 8957    1372  1379  1390  1366
 8958     295  1365  1381  2445
 8959     295  1393  1381  1365
 8960     295  2395  1381  1393
 8961     187  2451   208  1356
 8962     180   628  1741   622
 8963     187  1356   208   310
 8964    1491   180  2092   628
 8965    2476   563   564   613
 8966    2395  1395  1381  1393
 8967    1356  1395  1381  2395
 8968    1889   622   191  2003
 8969    2340   645  1492  1739
 8970    2500  2476   613  2092
 8971    2090  2427   647   561
 8972    2096   170  1735   608
 8973     173   603  1492  2340
 8974     180  1894  1892   601
 8975    2096  1735  2342   203
 8976     628   673  1741   622
 8977    1460  1459  1883   613
 8978    1736   673   624   622
 8979     589  2428  2152   609
 8980     170   661  1735   203
 8981     167  1889   180  2005
 8982     167  1889  2005  1736
 8983     167  2290   180  1889
 8984     622  1889   180  2290
 8985    1492   645   172  1739
 8986     661   203   200  2446
 8987     601   563  1892  2092
 8988    1736  1889   180   622
 8989     563   141  1460   601
 8990    2446   661  2365   200
 8991     559   560  1458   561
 8992     189   203  2342  2446
 8993     673  1492   172   196
 8994    2003   622  2500  2290
 8995     141   638  1892  1491
 8996     601   141  1892   563
 8997    1735   668  2342  1739
 8998    2426  2500  2479  2290
 8999     624   655   191  1491
 9000    2198   189  2446   203
 9001    2476   563   200   140
 9002    1491   673  2092   624
 9003     628   673  2092  1491
 9004     661  2446  2365   191
 9005    1491   563  1892   141
 9006    2092   563  1892  1491
 9007    2198   173   189  2096
 9008     196   173  1492   189
 9009    2340  2318   173   603
 9010     655  1491  2365   200
 9011    2198   196  2446   189
 9012    2340   603  1492   645
 9013     668   189   172   173
 9014    1739   170   173  2340
 9015    2340  2252   173  2096
 9016    2340   170   173   567
 9017    2340   567   173  2252
 9018     608  2096   173  2252
 9019     608   170   173  2096
 9020     608   567   173   170
 9021    2252   567   173   608
 9022    1735   608   203  2096
 9023     629   668   172   645
 9024    1492  1739   172   170
 9025     655   172   668   196
 9026    1492   189   172   196
 9027    2003   200   191   661
 9028    2446   590   200  2198
 9029     655   196  2365  1491
 9030    2096   608   203   590
 9031     173  2096   668   189
 9032     170   608   203  1735
 9033     173   170  1735  2096
 9034     655   200  2365   191
 9035     196   655  2342   668
 9036     189   196  2342   668
 9037    2476  1491   200   563
 9038    2003   628  2500   622
 9039    2198  2096   203   590
 9040     189  2096   203  2198
 9041     203  1735  2342  2446
 9042    2096   668  2342  1735
 9043    1459  1894  1460   601
 9044     203   590  2446  2198
 9045     191   200  2365   661
 9046    2423   650   657   609
 9047    1670  1684  1968  1687
 9048    1735   661  2446   203
 9049     622  2290  2003  1889
 9050    1889   176   652  2367
 9051    1491   563  2476  2092
 9052     200  2476  2500  2003
 9053    1491   141   200   563
 9054     140   563   200   141
 9055    1491   196   200  2198
 9056     638  1488   200   140
 9057    2446  2198   200   196
 9058     561  1882  1727  1457
 9059     661   200  2500  2003
 9060    1491   638   200   141
 9061     140   141   200   638
 9062    1491  1488   200   638
 9063    2198  1488   200  1491
 9064     622   655   191   624
 9065    2003   622   191   624
 9066     622  2365   191   655
 9067     628   622  2003   673
 9068     624   673  2003   622
 9069    1457  2476   613  2479
 9070    2476   200   191  2003
 9071     200  1491   191   655
 9072    2476  1491   191   200
 9073    2092  1491   191  2476
 9074    2003   628   191  2092
 9075    2500  2092   191  2476
 9076    2003  2092   191  2500
 9077    2500  2476   191  2003
 9078    2003   624   191   673
 9079    2003   673   191   628
 9080    2092   673   191   624
 9081     628   673   191  2092
 9082    2423   635  2399   484
 9083    1738   648  1895   138
 9084    2098   481  1742  1500
 9085     609   484   607   657
 9086    2426  1889  2367  2290
 9087    1727  1459   647   621
 9088    1727   561   647  1459
 9089    1890   177   607  1895
 9090    2368  2428  1895   657
 9091     180  2500  2479   613
 9092    2426  2290  2479   180
 9093     613  1894  2479   180
 9094    2290   622  2479   180
 9095    2500   622  2479  2290
 9096    2500   180  2479   628
 9097     622   628  2479   180
 9098    2500   628  2479   622
 9099    2479  2427  2426  2090
 9100    1459   613  1460  1894
 9101     601  1894  1460   180
 9102     563   566  1460   141
 9103    2495  1480  2097   617
 9104    2364   650   657   666
 9105     601   180  1460   613
 9106     138   635    68  1738
 9107    1713    65  2250   649
 9108    1457   167   647  2090
 9109    2479   613  1459  1894
 9110    1459  2479  1883   613
 9111    2152   650   657  2364
 9112    2151   649  1482  2197
 9113    2152  2001  2364  2291
 9114     563   601  1460   613
 9115    2291  1482   178  2250
 9116     159  1485  2244   168
 9117     650   176  1743   666
 9118     657  2428   607   609
 9119     614   480   479  1711
 9120    1711   481  1500   157
 9121    2341   478   479   614
 9122    1890  2428   607   657
 9123    2090  1882  1726   561
 9124    1727  1882   139  1457
 9125    2368   625   657   644
 9126    1459  1894   621  2479
 9127     563   613  1460   564
 9128     564   566  1460   563
 9129    2479  1894   621   180
 9130     621  1459   647  1894
 9131    2426  2479  1883  1459
 9132    2426  1457  1883  2479
 9133     560  1882  1726   559
 9134    1738   484   635    68
 9135    2092   180   621  1894
 9136    2426  2290   621   167
 9137     180  2290   621  2426
 9138     180   167   621  2290
 9139    1459  2479   621  2426
 9140     180  2426   621  2479
 9141    2291   672  2001   177
 9142    2426   167   621  1457
 9143    1883  1727   621  1459
 9144    1883  1459   621  2426
 9145    1883  2426   621  1457
 9146    1883  1457   621  1727
 9147     559  1882  2147   560
 9148     560   561  1726  1882
 9149     559   561  1726   560
 9150    2427   561  1726   647
 9151    1458   559  1726   648
 9152    2152   589  2364  2001
 9153     561   559  1726  1458
 9154    1458   647  1726   561
 9155     652   669   188  1736
 9156    1481   190  2004   632
 9157    1713   483  1428   482
 9158     559   560  2147  1458
 9159    1882   559  2147  1726
 9160    2197    65  1713   649
 9161    1502   616  2248  2366
 9162     138   648   202  1726
 9163    1743  2423   650   666
 9164     138   635   202    68
 9165    1499  2368  1895  1458
 9166     596   657   672  2428
 9167     154  1482  2001   649
 9168     647  1895  1458  1499
 9169    2090   652  2367  2427
 9170     177  2197    66   607
 9171    2426   652  2367  1889
 9172    2090   167  2367   652
 9173    2427   652  2367  2426
 9174    2427   167  2367  2090
 9175     202   648  1743  2423
 9176     648   176  1743  2367
 9177     480  1711    66   479
 9178     178   672  2152  2291
 9179     202   138  1743   648
 9180    2250  2197  2151   609
 9181     176   188   644   666
 9182     178  1482   479  2250
 9183    1743   176   644   666
 9184     609   650  2152   589
 9185    2399   635  1428   484
 9186     484   635  1428   483
 9187    1726  2399   202   138
 9188     650  1743  2246  2423
 9189     482   483  1428   635
 9190     650   649   589  2246
 9191     482    65  1713   483
 9192     154   649  2001  1493
 9193     202   635  1428  2399
 9194    2399   138  1428   202
 9195    2097   594  1502  1737
 9196    1743   648  1895  2368
 9197     589  2246   609   650
 9198    1713  2399  2250  1428
 9199     589   649  2001   672
 9200     154  1493  2001  2291
 9201     589   649  2197  2246
 9202    1493   598  2291   154
 9203    2197   649  1482  2246
 9204     154  1493   634  1473
 9205    2399  1713  2250  2197
 9206    2423  2246   609  2197
 9207    2423   650   609  2246
 9208     478  2250   479  2151
 9209    1458   647  1499  1726
 9210     609  2399  2250  2197
 9211    1713   649  2250  2197
 9212     165  2439  2383   164
 9213    2250   649  2151  2197
 9214    1742   481  2288   665
 9215    2250  1713   478    65
 9216     480  1482   479   178
 9217     595   598  1500   626
 9218    2250   649  1482  2151
 9219     665   604   599    64
 9220    1891  1497  2244  2439
 9221     594  1504   664   617
 9222    1895   177   607  2428
 9223    1482   649   154  2246
 9224     178   596    66   480
 9225    1428   484   607  2399
 9226    1713   607   484    66
 9227     617   651   664  2495
 9228    2152  2428   657   609
 9229     176  2367  1499   627
 9230    2367   669   627   188
 9231     647  2427  1499  1726
 9232    1712  1493  1500  1898
 9233     160  2010   182   183
 9234     607   480    66   177
 9235    1493   614   480   154
 9236    1713    65    66   483
 9237    2439  1497  2244   159
 9238     154   598   157  1493
 9239    2399   484   607   609
 9240    2439  2244   164  2007
 9241    1712  1898  1500   481
 9242     160   169   639   667
 9243     667    64  2007   630
 9244    2428   672   626   178
 9245     589   650  2364   666
 9246     182   639   168  2010
 9247     178   596   626  2428
 9248     154   598   626   157
 9249    2250   649  2291  1482
 9250    1734  2415  2249   616
 9251    2142  1494  1481  1732
 9252     178   480   626   596
 9253    1482   480   626   178
 9254     178  2291   626  1482
 9255     154  1482   626  2291
 9256    1482   154   626   480
 9257     480   154   626   157
 9258     157   596   626   480
 9259    1896  1898  1473  2098
 9260     614  1711   479  2341
 9261    1891  1732  1497   654
 9262     178  2291   177   672
 9263     178   672   177  2428
 9264     595  1898  1896  2098
 9265     595  1493  1500   598
 9266     667   168   630  1485
 9267     178  2250   479   478
 9268     589   649   177  2197
 9269     672   649   177   589
 9270     589  2428   177   672
 9271    2246   589   177  2197
 9272    2151  1482   479   154
 9273     480   154   479  1482
 9274     625  2368   657   627
 9275     644   188   625   669
 9276     176   188   625   644
 9277    1743   176   625   644
 9278    2005   669   627   167
 9279    1743   648   625   176
 9280     176   188   627   625
 9281     609   484   657  2423
 9282     625   188   627   669
 9283     657   644  1895  2368
 9284    1741   627   167  2005
 9285     625  1741  2005   627
 9286    2367  2427  1499   167
 9287      68   635  1890   484
 9288     657   650  1895   666
 9289     480   481  1711   157
 9290     178   480    66   479
 9291    1726  2427  1499   648
 9292    1895    68  1890  1458
 9293     644  1743  2368   625
 9294     666  1743  1895  2368
 9295     644   666  2368  1743
 9296    1743   648  2368   625
 9297    2197  1713    66   607
 9298    1890  1738  1895   138
 9299     666   202  1895  1743
 9300    2197    65    66  1713
 9301    2331  1815  2053   906
 9302     627   669  1499   167
 9303    1743   138  1895   648
 9304     202    68  1890   138
 9305     657   484  1890  2423
 9306     202   635  1890    68
 9307    2423   635  1890   202
 9308    2008  1898  1473  1896
 9309     177   649    66  2197
 9310    2151   614   479   478
 9311     666  2423  1890   202
 9312    2439  2007   164   165
 9313    2090  2427  1499   647
 9314    2090   167  1499  2427
 9315     647   167  1499  2090
 9316    1890   202  1895   666
 9317    2423   666  1895   650
 9318    1890   666  1895  2423
 9319     657  2423  1895   650
 9320    1890  2423  1895   657
 9321     202   138  1895  1743
 9322    1890   138  1895   202
 9323     607  1713   484  1428
 9324    2399  1713   607  1428
 9325    2007   630  1893   667
 9326     177   589   607  2428
 9327    2246   589   607   177
 9328     589  2246   607   609
 9329     609  2428   607   589
 9330     177  2197   607  2246
 9331     609  2246   607  2197
 9332     609  2197   607  2399
 9333    2197  1713   607  2399
 9334    2010   183   604  1742
 9335    1482  2151   479  2250
 9336     479    65    66   478
 9337     479   478    66   178
 9338    2001   649    66   177
 9339     178  2250    66  2291
 9340     177  2291    66  2001
 9341     177   157    66   596
 9342     480   157    66   177
 9343     480   596    66   157
 9344     478  2250    66   178
 9345     478    65    66  2250
 9346    2291   649    66  2001
 9347    2291  2250    66   649
 9348      65   649    66  2250
 9349     667   169  1893   160
 9350     178   598   595   626
 9351     595   626  1500  2098
 9352     626   598  1500   596
 9353     157   598  1500  1493
 9354     595  1898  1500  1493
 9355    1898  1493   595   598
 9356     481   480  1742   157
 9357     595   481  1500  1898
 9358    2007   169  1893  2008
 9359     596   183  1742  1500
 9360    1711   157  1500  1493
 9361    2008   169  1893  1896
 9362    1494  1732  1745   632
 9363    1483   632  1891  2004
 9364    1712   481  1500  1711
 9365    2010   160   639   667
 9366    2008  1896  1473  2383
 9367    2243   662   664  1737
 9368    2098  1500   183   160
 9369    1742   183   169  2098
 9370     160  2098   169   183
 9371     159  2439   165  2289
 9372    2010   160   182   639
 9373    2243   662  2004  1745
 9374    1740   183   182  2010
 9375    1740  1481  2150  2142
 9376    1114   749   273  1092
 9377    1485   182  1496   168
 9378     654  1471  2004  2093
 9379     159   168  2244   599
 9380     595  2098  1896   169
 9381    2366   637  2248  1502
 9382    2439  1497   159  1891
 9383     481  1898  1473  1712
 9384     168   182   599  1490
 9385     662   594  1745  1504
 9386    1483  1732  1891   632
 9387    1745   651   197  2495
 9388    2199  2344  1747   636
 9389    2495  1478  1480   156
 9390    1747   619  2366   636
 9391    2142  2465  1481  1494
 9392     165  2007   164   604
 9393    1734   155  2249  2415
 9394     604  2010   599    64
 9395    1747   636  2366  1734
 9396    1497  1485   630  2244
 9397     875  1958  1111  1115
 9398     617  1504  2097   594
 9399    1737   616  2248  1502
 9400     594  1747  1502  1734
 9401    1734   616  2366  2415
 9402    1490  2142  2453  1740
 9403    1740  2142  2453  1496
 9404     168   639   599  2010
 9405    1742   183   604   169
 9406    1490  1496  2453  1485
 9407    2093  1481  2004  2142
 9408    1473  1482   634   154
 9409    1888   656  1480   156
 9410    1494  1496  2142  2465
 9411    1740   197  2150  1481
 9412    1497  1732   630  1485
 9413    2495   156  1480   612
 9414      64  2010   599   639
 9415    1888   156  1480  1478
 9416    1747   155  1734   619
 9417    1734  2415  2366   619
 9418     651   662  1745  1504
 9419    2007   630   165  2439
 9420     197  1479  2093  1481
 9421    2495   631   197   612
 9422    2495  1745  2093   197
 9423    1481  2495  2093   197
 9424    1745  1479   197   651
 9425     651   631   197  2495
 9426    1740  1490  2150  1496
 9427    1740   182  2150  2010
 9428    1745   651  2495   662
 9429    1471   662  2495   651
 9430    2150  2495  1481   197
 9431     612   631   197  1479
 9432    2495   612  1480   631
 9433     612   594  1480   631
 9434    1504   631  1480   594
 9435     651   631  1480  1504
 9436    2495   631  1480   651
 9437    1740  1485  2150   182
 9438    2142  1481  2150  1490
 9439    1745  1479  2093   197
 9440    2495  1471  2093   662
 9441    2495   662  2093  1745
 9442    1481  1479  2093   190
 9443    1891  1483  2244  1497
 9444    1745   190  2093  1479
 9445    1483   662  2004  2243
 9446     197  1481  1740  1479
 9447    2142  2465  1740  1481
 9448     612   619  1747   631
 9449     169  1742   665   604
 9450     168  2010   599   182
 9451    2142  1496  1740  2465
 9452    2465  1496  1740   182
 9453    1485   182  1740  1496
 9454    1485  1496  2150  1490
 9455    1740  1496  2150  1485
 9456     604   481   665  1712
 9457    1742   481   665   604
 9458    2383  1896  1473   481
 9459     165   604   164    63
 9460     595   598  1896  1898
 9461    1483  2243  2244  1497
 9462    1490   182   599  2150
 9463    1504   651   664   617
 9464    1262  2287  1431  1260
 9465     667  2010    64   639
 9466    2243  1471   664   662
 9467    1504   594  1747   631
 9468     594   617  1737  2097
 9469    1262  1431   498  1260
 9470    2366   616  2248  2415
 9471    2439  2244  2007   630
 9472    2243   664  2004  1483
 9473     654  2142  2004  1481
 9474     664  1471  2004   617
 9475    1737  2243  1483   664
 9476    2093  2142  2004   654
 9477     651  2495   617  1480
 9478    1480  1504   617   651
 9479    1504   631  1747   651
 9480    2008   630  1893  2007
 9481    2093  1471  2004  2243
 9482    2074   410  1248  1267
 9483    2329    61   385  1623
 9484     662  1732  1497  2243
 9485    2451  1703   158  1356
 9486    1471   662  2243  2093
 9487     654  2004   159  1891
 9488    2243  1471  2004   664
 9489    1483  1732  1497  1891
 9490     630    64   165  2289
 9491    1656   359  1124  1959
 9492    2453   654  2289   159
 9493    1490  1485   159   168
 9494    2093   662  2243  1745
 9495     159  2439  2289  2244
 9496    2244   599  2289   159
 9497    2383  1482   634  1473
 9498    2004   664  1891  1483
 9499    2288    63  2383   164
 9500     617  1737   616   664
 9501    1493  1898  1473  2008
 9502    1497  1485   159  2453
 9503    2244  1485   630   168
 9504     159  1497  2244  1485
 9505    2439  1483  2244  1891
 9506    2243  1732  1483   662
 9507      64  2453  2289   599
 9508    2453  1485   159  1490
 9509    1745  1732  1483   632
 9510     662  1732  1483  1745
 9511    2093   190  2004  1481
 9512    1745   632  2004   190
 9513    1483   632  2004  1745
 9514     164  2008  1473  2383
 9515    1481   632  1891  1732
 9516    2004   632  1891  1481
 9517    2004  1481  1891   654
 9518     654  2142  1891  1732
 9519    1481  2142  1891   654
 9520    1481  1732  1891  2142
 9521     159   599  2289  2453
 9522      63  2289   165    64
 9523    1712  2288   634  2383
 9524    1497  2453   159   654
 9525    1494  1732  1497  1485
 9526    1344   674  1294  1867
 9527    2453  1490   159   599
 9528    2453  1496  1497  1485
 9529    1494  1485  1497  1496
 9530    2142  1732  1497  1494
 9531     654  1732  1497  2142
 9532    1494  1496  1497  2142
 9533    2453  2142  1497  1496
 9534     654  2142  1497  2453
 9535     667   639   630   168
 9536     169  1742  1896  2008
 9537     164  2007  1473  2008
 9538    1344  1294  1378  1867
 9539     665   481  2288  1712
 9540    1378  1294  1359  1867
 9541     599   168   630   639
 9542    2244   168   630   599
 9543    2439  2244   630  2289
 9544    2007    64   165   630
 9545    2244   599   630  2289
 9546      64   639   630   667
 9547     169  1742  2008   665
 9548    2288  2341   634   614
 9549     599    64   630  2289
 9550     599   639   630    64
 9551    2288    63   164   665
 9552     154  1482   634  2151
 9553      64   604    63   665
 9554    2098   481  1896  1742
 9555     183   160  1893   169
 9556    2007   604  1893   169
 9557     183   169  1893   604
 9558     604   160  1893   183
 9559     667    64  1893  2007
 9560     604  2010  1893   160
 9561     667   160  1893  2010
 9562      64   667  1893  2010
 9563      64  2010  1893   604
 9564    1893   604   165    64
 9565    2007   604   165  1893
 9566    1893    64   165  2007
 9567     481  1712  1473  2383
 9568    2288   665   164  2008
 9569    2008   665   164   169
 9570    2008   169   164  2007
 9571      63   604   164   665
 9572    2007   169   164   604
 9573     665   604   164   169
 9574    2288    63   634  2383
 9575    1712  2383   634  1473
 9576    2383  2151   634  1482
 9577    2288   481  2383  1712
 9578     154  2151   634   614
 9579    2288  2008  2383  1742
 9580    2288  1742  2383   481
 9581    2383    63   634   165
 9582    1896   481  2383  1742
 9583    1896  1742  2383  2008
 9584    2250   614   634  2151
 9585    1712  2341   634  2288
 9586    2341  1712   634  1711
 9587    2341  1711   634   614
 9588    1711  1493   634   614
 9589    1712  1493   634  1711
 9590    1898  1712   634  1473
 9591    1898  1493   634  1712
 9592    1473  1493   634  1898
 9593     592   656  2249   161
 9594     637   636  2248  2094
 9595     656  2415  2249   155
 9596    1504   594  1734  1747
 9597    1344  1378  1377  1867
 9598     594   156  1747   612
 9599     612   631  1747   594
 9600     612   156  1747   155
 9601     612   155  1747   619
 9602    1502  2097  2249   156
 9603    1737   617  2249  2097
 9604    1734   619  2366  1747
 9605    2094   636  2366  1478
 9606     619  1478  2366   636
 9607     619   656  2366  1888
 9608     619  2415  2366   656
 9609    1703   158  2318   591
 9610    1478   619  2366  1888
 9611    2248   618  1733  2094
 9612    1480   594  1502  2097
 9613    1480   156  1502   594
 9614    2097   156  1502  1480
 9615    1502   616  2249  1737
 9616    1502  1737  2249  2097
 9617    1734  1747  2249   155
 9618     156   155  2249  1747
 9619    1502   156  2249  1747
 9620    1502  1747  2249  1734
 9621    1478  2094  2248  2366
 9622    1478  1888  2248  2094
 9623    2366  1888  2248  1478
 9624    2094   656  2248  2415
 9625    1888   656  2248  2094
 9626    2366  2415  2248   656
 9627    2366   656  2248  1888
 9628    1813   982   379  2327
 9629    1916  2477  2361  2101
 9630     658  1329  1324  1333
 9631    1633   575  1008  1403
 9632    1403  1008  1633   585
 9633     370   379  1813   981
 9634     659   660  2251   568
 9635     674  1975  1345  1294
 9636     968  2043   435   983
 9637    1518   686  2385   688
 9638     966   952   967   370
 9639     952   988   370   966
 9640     917   982   819  1773
 9641    1128  2186  1694  2185
 9642    1812  1806   436   920
 9643    1387  1707   289  1399
 9644    1294   206  1304   674
 9645     857   873  1785  1927
 9646    2018  2011   742   692
 9647    1454   546   873  2490
 9648    1647  1433  2131  1246
 9649     590  2476   200   140
 9650     406    90  2441  1128
 9651      85  1208   364  1434
 9652     798   277   296   767
 9653     827   829  1565   892
 9654     764   415  1296  1293
 9655    2067  1685  1856  2068
 9656     461  1759    42  1424
 9657    1132  2410  2236  1668
 9658    2058   395   392  1050
 9659     902   901   903  1783
 9660     908  1588  2042   352
 9661    1730  2363  1080   580
 9662    1909  1515  2385  1903
 9663    2296   771    28  1763
 9664     845  2353   874  2457
 9665     645  1349  1739  2251
 9666    2369  2412   257   473
 9667    1999  2363  1049  1080
 9668    1445    97  1280   514
 9669    2060  2279  1839  1092
 9670     670  1546   298   782
 9671    1774   296   300   798
 9672    1895    68  1738  1890
 9673     683   702  1915   246
 9674    2382  2359   526  2237
 9675    1189  2232    92   116
 9676    1314  2339  2232  2317
 9677    1909  2021   253   686
 9678    2179  1001  1816   384
 9679    1713   484   483    66
 9680     952   981   382  1609
 9681     981   952   382   370
 9682    1548   787   811  2165
 9683     766   787  2165   811
 9684     941  1807  2170  2045
 9685    1038  2213  1006   193
 9686    2240  2213  1006  1038
 9687    2034  1927   839   840
 9688     470    56    51  2293
 9689    2476   608   590   200
 9690     729  1258  1252  1126
 9691    2441  2222    90   406
 9692    1431   499  1987  2320
 9693    1719  1445   515    98
 9694    1549  2402   790  2300
 9695    1023   510   117  1081
 9696    1575  1931   322   340
 9697    2498   773  1474   805
 9698    1713   479   478    65
 9699      46  2259  2079    47
 9700    1101  1099   267  1096
 9701     516   517   520  1875
 9702      28  1769  2296  1422
 9703    2339   415   410  1267
 9704    1014  1002  1004  1639
 9705    2429   837  2303   868
 9706     492   491   493  1429
 9707     578   575  1887  1463
 9708    1267  1235  1248  2074
 9709    2389  1011  1631  1069
 9710     792   762   280  2261
 9711     792   762    20   280
 9712     772  1384   286   295
 9713    1569   321  2355  1574
 9714    1859  1229  1619  1214
 9715     359  1656  1837  2488
 9716     997  2173  2271  2419
 9717    2419  1632  2173  1821
 9718    2419  1632   997  2173
 9719    2490   540   539  1454
 9720      40   460   459   739
 9721    2364   178  2152  2291
 9722     990   936    15   313
 9723    1513  1512  2255  2257
 9724    2025   304  2026  2403
 9725     878   845   844   330
 9726    1474   670   768   671
 9727    1635   346  1087  2418
 9728    1057   346  1087  1635
 9729    1837   359  2063    54
 9730     359  1656    54  1837
 9731     938  1609  1773   963
 9732     837  1586  1585  1560
 9733    1723   536  1935  1879
 9734     187  1398  1393  1395
 9735    1546   670   671   782
 9736    1610   966  2122   988
 9737    1705  1325   374  1317
 9738     846   872  2326  2037
 9739     976  2192   380   965
 9740     342  2042  1588  1587
 9741    1230  1200  1201  1206
 9742     618  1498   640  2253
 9743    1713   484  1428   483
 9744    2090  1726   202  2427
 9745      42   746    46  1759
 9746     474   756  2103    59
 9747    2190   418  1857  1149
 9748     974  1945  2049   940
 9749    2357  1050  2058  1028
 9750    1641   125  2128  1051
 9751    1979   984  1611  2267
 9752     657   626   596   672
 9753    1419  2077   771  1982
 9754    1356  1398   187  2434
 9755      42   746  1759  2102
 9756    1325   374  1360  1342
 9757     829   827  1565   119
 9758    1672  2070  1681  1964
# Generated by ./tetgen /home/yuzhang/repos/Gaia/Data/mesh_models/ModelsDifferentRes/octopus/octopus_5KFaces.ply 
